{"par":{"B0":40.9679612684953,"A":80.9821445734116,"age":1.23105573430991,"theta":2.52778536457091,"prec":-0.812168693077075,"si":-0.777798079179205,"fallow":-0.723029839295099,"indig":-0.67312779427287,"last_fire":-0.646253954581929,"lulc_sum_15":-0.601180049729829,"lulc_sum_20":-0.559746647796871,"lulc_sum_21":-0.537662436072173,"lulc_sum_35":-0.515059691244916,"lulc_sum_39":-0.491929412718704,"lulc_sum_40":-0.468265227314171,"lulc_sum_41":-0.444063196111291,"lulc_sum_46":-0.419321631684865,"lulc_sum_47":-0.394040925252262,"lulc_sum_48":-0.257256678935644,"lulc_sum_62":-0.249610453062132,"lulc_sum_9":-0.239793229243765,"num_fires":-0.227917182348901,"protec":-0.214090248576348,"ecoreg.464":-0.240972645787308,"ecoreg.465":-0.220161903782765,"ecoreg.466":-0.197842794447057,"ecoreg.467":-0.174102640543888,"ecoreg.469":-0.14902535538789,"ecoreg.473":-0.122691558687815,"ecoreg.474":-0.091437350198665,"ecoreg.476":-0.0631483433798153,"ecoreg.480":-3.72269962448525,"ecoreg.481":0.676541769865592,"ecoreg.482":0.648094071499289,"ecoreg.484":0.624043321567486,"ecoreg.485":0.604158525116505,"ecoreg.490":0.588218384065904,"ecoreg.496":0.576010929143536,"ecoreg.497":0.567333165010776,"ecoreg.498":0.561990728122518,"ecoreg.503":0.55979755688184,"ecoreg.505":0.560575573664047,"ecoreg.507":0.564154378299141,"ecoreg.508":0.570370952615619,"ecoreg.511":0.579069375661873,"ecoreg.518":0.590100549234442,"ecoreg.529":0.603321933354866,"ecoreg.540":0.618597291349024,"ecoreg.567":0.635796444194512,"ecoreg.570":0.617969467505679,"ecoreg.584":0.641882814762176,"ecoreg.611":0.667206897602414,"soil.3":0.693839843224432,"soil.4":0.721684499252863,"soil.5":0.750648245680428,"soil.7":0.780642813745466,"soil.8":0.81158411150139,"soil.10":0.843392055842363,"soil.15":0.875990410757347,"soil.21":0.909306631592753,"soil.22":0.943271715111087,"soil.23":0.977820055140565,"soil.24":0.988493821703847,"soil.28":0.980830432047969,"soil.31":1.00172811699965,"soil.33":1.00645788569254,"soil.34":1.03551370379458},"value":422443870.199876,"counts":{"function":502,"gradient":"NA"},"convergence":1,"message":null}
