floodable_forests,biomass,sur_cover,quarter_biomass,quarter,ecoreg_biomass,dist,nearest_mature,cec,clay,cfvo,nitro,ocd,ocs,phh2o,sand,soc,mean_soil,mean_vpd,mean_temp,mean_def,mean_srad,mean_pr,mean_pdsi,mean_aet,num_fires,ecoreg,biome,indig,protec,topography,age,sd
0,,0.36031925678253174,267.0,4.0,238.0,1407.0,207.20408163265293,8311.8330078125,33.266666412353516,4.449999809265137,18322.43359375,22.549999237060547,4.699999809265137,4.5,45.36666488647461,19112.0,2530.0,0.76583331823349,26.887380599975586,205.31428571428572,1595.5771484375,2490.800048828125,0.8125476241111755,1107.2,1,508,1,0,0,31,3,
0,179.0,0.1288483440876007,267.0,4.0,238.0,6853.0,202.93877551020395,11391.6669921875,33.64444351196289,5.183333396911621,20741.833984375,23.77777671813965,4.866666793823242,4.699999809265137,44.49444580078125,22071.4453125,2460.1714285714284,0.774309515953064,26.946548461914062,208.68571428571428,1595.5452880859375,2482.6572265625,0.817380964756012,1107.3428571428572,1,508,1,0,0,21,19,86
0,140.0,0.0,267.0,4.0,238.0,6498.0,208.65306122448968,9409.3330078125,30.233333587646484,5.449999809265137,20043.93359375,24.899999618530273,5.0,4.883333206176758,48.61666488647461,21941.666015625,2466.885714285714,0.7950952649116516,26.99892807006836,209.4857142857143,1609.916259765625,2476.142822265625,0.8199762105941772,1120.9142857142858,1,508,1,0,0,41,11,59
0,210.0,0.3021664619445801,296.0,1.0,238.0,1314.0,212.85714285714275,8837.8330078125,28.100000381469727,4.849999904632568,16416.25,23.08333396911621,4.699999809265137,4.650000095367432,48.11666488647461,17931.0,2533.885714285714,0.7671428322792053,26.788333892822266,215.74285714285713,1619.8680419921875,2400.228515625,0.8371428847312927,1106.8857142857144,1,508,1,0,0,21,8,100
0,169.0,0.18814139068126678,267.0,4.0,238.0,5378.0,217.1632653061223,8105.16650390625,30.233333587646484,4.050000190734863,17051.6171875,22.399999618530273,4.900000095367432,4.550000190734863,49.96666717529297,17325.333984375,2554.9142857142856,0.7660475969314575,26.764286041259766,211.4857142857143,1610.4422607421875,2400.428466796875,0.8339999914169312,1104.6,1,508,1,0,0,31,2,63
0,97.0,0.2234891653060913,296.0,1.0,238.0,3137.0,219.1632653061223,9492.0,32.650001525878906,4.633333206176758,16908.150390625,22.633333206176758,4.900000095367432,4.683333396911621,45.733333587646484,20196.0,2521.4857142857145,0.7695714235305786,26.750951766967773,212.65714285714284,1608.8707275390625,2377.0,0.8186428546905518,1103.1142857142856,1,508,1,0,0,21,4,36
0,118.0,0.3192702531814575,296.0,1.0,238.0,1500.0,223.5714285714284,8106.888671875,32.43333435058594,4.338888645172119,16303.93359375,22.683332443237305,4.699999809265137,4.400000095367432,45.849998474121094,20035.0,2587.3142857142857,0.7655952572822571,26.71261978149414,213.11428571428573,1611.4593505859375,2352.39990234375,0.7869523763656616,1101.8857142857144,1,508,1,0,0,24,1,58
0,211.0,0.5553021430969238,296.0,1.0,238.0,1125.0,232.65306122448962,8257.0,34.03333282470703,5.016666889190674,14585.7998046875,22.83333396911621,4.800000190734863,4.599999904632568,42.93333435058594,16663.333984375,2543.542857142857,0.7600952386856079,26.651071548461914,219.34285714285716,1622.3482666015625,2324.199951171875,0.7803094983100891,1097.857142857143,1,508,1,0,0,42,7,80
0,,0.24173317849636078,296.0,1.0,238.0,1852.0,234.0612244897957,8084.83349609375,27.600000381469727,5.800000190734863,16347.43359375,23.233333587646484,4.699999809265137,4.733333110809326,48.266666412353516,23069.166015625,2593.2571428571428,0.7776904702186584,26.733095169067383,217.57142857142858,1622.5985107421875,2289.94287109375,0.7239285707473755,1104.0857142857142,1,508,1,0,0,31,4,
0,83.0,0.37514254450798035,296.0,1.0,238.0,1186.0,232.2653061224488,7488.0,28.116666793823242,5.349999904632568,15125.099609375,23.483333587646484,4.300000190734863,4.766666889190674,48.28333282470703,21882.0,2608.4,0.7809523940086365,26.726428985595703,217.34285714285716,1618.65380859375,2280.628662109375,0.7114999890327454,1102.4285714285713,3,508,1,0,0,41,3,31
0,259.0,0.10490307956933975,296.0,1.0,238.0,2673.0,228.99999999999983,9188.0,30.616666793823242,5.2833333015441895,18453.533203125,23.25,5.0,4.550000190734863,47.95000076293945,20120.5,2714.3142857142857,0.7889285683631897,26.791786193847656,227.94285714285715,1639.7930908203125,2212.971435546875,0.7047857046127319,1104.9714285714285,0,508,1,0,0,21,33,108
1,212.0,0.0,296.0,1.0,238.0,3674.0,225.69387755102022,8604.77734375,30.633333206176758,5.0,16105.171875,22.633333206176758,4.566666603088379,4.550000190734863,43.04999923706055,20319.388671875,2750.457142857119,0.7994920611381531,26.83543586730957,215.63809523808584,1613.83544921875,2217.17138671875,0.6251507997512817,1104.657142857156,0,508,1,0,0,21,35,89
0,294.0,0.14709235727787018,296.0,1.0,238.0,1449.0,215.9591836734692,7820.66650390625,28.28333282470703,9.149999618530273,16823.44921875,23.450000762939453,4.300000190734863,4.650000095367432,44.91666793823242,19988.166015625,2730.4,0.7823095321655273,26.599641799926758,222.25714285714287,1628.932861328125,2185.6572265625,0.6186190843582153,1097.2857142857142,0,508,1,0,0,42,29,117
0,275.0,0.3933865427970886,296.0,1.0,238.0,1347.0,213.1632653061223,8498.0,34.78333282470703,5.75,15414.2998046875,23.883333206176758,4.900000095367432,4.550000190734863,49.70000076293945,19099.0,2799.0,0.7764999866485596,26.48773765563965,221.0857142857143,1626.7838134765625,2162.82861328125,0.6026190519332886,1092.5428571428572,1,508,1,0,0,31,12,108
0,172.0,0.23261117935180664,296.0,1.0,238.0,4054.0,206.65306122448962,7854.83349609375,35.20000076293945,6.866666793823242,19153.283203125,24.633333206176758,4.699999809265137,4.900000095367432,43.400001525878906,22117.5,2816.657142857143,0.7734047770500183,26.40833282470703,231.71428571428572,1647.406494140625,2123.742919921875,0.5808095335960388,1090.6285714285714,3,508,1,0,0,21,11,67
0,103.0,0.02166476659476757,296.0,1.0,238.0,3951.0,199.38775510204061,6582.5,30.616666793823242,4.7833333015441895,16427.150390625,22.616666793823242,4.400000095367432,5.0,50.150001525878906,18418.0,2904.0285714285715,0.7949285507202148,26.62773895263672,226.28571428571428,1635.9210205078125,2107.28564453125,0.507190465927124,1097.0285714285715,0,508,1,0,0,21,2,40
0,57.0,0.5210946202278137,296.0,1.0,238.0,2264.0,193.24489795918353,7320.83349609375,35.31666564941406,6.0,17777.18359375,22.899999618530273,4.5,4.883333206176758,44.20000076293945,19390.666015625,2882.3714285714286,0.793666660785675,26.59404754638672,231.05714285714285,1641.8016357421875,2095.1142578125,0.5090000033378601,1093.9142857142858,2,508,1,0,0,21,2,24
0,157.0,0.21892815828323364,296.0,1.0,238.0,4961.0,187.87755102040805,12010.3330078125,30.71666717529297,8.183333396911621,16840.267578125,22.799999237060547,4.0,4.900000095367432,42.08333206176758,18997.166015625,2977.5714285714284,0.7861666679382324,26.54273796081543,226.54285714285714,1644.1114501953125,2067.685791015625,0.4248809516429901,1094.6857142857143,0,508,1,0,0,21,32,61
0,221.0,0.0,296.0,1.0,238.0,7757.0,185.9999999999999,7935.83349609375,29.850000381469727,10.166666984558105,16671.732421875,21.866666793823242,4.199999809265137,4.75,49.0,19150.0,2997.542857142857,0.7859047651290894,26.454286575317383,226.77142857142857,1641.3487548828125,2057.142822265625,0.38530951738357544,1090.942857142857,0,508,1,0,0,41,21,95
0,41.0,0.0,296.0,1.0,238.0,1671.0,188.83673469387745,7706.33349609375,33.75,6.7166666984558105,19215.25,21.96666717529297,4.300000190734863,5.0,46.599998474121094,20168.666015625,3239.457142857143,0.7762619256973267,26.226547241210938,224.31428571428572,1646.71435546875,2014.2572021484375,0.25569048523902893,1089.1714285714286,3,508,1,0,0,31,7,16
0,69.0,0.0,267.0,4.0,238.0,4687.0,190.89795918367335,7304.33349609375,29.316667556762695,5.4666666984558105,16724.416015625,23.21666717529297,4.199999809265137,5.0,47.25,19623.833984375,3388.0285714285715,0.7879999876022339,26.350595474243164,220.02857142857144,1640.483642578125,2017.199951171875,0.22221428155899048,1091.942857142857,0,508,1,0,0,21,5,26
0,232.0,0.09578107297420502,267.0,4.0,238.0,3549.0,194.5714285714284,8092.22216796875,35.483333587646484,10.433333396911621,17371.85546875,23.077777862548828,4.166666507720947,4.955555438995361,39.53333282470703,19616.0,3536.9142857142856,0.7846190333366394,26.2742862701416,222.4857142857143,1659.07275390625,1991.1142578125,0.1638571321964264,1096.1142857142856,0,508,1,0,0,31,25,90
0,218.0,0.48232612013816833,267.0,4.0,238.0,2005.0,198.89795918367335,11008.6669921875,38.849998474121094,6.050000190734863,20412.43359375,24.96666717529297,4.199999809265137,4.800000190734863,39.400001525878906,23138.833984375,3792.714285714286,0.7803571224212646,26.219524383544922,220.68571428571428,1663.2738037109375,1973.4571533203125,0.05547619238495827,1095.3714285714286,0,508,1,0,0,41,27,83
0,141.0,0.49030786752700806,267.0,4.0,238.0,1466.0,205.10204081632637,9444.7216796875,32.872222900390625,8.405555725097656,17145.150390625,23.0222225189209,3.9666666984558105,4.944444179534912,40.872222900390625,17735.27734375,3889.2571428571428,0.7849761843681335,26.303333282470703,216.88571428571427,1665.634033203125,1970.4000244140625,0.0287857037037611,1101.942857142857,1,508,1,0,0,31,27,60
0,254.0,0.0,267.0,4.0,238.0,2535.0,212.95918367346923,8698.5,35.733333587646484,5.066666603088379,18571.349609375,22.53333282470703,4.400000095367432,4.900000095367432,44.66666793823242,20844.666015625,4216.857142857143,0.788428544998169,26.332380294799805,205.42857142857142,1646.13427734375,1967.4000244140625,-0.11266667395830154,1101.142857142857,0,508,1,0,0,21,21,97
0,210.0,0.3033067286014557,267.0,4.0,238.0,2430.0,220.83673469387742,8547.5,33.233333587646484,7.599999904632568,17409.94921875,22.049999237060547,4.400000095367432,4.900000095367432,44.36666488647461,20020.333984375,4216.857142857143,0.788428544998169,26.332380294799805,205.42857142857142,1646.13427734375,1967.4000244140625,-0.11266667395830154,1101.142857142857,0,508,1,0,0,21,25,80
0,59.0,0.034207526594400406,267.0,4.0,238.0,2771.0,227.08163265306104,8703.6669921875,34.75,5.800000190734863,15808.599609375,20.983333587646484,3.9000000953674316,4.883333206176758,37.70000076293945,15639.6669921875,4330.457142857143,0.8210952281951904,26.644880294799805,217.88571428571427,1653.804931640625,1924.6571044921875,-0.2695237994194031,1101.7142857142858,0,508,1,0,1,41,10,29
0,279.0,0.04675028473138809,267.0,4.0,238.0,1449.0,233.8163265306121,8927.6669921875,38.5,6.016666889190674,15784.0,21.33333396911621,3.799999952316284,5.083333492279053,38.31666564941406,19783.666015625,4509.428571428572,0.8124762177467346,26.55023765563965,216.8,1667.4503173828125,1932.17138671875,-0.3301428556442261,1104.6857142857143,0,508,1,0,0,42,18,107
0,231.0,0.3705815374851227,267.0,4.0,238.0,1160.0,240.77551020408143,9798.4443359375,32.877777099609375,7.27222204208374,16742.27734375,20.9777774810791,4.066666603088379,4.699999809265137,40.77222442626953,18472.056640625,4572.085714285714,0.8093809485435486,26.516071319580078,216.17142857142858,1665.7686767578125,1932.17138671875,-0.36085712909698486,1102.6,1,508,1,0,0,31,25,90
0,177.0,0.473204106092453,267.0,4.0,238.0,1913.0,240.42857142857122,11340.22265625,36.03888702392578,6.900000095367432,16847.39453125,21.0,4.266666889190674,5.0,40.82222366333008,23472.056640625,4668.657142857143,0.8119999766349792,26.46368980407715,220.77142857142857,1669.329345703125,1914.199951171875,-0.47230952978134155,1098.4571428571428,0,508,1,1,0,42,25,74
0,206.0,0.530216634273529,267.0,4.0,238.0,5362.0,250.67346938775484,8571.5,40.83333206176758,7.599999904632568,18602.25,22.816667556762695,3.799999952316284,4.800000190734863,36.25,18935.5,4612.2,0.815666675567627,26.42571449279785,223.4,1666.2071533203125,1918.7427978515625,-0.5738332867622375,1093.4857142857143,3,508,1,1,0,21,3,90
0,120.0,0.6191562414169312,267.0,4.0,238.0,1143.0,249.7346938775508,8692.0,37.45000076293945,8.516666412353516,16899.400390625,21.83333396911621,4.099999904632568,4.75,40.68333435058594,18138.0,4574.8,0.8092857003211975,26.45571517944336,225.22857142857143,1681.32763671875,1927.857177734375,-0.5400238037109375,1098.2857142857142,4,508,1,1,0,21,5,60
0,251.0,0.7297605276107788,267.0,4.0,238.0,1542.0,245.69387755102017,10551.0,37.06666564941406,8.866666793823242,17844.333984375,21.200000762939453,4.199999809265137,4.900000095367432,38.900001525878906,18837.666015625,4515.342857142857,0.8178333640098572,26.535594940185547,228.22857142857143,1681.753173828125,1927.6856689453125,-0.620642900466919,1096.2285714285715,3,508,1,1,0,21,17,99
0,130.0,0.530216634273529,267.0,4.0,238.0,2511.0,245.69387755102017,13010.5,34.78333282470703,9.333333015441895,16929.69921875,21.383333206176758,3.5999999046325684,5.016666889190674,40.016666412353516,19961.5,4532.257142857143,0.8635237812995911,26.771785736083984,226.45714285714286,1659.6783447265625,1923.3428955078125,-0.7690237760543823,1094.9142857142858,3,508,1,1,0,21,3,50
0,154.0,0.8574686646461487,267.0,4.0,238.0,1121.0,235.16326530612227,10295.3330078125,38.53333282470703,7.5333333015441895,15992.93359375,20.41666603088379,3.799999952316284,4.800000190734863,30.450000762939453,18064.666015625,4383.314285714286,0.8407618999481201,26.63595199584961,242.31428571428572,1691.394287109375,1905.085693359375,-0.8167380690574646,1087.857142857143,0,508,1,1,0,21,4,59
0,151.0,0.19042189419269562,267.0,4.0,238.0,4482.0,228.06122448979576,8898.3330078125,30.78333282470703,8.183333396911621,15340.783203125,20.399999618530273,3.4000000953674316,4.900000095367432,38.86666488647461,16458.666015625,4514.6,0.8545952439308167,26.709285736083984,230.54285714285714,1658.8038330078125,1922.771484375,-0.9590476155281067,1082.5142857142857,4,508,1,1,0,21,1,68
0,157.0,0.202964648604393,267.0,4.0,238.0,7521.0,212.87755102040808,9215.5,30.366666793823242,8.800000190734863,15673.599609375,20.950000762939453,3.4000000953674316,4.900000095367432,38.13333511352539,17710.5,4577.857142857143,0.8476190567016602,26.691070556640625,228.14285714285714,1660.9439697265625,1940.5142822265625,-0.9275476336479187,1082.1714285714286,5,508,1,1,0,21,8,61
0,161.0,0.11858608573675156,267.0,4.0,238.0,14644.0,212.87755102040808,12180.0,31.950000762939453,7.383333206176758,15910.56640625,20.450000762939453,3.299999952316284,4.983333110809326,39.983333587646484,17076.333984375,4699.257142857143,0.8773809671401978,26.87928581237793,237.2,1672.4403076171875,1942.17138671875,-0.9968809485435486,1085.8857142857144,1,508,1,0,0,42,20,71
0,140.0,0.0,267.0,4.0,238.0,30241.0,175.46938775510193,11782.6669921875,41.13333511352539,7.883333206176758,15035.8662109375,21.066667556762695,2.9000000953674316,5.0,30.450000762939453,15734.1669921875,4911.371428571429,0.8924762010574341,26.92464256286621,240.4,1672.6741943359375,1922.4857177734375,-1.0754047632217407,1084.5142857142857,2,508,1,0,0,31,6,54
0,72.0,0.3192702531814575,267.0,4.0,238.0,32767.0,165.36734693877534,9772.6669921875,35.016666412353516,6.900000095367432,14283.2666015625,20.58333396911621,3.0,5.0,35.983333587646484,17466.0,5146.657142857143,0.9190000295639038,27.033809661865234,242.85714285714286,1675.409423828125,1917.6856689453125,-1.214809536933899,1085.7428571428572,1,508,1,0,0,21,18,31
0,154.0,0.07639680802822113,267.0,4.0,238.0,32767.0,152.22448979591826,9137.22265625,40.86666488647461,7.7833333015441895,13971.2001953125,19.899999618530273,3.0999999046325684,5.016666889190674,31.666667938232422,22301.111328125,5222.2,0.9368095397949219,27.13678550720215,245.0857142857143,1681.6474609375,1923.5999755859375,-1.295285701751709,1090.8285714285714,3,508,1,0,0,41,16,71
0,105.0,0.5404788851737976,267.0,4.0,238.0,32767.0,149.32653061224485,11172.0,32.38333511352539,9.449999809265137,15944.966796875,19.933332443237305,3.4000000953674316,5.0,35.516666412353516,16988.5,5180.085714285714,0.923285722732544,27.084047317504883,243.37142857142857,1697.4078369140625,1939.4857177734375,-1.2304999828338623,1097.2571428571428,1,508,1,0,0,41,10,56
0,49.0,0.11288483440876007,267.0,4.0,238.0,32767.0,125.71428571428568,12281.3330078125,33.58333206176758,9.733333587646484,14495.8330078125,19.950000762939453,3.200000047683716,5.0,32.13333511352539,15855.8330078125,5053.914285714286,0.9448094964027405,27.152023315429688,247.31428571428572,1702.631103515625,1939.914306640625,-1.3383570909500122,1099.057142857143,2,508,1,0,0,31,6,19
0,79.0,0.3797035217285156,267.0,4.0,238.0,32767.0,122.97959183673467,11361.3330078125,39.68333435058594,10.899999618530273,15945.9501953125,20.91666603088379,3.4000000953674316,5.0,34.11666488647461,19525.0,4997.685714285714,0.9423333406448364,27.153810501098633,248.9142857142857,1703.67138671875,1937.94287109375,-1.3125,1094.5142857142857,4,508,1,0,0,24,1,37
0,49.0,0.0,267.0,4.0,238.0,32767.0,121.08163265306116,13042.6669921875,34.599998474121094,10.050000190734863,14130.6162109375,20.316667556762695,3.5999999046325684,5.016666889190674,28.483333587646484,17002.666015625,4860.6,0.9682618975639343,27.234046936035156,260.57142857142856,1721.843505859375,1893.94287109375,-1.4444524049758911,1097.8857142857144,2,508,1,0,0,34,5,21
0,79.0,0.3990877866744995,267.0,4.0,238.0,32767.0,121.32653061224481,18417.5,34.5,14.699999809265137,16732.18359375,19.950000762939453,3.5,5.0,25.233333587646484,20672.0,4666.857142857143,0.995119035243988,27.364404678344727,274.8,1745.5133056640625,1844.4857177734375,-1.5518332719802856,1099.942857142857,3,508,1,0,1,31,19,34
0,,0.0057012541219592094,267.0,4.0,238.0,32767.0,121.38775510204067,17685.166015625,37.04999923706055,13.316666603088379,14704.2666015625,20.700000762939453,3.799999952316284,5.0,25.366666793823242,31297.166015625,4585.371428571429,1.003000020980835,27.429643630981445,289.48571428571427,1775.67626953125,1804.028564453125,-1.6040476560592651,1104.7428571428572,0,508,1,0,1,34,18,
0,,0.0,267.0,4.0,238.0,32767.0,124.06122448979576,20522.5,36.83333206176758,11.666666984558105,16603.599609375,20.700000762939453,3.799999952316284,5.366666793823242,25.25,24116.0,4753.314285714286,1.0506190061569214,27.61797523498535,291.51428571428573,1755.8206787109375,1743.4857177734375,-1.850690484046936,1097.4,1,508,1,0,1,24,6,
0,62.0,0.0,267.0,4.0,238.0,32767.0,126.57142857142838,14127.888671875,38.36111068725586,13.233333587646484,12454.1943359375,20.30555534362793,3.799999952316284,5.0,21.600000381469727,20159.0,4729.571428571428,1.0507142543792725,27.611190795898438,319.6857142857143,1815.28369140625,1671.2857666015625,-1.980047583580017,1103.1714285714286,0,508,1,0,1,34,11,25
0,,0.16419611871242523,267.0,4.0,149.0,32767.0,129.10416666666643,15676.3896484375,39.07777786254883,12.455554962158203,16415.671875,19.60555648803711,3.7333333492279053,5.199999809265137,24.661109924316406,29053.5,4786.4,1.0532618761062622,27.600833892822266,315.8285714285714,1804.4544677734375,1629.82861328125,-2.119452476501465,1099.7428571428572,0,540,1,0,1,21,10,
0,,0.014823260717093945,267.0,4.0,149.0,32767.0,130.5106382978721,18810.0,35.79999923706055,11.733333587646484,16971.1328125,21.25,4.800000190734863,5.116666793823242,24.83333396911621,28300.666015625,5082.371428571429,1.0611428022384644,27.625595092773438,293.48571428571427,1755.892578125,1655.2572021484375,-2.059000015258789,1097.2,2,540,1,0,1,34,6,
0,,0.0,267.0,4.0,149.0,32767.0,130.8043478260867,21120.333984375,36.96666717529297,10.483333587646484,20649.833984375,21.883333206176758,4.099999904632568,5.550000190734863,26.983333587646484,38289.0,5191.2,1.0577143430709839,27.621309280395508,296.2857142857143,1770.5572509765625,1668.971435546875,-2.0532619953155518,1106.4857142857143,10,540,1,0,0,24,7,
0,,0.042189281433820724,267.0,4.0,149.0,32767.0,132.91836734693854,16972.0,35.0,13.766666412353516,15850.2998046875,19.883333206176758,3.9000000953674316,4.949999809265137,25.383333206176758,23899.333984375,5257.114285714286,1.0604047775268555,27.611072540283203,299.0285714285714,1760.135986328125,1725.142822265625,-2.0318334102630615,1099.3714285714286,0,540,1,0,0,24,9,
0,65.0,0.12314709275960922,267.0,4.0,149.0,32767.0,132.48979591836712,15257.6669921875,24.299999237060547,14.716666221618652,14766.7998046875,20.21666717529297,3.700000047683716,5.199999809265137,39.93333435058594,21539.333984375,5258.5142857142855,1.0562143325805664,27.513452529907227,306.48571428571427,1774.622314453125,1769.17138671875,-2.038238048553467,1098.142857142857,2,540,1,0,0,21,13,25
1,36.0,0.0,286.0,2.0,285.0,10946.0,262.9387755102039,,26.983333587646484,3.0,,26.899999618530273,5.400000095367432,4.699999809265137,19.016666412353516,,457.8857142857143,0.562166690826416,26.243690490722656,7.514285714285714,1330.697509765625,2822.45703125,-0.7993571162223816,1045.057142857143,0,496,1,1,0,34,6,12
1,97.0,0.017103763297200203,286.0,2.0,285.0,8125.0,265.142857142857,14248.5,27.200000762939453,1.0166666507720947,23397.349609375,27.183332443237305,5.400000095367432,4.133333206176758,22.149999618530273,27392.0,477.54285714285714,0.5718333125114441,26.314167022705078,7.714285714285714,1329.959716796875,2776.228515625,-0.7054286003112793,1047.142857142857,0,496,1,0,0,41,15,34
1,131.0,0.0,286.0,2.0,285.0,9388.0,264.34693877551,15012.0,28.416667938232422,2.777777671813965,25303.611328125,29.47222137451172,5.666666507720947,4.233333110809326,20.600000381469727,43170.77734375,471.2857142857143,0.5771666765213013,26.31464385986328,6.857142857142857,1316.963134765625,2808.1142578125,-0.6365476250648499,1041.6,0,496,1,0,0,42,12,60
1,111.0,0.11402508616447449,286.0,2.0,285.0,3827.0,262.9183673469386,15370.6669921875,31.649999618530273,0.949999988079071,22837.69921875,27.566667556762695,5.900000095367432,4.133333206176758,24.016666412353516,26095.5,482.77142857142854,0.5805476307868958,26.36142921447754,8.0,1321.1728515625,2773.199951171875,-0.527999997138977,1044.142857142857,0,496,1,0,0,41,15,39
0,162.0,0.5507411360740662,286.0,2.0,285.0,1297.0,245.10204081632637,14975.8330078125,40.25,4.483333110809326,20716.25,26.28333282470703,5.699999809265137,4.183333396911621,27.450000762939453,28381.333984375,580.8,0.6253571510314941,26.61214256286621,6.857142857142857,1329.3258056640625,2871.742919921875,-0.25880953669548035,1063.5142857142857,0,496,1,0,1,21,18,56
0,182.0,0.36830103397369385,286.0,2.0,296.0,1649.0,249.142857142857,16676.333984375,40.70000076293945,2.0999999046325684,21470.6328125,26.850000381469727,5.900000095367432,4.183333396911621,20.149999618530273,37079.83203125,640.0,0.6374762058258057,26.6778564453125,6.285714285714286,1320.920654296875,2896.085693359375,-0.17483332753181458,1061.4857142857143,0,474,1,1,0,21,20,74
1,244.0,0.0,286.0,2.0,296.0,6841.0,249.142857142857,14734.3330078125,35.516666412353516,4.0333333015441895,24730.966796875,28.83333396911621,7.199999809265137,4.75,21.616666793823242,45927.33203125,817.2,0.6795238256454468,27.079404830932617,10.657142857142857,1337.12060546875,2911.94287109375,0.07240475714206696,1077.8857142857144,0,474,1,0,1,34,13,86
1,196.0,0.21094641089439392,286.0,2.0,296.0,2378.0,248.93877551020393,15138.388671875,34.616668701171875,3.7555556297302246,18171.283203125,26.69999885559082,5.599999904632568,4.1888885498046875,29.072221755981445,22365.0,811.5428571428571,0.6823333501815796,27.092500686645508,10.542857142857143,1334.632568359375,2916.82861328125,0.08523809909820557,1077.3428571428572,0,474,1,0,1,21,25,76
0,201.0,0.6955530047416687,286.0,2.0,296.0,1070.0,261.9387755102039,13404.6669921875,33.266666412353516,6.416666507720947,17146.93359375,25.91666603088379,4.900000095367432,4.150000095367432,27.450000762939453,24617.333984375,728.0,0.6627143025398254,27.127500534057617,12.628571428571428,1347.08251953125,2924.28564453125,0.10547618567943573,1079.9714285714285,0,474,1,0,0,42,13,90
0,74.0,0.4047890603542328,286.0,2.0,296.0,2641.0,262.2448979591835,14656.1669921875,36.03333282470703,5.5333333015441895,23275.833984375,27.33333396911621,4.699999809265137,4.25,21.71666717529297,25586.5,721.3714285714286,0.664904773235321,27.191308975219727,13.17142857142857,1350.655029296875,2914.628662109375,0.1081666499376297,1083.2,0,474,1,0,0,31,2,30
0,167.0,0.9087799191474915,286.0,2.0,296.0,1263.0,245.81632653061212,13014.5,37.61666488647461,5.816666603088379,19695.099609375,26.383333206176758,5.0,4.150000095367432,20.66666603088379,21894.0,700.9142857142857,0.6528095006942749,27.15654754638672,15.0,1360.4383544921875,2862.685791015625,0.16480952501296997,1084.3714285714286,0,474,1,0,0,31,7,62
0,147.0,0.5940706729888916,286.0,2.0,285.0,3233.0,240.95918367346917,13081.5,38.70000076293945,4.650000095367432,17345.982421875,24.83333396911621,4.800000190734863,4.099999904632568,19.233333587646484,25565.833984375,715.3428571428572,0.6497142910957336,27.163095474243164,16.885714285714286,1368.3419189453125,2797.60009765625,0.17526189982891083,1086.8285714285714,0,496,1,0,0,31,13,50
0,168.0,0.24629418551921844,286.0,2.0,285.0,6915.0,240.95918367346917,17058.666015625,34.46666717529297,5.099999904632568,18786.5,26.133333206176758,6.5,4.199999809265137,17.03333282470703,39498.33203125,718.7142857142857,0.6482619047164917,27.19845199584961,17.62857142857143,1375.6947021484375,2776.228515625,0.22535714507102966,1090.6285714285714,0,496,1,0,0,21,13,56
1,216.0,0.0,286.0,2.0,285.0,15465.0,235.7346938775509,12551.0,33.20000076293945,4.583333492279053,16559.400390625,25.450000762939453,5.400000095367432,4.083333492279053,16.733333587646484,55639.66796875,726.9714285714285,0.6453571319580078,27.316667556762695,21.257142857142856,1382.8946533203125,2691.771484375,0.2608095109462738,1092.6,0,496,1,0,0,21,35,83
1,181.0,0.0,286.0,2.0,285.0,19790.0,228.51020408163257,12641.1669921875,33.36666488647461,3.866666555404663,16252.3837890625,24.316667556762695,5.400000095367432,4.083333492279053,9.149999618530273,43504.5,741.0285714285715,0.6419761776924133,27.26714324951172,21.257142857142856,1373.7945556640625,2672.314208984375,0.30728569626808167,1085.6285714285714,0,496,1,0,0,34,35,66
1,225.0,0.0,286.0,2.0,285.0,19950.0,228.51020408163257,12684.8330078125,32.18333435058594,3.366666555404663,17460.80078125,24.933332443237305,5.300000190734863,4.183333396911621,9.166666984558105,45351.66796875,741.0285714285715,0.6419761776924133,27.26714324951172,21.257142857142856,1373.7945556640625,2672.314208984375,0.30728569626808167,1085.6285714285714,0,496,1,0,0,41,35,88
1,122.0,0.0,286.0,2.0,285.0,21535.0,228.3265306122448,11662.0,31.633333206176758,2.75,15153.7001953125,23.16666603088379,5.0,4.0333333015441895,19.866666793823242,73384.0,748.9142857142857,0.6448571681976318,27.29619026184082,23.514285714285716,1379.481201171875,2622.800048828125,0.32938095927238464,1087.857142857143,0,496,1,0,0,41,33,46
0,7.0,0.0,286.0,2.0,285.0,15094.0,225.99999999999983,14011.6669921875,32.25,4.366666793823242,19363.94921875,25.633333206176758,5.199999809265137,4.333333492279053,17.516666412353516,57306.33203125,756.2,0.6533571481704712,27.34166717529297,24.857142857142858,1385.149169921875,2594.428466796875,0.3225000202655792,1091.8,0,496,1,0,1,34,1,2
1,175.0,0.0,286.0,2.0,285.0,14019.0,231.93877551020395,,,,,,,,,39443.0,776.8285714285714,0.6463333368301392,27.302738189697266,28.857142857142858,1392.5208740234375,2518.800048828125,0.3467142879962921,1089.8857142857144,0,496,1,0,0,34,26,71
0,128.06757616534784,0.40136829018592834,286.0,2.0,248.0,1494.0,246.63265306122437,12838.6669921875,29.950000762939453,4.333333492279053,31216.716796875,24.53333282470703,4.300000190734863,4.050000190734863,17.266666412353516,24439.166015625,855.6857142857143,0.623452365398407,27.19499969482422,37.0,1413.8936767578125,2365.28564453125,0.4198809266090393,1088.8,0,473,1,0,0,21,26,57
0,198.0,0.6396807432174683,286.0,2.0,248.0,1662.0,246.63265306122437,13621.0,33.016666412353516,4.349999904632568,35869.8984375,24.683332443237305,4.5,4.083333492279053,19.116666793823242,21813.333984375,869.0571428571428,0.6179999709129333,27.12226104736328,37.68571428571428,1413.1597900390625,2349.257080078125,0.4187142848968506,1085.2857142857142,0,473,1,0,0,31,26,86
0,169.0,0.3226909935474396,286.0,2.0,248.0,2168.0,256.7755102040815,14030.5,37.58333206176758,3.5333333015441895,16050.533203125,23.983333587646484,4.699999809265137,4.133333206176758,19.71666717529297,33055.0,999.2571428571429,0.616690456867218,27.111190795898438,37.97142857142857,1424.2784423828125,2443.6572265625,0.2290952503681183,1091.4285714285713,0,473,1,0,0,31,1,58
1,227.0,0.1413911134004593,286.0,2.0,248.0,1681.0,256.7959183673468,12822.3330078125,37.78333282470703,3.2666666507720947,17875.017578125,22.850000381469727,4.599999904632568,4.083333492279053,23.33333396911621,25862.0,1025.2857142857142,0.6108333468437195,27.098215103149414,39.0,1435.2171630859375,2440.28564453125,0.24252381920814514,1096.0857142857142,0,473,1,0,0,41,26,70
0,245.0,0.24059292674064636,286.0,2.0,248.0,3207.0,257.73469387755085,13851.1669921875,35.43333435058594,4.116666793823242,16963.533203125,24.21666717529297,4.5,4.050000190734863,14.916666984558105,29859.166015625,1053.6571428571428,0.6122857332229614,27.079761505126953,37.97142857142857,1429.17529296875,2468.685791015625,0.2941190302371979,1093.057142857143,0,473,1,0,0,31,30,78
0,323.0,0.5815279483795166,286.0,2.0,248.0,1926.0,258.9591836734692,14915.6669921875,32.21666717529297,2.7333333492279053,17305.666015625,24.116666793823242,5.099999904632568,4.0,23.25,29008.833984375,1045.7142857142858,0.6134999990463257,27.11321449279785,39.02857142857143,1443.2747802734375,2469.199951171875,0.2116190493106842,1101.6285714285714,0,473,1,0,0,41,9,120
1,190.0,0.23831242322921753,286.0,2.0,248.0,2003.0,258.4489795918365,13588.1669921875,34.03333282470703,2.8499999046325684,17758.666015625,22.58333396911621,4.699999809265137,4.166666507720947,24.233333587646484,30819.666015625,1114.142857142857,0.6071904897689819,27.00345230102539,37.22857142857143,1433.1356201171875,2553.45703125,0.22285713255405426,1093.9714285714285,1,473,1,0,0,21,1,61
0,311.0,0.9441276788711548,286.0,2.0,248.0,1060.0,259.816326530612,13782.3330078125,32.29999923706055,1.7666666507720947,16936.966796875,23.133333206176758,5.199999809265137,4.183333396911621,21.566667556762695,31784.333984375,1113.4285714285713,0.6100000143051147,26.9858341217041,35.94285714285714,1433.6607666015625,2567.05712890625,0.1909523755311966,1095.6571428571428,0,473,1,0,0,42,30,140
0,271.0,0.9441276788711548,286.0,2.0,248.0,1082.0,240.9795918367346,14164.0556640625,36.122222900390625,1.9833333492279053,15775.85546875,22.0,4.5333333015441895,4.344444751739502,27.22222328186035,19594.9453125,1476.8857142857144,0.6728571653366089,27.15869140625,59.08571428571429,1437.83935546875,2649.857177734375,-0.001333325868472457,1087.5428571428572,0,473,1,0,0,24,35,123
1,234.0,0.0034207524731755257,286.0,2.0,248.0,2285.0,238.9183673469387,20226.666015625,34.233333587646484,4.949999809265137,21909.68359375,22.733333587646484,4.900000095367432,4.483333110809326,15.133333206176758,60350.5,1500.057142857143,0.6805952191352844,27.204166412353516,64.68571428571428,1436.8656005859375,2632.6572265625,0.025071408599615097,1083.4285714285713,0,473,1,0,0,41,29,92
0,220.0,0.9350057244300842,286.0,2.0,248.0,1079.0,237.69387755102028,12948.3330078125,28.433332443237305,2.683333396911621,18159.767578125,22.41666603088379,4.699999809265137,4.2833333015441895,21.066667556762695,20525.333984375,1541.0285714285715,0.6800714135169983,27.168453216552734,68.8,1433.30615234375,2628.914306640625,0.04176190122961998,1076.6857142857143,0,473,1,0,0,41,26,100
0,218.0,0.2770809531211853,286.0,2.0,248.0,1434.0,232.85714285714272,11769.6669921875,35.86666488647461,1.8333333730697632,17578.43359375,22.483333587646484,4.599999904632568,4.183333396911621,23.116666793823242,19736.666015625,1569.3428571428572,0.684666633605957,27.155357360839844,75.74285714285715,1433.1165771484375,2610.771484375,0.023119043558835983,1070.8285714285714,2,473,1,0,0,34,2,81
0,188.0,0.18586088716983795,286.0,2.0,248.0,2022.0,232.85714285714272,12600.3330078125,34.43333435058594,2.066666603088379,18839.099609375,23.33333396911621,5.099999904632568,4.083333492279053,22.049999237060547,19758.666015625,1584.142857142857,0.6902381181716919,27.194286346435547,78.34285714285714,1429.9566650390625,2601.571533203125,0.04000000283122063,1068.0,2,473,1,0,0,24,2,63
1,164.0,0.019384264945983887,286.0,2.0,271.0,5513.0,227.7755102040815,15243.8330078125,34.13333511352539,2.066666603088379,20494.06640625,25.450000762939453,6.099999904632568,4.383333206176758,15.233333587646484,25900.166015625,1628.5714285714287,0.7276666760444641,27.424047470092773,89.17142857142858,1432.6380615234375,2520.28564453125,0.046785708516836166,1067.8285714285714,0,482,1,0,0,21,4,66
1,230.0,0.0011402508243918419,286.0,2.0,271.0,5434.0,223.7551020408162,,,,,,,,,37545.33203125,1643.6,0.7263571619987488,27.399999618530273,91.42857142857143,1434.146728515625,2488.028564453125,0.08128571510314941,1066.2571428571428,0,482,1,0,0,21,30,96
0,153.0,0.18129988014698029,286.0,2.0,271.0,7108.0,221.38775510204064,12661.0,37.266666412353516,2.75,18538.482421875,22.816667556762695,5.800000190734863,4.183333396911621,26.116666793823242,24904.0,1747.2,0.7175714373588562,27.293094635009766,96.08571428571429,1432.5714111328125,2395.085693359375,0.13207142055034637,1056.9714285714285,0,482,1,0,0,21,35,55
1,181.0,0.09578107297420502,286.0,2.0,271.0,11744.0,219.16326530612224,12294.8330078125,33.58333206176758,1.0499999523162842,19104.900390625,21.549999237060547,4.699999809265137,4.25,16.483333587646484,21075.333984375,1801.2571428571428,0.7241190671920776,27.331310272216797,102.88571428571429,1434.9432373046875,2335.17138671875,0.1581190675497055,1053.0857142857142,0,482,1,0,0,31,2,74
0,154.0,0.028506271541118622,286.0,2.0,248.0,11541.0,217.12244897959164,11613.8330078125,29.633333206176758,2.0166666507720947,20020.400390625,23.816667556762695,4.900000095367432,4.300000190734863,20.683332443237305,22821.5,1797.3142857142857,0.7289761900901794,27.395000457763672,113.2,1449.66845703125,2274.571533203125,0.15116667747497559,1053.3142857142857,1,473,1,0,0,21,2,53
0,221.0,0.4914481043815613,286.0,2.0,248.0,4391.0,217.81632653061203,10780.8330078125,43.33333206176758,2.5833332538604736,16701.43359375,21.25,4.900000095367432,4.099999904632568,29.850000381469727,18055.0,1908.1142857142856,0.7129523754119873,27.21500015258789,105.17142857142858,1426.9967041015625,2285.514404296875,0.2004285603761673,1042.0857142857142,2,473,1,0,0,21,29,81
0,203.0,0.2223489135503769,286.0,2.0,248.0,13150.0,217.6326530612243,13143.5556640625,39.53889083862305,3.549999952316284,18893.060546875,22.594444274902344,4.933333396911621,4.399999618530273,21.594444274902344,27642.0,1947.7714285714285,0.7270714044570923,27.340713500976562,115.77142857142857,1438.9808349609375,2197.314208984375,0.22961904108524323,1042.8857142857144,0,473,1,0,1,21,26,76
0,123.0,0.0877993181347847,286.0,2.0,248.0,6157.0,219.0612244897957,10078.0,36.56666564941406,1.9333332777023315,18054.900390625,20.683332443237305,4.400000095367432,4.199999809265137,13.583333015441895,17910.166015625,2094.7428571428572,0.7365000247955322,27.30714225769043,105.05714285714286,1421.2320556640625,2259.28564453125,0.2791904807090759,1044.2571428571428,0,473,1,0,1,21,30,49
1,188.0,0.02166476659476757,296.0,3.0,248.0,14749.0,222.06122448979573,15253.6669921875,33.36666488647461,2.299999952316284,19360.283203125,21.899999618530273,4.300000190734863,4.25,14.666666984558105,23367.833984375,2111.8285714285716,0.7347857356071472,27.32797622680664,112.91428571428571,1430.83203125,2207.8857421875,0.2921190559864044,1042.3428571428572,1,473,1,0,1,24,30,73
0,139.0,0.0877993181347847,296.0,3.0,248.0,20048.0,227.87755102040808,12473.4443359375,34.93888854980469,2.8111112117767334,18573.060546875,21.927778244018555,4.666666507720947,4.633333683013916,11.13888931274414,23741.0546875,2267.8,0.7286666631698608,27.26011848449707,104.02857142857142,1420.3529052734375,2255.54296875,0.31769049167633057,1042.7142857142858,0,473,1,0,1,31,16,50
0,128.0,0.30786773562431335,296.0,3.0,248.0,20815.0,230.5306122448979,12046.3330078125,41.266666412353516,2.183333396911621,17180.69921875,21.41666603088379,4.800000190734863,4.150000095367432,24.566667556762695,19749.166015625,2267.8,0.7286666631698608,27.26011848449707,104.02857142857142,1420.3529052734375,2255.54296875,0.31769049167633057,1042.7142857142858,0,473,1,0,1,31,11,59
0,183.0,0.6533637642860413,296.0,3.0,248.0,22936.0,233.08163265306118,12832.0,46.16666793823242,4.333333492279053,16492.69921875,21.299999237060547,4.5,4.150000095367432,33.18333435058594,20425.0,2364.8571428571427,0.7459999918937683,27.24916648864746,105.31428571428572,1416.141845703125,2265.485595703125,0.34307143092155457,1041.9142857142858,0,473,1,0,1,21,16,68
1,161.0,0.0,296.0,3.0,248.0,28832.0,233.85714285714278,14965.6669921875,31.5,3.2666666507720947,18895.6328125,20.866666793823242,4.800000190734863,4.5,14.816666603088379,27230.5,2365.457142857143,0.7505000233650208,27.361785888671875,116.28571428571429,1444.009033203125,2195.54296875,0.3573095500469208,1050.2571428571428,0,473,1,0,1,21,35,74
0,13.0,0.0,296.0,3.0,248.0,26289.0,236.97959183673453,,,,,,,,,,2525.6285714285714,0.7638809680938721,27.401784896850586,103.88571428571429,1425.719970703125,2247.514404296875,0.424357146024704,1054.7142857142858,0,473,1,0,0,34,3,5
1,208.0,0.0,286.0,2.0,271.0,24373.0,236.97959183673453,16462.666015625,32.16666793823242,1.75,20780.68359375,22.266666412353516,4.699999809265137,4.5,7.699999809265137,25116.0,2562.2,0.7732619047164917,27.42464256286621,100.51428571428572,1423.14013671875,2260.028564453125,0.42757144570350647,1058.5142857142857,0,482,1,0,0,24,35,99
1,99.0,0.0,286.0,2.0,271.0,19419.0,236.7346938775508,16206.888671875,36.349998474121094,2.683333396911621,19093.06640625,21.00555419921875,4.333333492279053,4.650000095367432,11.411110877990723,25276.556640625,2556.5142857142855,0.7793809771537781,27.454761505126953,100.37142857142857,1422.12841796875,2256.085693359375,0.4315952658653259,1060.0,0,482,1,0,0,34,2,48
1,59.0,0.0,286.0,2.0,272.0,19362.0,233.89795918367327,18093.666015625,39.849998474121094,3.5333333015441895,22124.666015625,23.08333396911621,5.599999904632568,4.683333396911621,19.350000381469727,23979.5,2697.8,0.7979285717010498,27.508451461791992,94.91428571428571,1424.4840087890625,2285.71435546875,0.4563809633255005,1072.0,0,482,1,0,0,41,2,23
1,156.0,0.0,296.0,3.0,272.0,18271.0,233.89795918367327,14863.0,39.233333587646484,2.1666667461395264,20204.5,22.96666717529297,4.400000095367432,4.483333110809326,16.316667556762695,21241.0,2719.1714285714284,0.8036666512489319,27.5242862701416,95.4,1428.20556640625,2282.314208984375,0.46019047498703003,1075.4285714285713,1,497,1,0,0,24,19,67
1,126.0,0.0,296.0,3.0,271.0,14340.0,237.34693877551,16187.1669921875,37.45000076293945,1.6166666746139526,18648.19921875,22.383333206176758,4.800000190734863,4.583333492279053,15.116666793823242,33397.0,2864.942857142857,0.8135952353477478,27.55797576904297,91.8,1431.9261474609375,2286.571533203125,0.4588809609413147,1083.4,0,482,1,0,0,34,33,48
0,12.0,0.0,296.0,3.0,271.0,14860.0,224.0408163265305,15600.1669921875,38.45000076293945,2.5833332538604736,21030.517578125,23.200000762939453,4.699999809265137,4.683333396911621,15.449999809265137,29273.0,2945.2,0.8269285559654236,27.625595092773438,91.34285714285714,1424.6597900390625,2288.05712890625,0.45154762268066406,1083.057142857143,2,482,1,0,0,24,1,5
1,95.0,0.0,296.0,3.0,271.0,18279.0,221.61224489795907,15502.6669921875,34.95000076293945,2.700000047683716,19761.166015625,22.149999618530273,4.699999809265137,4.583333492279053,13.833333015441895,35059.33203125,3113.657142857143,0.8299285769462585,27.610118865966797,91.82857142857142,1434.193115234375,2283.971435546875,0.45561906695365906,1089.2857142857142,0,482,1,0,0,41,27,40
1,,0.0,296.0,3.0,271.0,19951.0,219.51020408163257,17074.5,35.099998474121094,2.883333444595337,21281.56640625,24.100000381469727,4.800000190734863,4.583333492279053,19.03333282470703,37143.16796875,3081.9142857142856,0.8520714044570923,27.706785202026367,91.62857142857143,1423.5140380859375,2292.94287109375,0.45899999141693115,1088.2571428571428,0,482,1,0,0,21,2,
1,183.0,0.0,296.0,3.0,271.0,23989.0,218.77551020408157,14294.3330078125,39.36666488647461,3.0999999046325684,18251.3671875,21.316667556762695,4.699999809265137,4.550000190734863,14.5,19106.333984375,3183.8571428571427,0.8474524021148682,27.674285888671875,95.37142857142857,1434.10693359375,2268.17138671875,0.4320714473724365,1089.7714285714285,1,482,1,0,0,31,15,69
0,155.0,0.0,296.0,3.0,301.0,11981.0,227.0408163265305,13559.5,39.733333587646484,5.099999904632568,16891.0,22.58333396911621,4.900000095367432,4.483333110809326,21.03333282470703,23436.5,3533.4857142857145,0.824738085269928,27.542499542236328,94.74285714285715,1430.596435546875,2261.54296875,0.44092857837677,1084.5714285714287,0,511,1,0,0,21,11,76
1,146.0,0.007981755770742893,296.0,3.0,301.0,10043.0,227.0408163265305,12605.27734375,37.838890075683594,2.316666603088379,18505.68359375,22.36111068725586,4.566666603088379,4.25,23.60555648803711,20620.5546875,3587.114285714286,0.8257856965065002,27.521190643310547,91.57142857142857,1414.9906005859375,2283.314208984375,0.4482381045818329,1078.2571428571428,0,511,1,0,0,21,14,67
0,229.0,0.5678449273109436,296.0,3.0,301.0,5142.0,220.61224489795907,14560.0,41.83333206176758,4.150000095367432,17105.099609375,22.733333587646484,4.699999809265137,4.300000190734863,26.549999237060547,19392.666015625,3620.0857142857144,0.8292618989944458,27.47011947631836,90.91428571428571,1409.68310546875,2298.771484375,0.4366428554058075,1075.4,0,511,1,0,0,21,21,91
0,,0.10490307956933975,296.0,3.0,271.0,14365.0,223.32653061224474,14981.8330078125,38.63333511352539,2.5,18719.55078125,20.633333206176758,4.800000190734863,4.4666666984558105,20.933332443237305,19450.166015625,3506.342857142857,0.8378333449363708,27.555952072143555,103.65714285714286,1433.7420654296875,2216.71435546875,0.40495237708091736,1079.7714285714285,0,511,1,0,0,31,3,
1,195.0,0.0,296.0,3.0,271.0,8925.0,227.77551020408143,12909.1669921875,35.71666717529297,2.549999952316284,17069.083984375,22.46666717529297,4.800000190734863,4.25,23.75,18597.833984375,3619.2285714285713,0.8577619194984436,27.613452911376953,104.91428571428571,1419.3748779296875,2216.60009765625,0.40478572249412537,1074.3714285714286,0,511,1,1,0,21,1,80
1,213.0,0.0,267.0,4.0,271.0,12238.0,227.12244897959164,16641.5,35.599998474121094,4.233333110809326,19581.017578125,22.816667556762695,4.900000095367432,4.333333492279053,26.616666793823242,25393.666015625,3582.3142857142857,0.8585952520370483,27.616546630859375,116.54285714285714,1452.6546630859375,2153.514404296875,0.37400001287460327,1083.0857142857142,0,482,1,1,0,21,33,99
1,,0.0,267.0,4.0,271.0,13778.0,221.3061224489794,20071.0,32.70000076293945,3.2666666507720947,20245.982421875,24.28333282470703,4.900000095367432,4.650000095367432,19.066667556762695,31050.833984375,3442.1428571428573,0.8772380948066711,27.72869110107422,108.02857142857142,1422.958251953125,2143.914306640625,0.36595237255096436,1079.7714285714285,0,482,1,0,0,31,14,
0,183.0,0.1767388880252838,267.0,4.0,293.0,6177.0,218.63265306122437,14343.0,40.099998474121094,5.366666793823242,20183.166015625,23.33333396911621,4.800000190734863,4.333333492279053,25.383333206176758,24039.666015625,3364.885714285714,0.8658809661865234,27.628690719604492,106.42857142857143,1417.6700439453125,2142.742919921875,0.3840237855911255,1075.6285714285714,0,482,1,0,0,21,20,69
0,239.0,0.4982896149158478,296.0,3.0,293.0,1714.0,217.3265306122448,15523.2216796875,42.95000076293945,5.061110973358154,17890.966796875,22.011110305786133,4.4666666984558105,4.327777862548828,30.16666603088379,23478.443359375,3315.3714285714286,0.8462142944335938,27.512739181518555,105.88571428571429,1420.4798583984375,2130.54296875,0.3675476312637329,1073.0857142857142,0,482,1,0,0,31,9,99
0,132.0,0.36944127082824707,296.0,3.0,293.0,1178.0,215.65306122448968,13443.0,40.13333511352539,2.116666555404663,18635.166015625,23.25,5.400000095367432,4.083333492279053,33.400001525878906,24784.0,3161.542857142857,0.8495952486991882,27.545000076293945,102.77142857142857,1428.5257568359375,2073.742919921875,0.36649999022483826,1082.4285714285713,2,476,1,0,0,31,14,66
1,192.0,0.0,296.0,3.0,293.0,6815.0,215.6326530612243,18771.666015625,34.63333511352539,4.300000190734863,20854.333984375,23.633333206176758,4.800000190734863,4.483333110809326,19.41666603088379,26668.0,3177.4857142857145,0.8609285950660706,27.645357131958008,97.11428571428571,1423.1458740234375,2074.0,0.3757619261741638,1087.5142857142857,0,476,1,0,0,34,3,86
1,218.48105379201965,0.0,296.0,3.0,293.0,6713.0,217.18367346938754,19240.0,42.11666488647461,5.099999904632568,23053.19921875,23.399999618530273,4.800000190734863,4.683333396911621,23.450000762939453,36627.5,3105.057142857143,0.862928569316864,27.692737579345703,97.4,1427.8372802734375,2057.6572265625,0.36526191234588623,1091.8857142857144,1,476,1,0,0,34,19,101
1,51.0,0.026225769892334938,296.0,3.0,293.0,2601.0,213.48979591836712,16643.166015625,36.233333587646484,2.4166667461395264,18698.8671875,22.116666793823242,4.699999809265137,4.583333492279053,26.21666717529297,26965.5,3023.5142857142855,0.8552857041358948,27.6391658782959,97.6,1431.059814453125,2059.1142578125,0.35028570890426636,1091.5142857142857,1,476,1,0,0,41,5,19
0,139.0,0.29532498121261597,296.0,3.0,293.0,4898.0,224.6326530612243,16526.333984375,42.83333206176758,3.4000000953674316,18826.400390625,23.41666603088379,4.800000190734863,4.383333206176758,24.28333282470703,22789.333984375,3015.6,0.8628809452056885,27.703571319580078,95.88571428571429,1437.6944580078125,2040.4857177734375,0.34435713291168213,1099.6285714285714,2,476,1,0,0,41,19,59
0,116.67165729315899,0.23945267498493195,296.0,3.0,293.0,1661.0,230.7959183673467,21091.333984375,42.25,4.683333396911621,21284.650390625,22.66666603088379,4.599999904632568,4.699999809265137,22.683332443237305,22585.5,2922.6,0.8413809537887573,27.585119247436523,96.48571428571428,1437.4525146484375,2109.085693359375,0.29711905121803284,1093.6857142857143,2,476,1,0,0,31,5,48
1,78.0,0.15963512659072876,296.0,3.0,293.0,1360.0,236.22448979591812,,,,,,,,,,2824.3714285714286,0.8320714235305786,27.564285278320312,97.74285714285715,1446.93115234375,2203.028564453125,0.2642380893230438,1096.8,1,476,1,0,0,31,5,28
1,133.0,0.30102622509002686,296.0,3.0,293.0,1434.0,243.3877551020406,,,,,,,,,,2939.3714285714286,0.833642840385437,27.560714721679688,94.54285714285714,1447.9044189453125,2175.05712890625,0.26923811435699463,1100.2857142857142,2,476,1,0,0,31,9,49
0,133.0,0.40250855684280396,296.0,3.0,293.0,1526.0,239.81632653061206,12803.3330078125,45.0,2.75,20081.150390625,21.433332443237305,5.199999809265137,4.133333206176758,39.016666412353516,22126.833984375,2807.542857142857,0.8181666731834412,27.49916648864746,98.48571428571428,1453.4334716796875,2273.628662109375,0.22090475261211395,1097.057142857143,0,476,1,0,0,42,9,48
1,115.0,0.060433294624090195,286.0,2.0,293.0,1620.0,258.2040816326529,13587.6669921875,52.150001525878906,1.8166667222976685,17347.232421875,21.58333396911621,4.599999904632568,4.150000095367432,30.350000381469727,24381.333984375,2843.2571428571428,0.8291904926300049,27.56940460205078,97.57142857142857,1456.095458984375,2295.45703125,0.2178095132112503,1102.7428571428572,1,476,1,0,0,31,10,48
0,166.0,0.2759407162666321,286.0,2.0,293.0,1396.0,263.5306122448978,15758.6669921875,47.16666793823242,3.4000000953674316,18646.833984375,23.233333587646484,4.900000095367432,4.900000095367432,32.733333587646484,28675.0,2844.542857142857,0.8334285616874695,27.640357971191406,95.71428571428571,1447.760986328125,2313.628662109375,0.212095245718956,1101.6,2,476,1,0,0,21,8,66
0,142.0,0.49030786752700806,286.0,2.0,293.0,1705.0,257.2653061224488,10598.0,41.61111068725586,1.8944443464279175,16427.193359375,22.738887786865234,5.833333492279053,4.172222137451172,41.18888854980469,20087.9453125,2748.8571428571427,0.8088809251785278,27.479881286621094,102.02857142857142,1467.5230712890625,2341.142822265625,0.17011906206607819,1101.5714285714287,1,476,1,1,0,31,12,62
0,95.0,0.3363740146160126,286.0,2.0,293.0,5636.0,268.81632653061206,12089.0,42.81666564941406,1.9500000476837158,16995.19921875,22.733333587646484,5.199999809265137,4.150000095367432,40.266666412353516,30849.333984375,2815.457142857143,0.8202142715454102,27.583213806152344,102.22857142857143,1457.4990234375,2314.914306640625,0.1714523583650589,1098.2571428571428,2,476,1,1,0,31,4,41
0,190.0,0.35575827956199646,296.0,3.0,293.0,1468.0,260.77551020408146,14368.0,41.78333282470703,3.133333444595337,17712.0,22.049999237060547,4.800000190734863,4.25,38.63333511352539,18888.333984375,2889.4857142857145,0.7939761877059937,27.454286575317383,108.62857142857143,1460.655029296875,2276.971435546875,0.11519045382738113,1088.9714285714285,4,476,1,0,0,31,16,87
1,226.0,0.33979475498199463,296.0,3.0,293.0,1289.0,260.8979591836734,14928.0,38.099998474121094,3.7333333492279053,19992.900390625,23.100000381469727,4.699999809265137,4.199999809265137,44.08333206176758,20450.5,2915.7714285714287,0.7909285426139832,27.44678497314453,111.54285714285714,1468.730224609375,2252.1142578125,0.10159522294998169,1090.4,3,476,1,0,0,31,2,110
0,163.0,0.32839223742485046,296.0,3.0,293.0,1351.0,261.55102040816314,13102.3330078125,40.79999923706055,2.3499999046325684,24223.1328125,22.78333282470703,4.699999809265137,4.400000095367432,44.41666793823242,24173.833984375,3023.542857142857,0.7951428294181824,27.418333053588867,121.97142857142858,1474.8114013671875,2145.39990234375,0.07397620379924774,1084.2285714285715,1,476,1,0,0,21,4,70
0,262.9746908460259,0.11972633749246597,296.0,3.0,293.0,2769.0,267.4489795918366,11868.8330078125,41.06666564941406,1.899999976158142,17181.94921875,21.133333206176758,4.599999904632568,4.266666889190674,42.79999923706055,22262.0,3005.6,0.7938809394836426,27.407976150512695,123.14285714285714,1480.35986328125,2137.71435546875,0.07516667246818542,1086.0857142857142,3,476,1,0,0,31,3,107
0,190.0,0.3785632848739624,296.0,3.0,293.0,1656.0,271.69387755102025,14016.6669921875,38.900001525878906,1.8333333730697632,17287.533203125,20.816667556762695,3.9000000953674316,4.099999904632568,44.03333282470703,20419.0,3084.114285714286,0.7863809466362,27.3266658782959,126.17142857142858,1477.4217529296875,2122.914306640625,0.027428587898612022,1079.0,2,476,1,0,0,21,2,101
0,198.0,0.9350057244300842,296.0,3.0,293.0,1042.0,283.1020408163264,12256.1669921875,38.68333435058594,4.766666889190674,16835.3671875,21.566667556762695,4.300000190734863,4.099999904632568,46.900001525878906,18917.333984375,3096.3142857142857,0.7703095078468323,27.128334045410156,130.94285714285715,1480.707763671875,2088.05712890625,-0.05659522861242294,1071.2285714285715,0,476,1,0,0,21,10,107
0,295.0,0.7559863328933716,296.0,1.0,293.0,1115.0,287.8979591836733,12345.3330078125,37.08333206176758,4.199999809265137,18715.31640625,21.799999237060547,4.599999904632568,4.166666507720947,42.266666412353516,18865.833984375,3155.2,0.7661190629005432,27.11642837524414,135.0857142857143,1482.5750732421875,2064.971435546875,-0.05102381855249405,1068.4857142857143,0,476,1,0,0,42,11,160
0,217.0,0.9372861981391907,267.0,4.0,293.0,1055.0,288.2244897959183,11412.5,35.70000076293945,3.9000000953674316,16179.849609375,20.766666412353516,4.099999904632568,4.050000190734863,53.88333511352539,18957.5,3211.5714285714284,0.7495952248573303,27.09166717529297,139.31428571428572,1485.9134521484375,2003.8857421875,-0.11009524017572403,1064.3428571428572,0,476,1,0,1,42,3,117
0,40.0,0.7890536189079285,267.0,4.0,293.0,1177.0,273.2244897959182,11163.0,29.866666793823242,3.383333444595337,23034.8828125,21.149999618530273,3.9000000953674316,4.099999904632568,50.33333206176758,22305.5,3121.9714285714285,0.7299047708511353,26.91607093811035,144.2,1489.17626953125,1976.5428466796875,-0.15176190435886383,1056.0285714285715,1,476,1,0,1,34,2,22
0,85.0,0.771949827671051,267.0,4.0,293.0,1049.0,273.2244897959182,11549.0,28.516666412353516,3.0833332538604736,22972.982421875,21.16666603088379,4.0,4.099999904632568,51.96666717529297,20337.166015625,3121.9714285714285,0.7299047708511353,26.91607093811035,144.2,1489.17626953125,1976.5428466796875,-0.15176190435886383,1056.0285714285715,0,476,1,0,1,41,3,46
0,298.0,0.7936145663261414,267.0,4.0,293.0,1111.0,252.04081632653035,12950.3330078125,27.21666717529297,5.816666603088379,19257.150390625,21.633333206176758,4.5,4.0,62.20000076293945,20760.333984375,2949.8571428571427,0.703499972820282,26.74654769897461,176.4,1536.376220703125,1894.971435546875,-0.12983335554599762,1046.1714285714286,1,476,1,0,1,31,34,161
0,86.0,0.26111745834350586,267.0,4.0,293.0,4894.0,249.4081632653059,,24.116666793823242,3.633333444595337,,21.866666793823242,3.9000000953674316,4.449999809265137,58.38333511352539,,2873.6857142857143,0.7254523634910583,26.99333381652832,196.02857142857144,1579.7467041015625,1853.771484375,-0.1344761848449707,1060.0,0,476,1,0,1,21,28,34
0,179.0,0.18814139068126678,267.0,4.0,293.0,2432.0,239.12244897959164,12891.3330078125,24.16666603088379,3.5999999046325684,20697.533203125,21.899999618530273,4.599999904632568,4.150000095367432,65.44999694824219,27429.666015625,2962.9714285714285,0.6855714321136475,26.749523162841797,171.4857142857143,1501.2237548828125,1903.8857421875,-0.13226190209388733,1026.942857142857,0,476,1,0,1,31,23,85
0,181.0,0.5404788851737976,267.0,4.0,283.0,1750.0,240.87755102040794,13146.388671875,22.80555534362793,5.55555534362793,18055.849609375,22.705554962158203,4.099999904632568,4.172222137451172,66.12222290039062,24889.556640625,2962.9714285714285,0.6855714321136475,26.749523162841797,171.4857142857143,1501.2237548828125,1903.8857421875,-0.13226190209388733,1026.942857142857,1,476,1,0,1,21,15,84
0,318.0,0.5199543833732605,267.0,4.0,283.0,1204.0,247.6530612244896,11559.1669921875,32.75,6.050000190734863,17730.68359375,21.649999618530273,4.099999904632568,4.150000095367432,54.516666412353516,20892.333984375,2940.7714285714287,0.6349999904632568,26.181785583496094,171.28571428571428,1500.7587890625,1884.3428955078125,-0.1669047772884369,1008.4571428571429,2,507,1,0,0,31,22,130
0,362.0,0.3112884759902954,267.0,4.0,283.0,4519.0,262.99999999999983,15196.6669921875,43.094444274902344,6.438889026641846,18883.767578125,23.633333206176758,4.733333110809326,4.1777777671813965,43.983333587646484,22708.666015625,2963.2,0.6450714468955994,26.284643173217773,172.77142857142857,1497.4219970703125,1867.17138671875,-0.22561903297901154,1008.6571428571428,1,507,1,0,0,31,15,154
0,164.0,0.07069555670022964,267.0,4.0,283.0,4523.0,268.81632653061206,11288.6669921875,39.849998474121094,7.5333333015441895,16697.705078125,21.600000381469727,4.5,4.2833333015441895,46.70000076293945,19956.111328125,2963.2,0.6450714468955994,26.284643173217773,172.77142857142857,1497.4219970703125,1867.17138671875,-0.22561903297901154,1008.6571428571428,0,507,1,0,0,31,10,71
0,229.0,0.34777650237083435,267.0,4.0,283.0,2979.0,272.10204081632634,11107.5,38.47777557373047,7.605555534362793,19807.84375,22.488889694213867,4.300000190734863,4.366666793823242,45.44444274902344,22613.27734375,3018.285714285714,0.6264523863792419,26.16607093811035,178.57142857142858,1502.269287109375,1832.5999755859375,-0.28980952501296997,999.1142857142858,3,507,1,0,0,41,13,104
0,61.0,0.1892816424369812,267.0,4.0,283.0,2278.0,270.020408163265,14528.3330078125,41.36666488647461,8.399999618530273,16852.982421875,22.83333396911621,4.300000190734863,4.566666603088379,40.75,26445.333984375,3038.657142857143,0.6215476393699646,26.174165725708008,181.17142857142858,1505.5882568359375,1820.05712890625,-0.32092854380607605,997.6571428571428,0,507,1,0,0,41,7,32
0,107.0,0.3443557620048523,267.0,4.0,283.0,2031.0,273.3061224489794,15170.0,38.53333282470703,7.699999809265137,17312.732421875,23.316667556762695,3.9000000953674316,4.349999904632568,46.016666412353516,20024.0,3081.6857142857143,0.6244285702705383,26.272380828857422,188.85714285714286,1510.6593017578125,1766.6856689453125,-0.4490714371204376,997.0285714285715,1,507,1,0,0,31,4,46
0,267.0,0.12086658924818039,267.0,4.0,283.0,2188.0,274.16326530612224,17005.27734375,39.60555648803711,5.944444179534912,18756.404296875,24.0222225189209,4.300000190734863,4.6777777671813965,43.66666793823242,25365.0,3095.2285714285713,0.6386904716491699,26.43964385986328,189.4,1508.3712158203125,1761.857177734375,-0.47773808240890503,1000.4571428571429,0,507,1,0,0,21,14,122
0,211.0,0.6887115240097046,267.0,4.0,283.0,1049.0,271.3673469387753,15792.8330078125,41.46666717529297,4.566666603088379,17095.767578125,25.200000762939453,3.799999952316284,4.449999809265137,37.08333206176758,20988.666015625,3064.542857142857,0.6200952529907227,26.148332595825195,194.71428571428572,1514.4405517578125,1739.085693359375,-0.5296905040740967,990.3142857142857,1,507,1,0,0,21,8,113
0,301.0,0.9555302262306213,267.0,4.0,283.0,1042.0,271.2244897959182,13041.3330078125,48.68333435058594,6.483333110809326,26396.93359375,24.049999237060547,4.099999904632568,4.400000095367432,31.933332443237305,24831.333984375,3090.5142857142855,0.5990952253341675,25.840595245361328,192.62857142857143,1512.150634765625,1727.5142822265625,-0.5807380676269531,981.4285714285714,1,507,1,0,0,24,2,162
0,142.0,0.7160775661468506,267.0,4.0,283.0,1162.0,271.81632653061206,11910.5,52.5,5.800000190734863,20588.3828125,23.566667556762695,4.199999809265137,4.2833333015441895,29.399999618530273,21861.333984375,3076.542857142857,0.5891666412353516,25.628095626831055,190.22857142857143,1507.0543212890625,1727.3714599609375,-0.5944285988807678,974.8571428571429,2,507,1,0,0,41,3,76
0,142.0,0.3922463059425354,267.0,4.0,283.0,1999.0,272.9591836734692,13142.3330078125,37.650001525878906,3.816666603088379,19313.666015625,27.433332443237305,3.799999952316284,4.449999809265137,46.733333587646484,20572.0,3112.9714285714285,0.6198095083236694,26.15226173400879,206.8,1518.8521728515625,1665.800048828125,-0.6829285621643066,980.9714285714285,2,507,1,0,0,21,2,76
0,398.0,0.8449258804321289,267.0,4.0,283.0,1075.0,274.81632653061206,13145.9443359375,51.32777786254883,5.911110877990723,17422.138671875,24.672222137451172,4.199999809265137,4.433333396911621,28.983333587646484,21196.666015625,3173.8571428571427,0.5845476388931274,25.56916618347168,189.17142857142858,1506.70947265625,1702.3428955078125,-0.6452381014823914,975.0285714285715,1,507,1,0,0,21,3,213
0,269.0,0.8597491383552551,267.0,4.0,283.0,1077.0,276.9387755102039,15588.111328125,47.772220611572266,7.383333683013916,16593.373046875,23.327777862548828,4.300000190734863,4.449999809265137,32.81666564941406,22634.833984375,3125.9714285714285,0.6020476222038269,25.777618408203125,197.42857142857142,1508.4407958984375,1679.2572021484375,-0.6585952639579773,975.6285714285714,1,507,1,0,0,31,2,143
0,78.0,0.25997719168663025,267.0,4.0,283.0,1304.0,280.2857142857141,11537.5,49.56666564941406,7.7166666984558105,17769.3671875,23.33333396911621,4.0,4.483333110809326,29.483333587646484,22074.5,3128.942857142857,0.5935476422309875,25.63678550720215,195.34285714285716,1509.6365966796875,1682.7427978515625,-0.6575238108634949,974.6857142857143,0,507,1,0,0,21,3,41
0,103.0,0.2839224636554718,267.0,4.0,283.0,1315.0,282.99999999999983,12858.6669921875,48.13333511352539,4.666666507720947,18633.333984375,22.983333587646484,4.199999809265137,4.683333396911621,32.58333206176758,22258.666015625,3046.657142857143,0.6257143020629883,26.072261810302734,202.25714285714287,1519.17236328125,1669.2857666015625,-0.6812142729759216,987.5142857142857,0,507,1,0,0,31,2,44
0,189.0,0.3238312304019928,267.0,4.0,283.0,1331.0,283.71428571428544,9598.0,46.516666412353516,9.149999618530273,17749.30078125,23.549999237060547,3.799999952316284,4.400000095367432,33.06666564941406,21285.5,3003.2285714285713,0.6169999837875366,25.941070556640625,207.88571428571427,1511.9071044921875,1641.2857666015625,-0.7464761734008789,974.4571428571429,1,507,1,0,0,21,4,78
0,238.0,0.24515393376350403,267.0,4.0,283.0,1226.0,288.2448979591835,10276.0,37.33333206176758,5.883333206176758,18177.93359375,24.983333587646484,3.9000000953674316,4.449999809265137,44.03333282470703,22412.0,3064.057142857143,0.638452410697937,26.252023696899414,210.97142857142856,1516.934326171875,1639.05712890625,-0.850428581237793,984.5428571428571,1,507,1,0,0,31,7,110
1,387.0,0.07867731153964996,267.0,4.0,283.0,1817.0,284.73469387755074,15468.0,38.33333206176758,8.699999809265137,18282.849609375,22.983333587646484,3.9000000953674316,4.866666793823242,41.733333587646484,20981.0,3009.4,0.6469761729240417,26.3367862701416,214.17142857142858,1520.2930908203125,1638.0,-0.8377142548561096,986.4285714285714,0,507,1,0,0,42,11,199
0,179.0,0.7286202907562256,267.0,4.0,283.0,1153.0,288.32653061224465,14540.5,42.53333282470703,7.166666507720947,16835.482421875,25.0,4.0,4.349999904632568,34.91666793823242,20882.5,2888.0857142857144,0.6431666612625122,26.178333282470703,220.65714285714284,1513.958984375,1633.857177734375,-0.9153333306312561,974.7428571428571,1,507,1,0,0,21,1,95
0,125.0,0.4127708077430725,267.0,4.0,283.0,1739.0,291.5918367346936,10837.0,41.150001525878906,5.7166666984558105,18308.599609375,25.600000381469727,4.199999809265137,4.683333396911621,38.25,22324.0,2907.9142857142856,0.6330714225769043,26.021547317504883,221.4,1514.263427734375,1639.199951171875,-0.9178571701049805,969.2571428571429,0,507,1,0,0,31,5,60
0,216.0,0.8141391277313232,267.0,4.0,283.0,1178.0,290.6734693877548,10977.5,50.772220611572266,5.344444274902344,17709.544921875,24.372220993041992,3.799999952316284,4.5333333015441895,28.53333282470703,21461.833984375,2816.457142857143,0.6174523830413818,25.741785049438477,223.37142857142857,1514.5023193359375,1644.5714111328125,-0.9054047465324402,959.2571428571429,0,507,1,0,0,21,9,113
0,268.0,0.16305586695671082,267.0,4.0,283.0,3407.0,292.8163265306122,11115.0,50.03333282470703,7.866666793823242,18470.517578125,25.066667556762695,3.799999952316284,4.683333396911621,27.866666793823242,20173.666015625,2802.0857142857144,0.634238064289093,26.040237426757812,227.45714285714286,1518.1778564453125,1686.3714599609375,-0.9135476350784302,967.0285714285715,1,507,1,0,0,31,8,110
0,254.0,0.216647669672966,267.0,4.0,283.0,3829.0,281.5510204081631,11869.3330078125,36.36666488647461,10.399999618530273,23547.69921875,26.316667556762695,3.799999952316284,4.550000190734863,42.08333206176758,25496.666015625,2721.1714285714284,0.6435714364051819,26.139999389648438,232.25714285714287,1521.6766357421875,1689.914306640625,-0.8971666693687439,968.2285714285714,0,507,1,0,0,42,13,105
0,289.0,0.07183580100536346,267.0,4.0,283.0,5637.0,276.4489795918365,13922.3330078125,37.349998474121094,6.599999904632568,17392.099609375,26.66666603088379,3.700000047683716,4.550000190734863,39.93333435058594,20707.833984375,2675.0285714285715,0.6538571715354919,26.30071449279785,233.34285714285716,1521.3770751953125,1707.914306640625,-0.8902142643928528,972.0857142857143,1,507,1,0,0,31,12,122
0,136.91440682938224,0.30672746896743774,267.0,4.0,283.0,4412.0,265.63265306122435,12499.0,41.96666717529297,8.883333206176758,20050.0,25.950000762939453,3.799999952316284,4.7833333015441895,35.53333282470703,20757.0,2611.4,0.6520476341247559,26.243452072143555,236.88571428571427,1524.48193359375,1743.228515625,-0.8880237936973572,969.3714285714286,0,507,1,0,0,21,11,53
0,248.0,0.2770809531211853,267.0,4.0,283.0,7779.0,263.9795918367345,13052.8330078125,34.86666488647461,10.316666603088379,16664.93359375,23.16666603088379,3.9000000953674316,5.066666603088379,42.849998474121094,19415.0,2616.942857142857,0.652571439743042,26.23988151550293,236.82857142857142,1530.947265625,1771.4000244140625,-0.8111904859542847,974.0857142857143,1,507,1,0,0,31,16,99
0,94.0,0.0,267.0,4.0,283.0,17336.0,244.26530612244878,11127.0,53.766666412353516,6.199999809265137,19434.666015625,24.983333587646484,3.799999952316284,4.983333110809326,27.5,24566.333984375,2479.342857142857,0.635023832321167,25.813928604125977,238.85714285714286,1525.4193115234375,1809.5714111328125,-0.8084999918937683,959.6857142857143,0,507,1,0,0,21,6,42
0,256.0,0.13340935111045837,267.0,4.0,283.0,15544.0,236.53061224489767,12116.6669921875,41.96666717529297,8.433333396911621,18130.68359375,24.483333587646484,3.700000047683716,4.800000190734863,37.733333587646484,20183.833984375,2497.457142857143,0.6510476469993591,26.061309814453125,241.62857142857143,1532.4798583984375,1824.228515625,-0.8222857117652893,968.7428571428571,0,507,1,0,0,21,7,97
0,72.0,0.02964652143418789,267.0,4.0,283.0,17455.0,233.99999999999977,15970.6669921875,51.63333511352539,6.383333206176758,19475.31640625,24.149999618530273,4.099999904632568,5.099999904632568,29.08333396911621,29910.666015625,2464.0285714285715,0.6528095006942749,25.937379837036133,243.62857142857143,1531.420166015625,1858.3714599609375,-0.8094524145126343,966.9428571428572,0,507,1,0,0,21,11,26
0,208.0,0.3192702531814575,267.0,4.0,283.0,10173.0,234.79591836734673,11076.6669921875,47.41666793823242,5.800000190734863,18290.68359375,26.266666412353516,3.5,4.699999809265137,30.866666793823242,21982.0,2542.3714285714286,0.6803571581840515,26.203214645385742,245.68571428571428,1539.9356689453125,1884.0,-0.8006190657615662,981.0,0,507,1,0,0,11,13,83
0,177.0,0.26111745834350586,267.0,4.0,283.0,10907.0,234.8979591836732,23461.0,46.150001525878906,12.466666221618652,17569.033203125,22.433332443237305,4.0,4.883333206176758,34.400001525878906,21041.666015625,2577.114285714286,0.7013809680938721,26.389404296875,243.88571428571427,1540.0660400390625,1920.199951171875,-0.8036428689956665,989.4,2,507,1,0,0,31,15,66
0,239.0,0.023945268243551254,267.0,4.0,283.0,12447.0,241.85714285714266,11628.6669921875,45.61666488647461,8.133333206176758,18769.3671875,26.41666603088379,4.099999904632568,4.949999809265137,33.33333206176758,24724.666015625,2619.285714285714,0.7039047479629517,26.35869026184082,244.71428571428572,1539.172607421875,1919.2572021484375,-0.7957381010055542,989.1428571428571,0,507,1,0,0,41,21,109
0,176.0,0.31356897950172424,267.0,4.0,283.0,25200.0,238.5918367346937,9030.0,35.5,6.949999809265137,17435.19921875,25.799999237060547,3.5,4.800000190734863,42.849998474121094,23792.0,2688.714285714286,0.689380943775177,26.212261199951172,239.54285714285714,1534.2325439453125,1965.142822265625,-0.6874285936355591,985.0857142857143,1,518,1,0,0,21,17,67
0,56.0,0.0,267.0,4.0,283.0,19132.0,241.59183673469371,11944.5556640625,39.97222137451172,5.599999904632568,17192.64453125,23.72222328186035,4.699999809265137,4.694444179534912,41.82777786254883,23077.111328125,2841.942857142857,0.6945714354515076,26.325952529907227,218.28571428571428,1527.9805908203125,2074.6572265625,-0.5435000061988831,1004.9428571428572,0,507,1,0,0,41,3,25
0,261.0,0.4743443429470062,267.0,4.0,283.0,13938.0,246.85714285714275,11820.0,43.68333435058594,4.2166666984558105,17541.333984375,26.0,4.300000190734863,4.699999809265137,34.349998474121094,21673.666015625,2896.5714285714284,0.6708333492279053,26.087261199951172,209.42857142857142,1524.0037841796875,2110.94287109375,-0.4932618737220764,1002.1142857142858,0,507,1,0,0,31,8,116
0,201.0,0.030786773189902306,267.0,4.0,283.0,6570.0,252.42857142857127,10886.3330078125,41.75,4.316666603088379,18837.8671875,24.75,4.400000095367432,4.699999809265137,41.25,22099.833984375,3039.285714285714,0.6620714068412781,26.063451766967773,204.85714285714286,1530.790771484375,2141.571533203125,-0.31949999928474426,1009.7142857142857,1,507,1,0,0,21,8,76
0,51.0,0.2371721714735031,267.0,4.0,283.0,12909.0,256.51020408163254,10505.8330078125,46.08333206176758,4.650000095367432,18556.30078125,26.200000762939453,4.400000095367432,4.650000095367432,36.36666488647461,23466.0,3143.0285714285715,0.6720714569091797,26.187856674194336,198.65714285714284,1532.434814453125,2175.28564453125,-0.2227381020784378,1021.5142857142857,3,507,1,0,0,11,5,26
0,170.0,0.0,267.0,4.0,283.0,18567.0,262.938775510204,10631.111328125,32.227779388427734,7.911111354827881,16547.2890625,23.05555534362793,4.300000190734863,4.7833333015441895,49.72222137451172,25988.666015625,3196.5142857142855,0.7022857069969177,26.47011947631836,203.85714285714286,1536.4964599609375,2162.971435546875,-0.17297619581222534,1031.6857142857143,4,507,1,0,0,11,5,64
0,262.0,0.6476624608039856,267.0,4.0,260.0,18714.0,271.57142857142844,11462.6669921875,34.79999923706055,7.916666507720947,17409.69921875,23.600000381469727,4.300000190734863,4.599999904632568,46.11666488647461,20435.666015625,3314.8571428571427,0.680476188659668,26.308809280395508,195.54285714285714,1536.39404296875,2196.228515625,-0.12183333933353424,1031.4857142857143,0,518,1,0,0,21,7,132
0,98.0,0.06385404616594315,267.0,4.0,260.0,14361.0,280.38775510204067,12076.0,33.80555725097656,5.7166666984558105,18936.201171875,23.077777862548828,4.733333110809326,4.722221851348877,44.66666793823242,21915.111328125,3374.285714285714,0.6722857356071472,26.264404296875,200.68571428571428,1535.0262451171875,2177.971435546875,-0.08490477502346039,1024.4571428571428,1,518,1,0,0,21,4,44
0,224.0,0.6168757081031799,267.0,4.0,260.0,10706.0,286.20408163265284,16939.5,36.79999923706055,6.650000095367432,18099.44921875,24.633333206176758,4.800000190734863,4.75,41.733333587646484,22774.0,3396.3714285714286,0.6697142720222473,26.166786193847656,203.28571428571428,1535.4384765625,2162.82861328125,-0.03507142886519432,1021.1714285714286,1,518,1,0,0,31,9,93
0,77.0,0.4139110743999481,267.0,4.0,260.0,3705.0,293.67346938775495,15110.5,36.45000076293945,8.483333587646484,21644.900390625,23.399999618530273,4.699999809265137,4.800000190734863,41.45000076293945,26274.5,3381.2285714285713,0.6674285531044006,26.254167556762695,201.0857142857143,1532.321044921875,2222.0,-0.048071444034576416,1022.7428571428571,0,518,1,0,0,31,3,39
0,209.0,0.16761687397956848,267.0,4.0,260.0,8206.0,290.2244897959181,15420.6669921875,32.650001525878906,8.383333206176758,19836.166015625,24.53333282470703,4.699999809265137,4.733333110809326,42.650001525878906,23599.333984375,3379.5142857142855,0.673380970954895,26.3030948638916,205.77142857142857,1532.0093994140625,2198.514404296875,-0.024999992921948433,1019.8857142857142,0,518,1,0,0,31,11,108
0,206.0,0.16647662222385406,267.0,4.0,260.0,7619.0,291.020408163265,15180.3330078125,33.31666564941406,6.183333396911621,19101.55078125,24.516666412353516,4.900000095367432,4.849999904632568,46.266666412353516,31447.833984375,3386.342857142857,0.6712619066238403,26.299762725830078,203.77142857142857,1533.8997802734375,2246.60009765625,0.02292858064174652,1025.2,0,518,1,0,0,21,25,81
0,163.0,0.4446978271007538,267.0,4.0,260.0,3248.0,292.57142857142827,15241.72265625,31.616666793823242,7.583333492279053,18664.421875,23.08333396911621,4.599999904632568,4.883333206176758,44.5,26730.77734375,3371.9142857142856,0.6696428656578064,26.291309356689453,203.94285714285715,1538.8017578125,2253.314208984375,0.08416666090488434,1027.942857142857,0,518,1,0,0,21,1,70
0,118.0,0.15051311254501343,267.0,4.0,260.0,4300.0,292.69387755102014,11851.1669921875,33.03333282470703,8.283333778381348,17956.267578125,22.700000762939453,4.400000095367432,4.883333206176758,42.79999923706055,22553.5,3356.457142857143,0.6765714287757874,26.34749984741211,206.28571428571428,1536.9326171875,2241.54296875,0.19828574359416962,1028.3142857142857,1,518,1,0,0,21,3,45
0,220.0,0.5781071782112122,267.0,4.0,260.0,3697.0,291.28571428571405,11997.5,31.96666717529297,6.366666793823242,16813.150390625,22.649999618530273,5.0,4.683333396911621,45.70000076293945,20089.166015625,3309.0,0.6873571276664734,26.470237731933594,202.9142857142857,1543.4957275390625,2288.71435546875,0.22816666960716248,1040.9142857142858,0,518,1,0,0,21,7,83
0,275.0,0.19156214594841003,267.0,4.0,260.0,1542.0,290.22448979591815,15475.5,32.28333282470703,6.683333396911621,18549.75,23.299999237060547,4.599999904632568,4.699999809265137,46.0,28770.5,3264.2285714285713,0.6746428608894348,26.375476837158203,202.2,1545.9217529296875,2307.085693359375,0.234499990940094,1038.1714285714286,0,518,1,0,0,31,7,111
0,186.43763611844312,0.36145952343940735,267.0,4.0,260.0,2718.0,289.9591836734692,12923.1669921875,33.733333587646484,6.766666889190674,18837.0,23.516666412353516,4.800000190734863,4.483333110809326,40.56666564941406,25611.0,3201.4285714285716,0.6694047451019287,26.320714950561523,203.4857142857143,1548.974365234375,2319.0,0.3301190435886383,1037.9714285714285,0,518,1,0,0,31,3,92
0,225.0,0.8472064137458801,267.0,4.0,260.0,3198.0,292.22448979591815,11703.3330078125,37.86666488647461,4.550000190734863,18055.033203125,23.383333206176758,4.5,4.383333206176758,40.86666488647461,19101.0,3151.285714285714,0.6705714464187622,26.3365478515625,203.8,1552.0439453125,2353.428466796875,0.4155000150203705,1042.4571428571428,0,518,1,0,0,31,29,112
0,117.0,0.5997719764709473,267.0,4.0,260.0,3334.0,293.7959183673467,11794.6669921875,32.733333587646484,8.933333396911621,19738.732421875,23.733333587646484,4.5,4.449999809265137,47.11666488647461,20469.0,3172.4857142857145,0.6817380785942078,26.417499542236328,205.17142857142858,1551.7138671875,2342.085693359375,0.5183809399604797,1046.0285714285715,0,518,1,0,0,42,4,58
0,258.70881232794534,0.8631699085235596,267.0,4.0,260.0,1247.0,294.40816326530586,12102.3330078125,35.099998474121094,4.900000095367432,23928.1328125,26.950000762939453,4.599999904632568,4.5,44.88333511352539,24933.333984375,3155.4,0.6798095107078552,26.367023468017578,203.5142857142857,1549.6517333984375,2350.428466796875,0.5549523830413818,1045.4,0,518,1,0,0,21,29,128
0,,0.0,267.0,4.0,260.0,3327.0,292.77551020408146,11544.5,32.349998474121094,5.333333492279053,17699.6171875,22.75,4.5,4.449999809265137,44.233333587646484,20268.833984375,3077.2,0.6850000023841858,26.448572158813477,202.4,1554.7384033203125,2398.142822265625,0.630142867565155,1053.142857142857,3,518,1,0,0,41,2,
0,197.0,0.29532498121261597,267.0,4.0,260.0,4722.0,291.5306122448978,11783.5,31.016666412353516,6.099999904632568,18251.017578125,22.350000381469727,4.800000190734863,4.550000190734863,45.650001525878906,50975.5,2966.2285714285713,0.7106190323829651,26.737380981445312,202.2,1559.3585205078125,2452.45703125,0.6844047904014587,1068.4285714285713,2,518,1,0,0,41,6,73
0,281.0,0.32725200057029724,267.0,4.0,260.0,4129.0,286.81632653061206,11460.8330078125,34.56666564941406,5.316666603088379,20852.6328125,23.149999618530273,4.800000190734863,4.5,43.349998474121094,19458.333984375,2947.7428571428572,0.7024047374725342,26.62952423095703,201.22857142857143,1561.1837158203125,2464.94287109375,0.7083333134651184,1066.5428571428572,0,518,1,0,0,31,29,104
0,184.0,0.060433294624090195,267.0,4.0,260.0,3042.0,279.6326530612243,9949.0,32.766666412353516,12.333333015441895,19908.150390625,23.233333587646484,4.5,4.650000095367432,46.61666488647461,23212.333984375,2936.1714285714284,0.7091190218925476,26.65118980407715,199.02857142857144,1560.8525390625,2488.82861328125,0.7448333501815796,1073.0285714285715,1,518,1,0,0,31,5,68
0,116.0,0.23261117935180664,267.0,4.0,260.0,2214.0,269.42857142857116,11347.8330078125,33.03333282470703,7.349999904632568,18181.56640625,23.899999618530273,4.199999809265137,4.699999809265137,47.5,22052.333984375,2857.5142857142855,0.712238073348999,26.67630958557129,196.57142857142858,1566.19970703125,2522.514404296875,0.8046428561210632,1080.6857142857143,2,518,1,0,0,21,2,54
0,277.0,0.26567843556404114,267.0,4.0,260.0,5386.0,257.30612244897935,12914.6669921875,33.21666717529297,6.599999904632568,22916.466796875,25.316667556762695,4.300000190734863,4.7833333015441895,43.599998474121094,26146.666015625,2932.657142857143,0.7278571724891663,26.771547317504883,198.5142857142857,1565.35693359375,2508.3427734375,0.7891904711723328,1084.857142857143,1,518,1,0,0,31,9,103
0,152.0,0.5803877115249634,267.0,4.0,260.0,3270.0,246.2040816326529,11587.1669921875,35.516666412353516,4.550000190734863,21580.75,24.899999618530273,4.400000095367432,4.599999904632568,44.599998474121094,23495.5,2846.7428571428572,0.7315475940704346,26.829999923706055,199.4857142857143,1568.5225830078125,2528.60009765625,0.8054285645484924,1087.2285714285715,0,518,1,0,0,21,33,59
0,175.0,0.0809578076004982,267.0,4.0,260.0,7976.0,237.9183673469386,9996.6669921875,32.91666793823242,6.300000190734863,17005.966796875,24.683332443237305,4.800000190734863,4.699999809265137,45.66666793823242,25359.666015625,2726.5142857142855,0.7597857117652893,27.099166870117188,207.17142857142858,1583.574951171875,2531.142822265625,0.8160714507102966,1099.2,0,518,1,0,1,21,20,79
1,266.0,0.0,267.0,4.0,238.0,12106.0,231.08163265306106,14061.5,33.733333587646484,8.727777481079102,22525.55078125,24.850000381469727,4.666666507720947,4.599999904632568,40.35555648803711,32364.72265625,2726.285714285714,0.7810238003730774,27.217737197875977,212.68571428571428,1586.9163818359375,2527.571533203125,0.8173571825027466,1103.7142857142858,0,508,1,0,0,24,24,100
1,268.0,0.0,267.0,4.0,238.0,2485.0,225.81632653061212,14765.0,32.31666564941406,9.449999809265137,24812.916015625,24.700000762939453,4.800000190734863,4.650000095367432,38.63333511352539,39335.83203125,2650.3714285714286,0.77054762840271,27.140953063964844,211.97142857142856,1594.285400390625,2533.45703125,0.832809567451477,1104.5142857142857,0,508,1,0,0,34,24,100
0,248.0,0.2907639741897583,267.0,4.0,238.0,4720.0,225.81632653061212,9714.5,32.08333206176758,4.233333110809326,20166.69921875,22.799999237060547,4.5,4.5,46.29999923706055,25839.666015625,2737.3142857142857,0.7524523735046387,26.864761352539062,207.82857142857142,1592.3248291015625,2523.514404296875,0.8388809561729431,1097.4571428571428,1,508,1,0,0,21,13,114
0,99.0,0.0,267.0,4.0,238.0,1777.0,217.87755102040805,9528.5,31.46666717529297,4.849999904632568,19337.80078125,23.816667556762695,4.400000095367432,4.766666889190674,45.53333282470703,21756.666015625,2680.1428571428573,0.7448095083236694,26.800832748413086,204.0,1588.4671630859375,2523.771484375,0.8395952582359314,1095.6,1,508,1,0,0,34,4,43
0,,0.0,267.0,4.0,238.0,4250.0,213.91836734693868,8789.5,30.5,5.25,19972.94921875,24.633333206176758,4.900000095367432,4.599999904632568,47.53333282470703,21263.0,2620.6857142857143,0.7661666870117188,26.93321418762207,201.88571428571427,1585.80078125,2525.60009765625,0.8429047465324402,1104.857142857143,3,508,1,0,0,31,2,
0,166.0,0.10034207254648209,267.0,4.0,238.0,2579.0,210.57142857142844,8832.2216796875,32.16666793823242,5.316666603088379,20582.478515625,24.294445037841797,4.5333333015441895,4.627778053283691,46.344444274902344,25667.77734375,2638.6285714285714,0.7658809423446655,26.865951538085938,203.97142857142856,1590.8355712890625,2485.142822265625,0.803690493106842,1105.3142857142857,0,508,1,0,0,21,20,61
0,207.0,0.18472063541412354,267.0,4.0,238.0,2869.0,207.61224489795904,9803.3330078125,31.96666717529297,4.866666793823242,20413.283203125,24.316667556762695,4.699999809265137,4.650000095367432,47.13333511352539,23787.5,2638.6285714285714,0.7658809423446655,26.865951538085938,203.97142857142856,1590.8355712890625,2485.142822265625,0.803690493106842,1105.3142857142857,1,508,1,0,0,41,8,78
1,168.0,0.11174458265304565,267.0,4.0,238.0,6359.0,207.61224489795904,11389.8330078125,30.850000381469727,6.083333492279053,21474.8828125,24.883333206176758,4.800000190734863,4.599999904632568,48.233333587646484,26269.833984375,2606.714285714286,0.7888333201408386,27.040475845336914,209.71428571428572,1591.1260986328125,2461.314208984375,0.7882381081581116,1108.8,0,508,1,0,0,31,4,71
0,115.0,0.39452680945396423,267.0,4.0,238.0,10758.0,211.38775510204067,9101.0,28.433332443237305,6.766666889190674,20039.099609375,23.700000762939453,4.599999904632568,4.683333396911621,50.58333206176758,20150.833984375,2629.0,0.7918094992637634,26.939048767089844,209.8,1600.900390625,2422.571533203125,0.7844047546386719,1112.3142857142857,0,508,1,0,0,21,13,56
0,227.0,0.0034207524731755257,267.0,4.0,238.0,7747.0,216.18367346938763,7938.33349609375,31.700000762939453,5.116666793823242,18817.05078125,21.549999237060547,4.199999809265137,4.699999809265137,45.599998474121094,18121.0,2649.057142857143,0.7769523859024048,26.815834045410156,211.42857142857142,1613.94140625,2389.085693359375,0.8066666722297668,1110.4,2,508,1,0,0,21,4,92
0,193.0,0.38084378838539124,267.0,4.0,238.0,3946.0,220.877551020408,9143.8330078125,29.149999618530273,6.5333333015441895,18719.05078125,22.633333206176758,4.300000190734863,4.550000190734863,48.16666793823242,20103.833984375,2604.9714285714285,0.7673333287239075,26.76952362060547,212.57142857142858,1607.7344970703125,2387.82861328125,0.8190714120864868,1101.942857142857,1,508,1,0,0,34,2,95
0,253.0,0.6145952343940735,267.0,4.0,238.0,1079.0,220.877551020408,9013.0,30.53333282470703,4.833333492279053,15695.0830078125,22.183332443237305,4.400000095367432,4.449999809265137,49.53333282470703,17116.333984375,2675.2571428571428,0.7682381272315979,26.736309051513672,215.68571428571428,1616.8203125,2347.028564453125,0.7800952196121216,1103.7428571428572,0,508,1,0,0,42,11,111
0,104.0,0.3728620409965515,296.0,1.0,238.0,2644.0,234.42857142857122,10014.388671875,30.7277774810791,5.594444274902344,16449.72265625,23.433334350585938,4.933333396911621,4.511110782623291,47.844444274902344,20598.5546875,2724.0285714285715,0.7975476384162903,26.88511848449707,214.31428571428572,1605.380615234375,2311.628662109375,0.7089048027992249,1106.6571428571428,0,508,1,0,0,31,24,40
0,392.0,0.298745721578598,296.0,1.0,238.0,3543.0,238.59183673469366,7759.0,34.266666412353516,5.616666793823242,14845.2001953125,22.366666793823242,4.800000190734863,4.75,40.61666488647461,20049.333984375,2707.1714285714284,0.8049761652946472,26.923095703125,227.65714285714284,1633.130615234375,2261.199951171875,0.7148095369338989,1110.7142857142858,0,508,1,0,0,31,27,175
1,316.0,0.027366019785404205,296.0,1.0,238.0,1549.0,238.97959183673447,8927.8330078125,33.04999923706055,6.449999809265137,19119.166015625,24.350000381469727,5.199999809265137,4.650000095367432,45.900001525878906,21623.166015625,2673.0285714285715,0.7856428623199463,26.777381896972656,224.14285714285714,1627.06884765625,2269.94287109375,0.7182618975639343,1103.057142857143,0,508,1,0,0,34,19,149
0,97.0,0.045610032975673676,296.0,1.0,238.0,1393.0,232.2653061224488,7620.66650390625,30.266666412353516,6.599999904632568,15793.1337890625,22.96666717529297,5.099999904632568,4.650000095367432,49.150001525878906,21147.833984375,2691.6285714285714,0.7946428656578064,26.862380981445312,226.37142857142857,1630.1495361328125,2244.857177734375,0.7126190662384033,1105.2857142857142,2,508,1,0,0,21,4,39
0,356.0,0.18129988014698029,296.0,1.0,238.0,2872.0,228.99999999999983,10790.0,33.81666564941406,4.383333206176758,15426.533203125,21.116666793823242,4.800000190734863,4.800000190734863,42.95000076293945,27401.166015625,2714.3142857142857,0.7889285683631897,26.791786193847656,227.94285714285715,1639.7930908203125,2212.971435546875,0.7047857046127319,1104.9714285714285,0,508,1,0,0,31,32,138
0,233.0,0.09122006595134735,296.0,1.0,238.0,2022.0,225.69387755102022,10139.0,29.71666717529297,6.816666603088379,17146.783203125,22.25,4.800000190734863,4.400000095367432,46.78333282470703,21726.0,2777.942857142857,0.7899523973464966,26.72273826599121,220.2,1618.5819091796875,2200.085693359375,0.6330476403236389,1098.7714285714285,0,508,1,0,0,31,26,103
0,218.0,0.05017103627324104,296.0,1.0,238.0,1567.0,222.26530612244883,8960.4443359375,30.488887786865234,6.599999904632568,15937.966796875,22.911109924316406,4.400000095367432,4.644444465637207,46.75,20420.22265625,2793.7428571428572,0.80009526014328,26.76392936706543,220.2,1617.5306396484375,2182.028564453125,0.5872142910957336,1100.1714285714286,0,508,1,0,0,34,5,82
0,308.0,0.0,296.0,1.0,238.0,1705.0,215.16326530612233,8288.8330078125,34.63333511352539,9.600000381469727,18981.3671875,22.266666412353516,4.300000190734863,4.883333206176758,43.66666793823242,20340.166015625,2879.8571428571427,0.7845237851142883,26.519880294799805,225.45714285714286,1630.6043701171875,2121.60009765625,0.4943809509277344,1092.3142857142857,1,508,1,0,0,34,8,116
0,272.0,0.17787913978099823,296.0,1.0,238.0,3631.0,206.65306122448962,7795.33349609375,34.70000076293945,3.75,17345.166015625,23.08333396911621,4.599999904632568,4.800000190734863,45.20000076293945,20616.666015625,2841.5714285714284,0.7737143039703369,26.38404655456543,235.14285714285714,1653.498046875,2103.485595703125,0.5476666688919067,1090.2571428571428,5,508,1,0,0,21,2,132
0,222.0,0.015963511541485786,296.0,1.0,238.0,2133.0,200.87755102040802,6901.16650390625,30.96666717529297,6.516666889190674,16724.900390625,23.383333206176758,4.400000095367432,4.599999904632568,50.53333282470703,19292.666015625,2927.942857142857,0.8015000224113464,26.648927688598633,229.85714285714286,1631.2139892578125,2079.8857421875,0.4457380771636963,1093.7428571428572,3,508,1,0,0,21,6,88
0,162.0,0.0011402508243918419,296.0,1.0,238.0,4076.0,194.67346938775498,7990.33349609375,34.25,3.9666666984558105,16000.349609375,22.883333206176758,4.199999809265137,4.599999904632568,50.71666717529297,18297.666015625,2986.885714285714,0.7799285650253296,26.354047775268555,225.4857142857143,1635.3604736328125,2062.94287109375,0.40380948781967163,1088.8,2,508,1,0,0,31,25,61
0,223.0,0.05131128802895546,296.0,1.0,238.0,1834.0,189.97959183673456,7094.83349609375,35.900001525878906,5.133333206176758,17195.5,23.733333587646484,4.400000095367432,4.7833333015441895,46.983333587646484,22000.5,3010.3714285714286,0.799047589302063,26.576309204101562,234.77142857142857,1639.3348388671875,2018.857177734375,0.26859524846076965,1087.6,4,508,1,0,0,31,29,107
0,166.0,0.11744584143161774,267.0,4.0,238.0,4632.0,187.40816326530597,7830.0,31.600000381469727,4.133333206176758,17247.44921875,24.25,4.300000190734863,4.983333110809326,48.599998474121094,18675.0,3035.542857142857,0.79323810338974,26.447023391723633,234.77142857142857,1644.9027099609375,2009.6571044921875,0.23688094317913055,1087.6,3,508,1,0,0,41,11,63
0,127.0,0.02166476659476757,267.0,4.0,238.0,1684.0,188.5102040816325,8539.0,36.266666412353516,8.166666984558105,16623.80078125,22.53333282470703,3.9000000953674316,4.849999904632568,41.63333511352539,18159.0,3300.9714285714285,0.7963571548461914,26.373214721679688,243.5142857142857,1655.303466796875,1945.4857177734375,0.021690459921956062,1082.6,0,508,1,0,0,31,21,54
0,136.0,0.1755986362695694,267.0,4.0,238.0,5622.0,190.04081632653046,7299.5,32.86666488647461,5.5333333015441895,17026.849609375,23.200000762939453,4.099999904632568,4.900000095367432,42.75,20132.0,3415.6285714285714,0.779452383518219,26.138690948486328,233.77142857142857,1655.6854248046875,1944.5999755859375,0.008880947716534138,1083.0,2,508,1,0,0,31,6,67
0,143.0,0.42189282178878784,267.0,4.0,238.0,1645.0,193.67346938775495,9553.166015625,35.36111068725586,8.01111125946045,18426.650390625,26.03333282470703,4.5,5.0333333015441895,42.4555549621582,22744.833984375,3645.885714285714,0.8195000290870667,26.55904769897461,233.65714285714284,1646.83935546875,1924.4285888671875,-0.1621190458536148,1090.3428571428572,0,508,1,0,0,31,12,67
0,198.0,0.22120866179466248,267.0,4.0,238.0,1260.0,197.5714285714284,9030.1669921875,33.61666488647461,9.216666221618652,16303.4501953125,22.100000381469727,3.9000000953674316,4.699999809265137,43.266666412353516,17357.0,3707.9142857142856,0.7810714244842529,26.174165725708008,234.4857142857143,1671.3023681640625,1918.6285400390625,-0.09619048982858658,1087.2285714285715,0,508,1,0,0,31,31,76
0,185.0,0.02508551813662052,267.0,4.0,238.0,1559.0,203.2653061224488,9445.3330078125,32.33333206176758,5.616666793823242,15311.9833984375,22.100000381469727,3.9000000953674316,5.099999904632568,42.766666412353516,18493.666015625,3967.0,0.7820000052452087,26.183332443237305,226.28571428571428,1672.4451904296875,1920.6856689453125,-0.1280476152896881,1092.7714285714285,1,508,1,0,0,31,4,73
0,108.0,0.37628278136253357,267.0,4.0,238.0,1109.0,213.12244897959167,12199.1669921875,35.733333587646484,5.238888740539551,23156.638671875,24.561111450195312,4.300000190734863,5.016666889190674,42.43333435058594,28052.9453125,4170.428571428572,0.8045238256454468,26.345237731933594,220.0,1656.96240234375,1917.028564453125,-0.2279047667980194,1095.3428571428572,3,508,1,0,0,31,4,42
0,237.0,0.0,267.0,4.0,238.0,3817.0,218.83673469387736,10199.5,40.150001525878906,6.25,16474.783203125,22.399999618530273,3.799999952316284,5.099999904632568,36.733333587646484,19613.666015625,4215.057142857143,0.838785707950592,26.687381744384766,222.82857142857142,1653.979736328125,1911.3428955078125,-0.3341904878616333,1102.142857142857,0,508,1,0,0,34,7,110
0,208.0,0.5279361605644226,267.0,4.0,238.0,1521.0,226.36734693877528,9085.8330078125,34.38333511352539,6.2833333015441895,16487.017578125,21.266666412353516,3.5,5.083333492279053,41.0,17622.833984375,4342.085714285714,0.8372619152069092,26.652738571166992,229.85714285714286,1657.6171875,1867.4571533203125,-0.47997617721557617,1094.6,1,508,1,0,1,31,9,79
0,131.0,0.28734320402145386,267.0,4.0,238.0,1216.0,233.40816326530592,9487.1669921875,34.06666564941406,6.266666889190674,17763.349609375,22.71666717529297,3.799999952316284,4.849999904632568,44.21666717529297,18976.833984375,4494.885714285714,0.823452353477478,26.562976837158203,220.82857142857142,1646.93359375,1897.228515625,-0.46621426939964294,1093.0285714285715,3,508,1,0,1,41,9,52
0,311.0,0.4310148358345032,267.0,4.0,238.0,3601.0,239.65306122448953,10353.111328125,34.95000076293945,7.005555629730225,17279.978515625,21.27777862548828,3.7666666507720947,4.900000095367432,41.61111068725586,19512.77734375,4513.828571428571,0.8288333415985107,26.555118560791016,227.65714285714284,1648.104248046875,1870.5714111328125,-0.5656428337097168,1088.7142857142858,1,508,1,0,1,21,3,141
0,253.0,0.03648802638053894,267.0,4.0,238.0,3280.0,247.40816326530592,12135.5,32.86666488647461,7.2166666984558105,16944.232421875,20.75,4.0,5.0,42.28333282470703,22655.666015625,4667.228571428572,0.8130000233650208,26.410356521606445,224.11428571428573,1663.82861328125,1897.4857177734375,-0.5476428270339966,1090.3142857142857,0,508,1,1,0,31,13,103
0,105.0,0.26795893907546997,267.0,4.0,238.0,3024.0,249.04081632653035,10804.0,39.54999923706055,3.799999952316284,20713.283203125,23.25,4.099999904632568,5.0,35.900001525878906,22206.333984375,4650.628571428571,0.820976197719574,26.430356979370117,220.02857142857144,1647.4249267578125,1895.857177734375,-0.6401190161705017,1087.942857142857,1,508,1,1,0,21,9,44
0,,0.03876852989196777,267.0,4.0,238.0,9984.0,247.4081632653059,8304.0,29.83333396911621,10.183333396911621,17564.267578125,20.08333396911621,3.5999999046325684,5.083333492279053,47.11666488647461,19379.333984375,4591.114285714286,0.8430952429771423,26.57107162475586,229.2,1653.17333984375,1871.1142578125,-0.7481428384780884,1088.0857142857142,0,508,1,1,0,31,8,
0,108.96684685049057,0.0,267.0,4.0,238.0,9261.0,243.42857142857113,10680.0,33.900001525878906,11.416666984558105,16782.80078125,20.83333396911621,3.4000000953674316,5.099999904632568,43.56666564941406,18759.5,4548.085714285714,0.8517143130302429,26.61488151550293,226.4857142857143,1658.23388671875,1909.857177734375,-0.8169285655021667,1089.2,1,508,1,0,0,41,6,42
0,125.0,0.0,267.0,4.0,238.0,9593.0,239.48979591836704,9588.5556640625,31.11111068725586,6.799999713897705,16197.2216796875,20.83888816833496,3.5333333015441895,4.866666793823242,45.52777862548828,17953.4453125,4481.114285714286,0.8664761781692505,26.788572311401367,233.14285714285714,1661.423095703125,1896.971435546875,-0.8977380990982056,1087.8285714285714,2,508,1,0,0,42,9,49
0,,0.0,267.0,4.0,238.0,10846.0,233.73469387755082,10426.1669921875,33.61666488647461,5.7833333015441895,17726.6328125,21.149999618530273,3.700000047683716,5.016666889190674,43.16666793823242,20289.5,4453.314285714286,0.861380934715271,26.578571319580078,236.85714285714286,1657.994384765625,1877.028564453125,-1.0200475454330444,1076.7428571428572,5,508,1,0,0,21,2,
0,183.0,0.0,267.0,4.0,238.0,6570.0,226.7959183673467,11042.0,39.150001525878906,7.266666889190674,18301.400390625,22.03333282470703,3.4000000953674316,4.900000095367432,39.56666564941406,20927.0,4435.6,0.8595476150512695,26.69845199584961,236.42857142857142,1666.9500732421875,1902.4285888671875,-0.9716666340827942,1083.2857142857142,5,508,1,0,0,21,11,83
0,112.0,0.0,267.0,4.0,238.0,17379.0,213.8571428571426,11116.8330078125,30.483333587646484,8.983333587646484,15840.150390625,21.483333587646484,3.0999999046325684,5.0,37.46666717529297,17440.166015625,4709.6,0.8999761939048767,26.88619041442871,245.65714285714284,1667.3272705078125,1894.800048828125,-1.1439523696899414,1079.0857142857142,5,508,1,0,0,34,4,50
0,142.0,0.0,267.0,4.0,238.0,23723.0,197.99999999999983,11959.0,40.4555549621582,6.761111259460449,13905.1669921875,21.255556106567383,3.0,5.0,34.03333282470703,15258.111328125,4780.857142857143,0.9071190357208252,26.917024612426758,245.85714285714286,1670.8876953125,1899.1142578125,-1.1866428852081299,1081.6,1,508,1,0,0,24,9,55
0,113.0,0.0011402508243918419,267.0,4.0,238.0,32327.0,182.81632653061206,9513.1669921875,34.93333435058594,6.5333333015441895,13438.4169921875,21.08333396911621,2.9000000953674316,4.900000095367432,35.04999923706055,15204.6669921875,4939.314285714286,0.9089999794960022,26.917499542236328,247.42857142857142,1673.1915283203125,1904.199951171875,-1.2928810119628906,1081.4571428571428,0,508,1,0,0,21,19,46
0,70.0,0.013683009892702103,267.0,4.0,238.0,32767.0,169.38775510204064,11837.5,37.58333206176758,7.066666603088379,15854.0,19.483333587646484,2.9000000953674316,5.0,34.70000076293945,18632.333984375,5056.571428571428,0.930142879486084,27.06761932373047,250.68571428571428,1682.615966796875,1911.6571044921875,-1.2898571491241455,1087.057142857143,3,508,1,0,0,31,1,33
0,,0.0034207524731755257,267.0,4.0,238.0,32767.0,156.06122448979576,9861.72265625,36.272220611572266,7.394444465637207,13895.828125,19.455554962158203,3.1666667461395264,5.127777576446533,34.400001525878906,19694.5,5236.171428571429,0.9486190676689148,27.13428497314453,247.88571428571427,1686.08544921875,1928.5714111328125,-1.3915714025497437,1093.142857142857,2,508,1,0,0,21,10,
0,69.0,0.46180158853530884,267.0,4.0,238.0,32767.0,156.06122448979576,13237.8330078125,35.93333435058594,10.199999809265137,15706.2001953125,19.616666793823242,3.700000047683716,5.099999904632568,33.78333282470703,18888.833984375,5145.6,0.9501190781593323,27.178451538085938,258.48571428571427,1720.2158203125,1904.5714111328125,-1.3863095045089722,1101.1142857142856,1,508,1,0,0,31,7,35
0,106.0,0.285062700510025,267.0,4.0,238.0,32767.0,129.8163265306122,14075.0,35.766666412353516,10.683333396911621,15247.0498046875,20.116666793823242,3.700000047683716,5.099999904632568,28.116666793823242,28771.0,4988.4,0.9635476469993591,27.25,261.85714285714283,1724.4261474609375,1909.800048828125,-1.368904709815979,1103.0285714285715,1,508,1,0,1,31,5,62
0,95.0,0.07981756329536438,267.0,4.0,238.0,32767.0,120.63265306122445,12936.0,33.016666412353516,10.283333778381348,14621.599609375,20.450000762939453,4.0,5.0,31.799999237060547,24360.333984375,4941.971428571429,0.9776190519332886,27.32476234436035,262.9428571428571,1728.2691650390625,1899.800048828125,-1.4117857217788696,1104.9142857142858,1,508,1,0,1,34,1,54
0,71.0,0.24743443727493286,267.0,4.0,238.0,32767.0,121.5306122448979,13121.8330078125,32.266666412353516,9.233333587646484,14875.716796875,18.950000762939453,3.5,5.099999904632568,30.316667556762695,18537.833984375,4826.171428571429,0.9848333597183228,27.299285888671875,267.4,1739.881591796875,1873.4000244140625,-1.492571473121643,1104.8285714285714,0,508,1,0,0,21,19,29
0,,0.0,267.0,4.0,238.0,32767.0,121.6122448979591,,40.81666564941406,10.399999618530273,,23.883333206176758,5.099999904632568,5.416666507720947,22.53333282470703,,4686.114285714286,1.014214277267456,27.48238182067871,275.51428571428573,1749.81103515625,1812.0,-1.6102619171142578,1107.4285714285713,0,508,1,0,1,34,4,
0,,0.12998859584331512,267.0,4.0,149.0,32767.0,122.4285714285713,18199.0,35.56666564941406,13.366666793823242,20262.599609375,21.649999618530273,4.099999904632568,5.083333492279053,20.53333282470703,29091.5,4639.142857142857,1.0569523572921753,27.606428146362305,291.42857142857144,1756.4525146484375,1766.7142333984375,-1.856881022453308,1100.4857142857143,0,540,1,0,1,24,3,
0,,0.0,267.0,4.0,149.0,32767.0,123.4897959183672,18712.0,37.88333511352539,12.583333015441895,18966.80078125,22.116666793823242,4.099999904632568,5.199999809265137,18.116666793823242,23392.0,4752.885714285714,1.068666696548462,27.679285049438477,290.74285714285713,1749.1617431640625,1734.228515625,-1.924380898475647,1097.8,0,508,1,0,1,41,6,
0,59.0,0.0,267.0,4.0,149.0,32767.0,125.22448979591819,14478.6669921875,39.29999923706055,12.300000190734863,11933.7001953125,20.766666412353516,4.699999809265137,5.0,26.049999237060547,22243.5,4712.428571428572,1.0584285259246826,27.62047576904297,311.8,1797.2763671875,1682.971435546875,-1.9757143259048462,1101.8857142857144,0,508,1,0,1,34,21,29
0,,0.015963511541485786,267.0,4.0,149.0,32767.0,127.44680851063809,17086.77734375,36.25,11.616666793823242,16738.9453125,21.172222137451172,4.366666793823242,5.400000095367432,22.894445419311523,26375.0,4786.4,1.0532618761062622,27.600833892822266,315.8285714285714,1804.4544677734375,1629.82861328125,-2.119452476501465,1099.7428571428572,1,540,1,0,1,24,11,
0,115.0,0.2223489135503769,267.0,4.0,149.0,32767.0,129.33333333333312,15882.6669921875,32.96666717529297,11.699999809265137,16089.216796875,20.96666717529297,3.700000047683716,5.099999904632568,24.08333396911621,24153.333984375,5052.257142857143,1.0709999799728394,27.63726234436035,301.0857142857143,1761.5787353515625,1622.4000244140625,-2.1649999618530273,1093.5142857142857,2,540,1,0,1,24,14,50
0,107.0,0.17103762924671173,267.0,4.0,149.0,32767.0,129.7906976744184,17732.166015625,30.28333282470703,13.399999618530273,19937.3671875,20.516666412353516,3.700000047683716,5.199999809265137,26.016666412353516,30250.333984375,5111.228571428572,1.0765951871871948,27.664880752563477,305.65714285714284,1769.97265625,1619.7427978515625,-2.1603569984436035,1095.942857142857,1,540,1,0,1,24,9,43
0,79.0,0.17445838451385498,286.0,2.0,285.0,1429.0,298.9183673469386,17794.333984375,29.866666793823242,0.3499999940395355,28523.216796875,26.149999618530273,9.300000190734863,4.349999904632568,12.800000190734863,67895.6640625,432.34285714285716,0.6677857041358948,26.663570404052734,21.8,1312.079833984375,2534.142822265625,-1.0485951900482178,1047.3714285714286,0,496,1,1,0,31,1,33
0,290.0,0.0,286.0,2.0,285.0,2749.0,268.10204081632634,14262.3330078125,29.600000381469727,1.7666666507720947,21217.56640625,25.53333282470703,5.400000095367432,4.2833333015441895,26.683332443237305,29227.666015625,445.3142857142857,0.5446666479110718,26.113691329956055,10.314285714285715,1339.1749267578125,2773.228515625,-0.9262381196022034,1043.1142857142856,0,496,1,0,0,21,35,103
1,77.0,0.20410490036010742,286.0,2.0,285.0,12428.0,260.79591836734664,14933.8330078125,30.25,1.5333333015441895,24471.19921875,27.316667556762695,5.400000095367432,4.233333110809326,22.866666793823242,26970.0,428.45714285714286,0.5684999823570251,26.239404678344727,7.4,1328.92724609375,2884.199951171875,-0.8714285492897034,1046.5142857142857,0,496,1,0,0,31,12,28
1,187.0,0.027366019785404205,286.0,2.0,296.0,5716.0,265.71428571428555,,27.183332443237305,2.4000000953674316,,26.266666412353516,5.400000095367432,4.2833333015441895,24.383333206176758,,438.0,0.5662381052970886,26.234285354614258,7.914285714285715,1325.0850830078125,2833.485595703125,-0.8614285588264465,1042.7142857142858,0,496,1,0,0,41,15,65
0,308.0,0.6944127678871155,286.0,2.0,296.0,1349.0,266.7959183673468,13450.0,32.96666717529297,1.0666667222976685,21978.55078125,27.21666717529297,5.400000095367432,4.2833333015441895,30.516666412353516,23707.333984375,468.77142857142854,0.5620238184928894,26.184642791748047,7.942857142857143,1324.9691162109375,2796.71435546875,-0.8285475969314575,1040.4571428571428,0,496,1,1,0,31,5,109
1,298.0,0.0057012541219592094,286.0,2.0,285.0,6214.0,266.7959183673468,14810.6669921875,26.41666603088379,2.366666555404663,21111.533203125,30.633333206176758,6.599999904632568,4.233333110809326,21.899999618530273,33854.66796875,468.9714285714286,0.5670952200889587,26.28499984741211,8.285714285714286,1333.9537353515625,2789.257080078125,-0.78166663646698,1047.6857142857143,0,496,1,0,0,21,15,107
1,353.0,0.0,286.0,2.0,285.0,8581.0,267.44897959183663,14384.3330078125,33.70000076293945,3.0166666507720947,20886.033203125,28.133333206176758,5.5,4.233333110809326,21.96666717529297,29785.166015625,473.2,0.5592619180679321,26.243572235107422,8.457142857142857,1335.3095703125,2777.314208984375,-0.7755952477455139,1046.1142857142856,0,496,1,0,0,21,35,135
1,149.0,0.0,286.0,2.0,285.0,3000.0,266.28571428571416,,,,,,,,,,495.9714285714286,0.571571409702301,26.29535675048828,8.028571428571428,1332.5133056640625,2757.8857421875,-0.6624047756195068,1048.0,0,496,1,0,0,41,3,53
1,52.0,0.3169897496700287,286.0,2.0,285.0,1449.0,266.28571428571416,15686.814453125,34.22962951660156,3.57962965965271,21259.443359375,26.659259796142578,5.877778053283691,4.394444465637207,26.883333206176758,55044.37109375,495.9714285714286,0.571571409702301,26.29535675048828,8.028571428571428,1332.5133056640625,2757.8857421875,-0.6624047756195068,1048.0,0,496,1,0,0,31,2,18
1,292.0,0.36145952343940735,286.0,2.0,285.0,2618.0,264.8979591836734,,,,,,,,,,506.45714285714286,0.576119065284729,26.331071853637695,8.0,1327.8582763671875,2768.39990234375,-0.5875238180160522,1046.7428571428572,0,496,1,0,0,21,31,102
1,173.0,0.38084378838539124,286.0,2.0,285.0,1563.0,249.9387755102039,13172.1669921875,31.133333206176758,2.0333333015441895,20746.017578125,26.08333396911621,5.599999904632568,4.233333110809326,28.266666412353516,44537.5,562.0,0.6165714263916016,26.588214874267578,7.428571428571429,1323.741455078125,2796.3427734375,-0.2984761893749237,1056.8,0,496,1,0,0,31,3,65
0,134.0,0.37514254450798035,286.0,2.0,296.0,2369.0,252.99999999999977,15346.3330078125,32.04999923706055,2.866666555404663,20594.93359375,27.53333282470703,6.199999809265137,4.233333110809326,23.566667556762695,28696.0,649.8857142857142,0.6358333230018616,26.71309471130371,7.228571428571429,1327.9769287109375,2859.199951171875,-0.20521430671215057,1065.0,2,474,1,0,1,21,4,62
1,69.0,0.0,286.0,2.0,296.0,8334.0,250.5306122448978,17064.666015625,39.79999923706055,4.416666507720947,21185.583984375,26.933332443237305,6.300000190734863,4.2166666984558105,15.800000190734863,41293.33203125,817.2,0.6795238256454468,27.079404830932617,10.657142857142857,1337.12060546875,2911.94287109375,0.07240475714206696,1077.8857142857144,0,474,1,0,0,34,3,25
0,216.0,0.12542758882045746,286.0,2.0,296.0,1526.0,248.93877551020393,14544.8330078125,36.04999923706055,3.0333333015441895,21999.8828125,27.600000381469727,5.0,4.25,28.799999237060547,72569.1640625,818.1714285714286,0.6716190576553345,26.999048233032227,10.2,1330.074462890625,2935.314208984375,0.09130952507257462,1071.6857142857143,0,474,1,0,1,41,1,98
0,177.0,0.7730900645256042,286.0,2.0,296.0,1082.0,261.7755102040814,13097.1669921875,33.88333511352539,3.7444443702697754,18873.27734375,25.383333206176758,5.233333587646484,4.172222137451172,27.450000762939453,25540.4453125,721.1428571428571,0.6502143144607544,27.150714874267578,18.34285714285714,1356.2003173828125,2752.82861328125,0.2134999930858612,1077.4285714285713,0,474,1,0,0,42,13,79
0,206.0,0.6328392028808594,286.0,2.0,285.0,1236.0,253.83673469387733,12572.1669921875,37.41666793823242,4.599999904632568,17935.43359375,24.700000762939453,5.099999904632568,4.083333492279053,25.549999237060547,24575.333984375,726.3428571428572,0.6525475978851318,27.255237579345703,21.285714285714285,1376.18994140625,2692.8857421875,0.29302382469177246,1088.4857142857143,1,496,1,0,0,31,20,91
0,278.0,0.8426454067230225,286.0,2.0,285.0,1154.0,240.95918367346917,13686.0,33.849998474121094,2.9000000953674316,29800.150390625,25.316667556762695,5.300000190734863,4.183333396911621,20.16666603088379,30491.5,721.3428571428572,0.6484047770500183,27.180952072143555,18.771428571428572,1372.059326171875,2747.800048828125,0.21840475499629974,1086.857142857143,0,496,1,0,0,21,35,124
1,135.0,0.034207526594400406,286.0,2.0,296.0,9703.0,240.10204081632637,14935.5,33.56666564941406,4.150000095367432,21530.599609375,26.83333396911621,5.599999904632568,4.5333333015441895,18.883333206176758,50034.5,740.4,0.6601666808128357,27.378095626831055,23.142857142857142,1377.81494140625,2663.371337890625,0.28004762530326843,1090.942857142857,0,474,1,0,0,21,21,50
1,101.0,0.0,286.0,2.0,285.0,10644.0,235.71428571428552,10672.9443359375,32.094444274902344,2.8888888359069824,16644.267578125,24.605554580688477,5.433333396911621,4.066666603088379,17.294443130493164,34419.27734375,754.2285714285714,0.6475714445114136,27.308095932006836,24.485714285714284,1382.4732666015625,2608.971435546875,0.3455476462841034,1089.2571428571428,0,496,1,0,0,31,23,36
1,174.0,0.0,286.0,2.0,285.0,10234.0,232.2653061224488,11646.0,37.483333587646484,3.2666666507720947,14528.466796875,24.883333206176758,5.300000190734863,4.0,21.633333206176758,56351.0,770.5142857142857,0.6414047479629517,27.3028564453125,28.771428571428572,1389.452392578125,2530.371337890625,0.40307143330574036,1087.7714285714285,0,496,1,0,0,34,21,68
1,250.0,0.0,286.0,2.0,285.0,15297.0,231.93877551020395,11482.3330078125,32.483333587646484,2.7166666984558105,15011.466796875,21.766666412353516,4.599999904632568,4.050000190734863,16.316667556762695,28222.0,787.8571428571429,0.6484761834144592,27.314167022705078,30.057142857142857,1390.55615234375,2492.771484375,0.3791428506374359,1088.0,0,496,1,0,0,24,26,104
0,287.0,0.8551881313323975,286.0,2.0,248.0,1052.0,243.93877551020395,12763.0,34.599998474121094,3.2333333492279053,38389.96484375,24.816667556762695,4.199999809265137,4.050000190734863,16.049999237060547,24848.0,902.9142857142857,0.6161428689956665,27.11190414428711,41.628571428571426,1409.947998046875,2298.914306640625,0.46064284443855286,1078.857142857143,0,473,1,0,0,21,26,129
0,,0.0,286.0,2.0,248.0,2658.0,247.95918367346928,18631.0,31.5,3.700000047683716,25408.19921875,25.700000762939453,6.0,4.849999904632568,15.116666793823242,38978.66796875,912.2857142857143,0.6197142601013184,27.18940544128418,41.74285714285714,1411.486083984375,2312.857177734375,0.441095232963562,1081.7428571428572,0,473,1,0,0,41,1,
0,36.0,0.0,286.0,2.0,248.0,4283.0,246.53061224489784,17802.0,36.266666412353516,4.333333492279053,22938.19921875,25.683332443237305,6.5,5.0,16.433332443237305,52056.5,943.7428571428571,0.6090952157974243,27.152023315429688,44.34285714285714,1415.7625732421875,2283.771484375,0.4420476257801056,1079.3714285714286,0,473,1,0,0,34,1,11
1,278.0,0.285062700510025,286.0,2.0,248.0,1778.0,248.08163265306104,17903.388671875,37.95000076293945,2.3333332538604736,18360.193359375,22.200000762939453,4.666666507720947,4.099999904632568,21.455556869506836,38993.0,975.9428571428572,0.6020476222038269,27.039403915405273,41.885714285714286,1404.19091796875,2332.17138671875,0.429666668176651,1071.7142857142858,0,473,1,0,0,41,8,107
0,350.0,0.906499445438385,286.0,2.0,248.0,1095.0,254.32653061224468,14156.5,26.066667556762695,2.200000047683716,17372.400390625,22.683332443237305,4.599999904632568,4.116666793823242,15.899999618530273,21541.5,1038.3142857142857,0.6101428270339966,27.062618255615234,38.142857142857146,1419.3116455078125,2439.3427734375,0.3163571357727051,1086.142857142857,0,473,1,0,0,34,26,157
0,252.0,0.7502850890159607,286.0,2.0,248.0,1278.0,253.89795918367324,13618.5,29.96666717529297,1.9166666269302368,16262.5,22.049999237060547,4.599999904632568,3.9666666984558105,13.883333206176758,20718.0,1066.2857142857142,0.6075237989425659,27.046905517578125,38.714285714285715,1424.3267822265625,2453.428466796875,0.32907143235206604,1088.0,0,473,1,0,0,34,35,113
0,298.0,0.9144811630249023,286.0,2.0,248.0,1086.0,254.55102040816303,15038.388671875,27.683332443237305,2.0333333015441895,16592.9609375,21.69999885559082,4.666666507720947,4.0333333015441895,14.133333206176758,22138.66796875,1080.2857142857142,0.6085000038146973,27.04702377319336,38.57142857142857,1426.4473876953125,2466.6572265625,0.3303571343421936,1089.4857142857143,0,473,1,0,0,24,30,134
1,257.0,0.3968072831630707,286.0,2.0,248.0,3012.0,254.9183673469386,12661.8330078125,29.799999237060547,3.2833333015441895,17246.68359375,23.950000762939453,4.800000190734863,3.950000047683716,15.300000190734863,24153.333984375,1116.2571428571428,0.6209285855293274,27.120237350463867,39.8,1431.156982421875,2498.971435546875,0.32607144117355347,1094.3142857142857,0,473,1,0,0,21,30,87
0,224.0,0.6773090362548828,286.0,2.0,248.0,1471.0,255.24489795918342,12132.0,25.633333206176758,2.9166667461395264,15628.3837890625,22.600000381469727,4.300000190734863,4.083333492279053,12.649999618530273,21692.333984375,1140.2571428571428,0.6225952506065369,27.101905822753906,40.65714285714286,1438.716796875,2506.971435546875,0.30526190996170044,1097.8857142857144,0,482,1,0,0,21,29,73
0,268.0,0.692132294178009,286.0,2.0,248.0,3929.0,255.7142857142854,13127.5,32.93333435058594,2.133333444595337,15786.0439453125,24.63888931274414,4.666666507720947,4.083333492279053,19.19444465637207,26970.5,1164.5714285714287,0.6221666932106018,27.097143173217773,40.114285714285714,1435.2459716796875,2555.142822265625,0.2687380909919739,1096.2285714285715,0,473,1,0,0,21,27,88
1,237.0,0.5210946202278137,286.0,2.0,248.0,2538.0,255.7142857142854,15484.9443359375,35.10000228881836,3.3388888835906982,17151.095703125,24.155555725097656,4.800000190734863,4.194444179534912,14.794445037841797,39721.5,1164.5714285714287,0.6221666932106018,27.097143173217773,40.114285714285714,1435.2459716796875,2555.142822265625,0.2687380909919739,1096.2285714285715,0,473,1,0,0,21,20,84
0,247.0,0.09122006595134735,286.0,2.0,248.0,1388.0,237.69387755102028,12538.3330078125,29.28333282470703,2.0833332538604736,18308.732421875,23.100000381469727,5.099999904632568,4.233333110809326,24.350000381469727,19665.666015625,1554.0,0.6848333477973938,27.18595314025879,71.48571428571428,1433.2724609375,2621.8857421875,0.05033334717154503,1075.2,1,473,1,0,0,31,1,100
1,286.0,0.0,286.0,2.0,248.0,4222.0,234.44897959183686,18476.388671875,36.594444274902344,5.0,22891.35546875,24.5222225189209,5.199999809265137,4.555555820465088,14.050000190734863,46585.33203125,1575.8,0.7030714154243469,27.292499542236328,78.2,1434.5025634765625,2606.54296875,0.026309534907341003,1073.9714285714285,0,473,1,0,0,31,4,104
1,250.0,0.0,286.0,2.0,271.0,11608.0,230.57142857142838,21495.0,32.31666564941406,2.7333333492279053,21515.0,23.08333396911621,5.400000095367432,4.5333333015441895,13.933333396911621,36788.0,1586.7714285714285,0.7243333458900452,27.433332443237305,84.02857142857142,1441.587158203125,2575.371337890625,0.055761899799108505,1078.1714285714286,1,482,1,0,0,31,26,110
1,239.0,0.0,286.0,2.0,271.0,7963.0,223.7551020408162,20085.666015625,32.66666793823242,2.433333396911621,20820.0,23.799999237060547,5.800000190734863,4.5333333015441895,13.399999618530273,33897.5,1643.6,0.7263571619987488,27.399999618530273,91.42857142857143,1434.146728515625,2488.028564453125,0.08128571510314941,1066.2571428571428,1,482,1,0,0,34,14,105
1,128.22611139398123,0.0,286.0,2.0,271.0,6392.0,223.7551020408162,17406.111328125,33.64444351196289,2.4833333492279053,21477.40625,24.05555534362793,5.366666793823242,4.550000190734863,17.21666717529297,27092.556640625,1651.9142857142858,0.7308333516120911,27.420000076293945,95.57142857142857,1440.1990966796875,2444.428466796875,0.09250000864267349,1066.7428571428572,0,482,1,0,0,31,14,45
0,5.0,0.0,286.0,2.0,271.0,6973.0,221.38775510204064,,,,,,,,,,1662.0857142857142,0.7399285435676575,27.46309471130371,101.17142857142858,1446.828857421875,2402.54296875,0.11233332753181458,1067.2571428571428,0,482,1,0,0,31,1,1
1,158.0,0.0,286.0,2.0,248.0,18859.0,215.95918367346917,15657.1669921875,34.36666488647461,3.450000047683716,19491.833984375,21.649999618530273,4.900000095367432,4.583333492279053,15.716666221618652,31276.5,1857.5714285714287,0.72945237159729,27.356666564941406,119.45714285714286,1454.28515625,2203.771484375,0.22088095545768738,1049.3714285714286,1,473,1,0,0,34,31,55
1,145.0,0.0,267.0,4.0,248.0,16881.0,215.99999999999974,,33.29999923706055,2.2166666984558105,,21.883333206176758,4.300000190734863,4.449999809265137,21.21666717529297,,1888.2,0.7348571419715881,27.381309509277344,119.45714285714286,1446.0660400390625,2193.485595703125,0.23430952429771423,1045.3714285714286,0,473,1,0,0,21,30,52
0,25.0,0.0,296.0,1.0,248.0,15135.0,219.0612244897957,16648.666015625,36.20000076293945,2.9000000953674316,19811.333984375,26.33333396911621,5.0,4.683333396911621,16.03333282470703,39584.66796875,2013.3428571428572,0.7253095507621765,27.31357192993164,116.28571428571429,1438.67138671875,2192.45703125,0.2819523811340332,1041.8857142857144,0,473,1,0,0,21,15,9
1,110.0,0.0,286.0,2.0,248.0,22394.0,218.4285714285712,14801.0,32.83333206176758,2.2666666507720947,19199.849609375,22.08333396911621,4.5,4.483333110809326,11.133333206176758,23426.0,2062.8285714285716,0.7440237998962402,27.378570556640625,115.48571428571428,1438.0706787109375,2196.6572265625,0.2944047749042511,1045.942857142857,0,473,1,0,0,31,2,47
1,181.9350097430454,0.0,296.0,3.0,248.0,25086.0,221.9795918367345,15194.0,34.86666488647461,3.7166666984558105,20431.06640625,20.433332443237305,4.400000095367432,4.583333492279053,16.5,25801.5,2109.2571428571428,0.7507857084274292,27.407499313354492,120.88571428571429,1452.7764892578125,2172.71435546875,0.31707140803337097,1051.3428571428572,0,473,1,0,0,24,31,74
1,,0.0,296.0,3.0,248.0,16398.0,224.99999999999977,12018.3330078125,38.266666412353516,2.116666555404663,21410.93359375,22.516666412353516,5.800000190734863,4.300000190734863,17.299999237060547,19577.166015625,2243.4,0.7519523501396179,27.363452911376953,106.31428571428572,1418.08984375,2227.914306640625,0.3529761731624603,1044.142857142857,2,482,1,0,0,21,1,
1,62.0,0.0,296.0,3.0,271.0,21269.0,231.12244897959167,12547.6669921875,33.349998474121094,2.633333444595337,18825.3671875,22.633333206176758,5.199999809265137,4.349999904632568,13.449999809265137,22213.666015625,2314.457142857143,0.7645000219345093,27.42357063293457,105.8,1415.6278076171875,2233.0,0.36900001764297485,1046.6857142857143,0,482,1,0,0,31,35,24
1,31.0,0.0,296.0,3.0,248.0,24926.0,231.12244897959167,15172.5,35.599998474121094,3.566666603088379,22208.267578125,21.450000762939453,4.699999809265137,4.683333396911621,8.766666412353516,24895.5,2364.714285714286,0.7598333358764648,27.39369010925293,106.82857142857142,1422.6893310546875,2228.45703125,0.382999986410141,1048.857142857143,2,473,1,0,0,41,2,17
1,165.0,0.0,286.0,2.0,271.0,20851.0,233.63265306122432,15434.8330078125,38.93333435058594,3.0999999046325684,23133.666015625,22.683332443237305,5.0,4.650000095367432,7.800000190734863,31283.666015625,2420.342857142857,0.7676428556442261,27.4084529876709,103.0,1416.3958740234375,2241.771484375,0.4104999899864197,1050.1142857142856,0,482,1,0,0,34,18,61
1,185.0,0.0,286.0,2.0,271.0,16092.0,234.99999999999977,16649.666015625,35.86666488647461,2.933333396911621,19841.666015625,22.049999237060547,4.699999809265137,5.099999904632568,11.033333778381348,22772.0,2496.4285714285716,0.7762143015861511,27.440832138061523,98.94285714285714,1410.8570556640625,2275.371337890625,0.4265476167201996,1053.3428571428572,1,482,1,0,0,34,21,88
1,131.0,0.0,286.0,2.0,272.0,9053.0,234.9795918367345,17018.0,34.06666564941406,2.9166667461395264,20986.599609375,24.183332443237305,4.5,4.683333396911621,9.533333778381348,32644.0,2529.4285714285716,0.7860237956047058,27.47249984741211,96.71428571428571,1414.3553466796875,2266.71435546875,0.44214287400245667,1060.7142857142858,0,497,1,0,0,31,27,51
1,64.08552233318676,0.0,286.0,2.0,272.0,17883.0,234.81632653061203,15516.3330078125,40.233333587646484,2.0999999046325684,19155.900390625,23.83333396911621,5.599999904632568,4.400000095367432,20.100000381469727,29714.0,2635.5142857142855,0.7996428608894348,27.53333282470703,96.0,1422.0390625,2273.085693359375,0.4565476179122925,1069.2,0,497,1,0,0,21,9,23
0,129.0,0.19042189419269562,286.0,2.0,272.0,10583.0,230.142857142857,13027.5556640625,41.016666412353516,2.566666603088379,17535.833984375,22.2722225189209,4.666666507720947,4.222222328186035,24.511112213134766,23259.0,2675.057142857143,0.7860952615737915,27.41797637939453,87.14285714285714,1413.2943115234375,2319.085693359375,0.46269047260284424,1069.4285714285713,1,497,1,0,0,21,21,51
0,193.0,0.09007981419563293,296.0,3.0,272.0,8425.0,229.46938775510188,14641.6669921875,30.33333396911621,2.616666555404663,18317.232421875,22.21666717529297,4.5,4.449999809265137,14.800000190734863,23260.666015625,2787.3714285714286,0.8100237846374512,27.52857208251953,89.48571428571428,1418.9879150390625,2304.914306640625,0.46464288234710693,1076.942857142857,0,497,1,0,0,31,3,78
1,220.0,0.049030788242816925,296.0,3.0,272.0,7096.0,224.0408163265305,12939.0,34.16666793823242,1.8666666746139526,18902.783203125,21.75,4.5,4.183333396911621,25.933332443237305,24977.333984375,2850.4285714285716,0.8098095059394836,27.5141658782959,88.82857142857142,1416.030517578125,2307.685791015625,0.46857142448425293,1075.5428571428572,2,497,1,0,0,31,2,88
0,84.0,0.14367160201072693,296.0,3.0,272.0,11875.0,214.75510204081624,19138.333984375,36.849998474121094,2.7333333492279053,19421.232421875,24.133333206176758,4.300000190734863,4.550000190734863,15.949999809265137,36711.33203125,2957.2571428571428,0.8395000100135803,27.616546630859375,85.2,1410.22314453125,2353.371337890625,0.4704761803150177,1083.057142857143,1,497,1,0,0,31,5,31
0,,0.0,296.0,3.0,272.0,20262.0,212.73469387755094,12174.0,34.93333435058594,3.133333444595337,18450.75,21.96666717529297,4.400000095367432,4.483333110809326,20.350000381469727,34873.5,3086.114285714286,0.8503333330154419,27.692975997924805,93.45714285714286,1422.08837890625,2281.914306640625,0.4337618947029114,1085.2571428571428,0,482,1,0,0,21,4,
1,163.0,0.0,296.0,3.0,271.0,23238.0,211.8163265306122,13548.5,40.016666412353516,3.0166666507720947,18940.8828125,24.21666717529297,5.0,4.400000095367432,13.316666603088379,24787.0,3136.8285714285716,0.8463809490203857,27.6634521484375,95.2,1426.154052734375,2270.39990234375,0.4533809721469879,1084.7428571428572,1,482,1,0,0,21,17,76
1,171.0,0.0,296.0,3.0,271.0,25600.0,211.97959183673464,17591.0,39.66666793823242,2.7666666507720947,20101.5,24.316667556762695,5.599999904632568,4.5,17.516666412353516,30874.0,3246.4857142857145,0.8591190576553345,27.712738037109375,97.6,1425.681396484375,2260.771484375,0.44035711884498596,1084.8857142857144,0,482,1,0,0,21,19,84
1,86.0,0.0,296.0,3.0,271.0,21562.0,211.8163265306122,,,,,,,,,34972.66796875,3305.114285714286,0.8600000143051147,27.705238342285156,99.57142857142857,1429.29833984375,2249.54296875,0.4348333477973938,1085.2571428571428,0,482,1,1,0,34,34,41
1,133.0,0.0,296.0,3.0,271.0,14669.0,223.32653061224474,16246.0,42.233333587646484,3.4833333492279053,18072.80078125,22.25,5.099999904632568,4.483333110809326,19.299999237060547,38933.5,3503.0,0.8409523963928223,27.593570709228516,100.48571428571428,1427.799560546875,2232.199951171875,0.41638094186782837,1080.6285714285714,0,511,1,0,0,34,14,52
1,126.0,0.0,296.0,3.0,271.0,14931.0,223.32653061224474,14240.3330078125,41.41666793823242,2.7833333015441895,18337.599609375,22.766666412353516,5.0,4.25,20.549999237060547,66226.0,3506.342857142857,0.8378333449363708,27.555952072143555,103.65714285714286,1433.7420654296875,2216.71435546875,0.40495237708091736,1079.7714285714285,1,511,1,0,0,21,26,49
1,188.0,0.0057012541219592094,296.0,3.0,271.0,19570.0,222.73469387755088,13652.7783203125,36.71110916137695,2.4666666984558105,18425.421875,22.27777862548828,4.800000190734863,4.372221946716309,21.427778244018555,23674.943359375,3474.114285714286,0.8553095459938049,27.612024307250977,105.28571428571429,1442.12451171875,2211.257080078125,0.4013095200061798,1087.4,0,511,1,0,0,21,35,79
0,166.0,0.0034207524731755257,296.0,3.0,271.0,13949.0,223.5510204081631,16812.888671875,34.85555648803711,3.4777777194976807,18627.1484375,22.127777099609375,4.733333110809326,4.516666412353516,19.89444351196289,22966.388671875,3568.7714285714287,0.8695714473724365,27.66797637939453,106.6,1423.7452392578125,2186.857177734375,0.3827381134033203,1078.2571428571428,1,482,1,0,0,31,2,71
1,171.0,0.0,267.0,4.0,271.0,13603.0,223.5306122448978,13468.6669921875,37.20000076293945,3.1666667461395264,18481.333984375,22.66666603088379,4.800000190734863,4.550000190734863,16.383333206176758,22093.333984375,3568.7714285714287,0.8695714473724365,27.66797637939453,106.6,1423.7452392578125,2186.857177734375,0.3827381134033203,1078.2571428571428,1,482,1,0,0,41,17,65
1,197.0,0.13226909935474396,267.0,4.0,271.0,10321.0,222.67346938775492,15082.6669921875,37.016666412353516,2.6666667461395264,20495.466796875,21.78333282470703,4.599999904632568,4.300000190734863,27.549999237060547,30486.666015625,3519.3714285714286,0.8742619156837463,27.677738189697266,106.25714285714285,1423.68017578125,2167.371337890625,0.38364285230636597,1080.3142857142857,0,482,1,0,0,31,2,73
0,162.0,0.21208666265010834,267.0,4.0,293.0,16199.0,223.10204081632634,16419.5,37.54999923706055,6.433333396911621,19008.849609375,22.399999618530273,4.900000095367432,4.25,27.066667556762695,24879.0,3458.714285714286,0.8762618899345398,27.697738647460938,104.65714285714286,1417.7554931640625,2157.685791015625,0.3778095245361328,1079.0,0,482,1,0,0,31,10,69
0,188.98476904104558,0.28620296716690063,267.0,4.0,293.0,11970.0,221.16326530612227,16265.5,41.233333587646484,5.233333110809326,20976.44921875,22.799999237060547,5.300000190734863,4.349999904632568,15.75,35373.5,3425.2,0.8725952506065369,27.665714263916016,103.8,1415.1937255859375,2154.199951171875,0.38880953192710876,1077.9142857142858,0,476,1,0,0,21,34,76
1,267.0,0.0,296.0,3.0,293.0,3861.0,220.5714285714284,14899.5,38.45000076293945,1.8833333253860474,20240.666015625,23.03333282470703,5.900000095367432,4.25,26.0,24933.333984375,3351.457142857143,0.8624523878097534,27.618213653564453,103.28571428571429,1418.410400390625,2123.17138671875,0.37447619438171387,1078.6,2,476,1,0,0,31,19,137
1,199.0,0.03876852989196777,296.0,3.0,293.0,4805.0,219.97959183673456,17183.166015625,36.75,3.872222423553467,19156.7890625,22.177778244018555,4.9666666984558105,4.316666603088379,25.788888931274414,24127.77734375,3251.4,0.8613571524620056,27.615833282470703,100.31428571428572,1422.6951904296875,2088.771484375,0.3721904754638672,1083.8,2,476,1,0,0,31,10,74
1,134.0,0.0,296.0,3.0,293.0,8983.0,221.14285714285703,19479.0,31.46666717529297,3.816666603088379,20069.333984375,22.28333282470703,5.0,4.349999904632568,21.5,29242.5,3179.6857142857143,0.8713809847831726,27.715118408203125,97.25714285714285,1428.480712890625,2044.8857421875,0.365619033575058,1093.4857142857143,2,476,1,0,0,34,3,61
0,30.0,0.0,296.0,3.0,293.0,8907.0,217.18367346938754,14419.5,34.93333435058594,3.75,19345.982421875,23.566667556762695,5.5,4.7833333015441895,24.766666412353516,34217.33203125,3145.542857142857,0.8653809428215027,27.69976234436035,94.94285714285714,1424.748046875,2058.514404296875,0.36964285373687744,1092.4571428571428,0,476,1,0,0,41,2,10
1,104.0,0.3375142514705658,296.0,3.0,293.0,5790.0,228.40816326530597,17335.5,37.06666564941406,3.366666555404663,20343.150390625,24.049999237060547,4.699999809265137,4.650000095367432,23.25,38123.33203125,3173.285714285714,0.8626904487609863,27.669166564941406,92.88571428571429,1441.9383544921875,2006.94287109375,0.37409523129463196,1103.8857142857144,0,476,1,0,0,31,5,43
0,148.0,0.04332953318953514,296.0,3.0,293.0,7939.0,233.10204081632642,21604.833984375,37.56666564941406,3.2833333015441895,20300.166015625,24.799999237060547,5.5,4.433333396911621,25.66666603088379,56374.83203125,3117.6857142857143,0.8676905035972595,27.719999313354492,89.68571428571428,1437.2105712890625,2011.7142333984375,0.3554762005805969,1106.0285714285715,0,476,1,0,0,21,33,53
0,179.0,0.638540506362915,296.0,3.0,293.0,2452.0,239.53061224489778,16234.3330078125,42.599998474121094,3.0333333015441895,16548.267578125,22.25,4.300000190734863,4.25,30.21666717529297,22060.0,3079.4,0.8628095388412476,27.70404815673828,89.71428571428571,1436.7705078125,2053.142822265625,0.3247142732143402,1104.7142857142858,1,476,1,0,0,41,6,77
0,117.0,0.25313568115234375,296.0,3.0,293.0,2298.0,245.20408163265287,11106.5,48.54999923706055,1.7000000476837158,15698.81640625,22.983333587646484,4.699999809265137,4.349999904632568,33.70000076293945,47819.33203125,3032.0857142857144,0.8416904807090759,27.5721435546875,91.94285714285714,1441.921142578125,2117.17138671875,0.29257145524024963,1100.0,1,476,1,0,0,31,10,48
1,185.0,0.2633979618549347,296.0,3.0,293.0,2927.0,252.55102040816305,15985.5,50.33333206176758,3.116666555404663,23266.80078125,25.116666793823242,4.800000190734863,4.5333333015441895,27.866666793823242,37363.33203125,2986.1428571428573,0.8305952548980713,27.53761863708496,93.34285714285714,1444.82861328125,2205.800048828125,0.26509523391723633,1098.4571428571428,1,476,1,0,0,41,8,66
0,274.0,0.5632839202880859,296.0,1.0,293.0,1174.0,259.69387755102025,17087.0,43.233333587646484,2.049999952316284,22550.30078125,23.316667556762695,5.0,4.25,31.799999237060547,40103.0,2941.542857142857,0.8269523978233337,27.537857055664062,97.82857142857142,1455.5535888671875,2261.628662109375,0.23247618973255157,1101.0,2,476,1,0,0,31,23,102
0,250.0,0.517673909664154,286.0,2.0,293.0,1162.0,266.4693877551019,12120.0,50.28333282470703,3.7666666507720947,19852.6328125,23.46666717529297,5.300000190734863,4.25,34.5,31778.0,2973.2285714285713,0.8197857141494751,27.495595932006836,96.14285714285714,1447.97119140625,2303.6572265625,0.22176189720630646,1095.9142857142858,0,476,1,0,0,31,5,108
0,98.0,0.4401368200778961,286.0,2.0,293.0,1664.0,271.6326530612243,14414.3330078125,45.150001525878906,3.6500000953674316,17916.56640625,22.299999237060547,4.800000190734863,4.083333492279053,40.88333511352539,22896.166015625,2909.9142857142856,0.8133809566497803,27.47940444946289,98.37142857142857,1455.2213134765625,2305.514404296875,0.20530954003334045,1097.5428571428572,1,476,1,0,0,41,2,36
0,311.0,0.583808422088623,286.0,2.0,293.0,1210.0,266.75510204081615,14804.6669921875,47.75,2.866666555404663,17192.56640625,22.91666603088379,4.699999809265137,4.150000095367432,37.33333206176758,21643.333984375,2834.8571428571427,0.8108333349227905,27.483928680419922,101.94285714285714,1469.5570068359375,2308.857177734375,0.1831190437078476,1102.2857142857142,1,476,1,1,0,21,3,122
0,91.0,0.5963512063026428,286.0,2.0,293.0,2005.0,276.30612244897935,12187.3330078125,40.63333511352539,1.649999976158142,15932.2001953125,23.149999618530273,5.0,4.2833333015441895,42.81666564941406,19599.666015625,2844.4,0.8219047784805298,27.580951690673828,104.4,1465.076171875,2295.742919921875,0.16809523105621338,1100.942857142857,0,476,1,1,0,21,2,37
0,82.0,0.785632848739624,286.0,2.0,293.0,4254.0,276.1836734693875,13882.8330078125,40.88333511352539,3.4166667461395264,16808.6171875,24.116666793823242,4.900000095367432,4.199999809265137,45.099998474121094,22582.666015625,2900.2285714285713,0.8144524097442627,27.521190643310547,105.91428571428571,1458.45751953125,2287.71435546875,0.15588095784187317,1093.0,2,476,1,1,0,31,13,33
1,235.0,0.2713797092437744,296.0,3.0,293.0,1646.0,272.4489795918365,13142.9443359375,39.97222137451172,3.9666664600372314,20305.455078125,22.288888931274414,4.366666793823242,4.094444274902344,40.372222900390625,23551.443359375,2959.9714285714285,0.791785717010498,27.385000228881836,115.02857142857142,1464.826171875,2207.142822265625,0.12276191264390945,1082.7428571428572,0,476,1,1,0,42,32,93
0,22.0,0.5416191816329956,296.0,3.0,293.0,1082.0,265.75510204081615,11294.3330078125,34.41666793823242,1.9666666984558105,17296.599609375,21.299999237060547,4.599999904632568,4.183333396911621,48.349998474121094,20206.0,3004.4285714285716,0.790142834186554,27.393095016479492,121.4,1474.98486328125,2151.085693359375,0.08392856270074844,1083.6571428571428,0,476,1,0,0,42,8,9
0,201.0,0.557582676410675,296.0,3.0,293.0,1236.0,267.4489795918366,12444.3330078125,36.016666412353516,1.9500000476837158,18549.0,21.66666603088379,4.300000190734863,4.099999904632568,47.650001525878906,21122.833984375,3053.6857142857143,0.7917380928993225,27.394285202026367,123.22857142857143,1468.8203125,2130.54296875,0.03861904516816139,1078.5714285714287,2,476,1,0,0,21,20,87
1,224.0,0.0022805016487836838,296.0,3.0,293.0,1757.0,274.83673469387736,16615.666015625,41.56666564941406,7.650000095367432,20043.267578125,22.566667556762695,5.400000095367432,4.400000095367432,31.91666603088379,29532.833984375,3024.3142857142857,0.7979285717010498,27.40678596496582,124.54285714285714,1469.2030029296875,2118.82861328125,0.021309513598680496,1078.8,0,476,1,0,0,31,22,108
0,123.0,0.5290763974189758,296.0,3.0,293.0,1309.0,284.97959183673447,12310.0,35.41666793823242,3.9666666984558105,18153.400390625,21.649999618530273,4.400000095367432,4.150000095367432,51.233333587646484,19847.0,3032.6857142857143,0.7887619137763977,27.31464195251465,132.28571428571428,1481.0318603515625,2071.8857421875,-0.0741666778922081,1075.3714285714286,0,476,1,0,0,21,13,66
0,242.0,0.5644241571426392,296.0,3.0,293.0,1247.0,284.97959183673447,12310.0,35.41666793823242,3.9666666984558105,18153.400390625,21.649999618530273,4.400000095367432,4.150000095367432,51.233333587646484,19847.0,3032.6857142857143,0.7887619137763977,27.31464195251465,132.28571428571428,1481.0318603515625,2071.8857421875,-0.0741666778922081,1075.3714285714286,1,476,1,0,0,41,13,131
0,209.0,0.8836944103240967,296.0,3.0,293.0,1111.0,289.8367346938773,11449.0,38.5,4.816666603088379,22524.75,21.266666412353516,4.699999809265137,4.050000190734863,42.599998474121094,21854.5,3065.457142857143,0.7666190266609192,27.0959529876709,133.77142857142857,1484.495849609375,2043.3428955078125,-0.04095238074660301,1069.8857142857144,0,476,1,0,0,42,13,114
0,300.0,0.9304447174072266,296.0,3.0,293.0,1027.0,294.16326530612224,14740.5,32.16666793823242,8.883333206176758,26345.900390625,20.91666603088379,4.599999904632568,4.050000190734863,49.38333511352539,24886.166015625,3099.5714285714284,0.7621904611587524,27.066547393798828,135.74285714285713,1491.640625,2031.82861328125,-0.03411904349923134,1071.5142857142857,0,476,1,0,0,42,13,163
0,261.0,0.851767361164093,296.0,3.0,293.0,1124.0,296.4693877551018,13790.611328125,34.78889083862305,3.316666603088379,23788.0,21.955554962158203,4.699999809265137,4.122221946716309,49.738887786865234,20634.5,3126.1714285714284,0.7530714273452759,27.003808975219727,134.9142857142857,1489.2760009765625,2016.3143310546875,-0.011666672304272652,1068.5142857142857,0,476,1,0,0,41,9,142
0,341.0,0.972633957862854,267.0,4.0,293.0,1090.0,264.99999999999983,11303.5,28.53333282470703,3.9833333492279053,16942.283203125,21.200000762939453,4.099999904632568,4.050000190734863,61.78333282470703,16846.166015625,2953.9714285714285,0.6965476274490356,26.559165954589844,157.17142857142858,1504.0623779296875,1942.5714111328125,-0.11799998581409454,1042.4,0,476,1,0,1,21,34,143
0,159.0,0.5347776412963867,267.0,4.0,293.0,2080.0,260.59183673469363,12422.5,27.116666793823242,4.183333396911621,17811.31640625,23.933332443237305,4.099999904632568,4.349999904632568,61.11666488647461,20023.833984375,2851.4,0.7216428518295288,26.90416717529297,186.71428571428572,1566.879150390625,1874.2572021484375,-0.10719048976898193,1059.2857142857142,0,476,1,0,1,21,27,64
0,123.0,0.4321550726890564,267.0,4.0,293.0,3326.0,258.67346938775484,11638.6669921875,26.933332443237305,3.0833332538604736,18291.75,24.399999618530273,4.199999809265137,4.2833333015441895,61.599998474121094,22913.333984375,2809.657142857143,0.7448809742927551,27.175357818603516,198.2,1585.26171875,1850.6285400390625,-0.13271430134773254,1067.0285714285715,3,476,1,0,1,21,5,51
1,194.0,0.216647669672966,267.0,4.0,293.0,1517.0,258.12244897959164,10767.8330078125,26.149999618530273,3.3333332538604736,16906.6328125,22.03333282470703,4.199999809265137,4.050000190734863,63.516666412353516,28948.5,2895.4857142857145,0.7441428303718567,27.173213958740234,182.71428571428572,1527.5638427734375,1882.82861328125,-0.12892858684062958,1047.2285714285715,1,476,1,0,1,21,17,100
0,280.0,0.9281641840934753,267.0,4.0,283.0,1055.0,265.4693877551018,10545.5,35.0,5.099999904632568,17589.75,21.950000762939453,3.9000000953674316,4.133333206176758,44.16666793823242,17810.333984375,2930.6857142857143,0.6334047913551331,26.068096160888672,170.17142857142858,1508.1529541015625,1885.7142333984375,-0.14352384209632874,1010.7428571428571,0,507,1,0,1,31,34,151
0,291.0,0.24743443727493286,267.0,4.0,283.0,1326.0,270.04081632653043,11184.3330078125,31.233333587646484,2.6666667461395264,16781.833984375,20.899999618530273,3.9000000953674316,4.366666793823242,60.483333587646484,19080.666015625,2960.057142857143,0.6334999799728394,26.085952758789062,168.22857142857143,1496.84521484375,1883.5714111328125,-0.1690952479839325,1006.8,0,507,1,0,1,42,30,133
0,301.0,0.13683010637760162,267.0,4.0,283.0,1585.0,274.4897959183672,11216.8330078125,34.81666564941406,3.8499999046325684,16664.982421875,21.616666793823242,4.099999904632568,4.383333206176758,54.45000076293945,18431.333984375,2958.885714285714,0.654619038105011,26.415475845336914,173.14285714285714,1495.6654052734375,1851.914306640625,-0.22914287447929382,1010.8857142857142,1,507,1,0,0,31,12,145
0,204.0,0.3375142514705658,267.0,4.0,283.0,2324.0,276.7755102040815,9971.6669921875,35.91666793823242,3.200000047683716,15916.2666015625,21.516666412353516,4.099999904632568,4.2833333015441895,52.483333587646484,19020.0,2978.714285714286,0.6305000185966492,26.157737731933594,177.54285714285714,1499.2835693359375,1835.028564453125,-0.2521904706954956,998.9714285714285,0,507,1,0,0,21,2,112
0,134.0,0.5370581746101379,267.0,4.0,283.0,1124.0,275.9183673469386,16111.6669921875,43.36666488647461,6.383333206176758,17808.0,24.883333206176758,4.0,4.2833333015441895,41.53333282470703,19674.666015625,2997.657142857143,0.6183809638023376,26.038333892822266,182.42857142857142,1503.5201416015625,1802.085693359375,-0.3128095269203186,992.6,0,507,1,0,0,41,11,54
0,131.0,0.6898517608642578,267.0,4.0,283.0,1108.0,271.9795918367344,11403.5,34.25,6.266666889190674,16894.033203125,23.866666793823242,3.9000000953674316,4.400000095367432,45.349998474121094,18805.0,2989.2,0.6295714378356934,26.195833206176758,188.5142857142857,1503.4560546875,1770.4000244140625,-0.40433332324028015,992.2857142857143,2,507,1,0,0,31,4,63
0,149.0,0.17445838451385498,267.0,4.0,283.0,2422.0,271.9795918367344,19469.0,28.53333282470703,6.233333110809326,18372.966796875,23.483333587646484,4.199999809265137,4.433333396911621,51.88333511352539,21103.333984375,3029.0285714285715,0.6422857046127319,26.418453216552734,187.6,1504.86572265625,1769.028564453125,-0.44073811173439026,1000.1428571428571,1,507,1,0,0,21,2,60
0,54.0,0.0,267.0,4.0,283.0,1920.0,269.2040816326528,13525.5,45.68333435058594,3.9000000953674316,20235.400390625,24.149999618530273,4.0,4.383333206176758,33.28333282470703,22276.5,3006.1714285714284,0.6092380881309509,25.84214210510254,188.34285714285716,1506.1126708984375,1758.857177734375,-0.43402382731437683,984.3428571428572,2,507,1,0,0,21,2,29
0,44.0,0.3500570058822632,267.0,4.0,283.0,1344.0,271.2244897959182,10157.3330078125,46.86666488647461,4.616666793823242,17556.0,23.149999618530273,3.9000000953674316,4.449999809265137,34.61666488647461,19269.333984375,3064.4857142857145,0.5995714068412781,25.829166412353516,191.45714285714286,1506.8917236328125,1729.8857421875,-0.5476666688919067,979.5714285714286,1,507,1,0,0,21,7,24
0,253.0,0.4538198411464691,267.0,4.0,283.0,1318.0,265.6326530612243,13993.3330078125,38.58333206176758,4.2166666984558105,17744.25,23.96666717529297,4.0,4.483333110809326,40.983333587646484,20765.833984375,3043.0285714285715,0.620023787021637,26.09404754638672,194.82857142857142,1503.917724609375,1714.914306640625,-0.5921905040740967,983.7142857142857,0,507,1,0,0,21,35,102
0,126.0,0.8187001347541809,267.0,4.0,283.0,1402.0,272.9591836734692,15546.888671875,42.22777557373047,8.427777290344238,17367.689453125,24.144445419311523,4.0,4.400000095367432,38.53333282470703,20871.0,3083.4857142857145,0.6067857146263123,25.885833740234375,197.4,1507.607666015625,1698.4571533203125,-0.6139285564422607,976.9714285714285,0,507,1,0,0,21,9,68
0,,0.4800456166267395,267.0,4.0,283.0,1370.0,266.81632653061206,14329.0,39.95000076293945,4.300000190734863,16168.2333984375,23.149999618530273,4.099999904632568,4.483333110809326,38.18333435058594,19973.0,3008.0857142857144,0.6101904511451721,25.89452362060547,199.62857142857143,1503.9921875,1689.3428955078125,-0.5930952429771423,973.5142857142857,3,507,1,0,0,31,3,
0,79.0,0.6294184923171997,267.0,4.0,283.0,1304.0,276.9387755102039,11301.3330078125,41.70000076293945,4.066666603088379,18060.716796875,22.21666717529297,3.9000000953674316,4.383333206176758,36.45000076293945,20123.166015625,3101.5714285714284,0.6119047403335571,25.993928909301758,195.5142857142857,1509.7244873046875,1687.0,-0.6611904501914978,983.5428571428571,1,507,1,0,0,21,3,42
0,266.0,0.4880273640155792,267.0,4.0,283.0,1127.0,273.44897959183663,13201.3330078125,44.21666717529297,3.883333444595337,18072.099609375,23.33333396911621,4.0,4.583333492279053,32.78333282470703,21106.0,3028.285714285714,0.6052142977714539,25.77857208251953,198.14285714285714,1510.205322265625,1673.2857666015625,-0.6503095030784607,976.6571428571428,1,507,1,0,0,21,2,130
0,267.0,0.5781071782112122,267.0,4.0,283.0,1229.0,277.22448979591826,10711.8330078125,40.266666412353516,4.666666507720947,17362.93359375,22.350000381469727,4.099999904632568,4.5,39.38333511352539,19848.0,2980.885714285714,0.6026904582977295,25.74571418762207,199.68571428571428,1506.72998046875,1665.1142578125,-0.6531904339790344,971.6,2,507,1,0,0,31,10,141
0,271.0,0.7001140117645264,267.0,4.0,283.0,1181.0,279.0612244897958,10604.7783203125,40.06111145019531,7.188889026641846,16573.84375,22.75,3.7666666507720947,4.516666889190674,39.53889083862305,19870.22265625,2918.8571428571427,0.6190000176429749,25.93404769897461,210.85714285714286,1505.1737060546875,1631.4285888671875,-0.7157142758369446,966.5428571428571,1,507,1,0,0,41,1,132
0,231.0,0.20638540387153625,267.0,4.0,283.0,1336.0,279.1836734693876,9735.5,42.78333282470703,9.383333206176758,16860.5,22.33333396911621,4.0,4.400000095367432,35.16666793823242,20474.5,2950.9714285714285,0.6226428747177124,25.99654769897461,209.6,1504.684326171875,1630.5428466796875,-0.760690450668335,970.0857142857143,0,507,1,0,0,21,7,98
0,302.0,0.43671607971191406,267.0,4.0,283.0,1278.0,284.73469387755074,11288.5,40.70000076293945,8.033333778381348,17458.099609375,22.899999618530273,4.099999904632568,4.550000190734863,33.96666717529297,21601.5,2916.6,0.646142840385437,26.229642868041992,218.54285714285714,1513.966796875,1631.028564453125,-0.8836666345596313,977.4,0,507,1,0,0,31,9,131
0,310.0,0.14481185376644135,267.0,4.0,283.0,1681.0,288.32653061224465,11461.3330078125,34.70000076293945,8.533333778381348,17825.732421875,21.78333282470703,4.099999904632568,4.550000190734863,42.81666564941406,25260.333984375,2916.6,0.646142840385437,26.229642868041992,218.54285714285714,1513.966796875,1631.028564453125,-0.8836666345596313,977.4,0,507,1,0,0,31,8,141
0,192.0,0.28050172328948975,267.0,4.0,283.0,2577.0,288.63265306122423,11560.0,40.95000076293945,6.983333110809326,17207.349609375,21.950000762939453,3.9000000953674316,4.5,36.71666717529297,20656.5,2780.057142857143,0.6430714130401611,26.072856903076172,220.94285714285715,1509.0865478515625,1635.6571044921875,-0.8995000123977661,969.6285714285714,1,507,1,0,0,31,7,78
0,279.0,0.2519954442977905,267.0,4.0,283.0,1834.0,286.4693877551018,10593.1669921875,48.03333282470703,10.0,17699.0,23.933332443237305,4.099999904632568,4.449999809265137,30.100000381469727,21711.333984375,2772.2,0.6225714087486267,25.79119110107422,223.45714285714286,1512.890380859375,1646.8857421875,-0.8902857303619385,960.2285714285714,2,507,1,0,0,21,11,137
0,228.0,0.6453819870948792,267.0,4.0,283.0,3822.0,281.7346938775508,11213.1669921875,44.5,5.0,17803.25,25.516666412353516,3.799999952316284,4.5,32.81666564941406,21995.333984375,2658.5142857142855,0.6418095231056213,26.08738136291504,230.22857142857143,1517.2464599609375,1677.199951171875,-0.884071409702301,966.2571428571429,0,507,1,0,0,21,9,92
0,217.0,0.21208666265010834,267.0,4.0,283.0,6409.0,276.877551020408,11463.1669921875,42.66666793823242,4.566666603088379,16953.81640625,25.549999237060547,4.0,4.5,34.0,21777.333984375,2602.342857142857,0.6481190323829651,26.16190528869629,233.22857142857143,1516.4329833984375,1691.6285400390625,-0.8782380819320679,965.5714285714286,0,507,1,0,0,21,5,91
0,177.0,0.202964648604393,267.0,4.0,283.0,7470.0,276.4489795918365,12606.4443359375,34.02222442626953,8.016666412353516,17151.69921875,25.011110305786133,3.7666666507720947,4.5,43.05000305175781,19535.943359375,2625.9714285714285,0.654119074344635,26.293333053588867,234.31428571428572,1520.5338134765625,1702.085693359375,-0.8742619156837463,970.7142857142857,0,507,1,0,0,41,11,70
0,240.0,0.13226909935474396,267.0,4.0,283.0,9528.0,261.79591836734676,12077.1669921875,45.63333511352539,4.7166666984558105,18252.416015625,25.816667556762695,3.9000000953674316,4.683333396911621,32.266666412353516,21244.5,2497.542857142857,0.6353809237480164,25.97142791748047,231.31428571428572,1518.0972900390625,1750.7142333984375,-0.8569999933242798,962.5428571428571,0,507,1,0,0,21,9,96
0,222.0938216014062,0.0057012541219592094,267.0,4.0,283.0,9458.0,250.7346938775508,11519.3330078125,46.58333206176758,10.083333015441895,19629.69921875,25.399999618530273,3.9000000953674316,4.849999904632568,32.56666564941406,23701.0,2487.5142857142855,0.6389762163162231,25.988691329956055,233.77142857142857,1526.23046875,1795.5428466796875,-0.8318571448326111,966.5428571428571,0,507,1,0,0,21,21,91
0,199.0,0.07183580100536346,267.0,4.0,283.0,12648.0,239.91836734693854,12379.3330078125,45.349998474121094,5.316666603088379,19313.8828125,25.899999618530273,4.0,4.800000190734863,32.63333511352539,21641.666015625,2499.6285714285714,0.6389999985694885,25.890594482421875,237.42857142857142,1527.545654296875,1800.6856689453125,-0.8386666774749756,964.0571428571428,0,507,1,0,0,31,6,76
0,229.0,0.0,267.0,4.0,283.0,14435.0,232.67346938775486,14446.0,48.11666488647461,6.949999809265137,19240.267578125,25.983333587646484,4.099999904632568,5.0,31.0,30534.0,2405.0285714285715,0.6522619128227234,26.000118255615234,242.9142857142857,1525.062255859375,1845.17138671875,-0.8318333029747009,964.1142857142858,0,507,1,0,0,21,9,97
0,182.0,0.3226909935474396,267.0,4.0,283.0,9522.0,231.57142857142833,11432.5927734375,51.46666717529297,7.096296310424805,18771.958984375,26.038888931274414,3.7333333492279053,4.8222222328186035,27.201852798461914,21867.8515625,2386.8,0.6486190557479858,25.86380958557129,244.85714285714286,1528.6025390625,1857.7427978515625,-0.836809515953064,961.8285714285714,2,507,1,0,0,31,5,84
0,202.9649788496109,0.07639680802822113,267.0,4.0,283.0,14265.0,233.83673469387733,9364.0,49.91666793823242,5.133333206176758,18421.400390625,27.25,4.099999904632568,4.7833333015441895,30.016666412353516,21566.666015625,2477.114285714286,0.6441904902458191,25.70642852783203,237.28571428571428,1527.6134033203125,1908.142822265625,-0.8065000176429749,963.8857142857142,0,507,1,0,0,31,15,76
0,129.0,0.0011402508243918419,267.0,4.0,283.0,16823.0,234.8979591836732,11377.8330078125,48.93333435058594,4.566666603088379,17498.94921875,26.700000762939453,3.799999952316284,4.800000190734863,29.75,23075.666015625,2523.0,0.668738067150116,25.990476608276367,242.54285714285714,1531.7166748046875,1905.7427978515625,-0.805904746055603,972.0,1,507,1,0,0,11,22,56
1,,0.08209805935621262,267.0,4.0,283.0,28472.0,238.3061224489794,10877.6669921875,38.96666717529297,9.066666603088379,18164.5,23.799999237060547,4.400000095367432,4.75,43.66666793823242,38551.66796875,2653.542857142857,0.6855000257492065,26.197738647460938,228.11428571428573,1522.2681884765625,2024.3143310546875,-0.7400000095367432,986.4857142857143,0,507,1,0,0,31,9,
0,210.0,0.27251994609832764,267.0,4.0,283.0,31963.0,241.26530612244878,12022.6669921875,43.38888931274414,7.011111259460449,18988.64453125,26.58333396911621,4.366666793823242,4.699999809265137,36.022220611572266,23380.66796875,2702.7428571428572,0.6862618923187256,26.177143096923828,226.65714285714284,1525.346923828125,2029.228515625,-0.6722618937492371,991.2857142857143,2,507,1,0,0,21,9,85
0,125.0,0.0011402508243918419,267.0,4.0,283.0,19298.0,241.59183673469371,,,,,,,,,42883.0,2836.1428571428573,0.7029761672019958,26.374881744384766,217.85714285714286,1524.85546875,2087.914306640625,-0.549833357334137,1006.0285714285715,0,507,1,0,0,21,6,47
1,168.0,0.028506271541118622,267.0,4.0,283.0,11465.0,253.34693877551004,13538.388671875,46.61111068725586,3.577777862548828,18399.900390625,27.0,4.5333333015441895,4.683333396911621,35.45000076293945,23991.27734375,2891.8,0.6736666560173035,26.14797592163086,209.9142857142857,1523.279296875,2128.45703125,-0.49869048595428467,1001.9142857142857,0,507,1,0,0,21,8,64
0,255.0,0.32725200057029724,267.0,4.0,283.0,4318.0,258.2857142857141,14253.2216796875,48.06111145019531,6.861111164093018,20155.3828125,27.461111068725586,4.199999809265137,4.566666603088379,32.877777099609375,24485.166015625,3004.4857142857145,0.6606666445732117,26.002023696899414,202.31428571428572,1525.959228515625,2157.82861328125,-0.3643333315849304,1006.0857142857143,0,507,1,0,0,31,9,96
0,126.0,0.352337509393692,267.0,4.0,283.0,5051.0,261.65306122448965,11005.0,43.66666793823242,6.349999904632568,19007.93359375,27.683332443237305,4.800000190734863,4.699999809265137,35.95000076293945,25648.0,3112.114285714286,0.6570952534675598,25.97440528869629,196.6,1526.6180419921875,2174.199951171875,-0.2789762020111084,1011.4285714285714,0,507,1,0,0,11,5,49
0,207.0,0.15279361605644226,267.0,4.0,260.0,14580.0,266.4489795918366,14398.0,40.733333587646484,10.216666221618652,18250.599609375,25.483333587646484,5.0,4.650000095367432,40.56666564941406,26135.0,3246.5142857142855,0.6890714168548584,26.220714569091797,198.4857142857143,1526.79345703125,2193.485595703125,-0.16488094627857208,1022.7714285714286,0,518,1,0,0,21,21,79
0,225.0,0.33979475498199463,267.0,4.0,260.0,15480.0,274.95918367346917,12583.5,37.08333206176758,3.883333444595337,18453.099609375,25.83333396911621,4.5,4.683333396911621,42.766666412353516,23612.0,3337.342857142857,0.64897620677948,25.927738189697266,195.8,1526.483642578125,2152.971435546875,-0.11345238238573074,1010.3714285714286,0,518,1,0,0,21,2,87
0,104.0,0.08437856286764145,267.0,4.0,260.0,13457.0,281.79591836734676,10036.0,35.06666564941406,10.983333587646484,17941.30078125,23.21666717529297,4.599999904632568,4.883333206176758,47.06666564941406,24943.666015625,3403.657142857143,0.6717857122421265,26.191667556762695,200.11428571428573,1537.298583984375,2163.94287109375,-0.08783334493637085,1024.5142857142857,2,518,1,0,0,41,3,55
0,139.0,0.3033067286014557,267.0,4.0,260.0,7723.0,285.16326530612224,11010.8330078125,34.78333282470703,6.849999904632568,18329.0,24.700000762939453,4.599999904632568,4.833333492279053,46.483333587646484,21831.833984375,3399.0,0.658047616481781,26.035118103027344,205.5142857142857,1532.651123046875,2139.771484375,8.571475627832115E-4,1011.7142857142857,0,518,1,0,0,31,6,54
0,152.0,0.4104903042316437,267.0,4.0,260.0,3895.0,285.91836734693857,12455.3330078125,33.099998474121094,7.7833333015441895,18132.033203125,23.633333206176758,4.699999809265137,4.7833333015441895,45.41666793823242,27258.0,3379.2571428571428,0.6752856969833374,26.263809204101562,211.45714285714286,1533.50341796875,2153.3427734375,0.04285714030265808,1014.3142857142857,1,518,1,0,0,21,19,61
0,147.0,0.20638540387153625,267.0,4.0,260.0,8141.0,284.3673469387753,14503.6669921875,33.233333587646484,7.366666793823242,17297.466796875,23.866666793823242,4.5,4.800000190734863,46.25,20592.5,3373.7714285714287,0.6779761910438538,26.31011962890625,213.4,1532.473876953125,2158.685791015625,0.07288096100091934,1013.4571428571429,1,518,1,0,0,31,20,57
0,131.0,0.33295324444770813,267.0,4.0,260.0,8661.0,283.4693877551018,11981.5,29.46666717529297,7.2833333015441895,16328.0,23.66666603088379,4.5,4.800000190734863,44.38333511352539,23986.0,3372.057142857143,0.6707381010055542,26.249881744384766,214.31428571428572,1532.424072265625,2170.60009765625,0.12119046598672867,1011.1428571428571,1,518,1,0,0,21,3,54
0,136.0,0.1288483440876007,267.0,4.0,260.0,9168.0,283.9795918367345,11626.1669921875,34.400001525878906,9.033333778381348,18656.083984375,23.03333282470703,4.400000095367432,4.7833333015441895,43.016666412353516,24074.666015625,3368.942857142857,0.6798333525657654,26.353927612304688,211.82857142857142,1538.221923828125,2206.514404296875,0.19704760611057281,1024.5714285714287,0,518,1,0,0,11,2,55
0,51.0,0.2440136820077896,267.0,4.0,260.0,3536.0,283.6938775510202,12130.6669921875,35.08333206176758,8.116666793823242,16864.833984375,23.71666717529297,4.699999809265137,4.7833333015441895,43.33333206176758,24969.666015625,3374.0285714285715,0.6805952191352844,26.33392906188965,213.42857142857142,1537.392822265625,2191.971435546875,0.2633095383644104,1022.5714285714286,4,518,1,0,0,31,8,21
0,,0.09806157648563385,267.0,4.0,260.0,3274.0,291.28571428571405,12984.5,36.31666564941406,8.199999809265137,18515.416015625,25.233333587646484,4.5,4.7833333015441895,43.66666793823242,27864.0,3297.542857142857,0.68278568983078,26.424524307250977,209.0,1543.27099609375,2254.857177734375,0.29397621750831604,1032.7714285714285,2,518,1,0,0,31,6,
0,111.21249020071139,0.692132294178009,267.0,4.0,260.0,3794.0,281.408163265306,12123.8330078125,32.95000076293945,9.949999809265137,17320.43359375,22.53333282470703,4.599999904632568,4.633333206176758,45.58333206176758,20217.666015625,3310.3714285714286,0.6778571605682373,26.378929138183594,209.5142857142857,1540.7095947265625,2243.142822265625,0.33328571915626526,1029.2,1,518,1,0,0,41,3,42
0,55.0,0.4401368200778961,267.0,4.0,260.0,2965.0,283.04081632653043,12434.0,33.766666412353516,5.633333206176758,19083.099609375,24.433332443237305,4.599999904632568,4.5,43.96666717529297,24530.5,3267.942857142857,0.673880934715271,26.309404373168945,208.68571428571428,1543.933349609375,2263.0,0.3850476145744324,1030.5428571428572,1,518,1,0,0,21,2,28
0,272.0,0.4469783306121826,267.0,4.0,260.0,8831.0,286.53061224489767,11534.6669921875,37.11666488647461,3.6666667461395264,18626.30078125,24.33333396911621,4.800000190734863,4.583333492279053,46.61666488647461,19813.0,3233.3714285714286,0.6862857341766357,26.449642181396484,210.97142857142856,1546.616943359375,2280.45703125,0.4303571581840515,1036.7714285714285,0,518,1,0,0,21,29,135
0,177.0,0.8437856435775757,267.0,4.0,260.0,6815.0,286.53061224489767,11731.0,36.599998474121094,6.233333110809326,15320.7333984375,24.41666603088379,4.5,4.5,42.41666793823242,20701.0,3228.5714285714284,0.6840476393699646,26.420595169067383,209.4,1546.5201416015625,2291.71435546875,0.4635952413082123,1038.142857142857,0,518,1,0,0,31,29,88
0,218.0,0.8494868874549866,267.0,4.0,260.0,1643.0,293.7959183673467,11302.6669921875,29.350000381469727,7.866666793823242,22279.966796875,23.149999618530273,4.5,4.433333396911621,47.20000076293945,20377.0,3172.4857142857145,0.6817380785942078,26.417499542236328,205.17142857142858,1551.7138671875,2342.085693359375,0.5183809399604797,1046.0285714285715,0,518,1,0,0,41,32,108
0,301.0,0.516533613204956,267.0,4.0,260.0,7374.0,290.48979591836707,12136.6669921875,32.33333206176758,4.483333110809326,20787.56640625,24.100000381469727,4.800000190734863,4.5,48.21666717529297,21567.0,3184.8,0.6971190571784973,26.557737350463867,211.85714285714286,1549.6864013671875,2299.3427734375,0.5919047594070435,1044.8857142857144,0,518,1,0,0,31,1,113
0,287.0,0.47662484645843506,267.0,4.0,260.0,2227.0,290.9183673469386,10746.0,31.183332443237305,6.699999809265137,17216.783203125,23.316667556762695,4.699999809265137,4.449999809265137,50.516666412353516,21408.166015625,3066.6285714285714,0.6996904611587524,26.589523315429688,204.85714285714286,1555.7603759765625,2398.1142578125,0.67509526014328,1058.057142857143,0,518,1,0,0,31,3,108
0,257.0,0.5689851641654968,267.0,4.0,260.0,7213.0,287.30612244897935,11659.1669921875,34.63333511352539,5.916666507720947,19779.783203125,23.58333396911621,4.699999809265137,4.449999809265137,43.86666488647461,22602.666015625,3035.6285714285714,0.7030237913131714,26.619524002075195,202.25714285714287,1557.6373291015625,2434.428466796875,0.7013809084892273,1063.4857142857143,0,518,1,0,0,21,9,127
0,314.0,0.36944127082824707,267.0,4.0,260.0,1524.0,278.38775510204056,11904.5,34.400001525878906,8.416666984558105,18420.033203125,24.16666603088379,4.900000095367432,4.5,45.16666793823242,20248.166015625,3027.114285714286,0.7161428332328796,26.719642639160156,205.85714285714286,1558.81298828125,2428.1142578125,0.7468809485435486,1067.1142857142856,3,518,1,0,0,41,11,145
0,258.0,0.6488027572631836,267.0,4.0,260.0,5403.0,267.48979591836707,11284.0,34.45000076293945,5.300000190734863,26047.099609375,26.766666412353516,5.099999904632568,4.449999809265137,47.04999923706055,28110.666015625,3047.8571428571427,0.7198333144187927,26.71476173400879,202.31428571428572,1559.7896728515625,2446.94287109375,0.7436904907226562,1073.2,0,518,1,0,0,21,28,97
0,120.0,0.02508551813662052,267.0,4.0,260.0,2220.0,267.48979591836707,11065.1669921875,34.016666412353516,5.5,22418.716796875,24.266666412353516,4.300000190734863,4.75,47.849998474121094,25203.333984375,2972.885714285714,0.730571448802948,26.782381057739258,201.4,1563.389404296875,2491.0,0.779785692691803,1081.6571428571428,1,518,1,0,0,31,7,48
0,214.0,0.43443557620048523,267.0,4.0,260.0,5917.0,246.2040816326529,11003.6669921875,34.95000076293945,4.566666603088379,19810.75,24.049999237060547,4.800000190734863,4.683333396911621,47.31666564941406,24744.166015625,2866.9714285714285,0.7630952596664429,27.068927764892578,199.14285714285714,1570.8822021484375,2547.199951171875,0.8093094825744629,1101.5714285714287,2,518,1,0,0,41,11,84
0,193.0,0.38768529891967773,267.0,4.0,260.0,10844.0,237.9183673469386,13549.1669921875,34.349998474121094,5.75,20380.56640625,24.21666717529297,4.599999904632568,4.599999904632568,44.13333511352539,28369.833984375,2838.7714285714287,0.7642619013786316,27.10011863708496,203.25714285714287,1572.7054443359375,2534.94287109375,0.8066190481185913,1099.0285714285715,0,518,1,0,0,31,26,88
1,66.0,0.0,267.0,4.0,238.0,17573.0,227.18367346938763,15261.1669921875,35.16666793823242,6.650000095367432,18832.150390625,25.0,5.400000095367432,5.050000190734863,38.81666564941406,34680.16796875,2828.1428571428573,0.7829047441482544,27.239166259765625,212.82857142857142,1584.2791748046875,2517.771484375,0.7966904640197754,1102.9142857142858,0,508,1,0,0,31,7,28
0,163.0,0.6259977221488953,267.0,4.0,238.0,9955.0,221.99999999999991,9952.0,32.61666488647461,4.666666507720947,18627.94921875,23.516666412353516,4.199999809265137,4.583333492279053,45.08333206176758,21557.0,2817.5714285714284,0.7742142677307129,27.140119552612305,205.62857142857143,1576.9212646484375,2531.45703125,0.8108571767807007,1101.8,1,508,1,0,0,21,9,63
0,51.0,0.42189282178878784,267.0,4.0,238.0,4108.0,218.3061224489795,10367.0,33.71666717529297,6.183333396911621,18093.30078125,23.483333587646484,4.5,4.483333110809326,44.58333206176758,21763.5,2833.6,0.7690714597702026,26.984167098999023,209.37142857142857,1584.5167236328125,2509.771484375,0.8125714659690857,1098.2285714285715,6,508,1,0,0,41,24,19
0,193.0,0.4241733253002167,267.0,4.0,238.0,1254.0,215.2448979591836,11478.0,31.799999237060547,6.9666666984558105,21180.166015625,25.066667556762695,4.699999809265137,4.483333110809326,42.08333206176758,24642.0,2766.542857142857,0.7524285912513733,26.868213653564453,209.6,1590.7470703125,2501.05712890625,0.8228809833526611,1094.6571428571428,0,508,1,0,0,21,29,94
0,259.0,0.6134549379348755,267.0,4.0,238.0,1162.0,211.38775510204073,10530.0,30.450000762939453,6.733333110809326,25839.767578125,26.100000381469727,4.800000190734863,4.433333396911621,42.93333435058594,24491.333984375,2757.057142857143,0.7548094987869263,26.840238571166992,207.85714285714286,1586.2440185546875,2488.199951171875,0.7774761915206909,1094.4,0,508,1,0,0,41,29,117
0,196.0,0.49714937806129456,267.0,4.0,238.0,1464.0,209.02040816326524,10482.5,33.75,4.766666889190674,32485.966796875,25.25,4.699999809265137,4.5,42.5,27978.666015625,2769.7714285714287,0.7764999866485596,26.938810348510742,212.17142857142858,1589.529541015625,2446.82861328125,0.6873095035552979,1100.142857142857,0,508,1,0,0,21,10,86
0,129.0,0.0,267.0,4.0,238.0,6681.0,208.28571428571422,10355.3330078125,31.511112213134766,8.222222328186035,18904.1328125,24.133333206176758,5.066666603088379,4.866666793823242,47.93333435058594,24599.166015625,2762.342857142857,0.7987619042396545,27.027856826782227,209.97142857142856,1596.075439453125,2456.971435546875,0.6557618975639343,1113.4285714285713,4,508,1,0,0,42,9,55
0,164.0,0.18129988014698029,267.0,4.0,238.0,13800.0,208.10204081632637,10271.8330078125,28.549999237060547,4.833333492279053,19667.033203125,23.766666412353516,4.699999809265137,4.583333492279053,48.95000076293945,21971.166015625,2662.9142857142856,0.7914047837257385,26.948810577392578,206.4,1599.556884765625,2443.742919921875,0.7381904721260071,1115.5428571428572,1,508,1,0,0,31,10,62
0,124.0,0.049030788242816925,267.0,4.0,238.0,15998.0,215.9591836734693,9907.0,28.799999237060547,5.316666603088379,20266.767578125,23.633333206176758,5.099999904632568,4.666666507720947,51.53333282470703,21336.5,2671.4857142857145,0.7993809580802917,26.980356216430664,208.02857142857144,1600.71337890625,2432.17138671875,0.7336190342903137,1116.857142857143,0,508,1,0,0,34,12,46
0,211.0,0.6579247713088989,267.0,4.0,238.0,3498.0,216.18367346938763,11943.0,30.261112213134766,4.5,19601.0,24.100000381469727,4.633333206176758,4.616666793823242,49.42777633666992,24561.83203125,2700.114285714286,0.7753333449363708,26.808332443237305,211.22857142857143,1603.7718505859375,2375.28564453125,0.7577142715454102,1104.3142857142857,3,508,1,0,0,41,9,78
0,246.0,0.4743443429470062,267.0,4.0,238.0,2612.0,216.18367346938763,9076.0,31.78333282470703,7.866666793823242,21636.18359375,23.866666793823242,4.800000190734863,4.599999904632568,48.45000076293945,22398.611328125,2704.7714285714287,0.7732856869697571,26.793453216552734,215.0857142857143,1612.359619140625,2359.05712890625,0.7517619132995605,1104.3142857142857,1,508,1,0,0,21,20,113
0,262.0,0.15279361605644226,267.0,4.0,238.0,1734.0,228.14285714285694,8793.8330078125,31.183332443237305,4.116666793823242,16742.650390625,24.516666412353516,4.900000095367432,4.599999904632568,49.233333587646484,18537.0,2729.0857142857144,0.7793095111846924,26.805118560791016,220.22857142857143,1622.652099609375,2316.571533203125,0.6974047422409058,1106.5142857142857,4,508,1,0,0,31,12,98
1,358.0,0.14367160201072693,267.0,4.0,238.0,1322.0,235.16326530612227,9744.3330078125,32.5,7.0333333015441895,16824.833984375,23.33333396911621,4.599999904632568,4.366666793823242,48.849998474121094,22176.0,2805.9714285714285,0.7809761762619019,26.7740478515625,218.94285714285715,1618.8135986328125,2290.8857421875,0.6482380628585815,1104.5428571428572,0,508,1,0,0,31,29,142
0,268.0,0.0672748014330864,296.0,1.0,238.0,1781.0,244.6530612244896,7920.33349609375,30.988889694213867,6.355555534362793,16329.177734375,22.811111450195312,4.866666793823242,4.616666793823242,51.74444580078125,18976.556640625,2803.114285714286,0.8023333549499512,26.850595474243164,214.17142857142858,1613.17333984375,2280.257080078125,0.623285710811615,1110.6857142857143,1,508,1,0,0,41,10,130
0,296.0,0.5256556272506714,296.0,1.0,238.0,1389.0,238.97959183673447,8306.5,33.650001525878906,5.083333492279053,15032.900390625,21.866666793823242,4.599999904632568,4.400000095367432,44.54999923706055,17456.666015625,2808.2,0.7908571362495422,26.74464225769043,216.9142857142857,1614.164794921875,2254.17138671875,0.6398094892501831,1103.1142857142856,0,508,1,0,0,21,25,111
0,320.0,0.91904217004776,296.0,1.0,238.0,1115.0,240.42857142857116,9389.3330078125,30.016666412353516,2.4833333492279053,17131.8671875,24.549999237060547,5.0,4.400000095367432,48.16666793823242,20575.0,2823.5142857142855,0.7773095369338989,26.610000610351562,221.28571428571428,1630.4686279296875,2209.05712890625,0.6371428370475769,1100.6,0,508,1,0,0,21,35,123
0,388.0,0.5644241571426392,296.0,1.0,238.0,1649.0,236.93877551020387,7753.16650390625,28.28333282470703,6.7833333015441895,16445.916015625,22.116666793823242,4.699999809265137,4.650000095367432,50.68333435058594,19521.333984375,2834.5714285714284,0.7867618799209595,26.655475616455078,223.5142857142857,1624.49951171875,2187.8857421875,0.5974523425102234,1097.5142857142857,0,508,1,0,0,31,34,153
0,301.0,0.7012542486190796,296.0,1.0,238.0,1260.0,232.34693877551,9159.0,32.18333435058594,3.433333396911621,16881.333984375,23.299999237060547,4.5,4.5,51.766666412353516,20772.333984375,2920.5714285714284,0.791785717010498,26.619524002075195,228.25714285714287,1620.3702392578125,2144.971435546875,0.4267142713069916,1090.7714285714285,0,508,1,0,0,42,32,114
0,175.0,0.3044469654560089,296.0,1.0,238.0,1523.0,222.26530612244883,12243.111328125,31.038888931274414,5.566666603088379,16387.58984375,22.788888931274414,4.800000190734863,4.650000095367432,47.505558013916016,19572.111328125,2841.8571428571427,0.812166690826416,26.814167022705078,232.02857142857144,1625.0948486328125,2146.1142578125,0.46745240688323975,1096.2,3,508,1,0,0,21,10,83
0,132.0,0.0877993181347847,296.0,1.0,238.0,1963.0,216.38775510204064,8507.0556640625,34.32777786254883,9.5,17853.87890625,23.549999237060547,4.5333333015441895,4.988888740539551,47.96111297607422,21943.5,2890.5142857142855,0.8172380924224854,26.82131004333496,233.0,1627.8958740234375,2117.685791015625,0.388309508562088,1097.2,1,508,1,0,0,21,5,57
0,166.0,0.34093499183654785,296.0,1.0,238.0,1970.0,208.46938775510185,8157.0,31.366666793823242,5.25,15087.2666015625,22.46666717529297,4.5,4.583333492279053,51.900001525878906,17795.333984375,2986.9142857142856,0.7981666922569275,26.51630973815918,230.14285714285714,1623.287109375,2063.485595703125,0.2995952367782593,1087.5714285714287,1,508,1,0,0,21,21,64
0,106.0,0.6795895099639893,267.0,4.0,238.0,1391.0,200.77551020408143,8604.7783203125,35.766666412353516,4.016666889190674,19256.4609375,23.766666412353516,4.733333110809326,4.633333206176758,45.93888854980469,19413.0,2990.542857142857,0.7665476202964783,26.186904907226562,235.54285714285714,1647.6689453125,2029.6571044921875,0.3271428346633911,1081.057142857143,2,508,1,0,0,21,20,42
0,,0.48232612013816833,267.0,4.0,238.0,3805.0,193.5306122448978,8112.5,34.5,6.7833333015441895,16194.966796875,23.71666717529297,4.300000190734863,4.849999904632568,45.20000076293945,18548.0,3055.8285714285716,0.7740476131439209,26.17761993408203,231.0857142857143,1635.5223388671875,2009.028564453125,0.21416665613651276,1078.942857142857,1,508,1,0,0,24,2,
0,202.0,0.026225769892334938,267.0,4.0,238.0,2188.0,189.97959183673456,10244.962890625,29.979629516601562,9.329629898071289,16724.72265625,23.372220993041992,4.244444370269775,4.761111259460449,45.998146057128906,19727.962890625,3048.038095237929,0.779285728931427,26.328847885131836,230.4095238095456,1637.0902099609375,2017.05712890625,0.2441508024930954,1082.3619047619193,4,508,1,0,0,41,33,81
0,108.0,0.33523374795913696,267.0,4.0,238.0,4088.0,188.142857142857,8274.72265625,32.36666488647461,8.127778053283691,16209.421875,21.427778244018555,4.133333206176758,4.699999809265137,49.06111145019531,18100.166015625,3081.3714285714286,0.7814523577690125,26.274404525756836,239.25714285714287,1639.646728515625,1967.4857177734375,0.04130953922867775,1078.142857142857,3,508,1,0,0,31,3,44
0,91.0,0.13112884759902954,267.0,4.0,238.0,4372.0,184.83673469387745,7714.66650390625,35.766666412353516,5.5,18123.05078125,24.350000381469727,4.5,4.900000095367432,45.79999923706055,22911.0,3300.5142857142855,0.7864999771118164,26.183809280395508,233.05714285714285,1640.076904296875,1940.4000244140625,-0.05435716360807419,1080.1714285714286,0,508,1,0,0,31,11,34
0,188.0,0.0,267.0,4.0,238.0,2892.0,188.5102040816325,7997.16650390625,36.66666793823242,4.2166666984558105,18315.68359375,22.183332443237305,4.0,4.983333110809326,44.61666488647461,18929.833984375,3300.9714285714285,0.7963571548461914,26.373214721679688,243.5142857142857,1655.303466796875,1945.4857177734375,0.021690459921956062,1082.6,2,508,1,0,0,41,13,73
0,191.0,0.2565564513206482,267.0,4.0,238.0,5574.0,189.5714285714285,8851.0,27.566667556762695,7.4666666984558105,15305.7666015625,21.483333587646484,3.9000000953674316,4.800000190734863,47.400001525878906,17622.0,3659.9714285714285,0.8356428742408752,26.692737579345703,234.37142857142857,1640.6942138671875,1911.7427978515625,-0.22445239126682281,1090.3428571428572,1,508,1,0,0,21,21,82
1,,0.013683009892702103,267.0,4.0,238.0,8564.0,189.5714285714285,7742.0,34.099998474121094,5.550000190734863,16557.078125,21.350000381469727,3.9666666984558105,4.883333206176758,39.28888702392578,19239.77734375,3739.1714285714284,0.8420714139938354,26.73583221435547,233.31428571428572,1642.8212890625,1904.085693359375,-0.23514287173748016,1091.6571428571428,2,508,1,0,0,34,2,
0,207.0,0.28848347067832947,267.0,4.0,238.0,3362.0,199.38775510204067,8393.5,30.233333587646484,8.633333206176758,15688.150390625,20.983333587646484,3.799999952316284,4.983333110809326,40.516666412353516,20605.166015625,3980.7428571428572,0.8369523882865906,26.671428680419922,232.4,1649.281982421875,1872.17138671875,-0.3005714416503906,1091.4571428571428,0,508,1,0,0,31,22,90
0,193.0,0.4184720516204834,267.0,4.0,238.0,3293.0,207.16326530612233,12982.6669921875,34.477779388427734,7.061110973358154,17000.798828125,21.58888816833496,3.866666793823242,5.083333492279053,38.272220611572266,20546.666015625,4099.4,0.8344523906707764,26.655118942260742,231.14285714285714,1651.9793701171875,1863.771484375,-0.3624047636985779,1092.5142857142857,0,508,1,0,0,42,10,81
0,160.0,0.3090079724788666,267.0,4.0,238.0,4674.0,216.97959183673456,10966.0,37.75,5.983333110809326,16853.19921875,21.41666603088379,3.5,5.183333396911621,38.349998474121094,18548.0,4184.228571428572,0.8388333320617676,26.680477142333984,233.0857142857143,1649.7342529296875,1855.7427978515625,-0.4600714445114136,1088.2,0,508,1,0,0,31,16,71
0,246.0,0.06157354637980461,267.0,4.0,238.0,1768.0,226.36734693877528,7943.83349609375,32.43333435058594,5.416666507720947,15234.75,21.649999618530273,3.4000000953674316,4.949999809265137,42.79999923706055,17744.5,4342.085714285714,0.8372619152069092,26.652738571166992,229.85714285714286,1657.6171875,1867.4571533203125,-0.47997617721557617,1094.6,0,508,1,0,1,31,8,102
0,320.0,0.13112884759902954,267.0,4.0,238.0,3316.0,233.48979591836718,9299.5,33.13333511352539,6.5333333015441895,18096.599609375,20.350000381469727,3.5999999046325684,5.099999904632568,42.766666412353516,17407.0,4379.114285714286,0.8362143039703369,26.61452293395996,232.97142857142856,1653.4599609375,1845.199951171875,-0.5596666932106018,1087.7428571428572,1,508,1,0,1,31,10,152
0,315.0,0.26795893907546997,267.0,4.0,238.0,1905.0,240.18367346938757,10524.0,34.38333511352539,6.9666666984558105,19004.6328125,22.41666603088379,3.9000000953674316,4.883333206176758,47.599998474121094,18954.0,4569.057142857143,0.8195000290870667,26.473094940185547,226.94285714285715,1650.4556884765625,1867.771484375,-0.602238118648529,1086.942857142857,0,508,1,0,0,41,21,148
0,305.0,0.19954389333724976,267.0,4.0,238.0,1736.0,246.0408163265304,8997.0,33.29999923706055,7.25,17619.283203125,21.100000381469727,3.5999999046325684,4.75,43.06666564941406,16978.333984375,4604.771428571428,0.8199523687362671,26.4228572845459,229.65714285714284,1654.027099609375,1849.17138671875,-0.6567381024360657,1084.2857142857142,0,508,1,0,0,42,23,117
0,89.0,0.0057012541219592094,267.0,4.0,238.0,7558.0,249.04081632653035,7605.5,32.099998474121094,7.25,17233.18359375,19.53333282470703,3.4000000953674316,5.099999904632568,46.63333511352539,20567.5,4591.114285714286,0.8430952429771423,26.57107162475586,229.2,1653.17333984375,1871.1142578125,-0.7481428384780884,1088.0857142857142,2,508,1,1,0,31,7,39
0,87.0,0.3238312304019928,267.0,4.0,238.0,14591.0,247.4081632653059,10707.0,31.0,9.216666221618652,17793.833984375,20.850000381469727,3.200000047683716,5.050000190734863,45.5,19947.833984375,4555.457142857143,0.8539524078369141,26.645238876342773,233.14285714285714,1655.7783203125,1866.800048828125,-0.7821905016899109,1087.7714285714285,0,508,1,0,0,42,2,33
0,156.0,0.08665906637907028,267.0,4.0,238.0,15100.0,243.42857142857113,10860.5,36.36111068725586,8.483332633972168,14736.177734375,20.05555534362793,3.366666793823242,4.922222137451172,41.266666412353516,20205.333984375,4518.657142857143,0.8594762086868286,26.663095474243164,236.4,1657.5045166015625,1864.7142333984375,-0.8506428599357605,1083.6,0,508,1,0,0,21,12,62
0,130.0,0.11174458265304565,267.0,4.0,238.0,12561.0,243.42857142857113,8053.33349609375,38.96666717529297,9.25,17758.900390625,22.83333396911621,3.799999952316284,5.099999904632568,42.91666793823242,21953.5,4557.857142857143,0.8332619071006775,26.362619400024414,227.0857142857143,1655.0159912109375,1884.142822265625,-0.8492857217788696,1079.3428571428572,1,508,1,0,0,21,2,52
0,149.0,0.05815279483795166,267.0,4.0,238.0,15533.0,237.83673469387725,9961.0,34.08333206176758,8.166666984558105,16247.2666015625,21.350000381469727,3.5,4.883333206176758,43.29999923706055,20935.833984375,4505.0,0.8673571348190308,26.673809051513672,236.68571428571428,1660.8599853515625,1870.6571044921875,-0.9797142744064331,1084.0857142857142,1,508,1,0,0,11,21,58
0,165.0,0.1961231529712677,267.0,4.0,238.0,16348.0,232.10204081632625,9975.5,30.866666793823242,6.733333110809326,16391.80078125,22.433332443237305,3.0999999046325684,4.849999904632568,42.03333282470703,20453.5,4440.257142857143,0.8889762163162231,26.828214645385742,250.42857142857142,1665.636962890625,1843.199951171875,-1.1232380867004395,1076.2857142857142,5,508,1,0,0,21,4,64
0,71.0,0.03990878164768219,267.0,4.0,238.0,23491.0,225.46938775510174,9536.0,24.700000762939453,7.800000190734863,14752.150390625,20.149999618530273,3.0,5.0,45.33333206176758,16933.166015625,4558.628571428571,0.9028095006942749,26.90595245361328,263.45714285714286,1687.3988037109375,1827.857177734375,-1.207547664642334,1078.6857142857143,1,508,1,0,0,31,18,30
0,121.0,0.015963511541485786,267.0,4.0,238.0,32767.0,201.8775510204079,8746.3330078125,32.43333435058594,7.666666507720947,15527.7001953125,20.483333587646484,3.0999999046325684,5.0,33.21666717529297,14552.0,4865.771428571428,0.9238333106040955,27.01821517944336,250.97142857142856,1670.43212890625,1878.771484375,-1.3131190538406372,1081.0857142857142,1,508,1,0,0,42,7,53
0,46.0,0.017103763297200203,267.0,4.0,238.0,32767.0,182.81632653061206,8526.8330078125,32.08333206176758,7.583333492279053,13340.9169921875,21.21666717529297,3.0999999046325684,4.933333396911621,38.68333435058594,15641.5,4939.314285714286,0.9089999794960022,26.917499542236328,247.42857142857142,1673.1915283203125,1904.199951171875,-1.2928810119628906,1081.4571428571428,0,508,1,0,0,21,22,18
0,136.0,0.03306727483868599,267.0,4.0,238.0,32767.0,169.38775510204064,10112.0,33.36666488647461,7.0,13800.4501953125,21.266666412353516,3.0999999046325684,5.099999904632568,34.31666564941406,15552.6669921875,5158.171428571429,0.9464285969734192,27.1391658782959,248.0857142857143,1681.6236572265625,1933.7427978515625,-1.3810714483261108,1092.057142857143,2,508,1,0,0,21,6,59
0,143.0,0.0946408212184906,267.0,4.0,238.0,32767.0,161.51020408163245,8621.6669921875,38.95000076293945,8.266666412353516,14707.466796875,21.600000381469727,3.299999952316284,4.916666507720947,30.883333206176758,17135.333984375,5255.314285714286,0.9596190452575684,27.123689651489258,250.5142857142857,1689.413330078125,1926.800048828125,-1.4861904382705688,1095.5428571428572,1,508,1,0,0,21,29,55
0,94.0,0.057012543082237244,267.0,4.0,238.0,32767.0,148.51020408163254,8360.0,37.61666488647461,6.883333206176758,14298.5,21.450000762939453,2.9000000953674316,5.099999904632568,29.96666717529297,15373.0,5220.342857142857,0.9622619152069092,27.153928756713867,248.6,1692.2083740234375,1939.05712890625,-1.4465476274490356,1097.0,2,508,1,0,0,31,16,37
0,52.0,0.19498290121555328,267.0,4.0,238.0,32767.0,135.67346938775506,11207.0,35.83333206176758,10.083333015441895,14594.7333984375,20.649999618530273,3.700000047683716,5.099999904632568,30.633333206176758,18057.166015625,5111.742857142857,0.9881666898727417,27.27678680419922,255.14285714285714,1706.2923583984375,1937.4000244140625,-1.5296428203582764,1103.3714285714286,4,508,1,0,0,41,16,22
0,25.0,0.0,267.0,4.0,238.0,32767.0,135.67346938775506,17364.333984375,30.799999237060547,10.566666603088379,15660.7666015625,20.016666412353516,3.799999952316284,5.183333396911621,30.96666717529297,20412.333984375,4972.428571428572,1.0054523944854736,27.359405517578125,264.0285714285714,1726.9971923828125,1914.800048828125,-1.579452395439148,1109.8285714285714,10,508,1,0,1,34,9,10
0,100.0,0.09578107297420502,267.0,4.0,238.0,32767.0,123.8163265306122,14716.6669921875,36.56666564941406,8.699999809265137,14431.849609375,19.71666717529297,3.700000047683716,5.083333492279053,26.116666793823242,23373.0,4834.542857142857,1.0224047899246216,27.444286346435547,272.0,1743.280029296875,1872.2572021484375,-1.6194285154342651,1110.0285714285715,1,508,1,0,1,21,2,53
0,97.0,0.24059292674064636,267.0,4.0,149.0,32767.0,123.26530612244889,11877.0,33.06666564941406,9.333333015441895,16287.599609375,20.03333282470703,3.9000000953674316,5.116666793823242,30.816667556762695,27242.0,4704.6,1.0324523448944092,27.48238182067871,279.2,1737.938232421875,1846.6856689453125,-1.7224524021148682,1099.2285714285715,0,508,1,0,1,31,8,45
0,,0.0045610032975673676,267.0,4.0,149.0,32767.0,123.91836734693865,18864.0,40.483333587646484,12.600000381469727,17306.166015625,21.83333396911621,4.099999904632568,5.0,19.350000381469727,30549.166015625,4629.5142857142855,1.0594524145126343,27.59619140625,292.22857142857146,1753.7960205078125,1753.8857421875,-1.8949285745620728,1098.3428571428572,1,540,1,0,1,24,2,
0,,0.0,267.0,4.0,149.0,32767.0,124.63265306122433,20558.166015625,38.21666717529297,14.066666603088379,19421.6171875,21.78333282470703,4.0,5.099999904632568,14.050000190734863,28078.333984375,4759.6,1.0779999494552612,27.676427841186523,298.0285714285714,1761.162109375,1716.228515625,-2.0055952072143555,1099.2571428571428,6,540,1,0,1,41,6,
0,57.0,0.11744584143161774,267.0,4.0,149.0,32767.0,125.85416666666647,17249.5,42.86666488647461,13.616666793823242,17104.400390625,20.316667556762695,3.9000000953674316,5.199999809265137,14.949999809265137,27956.5,4926.428571428572,1.0900952816009521,27.708690643310547,292.2,1741.378173828125,1677.1142578125,-2.1588809490203857,1090.6285714285714,1,540,1,0,1,21,1,23
0,,0.01824401319026947,267.0,4.0,149.0,32767.0,127.35555555555536,20557.166015625,34.733333587646484,10.316666603088379,19373.833984375,22.350000381469727,4.5,5.099999904632568,26.33333396911621,31878.5,4942.342857142857,1.0923333168029785,27.712142944335938,302.22857142857146,1759.5845947265625,1638.228515625,-2.1907618045806885,1092.057142857143,1,540,1,0,1,41,6,
0,42.0,0.0045610032975673676,267.0,4.0,149.0,32767.0,127.35555555555536,17699.666015625,34.96666717529297,12.233333587646484,16477.400390625,20.683332443237305,4.099999904632568,5.0,18.200000762939453,28217.0,5073.5142857142855,1.094333291053772,27.712261199951172,308.4,1764.199462890625,1617.3428955078125,-2.2114760875701904,1089.5428571428572,8,540,1,0,1,41,3,18
1,223.0,0.0,286.0,2.0,285.0,10839.0,293.4285714285713,12978.6669921875,30.983333587646484,2.0333333015441895,24514.5,27.649999618530273,6.099999904632568,4.25,11.033333778381348,59653.83203125,446.3142857142857,0.6391666531562805,26.543928146362305,20.82857142857143,1327.1119384765625,2512.571533203125,-1.0299524068832397,1050.1714285714286,0,496,1,0,0,21,21,76
1,437.0,0.3238312304019928,286.0,2.0,285.0,7951.0,293.4285714285713,19057.5,33.41666793823242,2.549999952316284,31934.267578125,27.649999618530273,5.699999809265137,4.2833333015441895,13.100000381469727,47464.0,455.9714285714286,0.643833339214325,26.568927764892578,22.8,1328.18505859375,2479.257080078125,-1.0508571863174438,1049.9714285714285,0,496,1,0,0,41,14,150
0,193.0,0.06157354637980461,286.0,2.0,285.0,2248.0,282.30612244897947,14163.3330078125,35.483333587646484,3.383333444595337,29899.767578125,27.766666412353516,5.300000190734863,4.349999904632568,27.96666717529297,35274.83203125,462.25714285714287,0.6029999852180481,26.32345199584961,15.914285714285715,1317.76220703125,2607.6572265625,-1.0109047889709473,1039.4,0,496,1,0,0,21,16,66
1,87.0,0.0022805016487836838,286.0,2.0,285.0,5480.0,282.30612244897947,14274.6669921875,37.650001525878906,0.7333333492279053,25928.533203125,27.5,5.300000190734863,4.383333206176758,21.616666793823242,41574.66796875,462.9714285714286,0.593666672706604,26.26869010925293,15.085714285714285,1324.2572021484375,2640.6572265625,-1.000571370124817,1041.5142857142857,0,496,1,0,0,21,8,30
0,201.0,0.7867730855941772,286.0,2.0,296.0,1268.0,275.0204081632651,15642.0,36.56666564941406,3.7833333015441895,25577.232421875,26.46666717529297,5.300000190734863,4.400000095367432,31.96666717529297,26833.333984375,462.8285714285714,0.5648333430290222,26.098451614379883,14.057142857142857,1327.17724609375,2681.3427734375,-0.9902142882347107,1036.2285714285715,0,496,1,0,0,31,26,70
1,279.0,0.08209805935621262,286.0,2.0,285.0,3718.0,270.0204081632651,15814.8330078125,32.5,0.699999988079071,24389.8671875,28.58333396911621,5.300000190734863,4.2833333015441895,18.566667556762695,46131.83203125,443.42857142857144,0.5602856874465942,26.190834045410156,11.571428571428571,1324.4464111328125,2761.199951171875,-0.9890952706336975,1037.3714285714286,0,496,1,0,0,21,35,96
1,151.0,0.16647662222385406,286.0,2.0,285.0,1790.0,268.10204081632634,14608.6669921875,31.71666717529297,4.7833333015441895,22757.0,24.899999618530273,5.400000095367432,4.333333492279053,27.183332443237305,30575.333984375,444.62857142857143,0.5445476174354553,26.11107063293457,10.771428571428572,1333.0411376953125,2767.94287109375,-0.9465000033378601,1039.0,0,496,1,0,0,31,32,52
1,202.0,0.3648802638053894,286.0,2.0,285.0,1374.0,266.12244897959164,14941.1669921875,34.20000076293945,4.650000095367432,23704.732421875,26.316667556762695,5.800000190734863,4.383333206176758,31.0,72480.8359375,446.9142857142857,0.5430952310562134,26.12761878967285,9.714285714285714,1342.8524169921875,2779.314208984375,-0.9179285764694214,1045.5428571428572,0,496,1,0,0,21,13,73
1,160.0,0.049030788242816925,286.0,2.0,296.0,1947.0,266.14285714285694,14530.611328125,34.75555419921875,1.9111111164093018,21482.65625,26.316665649414062,5.266666889190674,4.277777671813965,29.61111068725586,24897.943359375,456.48571428571427,0.5584999918937683,26.171308517456055,8.685714285714285,1331.3878173828125,2789.800048828125,-0.8430238366127014,1043.1142857142856,0,496,1,0,0,31,24,55
0,160.0,0.5119726061820984,286.0,2.0,296.0,1437.0,266.7959183673468,15643.5,33.0,1.6666666269302368,22656.80078125,27.91666603088379,5.400000095367432,4.183333396911621,32.06666564941406,33449.16796875,468.77142857142854,0.5620238184928894,26.184642791748047,7.942857142857143,1324.9691162109375,2796.71435546875,-0.8285475969314575,1040.4571428571428,0,474,1,1,0,41,10,54
0,233.0,0.5735461711883545,286.0,2.0,296.0,2156.0,270.26530612244886,21988.5,34.0,5.5,22737.333984375,26.450000762939453,5.400000095367432,4.333333492279053,25.58333396911621,34781.66796875,497.8857142857143,0.5641428828239441,26.21071434020996,8.8,1325.7376708984375,2755.6572265625,-0.780047595500946,1040.4,0,474,1,1,0,21,14,81
0,330.0,0.8711516261100769,286.0,2.0,296.0,1082.0,258.14285714285694,15199.0,34.849998474121094,1.25,21980.666015625,25.733333587646484,5.400000095367432,4.150000095367432,29.383333206176758,26797.0,567.9142857142857,0.5895237922668457,26.31999969482422,7.857142857142857,1325.9381103515625,2775.428466796875,-0.410404771566391,1048.3428571428572,0,474,1,0,0,21,34,150
0,249.0,0.7708095908164978,286.0,2.0,296.0,1101.0,252.6938775510202,14280.3330078125,34.46666717529297,3.183333396911621,20981.19921875,26.816667556762695,5.099999904632568,4.233333110809326,36.28333282470703,22043.0,577.8,0.5985000133514404,26.387500762939453,7.6571428571428575,1327.094970703125,2782.514404296875,-0.36971426010131836,1052.2285714285715,0,474,1,0,0,31,3,85
0,305.0,0.2440136820077896,286.0,2.0,296.0,3000.0,257.4285714285712,,,,,,,,,,834.3142857142857,0.6623095273971558,26.97678565979004,10.342857142857143,1331.0693359375,2910.771484375,0.05995239317417145,1070.6571428571428,0,474,1,0,0,41,2,112
1,178.0,0.0,286.0,2.0,296.0,5222.0,251.2040816326529,14413.3330078125,36.233333587646484,4.633333206176758,18641.80078125,26.299999237060547,5.599999904632568,4.150000095367432,27.41666603088379,24184.666015625,845.2571428571429,0.6695952415466309,27.052738189697266,10.885714285714286,1331.836669921875,2941.628662109375,0.0906190499663353,1072.2857142857142,0,474,1,0,0,21,18,67
1,153.0,0.38312429189682007,286.0,2.0,296.0,1077.0,261.4897959183671,13565.0,36.86666488647461,4.633333206176758,21058.18359375,28.350000381469727,5.300000190734863,4.150000095367432,21.700000762939453,35634.16796875,794.2571428571429,0.6556428670883179,27.05559539794922,14.714285714285714,1341.692626953125,2823.971435546875,0.21580952405929565,1071.8285714285714,0,474,1,0,0,42,3,69
0,283.0,0.8973774313926697,286.0,2.0,296.0,1075.0,269.6530612244896,14495.3330078125,34.53333282470703,2.0333333015441895,18568.0,25.08333396911621,5.599999904632568,4.150000095367432,26.100000381469727,24054.666015625,745.2,0.6511428356170654,27.11404800415039,17.857142857142858,1349.117431640625,2754.199951171875,0.22973810136318207,1073.1714285714286,0,474,1,0,0,24,35,126
0,149.0,0.2303306758403778,286.0,2.0,296.0,2311.0,267.75510204081615,12500.1669921875,37.5,3.9000000953674316,17508.283203125,23.950000762939453,4.599999904632568,4.150000095367432,24.83333396911621,21146.166015625,736.3714285714286,0.6606666445732117,27.264047622680664,21.142857142857142,1359.8250732421875,2685.628662109375,0.3066428601741791,1080.1714285714286,0,474,1,0,0,31,13,50
0,142.0,0.39566704630851746,286.0,2.0,296.0,2402.0,265.6530612244896,13083.0,36.900001525878906,6.316666603088379,20701.19921875,24.5,4.800000190734863,4.150000095367432,26.133333206176758,26905.0,724.8571428571429,0.6526428461074829,27.199403762817383,20.942857142857143,1363.803955078125,2693.628662109375,0.304023802280426,1080.2571428571428,0,496,1,0,0,31,27,47
0,77.0,0.2702394425868988,286.0,2.0,296.0,3527.0,253.83673469387733,13897.3330078125,35.79999923706055,5.666666507720947,17571.666015625,24.75,5.5,4.25,27.28333282470703,47459.66796875,727.8285714285714,0.656499981880188,27.29190444946289,21.97142857142857,1374.6077880859375,2671.971435546875,0.2884523868560791,1088.1714285714286,0,496,1,0,0,31,25,27
0,113.0,0.7194982767105103,286.0,2.0,296.0,7314.0,249.877551020408,13573.3330078125,36.58333206176758,4.9666666984558105,16611.56640625,23.46666717529297,4.900000095367432,4.083333492279053,26.149999618530273,25475.333984375,753.0285714285715,0.6429523825645447,27.24464225769043,23.8,1363.613037109375,2624.39990234375,0.3464761972427368,1076.6,1,474,1,0,0,31,19,38
0,82.0,0.5188141465187073,286.0,2.0,296.0,9712.0,240.10204081632637,13346.1669921875,33.766666412353516,5.233333110809326,17589.56640625,23.83333396911621,4.599999904632568,4.133333206176758,24.25,23520.666015625,751.2571428571429,0.6498095393180847,27.2790470123291,22.62857142857143,1367.0263671875,2654.142822265625,0.3026190400123596,1081.5142857142857,1,474,1,0,0,31,32,27
0,131.0,0.5028506517410278,286.0,2.0,296.0,2912.0,240.4489795918366,12397.8330078125,33.63333511352539,5.883333206176758,16016.099609375,24.200000762939453,4.400000095367432,4.133333206176758,19.75,24529.166015625,781.7428571428571,0.6435714364051819,27.208690643310547,24.885714285714286,1364.469482421875,2581.71435546875,0.40714284777641296,1074.942857142857,0,496,1,0,0,42,4,41
0,115.0,0.26795893907546997,286.0,2.0,285.0,2314.0,235.73469387755085,12350.5,33.63333511352539,7.300000190734863,16517.083984375,24.516666412353516,5.199999809265137,4.183333396911621,25.516666412353516,23346.0,797.1428571428571,0.6379047632217407,27.253570556640625,31.257142857142856,1386.6348876953125,2463.628662109375,0.4576428532600403,1081.8,2,496,1,0,0,21,10,38
0,224.0,0.285062700510025,286.0,2.0,285.0,2987.0,235.73469387755085,12093.6669921875,29.483333587646484,6.800000190734863,16497.349609375,25.03333282470703,5.199999809265137,4.183333396911621,21.383333206176758,28423.833984375,797.1428571428571,0.6379047632217407,27.253570556640625,31.257142857142856,1386.6348876953125,2463.628662109375,0.4576428532600403,1081.8,0,496,1,0,0,21,19,83
1,137.0,0.0,286.0,2.0,285.0,9204.0,232.89795918367332,12108.8330078125,32.099998474121094,2.4166667461395264,15850.1669921875,23.21666717529297,4.900000095367432,4.150000095367432,19.183332443237305,50734.5,819.4285714285714,0.6414047479629517,27.299762725830078,33.08571428571429,1384.1397705078125,2430.199951171875,0.43723809719085693,1079.857142857143,0,496,1,0,0,34,11,58
0,3.0,0.0,286.0,2.0,285.0,18976.0,233.1224489795916,13828.3330078125,29.955556869506836,5.005555629730225,19133.4765625,23.35555648803711,5.5,4.5333333015441895,16.016666412353516,48459.0,804.9428571428572,0.6606428623199463,27.4040470123291,34.57142857142857,1398.7655029296875,2420.514404296875,0.410404771566391,1091.857142857143,0,496,1,0,0,34,1,1
0,10.0,0.0,286.0,2.0,285.0,12545.0,238.9183673469386,14370.0,32.099998474121094,2.866666555404663,24668.0,24.100000381469727,5.099999904632568,4.699999809265137,16.03333282470703,50789.33203125,845.6857142857143,0.6427618861198425,27.305238723754883,40.371428571428574,1394.731201171875,2321.60009765625,0.4962143003940582,1078.4571428571428,0,496,1,0,0,34,1,4
1,287.0,0.24857468903064728,286.0,2.0,285.0,4218.0,239.59183673469371,15242.0,31.883333206176758,4.449999809265137,15760.900390625,22.71666717529297,4.199999809265137,4.183333396911621,19.850000381469727,22496.333984375,880.6,0.6250952482223511,27.190357208251953,41.34285714285714,1390.3704833984375,2282.17138671875,0.4865476191043854,1070.2,0,496,1,0,0,41,19,128
0,305.0,0.9703534841537476,286.0,2.0,248.0,1037.0,245.57142857142847,18227.333984375,36.18333435058594,4.599999904632568,17594.1328125,23.91666603088379,4.599999904632568,3.9833333492279053,16.649999618530273,21698.0,925.2,0.6147381067276001,27.09940528869629,43.457142857142856,1406.5936279296875,2273.60009765625,0.4630238115787506,1074.2571428571428,0,473,1,0,0,41,26,137
1,208.0,0.0,286.0,2.0,248.0,4368.0,246.9999999999998,15710.3330078125,32.266666412353516,2.7666666507720947,19376.43359375,24.100000381469727,4.800000190734863,4.150000095367432,18.25,39489.66796875,989.8857142857142,0.6088095307350159,27.182024002075195,48.371428571428574,1417.640625,2257.685791015625,0.4810238182544708,1076.4571428571428,0,473,1,0,0,21,33,74
1,299.0,0.4526796042919159,286.0,2.0,248.0,1135.0,247.99999999999983,15263.5556640625,32.93888854980469,1.9166667461395264,17781.478515625,22.711111068725586,4.833333492279053,4.1777777671813965,17.350000381469727,21152.056640625,1001.0571428571428,0.5992143154144287,27.066667556762695,46.02857142857143,1409.718017578125,2289.571533203125,0.471357136964798,1070.6571428571428,0,473,1,0,0,21,26,89
1,249.0,0.5769669413566589,286.0,2.0,248.0,1243.0,249.5306122448978,13618.5,32.28333282470703,3.633333444595337,16823.583984375,24.450000762939453,4.5,4.050000190734863,16.983333587646484,26153.0,1025.4,0.6099047660827637,27.11797523498535,43.08571428571429,1408.7181396484375,2352.314208984375,0.4348571300506592,1075.5714285714287,0,473,1,0,0,31,26,73
0,289.0,0.7240592837333679,286.0,2.0,248.0,3674.0,250.69387755102022,13783.3330078125,25.683332443237305,1.7000000476837158,16241.7998046875,22.616666793823242,4.400000095367432,3.883333444595337,14.933333396911621,19671.166015625,1090.857142857143,0.6195476055145264,27.136308670043945,39.94285714285714,1428.5849609375,2448.485595703125,0.36092856526374817,1092.4,0,473,1,0,0,21,30,129
1,142.0,0.0,286.0,2.0,248.0,5420.0,250.81632653061206,12559.5,27.91666603088379,2.5333333015441895,20061.19921875,24.049999237060547,4.800000190734863,4.050000190734863,10.149999618530273,43686.16796875,1125.0285714285715,0.6284047365188599,27.192975997924805,42.114285714285714,1429.8267822265625,2477.771484375,0.3367142677307129,1092.9714285714285,0,482,1,0,0,31,30,46
1,331.0,0.0,286.0,2.0,271.0,2819.0,251.22448979591812,12757.9443359375,26.25,2.48888897895813,16728.021484375,25.22222137451172,4.199999809265137,4.0333333015441895,10.594444274902344,45420.77734375,1153.1714285714286,0.6375952363014221,27.21714210510254,41.94285714285714,1434.98681640625,2503.3427734375,0.33611905574798584,1098.057142857143,0,482,1,0,0,31,24,124
1,243.50340823909605,0.2976054847240448,286.0,2.0,248.0,2218.0,250.9591836734691,14536.0,34.45000076293945,6.150000095367432,25483.80078125,25.78333282470703,4.5,4.183333396911621,16.91666603088379,49329.0,1181.3714285714286,0.6266904473304749,27.132381439208984,40.22857142857143,1434.9364013671875,2554.82861328125,0.288833349943161,1097.1142857142856,0,473,1,0,0,21,19,89
0,76.0,0.4036487936973572,286.0,2.0,248.0,2183.0,253.44897959183643,17271.166015625,32.71666717529297,2.633333444595337,18846.55078125,22.549999237060547,4.300000190734863,4.266666889190674,26.049999237060547,27963.666015625,1240.942857142857,0.6281190514564514,27.111547470092773,41.2,1433.73193359375,2599.314208984375,0.2916666567325592,1095.057142857143,0,482,1,0,0,42,6,27
0,252.0,0.5473204255104065,286.0,2.0,248.0,1189.0,246.5510204081631,14207.3330078125,31.266666412353516,1.899999976158142,16555.3671875,22.016666412353516,4.300000190734863,4.25,22.28333282470703,19627.0,1441.4857142857143,0.661309540271759,27.16535758972168,47.17142857142857,1437.4981689453125,2691.199951171875,0.21721428632736206,1097.2285714285715,0,473,1,0,0,21,35,113
0,261.0,0.65108323097229,286.0,2.0,248.0,1042.0,243.67346938775495,13399.6669921875,30.299999237060547,1.5333333015441895,18504.599609375,21.200000762939453,4.199999809265137,4.183333396911621,24.75,28150.333984375,1465.4571428571428,0.6687619090080261,27.195594787597656,49.25714285714286,1437.079345703125,2677.857177734375,0.24002380669116974,1096.4571428571428,1,473,1,0,0,21,29,95
1,301.0,0.12542758882045746,286.0,2.0,248.0,2577.0,241.10204081632642,13194.1669921875,35.71666717529297,2.0833332538604736,17505.8671875,25.600000381469727,5.099999904632568,4.25,21.516666412353516,32784.66796875,1459.7428571428572,0.6740000247955322,27.241785049438477,51.48571428571429,1441.4500732421875,2660.800048828125,0.1998809576034546,1098.4857142857143,0,473,1,0,0,21,35,118
0,222.0,0.8996579051017761,286.0,2.0,248.0,1082.0,239.9183673469386,13716.7783203125,33.32777786254883,2.1222221851348877,19245.9609375,22.633333206176758,4.433333396911621,4.150000095367432,21.622222900390625,23016.388671875,1495.8,0.6718809604644775,27.180118560791016,53.91428571428571,1434.4554443359375,2657.314208984375,0.20752380788326263,1090.7142857142858,1,473,1,0,0,21,23,75
0,244.0,0.6761687397956848,286.0,2.0,248.0,2232.0,238.75510204081615,16622.833984375,32.58333206176758,4.183333396911621,17691.400390625,21.516666412353516,4.099999904632568,4.2833333015441895,21.266666412353516,21536.166015625,1517.7428571428572,0.6770238280296326,27.212738037109375,56.82857142857143,1439.7630615234375,2635.3427734375,0.1625952422618866,1092.3714285714286,0,473,1,0,0,21,27,74
1,215.0,0.10376282781362534,286.0,2.0,248.0,5562.0,237.73469387755085,14686.3330078125,36.52777862548828,2.7333333492279053,18554.47265625,24.58888816833496,4.233333110809326,4.25,19.2277774810791,45380.83203125,1551.4285714285713,0.6829285621643066,27.258214950561523,62.6,1438.2508544921875,2605.60009765625,0.134714275598526,1087.6571428571428,0,473,1,0,0,21,17,84
1,111.0,0.0,286.0,2.0,248.0,12481.0,234.18367346938754,19779.166015625,33.95000076293945,3.2666666507720947,22447.482421875,24.71666717529297,5.599999904632568,4.5333333015441895,16.549999237060547,44692.83203125,1605.5428571428572,0.7066428661346436,27.342857360839844,71.88571428571429,1437.785400390625,2577.0,0.1336190551519394,1083.0285714285715,0,482,1,0,0,21,1,43
0,125.0,0.0,286.0,2.0,271.0,23070.0,228.22448979591817,22689.0,30.16666603088379,3.383333444595337,21225.80078125,24.33333396911621,5.599999904632568,4.5333333015441895,16.96666717529297,57032.0,1644.8285714285714,0.7295714020729065,27.457738876342773,84.97142857142858,1440.735107421875,2497.685791015625,0.14688095450401306,1077.8285714285714,0,482,1,0,0,24,14,41
0,60.0,0.0,286.0,2.0,272.0,28314.0,216.59183673469366,23868.77734375,34.516666412353516,5.7166666984558105,23609.966796875,23.97222137451172,5.0333333015441895,4.816666603088379,26.161109924316406,44553.0,1804.6571428571428,0.7246666550636292,27.357500076293945,111.05714285714286,1448.847412109375,2262.82861328125,0.22757142782211304,1053.8,0,497,1,0,0,34,9,23
1,173.0,0.0,286.0,2.0,248.0,23032.0,215.95918367346917,19952.111328125,38.96666717529297,3.683333396911621,26421.80078125,23.066667556762695,4.599999904632568,4.550000190734863,21.600000381469727,26699.22265625,1833.142857142857,0.7264285683631897,27.35202407836914,114.0,1448.9290771484375,2235.17138671875,0.2246190458536148,1051.0285714285715,0,473,1,0,0,34,9,66
1,216.0,0.0,267.0,4.0,271.0,23108.0,216.04081632653038,15950.0,36.21666717529297,3.799999952316284,20573.8671875,20.766666412353516,4.400000095367432,4.433333396911621,11.5,23361.666015625,1912.2285714285715,0.7510238289833069,27.439523696899414,111.08571428571429,1429.2205810546875,2225.228515625,0.27988094091415405,1046.8,0,482,1,0,0,41,31,76
1,129.0,0.009122006595134735,286.0,2.0,272.0,19054.0,215.9183673469385,17517.333984375,36.54999923706055,3.316666603088379,19224.43359375,23.683332443237305,4.5,4.483333110809326,12.533333778381348,20607.666015625,1942.5428571428572,0.7582142949104309,27.476667404174805,110.42857142857143,1425.1083984375,2226.685791015625,0.2869761884212494,1046.7428571428572,2,497,1,0,0,21,5,62
1,172.0,0.009122006595134735,286.0,2.0,248.0,19479.0,218.4285714285712,13134.6669921875,36.099998474121094,1.2333333492279053,18481.8671875,21.866666793823242,4.699999809265137,4.5,11.366666793823242,20598.0,2070.6857142857143,0.7536428570747375,27.3990478515625,107.37142857142857,1422.9962158203125,2229.05712890625,0.2958333194255829,1046.7714285714285,1,473,1,0,0,21,8,66
1,136.0,0.0,296.0,3.0,248.0,17314.0,224.99999999999977,16399.666015625,36.71666717529297,3.3499999046325684,18748.0,25.933332443237305,6.0,4.683333396911621,10.800000190734863,63410.33203125,2132.2,0.752047598361969,27.425357818603516,118.2,1452.836181640625,2174.085693359375,0.317976176738739,1054.4857142857143,0,497,1,0,0,21,22,49
1,157.0,0.0,286.0,2.0,272.0,13474.0,224.24489795918345,15392.5,40.61666488647461,2.6666667461395264,21502.69921875,23.03333282470703,4.699999809265137,4.5,10.350000381469727,24380.0,2143.0857142857144,0.7544047832489014,27.417856216430664,109.6,1425.57763671875,2211.257080078125,0.32123810052871704,1046.4571428571428,1,497,1,0,0,24,20,56
1,165.0,0.0,286.0,2.0,271.0,14465.0,226.81632653061203,14149.3330078125,36.53333282470703,3.383333444595337,20384.466796875,21.75,5.300000190734863,4.383333206176758,9.633333206176758,24901.333984375,2280.3142857142857,0.7596428394317627,27.406667709350586,105.68571428571428,1416.02197265625,2232.17138671875,0.36016666889190674,1045.6285714285714,1,482,1,0,0,34,14,60
1,199.0,0.0,286.0,2.0,272.0,17692.0,229.67346938775492,14068.3330078125,40.483333587646484,2.6500000953674316,19643.56640625,21.75,4.599999904632568,4.383333206176758,9.916666984558105,21778.666015625,2383.057142857143,0.7699047327041626,27.435476303100586,101.17142857142858,1410.528076171875,2247.28564453125,0.3989047408103943,1049.2857142857142,0,497,1,0,0,21,26,89
1,141.0,0.0,286.0,2.0,271.0,17509.0,233.63265306122432,13865.3330078125,34.88333511352539,2.9833333492279053,20471.666015625,21.83333396911621,5.099999904632568,4.449999809265137,11.016666412353516,22206.0,2445.5142857142855,0.7727142572402954,27.431547164916992,101.08571428571429,1411.8756103515625,2251.8857421875,0.4219285547733307,1050.6857142857143,1,482,1,0,0,31,9,63
1,155.0,0.08437856286764145,286.0,2.0,272.0,9661.0,232.89795918367332,11891.8330078125,34.79999923706055,1.7166666984558105,19140.94921875,21.96666717529297,4.800000190734863,4.099999904632568,14.833333015441895,18740.0,2469.0285714285715,0.7735475897789001,27.40035629272461,96.8,1409.3408203125,2263.771484375,0.43285712599754333,1053.057142857143,3,497,1,0,0,21,2,69
0,103.0,0.24857468903064728,286.0,2.0,272.0,2129.0,232.3673469387753,11464.8330078125,36.71666717529297,2.633333444595337,19937.43359375,22.08333396911621,4.599999904632568,4.583333492279053,17.21666717529297,21647.833984375,2489.8571428571427,0.7721666693687439,27.337142944335938,94.42857142857143,1406.470458984375,2273.771484375,0.4573333263397217,1053.3428571428572,1,497,1,0,0,31,8,38
0,98.0,0.202964648604393,286.0,2.0,272.0,8133.0,232.2448979591835,13706.5556640625,34.18333435058594,3.355555534362793,20331.97265625,23.21666717529297,4.800000190734863,4.316666603088379,22.58333396911621,24889.22265625,2561.342857142857,0.7865952253341675,27.446189880371094,93.02857142857142,1410.0120849609375,2290.800048828125,0.4602857232093811,1061.5142857142857,1,497,1,0,0,21,6,37
0,199.0,0.14367160201072693,286.0,2.0,272.0,4354.0,226.12244897959172,17496.666015625,34.28333282470703,5.5333333015441895,22631.232421875,23.66666603088379,4.599999904632568,4.383333206176758,18.483333587646484,40706.0,2539.342857142857,0.7838571667671204,27.38428497314453,91.74285714285715,1407.898193359375,2285.514404296875,0.466952383518219,1060.057142857143,0,497,1,0,0,21,3,82
0,215.0,0.3295325040817261,296.0,3.0,272.0,2469.0,220.32653061224482,12800.0,36.849998474121094,2.0999999046325684,17307.517578125,22.08333396911621,4.599999904632568,4.133333206176758,22.149999618530273,21128.833984375,2571.057142857143,0.7970238327980042,27.4372615814209,90.2,1407.87158203125,2292.371337890625,0.4712381064891815,1064.4,0,497,1,0,0,31,9,82
1,86.0,0.16305586695671082,296.0,3.0,272.0,3507.0,212.67346938775503,16668.333984375,40.43333435058594,5.2166666984558105,22423.80078125,25.66666603088379,4.900000095367432,4.300000190734863,19.233333587646484,26554.0,2732.885714285714,0.814214289188385,27.508453369140625,88.02857142857142,1405.54345703125,2318.742919921875,0.48195236921310425,1069.9142857142858,0,497,1,1,0,21,7,41
0,147.0,0.36259976029396057,296.0,3.0,272.0,12588.0,209.7755102040816,17442.0,40.233333587646484,3.9666666984558105,19452.732421875,23.100000381469727,4.5,4.349999904632568,26.383333206176758,24358.666015625,2910.457142857143,0.821309506893158,27.497737884521484,84.88571428571429,1405.1497802734375,2348.39990234375,0.47302380204200745,1075.2285714285715,3,497,1,0,0,41,10,61
1,70.0,0.10718358308076859,296.0,3.0,272.0,12260.0,207.02040816326524,13535.5,30.28333282470703,3.0333333015441895,19005.767578125,24.25,5.5,4.25,17.616666793823242,33108.66796875,3017.942857142857,0.8389047384262085,27.594999313354492,89.42857142857143,1409.90771484375,2318.257080078125,0.45861905813217163,1078.6,3,482,1,0,0,21,7,27
1,66.00638212704318,0.0,296.0,3.0,271.0,18985.0,211.8163265306122,14358.27734375,33.366668701171875,2.316666603088379,19626.767578125,23.538888931274414,4.900000095367432,4.366666793823242,13.949999809265137,28166.888671875,3222.2285714285713,0.8531904816627502,27.66535758972168,92.17142857142858,1416.7381591796875,2292.94287109375,0.423547625541687,1083.3142857142857,0,482,1,1,0,21,19,28
1,88.0,0.0,296.0,3.0,271.0,17542.0,211.97959183673464,13816.6669921875,31.233333587646484,2.9000000953674316,19408.517578125,23.066667556762695,5.099999904632568,4.349999904632568,12.449999809265137,23707.166015625,3262.0,0.8638809323310852,27.723451614379883,96.25714285714285,1422.702392578125,2269.0,0.44045236706733704,1085.5142857142857,1,482,1,1,0,21,21,33
1,166.0,0.1550741195678711,296.0,3.0,293.0,11500.0,209.30612244897952,14872.0,34.0,4.0,19607.166015625,24.233333587646484,5.0,4.383333206176758,10.333333015441895,24907.0,3243.3714285714286,0.8597381114959717,27.6636905670166,91.14285714285714,1408.6973876953125,2309.142822265625,0.4256904721260071,1080.7714285714285,3,476,1,0,0,21,29,64
1,154.0,0.0,296.0,3.0,271.0,20618.0,214.36734693877543,17001.666015625,33.599998474121094,4.333333492279053,21760.18359375,21.616666793823242,4.5,4.483333110809326,7.083333492279053,28014.333984375,3348.5142857142855,0.8593809604644775,27.69452476501465,94.94285714285714,1414.4520263671875,2277.39990234375,0.4576428532600403,1080.9714285714285,0,482,1,0,0,21,17,66
1,59.0,0.0,296.0,3.0,271.0,14846.0,223.71428571428558,,,,,,,,,,3472.0857142857144,0.8664523959159851,27.6875,99.45714285714286,1415.0958251953125,2249.857177734375,0.40057140588760376,1079.2285714285715,1,482,1,0,0,42,35,31
0,79.0,0.0,296.0,3.0,271.0,14051.0,223.71428571428558,21990.833984375,35.78333282470703,3.183333396911621,20502.849609375,22.316667556762695,5.400000095367432,4.800000190734863,11.699999809265137,46761.0,3472.0857142857144,0.8664523959159851,27.6875,99.45714285714286,1415.0958251953125,2249.857177734375,0.40057140588760376,1079.2285714285715,0,482,1,0,0,34,8,32
1,206.0,0.07525655627250671,296.0,3.0,271.0,13760.0,223.5510204081631,16824.5,34.400001525878906,3.9833333492279053,19677.517578125,23.233333587646484,4.900000095367432,4.25,24.133333206176758,22304.833984375,3568.7714285714287,0.8695714473724365,27.66797637939453,106.6,1423.7452392578125,2186.857177734375,0.3827381134033203,1078.2571428571428,2,482,1,0,0,21,26,85
1,79.0,0.0,296.0,3.0,293.0,3437.0,226.34693877550995,,37.5,4.699999809265137,,22.816667556762695,4.800000190734863,4.550000190734863,14.0,,3605.885714285714,0.861547589302063,27.592857360839844,97.97142857142858,1405.1522216796875,2232.71435546875,0.3629523515701294,1072.9142857142858,0,476,1,0,0,21,8,32
0,202.0,0.8038768768310547,267.0,4.0,271.0,7722.0,222.67346938775492,14998.6669921875,37.516666412353516,7.166666507720947,20888.666015625,22.549999237060547,4.699999809265137,4.349999904632568,19.950000762939453,23476.666015625,3546.114285714286,0.8688809275627136,27.66190528869629,107.71428571428571,1433.4278564453125,2163.60009765625,0.37652382254600525,1083.1714285714286,2,482,1,0,0,31,16,76
1,177.37930865211536,0.0,296.0,3.0,293.0,4217.0,227.2040816326528,16533.0,35.06666564941406,6.433333396911621,19125.75,22.96666717529297,4.800000190734863,4.449999809265137,14.616666793823242,26621.5,3490.0,0.8696190714836121,27.670713424682617,97.6,1406.7188720703125,2198.314208984375,0.3776666522026062,1077.6571428571428,2,476,1,0,0,21,2,69
1,282.0,0.0,296.0,3.0,293.0,7524.0,225.93877551020384,16781.333984375,33.04999923706055,4.666666507720947,20241.81640625,23.53333282470703,5.400000095367432,4.550000190734863,14.533333778381348,29148.333984375,3451.2285714285713,0.8631190657615662,27.63249969482422,99.05714285714286,1411.7828369140625,2175.857177734375,0.3837857246398926,1077.6285714285714,0,476,1,0,0,34,6,124
1,264.0,0.0,296.0,3.0,293.0,4431.0,220.5714285714284,18120.833984375,32.04999923706055,4.699999809265137,22518.267578125,22.33333396911621,5.5,4.583333492279053,16.483333587646484,30531.666015625,3374.3714285714286,0.8667142987251282,27.650238037109375,100.17142857142858,1413.521484375,2139.39990234375,0.3834523856639862,1079.4571428571428,1,476,1,0,0,31,13,137
0,196.0,0.18814139068126678,296.0,3.0,293.0,1672.0,219.97959183673456,12755.1669921875,42.45000076293945,2.549999952316284,17697.5,23.049999237060547,5.599999904632568,4.150000095367432,32.5,24708.333984375,3309.8571428571427,0.8567619323730469,27.574167251586914,98.85714285714286,1419.767822265625,2104.428466796875,0.3708333373069763,1081.7142857142858,1,476,1,0,0,21,10,88
1,228.0,0.0,296.0,3.0,293.0,8761.0,228.14285714285703,,,,,,,,,,3265.6285714285714,0.8714523911476135,27.698572158813477,95.02857142857142,1431.3115234375,2067.628662109375,0.36142855882644653,1097.2,0,476,1,0,0,31,29,97
1,276.0,0.0,296.0,3.0,293.0,5038.0,231.87755102040802,13645.0,42.849998474121094,3.9833333492279053,17791.19921875,23.83333396911621,4.599999904632568,4.400000095367432,23.299999237060547,25687.0,3236.7714285714287,0.8665714263916016,27.674999237060547,89.68571428571428,1425.222900390625,2049.514404296875,0.3634999990463257,1097.5714285714287,1,476,1,0,0,34,32,133
1,246.0,0.03648802638053894,296.0,3.0,293.0,2112.0,236.38775510204067,15730.9443359375,38.92222213745117,2.433333396911621,18006.193359375,23.455554962158203,5.166666507720947,4.299999713897705,28.58888816833496,25936.166015625,3256.1428571428573,0.8593809604644775,27.61297607421875,89.62857142857143,1432.0740966796875,2046.0,0.36909523606300354,1099.9714285714285,0,476,1,0,0,31,9,118
0,201.0,0.48916763067245483,286.0,2.0,293.0,5126.0,247.26530612244886,16063.5556640625,42.74444580078125,4.5722222328186035,17988.982421875,24.077777862548828,4.766666889190674,4.30555534362793,33.31111145019531,33876.22265625,3190.4285714285716,0.857452392578125,27.68535804748535,87.31428571428572,1438.810546875,2024.5428466796875,0.34559524059295654,1107.142857142857,0,476,1,0,0,21,21,86
0,248.0,0.5746864080429077,286.0,2.0,293.0,2800.0,247.26530612244886,16645.5,44.43333435058594,3.4666666984558105,16968.19921875,23.58333396911621,5.0,4.349999904632568,32.75,23847.833984375,3226.342857142857,0.8511666655540466,27.605119705200195,86.31428571428572,1431.8125,2081.314208984375,0.33257144689559937,1101.6571428571428,0,476,1,0,0,31,31,100
0,162.0,0.16761687397956848,286.0,2.0,293.0,2803.0,245.20408163265287,11714.27734375,43.838890075683594,2.5611112117767334,16931.494140625,23.488889694213867,4.666666507720947,4.172222137451172,36.08888626098633,31191.888671875,3082.4285714285716,0.8492380976676941,27.613096237182617,91.6,1445.7371826171875,2106.60009765625,0.3019047677516937,1104.7142857142858,1,476,1,0,0,31,16,61
0,300.0,0.5074116587638855,286.0,2.0,293.0,2063.0,260.2857142857141,11380.5,43.79999923706055,1.9166666269302368,17756.150390625,23.016666412353516,5.400000095367432,4.0,35.29999923706055,21265.833984375,3164.2285714285713,0.8387380838394165,27.55023765563965,90.34285714285714,1437.4107666015625,2190.314208984375,0.2821190357208252,1098.4571428571428,2,476,1,0,0,21,30,112
0,297.0,0.5153933763504028,286.0,2.0,293.0,1959.0,259.69387755102025,11054.3330078125,48.46666717529297,1.0499999523162842,16246.533203125,22.450000762939453,5.0,4.083333492279053,35.28333282470703,21297.666015625,3015.5714285714284,0.8280237913131714,27.525714874267578,93.62857142857143,1444.644775390625,2251.371337890625,0.2387142777442932,1097.6,0,476,1,0,0,31,34,130
0,321.0,0.47662484645843506,286.0,2.0,293.0,1263.0,266.4693877551019,10014.5,49.33333206176758,2.0,15871.650390625,23.566667556762695,5.199999809265137,4.050000190734863,36.70000076293945,21349.0,2973.2285714285713,0.8197857141494751,27.495595932006836,96.14285714285714,1447.97119140625,2303.6572265625,0.22176189720630646,1095.9142857142858,1,476,1,0,0,41,16,117
0,103.0,0.6123147010803223,286.0,2.0,293.0,1135.0,276.30612244897935,13384.6669921875,46.29999923706055,2.549999952316284,16601.017578125,22.483333587646484,5.0,4.183333396911621,39.016666412353516,21221.5,2881.657142857143,0.8176666498184204,27.543214797973633,105.31428571428572,1460.6220703125,2293.028564453125,0.1612619012594223,1095.3714285714286,1,476,1,1,0,21,3,44
0,56.0,0.3774230182170868,286.0,2.0,293.0,1696.0,281.3265306122446,14258.3330078125,43.150001525878906,3.049999952316284,18454.166015625,23.866666793823242,4.599999904632568,4.199999809265137,38.53333282470703,22559.333984375,2961.2,0.8059762120246887,27.399404525756836,105.54285714285714,1458.490234375,2284.71435546875,0.167142853140831,1089.4857142857143,1,476,1,1,0,31,3,23
1,299.0,0.0,286.0,2.0,293.0,2215.0,279.020408163265,14124.8330078125,40.04999923706055,2.5999999046325684,17801.5,22.46666717529297,4.800000190734863,4.050000190734863,40.20000076293945,29007.5,2951.9714285714285,0.8028095364570618,27.44607162475586,111.17142857142858,1461.5433349609375,2245.05712890625,0.14426189661026,1086.4285714285713,0,476,1,1,0,42,23,146
1,225.0,0.19270239770412445,296.0,3.0,293.0,1516.0,272.4489795918365,12939.6669921875,44.71666717529297,4.166666507720947,19366.333984375,22.816667556762695,4.5,4.133333206176758,38.06666564941406,22395.666015625,2959.9714285714285,0.791785717010498,27.385000228881836,115.02857142857142,1464.826171875,2207.142822265625,0.12276191264390945,1082.7428571428572,0,476,1,1,0,41,31,108
0,63.0,0.5792474150657654,296.0,3.0,293.0,1181.0,274.612244897959,12217.1669921875,44.46666717529297,2.3333332538604736,20235.533203125,22.566667556762695,4.699999809265137,4.5,37.54999923706055,22969.0,2984.942857142857,0.7939285635948181,27.34702491760254,117.97142857142858,1460.2069091796875,2169.17138671875,0.08988093584775925,1076.8285714285714,0,476,1,1,0,41,17,32
0,172.0,0.6488027572631836,296.0,3.0,293.0,1383.0,278.551020408163,12827.6669921875,39.099998474121094,4.266666889190674,16264.466796875,21.733333587646484,4.5,4.099999904632568,44.46666717529297,20084.333984375,3002.3714285714286,0.79323810338974,27.364999771118164,121.94285714285714,1463.9674072265625,2134.1142578125,0.0402618944644928,1075.7714285714285,2,476,1,0,0,42,20,71
0,180.0,0.40136829018592834,296.0,3.0,293.0,1362.0,278.551020408163,12504.1669921875,42.06666564941406,3.950000047683716,20806.6171875,23.25,4.300000190734863,4.25,39.29999923706055,27278.833984375,3006.1428571428573,0.7914285659790039,27.319761276245117,124.02857142857142,1466.081298828125,2123.94287109375,0.024785712361335754,1074.3142857142857,0,476,1,0,0,21,13,83
0,127.0,0.34891676902770996,296.0,3.0,293.0,1224.0,283.22448979591815,11297.4443359375,40.95000076293945,2.8888888359069824,19793.478515625,24.483333587646484,5.0,4.133333206176758,43.844444274902344,23789.888671875,3006.114285714286,0.7912856936454773,27.312023162841797,132.25714285714287,1478.0228271484375,2072.0,-0.07211903482675552,1074.0,1,476,1,0,0,21,10,59
0,206.0,0.2291904240846634,296.0,3.0,293.0,2013.0,288.26530612244875,9628.0,38.36666488647461,2.450000047683716,19094.0,21.316667556762695,4.400000095367432,4.050000190734863,46.983333587646484,18164.0,3006.114285714286,0.7912856936454773,27.312023162841797,132.25714285714287,1478.0228271484375,2072.0,-0.07211903482675552,1074.0,1,476,1,0,0,31,12,110
0,195.0,0.7833523154258728,296.0,3.0,293.0,1085.0,297.7142857142855,12685.3330078125,42.599998474121094,3.816666603088379,23903.3671875,21.266666412353516,4.5,4.199999809265137,45.79999923706055,25049.5,3026.457142857143,0.7536428570747375,26.928810119628906,130.2,1477.7584228515625,2031.857177734375,-0.016666673123836517,1064.8,0,476,1,0,0,42,10,106
0,141.0,0.9304447174072266,296.0,3.0,293.0,1045.0,300.081632653061,11439.6669921875,34.88333511352539,2.933333396911621,17065.767578125,20.683332443237305,4.0,4.099999904632568,52.766666412353516,19081.333984375,3058.3142857142857,0.7519999742507935,26.927738189697266,132.74285714285713,1484.7735595703125,2018.800048828125,-0.022999990731477737,1066.3714285714286,0,476,1,0,0,41,9,76
0,181.0,0.5370581746101379,296.0,3.0,293.0,1351.0,296.14285714285694,12671.8330078125,35.400001525878906,2.2833333015441895,17678.44921875,21.316667556762695,4.0,4.083333492279053,44.66666793823242,18550.166015625,2985.057142857143,0.7353571653366089,26.83226203918457,131.4857142857143,1474.64599609375,1998.2572021484375,-0.03499997407197952,1058.3714285714286,0,476,1,0,1,42,34,98
0,237.0,0.9258837103843689,267.0,4.0,293.0,1055.0,272.877551020408,11343.0,33.599998474121094,4.400000095367432,23172.80078125,24.100000381469727,4.5,4.050000190734863,52.900001525878906,20063.333984375,2829.4,0.7125476002693176,26.70297622680664,154.9142857142857,1502.1162109375,1940.94287109375,-0.05554763972759247,1046.3714285714286,0,476,1,0,0,11,34,128
0,378.0,0.7274800539016724,267.0,4.0,293.0,1220.0,269.46938775510176,14181.3330078125,27.544445037841797,7.950000286102295,20528.482421875,22.233333587646484,4.199999809265137,4.150000095367432,61.35000228881836,21487.166015625,2764.885714285714,0.7273333072662354,26.862024307250977,180.6,1563.49609375,1887.6571044921875,-0.09404761344194412,1062.2857142857142,0,476,1,0,0,31,11,165
0,203.0,0.9110604524612427,267.0,4.0,283.0,1068.0,258.12244897959164,10462.6669921875,32.266666412353516,4.5333333015441895,17347.533203125,23.450000762939453,4.0,4.050000190734863,48.21666717529297,19053.333984375,2928.885714285714,0.6764761805534363,26.503570556640625,166.11428571428573,1501.31591796875,1909.7142333984375,-0.10859522968530655,1025.9714285714285,0,507,1,0,1,21,34,110
0,335.0,0.7309008240699768,267.0,4.0,283.0,1121.0,270.04081632653043,13391.22265625,35.377777099609375,5.861111164093018,15825.5,22.11111068725586,3.933333396911621,4.294444561004639,50.86111068725586,17325.111328125,2943.5714285714284,0.6498571634292603,26.293214797973633,171.14285714285714,1496.155029296875,1872.085693359375,-0.18157140910625458,1010.2285714285714,1,507,1,0,1,31,22,142
0,363.0,0.7354618310928345,267.0,4.0,283.0,1664.0,274.4897959183672,10626.0,35.56666564941406,5.4666666984558105,15309.0,22.28333282470703,4.199999809265137,4.333333492279053,52.25,18526.0,2958.885714285714,0.654619038105011,26.415475845336914,173.14285714285714,1495.6654052734375,1851.914306640625,-0.22914287447929382,1010.8857142857142,1,507,1,0,0,31,16,160
0,102.0,0.3797035217285156,267.0,4.0,283.0,1374.0,280.34693877550995,11925.1669921875,39.016666412353516,11.016666412353516,16880.5,21.78333282470703,4.0,4.5,47.81666564941406,19369.5,2962.0857142857144,0.6310238242149353,26.06869125366211,177.71428571428572,1497.9200439453125,1825.17138671875,-0.2547619342803955,997.5428571428571,3,507,1,0,0,31,10,41
0,318.0,0.7651083469390869,267.0,4.0,283.0,2034.0,277.71428571428544,12452.6669921875,36.70000076293945,4.75,16612.0,22.133333206176758,4.0,4.300000190734863,45.33333206176758,19636.666015625,2946.2,0.6350714564323425,26.153213500976562,181.4857142857143,1494.9522705078125,1803.7427978515625,-0.2794285714626312,994.0,1,507,1,0,0,21,11,172
0,160.0,0.11174458265304565,267.0,4.0,283.0,1620.0,274.816326530612,10373.1669921875,37.233333587646484,8.416666984558105,16075.783203125,21.08333396911621,4.0,4.400000095367432,46.93333435058594,18426.666015625,2964.4857142857145,0.6259047389030457,26.085119247436523,184.28571428571428,1499.5975341796875,1797.4000244140625,-0.3293333351612091,991.3428571428572,1,507,1,0,0,31,6,64
0,208.0,0.3797035217285156,267.0,4.0,283.0,1098.0,271.46938775510176,13071.0,26.622222900390625,6.288888931274414,16086.3388671875,21.988887786865234,4.0,4.316666603088379,55.416664123535156,18435.22265625,2982.457142857143,0.6457619071006775,26.40095329284668,186.0,1496.0645751953125,1775.028564453125,-0.39640480279922485,996.6285714285714,0,507,1,0,0,21,11,94
0,312.46786093418103,0.7411630749702454,267.0,4.0,283.0,1111.0,267.3265306122446,12382.9443359375,33.79999923706055,6.383333206176758,15760.2939453125,23.683332443237305,4.099999904632568,4.483333110809326,43.83333206176758,20455.66796875,2997.6761904762548,0.6098253726959229,25.875316619873047,191.21904761902582,1507.1942138671875,1748.2286376953125,-0.4512143135070801,982.6857142857268,0,507,1,0,0,21,35,168
0,245.0,0.8027365803718567,267.0,4.0,283.0,1144.0,267.0612244897957,14986.8330078125,41.54999923706055,3.8499999046325684,18224.966796875,22.850000381469727,4.300000190734863,4.400000095367432,35.18333435058594,20238.166015625,3009.2571428571428,0.5977857112884521,25.710357666015625,190.05714285714285,1505.13037109375,1741.085693359375,-0.503928542137146,977.0571428571428,0,507,1,0,0,21,34,131
0,269.0,0.517673909664154,267.0,4.0,283.0,1992.0,260.75510204081604,12147.3330078125,36.18333435058594,5.666666507720947,19492.583984375,24.766666412353516,4.099999904632568,4.349999904632568,44.483333587646484,19781.666015625,2973.285714285714,0.6228571534156799,26.09666633605957,194.5142857142857,1500.1524658203125,1726.771484375,-0.5215952396392822,982.2,1,507,1,0,0,31,8,126
0,197.0,0.4789053499698639,267.0,4.0,283.0,1182.0,258.18367346938754,14095.5,39.06666564941406,5.199999809265137,17920.650390625,23.75,4.400000095367432,4.400000095367432,43.516666412353516,21168.0,2954.4285714285716,0.6035000085830688,25.758453369140625,192.37142857142857,1496.7464599609375,1724.8857421875,-0.5133333802223206,972.4285714285714,0,507,1,0,0,31,8,95
0,153.0,0.15051311254501343,267.0,4.0,283.0,5010.0,260.12244897959164,20092.5,36.95000076293945,8.033333778381348,17355.75,22.133333206176758,4.099999904632568,4.650000095367432,43.483333587646484,26824.5,2937.9142857142856,0.6197142601013184,25.97869110107422,197.54285714285714,1502.1134033203125,1710.2857666015625,-0.5323095321655273,978.1142857142858,0,507,1,0,0,21,2,73
0,258.0,0.5028506517410278,267.0,4.0,283.0,1493.0,268.7959183673468,12849.8330078125,37.983333587646484,4.816666603088379,17025.732421875,22.700000762939453,4.599999904632568,4.400000095367432,41.18333435058594,19298.5,2985.3142857142857,0.617904782295227,26.021547317504883,202.02857142857144,1508.4166259765625,1668.6856689453125,-0.6224761605262756,977.7428571428571,0,507,1,0,0,41,5,131
0,71.0,0.5028506517410278,267.0,4.0,283.0,1415.0,268.36734693877537,12365.77734375,37.91666793823242,8.033333778381348,17879.333984375,20.922222137451172,3.799999952316284,4.472222328186035,43.17777633666992,19418.4453125,2933.5714285714284,0.6096190214157104,25.83702278137207,203.25714285714287,1503.718017578125,1664.6571044921875,-0.6560952067375183,968.7142857142857,2,507,1,0,0,42,4,34
0,226.0,0.6681870222091675,267.0,4.0,283.0,1597.0,273.10204081632645,15909.0,40.45000076293945,6.633333206176758,17729.599609375,24.133333206176758,4.300000190734863,4.349999904632568,39.099998474121094,22739.0,2911.7428571428572,0.6124761700630188,25.83071517944336,204.45714285714286,1501.12060546875,1651.4000244140625,-0.6919524073600769,967.2285714285714,0,507,1,0,0,21,4,103
0,283.0,0.23375143110752106,267.0,4.0,283.0,1757.0,275.8571428571427,16568.888671875,38.233333587646484,8.199999809265137,17934.689453125,21.961111068725586,4.366666793823242,4.377778053283691,40.85000228881836,20026.5,2887.342857142857,0.6198095083236694,25.917381286621094,208.9142857142857,1502.9873046875,1637.5428466796875,-0.7349762320518494,966.6571428571428,1,507,1,0,0,42,17,133
0,352.0,0.5986316800117493,267.0,4.0,283.0,1803.0,276.3265306122447,9741.0,40.29999923706055,6.199999809265137,18069.06640625,22.850000381469727,3.700000047683716,4.550000190734863,44.95000076293945,20949.333984375,2872.0857142857144,0.6255000233650208,25.977619171142578,209.94285714285715,1503.874755859375,1630.1142578125,-0.7387142777442932,968.9428571428572,1,507,1,0,0,31,9,149
0,143.0,0.0,267.0,4.0,283.0,5474.0,279.2857142857141,14714.3330078125,34.28333282470703,5.333333492279053,17051.93359375,21.883333206176758,4.0,4.650000095367432,45.36666488647461,23078.0,2826.714285714286,0.6631428599357605,26.44607162475586,216.65714285714284,1510.8067626953125,1626.199951171875,-0.8068333268165588,983.0571428571428,0,507,1,0,0,31,5,57
0,118.0,0.007981755770742893,267.0,4.0,283.0,1705.0,282.5102040816325,10128.3330078125,36.83333206176758,5.833333492279053,15895.7998046875,21.700000762939453,3.9000000953674316,4.483333110809326,43.36666488647461,19540.0,2755.285714285714,0.6592857241630554,26.320476531982422,218.54285714285714,1506.299072265625,1626.085693359375,-0.829714298248291,976.6285714285714,0,507,1,0,0,21,22,49
0,192.0,0.6419612169265747,267.0,4.0,283.0,5947.0,284.4489795918365,10363.6669921875,41.29999923706055,8.183333396911621,16612.1328125,22.516666412353516,3.9000000953674316,4.449999809265137,40.349998474121094,18531.833984375,2622.3142857142857,0.6457619071006775,26.063810348510742,228.31428571428572,1508.543701171875,1626.82861328125,-0.8601428866386414,962.3714285714286,1,507,1,0,0,31,5,90
0,272.0,0.4036487936973572,267.0,4.0,283.0,2586.0,281.5306122448977,9477.2216796875,42.6944465637207,6.344444751739502,18497.505859375,26.088890075683594,4.199999809265137,4.400000095367432,35.67777633666992,23079.388671875,2674.457142857143,0.6285238265991211,25.83142852783203,225.45714285714286,1508.61474609375,1634.914306640625,-0.8970237970352173,957.9142857142857,0,507,1,0,0,21,6,125
0,277.0,0.23489168286323547,267.0,4.0,283.0,12308.0,276.59183673469374,12662.3330078125,39.38333511352539,7.75,17069.982421875,22.28333282470703,3.9000000953674316,4.449999809265137,37.93333435058594,21749.0,2573.285714285714,0.6414762139320374,26.066190719604492,228.77142857142857,1516.964111328125,1681.5999755859375,-0.8489047884941101,967.2571428571429,1,507,1,0,0,31,7,136
0,267.0,0.15393386781215668,267.0,4.0,283.0,13682.0,271.8163265306121,10505.7216796875,42.20000076293945,6.683333396911621,16821.18359375,24.094444274902344,4.0,4.461111068725586,37.99444580078125,21143.27734375,2483.5142857142855,0.6379761695861816,26.021785736083984,227.97142857142856,1511.6904296875,1701.971435546875,-0.8415714502334595,963.3428571428572,0,507,1,0,0,42,19,107
0,278.0,0.14025086164474487,267.0,4.0,283.0,12025.0,267.4897959183672,11806.0,46.08333206176758,8.216666221618652,21560.6171875,27.96666717529297,4.199999809265137,4.683333396911621,29.25,24605.166015625,2464.114285714286,0.6340476274490356,25.96928596496582,227.94285714285715,1515.2044677734375,1715.5428466796875,-0.8202381134033203,963.4285714285714,0,507,1,0,0,31,33,120
0,270.0,0.21436716616153717,267.0,4.0,283.0,11146.0,261.79591836734676,10638.0,43.13333511352539,6.75,18113.400390625,25.516666412353516,4.0,4.699999809265137,31.266666412353516,20752.0,2497.542857142857,0.6353809237480164,25.97142791748047,231.31428571428572,1518.0972900390625,1750.7142333984375,-0.8569999933242798,962.5428571428571,0,507,1,0,0,42,34,106
0,234.0,0.030786773189902306,267.0,4.0,283.0,8850.0,246.36734693877528,12999.666015625,49.516666412353516,8.733333587646484,19187.64453125,25.350000381469727,3.799999952316284,4.849999904632568,30.566667556762695,22936.166015625,2425.4857142857145,0.6184999942779541,25.71000099182129,231.0,1520.0771484375,1786.2857666015625,-0.8368333578109741,957.3428571428572,0,507,1,0,0,21,27,93
0,234.0,0.1824401319026947,267.0,4.0,283.0,16162.0,239.91836734693854,14278.3330078125,41.66666793823242,10.683333396911621,17423.56640625,25.149999618530273,4.099999904632568,4.7833333015441895,34.38333511352539,20868.333984375,2429.2,0.6402857303619385,25.9469051361084,235.22857142857143,1524.71630859375,1812.771484375,-0.8352143168449402,966.3428571428572,0,507,1,0,0,21,21,88
0,159.0,0.03762827813625336,267.0,4.0,283.0,9036.0,231.02040816326513,13760.6669921875,50.75,10.233333587646484,20766.80078125,25.816667556762695,3.799999952316284,4.7833333015441895,28.899999618530273,24338.833984375,2340.4857142857145,0.623619019985199,25.51178550720215,238.4,1525.0223388671875,1854.771484375,-0.8344047665596008,953.1142857142858,1,507,1,0,0,41,13,62
0,151.0,0.0011402508243918419,267.0,4.0,283.0,8820.0,231.69387755102022,11626.0,51.36666488647461,6.550000190734863,20604.25,27.649999618530273,4.199999809265137,4.75,30.21666717529297,23876.833984375,2300.2,0.635619044303894,25.691429138183594,241.14285714285714,1520.0902099609375,1855.3428955078125,-0.833214282989502,951.8285714285714,1,507,1,0,0,31,13,57
0,260.0,0.16077536344528198,267.0,4.0,283.0,2964.0,235.02040816326507,9481.1669921875,40.41666793823242,8.199999809265137,17920.56640625,24.683332443237305,3.9000000953674316,4.599999904632568,38.71666717529297,22585.0,2396.2,0.6608571410179138,26.06404685974121,238.45714285714286,1521.1595458984375,1933.4571533203125,-0.8093571662902832,968.4571428571429,2,507,1,0,0,42,15,98
0,224.0,0.034207526594400406,267.0,4.0,283.0,12188.0,235.75510204081604,9710.3330078125,44.53333282470703,9.216666221618652,18314.849609375,24.83333396911621,3.9000000953674316,4.699999809265137,36.349998474121094,22811.5,2478.057142857143,0.6721190214157104,26.105356216430664,241.62857142857143,1527.32177734375,1930.0,-0.8045714497566223,971.4,0,507,1,0,0,41,10,88
1,256.0,0.0,267.0,4.0,283.0,20832.0,244.7755102040814,12062.4443359375,33.2055549621582,6.066666603088379,18071.2109375,22.794443130493164,3.799999952316284,4.699999809265137,47.46111297607422,24704.0,2512.9142857142856,0.6980952620506287,26.3271427154541,248.14285714285714,1525.6947021484375,1954.971435546875,-0.8458571434020996,972.0571428571428,0,507,1,0,0,21,8,104
0,165.0,0.5119726061820984,296.0,1.0,260.0,29802.0,250.7346938775508,10300.6669921875,47.41666793823242,5.433333396911621,19242.767578125,27.633333206176758,4.300000190734863,4.699999809265137,30.183332443237305,23600.0,2709.114285714286,0.6451666951179504,25.701904296875,210.42857142857142,1519.765869140625,2091.05712890625,-0.6659047603607178,983.2285714285714,0,518,1,0,0,31,3,61
0,239.0,0.6693272590637207,296.0,1.0,260.0,21094.0,257.5306122448977,12426.5,43.38333511352539,6.766666889190674,18787.1171875,25.049999237060547,4.300000190734863,4.483333110809326,39.0,24723.166015625,2867.4,0.6561190485954285,25.941665649414062,199.28571428571428,1522.8931884765625,2191.628662109375,-0.5274761915206909,1003.4,0,518,1,0,0,31,14,95
0,109.0,0.18472063541412354,296.0,1.0,283.0,15790.0,253.34693877551004,12477.0,45.66666793823242,6.333333492279053,16998.55078125,23.883333206176758,3.9000000953674316,4.5,35.88333511352539,23617.5,2895.1714285714284,0.6656428575515747,26.109642028808594,206.74285714285713,1521.4732666015625,2145.085693359375,-0.5070000290870667,1000.5714285714286,2,518,1,0,0,31,4,46
0,315.0,0.6054732203483582,296.0,1.0,283.0,7394.0,269.4081632653059,10059.3330078125,42.78333282470703,7.300000190734863,18472.81640625,26.066667556762695,4.5,4.583333492279053,39.349998474121094,22816.666015625,3038.4,0.6591904759407043,25.983095169067383,192.71428571428572,1520.71533203125,2219.857177734375,-0.3524523675441742,1010.3428571428572,0,507,1,0,0,31,9,132
0,302.0,0.892816424369812,296.0,1.0,283.0,2724.0,272.53061224489784,11435.6669921875,41.849998474121094,8.149999618530273,17614.482421875,25.149999618530273,4.5,4.5,38.08333206176758,19454.5,3155.5142857142855,0.6484047770500183,25.871665954589844,187.65714285714284,1520.05859375,2247.199951171875,-0.22600001096725464,1010.6857142857143,0,507,1,1,0,21,25,137
0,,0.030786773189902306,267.0,4.0,260.0,12383.0,266.4489795918366,14596.0,37.86666488647461,11.633333206176758,19440.982421875,23.049999237060547,4.800000190734863,5.099999904632568,42.650001525878906,31691.166015625,3246.5142857142855,0.6890714168548584,26.220714569091797,198.4857142857143,1526.79345703125,2193.485595703125,-0.16488094627857208,1022.7714285714286,0,518,1,0,0,41,27,
0,244.0,0.3591790199279785,267.0,4.0,260.0,10756.0,281.59183673469374,11079.3330078125,35.06666564941406,7.566666603088379,19524.583984375,23.66666603088379,4.599999904632568,4.599999904632568,45.349998474121094,24732.166015625,3344.0857142857144,0.6429047584533691,25.853809356689453,196.28571428571428,1523.567626953125,2139.1142578125,-0.11371427029371262,1005.3428571428572,0,518,1,0,0,31,7,93
0,141.0,0.02508551813662052,267.0,4.0,260.0,4411.0,286.8367346938775,12447.5,41.82777786254883,10.311111450195312,17049.966796875,23.24444580078125,4.400000095367432,4.800000190734863,38.81111145019531,21008.388671875,3414.6857142857143,0.6512619256973267,25.9278564453125,201.77142857142857,1525.005615234375,2113.257080078125,-0.0666428804397583,1006.1142857142858,2,518,1,0,0,31,1,72
0,131.0,0.007981755770742893,267.0,4.0,260.0,9343.0,285.16326530612224,12760.0,38.0,7.166666507720947,18191.3828125,24.616666793823242,4.400000095367432,4.800000190734863,42.06666564941406,21953.5,3406.0285714285715,0.6534761786460876,25.97785758972168,206.37142857142857,1528.5943603515625,2114.0,-0.02464285120368004,1006.4,0,518,1,0,0,41,7,55
0,65.0,0.3637400269508362,267.0,4.0,260.0,3775.0,286.1020408163265,10754.3330078125,36.36666488647461,7.766666889190674,18485.666015625,24.28333282470703,4.300000190734863,4.900000095367432,44.016666412353516,27574.166015625,3388.8285714285716,0.6587619185447693,26.06940460205078,213.54285714285714,1527.039794921875,2106.28564453125,0.07028570771217346,1001.0571428571428,1,518,1,0,0,11,3,24
1,97.0,0.08323831111192703,267.0,4.0,260.0,11190.0,282.75510204081627,15036.8330078125,36.16666793823242,7.516666889190674,17123.166015625,24.483333587646484,4.699999809265137,4.7833333015441895,39.78333282470703,23975.166015625,3374.8571428571427,0.6773809790611267,26.25881004333496,218.45714285714286,1540.4168701171875,2123.771484375,0.11938092857599258,1011.7714285714286,2,518,1,0,0,41,19,37
0,,0.060433294624090195,267.0,4.0,260.0,15902.0,280.3469387755101,11958.8330078125,32.88333511352539,9.100000381469727,16821.6171875,22.899999618530273,3.9000000953674316,4.75,42.13333511352539,23794.333984375,3398.057142857143,0.6787381172180176,26.240951538085938,218.31428571428572,1535.7918701171875,2115.71435546875,0.1687857061624527,1011.0571428571428,1,518,1,0,0,31,3,
0,157.0,0.39452680945396423,267.0,4.0,260.0,14627.0,279.57142857142844,13112.0,34.20000076293945,7.883333206176758,18092.166015625,23.549999237060547,4.400000095367432,4.650000095367432,45.21666717529297,22325.333984375,3398.4285714285716,0.6781190633773804,26.28714370727539,215.05714285714285,1539.2222900390625,2160.28564453125,0.23007141053676605,1019.5428571428571,0,518,1,0,0,31,9,66
0,147.0,0.2303306758403778,267.0,4.0,260.0,6043.0,278.0816326530611,11358.3330078125,37.58333206176758,9.366666793823242,18292.267578125,23.933332443237305,4.599999904632568,4.683333396911621,41.983333587646484,21861.666015625,3391.714285714286,0.6800237894058228,26.296310424804688,214.45714285714286,1540.576416015625,2173.6572265625,0.27590474486351013,1023.2571428571429,2,518,1,0,0,21,8,60
0,159.03627045861842,0.08893956989049911,267.0,4.0,260.0,3215.0,275.2857142857141,11749.3330078125,32.43333435058594,11.416666984558105,17691.466796875,23.816667556762695,4.199999809265137,4.75,48.650001525878906,20661.333984375,3398.2285714285713,0.6764523983001709,26.269285202026367,213.62857142857143,1537.1888427734375,2166.17138671875,0.34245237708091736,1020.6285714285714,1,518,1,0,0,41,14,62
0,153.0,0.32611173391342163,267.0,4.0,260.0,1507.0,274.95918367346917,11579.6669921875,30.983333587646484,10.550000190734863,17941.451171875,22.733333587646484,4.266666889190674,4.699999809265137,46.761112213134766,20990.333984375,3358.057142857143,0.6764523983001709,26.27642822265625,212.0,1538.0955810546875,2198.8857421875,0.34447619318962097,1023.0857142857143,0,518,1,0,0,31,9,64
0,122.0,0.8620296716690063,267.0,4.0,260.0,1042.0,277.18367346938754,10942.1669921875,35.66666793823242,12.466666221618652,16927.232421875,23.28333282470703,4.199999809265137,4.683333396911621,39.43333435058594,18486.666015625,3334.542857142857,0.6756190657615662,26.263214111328125,211.4857142857143,1538.7730712890625,2209.371337890625,0.39588093757629395,1024.4285714285713,1,518,1,0,0,31,8,52
0,132.0,0.5473204255104065,267.0,4.0,260.0,1831.0,280.7755102040814,10523.6669921875,34.43333435058594,6.5333333015441895,19332.732421875,25.516666412353516,4.599999904632568,4.7833333015441895,43.79999923706055,21117.0,3310.2571428571428,0.6868095397949219,26.395000457763672,212.4,1540.5302734375,2222.742919921875,0.43957144021987915,1030.6571428571428,0,518,1,0,0,21,9,49
0,122.0,0.10946407914161682,267.0,4.0,260.0,4939.0,289.9795918367344,10670.3330078125,39.31666564941406,5.633333206176758,18954.333984375,26.33333396911621,4.699999809265137,4.599999904632568,41.53333282470703,21496.166015625,3256.9714285714285,0.680571436882019,26.334880828857422,207.94285714285715,1542.1607666015625,2276.742919921875,0.5111190676689148,1035.0285714285715,2,518,1,0,0,21,2,60
0,304.0,0.65108323097229,267.0,4.0,260.0,5535.0,288.24489795918345,12717.6669921875,38.5,5.566666603088379,27446.3671875,25.950000762939453,4.5,4.683333396911621,40.06666564941406,25229.666015625,3246.5142857142855,0.6895952224731445,26.438095092773438,211.31428571428572,1544.9481201171875,2263.085693359375,0.577833354473114,1037.6285714285714,0,518,1,0,0,11,29,150
0,236.0,0.8643101453781128,267.0,4.0,260.0,9998.0,287.4489795918365,11492.3330078125,36.31666564941406,5.166666507720947,20786.05078125,25.233333587646484,4.300000190734863,4.650000095367432,44.70000076293945,23174.333984375,3220.0,0.6940714120864868,26.496904373168945,208.74285714285713,1546.23046875,2303.371337890625,0.6288809180259705,1044.7142857142858,0,518,1,0,0,21,9,87
0,317.0,0.22690992057323456,267.0,4.0,260.0,9182.0,287.0612244897957,13154.3330078125,36.18333435058594,6.449999809265137,21931.416015625,25.91666603088379,4.400000095367432,4.5,46.150001525878906,23413.166015625,3167.9142857142856,0.6998095512390137,26.50773811340332,207.65714285714284,1550.3792724609375,2342.257080078125,0.7005237936973572,1050.6571428571428,0,518,1,0,0,21,9,126
0,224.0,0.7673888206481934,267.0,4.0,260.0,7272.0,283.9999999999998,10366.611328125,37.35555648803711,6.2166666984558105,19824.662109375,26.299999237060547,4.4666666984558105,4.455555438995361,45.72777557373047,21045.888671875,3167.9142857142856,0.6998095512390137,26.50773811340332,207.65714285714284,1550.3792724609375,2342.257080078125,0.7005237936973572,1050.6571428571428,0,518,1,0,0,21,17,83
0,243.0,0.2098061591386795,267.0,4.0,260.0,1377.0,276.34693877551,11376.1669921875,34.5,7.5333333015441895,20660.56640625,24.316667556762695,4.5,4.650000095367432,46.95000076293945,21756.666015625,3057.4,0.7181904911994934,26.706666946411133,204.97142857142856,1557.8067626953125,2425.857177734375,0.747785747051239,1068.3428571428572,1,518,1,0,0,41,5,115
0,215.0,0.2371721714735031,267.0,4.0,260.0,5622.0,266.10204081632634,10757.6669921875,31.066667556762695,7.25,23175.783203125,29.133333206176758,4.800000190734863,4.883333206176758,41.900001525878906,23659.833984375,3125.8285714285716,0.7272142767906189,26.715238571166992,203.77142857142857,1555.2352294921875,2435.628662109375,0.7491666674613953,1072.1714285714286,1,518,1,0,0,21,4,90
0,235.0,0.3990877866744995,267.0,4.0,260.0,3099.0,253.79591836734684,11082.6669921875,32.03333282470703,10.533333778381348,23607.099609375,25.600000381469727,4.5,4.800000190734863,44.21666717529297,25325.666015625,3058.8,0.7358333468437195,26.804048538208008,200.0857142857143,1560.5882568359375,2491.3427734375,0.7632142901420593,1083.4285714285713,1,518,1,0,0,41,6,104
0,121.0,0.007981755770742893,267.0,4.0,260.0,2992.0,242.97959183673456,11939.8330078125,32.70000076293945,8.399999618530273,19924.30078125,24.133333206176758,4.5,4.583333492279053,43.75,22001.666015625,2997.2,0.7478809356689453,26.891427993774414,199.77142857142857,1567.7623291015625,2518.028564453125,0.7625952363014221,1092.7714285714285,0,518,1,0,0,42,20,57
0,194.0,0.5188141465187073,267.0,4.0,260.0,5864.0,231.97959183673467,11797.5,35.400001525878906,9.133333206176758,19754.94921875,24.616666793823242,4.400000095367432,4.583333492279053,43.70000076293945,23663.166015625,2991.5142857142855,0.7593095302581787,26.97011947631836,202.77142857142857,1569.15771484375,2529.05712890625,0.7804523706436157,1095.3714285714286,0,518,1,0,0,11,28,71
1,188.0,0.0,267.0,4.0,238.0,4916.0,224.14285714285708,10520.3330078125,33.58333206176758,8.933333396911621,18020.099609375,24.483333587646484,4.900000095367432,4.699999809265137,39.766666412353516,62017.66796875,2973.7428571428572,0.8014761805534363,27.319643020629883,209.88571428571427,1576.0570068359375,2517.8857421875,0.7481904625892639,1107.6,0,508,1,0,0,21,10,70
0,118.0,0.10604333132505417,267.0,4.0,238.0,8278.0,219.10204081632654,11093.0,33.233333587646484,10.083333015441895,19945.43359375,24.350000381469727,5.099999904632568,4.683333396911621,40.45000076293945,22687.666015625,2905.057142857143,0.7829762101173401,27.104284286499023,206.68571428571428,1578.3011474609375,2525.257080078125,0.7852380871772766,1103.6285714285714,2,508,1,0,0,31,3,43
0,167.0,0.16761687397956848,267.0,4.0,238.0,1315.0,214.7142857142857,10627.0,32.86666488647461,5.0,19732.1328125,23.399999618530273,4.5,4.683333396911621,45.38333511352539,22948.166015625,2869.6285714285714,0.7662857174873352,26.923572540283203,210.22857142857143,1582.5557861328125,2488.571533203125,0.7163095474243164,1094.7714285714285,1,508,1,0,0,31,3,85
0,174.0,0.43557581305503845,267.0,4.0,238.0,5082.0,211.10204081632645,10470.6669921875,30.91666603088379,5.983333110809326,20236.30078125,24.33333396911621,4.400000095367432,4.683333396911621,43.38333511352539,20021.833984375,2894.457142857143,0.7691904902458191,26.917856216430664,215.62857142857143,1592.42333984375,2459.199951171875,0.6944047808647156,1096.0857142857142,0,508,1,0,0,41,2,65
0,151.0,0.20068414509296417,267.0,4.0,238.0,1508.0,207.16326530612238,9656.6669921875,31.649999618530273,4.616666793823242,18695.44921875,23.366666793823242,4.199999809265137,4.75,43.150001525878906,19075.666015625,2848.942857142857,0.7627857327461243,26.859643936157227,207.8,1584.0438232421875,2462.60009765625,0.6902619004249573,1096.0,3,508,1,0,0,41,8,56
1,174.0,0.16989737749099731,267.0,4.0,238.0,4098.0,205.22448979591832,10643.6669921875,30.46666717529297,7.199999809265137,19838.93359375,24.25,4.5,4.683333396911621,47.21666717529297,24326.0,2817.714285714286,0.8049047589302063,27.08392906188965,210.68571428571428,1594.06884765625,2458.3427734375,0.6306666731834412,1113.9142857142858,5,508,1,0,0,41,13,64
0,133.0,0.0,267.0,4.0,238.0,13425.0,207.04081632653055,13051.6669921875,31.633333206176758,7.516666889190674,23611.1328125,24.883333206176758,5.400000095367432,4.7833333015441895,46.38333511352539,24023.5,2793.342857142857,0.8032380938529968,27.04297637939453,213.14285714285714,1592.4300537109375,2421.17138671875,0.621238112449646,1108.857142857143,0,508,1,0,0,31,10,64
0,121.0,0.26567843556404114,267.0,4.0,238.0,14954.0,211.938775510204,8978.72265625,31.133333206176758,5.983333110809326,19451.244140625,22.7277774810791,4.700000286102295,4.5611114501953125,46.2055549621582,19075.611328125,2782.542857142857,0.7952142953872681,26.948928833007812,215.88571428571427,1592.904296875,2379.94287109375,0.6204047203063965,1102.4857142857143,0,508,1,0,0,21,13,46
0,183.0,0.02166476659476757,267.0,4.0,238.0,8230.0,219.24489795918362,9623.0,33.85555648803711,7.738888740539551,21284.9453125,23.75555419921875,4.266666889190674,4.599999904632568,44.03333282470703,20884.111328125,2804.4285714285716,0.7991190552711487,26.95833396911621,218.14285714285714,1599.8551025390625,2356.971435546875,0.607785701751709,1104.4,1,508,1,0,0,21,13,70
0,168.0,0.6556442379951477,267.0,4.0,238.0,4226.0,225.40816326530603,8920.1669921875,30.799999237060547,4.766666889190674,18659.283203125,23.25,4.599999904632568,4.5,47.79999923706055,21475.833984375,2813.8571428571427,0.7875000238418579,26.866785049438477,221.8,1610.4967041015625,2334.0,0.6217618584632874,1101.7428571428572,1,508,1,0,0,24,3,80
0,303.0,0.5313568711280823,267.0,4.0,238.0,1037.0,231.69387755102025,7983.5,31.950000762939453,5.866666793823242,17681.19921875,21.766666412353516,4.5,4.800000190734863,45.91666793823242,20830.666015625,2805.942857142857,0.7800714373588562,26.8365478515625,217.05714285714285,1613.7049560546875,2325.685791015625,0.6325952410697937,1105.5714285714287,0,508,1,0,0,41,21,138
0,186.0,0.19384264945983887,267.0,4.0,238.0,1344.0,235.16326530612227,9145.5,32.88333511352539,5.916666507720947,16239.2001953125,22.53333282470703,4.900000095367432,4.5,45.91666793823242,19364.833984375,2838.5714285714284,0.775857150554657,26.722620010375977,221.28571428571428,1622.0186767578125,2288.428466796875,0.5928571224212646,1102.057142857143,0,508,1,0,0,24,24,89
0,206.0,0.19840364158153534,267.0,4.0,238.0,1218.0,246.7755102040814,8735.6669921875,30.950000762939453,7.383333206176758,16274.1669921875,22.899999618530273,4.5,4.699999809265137,47.28333282470703,18749.833984375,2995.3714285714286,0.7819285988807678,26.65833282470703,218.8,1609.0855712890625,2245.314208984375,0.4814999997615814,1095.9714285714285,0,508,1,0,0,31,4,84
0,209.52837158896114,0.0034207524731755257,267.0,4.0,238.0,1514.0,248.7346938775508,8333.1669921875,29.633333206176758,8.716666221618652,18012.8828125,22.46666717529297,4.800000190734863,4.599999904632568,51.11666488647461,17730.166015625,3020.7428571428572,0.8051905035972595,26.832500457763672,219.4857142857143,1606.6751708984375,2229.857177734375,0.4389047622680664,1101.6,0,508,1,0,0,31,14,90
0,339.0,0.3090079724788666,296.0,1.0,238.0,3760.0,244.32653061224462,9168.0556640625,31.66666603088379,3.3777778148651123,17754.56640625,24.5222225189209,4.599999904632568,4.5,49.64999771118164,20301.22265625,2923.8,0.8070714473724365,26.789047241210938,216.9142857142857,1609.365966796875,2231.05712890625,0.4888571500778198,1104.7714285714285,0,508,1,0,0,31,32,144
0,280.0,0.0,296.0,1.0,238.0,2378.0,241.34693877551,8755.1669921875,27.616666793823242,8.016666412353516,17506.666015625,22.96666717529297,4.800000190734863,4.583333492279053,51.43333435058594,20027.666015625,2964.6285714285714,0.7942380905151367,26.615951538085938,223.85714285714286,1613.83447265625,2186.71435546875,0.4438333213329315,1093.4285714285713,0,508,1,0,0,41,5,105
0,213.0,0.0011402508243918419,296.0,1.0,238.0,1523.0,237.877551020408,9794.9443359375,30.4777774810791,8.65000057220459,17220.705078125,22.4777774810791,4.699999809265137,4.599999904632568,48.5,25023.72265625,3015.6285714285714,0.7904285788536072,26.613691329956055,225.88571428571427,1614.5042724609375,2139.571533203125,0.3562619090080261,1089.7714285714285,0,508,1,0,0,31,1,82
0,111.0,0.2839224636554718,296.0,1.0,238.0,1624.0,232.34693877551,10183.0,29.649999618530273,7.0,15866.43359375,22.850000381469727,4.5,4.650000095367432,48.13333511352539,19072.0,2934.8285714285716,0.7943094968795776,26.616785049438477,225.94285714285715,1616.2686767578125,2139.685791015625,0.40502381324768066,1091.057142857143,1,508,1,0,0,31,1,43
0,295.0,0.13683010637760162,296.0,1.0,238.0,1774.0,224.59183673469374,9772.5,29.46666717529297,6.900000095367432,16745.80078125,21.316667556762695,4.599999904632568,4.949999809265137,47.41666793823242,19832.0,2961.5714285714284,0.7915952205657959,26.54297637939453,231.71428571428572,1626.3212890625,2097.771484375,0.3298809826374054,1088.3142857142857,0,508,1,0,0,42,25,134
0,275.0,0.6408209800720215,267.0,4.0,238.0,1613.0,216.63265306122435,7863.0,29.78333282470703,7.949999809265137,17364.69921875,21.983333587646484,4.300000190734863,4.583333492279053,51.75,20422.0,2999.2,0.8015238046646118,26.585596084594727,232.45714285714286,1625.9437255859375,2054.628662109375,0.2582857310771942,1088.4,1,508,1,0,0,21,24,116
0,331.0,0.23375143110752106,267.0,4.0,238.0,1464.0,208.36734693877534,9118.0,29.633333206176758,5.0,17018.267578125,24.316667556762695,4.199999809265137,4.5,51.20000076293945,20955.166015625,3045.885714285714,0.8250476121902466,26.752023696899414,232.4857142857143,1616.2142333984375,2039.6285400390625,0.16545239090919495,1092.2285714285715,0,508,1,0,0,31,30,132
0,258.0,0.21436716616153717,267.0,4.0,238.0,2138.0,200.77551020408143,7697.83349609375,33.45000076293945,4.266666889190674,17598.43359375,23.700000762939453,4.199999809265137,4.599999904632568,45.41666793823242,19601.166015625,2988.542857142857,0.7966190576553345,26.465356826782227,237.74285714285713,1631.41162109375,2027.8857421875,0.27057144045829773,1083.3142857142857,0,508,1,0,0,31,5,104
0,94.0,0.04675028473138809,267.0,4.0,238.0,3407.0,192.2448979591835,8619.6669921875,30.066667556762695,5.349999904632568,17235.466796875,24.649999618530273,4.400000095367432,4.800000190734863,55.41666793823242,20530.0,3067.7428571428572,0.8025714159011841,26.47119140625,235.9142857142857,1625.6912841796875,1984.2857666015625,0.06764285266399384,1082.142857142857,3,508,1,0,0,21,1,38
0,151.0,0.10262257605791092,267.0,4.0,238.0,2919.0,186.142857142857,7853.33349609375,37.08333206176758,6.2166666984558105,16274.9833984375,21.983333587646484,4.199999809265137,4.599999904632568,49.599998474121094,19122.5,3086.8571428571427,0.7894523739814758,26.253570556640625,241.71428571428572,1631.7474365234375,1956.5999755859375,-0.03764284774661064,1072.942857142857,5,508,1,0,0,21,1,67
0,85.0,0.04675028473138809,267.0,4.0,238.0,3258.0,181.67346938775498,8086.16650390625,37.766666412353516,4.599999904632568,18961.18359375,24.399999618530273,4.5,5.0,45.18333435058594,19182.833984375,3126.6857142857143,0.7926428914070129,26.25083351135254,237.17142857142858,1630.5223388671875,1947.2572021484375,-0.11273808777332306,1076.9142857142858,1,508,1,0,0,31,12,32
0,56.0,0.0,267.0,4.0,238.0,4996.0,180.9999999999999,6838.0,33.483333587646484,5.133333206176758,18019.166015625,22.33333396911621,4.300000190734863,4.699999809265137,48.71666717529297,19092.5,3298.7428571428572,0.8244761824607849,26.59857177734375,242.22857142857143,1629.1580810546875,1901.914306640625,-0.2530476152896881,1079.6285714285714,1,508,1,0,0,31,9,27
0,77.0,0.0,267.0,4.0,238.0,11734.0,186.2857142857142,9751.5,33.233333587646484,5.5333333015441895,17982.416015625,22.899999618530273,4.400000095367432,5.050000190734863,48.0,21031.333984375,3512.4,0.8241904973983765,26.546785354614258,235.94285714285715,1636.7213134765625,1914.2857666015625,-0.22238096594810486,1084.942857142857,2,508,1,0,0,21,2,32
0,233.0,0.1425313502550125,267.0,4.0,238.0,11175.0,184.12244897959175,8386.3330078125,31.816667556762695,6.233333110809326,17579.30078125,20.850000381469727,3.799999952316284,4.900000095367432,42.91666793823242,19226.666015625,3668.8285714285716,0.8421428799629211,26.701190948486328,240.54285714285714,1645.2109375,1875.771484375,-0.3249523937702179,1088.5428571428572,0,508,1,0,0,24,29,89
0,233.0,0.014823260717093945,267.0,4.0,238.0,6041.0,187.85714285714272,7391.66650390625,36.233333587646484,6.699999809265137,16787.93359375,20.25,3.700000047683716,4.849999904632568,42.03333282470703,18375.666015625,3762.342857142857,0.8378571271896362,26.627857208251953,236.77142857142857,1644.5185546875,1874.7427978515625,-0.34254762530326843,1086.857142857143,0,508,1,0,0,21,10,94
0,169.0,0.7616875767707825,267.0,4.0,238.0,1087.0,193.48979591836718,8494.0,33.650001525878906,4.199999809265137,16971.56640625,23.03333282470703,3.9000000953674316,4.7833333015441895,43.349998474121094,18465.166015625,3915.114285714286,0.8308095335960388,26.544523239135742,237.42857142857142,1646.084716796875,1850.3714599609375,-0.4135952293872833,1082.5428571428572,0,508,1,0,0,21,31,79
0,109.0,0.16647662222385406,267.0,4.0,238.0,2297.0,207.16326530612233,9435.8330078125,32.46666717529297,5.900000095367432,16263.7001953125,21.25,3.4000000953674316,4.900000095367432,41.70000076293945,16717.0,4151.714285714285,0.833142876625061,26.608572006225586,232.6,1645.515380859375,1846.800048828125,-0.44388094544410706,1084.6,0,508,1,0,0,31,4,48
0,116.0,0.5986316800117493,267.0,4.0,238.0,1115.0,211.87755102040805,9355.6669921875,32.150001525878906,5.383333206176758,17310.333984375,20.91666603088379,3.5999999046325684,4.800000190734863,45.13333511352539,21326.333984375,4179.742857142857,0.8295238018035889,26.503334045410156,250.57142857142858,1663.612060546875,1785.17138671875,-0.6166428327560425,1076.4285714285713,3,508,1,0,0,21,3,56
0,206.0,0.2554161846637726,267.0,4.0,238.0,1517.0,221.1632653061223,7913.16650390625,37.58333206176758,5.433333396911621,16965.033203125,21.700000762939453,4.199999809265137,4.683333396911621,46.0,18476.0,4274.828571428571,0.8296190500259399,26.512737274169922,237.6,1650.396484375,1820.800048828125,-0.5759285688400269,1081.142857142857,4,508,1,0,1,21,5,90
0,162.0,0.0,267.0,4.0,238.0,3042.0,221.1632653061223,8573.3330078125,33.900001525878906,7.9666666984558105,17425.06640625,20.616666793823242,3.4000000953674316,4.849999904632568,44.91666793823242,17916.5,4286.5142857142855,0.8297380805015564,26.436548233032227,245.28571428571428,1651.3521728515625,1794.3143310546875,-0.6542856693267822,1073.8285714285714,2,508,1,0,1,21,4,65
0,353.0,0.0,267.0,4.0,238.0,2570.0,240.18367346938757,10352.5,35.63333511352539,8.383333206176758,18201.94921875,21.183332443237305,3.700000047683716,5.099999904632568,41.233333587646484,19166.0,4459.885714285714,0.8335714340209961,26.4952392578125,237.74285714285713,1654.5140380859375,1829.4000244140625,-0.6550952196121216,1082.942857142857,1,508,1,1,0,42,12,177
0,265.0,0.39452680945396423,267.0,4.0,238.0,1183.0,244.73469387755082,9567.0,37.61666488647461,7.816666603088379,18781.150390625,22.616666793823242,3.4000000953674316,4.699999809265137,42.18333435058594,18895.0,4556.2,0.8143095374107361,26.225475311279297,238.62857142857143,1659.0482177734375,1804.7142333984375,-0.7445952296257019,1073.4857142857143,0,508,1,1,0,41,4,128
0,157.0,0.2086659073829651,267.0,4.0,238.0,4262.0,247.51020408163242,9427.6669921875,32.099998474121094,7.233333110809326,16881.982421875,21.350000381469727,3.299999952316284,4.699999809265137,46.56666564941406,20000.166015625,4605.657142857143,0.8332619071006775,26.441190719604492,233.0,1649.243408203125,1807.028564453125,-0.8303571343421936,1078.5142857142857,0,508,1,1,0,41,14,78
0,76.0,0.10262257605791092,267.0,4.0,238.0,10933.0,246.2244897959181,8928.5,27.866666793823242,6.766666889190674,16244.7333984375,20.066667556762695,3.5999999046325684,4.800000190734863,49.88333511352539,18373.333984375,4527.114285714286,0.8793333172798157,26.818689346313477,244.97142857142856,1658.555419921875,1813.971435546875,-0.9286428689956665,1086.6571428571428,0,508,1,0,0,31,12,35
0,78.0,0.0,267.0,4.0,238.0,13739.0,242.51020408163234,9088.0,29.899999618530273,7.316666603088379,16418.900390625,20.866666793823242,2.9000000953674316,5.099999904632568,45.349998474121094,15714.0,4494.2,0.8858095407485962,26.801427841186523,251.28571428571428,1663.4549560546875,1790.0,-1.035595178604126,1080.2571428571428,0,508,1,0,0,31,7,30
0,32.0,0.0,267.0,4.0,238.0,15410.0,238.63265306122415,12630.1669921875,28.266666412353516,8.716666221618652,17494.982421875,21.866666793823242,3.0999999046325684,4.883333206176758,44.04999923706055,23280.666015625,4464.971428571429,0.8966666460037231,26.855119705200195,254.8,1663.1942138671875,1779.4285888671875,-1.1323809623718262,1076.3714285714286,2,508,1,0,0,21,25,12
0,126.0,0.015963511541485786,267.0,4.0,238.0,15179.0,232.51020408163234,12352.5,33.08333206176758,7.099999904632568,16345.177734375,20.71666717529297,3.0,4.916666507720947,45.70000076293945,16244.0556640625,4435.314285714286,0.9039047360420227,26.89095115661621,259.37142857142857,1666.544189453125,1782.028564453125,-1.1779524087905884,1074.2285714285715,1,508,1,0,0,41,21,57
0,155.0,0.0,267.0,4.0,238.0,27761.0,225.61224489795882,14411.1669921875,29.316667556762695,7.666666507720947,15338.0166015625,20.600000381469727,2.700000047683716,5.199999809265137,43.16666793823242,18786.166015625,4513.771428571428,0.9083095192909241,26.90357208251953,259.57142857142856,1666.3924560546875,1804.199951171875,-1.2270476818084717,1073.4,2,508,1,0,0,21,4,62
0,126.0,0.0,267.0,4.0,238.0,29111.0,215.285714285714,10609.0,24.649999618530273,7.433333396911621,14690.599609375,20.016666412353516,3.200000047683716,5.099999904632568,38.36666488647461,17401.5,4613.0,0.9073571562767029,26.95059585571289,266.6857142857143,1693.7554931640625,1824.2572021484375,-1.2351428270339966,1078.4,4,508,1,0,0,21,19,49
0,134.0,0.0,267.0,4.0,238.0,32767.0,206.59183673469357,10540.5,27.866666793823242,6.233333110809326,15505.5,19.41666603088379,2.5999999046325684,5.25,30.399999618530273,18560.833984375,4695.5142857142855,0.9255475997924805,27.004047393798828,269.0285714285714,1680.7156982421875,1780.2572021484375,-1.3727856874465942,1071.6,4,508,1,0,0,31,6,56
0,,0.0011402508243918419,267.0,4.0,238.0,32767.0,195.81632653061195,8781.1669921875,32.13333511352539,6.2833333015441895,14092.0166015625,20.549999237060547,3.200000047683716,5.066666603088379,32.400001525878906,16538.666015625,4996.4,0.9413809776306152,27.0240478515625,265.54285714285714,1682.81884765625,1819.4285888671875,-1.5087618827819824,1075.9714285714285,3,508,1,0,0,31,1,
0,77.0,0.0,267.0,4.0,238.0,32767.0,195.81632653061195,12567.3330078125,27.200000762939453,7.0333333015441895,17162.517578125,20.483333587646484,3.200000047683716,5.099999904632568,43.45000076293945,16261.3330078125,4996.4,0.9413809776306152,27.0240478515625,265.54285714285714,1682.81884765625,1819.4285888671875,-1.5087618827819824,1075.9714285714285,1,508,1,0,0,41,18,32
0,66.0,0.03990878164768219,267.0,4.0,238.0,32767.0,169.28571428571408,10340.5,38.599998474121094,8.0,14092.2666015625,21.600000381469727,3.299999952316284,5.0,33.38333511352539,16280.8330078125,5273.428571428572,0.9693095088005066,27.17333221435547,252.31428571428572,1691.618408203125,1919.199951171875,-1.5503333806991577,1095.4857142857143,4,508,1,0,0,21,9,32
0,61.0,0.06499429792165756,267.0,4.0,238.0,32767.0,156.5102040816325,11366.6669921875,33.41666793823242,9.133333206176758,14766.966796875,20.933332443237305,3.200000047683716,5.099999904632568,42.66666793823242,16881.666015625,5222.742857142857,0.979285717010498,27.233213424682617,253.57142857142858,1696.2899169921875,1934.4571533203125,-1.561738133430481,1098.857142857143,3,508,1,0,0,24,8,27
0,57.0,0.3865450322628021,267.0,4.0,238.0,32767.0,144.16326530612238,11385.1669921875,37.349998474121094,10.0,14966.0,21.149999618530273,3.5999999046325684,5.0,33.54999923706055,17680.0,5044.914285714286,1.010619044303894,27.390594482421875,260.7142857142857,1712.7554931640625,1931.857177734375,-1.6100000143051147,1106.7428571428572,2,508,1,0,0,24,8,24
0,51.0,0.486887127161026,267.0,4.0,238.0,32767.0,126.71428571428568,13515.5,36.96666717529297,11.149999618530273,15248.7998046875,20.53333282470703,3.799999952316284,5.0,28.350000381469727,16369.6669921875,4885.028571428571,1.0121190547943115,27.39261817932129,273.0285714285714,1751.632080078125,1891.4571533203125,-1.5916904211044312,1114.4285714285713,0,508,1,0,1,41,5,23
0,95.0,0.49714937806129456,267.0,4.0,238.0,32767.0,128.1020408163265,10867.5,34.400001525878906,9.850000381469727,15218.2001953125,20.75,3.5999999046325684,5.099999904632568,30.299999237060547,18223.0,4763.314285714286,1.033833384513855,27.466665267944336,278.0857142857143,1740.5352783203125,1856.3143310546875,-1.7062618732452393,1103.1714285714286,2,508,1,0,1,21,15,41
0,66.0,0.8278221487998962,267.0,4.0,149.0,32767.0,125.38775510204073,16263.0,38.233333587646484,10.033333778381348,15650.400390625,20.049999237060547,3.5999999046325684,5.083333492279053,27.16666603088379,19153.0,4540.428571428572,1.0572619438171387,27.53071403503418,293.4,1753.355712890625,1796.857177734375,-1.8249285221099854,1097.057142857143,2,540,1,0,1,21,8,25
0,52.0,0.10718358308076859,267.0,4.0,149.0,32767.0,124.7346938775509,22403.666015625,33.04999923706055,10.633333206176758,15524.466796875,19.766666412353516,3.5,5.099999904632568,26.96666717529297,29292.0,4534.342857142857,1.0534762144088745,27.52916717529297,299.1714285714286,1774.9490966796875,1774.142822265625,-1.8372857570648193,1102.4857142857143,1,540,1,0,1,24,6,22
0,,0.0,267.0,4.0,149.0,32767.0,125.44897959183658,19615.166015625,36.233333587646484,12.816666603088379,18076.216796875,21.766666412353516,3.700000047683716,5.199999809265137,20.0,25641.0,4689.6,1.0932856798171997,27.695476531982422,305.8285714285714,1769.6639404296875,1737.2857666015625,-2.029881000518799,1100.3714285714286,0,540,1,0,1,34,3,
0,17.0,0.0,267.0,4.0,149.0,32767.0,126.17021276595726,22594.0,44.21666717529297,12.75,18958.533203125,22.316667556762695,4.199999809265137,5.25,26.25,28706.0,4891.057142857143,1.1132380962371826,27.772262573242188,297.25714285714287,1747.9912109375,1692.5142822265625,-2.135666608810425,1099.1142857142856,0,540,1,0,1,34,5,10
0,102.0,0.07867731153964996,267.0,4.0,149.0,32767.0,126.88372093023237,16550.333984375,30.53333282470703,11.399999618530273,17161.732421875,19.71666717529297,3.799999952316284,5.300000190734863,28.366666793823242,32681.666015625,4997.828571428571,1.131357192993164,27.833213806152344,310.45714285714286,1769.0355224609375,1644.7427978515625,-2.192214250564575,1098.2285714285715,0,540,1,0,1,24,4,41
1,190.0,0.09007981419563293,286.0,2.0,285.0,9633.0,298.38775510204067,15519.27734375,28.19444465637207,1.75,24784.69921875,26.5,4.9666666984558105,4.2833333015441895,19.46666717529297,37092.83203125,455.45714285714286,0.6512143015861511,26.614286422729492,24.742857142857144,1333.4237060546875,2446.28564453125,-1.0486904382705688,1053.2,0,496,1,0,0,21,33,74
1,150.0,0.06499429792165756,286.0,2.0,285.0,3221.0,293.38775510204067,17272.5,26.399999618530273,1.0499999523162842,29191.3828125,28.133333206176758,5.300000190734863,4.366666793823242,13.5,54583.0,472.0571428571429,0.653071403503418,26.598215103149414,21.6,1318.320556640625,2494.371337890625,-1.0297380685806274,1047.3142857142857,0,496,1,1,0,42,15,52
0,96.0,0.5267959237098694,286.0,2.0,285.0,1456.0,287.6938775510203,14361.3330078125,37.599998474121094,8.583333015441895,35205.734375,28.21666717529297,5.900000095367432,4.300000190734863,19.83333396911621,43393.66796875,459.45714285714286,0.6327142715454102,26.501667022705078,19.085714285714285,1321.1707763671875,2547.857177734375,-1.0166666507720947,1046.6,0,496,1,1,0,21,2,44
0,333.0,0.1755986362695694,286.0,2.0,285.0,3321.0,282.30612244897947,13285.0,30.549999237060547,1.850000023841858,27158.849609375,26.549999237060547,5.5,4.449999809265137,36.733333587646484,37695.0,462.9714285714286,0.593666672706604,26.26869010925293,15.085714285714285,1324.2572021484375,2640.6572265625,-1.000571370124817,1041.5142857142857,0,496,1,0,0,21,19,115
1,310.0,0.05017103627324104,286.0,2.0,296.0,1824.0,281.7142857142855,16391.833984375,31.5,0.75,25697.900390625,26.816667556762695,5.5,4.183333396911621,20.03333282470703,32038.166015625,490.6857142857143,0.5933571457862854,26.289642333984375,16.057142857142857,1325.6541748046875,2611.685791015625,-1.0054762363433838,1040.8857142857144,0,496,1,0,0,41,28,129
0,114.0,0.45610034465789795,286.0,2.0,296.0,1315.0,269.877551020408,14016.6669921875,32.93333435058594,1.6333333253860474,23546.716796875,26.233333587646484,5.199999809265137,4.166666507720947,30.75,28069.5,515.1428571428571,0.566095232963562,26.229881286621094,9.17142857142857,1328.107666015625,2742.94287109375,-0.7723333239555359,1042.0,0,474,1,0,0,31,3,52
0,323.0,0.920182466506958,286.0,2.0,296.0,1135.0,258.14285714285694,16547.0,35.16666793823242,0.8333333134651184,21988.43359375,26.549999237060547,5.800000190734863,4.233333110809326,34.36666488647461,24639.666015625,585.0857142857143,0.5819047689437866,26.25702476501465,8.142857142857142,1322.937255859375,2752.371337890625,-0.45328572392463684,1043.142857142857,0,474,1,0,0,21,34,147
0,218.0,0.6579247713088989,286.0,2.0,285.0,2809.0,254.97959183673447,14266.6669921875,31.983333587646484,2.25,20656.18359375,24.46666717529297,5.199999809265137,4.183333396911621,26.41666603088379,24483.666015625,613.3428571428572,0.6101190447807312,26.565834045410156,9.4,1333.6995849609375,2741.914306640625,-0.3973809778690338,1058.4285714285713,0,496,1,0,0,31,13,99
0,227.0,0.5370581746101379,286.0,2.0,285.0,1204.0,254.97959183673447,14874.1669921875,36.016666412353516,1.6666666269302368,20792.166015625,25.116666793823242,5.5,4.083333492279053,30.83333396911621,24219.833984375,613.3428571428572,0.6101190447807312,26.565834045410156,9.4,1333.6995849609375,2741.914306640625,-0.3973809778690338,1058.4285714285713,1,496,1,0,0,21,4,103
0,241.0,0.9247434139251709,286.0,2.0,285.0,1072.0,251.34693877550998,14798.1669921875,31.066667556762695,2.066666603088379,20661.69921875,26.483333587646484,5.199999809265137,4.133333206176758,26.700000762939453,29070.0,623.0,0.6119762063026428,26.552261352539062,7.714285714285714,1325.9114990234375,2805.142822265625,-0.32873809337615967,1056.3714285714286,0,496,1,0,1,24,35,110
0,273.0,0.8266818523406982,286.0,2.0,296.0,1246.0,254.26530612244872,16279.6669921875,34.33333206176758,3.9833333492279053,20909.533203125,28.5,6.300000190734863,4.233333110809326,20.25,23126.166015625,662.4857142857143,0.6175714135169983,26.571428298950195,7.542857142857143,1327.8291015625,2806.1142578125,-0.30861902236938477,1059.4571428571428,0,474,1,0,1,21,27,120
1,311.0,0.05131128802895546,286.0,2.0,296.0,3409.0,257.4285714285712,,,,,,,,,,834.3142857142857,0.6623095273971558,26.97678565979004,10.342857142857143,1331.0693359375,2910.771484375,0.05995239317417145,1070.6571428571428,0,474,1,0,0,34,14,118
0,302.0,0.43557581305503845,286.0,2.0,296.0,2093.0,251.2040816326529,13997.5,33.68333435058594,4.9666666984558105,22016.75,27.91666603088379,5.5,4.199999809265137,29.28333282470703,39432.0,847.3428571428572,0.6611666679382324,26.961666107177734,11.2,1328.37255859375,2934.514404296875,0.09752381592988968,1066.942857142857,0,474,1,0,0,41,6,129
0,257.0,0.9703534841537476,286.0,2.0,296.0,1028.0,251.7346938775508,13913.8330078125,30.03333282470703,3.549999952316284,19871.6171875,25.450000762939453,5.5,4.183333396911621,30.600000381469727,24652.333984375,852.2857142857143,0.6522619128227234,26.93059539794922,12.0,1336.4388427734375,2902.28564453125,0.13780952990055084,1068.7142857142858,0,474,1,0,1,21,35,116
0,209.0,0.9384264349937439,286.0,2.0,296.0,1082.0,260.0204081632651,13487.1669921875,35.11666488647461,4.949999809265137,19250.666015625,27.016666412353516,5.900000095367432,4.150000095367432,26.766666412353516,28477.0,834.5142857142857,0.6510714292526245,27.00928497314453,16.17142857142857,1340.3563232421875,2776.800048828125,0.24971428513526917,1067.0857142857142,0,474,1,0,0,24,13,94
0,206.0,0.8426454067230225,286.0,2.0,296.0,1028.0,262.63265306122423,12649.0,33.08333206176758,4.883333206176758,19508.19921875,27.266666412353516,4.699999809265137,4.150000095367432,25.116666793823242,27982.666015625,834.5142857142857,0.6510714292526245,27.00928497314453,16.17142857142857,1340.3563232421875,2776.800048828125,0.24971428513526917,1067.0857142857142,0,474,1,0,0,21,13,92
1,324.0,0.33979475498199463,286.0,2.0,296.0,1189.0,271.081632653061,14542.5,30.299999237060547,4.800000190734863,18595.916015625,25.299999237060547,5.699999809265137,4.183333396911621,24.566667556762695,28970.666015625,795.7714285714286,0.6540952324867249,27.181310653686523,20.685714285714287,1350.437255859375,2681.771484375,0.28033334016799927,1072.4857142857143,0,474,1,0,1,31,21,109
0,267.0,0.7343215346336365,286.0,2.0,296.0,1647.0,271.81632653061206,13671.3330078125,31.616666793823242,7.0,17911.93359375,25.233333587646484,5.800000190734863,4.133333206176758,28.28333282470703,29259.0,769.0,0.6553809642791748,27.190357208251953,20.228571428571428,1352.3551025390625,2693.257080078125,0.25278574228286743,1074.6285714285714,1,474,1,0,0,21,13,89
1,159.0,0.3500570058822632,286.0,2.0,296.0,1652.0,270.551020408163,14682.5556640625,35.766666412353516,4.0333333015441895,17443.111328125,24.683332443237305,5.199999809265137,4.233333110809326,23.450000762939453,23896.111328125,757.7714285714286,0.6534523963928223,27.190595626831055,21.37142857142857,1357.14111328125,2669.085693359375,0.26500001549720764,1075.8,0,474,1,0,1,31,5,53
0,159.0,0.3774230182170868,286.0,2.0,285.0,2146.0,268.5306122448978,12883.0,36.79999923706055,5.333333492279053,17218.517578125,25.616666793823242,5.199999809265137,4.150000095367432,23.100000381469727,25635.0,743.8857142857142,0.6525952219963074,27.172142028808594,23.428571428571427,1364.3060302734375,2633.3427734375,0.341785728931427,1077.4,1,496,1,0,1,31,4,60
0,136.0,0.3979475498199463,286.0,2.0,296.0,2268.0,258.06122448979573,13627.8330078125,32.75,3.799999952316284,18338.19921875,23.883333206176758,5.199999809265137,4.0333333015441895,22.850000381469727,27799.833984375,749.8857142857142,0.6499047875404358,27.26392936706543,23.142857142857142,1355.5771484375,2644.914306640625,0.36361902952194214,1073.8285714285714,1,474,1,0,0,42,21,59
1,100.0,0.5917901992797852,286.0,2.0,296.0,1557.0,249.877551020408,11674.0,29.03333282470703,3.950000047683716,17373.69921875,25.21666717529297,5.199999809265137,4.050000190734863,28.16666603088379,26174.666015625,757.3714285714286,0.6386666893959045,27.168689727783203,23.228571428571428,1357.1241455078125,2633.54296875,0.3692857027053833,1071.1714285714286,0,496,1,0,0,21,3,44
0,67.0,0.73204106092453,286.0,2.0,296.0,1915.0,245.06122448979576,14079.111328125,35.127777099609375,4.1888885498046875,16375.611328125,25.094444274902344,5.0,4.150000095367432,24.877777099609375,24755.943359375,775.6571428571428,0.6439999938011169,27.19178581237793,24.6,1362.1329345703125,2595.571533203125,0.39454761147499084,1073.6285714285714,1,474,1,0,0,21,13,21
0,207.0,0.05131128802895546,286.0,2.0,296.0,2274.0,245.81632653061203,12855.1669921875,28.049999237060547,5.900000095367432,16797.083984375,22.5,3.700000047683716,4.099999904632568,28.03333282470703,24273.5,794.5142857142857,0.6393333077430725,27.175119400024414,27.2,1366.6058349609375,2539.742919921875,0.43495237827301025,1072.6285714285714,0,474,1,0,0,34,22,86
0,94.0,0.6476624608039856,286.0,2.0,285.0,1166.0,236.87755102040796,12987.5,28.899999618530273,2.450000047683716,15233.7001953125,24.433332443237305,4.099999904632568,3.9833333492279053,19.100000381469727,20330.666015625,808.8285714285714,0.6355952620506287,27.171546936035156,30.17142857142857,1374.8734130859375,2481.771484375,0.47011905908584595,1073.6857142857143,1,496,1,0,0,31,13,36
1,191.0,0.06271379441022873,286.0,2.0,285.0,5245.0,237.67346938775484,16069.1669921875,33.5,6.7833333015441895,17357.767578125,23.549999237060547,4.5,4.099999904632568,18.066667556762695,25565.333984375,820.4571428571429,0.6257143020629883,27.245237350463867,35.17142857142857,1390.3543701171875,2397.1142578125,0.4842619001865387,1078.1714285714286,1,496,1,0,0,21,20,83
1,81.0,0.0,286.0,2.0,285.0,2874.0,237.67346938775484,13657.3330078125,34.96666717529297,6.300000190734863,17042.1328125,22.799999237060547,4.0,4.083333492279053,17.16666603088379,22365.0,837.9428571428572,0.6168095469474792,27.12154769897461,36.0,1390.6221923828125,2378.142822265625,0.47614285349845886,1073.942857142857,1,496,1,0,0,21,19,33
1,262.0,0.0,286.0,2.0,285.0,6823.0,239.755102040816,16042.8330078125,29.366666793823242,4.433333396911621,15382.8837890625,23.933332443237305,4.5,4.133333206176758,16.483333587646484,38731.5,838.1714285714286,0.6324285864830017,27.26178550720215,35.2,1383.2899169921875,2390.28564453125,0.4522857069969177,1075.1714285714286,0,496,1,0,0,34,26,112
1,251.0,0.0,286.0,2.0,285.0,14281.0,240.63265306122426,14836.5,32.46666717529297,2.383333444595337,38417.6015625,24.41666603088379,4.699999809265137,4.183333396911621,18.683332443237305,27485.5,873.6571428571428,0.6419047713279724,27.2978572845459,43.74285714285714,1393.1632080078125,2282.54296875,0.5098095536231995,1073.6571428571428,0,496,1,0,0,34,35,94
1,267.0,0.0,286.0,2.0,285.0,15478.0,240.63265306122426,17920.666015625,33.18333435058594,3.616666555404663,17405.533203125,23.399999618530273,4.599999904632568,4.25,18.683332443237305,42007.66796875,878.3428571428572,0.6423333287239075,27.315000534057617,45.77142857142857,1396.1744384765625,2257.60009765625,0.5133571624755859,1073.8285714285714,0,496,1,0,0,31,35,100
1,286.0,0.017103763297200203,286.0,2.0,248.0,4720.0,248.16326530612236,14941.3330078125,30.066667556762695,2.4166667461395264,18200.416015625,23.33333396911621,4.5,4.083333492279053,12.666666984558105,39770.66796875,1067.857142857143,0.6019999980926514,27.076904296875,43.457142857142856,1413.8912353515625,2351.685791015625,0.5016904473304749,1076.2,0,473,1,0,0,21,26,98
0,9.0,0.0,286.0,2.0,248.0,4332.0,246.4489795918365,14577.5,27.733333587646484,3.933333396911621,18020.916015625,23.78333282470703,4.699999809265137,4.2833333015441895,13.766666412353516,29124.0,1094.0857142857142,0.614809513092041,27.13678550720215,42.08571428571429,1420.283447265625,2411.0,0.41757142543792725,1084.2285714285715,0,473,1,0,0,41,1,3
1,81.0,0.5188141465187073,286.0,2.0,271.0,3023.0,251.755102040816,15744.3330078125,33.483333587646484,3.116666793823242,18274.0546875,22.072221755981445,4.333333492279053,4.166666507720947,22.588890075683594,21657.22265625,1240.942857142857,0.6281190514564514,27.111547470092773,41.2,1433.73193359375,2599.314208984375,0.2916666567325592,1095.057142857143,0,482,1,0,0,42,15,26
1,209.0,0.0,286.0,2.0,248.0,3883.0,249.55102040816303,26897.5,33.150001525878906,6.066666603088379,20494.19921875,23.816667556762695,4.800000190734863,4.2833333015441895,23.883333206176758,38867.0,1286.2,0.6354761719703674,27.152023315429688,41.4,1431.1783447265625,2630.257080078125,0.31230950355529785,1094.7714285714285,0,482,1,0,0,34,13,93
1,165.0,0.4800456166267395,286.0,2.0,248.0,1942.0,251.85714285714266,13144.1669921875,31.983333587646484,2.383333444595337,18051.8671875,21.516666412353516,4.599999904632568,4.0333333015441895,22.299999237060547,22207.666015625,1312.9714285714285,0.6334285736083984,27.09964370727539,41.94285714285714,1433.5679931640625,2658.971435546875,0.3032380938529968,1094.8,0,473,1,0,0,31,20,74
0,185.0,0.825541615486145,286.0,2.0,248.0,1108.0,254.612244897959,14843.3330078125,35.0,1.149999976158142,17715.400390625,22.866666793823242,4.699999809265137,4.2833333015441895,23.200000762939453,26088.0,1351.6,0.6433095335960388,27.129762649536133,42.25714285714286,1434.76123046875,2697.199951171875,0.2520238161087036,1097.2,0,473,1,0,0,21,20,84
1,55.0,0.3044469654560089,286.0,2.0,248.0,2268.0,248.73469387755085,17009.166015625,35.766666412353516,3.933333396911621,24216.3671875,25.683332443237305,4.699999809265137,4.266666889190674,22.5,56786.5,1378.8857142857144,0.647595226764679,27.145713806152344,43.457142857142856,1436.61083984375,2706.142822265625,0.24359524250030518,1097.9714285714285,1,473,1,0,0,41,2,25
0,212.0,0.7400227785110474,286.0,2.0,248.0,1085.0,246.5510204081631,13634.4443359375,33.47222137451172,1.494444489479065,16848.73828125,22.383333206176758,4.400000095367432,4.099999904632568,21.83333396911621,19852.943359375,1441.4857142857143,0.661309540271759,27.16535758972168,47.17142857142857,1437.4981689453125,2691.199951171875,0.21721428632736206,1097.2285714285715,0,473,1,0,0,31,27,96
0,206.0,0.3511972725391388,286.0,2.0,248.0,1774.0,243.67346938775495,12874.3330078125,30.933332443237305,1.894444465637207,17324.505859375,21.94444465637207,4.5333333015441895,4.255555629730225,21.38888931274414,24531.72265625,1454.3714285714286,0.6656666994094849,27.19440460205078,47.885714285714286,1437.5869140625,2686.45703125,0.22397617995738983,1097.8285714285714,0,473,1,0,0,31,24,82
0,199.0,0.6579247713088989,286.0,2.0,248.0,1596.0,239.9183673469386,15144.0,35.36666488647461,1.8166667222976685,18382.55078125,22.866666793823242,4.699999809265137,4.183333396911621,23.316667556762695,21221.5,1495.8,0.6718809604644775,27.180118560791016,53.91428571428571,1434.4554443359375,2657.314208984375,0.20752380788326263,1090.7142857142858,1,473,1,0,0,21,21,61
1,147.0,0.042189281433820724,286.0,2.0,248.0,4524.0,238.75510204081615,15274.22265625,34.97222137451172,2.8999998569488525,17887.900390625,23.86111068725586,4.900000095367432,4.344444274902344,18.0222225189209,28256.77734375,1538.142857142857,0.7037619352340698,27.396190643310547,59.8,1446.4156494140625,2601.628662109375,0.16647620499134064,1100.7142857142858,1,473,1,0,0,31,3,44
1,126.0,0.0,286.0,2.0,248.0,15662.0,235.81632653061206,12920.6669921875,28.66666603088379,3.5833332538604736,19403.1328125,22.799999237060547,4.300000190734863,4.183333396911621,18.41666603088379,26040.0,1603.857142857143,0.7001904845237732,27.33142852783203,63.08571428571429,1437.927001953125,2583.800048828125,0.1740238219499588,1090.6285714285714,0,473,1,0,0,31,21,44
1,135.0,0.020524514839053154,286.0,2.0,248.0,18527.0,235.4081632653059,13131.3330078125,29.850000381469727,1.9333332777023315,20196.6328125,23.516666412353516,4.099999904632568,4.2833333015441895,18.799999237060547,28998.0,1622.5714285714287,0.7000476121902466,27.324167251586914,64.37142857142857,1440.2484130859375,2571.085693359375,0.1915714293718338,1090.5428571428572,0,473,1,0,0,21,3,40
1,124.0,0.0,286.0,2.0,271.0,17185.0,234.12244897959164,23176.0,32.93333435058594,2.3499999046325684,25353.099609375,24.266666412353516,5.199999809265137,4.483333110809326,19.133333206176758,54945.0,1647.4571428571428,0.7048095464706421,27.332380294799805,70.22857142857143,1434.3946533203125,2570.1142578125,0.15902382135391235,1082.0,0,482,1,0,0,34,2,47
1,190.0,0.0,286.0,2.0,271.0,24605.0,231.99999999999986,16891.666015625,35.03333282470703,3.5,19164.599609375,22.633333206176758,4.300000190734863,4.300000190734863,16.25,25893.666015625,1673.7142857142858,0.6962857246398926,27.299762725830078,69.6,1443.7615966796875,2539.17138671875,0.1655714362859726,1086.4571428571428,0,482,1,0,0,21,26,64
0,70.0,0.0,286.0,2.0,271.0,23904.0,228.22448979591817,20178.333984375,29.733333587646484,3.2833333015441895,20364.333984375,24.399999618530273,5.199999809265137,4.449999809265137,19.850000381469727,43778.66796875,1644.8285714285714,0.7295714020729065,27.457738876342773,84.97142857142858,1440.735107421875,2497.685791015625,0.14688095450401306,1077.8285714285714,0,482,1,0,0,24,9,23
0,81.0,0.0,286.0,2.0,271.0,16301.0,225.26530612244883,13865.5,32.68333435058594,2.1666667461395264,19225.68359375,22.58333396911621,4.0,4.2833333015441895,21.66666603088379,29987.833984375,1751.942857142857,0.7079761624336243,27.32642936706543,79.14285714285714,1438.8663330078125,2467.28564453125,0.16154761612415314,1076.7428571428572,0,482,1,0,0,31,9,36
1,166.0,0.007981755770742893,286.0,2.0,271.0,20281.0,222.34693877551007,16600.220703125,36.43888854980469,2.450000047683716,18517.755859375,22.155555725097656,4.166666507720947,4.394444465637207,19.261112213134766,21096.0,1784.6857142857143,0.7243333458900452,27.382022857666016,91.02857142857142,1441.788330078125,2383.571533203125,0.20595237612724304,1069.8285714285714,1,482,1,0,0,21,26,61
1,206.0,0.0,286.0,2.0,271.0,22787.0,219.32653061224474,14236.3330078125,33.900001525878906,2.633333444595337,19254.833984375,22.950000762939453,4.400000095367432,4.5,14.833333015441895,20343.0,1778.5428571428572,0.7362856864929199,27.410594940185547,98.05714285714286,1437.4747314453125,2348.28564453125,0.2080952376127243,1062.3428571428572,0,482,1,0,0,31,2,74
0,105.0,0.0,286.0,2.0,272.0,24906.0,217.46938775510188,15489.0,34.66666793823242,4.233333110809326,18653.43359375,22.100000381469727,4.699999809265137,4.583333492279053,26.46666717529297,23372.333984375,1808.0285714285715,0.7269047498703003,27.356189727783203,104.05714285714286,1441.0643310546875,2301.82861328125,0.2273571640253067,1055.9142857142858,1,482,1,0,0,31,15,40
1,24.373963566203397,0.0,286.0,2.0,272.0,14068.0,215.83673469387733,,,,,,,,,,1911.4285714285713,0.7575713992118835,27.48642921447754,109.42857142857143,1430.3594970703125,2231.142822265625,0.29390478134155273,1051.142857142857,0,497,1,0,0,34,22,9
1,175.0,0.0,286.0,2.0,272.0,7557.0,215.7142857142855,14628.6669921875,40.13333511352539,2.9833333492279053,19181.80078125,22.866666793823242,4.800000190734863,4.483333110809326,13.75,59994.33203125,2023.3428571428572,0.7575952410697937,27.464881896972656,104.25714285714285,1420.6900634765625,2244.94287109375,0.3117380738258362,1049.9142857142858,1,497,1,0,0,21,26,63
1,120.0,0.0,286.0,2.0,272.0,7868.0,220.24489795918342,12279.77734375,35.366668701171875,3.7333333492279053,20292.85546875,21.733333587646484,4.5333333015441895,4.294444561004639,10.861111640930176,24239.72265625,2077.3714285714286,0.7484762072563171,27.373809814453125,105.62857142857143,1419.00244140625,2229.28564453125,0.29507142305374146,1044.857142857143,2,497,1,0,0,34,12,48
1,162.0,0.0011402508243918419,286.0,2.0,272.0,10290.0,220.89795918367324,14204.3330078125,35.28333282470703,3.0833332538604736,20374.31640625,22.33333396911621,4.400000095367432,4.400000095367432,10.050000190734863,23185.0,2055.657142857143,0.7587618827819824,27.448213577270508,109.31428571428572,1423.7183837890625,2213.8857421875,0.2960476279258728,1046.7714285714285,0,497,1,0,0,42,8,61
