floodable_forests,biomass,sur_cover,quarter_biomass,quarter,ecoreg_biomass,dist,nearest_mature,cec,clay,cfvo,nitro,ocd,ocs,phh2o,sand,soc,mean_soil,mean_vpd,mean_temp,mean_def,mean_srad,mean_pr,mean_pdsi,mean_aet,num_fires,ecoreg,biome,indig,protec,topography,age,sd
0,125.0,0.8734321594238281,296.0,3.0,283.0,1613.0,334.2040816326528,14990.5556640625,34.2944450378418,2.5944442749023438,20055.298828125,23.822221755981445,4.266666889190674,4.083333492279053,35.35555648803711,19310.16796875,2499.057142857143,0.9259285926818848,27.103214263916016,117.62857142857143,1412.1656494140625,2402.514404296875,0.172166645526886,1050.2857142857142,0,507,1,0,1,41,30,69
0,119.0,0.6704674959182739,296.0,3.0,283.0,1294.0,332.46938775510193,15609.6669921875,34.04999923706055,5.349999904632568,20994.6328125,24.03333282470703,4.599999904632568,4.050000190734863,35.733333587646484,20178.333984375,2501.714285714286,0.928928554058075,27.13726234436035,116.25714285714285,1413.7628173828125,2418.54296875,0.16030952334403992,1053.3714285714286,0,507,1,0,1,21,22,66
0,80.0,0.8586089015007019,296.0,3.0,283.0,1312.0,325.8163265306119,16965.333984375,33.733333587646484,3.2277779579162598,27433.6328125,24.427778244018555,4.633333206176758,4.094444274902344,36.227779388427734,20329.66796875,2488.0,0.9117618799209595,26.940000534057617,115.25714285714285,1417.251708984375,2450.6572265625,0.09040475636720657,1052.0,0,507,1,0,1,31,25,44
0,156.0,0.4241733253002167,296.0,3.0,283.0,3174.0,313.51020408163237,19411.666015625,39.36666488647461,3.700000047683716,41434.484375,22.816667556762695,4.199999809265137,4.300000190734863,25.183332443237305,23867.5,2460.342857142857,0.897761881351471,26.844642639160156,127.77142857142857,1429.3050537109375,2729.685791015625,0.3312857151031494,1051.5142857142857,1,507,1,0,1,21,3,75
0,293.0,0.9407069683074951,296.0,3.0,283.0,1043.0,313.51020408163237,18210.0,39.516666412353516,4.183333396911621,47020.234375,24.03333282470703,4.800000190734863,4.150000095367432,22.899999618530273,25937.333984375,2475.3714285714286,0.854119062423706,26.427499771118164,126.31428571428572,1435.6080322265625,2711.28564453125,0.38130953907966614,1045.7142857142858,1,507,1,0,1,42,10,161
0,346.0,0.5872291922569275,296.0,3.0,283.0,1074.0,298.0612244897958,12597.8330078125,30.21666717529297,6.166666507720947,19505.150390625,22.03333282470703,4.0,4.333333492279053,40.13333511352539,19739.5,2366.942857142857,0.7550952434539795,25.813451766967773,197.65714285714284,1463.8658447265625,1926.771484375,-0.3637143075466156,979.7428571428571,1,507,1,0,1,41,11,129
0,339.0,0.6613454818725586,296.0,3.0,283.0,1240.0,291.28571428571416,15618.3330078125,33.516666412353516,4.300000190734863,18495.5,24.58333396911621,5.199999809265137,4.483333110809326,34.93333435058594,19114.166015625,2381.3142857142857,0.7334523797035217,25.501310348510742,198.6,1468.1341552734375,1915.6571044921875,-0.4702380895614624,973.3142857142857,0,507,1,0,1,11,7,174
0,146.10544047980054,0.6294184923171997,296.0,3.0,283.0,1138.0,282.142857142857,12838.5,30.183332443237305,6.883333206176758,19028.099609375,22.33333396911621,3.9000000953674316,4.5,38.28333282470703,21023.833984375,2391.285714285714,0.7400000095367432,25.780000686645508,201.2,1470.0911865234375,1889.5714111328125,-0.4863809645175934,976.3428571428572,0,507,1,0,1,21,15,70
0,140.0,0.7571265697479248,296.0,3.0,283.0,1163.0,279.4285714285713,13367.5,31.299999237060547,5.166666507720947,21682.05078125,21.96666717529297,4.199999809265137,4.550000190734863,37.93333435058594,19486.5,2423.885714285714,0.710357129573822,25.43666648864746,196.31428571428572,1471.43212890625,1895.6571044921875,-0.45557141304016113,974.1714285714286,1,507,1,0,1,41,6,65
0,137.0,0.7594070434570312,296.0,3.0,283.0,2147.0,274.4489795918366,13731.1669921875,30.066667556762695,6.583333492279053,19218.416015625,24.350000381469727,4.5,4.583333492279053,36.86666488647461,23886.166015625,2426.8285714285716,0.7086190581321716,25.48821449279785,195.4,1482.2750244140625,1885.142822265625,-0.4407142996788025,978.2285714285714,2,507,1,0,1,21,2,64
0,34.0,0.6362599730491638,296.0,3.0,283.0,3419.0,269.2040816326529,13043.6669921875,32.349998474121094,3.8333332538604736,17092.333984375,21.91666603088379,4.099999904632568,4.550000190734863,37.79999923706055,19042.0,2413.6857142857143,0.720714271068573,25.798809051513672,200.11428571428573,1478.59033203125,1876.4285888671875,-0.4664047658443451,978.8285714285714,2,507,1,0,1,21,5,17
0,207.0,0.8973774313926697,296.0,3.0,283.0,1067.0,264.16326530612224,13137.1669921875,34.66666793823242,2.6666667461395264,20323.083984375,27.183332443237305,5.0,4.5,32.150001525878906,25075.666015625,2420.714285714286,0.6976190805435181,25.595714569091797,192.17142857142858,1475.5098876953125,1893.142822265625,-0.3867380917072296,980.6285714285714,0,507,1,0,1,31,15,105
0,237.0,0.4446978271007538,267.0,4.0,283.0,1163.0,258.1428571428569,9942.9443359375,31.08333396911621,6.311110973358154,18375.416015625,23.688888549804688,4.300000190734863,4.5722222328186035,37.57777786254883,18971.556640625,2466.4285714285716,0.647095263004303,25.44369125366211,195.97142857142856,1490.57470703125,1867.771484375,-0.5603095293045044,971.1142857142858,1,507,1,0,1,31,13,94
0,183.0,0.2508551776409149,267.0,4.0,283.0,1214.0,257.71428571428544,12223.22265625,31.700000762939453,3.655555486679077,16764.755859375,21.238887786865234,3.933333396911621,4.666666507720947,40.0555534362793,18600.0,2507.0,0.642547607421875,25.451190948486328,195.94285714285715,1493.848876953125,1860.2572021484375,-0.5768095254898071,971.8285714285714,3,507,1,0,1,31,8,70
0,159.0,0.30102622509002686,267.0,4.0,283.0,1580.0,254.5918367346936,14607.0,30.03333282470703,3.2166666984558105,18695.416015625,23.41666603088379,4.800000190734863,4.599999904632568,35.900001525878906,25803.333984375,2592.542857142857,0.6450476050376892,25.544523239135742,187.0857142857143,1502.7354736328125,1864.6856689453125,-0.41671428084373474,985.5142857142857,2,507,1,0,1,11,9,64
0,133.3404631124817,0.06613454967737198,267.0,4.0,283.0,2142.0,254.5510204081629,9994.611328125,28.327777862548828,4.80555534362793,15547.3994140625,21.327777862548828,4.4666666984558105,4.666666507720947,45.02777862548828,41773.5546875,2612.8571428571427,0.6431905031204224,25.59940528869629,188.31428571428572,1504.1829833984375,1859.7427978515625,-0.46135714650154114,985.2571428571429,3,507,1,0,1,31,7,53
0,268.0,0.9441276788711548,267.0,4.0,260.0,1050.0,251.32653061224454,12840.6669921875,29.933332443237305,7.25,17330.033203125,22.83333396911621,5.0,4.650000095367432,39.03333282470703,18815.166015625,2713.542857142857,0.6294285655021667,25.383453369140625,184.5142857142857,1498.2969970703125,1881.5142822265625,-0.3624761998653412,986.4571428571429,1,518,1,1,0,31,13,126
0,438.0,0.7936145663261414,267.0,4.0,260.0,1147.0,254.2448979591834,10151.0,31.700000762939453,6.883333206176758,20042.5,27.433332443237305,5.699999809265137,4.599999904632568,35.70000076293945,29251.5,2767.657142857143,0.6072381138801575,25.101428985595703,187.45714285714286,1495.1632080078125,1876.6856689453125,-0.31854763627052307,972.0285714285715,0,518,1,1,0,21,21,220
0,67.0,0.2086659073829651,267.0,4.0,260.0,2147.0,248.75510204081607,11702.6669921875,32.766666412353516,5.583333492279053,18477.900390625,26.700000762939453,5.199999809265137,4.650000095367432,36.650001525878906,23451.333984375,2835.2,0.5843095183372498,24.736072540283203,183.31428571428572,1492.87841796875,1881.4000244140625,-0.28552380204200745,969.1142857142858,0,518,1,1,0,41,4,25
0,244.0,0.7480045557022095,267.0,4.0,260.0,1107.0,257.34693877550995,12109.0,28.933332443237305,7.949999809265137,20792.18359375,25.25,4.699999809265137,4.583333492279053,37.54999923706055,22389.666015625,2858.2285714285713,0.6114524006843567,25.18321418762207,193.0857142857143,1501.584228515625,1845.1142578125,-0.3001190423965454,977.8857142857142,0,518,1,1,0,41,4,111
0,278.0,0.10604333132505417,267.0,4.0,260.0,1462.0,250.20408163265287,12392.3330078125,31.483333587646484,4.2166666984558105,19601.43359375,24.233333587646484,5.099999904632568,4.650000095367432,34.33333206176758,24134.666015625,2876.7428571428572,0.5774047374725342,24.64392852783203,185.6,1498.2032470703125,1859.142822265625,-0.28714287281036377,966.8,1,518,1,1,0,41,6,127
0,184.0,0.5256556272506714,267.0,4.0,260.0,2228.0,249.95918367346928,13635.0,31.0,2.700000047683716,18697.916015625,24.816667556762695,4.699999809265137,4.599999904632568,38.29999923706055,18877.166015625,2895.0,0.61814284324646,25.218929290771484,190.82857142857142,1503.3992919921875,1827.028564453125,-0.31199997663497925,984.0857142857143,2,518,1,1,0,21,17,86
0,161.0,0.16419611871242523,267.0,4.0,260.0,2365.0,247.79591836734681,12388.166015625,31.172222137451172,5.922222137451172,22010.267578125,24.950000762939453,4.366666793823242,4.599999904632568,38.844444274902344,20392.166015625,2929.342857142857,0.6246190667152405,25.317380905151367,189.11428571428573,1496.34033203125,1827.5714111328125,-0.32899999618530273,984.0857142857143,1,518,1,1,0,41,9,78
0,180.0,0.5404788851737976,267.0,4.0,260.0,7385.0,244.61224489795902,14238.888671875,32.13888931274414,4.4277777671813965,19813.611328125,26.127777099609375,5.5333333015441895,4.605555534362793,35.42777633666992,21719.4453125,2912.8,0.6358809471130371,25.320594787597656,193.2,1512.543212890625,1828.6856689453125,-0.3450714349746704,991.2285714285714,1,518,1,0,0,31,3,64
0,113.0,0.04104902967810631,267.0,4.0,260.0,3777.0,241.83673469387736,12910.5556640625,28.711111068725586,7.083333492279053,18679.521484375,21.899999618530273,4.5,4.599999904632568,38.83333206176758,18722.77734375,2934.8571428571427,0.6536428332328796,25.534286499023438,197.14285714285714,1516.724609375,1820.4571533203125,-0.33557143807411194,994.8857142857142,1,518,1,0,0,31,10,39
0,205.2622955830788,0.1892816424369812,267.0,4.0,260.0,3110.0,240.18367346938751,11860.1669921875,31.649999618530273,6.650000095367432,17134.30078125,21.483333587646484,4.300000190734863,4.599999904632568,37.483333587646484,19657.666015625,3023.8571428571427,0.6539762020111084,25.58440399169922,198.5142857142857,1515.9197998046875,1811.971435546875,-0.32904762029647827,993.8571428571429,2,518,1,0,0,42,8,83
0,97.0,0.366020530462265,267.0,4.0,260.0,1909.0,244.9795918367345,11346.0,31.41666603088379,6.2166666984558105,17343.966796875,21.58333396911621,4.199999809265137,4.599999904632568,39.099998474121094,19051.666015625,3076.1428571428573,0.6579762101173401,25.593570709228516,196.6,1511.174072265625,1812.2857666015625,-0.34583333134651184,994.2,2,518,1,0,0,41,4,33
0,69.0,0.6031926870346069,267.0,4.0,260.0,2475.0,239.08163265306104,13238.2783203125,29.549999237060547,4.449999809265137,18601.05078125,21.033334732055664,4.666666507720947,4.722221851348877,38.94444274902344,20759.5,3135.885714285714,0.6548333168029785,25.47333335876465,191.68571428571428,1509.469970703125,1828.3143310546875,-0.3520476222038269,998.2,1,518,1,0,0,41,1,24
0,139.0,0.01824401319026947,267.0,4.0,260.0,3306.0,239.4489795918365,13500.1669921875,30.25,7.25,19521.18359375,24.316667556762695,4.5,4.849999904632568,38.516666412353516,24103.0,3219.885714285714,0.6520476341247559,25.335357666015625,192.05714285714285,1513.3790283203125,1839.2572021484375,-0.41521430015563965,997.6857142857143,3,518,1,0,0,31,4,52
0,,0.14709235727787018,267.0,4.0,260.0,3204.0,242.93877551020387,12039.0,32.266666412353516,6.199999809265137,19257.55078125,25.616666793823242,5.099999904632568,4.75,39.18333435058594,20477.833984375,3267.5142857142855,0.6502142548561096,25.280237197875977,192.0,1525.3070068359375,1841.7142333984375,-0.43861904740333557,1003.3714285714286,1,518,1,0,1,21,1,
0,221.0,0.7035347819328308,267.0,4.0,260.0,1135.0,244.67346938775492,12120.0,32.25,10.566666603088379,17383.017578125,23.066667556762695,4.599999904632568,4.800000190734863,41.75,21295.166015625,3163.4,0.7262856960296631,26.030595779418945,220.94285714285715,1538.6253662109375,1817.2857666015625,-0.7513095140457153,1013.7142857142857,0,518,1,0,1,41,29,110
0,242.0,0.4047890603542328,267.0,4.0,260.0,1397.0,239.87755102040802,13105.2783203125,33.161109924316406,10.472222328186035,21254.6171875,21.511112213134766,4.933333396911621,4.766666889190674,37.36111068725586,21417.111328125,3163.4,0.7262856960296631,26.030595779418945,220.94285714285715,1538.6253662109375,1817.2857666015625,-0.7513095140457153,1013.7142857142857,0,518,1,0,0,21,24,121
0,63.0,0.14595210552215576,267.0,4.0,260.0,1514.0,233.408163265306,12021.1669921875,29.483333587646484,7.266666889190674,17589.3671875,21.200000762939453,4.199999809265137,4.75,37.93333435058594,21305.5,3179.057142857143,0.7480000257492065,26.140714645385742,222.74285714285713,1541.5123291015625,1816.4000244140625,-0.8546904921531677,1021.3142857142857,0,518,1,0,0,41,26,27
0,254.0,0.009122006595134735,267.0,4.0,260.0,2243.0,224.89795918367335,12041.8330078125,30.183332443237305,8.050000190734863,18237.05078125,22.649999618530273,4.400000095367432,4.75,37.08333206176758,19406.333984375,3180.5714285714284,0.7558333277702332,26.160476684570312,224.14285714285714,1547.8814697265625,1822.82861328125,-0.8687618970870972,1027.5428571428572,2,518,1,0,0,31,8,101
0,184.0,0.2782212197780609,267.0,4.0,260.0,12068.0,217.7551020408162,11643.77734375,30.27777862548828,7.138888835906982,17039.93359375,23.072221755981445,4.333333492279053,4.755555629730225,36.849998474121094,21850.4453125,3175.6,0.7689999938011169,26.255475997924805,228.94285714285715,1552.3154296875,1811.6856689453125,-0.9040476083755493,1030.7714285714285,1,518,1,0,0,31,3,72
0,168.0,0.07069555670022964,267.0,4.0,260.0,11010.0,207.55102040816314,10794.5,30.799999237060547,11.0,19276.5,21.516666412353516,4.099999904632568,4.699999809265137,38.68333435058594,18914.166015625,3133.8285714285716,0.7924047708511353,26.423572540283203,235.9142857142857,1560.2012939453125,1806.971435546875,-0.9336190819740295,1034.5428571428572,2,518,1,0,0,31,1,67
0,195.0,0.3238312304019928,267.0,4.0,260.0,7719.0,202.20408163265296,11408.8330078125,31.100000381469727,9.433333396911621,15813.4501953125,22.366666793823242,4.199999809265137,4.75,40.016666412353516,18208.0,3133.8285714285716,0.7924047708511353,26.423572540283203,235.9142857142857,1560.2012939453125,1806.971435546875,-0.9336190819740295,1034.5428571428572,3,518,1,0,0,31,18,75
0,139.0,0.045610032975673676,267.0,4.0,260.0,4444.0,199.1020408163264,11304.6669921875,29.16666603088379,6.866666793823242,17440.68359375,23.616666793823242,4.099999904632568,4.75,41.88333511352539,21404.0,3055.6857142857143,0.8110238313674927,26.55559539794922,241.11428571428573,1561.7799072265625,1788.771484375,-0.9856428503990173,1034.5428571428572,3,518,1,0,0,41,8,54
1,262.0,0.027366019785404205,267.0,4.0,260.0,3716.0,192.87755102040802,9920.111328125,28.116666793823242,7.505555629730225,18813.216796875,21.066665649414062,4.199999809265137,4.683333396911621,43.00555419921875,20536.72265625,3015.885714285714,0.8227618932723999,26.63404655456543,242.37142857142857,1556.9974365234375,1787.4571533203125,-1.0385476350784302,1035.142857142857,4,518,1,0,0,41,21,102
0,149.0,0.07867731153964996,267.0,4.0,260.0,5407.0,188.2040816326529,16292.0,28.549999237060547,5.900000095367432,17606.81640625,23.58333396911621,4.800000190734863,4.683333396911621,35.11666488647461,46350.66796875,2935.4285714285716,0.8355714082717896,26.622142791748047,247.71428571428572,1569.568359375,1771.5428466796875,-1.0390714406967163,1044.5428571428572,2,518,1,0,0,41,18,66
0,130.0,0.6852907538414001,267.0,4.0,260.0,7508.0,183.65306122448968,11060.388671875,30.211111068725586,8.466666221618652,24108.505859375,24.177778244018555,4.900000095367432,4.8222222328186035,39.35000228881836,21585.77734375,2876.8571428571427,0.8141190409660339,26.441070556640625,254.85714285714286,1561.1983642578125,1740.8857421875,-1.0154285430908203,1023.1142857142858,0,518,1,0,0,31,8,51
0,159.0,0.5917901992797852,267.0,4.0,260.0,3372.0,180.5714285714284,13488.3330078125,28.03333282470703,7.516666889190674,29169.8671875,24.21666717529297,5.099999904632568,4.900000095367432,37.483333587646484,23567.833984375,2879.4285714285716,0.8238571286201477,26.52059555053711,256.0285714285714,1563.2947998046875,1738.199951171875,-1.0246905088424683,1025.142857142857,0,518,1,0,0,31,2,62
0,26.0,0.0,267.0,4.0,260.0,15287.0,178.69387755102028,14246.6669921875,28.299999237060547,9.916666984558105,20527.1171875,22.383333206176758,4.300000190734863,5.099999904632568,44.266666412353516,20485.5,2949.7714285714287,0.8690714240074158,26.746904373168945,259.0285714285714,1583.49609375,1727.5999755859375,-1.0916904211044312,1047.3142857142857,2,518,1,0,0,21,7,10
1,139.0,0.05815279483795166,267.0,4.0,260.0,24609.0,175.7755102040815,9523.0,29.08333396911621,6.199999809265137,18894.3671875,21.0,3.9000000953674316,4.849999904632568,43.233333587646484,17473.5,3020.8285714285716,0.8926666378974915,27.028095245361328,264.45714285714286,1581.6220703125,1702.800048828125,-1.1125952005386353,1048.4,0,518,1,0,0,31,6,57
1,13.0,0.0,267.0,4.0,260.0,28086.0,174.16326530612238,11460.0556640625,26.39444351196289,5.77222204208374,19956.638671875,20.927778244018555,4.233333110809326,4.894444465637207,40.81111145019531,29094.779296875,3020.8285714285716,0.8926666378974915,27.028095245361328,264.45714285714286,1581.6220703125,1702.800048828125,-1.1125952005386353,1048.4,5,518,1,0,0,34,4,5
0,149.0,0.06613454967737198,267.0,4.0,260.0,16312.0,175.61224489795913,7862.66650390625,26.100000381469727,5.483333110809326,20530.533203125,21.133333206176758,4.099999904632568,4.800000190734863,43.70000076293945,16061.6669921875,3094.714285714286,0.8929286003112793,26.979642868041992,268.8,1582.052734375,1676.199951171875,-1.1234047412872314,1043.7428571428572,4,518,1,0,0,24,7,68
0,119.0,0.01254275906831026,267.0,4.0,260.0,12926.0,173.36734693877548,8580.1669921875,28.33333396911621,5.316666603088379,19785.716796875,22.200000762939453,4.400000095367432,4.849999904632568,42.58333206176758,16166.3330078125,3144.885714285714,0.8929761648178101,26.85607147216797,268.0285714285714,1580.18017578125,1655.142822265625,-1.1578571796417236,1041.2857142857142,0,518,1,0,0,31,2,46
0,131.07940621381096,0.0034207524731755257,267.0,4.0,260.0,3868.0,176.65306122448973,11547.6669921875,32.13333511352539,5.9666666984558105,20615.333984375,22.28333282470703,4.800000190734863,4.766666889190674,40.599998474121094,19712.166015625,3197.9142857142856,0.895809531211853,26.82880973815918,273.6,1585.6820068359375,1638.142822265625,-1.1854761838912964,1039.5428571428572,0,518,1,0,0,21,19,59
0,56.0,0.05815279483795166,267.0,4.0,260.0,11676.0,174.1020408163265,8217.5,35.68333435058594,6.650000095367432,21870.916015625,21.766666412353516,4.099999904632568,4.7833333015441895,42.29999923706055,22989.833984375,3228.057142857143,0.9012619256973267,26.66880989074707,272.8,1593.9271240234375,1627.5714111328125,-1.233380913734436,1044.8,10,518,1,0,0,21,4,26
0,69.0,0.13340935111045837,267.0,4.0,260.0,9724.0,173.22448979591834,8629.3330078125,36.88333511352539,7.050000190734863,19351.017578125,22.633333206176758,4.300000190734863,4.949999809265137,40.56666564941406,19419.0,3256.0285714285715,0.9024999737739563,26.65785789489746,272.6857142857143,1592.7257080078125,1628.028564453125,-1.256761908531189,1045.6857142857143,1,518,1,0,0,21,7,34
0,130.0,0.07867731153964996,267.0,4.0,260.0,12439.0,172.204081632653,8330.5,28.9777774810791,5.666666507720947,20184.75,21.483333587646484,3.9666666984558105,4.75,42.92222213745117,17351.22265625,3298.885714285714,0.8944047689437866,26.472618103027344,275.25714285714287,1595.5006103515625,1608.028564453125,-1.26797616481781,1038.3428571428572,3,518,1,0,0,21,6,51
0,94.0,0.11972633749246597,267.0,4.0,260.0,12518.0,169.71428571428558,8875.5,30.511110305786133,7.800000190734863,20330.548828125,21.86111068725586,4.166666507720947,4.833333492279053,37.36111068725586,17067.111328125,3316.2571428571428,0.8976666927337646,26.418453216552734,279.62857142857143,1595.51513671875,1584.7142333984375,-1.2918334007263184,1033.142857142857,0,518,1,0,0,21,14,42
0,78.0,0.28734320402145386,267.0,4.0,260.0,3028.0,166.69387755102025,11745.1669921875,33.78333282470703,7.333333492279053,21302.8671875,21.116666793823242,3.799999952316284,4.949999809265137,40.733333587646484,18888.666015625,3335.885714285714,0.9220952391624451,26.600595474243164,284.8285714285714,1601.2431640625,1572.4285888671875,-1.302071452140808,1040.8,1,518,1,0,0,31,18,33
0,41.0,0.06157354637980461,267.0,4.0,260.0,6633.0,163.2857142857141,9021.3330078125,28.799999237060547,7.616666793823242,21756.583984375,21.33333396911621,4.199999809265137,5.050000190734863,43.70000076293945,18192.833984375,3444.6857142857143,0.9264047741889954,26.492977142333984,284.54285714285714,1602.3748779296875,1572.4285888671875,-1.3603094816207886,1038.5714285714287,2,518,1,0,0,21,8,17
1,51.0,0.0,267.0,4.0,260.0,7968.0,161.4999999999999,11186.0,29.83333396911621,8.966666221618652,19053.5,21.850000381469727,4.400000095367432,5.016666889190674,37.96666717529297,17800.166015625,3465.7428571428572,0.9585238099098206,26.834047317504883,299.74285714285713,1618.884521484375,1532.7142333984375,-1.3593571186065674,1041.8857142857144,0,518,1,0,0,41,4,21
1,375.0,0.3842645287513733,286.0,2.0,313.0,2056.0,328.93877551020387,16205.6669921875,32.46666717529297,1.2999999523162842,21832.6171875,25.383333206176758,4.599999904632568,4.300000190734863,34.233333587646484,29064.166015625,1066.8285714285714,0.6461904644966125,25.993572235107422,18.8,1319.550537109375,2577.6572265625,-0.5087619423866272,1013.2,0,505,1,1,0,31,22,135
0,460.0,0.6887115240097046,286.0,2.0,313.0,1229.0,330.12244897959164,14330.6669921875,35.06666564941406,0.6833333373069763,21350.267578125,23.950000762939453,4.800000190734863,4.150000095367432,28.66666603088379,32612.0,1050.2857142857142,0.6510476469993591,26.02559471130371,18.314285714285713,1314.927490234375,2586.199951171875,-0.47535714507102966,1013.2571428571429,0,505,1,1,0,31,32,168
0,189.0,0.8871151804924011,286.0,2.0,313.0,1246.0,339.3673469387752,29762.166015625,31.96666717529297,1.2166666984558105,24587.349609375,24.71666717529297,5.800000190734863,4.199999809265137,29.133333206176758,43044.5,1099.1714285714286,0.6664524078369141,25.969881057739258,23.857142857142858,1320.4295654296875,2549.39990234375,-0.6645952463150024,1012.7428571428571,1,505,1,1,0,21,3,82
0,179.0,0.8426454067230225,286.0,2.0,313.0,1075.0,337.69387755102014,14960.6669921875,32.83333206176758,0.38333332538604736,21632.93359375,23.566667556762695,4.800000190734863,4.099999904632568,37.25,20842.0,1159.942857142857,0.6881666779518127,26.098690032958984,30.114285714285714,1329.00927734375,2533.028564453125,-0.791785717010498,1018.0,1,505,1,1,0,21,3,68
1,331.0,0.15849487483501434,286.0,2.0,285.0,1575.0,316.91836734693857,16984.388671875,35.05555725097656,1.5666667222976685,20875.35546875,25.711111068725586,4.433333396911621,4.188889026641846,30.10555648803711,24150.111328125,1349.4,0.6998571753501892,26.156429290771484,38.2,1334.1666259765625,2599.6572265625,-1.0780237913131714,1018.2,0,496,1,1,0,41,9,159
0,370.0,0.5769669413566589,286.0,2.0,285.0,1348.0,315.97959183673436,18951.0,34.46666717529297,0.9833333492279053,20618.666015625,25.299999237060547,4.699999809265137,4.183333396911621,28.100000381469727,24686.666015625,1360.3142857142857,0.6974047422409058,26.159286499023438,38.42857142857143,1336.84130859375,2600.82861328125,-1.083809494972229,1019.3714285714286,0,496,1,1,0,21,15,178
0,301.0,0.9293044209480286,286.0,2.0,296.0,1041.0,284.4897959183671,18583.666015625,29.46666717529297,1.2999999523162842,23935.3671875,29.899999618530273,6.0,4.0333333015441895,41.61666488647461,31263.333984375,1446.5714285714287,0.6234047412872314,26.071428298950195,43.42857142857143,1331.29833984375,2607.0,-1.156571388244629,1003.5714285714286,0,474,1,0,1,21,35,141
1,274.0,0.5074116587638855,286.0,2.0,296.0,1949.0,277.9999999999997,20417.0,31.350000381469727,1.350000023841858,18780.25,26.33333396911621,4.5,4.150000095367432,35.36666488647461,25847.0,1429.5714285714287,0.631928563117981,26.31678581237793,45.885714285714286,1328.75341796875,2583.6572265625,-1.1197381019592285,1005.3428571428572,0,474,1,0,1,42,8,126
1,271.0,0.07981756329536438,286.0,2.0,296.0,8539.0,276.10204081632634,19606.22265625,28.288888931274414,3.633333444595337,19735.64453125,27.422222137451172,6.5,4.044444561004639,43.16111373901367,31000.33203125,1440.7428571428572,0.631428599357605,26.338214874267578,45.02857142857143,1319.3519287109375,2582.8857421875,-1.0542619228363037,1001.0285714285715,0,474,1,0,1,31,35,115
0,332.0,0.6088939309120178,286.0,2.0,296.0,1057.0,276.7346938775508,19091.833984375,29.266666412353516,0.4000000059604645,20654.5,27.133333206176758,6.099999904632568,4.050000190734863,45.53333282470703,29865.333984375,1479.5428571428572,0.6043333411216736,26.156667709350586,42.97142857142857,1316.6275634765625,2586.485595703125,-0.9297618865966797,994.6285714285714,0,474,1,0,1,21,35,156
1,228.0,0.37400227785110474,286.0,2.0,296.0,1187.0,305.75510204081604,17095.0,34.233333587646484,0.800000011920929,19770.900390625,27.299999237060547,5.099999904632568,4.0333333015441895,38.41666793823242,24262.666015625,1706.142857142857,0.6073571443557739,26.4280948638916,42.714285714285715,1317.5614013671875,2603.39990234375,-0.39595237374305725,1000.8285714285714,0,474,1,0,0,31,29,106
1,181.0,0.47092360258102417,286.0,2.0,296.0,1324.0,304.2040816326528,17980.5,31.566667556762695,0.75,19573.18359375,27.566667556762695,5.699999809265137,4.050000190734863,38.36666488647461,25305.333984375,1691.2857142857142,0.6090238094329834,26.488689422607422,42.4,1315.4775390625,2607.085693359375,-0.32357141375541687,1001.6,0,474,1,0,0,21,19,84
1,375.0,0.01824401319026947,286.0,2.0,296.0,2937.0,299.3469387755098,,,,,,,,,,2123.1714285714284,0.6422619223594666,26.907381057739258,41.885714285714286,1338.06640625,2832.257080078125,0.3492142856121063,1027.8,0,496,1,0,0,21,34,149
0,77.0,0.4675028622150421,286.0,2.0,285.0,1141.0,295.020408163265,21062.5,33.0,1.5666667222976685,30509.93359375,28.33333396911621,5.400000095367432,4.150000095367432,25.616666793823242,27016.0,2157.8571428571427,0.6395714282989502,26.84190559387207,42.142857142857146,1342.30126953125,2852.28564453125,0.37199997901916504,1028.4857142857143,2,496,1,0,0,31,3,30
1,334.0,0.0,286.0,2.0,296.0,2404.0,290.36734693877514,17919.333984375,31.91666603088379,0.3499999940395355,20860.767578125,26.450000762939453,5.5,4.25,22.799999237060547,25506.0,2177.457142857143,0.6483571529388428,26.951190948486328,44.57142857142857,1353.113037109375,2838.60009765625,0.358690470457077,1035.2,0,496,1,0,0,41,33,114
0,143.0,0.1687571257352829,286.0,2.0,285.0,1439.0,285.24489795918333,17873.333984375,32.46666717529297,0.5333333611488342,20554.232421875,26.233333587646484,5.199999809265137,4.25,18.16666603088379,24865.5,2222.8285714285716,0.6480476260185242,26.929523468017578,43.65714285714286,1350.4930419921875,2852.685791015625,0.3562619090080261,1034.0,0,496,1,0,0,21,13,57
0,171.0,0.5952109694480896,286.0,2.0,296.0,1067.0,280.020408163265,18417.833984375,32.25,1.3666666746139526,20869.400390625,27.183332443237305,5.400000095367432,4.150000095367432,22.616666793823242,25282.333984375,2235.4,0.6478095054626465,26.94071388244629,45.02857142857143,1351.0823974609375,2827.1142578125,0.36116665601730347,1032.9142857142858,0,474,1,0,0,21,24,57
1,318.0,0.0,286.0,2.0,296.0,4317.0,269.9795918367344,17932.166015625,34.96666717529297,0.9166666865348816,21025.18359375,26.58333396911621,5.400000095367432,4.25,19.433332443237305,32943.33203125,2255.057142857143,0.6603094935417175,27.030237197875977,49.34285714285714,1359.7117919921875,2727.54296875,0.30611905455589294,1036.5428571428572,0,474,1,1,0,24,7,122
1,247.0,0.010262257419526577,286.0,2.0,296.0,2475.0,266.02040816326513,19344.388671875,34.2944450378418,0.7333333492279053,20203.26171875,25.86111068725586,5.266666889190674,4.22777795791626,20.27777862548828,30544.833984375,2259.9142857142856,0.6617618799209595,27.0242862701416,52.542857142857144,1363.0904541015625,2667.28564453125,0.31326189637184143,1035.5428571428572,0,496,1,0,0,21,14,88
1,239.0,0.0,286.0,2.0,285.0,6896.0,262.3877551020406,21322.333984375,32.75,3.200000047683716,18798.44921875,26.066667556762695,6.0,4.550000190734863,16.799999237060547,56631.0,2241.8571428571427,0.6690952181816101,27.084999084472656,55.82857142857143,1371.998779296875,2582.82861328125,0.32647618651390076,1040.057142857143,0,496,1,0,0,34,18,78
1,223.0,0.0809578076004982,286.0,2.0,285.0,8252.0,260.1224489795916,21172.0,30.633333206176758,4.916666507720947,22904.19921875,27.600000381469727,5.300000190734863,4.449999809265137,18.516666412353516,36406.0,2252.5714285714284,0.6635000109672546,27.03392791748047,57.142857142857146,1367.3072509765625,2541.1142578125,0.3161666691303253,1034.3428571428572,0,496,1,0,0,41,18,73
1,293.0,0.006841504946351051,286.0,2.0,285.0,14167.0,258.5918367346936,20680.666015625,28.700000762939453,2.1500000953674316,20252.19921875,26.71666717529297,5.400000095367432,4.2833333015441895,18.683332443237305,25216.666015625,2261.6857142857143,0.6570952534675598,26.98285675048828,58.542857142857144,1367.1663818359375,2497.485595703125,0.3155476152896881,1031.2571428571428,0,496,1,0,0,41,35,130
1,215.0,0.07753705978393555,286.0,2.0,285.0,2654.0,256.51020408163237,20136.166015625,35.766666412353516,1.6666666269302368,19074.8828125,28.399999618530273,6.699999809265137,4.383333206176758,16.549999237060547,25900.0,2275.2571428571428,0.6527857184410095,26.957380294799805,62.77142857142857,1370.587646484375,2437.82861328125,0.2870476245880127,1028.0285714285715,0,496,1,0,0,42,8,95
1,148.0,0.0011402508243918419,286.0,2.0,285.0,2974.0,256.51020408163237,20979.333984375,34.31666564941406,1.9166666269302368,21265.099609375,28.41666603088379,6.099999904632568,4.400000095367432,16.08333396911621,25168.333984375,2275.2571428571428,0.6527857184410095,26.957380294799805,62.77142857142857,1370.587646484375,2437.82861328125,0.2870476245880127,1028.0285714285715,0,496,1,0,0,42,2,66
1,244.0,0.352337509393692,286.0,2.0,285.0,1485.0,255.14285714285688,24047.5,33.58333206176758,3.4833333492279053,21456.75,27.149999618530273,4.900000095367432,4.383333206176758,15.133333206176758,28130.166015625,2287.657142857143,0.657880961894989,26.97916603088379,70.8,1378.041259765625,2387.05712890625,0.24280953407287598,1025.3714285714286,0,496,1,0,0,31,21,108
1,184.0,0.5290763974189758,286.0,2.0,285.0,1131.0,255.3265306122447,18260.166015625,31.383333206176758,1.2166666984558105,18693.93359375,27.08333396911621,5.199999809265137,4.183333396911621,17.383333206176758,24661.666015625,2288.0,0.6596666574478149,26.978452682495117,71.34285714285714,1378.583984375,2377.085693359375,0.23549999296665192,1025.7714285714285,0,496,1,0,0,31,13,75
1,338.0,0.07297605276107788,286.0,2.0,272.0,1968.0,251.08163265306104,25401.333984375,33.36666488647461,5.916666507720947,19026.6171875,25.53333282470703,5.199999809265137,4.483333110809326,20.399999618530273,26787.5,2264.9714285714285,0.6830000281333923,27.160951614379883,73.05714285714286,1385.450439453125,2364.628662109375,0.24440476298332214,1034.4857142857143,0,497,1,0,1,34,25,115
1,143.0,0.0,286.0,2.0,272.0,2181.0,261.7142857142856,19513.388671875,34.849998474121094,1.1333333253860474,18999.427734375,25.577777862548828,5.0333333015441895,4.416666507720947,13.872221946716309,23266.333984375,2291.6857142857143,0.6787857413291931,27.093334197998047,76.22857142857143,1390.9171142578125,2322.971435546875,0.23383332788944244,1032.6285714285714,0,497,1,0,1,21,4,54
1,212.0,0.2827822268009186,286.0,2.0,272.0,1308.0,262.4693877551019,17832.0,36.16666793823242,5.050000190734863,18738.69921875,23.91666603088379,4.400000095367432,4.199999809265137,21.600000381469727,22050.0,2311.5142857142855,0.675595223903656,26.978452682495117,79.8,1399.5086669921875,2293.914306640625,0.21478570997714996,1032.0285714285715,0,497,1,0,0,41,13,73
1,289.0,0.22006841003894806,286.0,2.0,272.0,1285.0,257.48979591836724,19653.333984375,37.56666564941406,4.833333492279053,21507.732421875,24.83333396911621,4.800000190734863,4.300000190734863,21.950000762939453,25817.333984375,2290.2571428571428,0.6976428627967834,27.19333267211914,82.51428571428572,1399.72216796875,2286.685791015625,0.23549999296665192,1035.6571428571428,0,497,1,0,0,31,15,118
1,203.0,0.5917901992797852,286.0,2.0,272.0,1163.0,260.7551020408162,15282.6669921875,35.0,2.0333333015441895,17825.466796875,23.350000381469727,4.900000095367432,4.233333110809326,19.983333587646484,19832.5,2333.0,0.6815714240074158,27.03952407836914,80.37142857142857,1397.44189453125,2273.771484375,0.2337857186794281,1031.6857142857143,2,497,1,0,0,21,1,85
0,138.0,0.7354618310928345,296.0,3.0,272.0,1096.0,268.1224489795917,18078.166015625,27.350000381469727,2.5166666507720947,19238.150390625,25.41666603088379,4.5,4.133333206176758,23.433332443237305,22560.833984375,2370.5714285714284,0.7212380766868591,27.155475616455078,91.37142857142857,1419.1585693359375,2110.571533203125,0.030833333730697632,1042.4857142857143,0,497,1,0,1,42,19,48
0,289.0,0.09350056946277618,296.0,3.0,272.0,1736.0,268.63265306122435,14347.6669921875,36.78333282470703,4.25,17306.482421875,23.883333206176758,4.5,4.050000190734863,23.983333587646484,20575.166015625,2527.6285714285714,0.7848809361457825,27.50452423095703,90.51428571428572,1425.8536376953125,2152.742919921875,0.1177142783999443,1060.1142857142856,0,497,1,0,0,21,4,100
1,347.0,0.020524514839053154,296.0,3.0,271.0,6956.0,271.5102040816324,14527.0,29.566667556762695,3.183333396911621,19007.6328125,24.16666603088379,4.5,4.183333396911621,17.16666603088379,21833.0,2548.8,0.8009762167930603,27.644285202026367,89.0,1423.2384033203125,2182.800048828125,0.0822380930185318,1064.3428571428572,0,482,1,0,0,31,18,124
1,274.0,0.014823260717093945,296.0,3.0,271.0,5330.0,272.7142857142855,18018.333984375,36.56666564941406,3.950000047683716,20264.3828125,26.116666793823242,5.300000190734863,4.099999904632568,17.733333587646484,31263.333984375,2611.6285714285714,0.8097857236862183,27.697261810302734,83.68571428571428,1427.540771484375,2330.314208984375,0.1885237991809845,1075.0285714285715,0,482,1,0,0,31,19,94
1,373.0,0.0011402508243918419,296.0,3.0,271.0,7072.0,273.9795918367345,12918.2216796875,31.177778244018555,3.5222222805023193,17570.9453125,22.66111183166504,4.933333396911621,4.083333492279053,28.0222225189209,21842.83203125,2663.5714285714284,0.8099047541618347,27.6872615814209,82.08571428571429,1426.532470703125,2399.17138671875,0.1553095281124115,1075.857142857143,0,482,1,0,0,41,35,128
1,292.0,0.0,296.0,3.0,271.0,6108.0,274.8367346938774,13558.6669921875,39.58333206176758,4.25,20022.666015625,23.616666793823242,5.199999809265137,4.083333492279053,20.549999237060547,23771.333984375,2663.5714285714284,0.8099047541618347,27.6872615814209,82.08571428571429,1426.532470703125,2399.17138671875,0.1553095281124115,1075.857142857143,0,482,1,0,0,31,35,114
1,174.0,0.028506271541118622,296.0,3.0,293.0,3560.0,272.3877551020406,15521.3330078125,36.0,5.2166666984558105,20487.6328125,24.78333282470703,4.900000095367432,4.050000190734863,27.433332443237305,21933.666015625,2730.7714285714287,0.8263571262359619,27.707857131958008,76.48571428571428,1420.84130859375,2520.371337890625,0.19559523463249207,1080.5142857142857,1,476,1,0,0,21,19,62
0,262.0,0.5096921324729919,296.0,3.0,293.0,1533.0,272.3877551020406,13604.5,35.08333206176758,4.866666793823242,18355.966796875,23.96666717529297,5.0,3.9000000953674316,29.483333587646484,21499.833984375,2751.657142857143,0.8255000114440918,27.705238342285156,78.4,1424.6536865234375,2531.6572265625,0.2456904649734497,1080.6857142857143,0,476,1,0,0,21,32,90
0,276.0,0.5587229132652283,296.0,3.0,293.0,1041.0,270.8571428571427,14648.0,36.099998474121094,2.8333332538604736,19127.166015625,23.58333396911621,5.199999809265137,3.950000047683716,29.766666412353516,22966.666015625,2762.8285714285716,0.8229047656059265,27.645118713378906,78.94285714285714,1423.1785888671875,2542.28564453125,0.24335715174674988,1078.6285714285714,0,476,1,0,0,21,29,95
1,144.0,0.07981756329536438,296.0,3.0,293.0,1616.0,268.4897959183672,13332.0,32.97777557373047,4.472221851348877,19834.650390625,24.100000381469727,5.0,4.050000190734863,33.24444580078125,22342.72265625,2803.2285714285713,0.8305237889289856,27.671905517578125,79.2,1418.969970703125,2551.514404296875,0.3071190416812897,1077.857142857143,0,476,1,0,0,41,28,55
1,175.0,0.32041049003601074,296.0,3.0,293.0,1308.0,261.7551020408161,14503.6669921875,28.58333396911621,3.933333396911621,18820.099609375,23.633333206176758,5.300000190734863,4.083333492279053,39.06666564941406,22212.333984375,2888.942857142857,0.8346190452575684,27.621070861816406,80.82857142857142,1411.5242919921875,2557.6572265625,0.2945476174354553,1072.0857142857142,0,476,1,0,0,42,4,65
1,226.0,0.5986316800117493,296.0,3.0,293.0,1258.0,261.7551020408161,14215.1669921875,30.933332443237305,2.7333333492279053,18233.849609375,23.899999618530273,5.300000190734863,4.066666603088379,45.20000076293945,21532.333984375,2880.0285714285715,0.8360714316368103,27.630952835083008,81.85714285714286,1415.2689208984375,2549.914306640625,0.38359522819519043,1073.142857142857,0,476,1,0,0,41,23,84
0,162.0,0.3968072831630707,286.0,2.0,293.0,1443.0,261.5306122448977,13632.5556640625,36.144447326660156,2.288888931274414,17643.0,23.13888931274414,5.066666603088379,4.016666889190674,36.1944465637207,24063.22265625,2927.3714285714286,0.8412857055664062,27.60845184326172,84.22857142857143,1410.93212890625,2532.971435546875,0.43159523606300354,1068.6,1,476,1,0,0,31,16,64
1,210.0,0.15849487483501434,286.0,2.0,293.0,1434.0,261.5306122448977,15449.1669921875,32.88888931274414,6.75,19336.8515625,24.205554962158203,5.066666603088379,4.066666603088379,32.78889083862305,23381.9453125,2938.7714285714287,0.8438571691513062,27.614643096923828,85.22857142857143,1410.7720947265625,2526.3427734375,0.443619042634964,1068.4571428571428,0,476,1,0,1,31,3,84
0,298.0,0.17217788100242615,296.0,3.0,293.0,1397.0,259.36734693877537,14364.6669921875,41.75,2.25,17184.6328125,24.816667556762695,5.5,4.0,33.91666793823242,22706.333984375,3005.057142857143,0.8621666431427002,27.678333282470703,90.48571428571428,1410.6727294921875,2466.428466796875,0.44269049167633057,1064.857142857143,1,476,1,0,1,31,9,125
0,137.0,0.8871151804924011,296.0,3.0,293.0,1064.0,262.0612244897958,17002.333984375,49.983333587646484,3.799999952316284,16582.267578125,24.649999618530273,6.400000095367432,3.950000047683716,26.83333396911621,23201.5,3015.2,0.85445237159729,27.544286727905273,91.77142857142857,1403.422119140625,2455.685791015625,0.44183334708213806,1057.8,0,476,1,0,1,41,13,63
0,174.0,0.4458380937576294,296.0,3.0,293.0,4374.0,268.1632653061223,16023.8330078125,41.33333206176758,5.0333333015441895,17770.099609375,25.433332443237305,6.0,4.050000190734863,31.08333396911621,27594.333984375,3026.3142857142857,0.8673571348190308,27.60976219177246,94.28571428571429,1403.1151123046875,2408.428466796875,0.44835713505744934,1057.4,1,476,1,0,0,21,1,82
0,140.0,0.2519954442977905,296.0,3.0,293.0,2474.0,268.1632653061223,13631.5,42.849998474121094,3.049999952316284,16386.517578125,25.683332443237305,5.400000095367432,4.050000190734863,31.233333587646484,22020.0,3041.5142857142855,0.8610000014305115,27.497499465942383,90.68571428571428,1396.921875,2396.0,0.4471904933452606,1053.8285714285714,0,476,1,0,0,34,11,66
0,186.0,0.18358038365840912,296.0,3.0,293.0,1413.0,269.4285714285712,15960.0,41.150001525878906,4.183333396911621,17726.69921875,26.200000762939453,5.800000190734863,4.050000190734863,33.29999923706055,23306.5,3032.0,0.8636666536331177,27.47464370727539,94.97142857142858,1396.7384033203125,2369.17138671875,0.439380943775177,1048.942857142857,1,476,1,0,0,24,15,78
1,237.0,0.42987456917762756,296.0,3.0,293.0,1160.0,320.10204081632634,14963.0,33.79999923706055,5.916666507720947,17898.283203125,22.41666603088379,5.099999904632568,4.099999904632568,34.5,20024.5,2930.942857142857,0.9303571581840515,27.43833351135254,119.88571428571429,1387.90185546875,2250.82861328125,0.20530951023101807,1029.3714285714286,0,476,1,0,1,42,25,127
0,170.0,0.8620296716690063,296.0,3.0,293.0,1030.0,329.71428571428544,14017.8330078125,33.31666564941406,2.3499999046325684,16758.466796875,23.350000381469727,5.0,4.150000095367432,37.79999923706055,19828.333984375,2769.5714285714284,0.9413809776306152,27.160715103149414,128.5142857142857,1389.7347412109375,2278.54296875,0.21595236659049988,1021.0857142857143,1,476,1,0,1,31,8,93
0,125.0,0.9441276788711548,296.0,3.0,293.0,1067.0,321.9795918367344,13038.6669921875,38.18333435058594,3.616666555404663,19727.05078125,28.299999237060547,7.300000190734863,4.083333492279053,35.56666564941406,25323.166015625,2658.7714285714287,0.9580000042915344,27.2113094329834,133.28571428571428,1389.6385498046875,2284.39990234375,0.23280954360961914,1019.1428571428571,1,476,1,0,1,21,10,69
0,394.70916953295693,0.6887115240097046,296.0,3.0,293.0,1417.0,317.2448979591834,13031.6669921875,36.150001525878906,1.4166666269302368,18899.56640625,24.266666412353516,5.800000190734863,4.099999904632568,37.516666412353516,19614.333984375,2636.885714285714,0.9748571515083313,27.360713958740234,136.54285714285714,1391.1312255859375,2276.82861328125,0.24516665935516357,1021.0857142857143,1,476,1,0,0,21,3,204
0,82.0,0.0672748014330864,296.0,3.0,293.0,1794.0,312.8571428571426,12744.1669921875,33.983333587646484,4.383333206176758,19800.30078125,22.899999618530273,4.699999809265137,4.150000095367432,33.61666488647461,19000.0,2614.7714285714287,0.9840952157974243,27.500356674194336,133.0857142857143,1386.154296875,2288.257080078125,0.24621428549289703,1025.5142857142857,0,476,1,0,0,41,11,35
0,269.0,0.3158494830131531,296.0,3.0,293.0,1949.0,308.816326530612,13012.3330078125,31.933332443237305,3.816666603088379,17622.017578125,23.616666793823242,4.699999809265137,4.150000095367432,37.70000076293945,19653.833984375,2554.4857142857145,0.9721190333366394,27.424762725830078,135.02857142857144,1397.3084716796875,2276.3427734375,0.2659047544002533,1026.9714285714285,1,476,1,0,1,21,11,141
0,230.0,0.18358038365840912,296.0,3.0,293.0,1476.0,308.816326530612,13734.0,34.349998474121094,5.116666793823242,19455.599609375,23.316667556762695,4.800000190734863,4.150000095367432,35.75,20886.0,2543.457142857143,0.9775238037109375,27.528928756713867,137.02857142857144,1407.0958251953125,2267.314208984375,0.24899999797344208,1032.857142857143,1,476,1,0,1,41,10,119
0,200.0,0.4583808481693268,296.0,3.0,283.0,1350.0,308.5306122448977,13390.611328125,35.43333435058594,4.0722222328186035,19601.705078125,23.100000381469727,4.566666603088379,4.22777795791626,37.28888702392578,19574.611328125,2545.657142857143,0.9693333506584167,27.4469051361084,134.17142857142858,1401.8958740234375,2274.800048828125,0.2430237978696823,1030.857142857143,1,507,1,0,1,21,22,102
0,375.6211600585866,0.7172178030014038,296.0,3.0,283.0,1088.0,309.5306122448977,13899.0,33.91666793823242,4.4666666984558105,18270.650390625,23.25,4.5,4.183333396911621,36.46666717529297,23225.666015625,2548.114285714286,0.950952410697937,27.163572311401367,130.5142857142857,1402.4561767578125,2288.257080078125,0.2551666796207428,1030.7714285714285,0,507,1,0,1,41,6,208
0,358.0,0.6419612169265747,296.0,3.0,283.0,1484.0,318.10204081632634,13776.6669921875,30.08333396911621,4.150000095367432,19201.25,22.75,4.900000095367432,4.183333396911621,37.41666793823242,17693.333984375,2530.4,0.9495238065719604,27.318214416503906,119.74285714285715,1397.33837890625,2313.028564453125,0.30550000071525574,1041.5428571428572,0,507,1,0,1,21,30,196
0,114.0,0.8711516261100769,296.0,3.0,283.0,1057.0,323.3673469387753,13929.6669921875,35.516666412353516,2.633333444595337,19794.966796875,28.366666793823242,7.699999809265137,4.099999904632568,36.21666717529297,21737.0,2543.0857142857144,0.94092857837677,27.174524307250977,117.85714285714286,1396.6739501953125,2325.17138671875,0.2943333387374878,1041.0857142857142,1,507,1,0,1,11,17,63
0,267.0,0.9635119438171387,296.0,3.0,283.0,1057.0,331.12244897959164,14592.0,34.79999923706055,3.1666667461395264,20401.94921875,24.600000381469727,4.800000190734863,4.050000190734863,35.733333587646484,21888.5,2525.657142857143,0.9109523892402649,26.861547470092773,117.65714285714286,1407.548828125,2345.257080078125,0.2674761712551117,1041.6857142857143,1,507,1,0,1,42,12,148
0,398.0,0.7240592837333679,296.0,3.0,283.0,1237.0,333.63265306122423,16244.3330078125,31.75,4.550000190734863,20740.69921875,22.600000381469727,4.5,4.050000190734863,39.53333282470703,18753.0,2521.285714285714,0.9221428632736206,26.988571166992188,118.74285714285715,1407.43896484375,2370.742919921875,0.26728570461273193,1043.4,0,507,1,0,1,42,9,177
0,481.0,0.6351197361946106,296.0,3.0,283.0,2359.0,335.18367346938754,16330.8330078125,34.86666488647461,3.549999952316284,20159.68359375,23.5,4.599999904632568,4.083333492279053,32.849998474121094,20610.0,2523.9142857142856,0.9259762167930603,26.992977142333984,121.42857142857143,1408.813232421875,2402.39990234375,0.3053809404373169,1042.7428571428572,0,507,1,0,1,41,29,230
0,347.0,0.5917901992797852,296.0,3.0,283.0,1254.0,334.22448979591815,16554.5,33.06666564941406,4.116666793823242,22033.5,27.016666412353516,5.199999809265137,4.083333492279053,34.43333435058594,22544.5,2518.8285714285716,0.9218095541000366,26.940357208251953,121.65714285714286,1418.1986083984375,2428.742919921875,0.3169762194156647,1047.2571428571428,1,507,1,0,1,21,25,158
0,399.0,0.7787913084030151,296.0,3.0,283.0,1192.0,331.48979591836724,19548.0,31.96666717529297,6.150000095367432,18874.349609375,23.41666603088379,4.5,4.050000190734863,33.266666412353516,23904.0,2484.8285714285716,0.9279285669326782,27.03714370727539,122.57142857142857,1421.530517578125,2478.428466796875,0.2577380836009979,1050.6285714285714,0,507,1,0,1,41,24,162
0,249.0,0.6522234678268433,296.0,3.0,283.0,1345.0,323.48979591836707,17812.0,33.988887786865234,2.9000000953674316,23933.8671875,24.74444580078125,4.5333333015441895,4.088889122009277,26.049999237060547,23107.611328125,2452.0,0.918833315372467,26.92226219177246,125.42857142857143,1427.127685546875,2559.971435546875,0.2844047546386719,1048.9142857142858,0,507,1,0,1,31,22,138
0,162.0,0.4310148358345032,296.0,3.0,283.0,1409.0,320.06122448979556,17166.666015625,35.25,4.433333396911621,25940.666015625,22.700000762939453,4.199999809265137,4.050000190734863,28.41666603088379,20887.0,2447.342857142857,0.9192380905151367,26.95535659790039,125.34285714285714,1426.3919677734375,2584.199951171875,0.28080955147743225,1049.1714285714286,2,507,1,0,1,21,20,70
0,70.0,0.6419612169265747,296.0,3.0,283.0,1041.0,315.36734693877526,21282.166015625,36.88333511352539,2.2666666507720947,39465.96484375,23.600000381469727,4.699999809265137,4.099999904632568,23.46666717529297,22416.666015625,2454.542857142857,0.8829285502433777,26.605594635009766,130.77142857142857,1428.8250732421875,2671.485595703125,0.3223809599876404,1043.4285714285713,3,507,1,0,1,31,1,31
0,301.8483434215152,0.825541615486145,296.0,3.0,283.0,1057.0,316.3061224489793,17622.166015625,37.400001525878906,2.5833332538604736,44931.69921875,22.683332443237305,4.699999809265137,4.099999904632568,23.816667556762695,20655.0,2454.342857142857,0.8550952672958374,26.410118103027344,134.0857142857143,1432.4661865234375,2621.8857421875,0.35066667199134827,1036.857142857143,0,507,1,0,1,41,7,167
0,214.0,0.46978336572647095,296.0,3.0,283.0,1166.0,306.2857142857141,10960.8330078125,31.83333396911621,2.7666666507720947,15792.1337890625,21.516666412353516,4.199999809265137,4.183333396911621,40.099998474121094,40114.83203125,2367.2285714285713,0.795285701751709,26.233095169067383,186.05714285714285,1457.8720703125,2055.428466796875,-0.006952382158488035,991.6,0,507,1,0,1,21,21,77
0,172.0,0.3318130075931549,296.0,3.0,283.0,1493.0,305.38775510204056,13562.0,28.316667556762695,4.383333206176758,17533.650390625,22.516666412353516,4.400000095367432,4.383333206176758,40.95000076293945,19744.5,2335.3714285714286,0.7706905007362366,26.05071449279785,196.68571428571428,1468.7408447265625,1974.4000244140625,-0.13371430337429047,984.2571428571429,1,507,1,0,1,31,10,81
0,110.0,0.6408209800720215,296.0,3.0,283.0,1117.0,306.816326530612,13700.8330078125,30.233333587646484,4.366666793823242,15535.81640625,22.433332443237305,4.099999904632568,4.400000095367432,40.75,20839.333984375,2322.5142857142855,0.7727857232093811,26.030118942260742,202.05714285714285,1476.6209716796875,1941.771484375,-0.25097617506980896,984.8571428571429,1,507,1,0,1,31,6,53
0,374.0,0.3363740146160126,296.0,3.0,283.0,2553.0,305.5918367346936,13751.6669921875,36.099998474121094,2.950000047683716,17400.283203125,24.549999237060547,4.400000095367432,4.349999904632568,33.983333587646484,19238.833984375,2365.714285714286,0.7649047374725342,25.922500610351562,195.65714285714284,1465.802001953125,1938.800048828125,-0.33533334732055664,984.4571428571429,2,507,1,0,1,31,5,192
0,228.0,0.45724058151245117,296.0,3.0,283.0,1077.0,300.1020408163262,11364.4443359375,32.36111068725586,3.288888931274414,18226.1328125,21.877777099609375,3.933333396911621,4.433333396911621,37.900001525878906,21531.611328125,2365.714285714286,0.7649047374725342,25.922500610351562,195.65714285714284,1465.802001953125,1938.800048828125,-0.33533334732055664,984.4571428571429,1,507,1,0,1,21,5,106
0,29.0,0.10718358308076859,296.0,3.0,283.0,1679.0,291.28571428571416,13093.5,35.400001525878906,2.866666555404663,19545.3828125,22.28333282470703,4.5,4.650000095367432,32.983333587646484,23483.833984375,2386.2285714285713,0.7498571276664734,25.665952682495117,196.82857142857142,1461.7628173828125,1931.1142578125,-0.4616190791130066,978.7142857142857,5,507,1,0,1,21,2,10
0,71.0,0.05131128802895546,296.0,3.0,283.0,1844.0,287.73469387755085,14756.3330078125,30.816667556762695,5.483333110809326,20842.400390625,23.03333282470703,4.599999904632568,4.599999904632568,37.25,21426.666015625,2427.4,0.7347381114959717,25.56571388244629,188.68571428571428,1464.0968017578125,1931.5428466796875,-0.42626190185546875,982.4285714285714,4,507,1,0,1,31,3,26
0,89.0,0.12314709275960922,296.0,3.0,283.0,1617.0,282.5102040816325,14014.1669921875,31.616666793823242,4.583333492279053,20947.166015625,23.200000762939453,4.699999809265137,4.550000190734863,39.45000076293945,23553.333984375,2422.0,0.7150000333786011,25.33440399169922,191.94285714285715,1471.334716796875,1920.6285400390625,-0.41349998116493225,977.6,3,507,1,0,1,31,14,34
0,274.0,0.7879133224487305,296.0,3.0,283.0,1120.0,278.2653061224488,11630.0,32.13333511352539,5.766666889190674,23315.849609375,25.450000762939453,4.599999904632568,4.599999904632568,33.650001525878906,21839.5,2424.4,0.7086666822433472,25.453332901000977,190.85714285714286,1478.5355224609375,1906.94287109375,-0.3585713803768158,981.4285714285714,1,507,1,0,1,21,1,104
0,271.0,0.10604333132505417,296.0,3.0,283.0,2386.0,269.2040816326529,14460.0,32.28333282470703,3.2333333492279053,25391.69921875,25.950000762939453,5.199999809265137,4.449999809265137,35.33333206176758,52995.0,2426.3714285714286,0.7213809490203857,25.781070709228516,192.37142857142857,1472.622314453125,1899.0,-0.39573806524276733,983.6571428571428,0,507,1,0,1,21,14,112
0,,0.0,296.0,3.0,283.0,2555.0,267.6938775510203,11860.3330078125,31.33333396911621,3.2833333015441895,19298.400390625,22.149999618530273,4.300000190734863,4.599999904632568,41.45000076293945,20553.333984375,2428.657142857143,0.70804762840271,25.627023696899414,188.14285714285714,1474.8477783203125,1909.4571533203125,-0.35338094830513,984.9714285714285,1,507,1,0,1,21,5,
0,248.0,0.6567844748497009,296.0,3.0,283.0,1081.0,261.59183673469363,10759.6669921875,32.38333511352539,3.116666555404663,17354.283203125,25.149999618530273,5.199999809265137,4.5,35.88333511352539,25451.833984375,2400.6857142857143,0.6814523935317993,25.484643936157227,195.25714285714287,1485.201904296875,1882.5999755859375,-0.3839285373687744,978.2,0,507,1,0,1,31,13,117
0,319.0,0.9578106999397278,267.0,4.0,283.0,1069.0,261.71428571428555,12300.0,34.400001525878906,5.0333333015441895,21561.033203125,27.350000381469727,5.699999809265137,4.5,32.516666412353516,30317.666015625,2408.6857142857143,0.6683095097541809,25.410594940185547,189.22857142857143,1485.0220947265625,1888.4000244140625,-0.35178571939468384,979.1142857142858,0,507,1,0,1,21,15,161
0,232.0,0.3534777760505676,267.0,4.0,283.0,2439.0,253.40816326530592,10277.6669921875,29.899999618530273,5.0,15002.533203125,22.066667556762695,4.0,4.550000190734863,39.81666564941406,16875.0,2495.285714285714,0.6732618808746338,25.682262420654297,184.45714285714286,1495.5150146484375,1887.4000244140625,-0.33235716819763184,993.3142857142857,2,507,1,0,1,31,8,88
0,256.0,0.1892816424369812,267.0,4.0,283.0,1933.0,254.89795918367318,15487.6669921875,31.450000762939453,5.949999809265137,18436.25,21.96666717529297,4.699999809265137,4.599999904632568,38.71666717529297,22144.333984375,2548.9714285714285,0.6522619128227234,25.602262496948242,187.77142857142857,1493.14013671875,1872.2857666015625,-0.5076667070388794,983.2,2,507,1,0,1,41,12,105
1,278.0,0.2839224636554718,267.0,4.0,283.0,1286.0,248.55102040816303,,33.11666488647461,9.25,,23.91666603088379,5.199999809265137,4.699999809265137,35.79999923706055,,2632.342857142857,0.6546905040740967,25.61107063293457,183.0,1506.1180419921875,1876.4857177734375,-0.35209524631500244,995.8,1,507,1,0,1,41,8,128
0,183.0,0.49030786752700806,267.0,4.0,283.0,1961.0,247.53061224489767,11710.8330078125,29.450000762939453,5.199999809265137,16965.5,22.08333396911621,4.199999809265137,4.5,40.04999923706055,16716.666015625,2691.9714285714285,0.6462143063545227,25.534881591796875,180.74285714285713,1503.554931640625,1890.5428466796875,-0.3359047770500183,994.4285714285714,0,507,1,0,0,21,5,69
0,136.0,0.40935006737709045,267.0,4.0,260.0,1347.0,244.14285714285685,11860.8330078125,30.983333587646484,6.366666793823242,18088.8828125,21.399999618530273,4.300000190734863,4.650000095367432,38.63333511352539,20475.0,2732.8285714285716,0.630047619342804,25.411428451538086,183.94285714285715,1498.7076416015625,1887.228515625,-0.2883095145225525,985.3428571428572,3,518,1,1,0,31,6,62
0,121.0,0.5210946202278137,267.0,4.0,260.0,4503.0,240.65306122448953,13783.1669921875,28.53333282470703,4.2833333015441895,20493.966796875,26.200000762939453,5.199999809265137,4.599999904632568,32.53333282470703,23892.5,2779.4,0.6197142601013184,25.203214645385742,180.2,1490.2388916015625,1910.6285400390625,-0.24966666102409363,981.5142857142857,1,518,1,1,0,31,10,50
0,99.0,0.7651083469390869,267.0,4.0,260.0,3014.0,238.93877551020384,11265.888671875,30.166667938232422,10.688888549804688,20676.166015625,26.2277774810791,5.866666793823242,4.694444179534912,34.46666717529297,25347.77734375,2810.057142857143,0.5868333578109741,24.752023696899414,182.28571428571428,1493.0968017578125,1901.085693359375,-0.26845237612724304,970.0571428571428,0,518,1,1,0,42,11,42
0,163.0,0.3044469654560089,267.0,4.0,260.0,3907.0,239.1632653061222,13080.3330078125,32.75,5.699999809265137,20717.06640625,26.950000762939453,5.5,4.7166666984558105,31.700000762939453,26227.333984375,2841.942857142857,0.5754523873329163,24.52595329284668,179.6,1491.497802734375,1894.2572021484375,-0.2628571391105652,966.2,3,518,1,1,0,31,7,61
0,173.0,0.4811858534812927,267.0,4.0,260.0,4154.0,239.53061224489775,11696.1669921875,29.5,9.933333396911621,20657.8828125,25.733333587646484,5.300000190734863,4.699999809265137,37.349998474121094,26206.166015625,2839.6857142857143,0.586904764175415,24.765357971191406,183.22857142857143,1494.638427734375,1884.4857177734375,-0.2745714485645294,970.2285714285714,1,518,1,1,0,31,9,72
0,210.0,0.8369441032409668,267.0,4.0,260.0,1075.0,250.20408163265287,11516.6669921875,30.0,8.566666603088379,21367.3828125,26.5,6.199999809265137,4.550000190734863,34.33333206176758,28942.166015625,2857.542857142857,0.5823809504508972,24.663808822631836,187.31428571428572,1504.705810546875,1855.05712890625,-0.29671430587768555,969.5428571428571,0,518,1,1,0,41,7,96
0,165.0,0.543899655342102,267.0,4.0,260.0,1268.0,238.69387755102025,11685.3330078125,29.766666412353516,3.933333396911621,20184.30078125,25.03333282470703,4.699999809265137,4.75,37.86666488647461,22383.333984375,2857.8571428571427,0.6008333563804626,24.989166259765625,189.68571428571428,1504.33154296875,1843.4285888671875,-0.278809517621994,977.1714285714286,1,518,1,1,0,31,9,67
0,257.0,0.16077536344528198,267.0,4.0,260.0,2359.0,239.18367346938766,12476.0,30.383333206176758,3.5,19783.06640625,24.5,5.0,4.599999904632568,35.29999923706055,21093.333984375,2869.0,0.5998809337615967,24.914762496948242,188.05714285714285,1502.7725830078125,1842.1142578125,-0.29811903834342957,977.5714285714286,1,518,1,1,0,41,5,100
0,245.0,0.5621436834335327,267.0,4.0,260.0,1416.0,247.79591836734681,12877.888671875,29.86111068725586,10.977777481079102,18060.25,24.2277774810791,4.900000095367432,4.599999904632568,39.161109924316406,18962.66796875,2895.0,0.61814284324646,25.218929290771484,190.82857142857142,1503.3992919921875,1827.028564453125,-0.31199997663497925,984.0857142857143,1,518,1,1,0,31,9,105
0,40.0,0.45496007800102234,267.0,4.0,260.0,8435.0,233.55102040816314,9541.2783203125,28.344444274902344,4.394444465637207,19763.87109375,27.72222328186035,4.599999904632568,4.633333206176758,35.122222900390625,23754.943359375,2894.657142857143,0.6181190609931946,25.080951690673828,188.28571428571428,1507.178955078125,1839.82861328125,-0.34519046545028687,987.9142857142857,3,518,1,0,0,11,9,14
0,129.0,0.2782212197780609,267.0,4.0,260.0,7349.0,231.59183673469377,12135.5,31.149999618530273,4.300000190734863,20114.849609375,25.91666603088379,4.300000190734863,4.800000190734863,38.31666564941406,21687.333984375,2852.4285714285716,0.6362142562866211,25.261070251464844,195.31428571428572,1517.995849609375,1833.914306640625,-0.34745240211486816,990.8857142857142,4,518,1,0,0,31,3,46
0,40.0,0.3055872321128845,267.0,4.0,260.0,2925.0,230.8979591836733,11294.0,34.71666717529297,5.883333206176758,18550.017578125,26.299999237060547,5.300000190734863,4.599999904632568,35.0,24134.333984375,2997.714285714286,0.6291190385818481,25.084524154663086,188.62857142857143,1514.801513671875,1846.94287109375,-0.39014285802841187,991.4857142857143,3,518,1,0,0,31,4,13
0,161.0,0.23489168286323547,267.0,4.0,260.0,3043.0,230.73469387755085,12834.0,30.899999618530273,4.150000095367432,18840.833984375,23.899999618530273,4.599999904632568,4.800000190734863,37.900001525878906,24690.666015625,3077.4,0.6594047546386719,25.52595329284668,193.05714285714285,1519.4910888671875,1832.6285400390625,-0.37980952858924866,1003.5428571428571,2,518,1,0,0,21,6,54
0,233.19166145987703,0.5188141465187073,267.0,4.0,260.0,1152.0,232.91836734693862,13825.0,34.46666717529297,5.416666507720947,20610.19921875,28.066667556762695,5.300000190734863,4.766666889190674,35.79999923706055,23464.333984375,3120.8571428571427,0.6377618908882141,25.216428756713867,192.42857142857142,1516.993896484375,1839.142822265625,-0.37590476870536804,993.2571428571429,2,518,1,0,0,31,6,97
0,129.0,0.0011402508243918419,267.0,4.0,260.0,3745.0,235.53061224489775,13929.6669921875,30.78333282470703,5.566666603088379,19479.94921875,24.266666412353516,4.599999904632568,4.699999809265137,40.04999923706055,22072.166015625,3195.542857142857,0.6653809547424316,25.508689880371094,194.02857142857144,1522.5484619140625,1841.800048828125,-0.40716665983200073,1006.9428571428572,2,518,1,0,0,41,14,51
0,135.0,0.7525655627250671,267.0,4.0,260.0,1065.0,241.55102040816308,13685.8330078125,29.149999618530273,7.266666889190674,17746.783203125,23.450000762939453,4.900000095367432,4.800000190734863,37.20000076293945,21405.166015625,3305.2285714285713,0.66009521484375,25.387142181396484,197.88571428571427,1526.98779296875,1837.4857177734375,-0.44426190853118896,1002.3428571428572,0,518,1,0,1,31,10,52
0,180.0,0.8620296716690063,267.0,4.0,260.0,1045.0,247.69387755102022,13048.5,31.03333282470703,8.100000381469727,18111.43359375,22.133333206176758,4.5,4.949999809265137,39.36666488647461,22276.0,3370.057142857143,0.6653095483779907,25.448095321655273,201.17142857142858,1528.9200439453125,1829.8857421875,-0.4520476162433624,1001.4285714285714,0,518,1,0,1,41,3,82
0,215.0,0.6795895099639893,267.0,4.0,260.0,1455.0,248.08163265306106,14538.0,31.25,9.283333778381348,18166.833984375,22.149999618530273,4.900000095367432,4.800000190734863,38.38333511352539,22419.333984375,3185.8571428571427,0.7040238380432129,25.743213653564453,216.68571428571428,1537.209716796875,1824.17138671875,-0.6911428570747375,1006.0285714285715,0,518,1,0,1,41,26,100
0,207.0,0.4241733253002167,267.0,4.0,260.0,1695.0,247.408163265306,12632.1669921875,31.5,5.083333492279053,19120.94921875,21.46666717529297,4.099999904632568,4.699999809265137,37.38333511352539,20424.5,3216.1428571428573,0.7270952463150024,25.880596160888672,212.74285714285713,1539.12744140625,1843.857177734375,-0.7642381191253662,1019.9142857142857,1,518,1,0,0,31,28,78
0,42.0,0.3158494830131531,267.0,4.0,260.0,3319.0,242.61224489795904,10729.0,31.683332443237305,5.900000095367432,16401.8671875,22.983333587646484,4.400000095367432,4.75,36.78333282470703,20674.666015625,3219.6,0.7329285740852356,25.845476150512695,212.9142857142857,1540.2652587890625,1847.0,-0.8208571672439575,1022.2571428571429,2,518,1,0,0,31,1,18
0,281.0,0.20638540387153625,267.0,4.0,260.0,3763.0,236.51020408163254,11944.0,32.81666564941406,6.7833333015441895,19351.75,26.149999618530273,4.900000095367432,4.699999809265137,36.150001525878906,23993.166015625,3218.0,0.7404761910438538,25.836904525756836,214.62857142857143,1539.518798828125,1842.5428466796875,-0.8768095374107361,1027.2,0,518,1,0,0,31,12,112
0,73.0,0.28164196014404297,267.0,4.0,260.0,4256.0,224.89795918367335,13181.5,29.483333587646484,8.25,16622.017578125,20.483333587646484,4.099999904632568,4.75,37.18333435058594,18634.0,3191.657142857143,0.7612618803977966,26.146190643310547,221.65714285714284,1545.576904296875,1833.5714111328125,-0.9126666784286499,1034.142857142857,1,518,1,0,0,31,2,29
0,132.0,0.19384264945983887,267.0,4.0,260.0,12007.0,220.63265306122435,11746.5,31.933332443237305,6.816666603088379,20142.8828125,24.383333206176758,5.099999904632568,4.75,37.71666717529297,24194.833984375,3195.457142857143,0.7659761905670166,26.082975387573242,220.88571428571427,1546.2125244140625,1832.7142333984375,-0.9285714626312256,1035.3428571428572,2,518,1,0,0,31,2,51
0,117.0,0.2964652180671692,267.0,4.0,260.0,18055.0,211.0612244897958,14282.8330078125,31.28333282470703,10.5,21316.333984375,22.683332443237305,4.400000095367432,4.900000095367432,38.63333511352539,22040.333984375,3157.8285714285716,0.7780476212501526,26.239643096923828,231.14285714285714,1556.0941162109375,1805.857177734375,-0.9112619161605835,1031.942857142857,0,518,1,0,0,21,8,48
0,148.0,0.23945267498493195,267.0,4.0,260.0,16245.0,207.87755102040796,13343.1669921875,26.066667556762695,7.983333110809326,18255.6171875,23.933332443237305,5.400000095367432,4.900000095367432,39.38333511352539,29045.333984375,3111.4285714285716,0.7843571305274963,26.27726173400879,231.31428571428572,1561.0125732421875,1793.05712890625,-0.9624761939048767,1033.5142857142857,0,518,1,0,0,31,8,59
0,212.0,0.11402508616447449,267.0,4.0,260.0,11204.0,202.2244897959182,11158.0,31.366666793823242,7.7166666984558105,23021.767578125,23.316667556762695,4.400000095367432,4.900000095367432,37.20000076293945,21034.333984375,3075.942857142857,0.7998809814453125,26.410120010375977,236.9142857142857,1562.206298828125,1785.94287109375,-0.970047652721405,1033.3142857142857,7,518,1,0,0,11,12,89
0,168.0,0.14367160201072693,267.0,4.0,260.0,1320.0,195.53061224489778,11133.8330078125,29.683332443237305,7.7166666984558105,18008.18359375,22.016666412353516,4.199999809265137,4.699999809265137,42.849998474121094,22104.0,3030.7428571428572,0.7753809690475464,26.003808975219727,235.25714285714287,1553.9837646484375,1778.857177734375,-0.9890952110290527,1023.5142857142857,2,518,1,0,0,31,4,64
0,155.0,0.02508551813662052,267.0,4.0,229.0,4568.0,191.48979591836718,10656.3330078125,31.100000381469727,14.283333778381348,19430.56640625,24.066667556762695,4.800000190734863,4.75,34.16666793823242,26986.333984375,3002.0,0.7723095417022705,25.77214241027832,234.77142857142857,1555.2789306640625,1780.028564453125,-1.009785771369934,1022.2285714285714,4,518,1,0,0,41,9,74
0,168.0,0.22120866179466248,267.0,4.0,260.0,6940.0,187.1836734693876,11957.3330078125,32.29999923706055,12.533333778381348,20514.216796875,25.049999237060547,4.900000095367432,4.699999809265137,39.849998474121094,22046.833984375,2934.6857142857143,0.8013333082199097,26.140357971191406,244.0857142857143,1561.9857177734375,1761.7427978515625,-1.004690408706665,1030.142857142857,0,518,1,0,0,21,3,78
0,68.0,0.0022805016487836838,267.0,4.0,229.0,10403.0,182.32653061224477,13887.3330078125,31.66666603088379,6.400000095367432,17522.916015625,23.0,4.699999809265137,4.849999904632568,36.900001525878906,26516.166015625,2866.9142857142856,0.8542618751525879,26.656904220581055,257.8857142857143,1576.82080078125,1735.228515625,-1.027833342552185,1042.3428571428572,0,481,1,0,0,21,16,32
0,121.0,0.10034207254648209,267.0,4.0,260.0,20414.0,178.81632653061214,11046.3330078125,28.100000381469727,8.083333015441895,16908.232421875,22.383333206176758,4.199999809265137,4.849999904632568,40.58333206176758,16466.666015625,2938.4,0.8643333315849304,26.701427459716797,260.1142857142857,1583.6109619140625,1712.5999755859375,-1.0662143230438232,1042.6857142857143,1,518,1,0,0,21,7,48
0,110.0,0.07297605276107788,267.0,4.0,260.0,27692.0,175.20408163265301,10526.888671875,28.872222900390625,8.183333396911621,17626.560546875,21.605554580688477,4.133333206176758,4.9277777671813965,41.00555419921875,16472.833984375,2975.114285714286,0.8907381296157837,26.914047241210938,265.14285714285717,1588.650390625,1693.085693359375,-1.0904285907745361,1049.142857142857,0,518,1,0,0,41,7,51
0,131.0,0.10034207254648209,267.0,4.0,260.0,26356.0,174.16326530612238,9368.0,25.950000762939453,4.933333396911621,18408.232421875,20.866666793823242,3.700000047683716,4.849999904632568,42.06666564941406,15576.3330078125,3063.7428571428572,0.893761932849884,26.873332977294922,265.6857142857143,1587.94775390625,1691.3714599609375,-1.1272857189178467,1050.2857142857142,0,518,1,0,0,21,8,57
0,101.0,0.0,267.0,4.0,260.0,21686.0,172.0612244897959,8324.0,31.5,5.900000095367432,18856.017578125,21.866666793823242,4.300000190734863,4.849999904632568,41.599998474121094,17746.5,3102.6,0.8927857279777527,26.89988136291504,269.6,1584.168701171875,1653.4000244140625,-1.1449047327041626,1042.5714285714287,2,518,1,0,0,21,3,51
0,33.0,0.0,267.0,4.0,260.0,20924.0,170.30612244897964,8125.66650390625,29.41666603088379,6.016666889190674,18627.06640625,21.33333396911621,4.199999809265137,4.900000095367432,39.66666793823242,16586.333984375,3140.542857142857,0.883642852306366,26.818809509277344,267.57142857142856,1581.141845703125,1645.2572021484375,-1.158738136291504,1039.942857142857,4,518,1,0,0,34,5,13
0,90.0,0.0,267.0,4.0,260.0,13995.0,170.83673469387756,24559.666015625,30.700000762939453,9.766666412353516,19142.267578125,23.28333282470703,5.099999904632568,4.849999904632568,38.400001525878906,22725.666015625,3186.9714285714285,0.9102619290351868,26.825714111328125,271.7142857142857,1589.904052734375,1638.0,-1.221928596496582,1047.2571428571428,0,518,1,0,0,21,8,38
0,108.0,0.6978335380554199,267.0,4.0,260.0,1190.0,171.87755102040813,9353.8330078125,27.616666793823242,10.350000381469727,19804.466796875,23.433332443237305,4.599999904632568,5.050000190734863,41.45000076293945,17914.0,3220.5714285714284,0.8963333368301392,26.564285278320312,275.0571428571429,1591.111083984375,1600.5999755859375,-1.2342618703842163,1034.4571428571428,0,518,1,1,0,21,1,42
0,92.0,0.34891676902770996,267.0,4.0,260.0,4745.0,173.22448979591834,9225.1669921875,31.616666793823242,7.183333396911621,18338.599609375,23.0,4.599999904632568,4.900000095367432,41.650001525878906,21649.0,3261.5714285714284,0.8979047536849976,26.56166648864746,272.74285714285713,1587.8240966796875,1607.4571533203125,-1.249404788017273,1039.2857142857142,2,518,1,0,0,21,1,35
0,97.0,0.07753705978393555,267.0,4.0,260.0,6258.0,172.204081632653,8151.0,32.06666564941406,5.766666889190674,19799.81640625,20.91666603088379,4.300000190734863,4.883333206176758,42.46666717529297,17189.166015625,3274.9142857142856,0.9026904702186584,26.598690032958984,274.37142857142857,1587.6728515625,1607.5714111328125,-1.2623571157455444,1038.942857142857,0,518,1,0,0,31,13,37
0,27.0,0.03648802638053894,267.0,4.0,260.0,4025.0,168.99999999999994,8900.3330078125,29.233333587646484,9.550000190734863,19629.68359375,22.116666793823242,4.0,4.883333206176758,34.79999923706055,17954.666015625,3289.3714285714286,0.8851666450500488,26.31166648864746,275.0857142857143,1595.4158935546875,1584.085693359375,-1.2652618885040283,1032.6571428571428,0,518,1,0,0,31,2,11
0,112.0,0.026225769892334938,267.0,4.0,260.0,9318.0,161.5102040816325,9621.5,27.91666603088379,7.0333333015441895,19230.94921875,21.75,4.099999904632568,5.083333492279053,42.516666412353516,19821.0,3333.1428571428573,0.8962380886077881,26.225833892822266,280.0285714285714,1604.43017578125,1565.6571044921875,-1.2999285459518433,1033.857142857143,1,518,1,0,0,21,18,47
0,162.0,0.3728620409965515,267.0,4.0,260.0,8189.0,157.2244897959182,9159.3330078125,25.733333587646484,6.733333110809326,19808.833984375,21.700000762939453,4.099999904632568,5.083333492279053,47.68333435058594,18868.0,3402.342857142857,0.9219762086868286,26.413333892822266,282.74285714285713,1606.3055419921875,1559.4857177734375,-1.3145238161087036,1037.9714285714285,1,518,1,0,0,31,9,64
0,149.0,0.20752565562725067,267.0,4.0,229.0,7170.0,161.4999999999999,9604.0,28.28333282470703,7.0,23080.80078125,21.53333282470703,3.799999952316284,4.7833333015441895,42.93333435058594,16974.0,3473.6285714285714,0.9481905102729797,26.71666717529297,298.54285714285714,1625.140625,1522.1142578125,-1.336976170539856,1041.4857142857143,1,518,1,0,0,41,9,69
1,104.0,0.5245153903961182,286.0,2.0,313.0,1471.0,330.4897959183672,16577.0,35.63333511352539,0.949999988079071,21549.900390625,24.566667556762695,4.400000095367432,4.150000095367432,29.91666603088379,32392.166015625,1102.7428571428572,0.6395714282989502,25.945476531982422,20.057142857142857,1318.9765625,2572.45703125,-0.5054999589920044,1009.8857142857142,0,505,1,1,0,41,3,42
0,477.0,0.6351197361946106,286.0,2.0,313.0,1299.0,338.95918367346917,18204.0,31.705554962158203,2.0333333015441895,24990.43359375,25.077777862548828,5.099999904632568,4.255555629730225,34.13333511352539,33206.5,1129.057142857143,0.654619038105011,25.906309127807617,23.428571428571427,1321.4456787109375,2556.39990234375,-0.6426428556442261,1011.0571428571428,0,505,1,1,0,42,22,210
1,223.0,0.5598631501197815,286.0,2.0,313.0,1099.0,339.77551020408134,15758.0,38.266666412353516,0.6833333373069763,26821.517578125,25.25,4.400000095367432,4.400000095367432,34.25,22909.666015625,1170.5142857142857,0.6840000152587891,26.0622615814209,29.17142857142857,1330.588623046875,2532.94287109375,-0.7844047546386719,1017.9428571428572,0,505,1,1,0,31,27,85
0,418.0,0.6773090362548828,286.0,2.0,313.0,1701.0,338.1836734693875,14897.0,35.81666564941406,0.6000000238418579,21913.80078125,24.25,4.199999809265137,4.25,31.600000381469727,25952.833984375,1174.6857142857143,0.6853571534156799,26.034286499023438,30.34285714285714,1329.033203125,2532.742919921875,-0.7959047555923462,1016.1428571428571,0,505,1,1,0,41,7,162
0,285.0,0.6134549379348755,286.0,2.0,313.0,1125.0,317.14285714285694,18871.666015625,33.25,0.13333334028720856,18910.93359375,24.450000762939453,5.400000095367432,4.083333492279053,36.516666412353516,24217.166015625,1407.3714285714286,0.6921904683113098,26.12928581237793,38.6,1333.8585205078125,2599.257080078125,-1.2224524021148682,1016.0571428571428,0,505,1,0,1,31,20,138
0,388.0,0.9543899893760681,286.0,2.0,296.0,1057.0,323.63265306122435,20354.5,31.450000762939453,1.4500000476837158,17396.099609375,25.799999237060547,5.5,4.050000190734863,34.266666412353516,24864.833984375,1456.6,0.6516428589820862,25.98642921447754,41.34285714285714,1336.734619140625,2649.571533203125,-1.1911427974700928,1008.6857142857143,0,474,1,0,1,41,35,185
1,223.0,0.6864309906959534,286.0,2.0,296.0,1133.0,284.877551020408,20357.333984375,27.883333206176758,2.0166666507720947,20760.533203125,26.816667556762695,5.099999904632568,3.9833333492279053,35.31666564941406,27912.666015625,1504.6857142857143,0.625333309173584,26.056428909301758,48.05714285714286,1325.2052001953125,2599.6572265625,-1.0148333311080933,994.6571428571428,0,474,1,0,1,42,18,105
1,319.0,0.3968072831630707,286.0,2.0,296.0,4503.0,277.8979591836733,18111.833984375,34.06666564941406,1.0,17943.43359375,26.266666412353516,5.300000190734863,4.083333492279053,36.099998474121094,25456.833984375,1474.2,0.629880964756012,26.25583267211914,46.48571428571429,1323.7685546875,2588.857177734375,-1.0539524555206299,999.1428571428571,0,496,1,0,1,42,3,118
1,254.0,0.2497149407863617,286.0,2.0,296.0,7762.0,277.5102040816326,,,,,,,,,,1501.5428571428572,0.6310238242149353,26.2834529876709,49.42857142857143,1324.1375732421875,2567.8857421875,-0.9702857136726379,996.9428571428572,0,474,1,0,1,41,21,85
0,467.0,0.46408209204673767,286.0,2.0,296.0,1187.0,305.75510204081604,17937.27734375,32.71110916137695,0.5,20223.43359375,28.488889694213867,5.366666793823242,4.083333492279053,31.266666412353516,25323.611328125,1735.7714285714285,0.6107618808746338,26.456666946411133,43.74285714285714,1317.5672607421875,2601.485595703125,-0.41585713624954224,1000.9428571428572,0,474,1,0,0,31,14,218
0,340.0,0.7776510715484619,286.0,2.0,296.0,1199.0,317.7346938775508,21528.0,33.13333511352539,1.2333333492279053,19467.80078125,28.066667556762695,6.199999809265137,4.0333333015441895,36.53333282470703,27442.666015625,2017.4,0.6129761934280396,26.536666870117188,43.857142857142854,1324.6837158203125,2722.05712890625,0.16730952262878418,1006.9428571428572,0,474,1,0,0,31,34,156
1,199.0,0.022805016487836838,286.0,2.0,285.0,4086.0,272.0612244897956,19396.0,34.07777786254883,0.6111111044883728,21519.400390625,27.416667938232422,5.900000095367432,4.22777795791626,22.10555648803711,53567.6640625,2261.1428571428573,0.6521428227424622,26.95511817932129,46.714285714285715,1353.6529541015625,2831.6572265625,0.3312142789363861,1033.3142857142857,0,496,1,1,0,31,8,69
0,111.0,0.46294185519218445,286.0,2.0,296.0,1659.0,272.0612244897956,20146.22265625,31.683332443237305,3.5333333015441895,20963.20703125,25.350000381469727,5.300000190734863,4.183333396911621,28.149999618530273,32065.9453125,2268.9142857142856,0.6526666879653931,26.926191329956055,46.94285714285714,1356.6080322265625,2814.428466796875,0.30792856216430664,1034.1714285714286,0,496,1,0,0,31,9,36
1,258.0,0.03990878164768219,286.0,2.0,285.0,3334.0,266.612244897959,18001.0,32.83333206176758,0.5833333134651184,21255.099609375,27.75,5.900000095367432,4.2833333015441895,18.883333206176758,26322.333984375,2282.0,0.6596190333366394,27.019046783447266,48.31428571428572,1356.29248046875,2762.82861328125,0.3044285774230957,1035.142857142857,0,496,1,1,0,21,21,102
1,164.0,0.3774230182170868,286.0,2.0,296.0,2260.0,266.02040816326513,18571.833984375,36.13333511352539,2.3499999046325684,23654.0,27.100000381469727,6.5,4.383333206176758,21.200000762939453,40252.16796875,2259.9142857142856,0.6617618799209595,27.0242862701416,52.542857142857144,1363.0904541015625,2667.28564453125,0.31326189637184143,1035.5428571428572,0,496,1,1,0,21,19,57
1,279.0,0.006841504946351051,286.0,2.0,285.0,2967.0,255.97959183673447,20755.0,32.56666564941406,1.2000000476837158,21507.1328125,26.683332443237305,5.0,4.383333206176758,20.566667556762695,24614.666015625,2315.4285714285716,0.6552618741989136,26.926786422729492,57.82857142857143,1362.6778564453125,2589.514404296875,0.2651904821395874,1027.5428571428572,0,496,1,0,0,31,31,113
1,207.0,0.15735462307929993,286.0,2.0,285.0,8016.0,258.5918367346936,18749.833984375,35.772220611572266,4.327777862548828,22089.18359375,26.799999237060547,5.5333333015441895,4.583333492279053,17.188888549804688,41331.66796875,2272.6,0.656499981880188,26.973094940185547,61.22857142857143,1369.879150390625,2505.028564453125,0.3000476062297821,1029.7714285714285,0,496,1,0,1,41,18,68
1,234.50074781859266,0.01824401319026947,286.0,2.0,285.0,10198.0,255.34693877550998,22353.166015625,33.96666717529297,3.0166666507720947,20791.333984375,27.616666793823242,5.099999904632568,4.483333110809326,16.566667556762695,23795.5,2311.057142857143,0.6609285473823547,26.972261428833008,64.31428571428572,1374.5682373046875,2493.71435546875,0.2562381327152252,1030.3714285714286,0,496,1,0,1,31,16,84
1,208.0,0.28848347067832947,286.0,2.0,285.0,1241.0,258.87755102040796,19499.666015625,32.766666412353516,2.2833333015441895,18989.3828125,24.950000762939453,5.099999904632568,4.2833333015441895,17.899999618530273,24381.166015625,2332.7714285714287,0.6589523553848267,26.901071548461914,74.71428571428571,1378.9176025390625,2366.45703125,0.18164286017417908,1020.9142857142857,0,496,1,0,1,41,6,89
1,341.0,0.352337509393692,286.0,2.0,272.0,1147.0,261.7142857142856,17955.833984375,40.93333435058594,6.016666889190674,20172.8828125,26.066667556762695,4.800000190734863,4.2833333015441895,22.25,25214.5,2300.4,0.6743095517158508,27.03369140625,76.28571428571429,1387.646240234375,2323.142822265625,0.2050476223230362,1029.1714285714286,0,497,1,0,1,41,18,150
1,392.0,0.0,286.0,2.0,272.0,3548.0,269.79591836734676,19536.0,34.766666412353516,2.8333332538604736,21551.25,23.91666603088379,5.199999809265137,4.2833333015441895,14.649999618530273,26481.5,2336.5714285714284,0.6903809309005737,27.105714797973633,82.6,1394.224609375,2278.82861328125,0.13164286315441132,1030.1142857142856,0,497,1,0,0,24,17,149
1,370.0,0.0,286.0,2.0,272.0,2271.0,270.06122448979573,21167.0,32.650001525878906,3.0166666507720947,23329.75,23.600000381469727,5.300000190734863,4.383333206176758,14.5,32122.333984375,2328.285714285714,0.6938333511352539,27.132856369018555,82.17142857142858,1396.095703125,2281.0,0.15297618508338928,1032.5714285714287,0,497,1,0,0,34,18,131
0,219.0,0.6202964782714844,296.0,3.0,272.0,1147.0,268.1224489795917,15106.8330078125,27.016666412353516,2.9666666984558105,16644.6328125,22.566667556762695,4.300000190734863,4.050000190734863,22.549999237060547,20410.833984375,2362.0,0.7192142605781555,27.140594482421875,91.85714285714286,1421.9771728515625,2118.485595703125,0.027619048953056335,1043.2,1,497,1,0,1,42,21,81
0,131.0,0.704675018787384,296.0,3.0,272.0,1109.0,268.1224489795917,15103.6669921875,25.266666412353516,4.25,17038.083984375,23.983333587646484,4.699999809265137,4.133333206176758,22.21666717529297,21363.166015625,2362.0,0.7192142605781555,27.140594482421875,91.85714285714286,1421.9771728515625,2118.485595703125,0.027619048953056335,1043.2,3,497,1,0,1,42,6,45
0,241.0,0.8323830962181091,296.0,3.0,272.0,1092.0,261.63265306122435,15947.1669921875,34.54999923706055,3.2333333492279053,19440.1171875,25.399999618530273,4.699999809265137,4.0333333015441895,26.71666717529297,26700.333984375,2406.6857142857143,0.7405475974082947,27.237619400024414,96.34285714285714,1421.111083984375,2045.0,0.020476194098591805,1041.6285714285714,0,497,1,0,1,34,35,106
0,359.0,0.4104903042316437,296.0,3.0,272.0,1274.0,265.1836734693876,13135.1669921875,31.21666717529297,3.7666666507720947,22056.75,23.866666793823242,4.5,4.083333492279053,23.03333282470703,28100.833984375,2449.8571428571427,0.7597380876541138,27.3367862701416,98.71428571428571,1422.31103515625,2009.857177734375,0.015619056299328804,1043.7142857142858,0,497,1,0,1,42,6,159
1,314.0,0.26681870222091675,296.0,3.0,271.0,2461.0,270.5306122448978,12944.8330078125,30.0,3.5333333015441895,16396.982421875,22.450000762939453,4.099999904632568,4.083333492279053,23.566667556762695,20909.0,2492.4285714285716,0.7831666469573975,27.49333381652832,98.68571428571428,1421.8858642578125,2050.1142578125,0.030500011518597603,1048.7714285714285,0,482,1,0,0,31,9,120
1,354.0,0.03876852989196777,296.0,3.0,271.0,2715.0,270.5306122448978,13521.5,28.66666603088379,4.483333110809326,17817.150390625,22.350000381469727,4.199999809265137,4.150000095367432,22.433332443237305,21521.166015625,2510.8,0.7870952486991882,27.531190872192383,97.48571428571428,1425.556884765625,2077.314208984375,0.03423810005187988,1053.4285714285713,0,482,1,0,0,41,8,130
1,98.0,0.35575827956199646,296.0,3.0,271.0,3434.0,274.20408163265284,13943.0,34.61666488647461,6.116666793823242,19228.05078125,23.399999618530273,4.599999904632568,4.050000190734863,19.5,20365.0,2594.5142857142855,0.791857123374939,27.54511833190918,88.48571428571428,1429.5634765625,2243.45703125,0.09159523248672485,1066.2857142857142,0,482,1,0,0,41,1,43
0,232.19793961214975,0.5963512063026428,296.0,3.0,271.0,1258.0,274.20408163265284,15123.5,31.58333396911621,4.916666507720947,16922.19921875,24.450000762939453,4.800000190734863,4.050000190734863,22.183332443237305,24103.0,2638.457142857143,0.7972142696380615,27.56166648864746,85.17142857142858,1423.431396484375,2285.142822265625,0.13349999487400055,1066.1714285714286,0,482,1,0,0,41,26,87
1,115.0,0.01254275906831026,296.0,3.0,278.33333333340283,2892.0,275.0204081632651,13489.8330078125,36.488887786865234,3.6500000953674316,19777.8125,24.738889694213867,5.166666507720947,4.066666603088379,18.761112213134766,45773.72265625,2685.4285714285716,0.804023802280426,27.575000762939453,81.17142857142858,1418.5577392578125,2365.800048828125,0.0827857181429863,1069.2,1,482,1,0,0,34,3,43
1,186.0,0.019384264945983887,296.0,3.0,271.0,3199.0,274.8367346938774,14976.27734375,37.416664123535156,5.77222204208374,20216.166015625,25.005556106567383,4.833333492279053,4.133333206176758,26.094444274902344,22529.666015625,2688.714285714286,0.8171904683113098,27.6971435546875,79.94285714285714,1422.7880859375,2435.571533203125,0.15042856335639954,1076.8285714285714,0,482,1,0,0,21,4,64
0,248.0,0.4925883710384369,296.0,3.0,293.0,1358.0,274.71428571428555,16753.5546875,36.333335876464844,6.388888835906982,19250.255859375,24.22222328186035,4.9666666984558105,4.0,30.19444465637207,23554.888671875,2739.8,0.814047634601593,27.61618995666504,79.42857142857143,1425.0548095703125,2480.485595703125,0.13352380692958832,1076.857142857143,0,476,1,0,0,21,33,94
0,199.0,0.3648802638053894,296.0,3.0,293.0,1433.0,272.3877551020406,18084.0,33.11666488647461,7.916666507720947,19180.916015625,23.75,5.199999809265137,4.0,34.016666412353516,27191.666015625,2752.057142857143,0.8222619295120239,27.663928985595703,79.48571428571428,1425.9324951171875,2520.628662109375,0.18571430444717407,1079.4,0,476,1,0,0,21,32,78
1,252.78696727915545,0.5906499624252319,296.0,3.0,293.0,1164.0,268.4897959183672,14030.3330078125,32.233333587646484,3.066666603088379,18806.06640625,22.733333587646484,5.400000095367432,4.099999904632568,36.56666564941406,24211.333984375,2813.3714285714286,0.8291904926300049,27.66154670715332,78.51428571428572,1420.1243896484375,2544.8857421875,0.26623809337615967,1079.0285714285715,0,476,1,0,0,42,20,112
1,317.0,0.22576966881752014,296.0,3.0,293.0,2630.0,264.5102040816325,14720.0,34.83333206176758,4.4666666984558105,32206.80078125,24.91666603088379,4.800000190734863,4.099999904632568,27.799999237060547,25340.0,2931.7428571428572,0.8360714316368103,27.602500915527344,80.11428571428571,1411.304931640625,2557.257080078125,0.1914999932050705,1072.3428571428572,0,476,1,0,0,31,35,118
0,222.0,0.5062713623046875,296.0,3.0,293.0,1190.0,261.5714285714284,13048.6669921875,34.71666717529297,2.383333444595337,17542.19921875,25.16666603088379,5.199999809265137,4.050000190734863,42.766666412353516,24930.666015625,2919.6285714285714,0.8380476236343384,27.623332977294922,81.54285714285714,1412.1434326171875,2551.971435546875,0.2407619208097458,1071.8285714285714,0,476,1,0,0,31,35,79
0,305.0,0.6009122133255005,296.0,3.0,293.0,1320.0,258.9999999999998,16619.77734375,38.20000076293945,4.666666507720947,21282.93359375,25.894445419311523,6.300000190734863,3.9000000953674316,39.011112213134766,25643.388671875,2927.542857142857,0.8368809223175049,27.57904815673828,83.05714285714286,1413.48583984375,2544.771484375,0.2801428437232971,1070.4,0,476,1,0,0,24,35,137
1,178.0,0.0,296.0,3.0,293.0,2213.0,256.93877551020387,16410.333984375,38.03333282470703,5.300000190734863,20477.56640625,27.649999618530273,5.300000190734863,4.0,29.633333206176758,26207.666015625,2967.3142857142857,0.8423333168029785,27.600000381469727,83.4,1405.7783203125,2535.257080078125,0.35742855072021484,1066.3142857142857,0,476,1,0,0,34,34,63
0,236.11443383827407,0.43557581305503845,296.0,3.0,293.0,1472.0,261.8367346938774,13047.8330078125,36.43333435058594,3.4166667461395264,17333.18359375,23.58333396911621,5.199999809265137,4.099999904632568,40.849998474121094,51584.66796875,3018.285714285714,0.8611666560173035,27.61404800415039,94.37142857142857,1411.34716796875,2452.314208984375,0.4361666738986969,1060.2285714285715,1,476,1,0,1,21,9,85
1,213.0,0.11630558967590332,296.0,3.0,293.0,1431.0,261.8367346938774,14283.6669921875,42.25,3.4000000953674316,17461.583984375,22.549999237060547,5.400000095367432,4.099999904632568,35.53333282470703,23571.5,3030.8285714285716,0.8535476326942444,27.50428581237793,93.02857142857142,1402.2073974609375,2454.0,0.42666664719581604,1054.4857142857143,0,476,1,0,1,31,21,77
0,190.0,0.4378563165664673,296.0,3.0,293.0,4790.0,268.1632653061223,14675.5,45.099998474121094,3.4666666984558105,15996.150390625,25.049999237060547,6.0,4.0,33.43333435058594,24109.833984375,3039.114285714286,0.8591428399085999,27.47357177734375,92.37142857142857,1397.292724609375,2407.228515625,0.4390000104904175,1051.4285714285713,2,476,1,0,0,24,2,77
0,134.0,0.01824401319026947,296.0,3.0,293.0,2543.0,269.2653061224488,14465.5,42.58333206176758,2.700000047683716,16564.732421875,24.66666603088379,5.900000095367432,3.9833333492279053,33.41666793823242,23093.666015625,3043.542857142857,0.8573333621025085,27.43488121032715,93.05714285714286,1398.473388671875,2405.1142578125,0.4429762065410614,1050.9714285714285,1,476,1,0,0,24,2,50
0,172.0,0.14709235727787018,296.0,3.0,293.0,1672.0,271.12244897959164,14757.111328125,40.35555648803711,4.4555559158325195,16194.8779296875,24.383333206176758,5.833333492279053,4.133333206176758,34.13888931274414,24059.5546875,3038.1428571428573,0.8616190552711487,27.443571090698242,95.17142857142858,1394.5396728515625,2381.314208984375,0.4452381134033203,1047.3428571428572,4,476,1,0,0,21,1,72
0,167.0,0.9407069683074951,296.0,3.0,293.0,1041.0,322.9591836734692,14262.6669921875,32.11666488647461,4.883333206176758,17493.833984375,22.983333587646484,5.199999809265137,4.050000190734863,32.11666488647461,22721.666015625,2908.0,0.928857147693634,27.27880859375,126.2,1387.2686767578125,2252.314208984375,0.1934523731470108,1018.8857142857142,0,476,1,0,1,31,13,89
0,299.9751227130701,0.7639680504798889,296.0,3.0,293.0,1193.0,329.4285714285712,12853.8330078125,28.88888931274414,2.711111068725586,15751.43359375,23.0,5.133333206176758,4.099999904632568,41.655555725097656,19325.111328125,2799.5714285714284,0.9416666626930237,27.153213500976562,131.0,1387.5765380859375,2271.857177734375,0.21502380073070526,1014.8285714285714,0,476,1,0,1,21,35,165
0,71.0,0.9281641840934753,296.0,3.0,293.0,1055.0,325.99999999999983,14691.1669921875,34.71666717529297,3.566666603088379,19594.68359375,22.78333282470703,4.900000095367432,4.183333396911621,37.5,20270.833984375,2764.8,0.9575952291488647,27.24380874633789,132.57142857142858,1386.7545166015625,2271.742919921875,0.2293333262205124,1015.9142857142857,0,476,1,0,0,42,7,39
0,22.0,0.9019384384155273,296.0,3.0,293.0,1084.0,325.99999999999983,13502.0,33.36666488647461,4.416666507720947,18755.6328125,23.53333282470703,4.900000095367432,4.050000190734863,38.68333435058594,18155.333984375,2764.8,0.9575952291488647,27.24380874633789,132.57142857142858,1386.7545166015625,2271.742919921875,0.2293333262205124,1015.9142857142857,0,476,1,0,0,41,4,12
0,359.0,0.4264538288116455,296.0,3.0,293.0,1222.0,317.0408163265303,12774.6669921875,34.91666793823242,2.799999952316284,20344.966796875,24.366666793823242,6.0,4.150000095367432,36.733333587646484,20138.0,2658.0285714285715,0.9720476269721985,27.25190544128418,138.34285714285716,1390.5654296875,2269.085693359375,0.22390475869178772,1016.3142857142857,2,476,1,0,0,41,1,140
0,235.0,0.06271379441022873,296.0,3.0,293.0,1611.0,317.0408163265303,14931.1669921875,40.31666564941406,4.050000190734863,24205.0,25.850000381469727,6.0,4.183333396911621,33.900001525878906,25711.0,2636.285714285714,0.9838333129882812,27.391427993774414,139.77142857142857,1391.850341796875,2268.82861328125,0.23471426963806152,1018.3714285714286,1,476,1,0,0,41,2,117
1,180.0,0.48460662364959717,296.0,3.0,293.0,1070.0,313.1428571428568,10840.1669921875,36.45000076293945,2.816666603088379,17714.31640625,25.350000381469727,4.900000095367432,4.183333396911621,35.0,47580.16796875,2594.0285714285715,0.9939047694206238,27.566308975219727,142.02857142857144,1412.36181640625,2242.94287109375,0.26045238971710205,1032.6,0,476,1,0,1,31,14,75
0,399.0,0.9543899893760681,296.0,3.0,283.0,1026.0,310.94557823133283,13441.6669921875,35.016666412353516,5.566666603088379,20594.30078125,23.25,4.599999904632568,4.199999809265137,35.43333435058594,19274.22265625,2564.285714285714,0.9724524021148682,27.359642028808594,133.85714285714286,1394.401611328125,2274.0,0.26616668701171875,1025.2,0,507,1,0,1,31,35,220
0,368.0,0.516533613204956,296.0,3.0,283.0,2012.0,310.46938775510176,12512.0,35.41666793823242,2.305555582046509,19163.98828125,23.566665649414062,4.633333206176758,4.150000095367432,38.627777099609375,18501.72265625,2568.7428571428572,0.9710476398468018,27.35249900817871,129.28571428571428,1391.9490966796875,2284.8857421875,0.25630953907966614,1028.4857142857143,0,507,1,0,1,21,24,175
0,320.76185390413235,0.7423033118247986,296.0,3.0,283.0,1218.0,310.6938775510201,13389.0,32.099998474121094,3.700000047683716,20591.767578125,24.21666717529297,4.400000095367432,4.099999904632568,41.13333511352539,22041.833984375,2579.6857142857143,0.9441190361976624,27.000476837158203,125.28571428571429,1392.619873046875,2295.485595703125,0.3009047508239746,1026.6,0,507,1,0,1,41,16,178
0,401.0,0.8312428593635559,296.0,3.0,283.0,1103.0,309.5306122448977,13573.3330078125,34.79999923706055,6.599999904632568,19194.533203125,28.5,7.199999809265137,4.199999809265137,34.21666717529297,21074.666015625,2550.457142857143,0.9481428861618042,27.10523796081543,129.28571428571428,1403.1812744140625,2287.628662109375,0.2974523901939392,1031.5714285714287,1,507,1,0,1,31,7,221
0,229.0,0.8973774313926697,296.0,3.0,283.0,1058.0,311.08163265306104,12482.3330078125,37.86666488647461,4.349999904632568,18332.783203125,28.5,6.099999904632568,4.25,34.56666564941406,22338.0,2550.457142857143,0.9481428861618042,27.10523796081543,129.28571428571428,1403.1812744140625,2287.628662109375,0.2974523901939392,1031.5714285714287,0,507,1,0,1,42,17,126
0,230.0,0.8107183575630188,296.0,3.0,283.0,1142.0,331.73469387755085,14147.0,33.233333587646484,3.9166667461395264,21780.400390625,25.399999618530273,4.900000095367432,4.150000095367432,34.25,21270.5,2547.8,0.9148571491241455,26.83571434020996,118.77142857142857,1403.9345703125,2365.05712890625,0.2865952253341675,1038.8285714285714,0,507,1,0,1,42,7,117
0,163.0,0.5256556272506714,296.0,3.0,283.0,1299.0,334.4081632653059,15776.1669921875,34.45000076293945,5.900000095367432,39869.93359375,25.816667556762695,5.300000190734863,4.099999904632568,34.53333282470703,26982.333984375,2534.6857142857143,0.9410714507102966,27.109880447387695,125.4,1411.7247314453125,2374.257080078125,0.36478570103645325,1043.8857142857144,1,507,1,0,1,31,11,78
0,346.0,0.7309008240699768,296.0,3.0,283.0,1100.0,336.08163265306104,15057.3330078125,33.099998474121094,2.299999952316284,19359.033203125,22.983333587646484,4.599999904632568,4.050000190734863,37.516666412353516,20630.5,2532.7714285714287,0.9398809671401978,27.107261657714844,122.45714285714286,1405.75,2405.257080078125,0.36164286732673645,1043.0285714285715,0,507,1,0,1,21,21,161
0,374.0,0.5667046904563904,296.0,3.0,283.0,1676.0,335.36734693877537,16896.666015625,35.233333587646484,3.0,19748.06640625,21.766666412353516,4.5,4.199999809265137,33.483333587646484,26893.0,2513.285714285714,0.93407142162323,27.049880981445312,124.14285714285714,1416.7205810546875,2450.685791015625,0.4130714237689972,1046.6,0,507,1,0,1,42,10,153
0,169.0,0.9293044209480286,296.0,3.0,283.0,1054.0,332.81632653061195,17736.333984375,30.983333587646484,4.233333110809326,19212.533203125,23.549999237060547,4.199999809265137,4.083333492279053,37.33333206176758,19851.666015625,2496.285714285714,0.9361428618431091,27.06571388244629,125.05714285714286,1419.7088623046875,2487.228515625,0.43957144021987915,1048.4857142857143,0,507,1,0,1,31,3,78
0,311.0,0.9213227033615112,296.0,3.0,283.0,1050.0,315.4693877551017,19945.333984375,34.25,5.199999809265137,24768.43359375,21.899999618530273,4.0,4.050000190734863,28.96666717529297,20378.666015625,2421.8571428571427,0.9008809328079224,26.750118255615234,130.05714285714285,1433.764404296875,2652.971435546875,0.3804047703742981,1050.0857142857142,1,507,1,0,1,31,23,172
0,173.0,0.6202964782714844,296.0,3.0,283.0,2236.0,315.36734693877526,19182.333984375,36.13333511352539,4.333333492279053,31575.533203125,21.933332443237305,4.400000095367432,4.050000190734863,26.53333282470703,21621.833984375,2435.0857142857144,0.8985952138900757,26.75857162475586,134.85714285714286,1433.07958984375,2646.39990234375,0.3152619004249573,1045.7142857142858,1,507,1,0,1,21,6,82
0,292.0,0.49030786752700806,296.0,3.0,283.0,1265.0,316.51020408163237,17101.166015625,35.21666717529297,3.383333444595337,25791.400390625,21.78333282470703,4.099999904632568,4.150000095367432,25.08333396911621,19912.833984375,2429.1428571428573,0.8867856860160828,26.60523796081543,137.31428571428572,1431.7071533203125,2618.39990234375,0.3076666593551636,1038.7142857142858,2,507,1,0,1,42,6,137
0,344.0,0.2508551776409149,296.0,3.0,283.0,1254.0,308.6938775510201,11140.3330078125,31.600000381469727,3.366666555404663,17339.533203125,21.016666412353516,3.799999952316284,4.183333396911621,40.71666717529297,19705.833984375,2377.8571428571427,0.7996428608894348,26.191429138183594,185.28571428571428,1458.2183837890625,2087.8857421875,-0.04004760831594467,992.4857142857143,1,507,1,0,1,41,7,176
1,321.0,0.5929304361343384,296.0,3.0,283.0,1481.0,305.38775510204056,12078.6669921875,30.133333206176758,3.0333333015441895,16157.1337890625,21.933332443237305,4.0,4.25,40.54999923706055,17329.666015625,2335.3714285714286,0.7706905007362366,26.05071449279785,196.68571428571428,1468.7408447265625,1974.4000244140625,-0.13371430337429047,984.2571428571429,1,507,1,0,1,42,9,144
0,215.0,0.5267959237098694,296.0,3.0,283.0,1795.0,304.2448979591834,15821.6669921875,30.683332443237305,5.316666603088379,25903.1328125,26.433332443237305,4.699999809265137,4.383333206176758,31.433332443237305,23728.666015625,2333.285714285714,0.7783095240592957,25.98714256286621,202.5142857142857,1470.0731201171875,1958.3143310546875,-0.31230950355529785,982.6571428571428,2,507,1,0,1,11,8,82
0,157.0,0.27936145663261414,296.0,3.0,283.0,1791.0,293.020408163265,14049.1669921875,29.450000762939453,3.7166666984558105,20129.150390625,23.28333282470703,4.300000190734863,4.4666666984558105,39.31666564941406,24698.666015625,2387.9142857142856,0.7642381191253662,25.773332595825195,196.02857142857144,1461.680419921875,1951.3143310546875,-0.4189523756504059,987.1714285714286,2,507,1,0,1,34,6,59
0,80.0,0.20524515211582184,296.0,3.0,283.0,1854.0,287.73469387755085,12219.1669921875,29.255556106567383,2.711111068725586,17468.337890625,23.133333206176758,4.400000095367432,4.416666507720947,37.00555419921875,20610.27734375,2395.7714285713755,0.7500634789466858,25.60309600830078,194.4190476190622,1466.3955078125,1943.4666748046875,-0.41525399684906006,985.8952380952235,2,507,1,0,1,31,4,29
0,185.0,0.9657924771308899,296.0,3.0,283.0,1058.0,283.6938775510202,11531.0,32.81666564941406,2.133333444595337,18309.533203125,25.200000762939453,4.800000190734863,4.583333492279053,32.766666412353516,21528.333984375,2398.7428571428572,0.7150952219963074,25.375,193.62857142857143,1481.2423095703125,1924.1142578125,-0.3332619071006775,984.7714285714286,0,507,1,0,1,21,1,94
0,,0.09920182079076767,296.0,3.0,283.0,1974.0,275.91836734693857,11760.6669921875,29.28333282470703,4.566666603088379,18863.599609375,21.016666412353516,3.9000000953674316,4.550000190734863,36.13333511352539,18610.666015625,2433.6285714285714,0.7277857065200806,25.749881744384766,185.0857142857143,1472.0269775390625,1923.5999755859375,-0.29954761266708374,990.8857142857142,3,507,1,0,1,21,2,
0,271.52037452539207,0.1288483440876007,296.0,3.0,283.0,1669.0,275.91836734693857,12437.3330078125,27.950000762939453,4.383333206176758,20492.1328125,21.700000762939453,4.300000190734863,4.449999809265137,37.31666564941406,23271.0,2440.3714285714286,0.7200475931167603,25.670238494873047,182.4,1471.4002685546875,1927.800048828125,-0.26626190543174744,990.2857142857143,0,507,1,0,1,21,10,111
0,201.0,0.6887115240097046,296.0,3.0,283.0,1187.0,271.3265306122447,13026.611328125,30.399999618530273,4.583333492279053,19588.62890625,22.049999237060547,3.9000000953674316,4.349999904632568,37.383331298828125,17265.388671875,2430.8285714285716,0.7051428556442261,25.525833129882812,183.05714285714285,1478.1072998046875,1929.199951171875,-0.16192857921123505,988.6857142857143,2,507,1,0,1,31,12,79
0,303.0,0.9532496929168701,296.0,3.0,283.0,1265.0,267.55102040816314,14698.3330078125,28.299999237060547,3.7666666507720947,19702.466796875,23.616666793823242,4.300000190734863,4.5,38.349998474121094,26008.333984375,2462.2285714285713,0.6848333477973938,25.37071418762207,173.0,1471.472412109375,1945.6285400390625,-0.07695239037275314,992.8285714285714,0,507,1,0,1,41,12,151
0,165.0,0.45724058151245117,267.0,4.0,283.0,1700.0,260.97959183673447,11701.5,30.75,6.183333396911621,19185.416015625,25.850000381469727,5.0,4.583333492279053,34.38333511352539,21742.333984375,2420.9142857142856,0.6744285821914673,25.403690338134766,183.4857142857143,1493.255615234375,1903.4000244140625,-0.1750476360321045,989.4285714285714,1,507,1,0,1,31,11,62
0,173.0,0.22462941706180573,267.0,4.0,283.0,1431.0,260.97959183673447,13723.5,30.266666412353516,4.7166666984558105,19854.767578125,23.700000762939453,5.099999904632568,4.650000095367432,36.08333206176758,20695.833984375,2430.6857142857143,0.6819047927856445,25.577619552612305,180.9142857142857,1492.45751953125,1910.6571044921875,-0.20188096165657043,996.0285714285715,1,507,1,0,1,41,9,66
0,126.0,0.0,267.0,4.0,283.0,1794.0,256.9795918367345,11008.8330078125,30.116666793823242,3.933333396911621,16212.1162109375,21.649999618530273,4.400000095367432,4.5,37.733333587646484,18029.0,2441.1714285714284,0.678428590297699,25.61833381652832,181.2,1492.231201171875,1907.2857666015625,-0.27454763650894165,995.5142857142857,1,507,1,0,1,31,13,52
0,147.0,0.04675028473138809,267.0,4.0,283.0,1610.0,250.85714285714266,11960.6669921875,28.566667556762695,3.0833332538604736,16640.56640625,21.75,4.0,4.383333206176758,42.03333282470703,19263.0,2478.2,0.6836428642272949,25.718929290771484,183.65714285714284,1494.7064208984375,1898.4285888671875,-0.26507145166397095,996.9714285714285,3,507,1,0,1,34,1,58
0,117.0,0.7844926118850708,267.0,4.0,283.0,1099.0,245.28571428571402,9991.7216796875,34.89444351196289,7.016666412353516,19134.27734375,26.71666717529297,5.333333492279053,4.599999904632568,31.97222328186035,24964.833984375,2560.057142857143,0.6455714106559753,25.307024002075195,179.54285714285714,1496.8131103515625,1899.82861328125,-0.3102857172489166,990.4285714285714,0,507,1,0,1,31,26,53
0,168.0,0.1892816424369812,267.0,4.0,283.0,1573.0,242.59183673469366,11332.3330078125,30.649999618530273,3.9000000953674316,17198.466796875,21.649999618530273,4.099999904632568,4.5,41.04999923706055,18400.166015625,2616.9714285714285,0.6443571448326111,25.40999984741211,177.02857142857144,1497.668701171875,1906.142822265625,-0.30085715651512146,994.1428571428571,1,507,1,0,1,31,9,75
0,267.0,0.366020530462265,267.0,4.0,283.0,1131.0,248.55102040816303,12430.1669921875,33.63333511352539,7.516666889190674,18209.267578125,22.016666412353516,4.800000190734863,4.650000095367432,37.96666717529297,21915.333984375,2626.9714285714285,0.6472142934799194,25.466310501098633,179.0857142857143,1503.5528564453125,1892.3143310546875,-0.33257144689559937,996.5428571428571,0,507,1,0,1,31,10,121
0,228.0,0.718358039855957,267.0,4.0,260.0,4479.0,238.5918367346937,12180.5,29.883333206176758,6.633333206176758,18058.900390625,22.100000381469727,4.199999809265137,4.650000095367432,40.516666412353516,19234.0,2713.2571428571428,0.6514285802841187,25.52642822265625,182.05714285714285,1506.6851806640625,1908.914306640625,-0.22433333098888397,998.1428571428571,2,518,1,0,0,42,5,86
1,193.0,0.0,267.0,4.0,260.0,4813.0,234.081632653061,10678.5,33.016666412353516,8.883333206176758,16493.666015625,23.08333396911621,4.199999809265137,4.650000095367432,38.766666412353516,19503.666015625,2734.3714285714286,0.6540952324867249,25.584880828857422,183.25714285714287,1501.712890625,1910.6285400390625,-0.22161903977394104,995.6285714285714,1,518,1,0,0,41,1,74
0,239.0,0.4663625955581665,267.0,4.0,260.0,4849.0,240.65306122448953,13891.1669921875,28.683332443237305,3.1500000953674316,20046.5,24.08333396911621,4.300000190734863,4.650000095367432,34.78333282470703,21909.666015625,2779.4,0.6197142601013184,25.203214645385742,180.2,1490.2388916015625,1910.6285400390625,-0.24966666102409363,981.5142857142857,1,518,1,1,0,41,5,96
0,241.0,0.04104902967810631,267.0,4.0,260.0,8242.0,227.38775510204061,11350.3330078125,32.38333511352539,5.766666889190674,18998.916015625,23.03333282470703,4.5,4.7166666984558105,38.53333282470703,23253.833984375,2789.3714285714286,0.6232380867004395,25.25321388244629,183.5142857142857,1501.961669921875,1905.085693359375,-0.21902380883693695,984.9428571428572,0,518,1,1,0,41,9,113
0,78.0,0.03876852989196777,267.0,4.0,260.0,10113.0,227.04081632653043,11165.6669921875,30.883333206176758,10.133333206176758,21768.033203125,26.816667556762695,5.5,4.800000190734863,36.96666717529297,25854.5,2801.3142857142857,0.6080714464187622,24.99309539794922,182.62857142857143,1504.82470703125,1900.82861328125,-0.21088093519210815,979.7428571428571,1,518,1,1,0,31,9,30
0,188.0,0.5450398921966553,267.0,4.0,260.0,1491.0,227.14285714285703,12527.1669921875,32.36666488647461,5.199999809265137,17278.6328125,24.16666603088379,4.599999904632568,4.800000190734863,38.88333511352539,24153.0,2780.6,0.6263571381568909,25.333690643310547,193.54285714285714,1522.654296875,1859.6856689453125,-0.23916666209697723,988.4571428571429,0,518,1,1,0,31,15,72
0,260.0,0.637400209903717,267.0,4.0,260.0,3584.0,227.30612244897944,12218.1669921875,28.383333206176758,9.166666984558105,20695.916015625,28.233333587646484,5.699999809265137,4.849999904632568,36.349998474121094,26639.666015625,2825.2571428571428,0.5944285988807678,24.82880973815918,185.62857142857143,1512.1190185546875,1870.5142822265625,-0.2476428747177124,975.5714285714286,1,518,1,1,0,41,7,97
0,177.0,0.38084378838539124,267.0,4.0,260.0,1373.0,226.7959183673468,12411.6669921875,31.299999237060547,4.550000190734863,19850.56640625,25.866666793823242,4.900000095367432,4.699999809265137,33.11666488647461,26315.666015625,2820.942857142857,0.6064761877059937,25.01630973815918,188.42857142857142,1506.5516357421875,1859.800048828125,-0.25997617840766907,977.6571428571428,2,518,1,1,0,31,7,78
0,213.0,0.7149372696876526,267.0,4.0,260.0,5137.0,226.97959183673458,12729.6669921875,34.099998474121094,7.983333110809326,17398.232421875,23.5,4.5,4.5,34.71666717529297,18532.333984375,2818.2285714285713,0.6232380867004395,25.295000076293945,190.14285714285714,1507.2703857421875,1846.5714111328125,-0.30361905694007874,986.9714285714285,2,518,1,0,0,31,21,88
0,,0.3318130075931549,267.0,4.0,260.0,11358.0,224.18367346938763,11701.6669921875,34.66666793823242,3.450000047683716,18347.033203125,25.233333587646484,4.900000095367432,4.550000190734863,34.56666564941406,21240.833984375,2818.2571428571428,0.623285710811615,25.069881439208984,184.74285714285713,1499.83056640625,1866.05712890625,-0.31897619366645813,985.3142857142857,1,518,1,0,0,21,4,
0,204.0,0.17445838451385498,267.0,4.0,260.0,5202.0,221.57142857142844,12290.0,31.25,8.216666221618652,18413.5,24.266666412353516,4.900000095367432,4.550000190734863,37.13333511352539,21589.333984375,2843.8571428571427,0.630309522151947,25.195119857788086,185.94285714285715,1498.333740234375,1858.914306640625,-0.33954760432243347,989.8857142857142,2,518,1,0,0,41,12,83
0,258.0,0.042189281433820724,267.0,4.0,260.0,5671.0,220.7346938775509,11608.3330078125,32.56666564941406,7.599999904632568,20062.8828125,25.233333587646484,4.400000095367432,4.650000095367432,35.5,21362.333984375,2814.8,0.6116904616355896,24.802143096923828,188.77142857142857,1505.392578125,1862.8857421875,-0.3895714282989502,977.0571428571428,2,518,1,0,0,41,5,124
0,162.0,0.4184720516204834,267.0,4.0,260.0,1518.0,221.2244897959182,14002.6669921875,31.850000381469727,4.7833333015441895,20871.69921875,26.383333206176758,5.099999904632568,4.599999904632568,33.18333435058594,22459.333984375,2976.7714285714287,0.6140238046646118,24.854642868041992,189.25714285714287,1515.627685546875,1854.6856689453125,-0.36876192688941956,983.9428571428572,2,518,1,0,0,31,12,56
0,174.0,0.40136829018592834,267.0,4.0,260.0,1135.0,222.59183673469371,11166.2783203125,33.39444351196289,13.05555534362793,21059.955078125,27.955554962158203,5.933333396911621,4.699999809265137,35.31666946411133,26624.77734375,3072.9142857142856,0.5923095345497131,24.415237426757812,189.28571428571428,1521.5797119140625,1852.5142822265625,-0.390023797750473,973.9428571428572,3,518,1,0,1,21,6,65
0,229.0,0.5507411360740662,267.0,4.0,260.0,2535.0,226.34693877551,13926.0,32.43333435058594,6.349999904632568,21494.05078125,27.25,5.300000190734863,4.699999809265137,35.41666793823242,24335.5,3194.1428571428573,0.6356428265571594,25.096309661865234,187.2,1510.8035888671875,1857.2857666015625,-0.41702380776405334,992.5142857142857,1,518,1,0,0,21,14,87
0,230.0,0.419612318277359,267.0,4.0,260.0,1094.0,231.67346938775495,13767.5,31.25,4.816666603088379,20311.55078125,28.549999237060547,5.599999904632568,4.699999809265137,34.95000076293945,23101.5,3308.0,0.6238809823989868,24.861785888671875,189.74285714285713,1521.0546875,1859.7142333984375,-0.4441428780555725,989.4857142857143,3,518,1,0,1,21,11,82
0,195.0,0.4321550726890564,267.0,4.0,260.0,1443.0,241.55102040816308,14497.0,32.25,11.199999809265137,19362.94921875,25.58333396911621,5.0,4.800000190734863,39.400001525878906,24781.5,3328.885714285714,0.6395000219345093,25.124404907226562,193.05714285714285,1521.959228515625,1847.17138671875,-0.4311666488647461,994.1714285714286,3,518,1,0,1,31,6,76
0,183.0,0.8973774313926697,267.0,4.0,260.0,1160.0,247.46938775510185,11658.3330078125,31.850000381469727,7.150000095367432,17269.083984375,25.83333396911621,5.199999809265137,4.733333110809326,37.983333587646484,24935.166015625,3445.5714285714284,0.6403571367263794,25.09238052368164,197.88571428571427,1530.200927734375,1842.4000244140625,-0.4959523677825928,991.6285714285714,1,518,1,0,1,11,2,87
0,163.0,0.8985176682472229,267.0,4.0,260.0,1058.0,244.26530612244883,13632.5,32.20000076293945,6.9666666984558105,18056.283203125,25.266666412353516,5.199999809265137,4.800000190734863,37.45000076293945,22437.833984375,3215.7714285714287,0.7238809466362,25.85976219177246,214.77142857142857,1541.705810546875,1830.857177734375,-0.7746190428733826,1017.7428571428571,0,518,1,0,1,31,25,80
0,52.0,0.44127708673477173,267.0,4.0,260.0,1085.0,239.61224489795902,11493.0,30.83333396911621,7.300000190734863,17678.267578125,20.96666717529297,4.199999809265137,4.599999904632568,38.71666717529297,18094.0,3215.2285714285713,0.7416428327560425,25.991905212402344,214.77142857142857,1545.1231689453125,1840.142822265625,-0.8042142987251282,1027.1714285714286,0,518,1,0,0,31,3,21
0,128.0,0.057012543082237244,267.0,4.0,260.0,5064.0,236.51020408163254,16692.833984375,32.21666717529297,3.2666666507720947,17832.68359375,22.28333282470703,4.300000190734863,4.900000095367432,34.91666793823242,25350.0,3218.0,0.7404761910438538,25.836904525756836,214.62857142857143,1539.518798828125,1842.5428466796875,-0.8768095374107361,1027.2,2,518,1,0,0,31,1,49
0,272.0,0.4526796042919159,267.0,4.0,260.0,4956.0,226.63265306122435,13057.0,31.516666412353516,5.316666603088379,17440.166015625,20.933332443237305,3.9000000953674316,4.800000190734863,36.70000076293945,19187.333984375,3211.4,0.758476197719574,26.036428451538086,215.31428571428572,1548.533203125,1844.1142578125,-0.8794523477554321,1037.6857142857143,1,518,1,0,1,31,10,110
0,105.88135534055343,0.3854047954082489,267.0,4.0,260.0,4947.0,219.5306122448978,16277.5,31.350000381469727,11.550000190734863,18212.19921875,21.866666793823242,4.5,4.800000190734863,35.599998474121094,28582.5,3178.885714285714,0.7529285550117493,25.898571014404297,221.71428571428572,1555.7568359375,1821.3143310546875,-0.8546428680419922,1030.4,2,518,1,0,0,21,4,40
0,211.0,0.06955530494451523,267.0,4.0,229.0,10300.0,213.55102040816308,13055.5,30.983333587646484,11.883333206176758,17940.650390625,26.399999618530273,5.900000095367432,4.866666793823242,38.08333206176758,25125.0,3195.4,0.7457143068313599,25.669523239135742,217.77142857142857,1550.31201171875,1824.82861328125,-0.936285674571991,1026.3428571428572,1,481,1,0,0,31,14,88
0,115.0,0.042189281433820724,267.0,4.0,229.0,8126.0,208.61224489795902,12760.0,31.866666793823242,4.7166666984558105,19668.1328125,24.21666717529297,4.400000095367432,5.0,38.516666412353516,23855.333984375,3109.3714285714286,0.8178571462631226,26.39797592163086,225.31428571428572,1553.074462890625,1811.771484375,-0.9742857217788696,1047.3714285714286,3,518,1,0,0,31,9,46
0,131.0,0.08665906637907028,267.0,4.0,229.0,2923.0,203.10204081632642,13964.6669921875,31.866666793823242,5.516666889190674,20139.732421875,22.516666412353516,4.400000095367432,4.800000190734863,36.36666488647461,19237.666015625,3095.457142857143,0.8053809404373169,26.294048309326172,225.85714285714286,1551.1470947265625,1809.3428955078125,-0.9714285731315613,1040.4285714285713,1,481,1,0,0,31,5,60
0,84.0,0.01824401319026947,267.0,4.0,229.0,3344.0,196.877551020408,11570.6669921875,33.78333282470703,9.699999809265137,21100.916015625,25.25,5.199999809265137,4.800000190734863,36.88333511352539,25267.666015625,3045.7714285714287,0.7435238361358643,25.427499771118164,227.5142857142857,1552.221435546875,1788.3428955078125,-0.9997618794441223,1015.4285714285714,2,518,1,0,0,31,8,39
0,155.0,0.0011402508243918419,267.0,4.0,229.0,6732.0,192.04081632653046,13846.0,31.16111183166504,6.722222328186035,20181.60546875,22.616666793823242,4.733333587646484,4.7833333015441895,38.2944450378418,22657.5546875,3005.2,0.7909047603607178,25.960357666015625,233.82857142857142,1560.0028076171875,1788.971435546875,-1.0269285440444946,1034.7142857142858,1,481,1,0,0,41,16,76
0,45.0,0.0045610032975673676,267.0,4.0,229.0,19766.0,186.2653061224489,12983.5,31.366666793823242,9.350000381469727,17496.75,23.78333282470703,4.599999904632568,4.900000095367432,34.900001525878906,23205.0,2900.1714285714284,0.8442142605781555,26.445714950561523,247.6,1566.0423583984375,1750.8857421875,-1.0125237703323364,1042.6571428571428,2,481,1,0,0,11,16,19
0,117.0,0.03648802638053894,267.0,4.0,229.0,16445.0,182.32653061224477,12648.6669921875,29.266666412353516,7.133333206176758,19401.43359375,21.983333587646484,4.400000095367432,4.800000190734863,42.36666488647461,18244.0,2912.0285714285715,0.8578571677207947,26.686071395874023,260.1714285714286,1575.8560791015625,1712.3143310546875,-1.05649995803833,1037.857142857143,3,481,1,0,0,31,15,58
0,103.0,0.030786773189902306,267.0,4.0,260.0,27352.0,175.61224489795916,10604.0,30.549999237060547,4.916666507720947,17536.267578125,20.850000381469727,3.799999952316284,4.949999809265137,41.68333435058594,17197.0,2936.8571428571427,0.878761887550354,26.787500381469727,259.54285714285714,1584.2174072265625,1713.5142822265625,-1.0722142457962036,1048.4,0,518,1,0,0,21,2,41
1,82.0,0.0,267.0,4.0,260.0,31061.0,171.12244897959187,9791.111328125,27.855554580688477,6.200000286102295,21069.734375,21.188888549804688,4.433333396911621,4.949999809265137,43.127777099609375,16673.666015625,2975.0,0.8918571472167969,26.93428611755371,263.8285714285714,1583.2554931640625,1687.5428466796875,-1.0998809337615967,1047.7428571428572,0,518,1,0,0,34,17,33
1,112.03158311113008,0.0,267.0,4.0,260.0,32767.0,168.36734693877554,11722.3330078125,26.066667556762695,3.700000047683716,17825.3671875,20.83333396911621,3.9000000953674316,4.566666603088379,40.599998474121094,17599.666015625,3018.1714285714284,0.8964285850524902,26.92738151550293,260.74285714285713,1582.3082275390625,1694.1142578125,-1.1196666955947876,1051.7428571428572,4,518,1,0,0,31,5,48
0,105.0,0.020524514839053154,267.0,4.0,260.0,32767.0,167.08163265306123,8914.0,31.53333282470703,6.0333333015441895,17964.400390625,21.78333282470703,3.799999952316284,4.883333206176758,41.78333282470703,17260.0,3084.1714285714284,0.8969285488128662,26.82297706604004,265.1714285714286,1590.2276611328125,1668.5999755859375,-1.1434047222137451,1050.6571428571428,0,518,1,0,0,21,7,41
1,117.0,0.0,267.0,4.0,260.0,25829.0,165.79591836734693,11042.5,29.899999618530273,5.7166666984558105,20303.69921875,21.683332443237305,4.400000095367432,4.900000095367432,38.54999923706055,19729.5,3127.4,0.9007619023323059,26.875,267.8285714285714,1584.565185546875,1642.4000244140625,-1.1681427955627441,1046.3428571428572,0,518,1,0,0,34,2,45
0,89.0,0.026225769892334938,267.0,4.0,260.0,19859.0,167.14285714285708,7821.83349609375,27.433332443237305,7.0,19552.3828125,22.21666717529297,4.300000190734863,4.866666793823242,44.66666793823242,18300.5,3165.8285714285716,0.9086666703224182,26.784881591796875,269.0571428571429,1593.8604736328125,1638.5999755859375,-1.1890476942062378,1050.6857142857143,1,518,1,0,0,21,19,36
0,51.0,0.0,267.0,4.0,260.0,3641.0,168.77551020408154,9698.5,28.850000381469727,6.266666889190674,19755.1328125,22.049999237060547,4.0,4.949999809265137,41.900001525878906,20750.333984375,3199.1714285714284,0.9158809781074524,26.74845314025879,272.74285714285713,1596.76171875,1613.3428955078125,-1.2320475578308105,1048.0,0,518,1,1,0,34,10,19
0,100.0,0.2371721714735031,267.0,4.0,260.0,1968.0,168.59183673469377,7998.0,28.733333587646484,8.100000381469727,18592.716796875,22.16666603088379,4.099999904632568,4.949999809265137,42.21666717529297,17515.833984375,3196.4857142857145,0.9049047827720642,26.613927841186523,275.6857142857143,1597.0272216796875,1593.800048828125,-1.2131190299987793,1040.0857142857142,1,518,1,1,0,21,1,38
0,128.0,0.5393386483192444,267.0,4.0,260.0,1113.0,168.99999999999994,9848.0,31.649999618530273,10.583333015441895,21932.982421875,23.366666793823242,5.0,4.9666666984558105,39.516666412353516,23005.5,3268.8571428571427,0.8716190457344055,26.287261962890625,276.62857142857143,1598.3619384765625,1582.0,-1.2436190843582153,1029.2571428571428,0,518,1,1,0,24,15,48
0,124.0,0.3238312304019928,267.0,4.0,260.0,2399.0,163.20408163265293,9098.0,26.316667556762695,8.666666984558105,19778.30078125,22.91666603088379,4.699999809265137,4.900000095367432,48.78333282470703,20571.5,3288.942857142857,0.8990238308906555,26.397262573242188,276.7142857142857,1598.217529296875,1570.5714111328125,-1.2802143096923828,1037.1714285714286,0,518,1,0,0,21,16,51
0,123.0,0.0809578076004982,267.0,4.0,260.0,11660.0,158.83673469387742,7430.0,32.266666412353516,5.866666793823242,18325.19921875,22.08333396911621,4.199999809265137,4.983333110809326,39.36666488647461,17084.0,3317.6285714285714,0.9002857208251953,26.249284744262695,280.8857142857143,1603.3536376953125,1561.3143310546875,-1.2888809442520142,1033.857142857143,4,518,1,0,0,21,16,49
0,112.0,0.28734320402145386,267.0,4.0,260.0,11751.0,154.26530612244883,8998.6669921875,27.516666412353516,8.300000190734863,19372.900390625,22.08333396911621,4.300000190734863,5.0,47.25,17602.0,3341.457142857143,0.9298809766769409,26.550832748413086,290.1714285714286,1613.4295654296875,1538.82861328125,-1.302571415901184,1039.057142857143,3,518,1,0,0,41,10,54
1,162.0,0.0,267.0,4.0,229.0,10928.0,151.1395348837208,9946.1669921875,28.049999237060547,6.866666793823242,22436.6328125,22.53333282470703,3.799999952316284,4.883333206176758,40.13333511352539,18084.666015625,3442.057142857143,0.9695237874984741,26.767261505126953,292.1714285714286,1611.7452392578125,1526.914306640625,-1.3304286003112793,1046.0,1,481,1,0,0,34,22,76
0,327.0,0.7901938557624817,286.0,2.0,313.0,1106.0,342.02040816326496,17969.556640625,31.211111068725586,2.355555534362793,21756.7109375,25.71666717529297,5.5,4.316666603088379,34.61666488647461,32261.0,1170.4,0.6486666798591614,25.737262725830078,25.771428571428572,1323.1695556640625,2543.71435546875,-0.6719285845756531,1008.8,0,505,1,1,0,42,20,152
0,386.0,0.8734321594238281,286.0,2.0,313.0,1085.0,341.0408163265303,20305.333984375,32.54999923706055,1.600000023841858,20958.583984375,24.299999237060547,5.199999809265137,4.150000095367432,31.883333206176758,22771.833984375,1185.857142857143,0.668666660785675,25.90833282470703,28.17142857142857,1327.854736328125,2536.771484375,-0.7381190061569214,1013.0857142857143,0,505,1,1,0,42,18,151
1,429.0,0.6875712871551514,286.0,2.0,313.0,1505.0,340.4285714285711,15507.3330078125,33.21666717529297,0.5333333611488342,22660.267578125,24.350000381469727,4.699999809265137,4.183333396911621,33.78333282470703,24036.666015625,1197.6571428571428,0.6835952401161194,26.00749969482422,30.914285714285715,1333.1531982421875,2523.60009765625,-0.7772857546806335,1015.9714285714285,0,505,1,1,0,41,27,157
1,375.0,0.6830102801322937,286.0,2.0,313.0,1122.0,314.3673469387752,19755.0,31.799999237060547,1.25,20877.416015625,24.049999237060547,4.699999809265137,4.050000190734863,33.483333587646484,32640.666015625,1455.8857142857144,0.6965000033378601,26.07642936706543,39.34285714285714,1333.57373046875,2554.085693359375,-1.2330000400543213,1012.2285714285714,0,505,1,1,0,41,15,182
0,283.0,0.851767361164093,286.0,2.0,296.0,1117.0,319.75510204081604,19163.666015625,31.66666603088379,0.6333333253860474,19289.30078125,25.516666412353516,5.099999904632568,4.050000190734863,39.53333282470703,23204.0,1517.2285714285715,0.6415952444076538,25.96071434020996,44.885714285714286,1322.7667236328125,2627.371337890625,-1.0990476608276367,994.9428571428572,0,474,1,0,1,41,35,135
0,313.48075717320916,0.9167616963386536,286.0,2.0,296.0,1041.0,314.5306122448977,16716.166015625,29.799999237060547,0.5,18953.8671875,26.049999237060547,5.099999904632568,4.050000190734863,35.83333206176758,22308.0,1520.2857142857142,0.6395952105522156,25.964643478393555,45.97142857142857,1324.7840576171875,2626.485595703125,-1.0982856750488281,994.9428571428572,0,474,1,0,1,21,35,148
0,294.0,0.7833523154258728,286.0,2.0,296.0,1128.0,299.6938775510202,21338.16796875,32.25555419921875,0.20000000298023224,18899.626953125,25.850000381469727,5.666666507720947,4.044444561004639,34.79999923706055,25744.0,1548.0,0.6271190643310547,25.93833351135254,49.31428571428572,1321.048583984375,2606.742919921875,-0.9975714087486267,987.8571428571429,0,474,1,0,0,24,35,140
0,161.0,0.9133409261703491,286.0,2.0,296.0,1120.0,291.9591836734692,17781.166015625,32.68333435058594,4.650000095367432,18994.94921875,25.83333396911621,5.099999904632568,4.083333492279053,33.88333511352539,24152.166015625,1545.0285714285715,0.6294047832489014,26.0384521484375,51.51428571428571,1323.7982177734375,2586.771484375,-0.8962857127189636,989.9714285714285,0,474,1,0,1,31,19,76
1,305.0,0.12314709275960922,286.0,2.0,296.0,5727.0,280.18367346938766,,32.11666488647461,2.549999952316284,,25.200000762939453,5.400000095367432,3.950000047683716,33.25,,1561.3714285714286,0.6345952153205872,26.265357971191406,54.6,1322.936279296875,2555.428466796875,-0.7967380881309509,990.6285714285714,0,474,1,0,0,21,21,112
0,350.0,0.32611173391342163,286.0,2.0,296.0,1414.0,319.612244897959,20861.833984375,33.96666717529297,2.4666666984558105,19023.93359375,27.766666412353516,5.900000095367432,4.083333492279053,35.68333435058594,26302.5,2038.1714285714286,0.614547610282898,26.501428604125977,46.4,1321.9378662109375,2710.8857421875,0.1714523732662201,1002.5714285714286,0,474,1,0,0,21,34,163
1,257.0,0.16647662222385406,286.0,2.0,296.0,1786.0,282.53061224489767,23887.5,37.266666412353516,2.3333332538604736,21090.666015625,28.866666793823242,6.0,4.199999809265137,18.116666793823242,30780.333984375,2308.7714285714287,0.6423095464706421,26.831666946411133,42.457142857142856,1348.2052001953125,2932.94287109375,0.30988094210624695,1031.0285714285715,0,474,1,1,0,31,19,115
0,337.9513651526597,0.216647669672966,286.0,2.0,285.0,1318.0,269.5102040816323,21237.666015625,34.28333282470703,4.633333206176758,23696.80078125,27.733333587646484,6.0,4.150000095367432,27.149999618530273,33625.66796875,2346.0,0.6475714445114136,26.85547637939453,45.08571428571429,1353.7218017578125,2918.94287109375,0.2936905026435852,1032.4,0,496,1,1,0,42,17,126
1,267.0,0.0,286.0,2.0,285.0,3307.0,272.0612244897956,20450.0,27.96666717529297,0.3499999940395355,20835.232421875,28.25,5.800000190734863,4.183333396911621,23.299999237060547,26582.333984375,2323.3142857142857,0.6569761633872986,26.973690032958984,45.65714285714286,1353.9534912109375,2862.142822265625,0.29671427607536316,1035.2285714285715,0,496,1,1,0,41,19,100
1,203.0,0.0,286.0,2.0,285.0,2357.0,254.73469387755082,20864.333984375,39.099998474121094,2.4833333492279053,23121.81640625,27.483333587646484,5.400000095367432,4.2833333015441895,17.116666793823242,28243.5,2364.2,0.6534761786460876,26.91857147216797,57.714285714285715,1360.623046875,2646.82861328125,0.2370714247226715,1025.857142857143,0,496,1,0,0,34,6,89
0,131.0,0.5404788851737976,286.0,2.0,285.0,2514.0,252.9591836734692,21111.0,28.899999618530273,0.4833333194255829,19316.650390625,28.58333396911621,6.400000095367432,4.300000190734863,23.016666412353516,27387.666015625,2331.057142857143,0.6564523577690125,26.929643630981445,62.08571428571429,1366.60302734375,2560.142822265625,0.2604762017726898,1025.5714285714287,0,496,1,0,0,21,7,58
1,176.0,0.05815279483795166,286.0,2.0,285.0,6508.0,254.16326530612224,16589.166015625,37.58333206176758,1.5833333730697632,18786.982421875,24.483333587646484,4.699999809265137,4.333333492279053,23.25,33828.66796875,2351.7428571428572,0.6648571491241455,26.973451614379883,70.88571428571429,1371.14453125,2456.771484375,0.20209524035453796,1021.6571428571428,0,496,1,0,1,31,16,66
0,123.0,0.43443557620048523,286.0,2.0,285.0,1197.0,263.14285714285694,19923.666015625,36.5,1.6166666746139526,18408.25,25.149999618530273,5.599999904632568,4.2833333015441895,19.33333396911621,24792.5,2348.6,0.6612380743026733,26.92095184326172,76.34285714285714,1378.9200439453125,2361.257080078125,0.17290477454662323,1019.9714285714285,0,496,1,0,1,41,29,53
1,186.0,0.2919042110443115,286.0,2.0,272.0,1617.0,274.1224489795917,18752.333984375,34.08333206176758,1.8666666746139526,19396.533203125,25.116666793823242,4.800000190734863,4.2833333015441895,14.933333396911621,21161.833984375,2341.5142857142855,0.6736666560173035,26.965476989746094,84.8,1394.7471923828125,2290.742919921875,0.083023801445961,1023.2,0,497,1,0,1,41,9,80
0,221.0,0.23489168286323547,286.0,2.0,272.0,1534.0,275.04081632653043,18926.333984375,35.650001525878906,3.4000000953674316,18590.767578125,24.516666412353516,5.0,4.300000190734863,20.0,24729.0,2367.5142857142855,0.6800714135169983,26.98214340209961,86.91428571428571,1394.1363525390625,2268.82861328125,0.058619044721126556,1020.9428571428572,0,497,1,0,0,31,13,80
1,303.0,0.0,286.0,2.0,272.0,2087.0,275.51020408163254,,39.04999923706055,3.4166667461395264,,23.983333587646484,5.099999904632568,4.300000190734863,18.950000762939453,,2345.942857142857,0.6831666827201843,27.035356521606445,82.82857142857142,1391.8260498046875,2280.428466796875,0.10999999940395355,1025.9714285714285,0,497,1,0,0,34,18,102
0,236.0,0.5450398921966553,296.0,3.0,272.0,1150.0,272.63265306122435,14731.8330078125,26.950000762939453,2.7666666507720947,16310.6337890625,23.75,4.699999809265137,4.0333333015441895,18.41666603088379,21353.5,2420.6,0.715666651725769,27.06011962890625,94.74285714285715,1414.5435791015625,2120.05712890625,-0.06495238095521927,1032.057142857143,2,497,1,0,0,42,18,95
0,105.0,0.5313568711280823,296.0,3.0,272.0,1164.0,272.0816326530611,15594.0,28.350000381469727,5.683333396911621,20382.31640625,24.71666717529297,4.300000190734863,4.083333492279053,17.58333396911621,21756.666015625,2399.2571428571428,0.7184761762619019,27.10011863708496,92.51428571428572,1417.91943359375,2117.771484375,-0.02980952151119709,1037.5428571428572,0,497,1,0,0,42,2,37
0,219.0,0.47662484645843506,296.0,3.0,272.0,1106.0,263.9591836734692,16184.3330078125,36.011112213134766,7.705555438995361,18464.5,24.094444274902344,4.900000095367432,4.1777777671813965,27.211111068725586,22647.0,2434.714285714286,0.7493809461593628,27.287500381469727,97.88571428571429,1416.2392578125,2008.3143310546875,-0.013357127085328102,1038.1142857142856,0,497,1,0,1,21,22,85
1,354.0,0.0,296.0,3.0,272.0,1906.0,264.5306122448978,,33.0,3.25,,24.100000381469727,4.900000095367432,4.5333333015441895,25.766666412353516,,2440.1428571428573,0.7653809785842896,27.359285354614258,102.68571428571428,1419.436767578125,1969.17138671875,-0.037547625601291656,1038.0,0,482,1,0,0,31,9,123
1,265.0,0.02964652143418789,296.0,3.0,272.0,3059.0,266.12244897959164,12720.0,27.799999237060547,5.833333492279053,16768.8828125,21.866666793823242,4.400000095367432,4.099999904632568,22.450000762939453,23490.333984375,2451.5714285714284,0.7674285769462585,27.379642486572266,101.34285714285714,1422.3795166015625,1979.7142333984375,-0.009785694070160389,1042.2571428571428,3,497,1,0,1,31,19,91
0,386.0,0.4104903042316437,296.0,3.0,272.0,1181.0,267.87755102040796,12952.3330078125,31.700000762939453,5.550000190734863,17154.166015625,22.75,4.599999904632568,4.083333492279053,27.299999237060547,25776.666015625,2474.942857142857,0.7817381024360657,27.464643478393555,102.28571428571429,1426.21630859375,1993.857177734375,0.00442856689915061,1046.857142857143,0,497,1,0,1,21,26,137
1,245.0,0.0809578076004982,296.0,3.0,271.0,6205.0,270.5306122448978,16730.0,29.344444274902344,5.300000190734863,21430.060546875,24.288888931274414,4.800000190734863,4.472221851348877,20.39444351196289,37801.27734375,2519.657142857143,0.7911666631698608,27.535356521606445,98.65714285714286,1425.7642822265625,2058.571533203125,0.012666665017604828,1052.8,0,482,1,0,1,31,9,83
0,404.0,0.6088939309120178,296.0,3.0,271.0,1119.0,272.99999999999983,11329.1669921875,34.20000076293945,3.366666555404663,14089.7333984375,21.149999618530273,4.5,4.050000190734863,27.233333587646484,47141.5,2594.2285714285713,0.7775238156318665,27.374881744384766,93.02857142857142,1422.7921142578125,2140.800048828125,-0.0129047567024827,1052.057142857143,0,482,1,0,0,41,9,144
1,228.0,0.14367160201072693,296.0,3.0,271.0,1598.0,274.14285714285694,15000.6669921875,34.733333587646484,4.633333206176758,17442.400390625,23.58333396911621,4.800000190734863,4.083333492279053,18.516666412353516,20671.833984375,2650.4,0.792119026184082,27.48452377319336,88.05714285714286,1418.1724853515625,2239.8857421875,-0.023785702884197235,1057.7714285714285,0,482,1,0,0,31,7,78
1,111.0,0.8152793645858765,296.0,3.0,293.0,1197.0,275.5918367346937,15565.0,33.266666412353516,8.783333778381348,20447.81640625,25.483333587646484,4.800000190734863,4.083333492279053,27.58333396911621,24419.0,2723.6857142857143,0.8018333315849304,27.511310577392578,80.42857142857143,1417.588134765625,2399.485595703125,0.059785712510347366,1067.7714285714285,0,476,1,0,0,42,21,40
0,195.0,0.4241733253002167,296.0,3.0,293.0,1257.0,274.71428571428555,19462.166015625,38.91666793823242,2.799999952316284,20077.3828125,22.649999618530273,4.900000095367432,4.050000190734863,32.13333511352539,22962.666015625,2765.8,0.8114285469055176,27.56678581237793,81.8,1425.532470703125,2470.028564453125,0.04914287477731705,1073.8285714285714,0,476,1,0,0,31,32,71
1,338.0,0.5404788851737976,296.0,3.0,293.0,1113.0,269.5510204081631,13604.3330078125,31.955554962158203,2.594444513320923,18693.421875,22.627779006958008,5.099999904632568,3.9833333492279053,37.727779388427734,21703.33203125,2868.8285714285716,0.8246428370475769,27.581785202026367,79.48571428571428,1419.2034912109375,2540.914306640625,0.127809539437294,1074.7428571428572,0,476,1,0,0,31,34,120
0,219.0,0.8483466506004333,296.0,3.0,293.0,1175.0,265.7755102040814,14547.6669921875,35.516666412353516,2.9000000953674316,19079.033203125,24.566667556762695,6.099999904632568,3.950000047683716,45.400001525878906,24668.0,2918.5714285714284,0.8301428556442261,27.561071395874023,80.91428571428571,1416.893798828125,2544.428466796875,0.17588096857070923,1073.142857142857,0,476,1,0,0,21,35,94
0,333.0,0.8278221487998962,296.0,3.0,293.0,1106.0,264.5102040816325,16521.666015625,39.266666412353516,4.099999904632568,21660.400390625,28.616666793823242,6.0,3.9000000953674316,38.54999923706055,28057.166015625,2935.657142857143,0.8311904668807983,27.5622615814209,80.17142857142858,1413.436767578125,2550.914306640625,0.17726191878318787,1072.0285714285715,0,476,1,0,0,24,35,149
1,354.9080643146866,0.42873433232307434,296.0,3.0,293.0,1582.0,259.73469387755085,15842.6669921875,36.233333587646484,3.683333396911621,17875.650390625,24.200000762939453,5.400000095367432,4.050000190734863,34.150001525878906,22086.166015625,2963.2285714285713,0.8366666436195374,27.57452392578125,83.17142857142858,1415.0391845703125,2534.771484375,0.12323810160160065,1070.8,0,476,1,0,0,31,34,150
0,278.0,0.9099201560020447,296.0,3.0,293.0,1066.0,256.99999999999983,17251.666015625,36.599998474121094,3.0833332538604736,19161.966796875,23.933332443237305,5.699999809265137,3.9000000953674316,42.0,25916.0,2996.7428571428572,0.8386428356170654,27.53928565979004,84.91428571428571,1414.2818603515625,2526.485595703125,0.12849999964237213,1068.142857142857,0,476,1,0,0,24,35,120
1,54.0,0.6305587291717529,296.0,3.0,293.0,1057.0,255.02040816326513,15416.6669921875,41.733333587646484,7.916666507720947,20162.666015625,23.899999618530273,5.199999809265137,4.050000190734863,35.900001525878906,25353.0,3021.1428571428573,0.8431666493415833,27.507022857666016,90.65714285714286,1411.51025390625,2498.857177734375,0.305904746055603,1060.4285714285713,0,476,1,0,1,42,30,19
1,274.0,0.5404788851737976,296.0,3.0,293.0,1075.0,258.53061224489784,14514.72265625,35.75,2.9666666984558105,17646.64453125,24.311111450195312,5.099999904632568,4.161110877990723,38.68888854980469,34824.5,3025.3714285714286,0.8535476326942444,27.531665802001953,93.71428571428571,1414.170654296875,2457.94287109375,0.43511906266212463,1059.5142857142857,0,476,1,0,1,31,31,98
1,233.0,0.0,296.0,3.0,293.0,1560.0,263.06122448979573,15205.7783203125,30.861112594604492,4.483333587646484,17201.087890625,24.038888931274414,5.0333333015441895,4.30555534362793,33.03333282470703,45653.5,3024.342857142857,0.8625476360321045,27.645118713378906,97.88571428571429,1420.962646484375,2428.142822265625,0.4337143003940582,1062.8285714285714,0,476,1,0,1,34,18,83
0,105.0,0.6225769519805908,296.0,3.0,293.0,1216.0,271.2244897959182,14119.8330078125,40.849998474121094,4.133333206176758,21717.0,25.53333282470703,5.800000190734863,4.050000190734863,33.099998474121094,25830.166015625,3043.6,0.8551904559135437,27.3507137298584,99.05714285714286,1402.1453857421875,2369.60009765625,0.43840476870536804,1045.4857142857143,2,476,1,0,0,21,1,50
1,117.0,0.0,296.0,3.0,293.0,2147.0,283.2448979591835,14303.0,32.36666488647461,4.883333206176758,16365.06640625,22.100000381469727,5.099999904632568,4.150000095367432,32.0,19297.5,3006.057142857143,0.8957856893539429,27.553451538085938,113.2,1398.211181640625,2256.371337890625,0.35826191306114197,1036.6285714285714,2,476,1,0,1,34,18,46
0,253.0,0.583808422088623,296.0,3.0,293.0,1561.0,299.8163265306119,11580.0,33.849998474121094,5.199999809265137,14267.75,22.066667556762695,4.699999809265137,4.183333396911621,29.616666793823242,39345.16796875,3016.2,0.9158571362495422,27.557619094848633,121.48571428571428,1389.4398193359375,2229.257080078125,0.16961905360221863,1026.3714285714286,1,476,1,0,1,41,12,106
0,237.0,0.73204106092453,296.0,3.0,293.0,1294.0,324.91836734693845,11810.0,33.233333587646484,2.0,15844.966796875,22.46666717529297,4.5,4.183333396911621,39.11666488647461,22415.666015625,2796.6857142857143,0.9435238242149353,27.15250015258789,132.85714285714286,1389.5093994140625,2267.05712890625,0.20792856812477112,1013.9714285714285,0,476,1,0,1,41,25,110
0,102.0,0.6932725310325623,296.0,3.0,293.0,1096.0,328.0408163265304,14475.0,34.45000076293945,7.9666666984558105,25223.833984375,25.566667556762695,4.400000095367432,4.183333396911621,37.13333511352539,20702.5,2786.8571428571427,0.9551904797554016,27.2502384185791,133.22857142857143,1387.36572265625,2267.199951171875,0.20861905813217163,1015.1142857142858,0,476,1,0,1,42,1,44
0,432.0,0.7491447925567627,296.0,3.0,293.0,1162.0,320.5306122448976,12695.5,37.016666412353516,1.2999999523162842,18826.599609375,25.383333206176758,6.300000190734863,4.050000190734863,38.33333206176758,20485.0,2737.285714285714,0.9510475993156433,27.042619705200195,135.97142857142856,1386.0380859375,2275.228515625,0.2231428474187851,1011.6285714285714,1,476,1,0,0,31,2,238
0,390.0,0.22006841003894806,296.0,3.0,293.0,2108.0,318.6530612244895,12744.1669921875,35.45000076293945,3.6500000953674316,20436.333984375,23.766666412353516,5.900000095367432,4.133333206176758,38.06666564941406,19069.166015625,2695.4285714285716,0.9780238270759583,27.299880981445312,140.42857142857142,1386.5899658203125,2269.628662109375,0.22426190972328186,1013.6,1,476,1,0,0,31,1,214
0,302.0,0.9019384384155273,296.0,3.0,293.0,1050.0,316.40816326530586,13596.5,34.016666412353516,2.883333444595337,22269.6328125,23.883333206176758,4.699999809265137,4.083333492279053,38.16666793823242,22430.0,2616.6,0.9911666512489319,27.454166412353516,142.85714285714286,1404.0616455078125,2250.742919921875,0.2395714372396469,1025.3714285714286,0,476,1,0,0,21,35,162
1,86.0,0.43443557620048523,296.0,3.0,293.0,1188.0,313.2448979591834,,,,,,,,,,2603.5142857142855,0.9942142963409424,27.549762725830078,141.85714285714286,1402.39013671875,2251.05712890625,0.26021429896354675,1026.6,0,476,1,0,0,31,12,40
0,203.0,0.624857485294342,296.0,3.0,283.0,1182.0,310.46938775510176,25211.0,32.03333282470703,3.566666603088379,20219.3671875,23.149999618530273,5.300000190734863,4.183333396911621,39.93333435058594,29712.0,2585.285714285714,0.9763095378875732,27.329404830932617,127.8,1388.337646484375,2289.8857421875,0.312833309173584,1028.5714285714287,0,507,1,0,1,41,9,92
0,313.0,0.692132294178009,296.0,3.0,283.0,3247.0,312.9999999999998,13160.9443359375,33.31666564941406,4.377777576446533,23548.33984375,23.255556106567383,5.133333206176758,4.172222137451172,37.738887786865234,19530.0,2585.1714285714284,0.9806904792785645,27.349523544311523,129.05714285714285,1390.2232666015625,2286.05712890625,0.31754761934280396,1029.3428571428572,0,507,1,0,1,42,11,146
0,117.0,0.9099201560020447,296.0,3.0,283.0,1252.0,314.34693877550995,12600.0,34.29999923706055,2.1666667461395264,18376.833984375,24.0,4.300000190734863,4.099999904632568,38.31666564941406,18809.166015625,2589.5142857142855,0.9695237874984741,27.242618560791016,126.94285714285714,1392.3568115234375,2286.60009765625,0.33219048380851746,1030.4285714285713,0,507,1,0,1,42,5,48
0,290.0,0.9087799191474915,296.0,3.0,283.0,1116.0,325.75510204081615,14101.1669921875,32.56666564941406,4.066666603088379,19176.416015625,22.049999237060547,3.9000000953674316,4.099999904632568,42.88333511352539,20197.0,2568.6857142857143,0.9394761919975281,27.032737731933594,123.88571428571429,1401.282958984375,2307.371337890625,0.2862856984138489,1034.142857142857,0,507,1,0,1,42,30,161
1,294.0,0.33979475498199463,296.0,3.0,283.0,1505.0,334.4081632653059,16453.5,30.883333206176758,5.666666507720947,21368.900390625,27.75,5.900000095367432,4.2833333015441895,37.75,27355.0,2534.5142857142855,0.9494524002075195,27.177976608276367,128.22857142857143,1418.3834228515625,2363.028564453125,0.38907143473625183,1045.0285714285715,0,507,1,0,1,31,19,141
0,199.0,0.7616875767707825,296.0,3.0,283.0,1192.0,336.1632653061223,18242.833984375,30.399999618530273,3.4166667461395264,20163.19921875,21.866666793823242,4.0,4.050000190734863,41.13333511352539,20006.0,2538.3714285714286,0.9288809299468994,26.902143478393555,128.62857142857143,1417.941162109375,2427.142822265625,0.5671428442001343,1037.5142857142857,0,507,1,0,1,41,32,110
0,266.0,0.3865450322628021,296.0,3.0,283.0,1523.0,333.2244897959182,16676.833984375,33.516666412353516,7.316666603088379,38292.765625,22.149999618530273,4.300000190734863,4.050000190734863,34.31666564941406,35793.0,2505.057142857143,0.9353809356689453,26.97869110107422,128.14285714285714,1419.916259765625,2494.1142578125,0.5685952305793762,1041.942857142857,0,507,1,0,1,21,30,117
0,280.0,0.7377423048019409,296.0,3.0,283.0,1555.0,329.2653061224488,17860.5,35.5,2.799999952316284,25206.166015625,23.91666603088379,5.199999809265137,4.050000190734863,30.799999237060547,21141.5,2504.3142857142857,0.9344523549079895,26.918453216552734,126.71428571428571,1412.8497314453125,2543.1142578125,0.7445476651191711,1041.2,0,507,1,0,1,42,18,141
0,419.0,0.8768529295921326,296.0,3.0,283.0,1226.0,324.9999999999998,17278.166015625,36.16666793823242,3.066666603088379,23853.69921875,23.46666717529297,5.0,4.050000190734863,29.266666412353516,22593.166015625,2500.885714285714,0.9262619018554688,26.822261810302734,124.8,1408.736083984375,2563.085693359375,0.7525952458381653,1041.2285714285715,0,507,1,0,1,42,25,212
0,246.0,0.6431014537811279,296.0,3.0,283.0,1159.0,315.3061224489792,17917.5,33.91666793823242,2.9166667461395264,22860.849609375,22.633333206176758,4.300000190734863,4.150000095367432,25.116666793823242,21413.166015625,2422.9142857142856,0.9085476398468018,26.697500228881836,134.37142857142857,1432.0574951171875,2584.05712890625,0.41804760694503784,1042.7428571428572,1,507,1,0,1,41,14,124
0,128.0,0.4127708077430725,296.0,3.0,283.0,1294.0,315.8979591836731,16616.833984375,37.11666488647461,6.083333492279053,23976.1171875,25.83333396911621,5.900000095367432,4.150000095367432,23.91666603088379,24021.5,2455.9142857142856,0.8786666393280029,26.349285125732422,129.31428571428572,1414.9833984375,2602.514404296875,0.3507380783557892,1029.4,0,507,1,0,1,41,13,69
0,207.0,0.5815279483795166,296.0,3.0,283.0,1106.0,317.16326530612207,14807.3330078125,37.349998474121094,4.550000190734863,25569.1171875,28.46666717529297,7.0,4.150000095367432,25.78333282470703,26711.333984375,2460.4857142857145,0.8535952568054199,26.02297592163086,130.94285714285715,1420.9344482421875,2581.0,0.29883334040641785,1023.6857142857143,0,507,1,0,0,21,21,93
0,227.0,0.9007982015609741,296.0,3.0,283.0,1061.0,316.755102040816,15271.6669921875,40.03333282470703,4.349999904632568,20380.400390625,28.366666793823242,6.400000095367432,4.083333492279053,26.016666412353516,29461.666015625,2453.942857142857,0.7979047894477844,25.578571319580078,139.5142857142857,1429.67529296875,2486.39990234375,0.2785952389240265,1012.8,1,507,1,0,1,31,15,124
0,147.0,0.9384264349937439,296.0,3.0,283.0,1067.0,313.1020408163263,15564.3330078125,28.66666603088379,2.8499999046325684,23936.1328125,22.08333396911621,4.300000190734863,4.349999904632568,40.29999923706055,22319.666015625,2404.0285714285715,0.826619029045105,26.227975845336914,167.68571428571428,1450.833251953125,2310.82861328125,0.1369047611951828,1009.8285714285714,0,507,1,0,1,41,2,78
0,136.0,0.7309008240699768,296.0,3.0,283.0,1475.0,310.8979591836732,14279.3330078125,30.03333282470703,1.899999976158142,20328.30078125,24.266666412353516,4.0,4.25,40.53333282470703,21384.0,2400.057142857143,0.8207857012748718,26.241785049438477,181.17142857142858,1452.6640625,2186.1142578125,-0.04859522730112076,997.9142857142857,1,507,1,0,1,21,7,71
0,161.0,0.664766252040863,296.0,3.0,283.0,1341.0,310.1428571428569,14163.5,30.799999237060547,2.200000047683716,20482.982421875,24.566667556762695,4.300000190734863,4.233333110809326,39.70000076293945,23123.0,2392.0857142857144,0.8215476274490356,26.280475616455078,184.22857142857143,1454.00390625,2168.971435546875,-0.05966666340827942,997.1142857142858,2,507,1,0,1,21,8,85
0,150.0,0.6328392028808594,296.0,3.0,283.0,1622.0,308.6938775510201,12556.1669921875,32.56666564941406,3.0333333015441895,16834.650390625,21.03333282470703,3.799999952316284,4.133333206176758,41.63333511352539,17345.166015625,2381.885714285714,0.8050476312637329,26.21309471130371,187.0,1458.828369140625,2096.60009765625,-0.10426190495491028,992.4857142857143,1,507,1,0,1,21,2,62
1,286.0,0.02166476659476757,296.0,3.0,283.0,2713.0,305.44897959183646,11013.6669921875,25.733333587646484,4.266666889190674,15430.5166015625,21.46666717529297,4.099999904632568,4.349999904632568,43.266666412353516,18849.33203125,2347.342857142857,0.7956190705299377,26.155834197998047,197.65714285714284,1470.9276123046875,1994.3143310546875,-0.24495239555835724,989.7714285714286,0,507,1,0,1,41,34,104
0,160.0,0.010262257419526577,296.0,3.0,283.0,1859.0,304.75510204081604,12583.3330078125,29.5,2.866666555404663,17328.732421875,22.83333396911621,3.9000000953674316,4.25,39.650001525878906,21597.333984375,2349.285714285714,0.7798571586608887,25.941547393798828,197.94285714285715,1468.0833740234375,1986.17138671875,-0.3574761748313904,985.2857142857143,1,507,1,0,1,21,12,71
0,294.0,0.637400209903717,296.0,3.0,283.0,3016.0,301.57142857142827,13034.8330078125,27.850000381469727,2.7333333492279053,16497.033203125,21.933332443237305,3.9000000953674316,4.400000095367432,42.5,18132.166015625,2349.285714285714,0.7798571586608887,25.941547393798828,197.94285714285715,1468.0833740234375,1986.17138671875,-0.3574761748313904,985.2857142857143,0,507,1,0,1,31,14,139
0,348.0,0.8187001347541809,296.0,3.0,283.0,3656.0,296.5510204081631,12709.0,30.383333206176758,3.616666555404663,17544.033203125,26.549999237060547,5.0,4.383333206176758,38.016666412353516,22472.666015625,2374.3714285714286,0.7646904587745667,25.64630889892578,198.54285714285714,1471.0086669921875,1972.7142333984375,-0.40485715866088867,983.8571428571429,1,507,1,0,1,31,12,124
0,176.0,0.5233751535415649,296.0,3.0,283.0,1814.0,291.18367346938754,12905.0,29.28333282470703,4.416666507720947,16955.267578125,22.233333587646484,4.300000190734863,4.449999809265137,39.46666717529297,19426.0,2385.1428571428573,0.7776190638542175,25.87071418762207,199.05714285714285,1469.855712890625,1963.3143310546875,-0.4055476486682892,989.1142857142858,1,507,1,0,1,31,4,74
0,160.0,0.27480044960975647,296.0,3.0,283.0,3620.0,287.14285714285694,12644.6669921875,30.049999237060547,4.616666793823242,19219.333984375,22.149999618530273,4.099999904632568,4.449999809265137,39.41666793823242,19429.333984375,2399.9142857142856,0.7653571367263794,25.76738166809082,193.9142857142857,1468.111328125,1962.199951171875,-0.3841428756713867,988.5142857142857,2,507,1,0,1,31,6,63
0,169.0,0.8129988312721252,296.0,3.0,283.0,1157.0,283.7959183673468,12297.6669921875,27.71666717529297,3.700000047683716,18316.80078125,22.33333396911621,4.0,4.349999904632568,41.31666564941406,17526.833984375,2406.457142857143,0.7515714168548584,25.745952606201172,192.25714285714287,1471.546875,1950.5714111328125,-0.3278571367263794,993.3142857142857,0,507,1,0,1,41,8,76
0,277.0,0.4789053499698639,296.0,3.0,283.0,2415.0,277.0612244897957,13239.0,34.505558013916016,4.016666889190674,21743.7890625,28.927778244018555,6.933333396911621,4.483333110809326,28.905555725097656,31144.22265625,2439.285714285714,0.698190450668335,25.41238021850586,180.42857142857142,1478.30908203125,1940.4000244140625,-0.08516667038202286,989.5142857142857,0,507,1,0,1,21,15,104
0,390.0,0.2964652180671692,296.0,3.0,283.0,2416.0,272.87755102040796,13246.3330078125,36.08333206176758,4.433333396911621,18486.666015625,26.683332443237305,5.900000095367432,4.449999809265137,34.28333282470703,27658.5,2455.457142857143,0.6956666707992554,25.318452835083008,175.6,1475.93701171875,1955.971435546875,-0.043214280158281326,991.5714285714286,0,507,1,0,1,31,15,144
0,212.0,0.5769669413566589,267.0,4.0,283.0,2736.0,265.2857142857141,11012.6669921875,33.45000076293945,4.849999904632568,17793.416015625,24.566667556762695,4.599999904632568,4.583333492279053,36.88333511352539,22225.833984375,2447.0857142857144,0.6666666865348816,25.165475845336914,176.31428571428572,1484.813232421875,1928.6856689453125,-0.1033809706568718,987.6,0,507,1,0,1,31,11,83
0,303.0,0.022805016487836838,267.0,4.0,283.0,2822.0,260.97959183673447,10896.0,31.53333282470703,2.0999999046325684,18928.43359375,23.649999618530273,4.699999809265137,4.566666603088379,35.21666717529297,21670.0,2439.3714285714286,0.6900714039802551,25.666786193847656,177.37142857142857,1490.1673583984375,1921.4000244140625,-0.11788094788789749,1001.3428571428572,1,507,1,0,1,21,12,121
0,188.0,0.2234891653060913,267.0,4.0,283.0,1375.0,255.22448979591817,13184.3330078125,30.799999237060547,6.300000190734863,18684.666015625,21.950000762939453,4.599999904632568,4.550000190734863,37.95000076293945,19833.333984375,2461.342857142857,0.6764047741889954,25.59583282470703,179.4,1489.357421875,1920.2572021484375,-0.13907140493392944,996.0857142857143,1,507,1,0,1,34,14,77
0,254.0,0.1356898546218872,267.0,4.0,283.0,1335.0,250.85714285714266,13735.3330078125,30.58333396911621,6.4666666984558105,17237.376953125,22.066665649414062,4.266666889190674,4.599999904632568,38.50555419921875,18577.333984375,2478.2,0.6836428642272949,25.718929290771484,183.65714285714284,1494.7064208984375,1898.4285888671875,-0.26507145166397095,996.9714285714285,1,507,1,0,1,31,11,101
0,210.0,0.36031925678253174,267.0,4.0,283.0,2011.0,240.57142857142836,11736.0,31.316667556762695,9.949999809265137,17287.849609375,21.766666412353516,4.699999809265137,4.5,38.28333282470703,17881.0,2546.3714285714286,0.6584761738777161,25.514760971069336,181.71428571428572,1497.841064453125,1907.4000244140625,-0.2668571472167969,995.6857142857143,1,507,1,0,1,21,14,91
0,147.0,0.09350056946277618,267.0,4.0,283.0,1476.0,242.59183673469366,11062.8330078125,31.683332443237305,5.183333396911621,18610.216796875,21.41666603088379,4.5,4.666666507720947,37.95000076293945,20127.5,2604.6,0.6516904830932617,25.483810424804688,178.14285714285714,1499.21826171875,1911.0,-0.27566665410995483,996.3428571428572,1,507,1,0,1,21,7,63
0,65.0,0.09007981419563293,267.0,4.0,283.0,7492.0,233.75510204081615,11170.0,31.600000381469727,5.699999809265137,17093.267578125,20.733333587646484,3.9000000953674316,4.699999809265137,40.983333587646484,19906.666015625,2557.342857142857,0.6607142686843872,25.494285583496094,182.02857142857144,1504.0450439453125,1924.7142333984375,-0.16809526085853577,996.5142857142857,3,507,1,0,1,21,3,25
0,141.0,0.18814139068126678,267.0,4.0,260.0,4852.0,230.30612244897947,13211.5,29.383333206176758,6.699999809265137,18631.43359375,22.350000381469727,4.300000190734863,4.550000190734863,41.04999923706055,21639.833984375,2657.942857142857,0.6483095288276672,25.49071502685547,180.9142857142857,1503.162353515625,1928.5142822265625,-0.19090475142002106,995.3428571428572,1,518,1,0,0,31,3,59
0,158.0,0.15963512659072876,267.0,4.0,260.0,6585.0,224.38775510204064,12020.5556640625,31.933334350585938,3.461111068725586,16853.328125,21.88888931274414,4.133333206176758,4.650000095367432,42.83333206176758,17940.611328125,2678.457142857143,0.6552143096923828,25.489404678344727,182.02857142857144,1498.767822265625,1931.05712890625,-0.18488094210624695,994.8285714285714,2,518,1,0,0,41,2,83
1,231.0,0.03648802638053894,267.0,4.0,260.0,10639.0,229.38775510204056,10433.7216796875,31.7277774810791,7.833333492279053,20127.58984375,22.794443130493164,4.166666507720947,4.699999809265137,38.31666946411133,19234.833984375,2730.4857142857145,0.6500476002693176,25.502857208251953,184.6,1504.0740966796875,1917.4000244140625,-0.19161903858184814,993.7714285714286,1,518,1,0,0,31,13,90
0,157.0,0.03876852989196777,267.0,4.0,260.0,15549.0,216.08163265306106,13246.3330078125,33.11666488647461,4.416666507720947,19367.833984375,25.78333282470703,4.699999809265137,4.800000190734863,33.33333206176758,21623.0,2742.5714285714284,0.6457856893539429,25.49678611755371,185.2,1506.3907470703125,1917.2572021484375,-0.180928573012352,993.1714285714286,2,518,1,0,0,31,9,61
0,73.0,0.11858608573675156,267.0,4.0,260.0,4715.0,215.69387755102025,11580.8330078125,30.266666412353516,4.116666793823242,17525.732421875,21.649999618530273,4.099999904632568,4.599999904632568,39.21666717529297,19262.666015625,2737.8571428571427,0.6446666717529297,25.449167251586914,183.0857142857143,1499.3505859375,1913.2572021484375,-0.19859524071216583,991.1142857142858,2,518,1,0,0,21,9,27
0,206.0,0.8722919225692749,267.0,4.0,260.0,1091.0,215.16326530612236,13054.3330078125,31.733333587646484,6.9666666984558105,19023.916015625,26.649999618530273,5.300000190734863,4.883333206176758,34.04999923706055,27273.666015625,2748.1714285714284,0.6069285869598389,24.929523468017578,184.02857142857144,1505.9915771484375,1894.971435546875,-0.2170238196849823,977.7428571428571,0,518,1,0,0,41,8,82
0,171.0,0.0672748014330864,267.0,4.0,260.0,2753.0,227.30612244897944,11875.72265625,28.683332443237305,8.977778434753418,19683.2890625,24.688888549804688,5.233333587646484,4.733333110809326,38.13888931274414,23127.056640625,2780.6,0.6251904964447021,25.245952606201172,187.94285714285715,1513.68359375,1873.2857666015625,-0.2681904733181,987.2857142857143,4,518,1,0,0,21,12,63
0,257.0,0.745724081993103,267.0,4.0,260.0,2487.0,216.24489795918353,14115.7783203125,32.06111145019531,5.877778053283691,19139.04296875,25.377777099609375,5.0,4.711111068725586,34.86111068725586,23773.111328125,2723.342857142857,0.633809506893158,25.38857078552246,192.8,1518.8416748046875,1855.7142333984375,-0.29750001430511475,989.9714285714285,4,518,1,0,0,31,11,95
0,122.0,0.1014823243021965,267.0,4.0,260.0,4644.0,218.22448979591823,15237.0,32.43333435058594,7.449999809265137,20919.400390625,22.683332443237305,4.199999809265137,4.699999809265137,38.13333511352539,19869.666015625,2764.4285714285716,0.6236904859542847,25.24738121032715,184.6,1502.6026611328125,1877.4857177734375,-0.29585713148117065,988.3428571428572,4,518,1,0,0,21,9,47
0,228.0,0.08323831111192703,267.0,4.0,260.0,7254.0,216.38775510204073,14522.0,31.766666412353516,4.116666793823242,18401.69921875,23.350000381469727,4.699999809265137,4.599999904632568,38.13333511352539,21555.0,2760.057142857143,0.6341428756713867,25.303571701049805,185.74285714285713,1503.5968017578125,1873.199951171875,-0.3351428806781769,991.2285714285714,2,518,1,0,0,41,7,85
0,132.0,0.3968072831630707,267.0,4.0,260.0,8245.0,215.42857142857133,13547.3330078125,30.03333282470703,4.7166666984558105,17017.716796875,21.700000762939453,4.5,4.449999809265137,36.96666717529297,20540.0,2761.057142857143,0.6420238018035889,25.343809127807617,185.62857142857143,1500.4417724609375,1875.2857666015625,-0.3444523811340332,992.5714285714286,1,518,1,0,0,21,14,50
0,179.0,0.29988598823547363,267.0,4.0,260.0,3673.0,220.7346938775509,12325.8330078125,30.66666603088379,10.466666221618652,20453.06640625,27.766666412353516,6.199999809265137,4.599999904632568,38.13333511352539,27043.166015625,2784.8285714285716,0.6209285855293274,24.940475463867188,188.37142857142857,1501.1715087890625,1869.199951171875,-0.385357141494751,979.2857142857143,3,518,1,0,0,31,7,67
0,19.0,0.46978336572647095,267.0,4.0,260.0,5752.0,216.71428571428558,10811.8330078125,31.03333282470703,4.366666793823242,19463.333984375,27.266666412353516,5.5,4.699999809265137,36.29999923706055,23018.0,2914.0857142857144,0.6190237998962402,24.84642791748047,191.4,1517.718505859375,1866.6571044921875,-0.4302856922149658,983.3714285714286,5,518,1,0,0,21,1,7
0,62.0,0.09920182079076767,267.0,4.0,260.0,2803.0,218.51020408163248,11322.0,30.600000381469727,5.0,19947.75,24.83333396911621,4.599999904632568,4.699999809265137,36.93333435058594,24449.333984375,2984.7714285714287,0.6147857308387756,24.74916648864746,190.2,1516.6458740234375,1866.5142822265625,-0.4452619254589081,981.1142857142858,0,518,1,0,0,31,9,28
0,258.0,0.22120866179466248,267.0,4.0,260.0,1317.0,226.34693877551,13059.8330078125,30.922222137451172,6.849999904632568,19891.060546875,26.288888931274414,5.633333206176758,4.833333492279053,36.72222137451172,24038.888671875,3104.6,0.6412143111228943,25.184524536132812,193.4,1520.8424072265625,1857.971435546875,-0.43878573179244995,994.6857142857143,0,518,1,0,1,21,16,96
0,237.0,0.24629418551921844,267.0,4.0,260.0,1649.0,228.85714285714275,11671.9443359375,31.161109924316406,7.75,19208.2265625,24.077777862548828,4.566666603088379,4.833333492279053,38.338890075683594,22547.16796875,3221.5714285714284,0.6384999752044678,25.160476684570312,196.37142857142857,1524.6495361328125,1852.1142578125,-0.42592859268188477,992.2285714285714,2,518,1,0,0,41,14,87
0,322.0,0.17787913978099823,267.0,4.0,260.0,1591.0,240.10204081632637,11615.77734375,33.05555725097656,11.300000190734863,20556.3671875,25.299999237060547,5.933333396911621,4.800000190734863,37.0,25306.666015625,3379.4857142857145,0.6112856864929199,24.64476203918457,190.88571428571427,1528.1756591796875,1858.971435546875,-0.44511908292770386,984.8571428571429,0,518,1,0,1,31,3,132
0,369.0,0.6841505169868469,267.0,4.0,260.0,1171.0,227.5306122448978,12465.0,32.58333206176758,7.25,21428.55078125,28.016666412353516,5.900000095367432,4.599999904632568,37.68333435058594,29334.0,3260.7714285714287,0.6879285573959351,25.137975692749023,203.11428571428573,1524.9615478515625,1858.5142822265625,-0.8374285697937012,1015.5142857142857,0,518,1,0,1,21,12,152
0,,0.2018243968486786,267.0,4.0,260.0,3616.0,221.16326530612233,12643.2216796875,29.78333282470703,8.427777290344238,21793.400390625,28.366666793823242,6.300000190734863,4.6888885498046875,38.377777099609375,34254.66796875,3250.542857142857,0.6398571729660034,24.23452377319336,198.8,1532.8995361328125,1867.2857666015625,-0.8376904726028442,997.0285714285715,0,518,1,0,1,21,10,
0,189.0,0.9213227033615112,267.0,4.0,260.0,1117.0,219.5306122448978,11286.6669921875,32.0,12.399999618530273,27090.5,29.53333282470703,6.5,4.699999809265137,35.66666793823242,34591.33203125,3191.0857142857144,0.7091666460037231,25.261667251586914,215.4,1546.8468017578125,1825.82861328125,-0.871666669845581,1011.0857142857143,0,518,1,0,1,21,5,75
0,154.0,0.5997719764709473,267.0,4.0,229.0,1206.0,213.38775510204067,13046.0,29.450000762939453,12.066666603088379,18217.8671875,22.433332443237305,4.599999904632568,4.900000095367432,38.86666488647461,20030.666015625,3129.5714285714284,0.772428572177887,26.067142486572266,225.54285714285714,1547.4525146484375,1799.028564453125,-0.9083571434020996,1026.1714285714286,0,481,1,0,1,31,30,58
0,210.0,0.05017103627324104,267.0,4.0,229.0,2098.0,208.61224489795902,13471.888671875,34.82777786254883,6.25,20124.7734375,25.33888816833496,4.599999904632568,4.933333396911621,35.36666488647461,25947.833984375,3106.942857142857,0.7941904664039612,26.25690460205078,228.0,1548.92431640625,1801.5428466796875,-0.9384762048721313,1032.8857142857144,2,481,1,0,0,11,11,88
0,192.0,0.1824401319026947,267.0,4.0,229.0,4166.0,203.10204081632642,13008.1669921875,31.5,16.149999618530273,22661.583984375,28.549999237060547,6.599999904632568,4.833333492279053,38.54999923706055,33039.66796875,3075.2,0.7769523859024048,25.88702392578125,225.71428571428572,1549.2213134765625,1798.6571044921875,-0.9413333535194397,1027.142857142857,4,481,1,0,0,31,12,78
0,119.91228022761095,0.06499429792165756,267.0,4.0,229.0,4823.0,196.877551020408,10381.6669921875,33.31666564941406,14.100000381469727,23105.69921875,27.649999618530273,5.5,4.7833333015441895,35.43333435058594,28478.5,3064.114285714286,0.7465000152587891,25.439285278320312,222.22857142857143,1541.628173828125,1793.800048828125,-0.969785749912262,1012.5714285714286,4,481,1,0,0,31,5,49
0,92.0,0.010262257419526577,267.0,4.0,229.0,15625.0,192.04081632653046,8481.0,32.66666793823242,12.5,18064.349609375,25.350000381469727,5.199999809265137,5.050000190734863,39.16666793823242,24054.5,2952.2571428571428,0.7945238351821899,25.933095932006836,237.9142857142857,1555.5718994140625,1755.82861328125,-0.977404773235321,1024.4571428571428,2,481,1,0,0,21,7,36
0,56.0,0.03876852989196777,267.0,4.0,229.0,17136.0,186.2653061224489,11320.6669921875,32.38333511352539,5.616666793823242,17569.966796875,25.516666412353516,4.800000190734863,4.800000190734863,37.349998474121094,22063.666015625,2907.7714285714287,0.8432142734527588,26.469999313354492,245.88571428571427,1559.13427734375,1746.800048828125,-0.982619047164917,1036.942857142857,2,481,1,0,0,11,26,25
0,137.0,0.0,267.0,4.0,229.0,24259.0,177.04081632653066,11477.8330078125,33.08333206176758,6.116666793823242,17659.166015625,25.53333282470703,4.5,4.883333206176758,36.516666412353516,25538.166015625,2896.2,0.8480238318443298,26.455951690673828,253.2,1570.59423828125,1723.4285888671875,-1.0200238227844238,1038.4857142857143,5,481,1,0,0,21,5,63
1,63.0,0.0,267.0,4.0,260.0,32203.0,171.44897959183675,12838.3330078125,29.08333396911621,6.25,20990.833984375,21.53333282470703,4.0,4.883333206176758,42.38333511352539,18728.333984375,2880.9142857142856,0.8952857255935669,26.87797737121582,263.0857142857143,1577.6854248046875,1699.2572021484375,-1.0693094730377197,1045.3142857142857,1,518,1,0,0,34,10,29
0,57.0,0.0011402508243918419,267.0,4.0,260.0,32767.0,166.28571428571433,13054.5,27.5,6.583333492279053,17332.533203125,21.450000762939453,3.9000000953674316,4.883333206176758,46.349998474121094,15979.6669921875,2904.0,0.893928587436676,26.858333587646484,262.62857142857143,1576.981689453125,1694.3143310546875,-1.0836666822433472,1044.9142857142858,1,518,1,0,0,31,11,22
0,108.0,0.1892816424369812,267.0,4.0,260.0,32767.0,162.71428571428572,11526.6669921875,30.983333587646484,5.166666507720947,15995.3330078125,21.600000381469727,4.0,4.983333110809326,39.233333587646484,19388.666015625,2977.714285714286,0.8924285769462585,26.746427536010742,261.2857142857143,1588.1553955078125,1686.3428955078125,-1.128690481185913,1051.6857142857143,0,518,1,0,0,21,6,43
0,120.0,0.0,267.0,4.0,260.0,32767.0,161.08163265306115,10974.5,27.633333206176758,7.233333110809326,22293.19921875,24.08333396911621,3.9000000953674316,4.800000190734863,44.0,19290.833984375,3012.0,0.8923333287239075,26.702024459838867,264.65714285714284,1589.5377197265625,1662.971435546875,-1.1368809938430786,1047.8,0,518,1,0,0,41,14,47
0,107.0,0.11630558967590332,267.0,4.0,260.0,25864.0,159.55102040816317,12464.111328125,27.127777099609375,5.7166666984558105,20751.734375,20.69444465637207,4.666666507720947,4.905555248260498,41.911109924316406,27562.0,3113.8,0.9078094959259033,26.81357192993164,268.1714285714286,1589.0106201171875,1630.4571533203125,-1.1510952711105347,1048.3142857142857,0,518,1,0,0,21,22,46
1,137.0,0.11630558967590332,267.0,4.0,260.0,23338.0,165.79591836734693,13425.3330078125,28.433332443237305,7.300000190734863,18175.466796875,21.600000381469727,4.199999809265137,4.883333206176758,41.41666793823242,21535.0,3113.8,0.9078094959259033,26.81357192993164,268.1714285714286,1589.0106201171875,1630.4571533203125,-1.1510952711105347,1048.3142857142857,2,518,1,0,0,41,3,57
0,103.0,0.0,267.0,4.0,260.0,9629.0,163.87755102040802,23252.166015625,32.16666793823242,6.083333492279053,17949.533203125,21.46666717529297,4.199999809265137,5.050000190734863,41.31666564941406,17687.333984375,3167.6857142857143,0.9171666502952576,26.7209529876709,272.65714285714284,1595.6314697265625,1605.17138671875,-1.2172619104385376,1047.8857142857144,1,518,1,0,0,11,4,47
0,40.0,0.0,267.0,4.0,260.0,7937.0,164.1224489795917,9767.0556640625,34.1944465637207,6.616666793823242,17672.734375,20.88888931274414,3.933333396911621,4.866666793823242,42.07222366333008,17324.666015625,3190.457142857143,0.9097856879234314,26.60630989074707,271.77142857142854,1596.1746826171875,1601.228515625,-1.2197142839431763,1046.4571428571428,2,518,1,0,0,21,6,19
0,97.0,0.2508551776409149,267.0,4.0,260.0,2981.0,162.7551020408162,11134.5,33.849998474121094,6.133333206176758,20611.8828125,23.75,4.800000190734863,4.849999904632568,39.96666717529297,22476.666015625,3227.057142857143,0.8811190724372864,26.290237426757812,270.8,1592.9853515625,1579.914306640625,-1.225857138633728,1033.4571428571428,2,518,1,0,0,21,12,43
0,116.0,0.4047890603542328,267.0,4.0,260.0,2822.0,159.24489795918353,10729.0,26.700000762939453,6.616666793823242,19585.43359375,22.200000762939453,4.699999809265137,5.083333492279053,43.83333206176758,19426.666015625,3254.0285714285715,0.9146190285682678,26.414047241210938,279.0857142857143,1598.6217041015625,1548.8857421875,-1.2778571844100952,1037.1714285714286,5,518,1,0,1,21,24,49
0,169.0,0.0,267.0,4.0,260.0,4557.0,155.30612244897944,9041.5,27.5,8.75,19543.19921875,20.883333206176758,3.700000047683716,4.900000095367432,43.54999923706055,17667.5,3321.457142857143,0.9214999675750732,26.40440559387207,280.8285714285714,1601.4560546875,1548.6856689453125,-1.2866429090499878,1038.8285714285714,1,518,1,0,0,42,7,65
0,135.0,0.3021664619445801,267.0,4.0,260.0,10692.0,151.16326530612233,10797.6669921875,28.149999618530273,11.399999618530273,20807.68359375,26.78333282470703,5.599999904632568,5.099999904632568,45.25,29485.166015625,3335.2,0.9297857284545898,26.44333267211914,285.1714285714286,1607.0965576171875,1527.4571533203125,-1.3268333673477173,1038.0285714285715,0,518,1,0,0,21,8,57
1,163.0,0.0,267.0,4.0,229.0,9151.0,151.1395348837208,10247.0,24.83333396911621,7.5333333015441895,20582.232421875,21.799999237060547,4.0,4.883333206176758,42.650001525878906,17286.666015625,3440.2571428571428,0.9595000147819519,26.633333206176758,285.85714285714283,1602.1224365234375,1542.2572021484375,-1.3489524126052856,1042.7428571428572,2,481,1,0,0,34,24,77
0,84.0,0.0,267.0,4.0,229.0,2406.0,147.6363636363635,9994.0,23.661109924316406,6.577777862548828,19157.689453125,20.927778244018555,3.933333158493042,4.900000095367432,48.18333435058594,16950.77734375,3418.9714285714285,0.9416905045509338,26.450237274169922,288.0571428571429,1612.5277099609375,1535.3714599609375,-1.3335237503051758,1038.5714285714287,5,481,1,0,0,31,9,35
1,362.0,0.6339794993400574,286.0,2.0,313.0,1348.0,331.4081632653058,17935.5,31.41666603088379,1.4166666269302368,22460.017578125,23.649999618530273,4.699999809265137,4.349999904632568,32.53333282470703,40219.16796875,1160.6285714285714,0.627047598361969,25.82428550720215,20.542857142857144,1311.884521484375,2570.0,-0.5129523873329163,1001.4857142857143,0,505,1,1,0,21,21,130
0,344.0,0.8301026225090027,286.0,2.0,313.0,1223.0,343.1224489795914,15816.5,30.816667556762695,1.2166666984558105,20931.232421875,24.133333206176758,4.400000095367432,4.349999904632568,30.71666717529297,22303.833984375,1214.4857142857143,0.6558809280395508,25.788095474243164,26.914285714285715,1323.496826171875,2537.628662109375,-0.6977618932723999,1007.8857142857142,0,505,1,1,0,31,3,146
0,378.0,0.8483466506004333,286.0,2.0,313.0,1075.0,313.55102040816297,16901.166015625,26.883333206176758,0.550000011920929,18285.732421875,22.5,4.699999809265137,4.083333492279053,35.516666412353516,20754.833984375,1461.857142857143,0.6989523768424988,26.057619094848633,39.91428571428571,1332.66259765625,2541.685791015625,-1.2473571300506592,1010.7428571428571,0,505,1,1,0,41,18,182
0,270.0,0.6567844748497009,286.0,2.0,313.0,1187.0,317.081632653061,16978.333984375,34.088890075683594,0.41111111640930176,19961.544921875,24.616666793823242,5.066666603088379,4.083333492279053,37.916664123535156,22328.888671875,1528.6571428571428,0.6695238351821899,25.951904296875,41.885714285714286,1331.3262939453125,2576.1142578125,-1.0543094873428345,1005.2857142857143,0,505,1,0,1,31,35,129
0,270.0,0.8643101453781128,286.0,2.0,296.0,1099.0,318.8979591836732,18218.666015625,28.950000762939453,0.3333333432674408,17627.267578125,24.983333587646484,5.199999809265137,4.050000190734863,40.233333587646484,22433.0,1568.9142857142858,0.6444047689437866,25.940475463867188,51.0,1327.3603515625,2603.6572265625,-0.9823095202445984,991.3142857142857,0,474,1,0,0,42,35,129
0,277.0,0.9270239472389221,286.0,2.0,296.0,1058.0,310.9387755102039,24908.333984375,29.633333206176758,0.4000000059604645,18006.232421875,24.633333206176758,5.699999809265137,3.950000047683716,33.45000076293945,23845.666015625,1576.4857142857143,0.6388809680938721,25.93666648864746,52.8,1327.6734619140625,2597.82861328125,-0.9574047327041626,989.0,0,474,1,0,0,21,35,132
0,312.0,0.8335233926773071,286.0,2.0,296.0,1117.0,299.6938775510202,20284.666015625,29.883333206176758,0.10000000149011612,19102.232421875,26.183332443237305,5.300000190734863,4.050000190734863,38.68333435058594,23697.666015625,1566.057142857143,0.628595232963562,25.964405059814453,52.542857142857144,1323.7900390625,2592.71435546875,-0.9679762125015259,986.5428571428571,0,474,1,0,0,41,35,148
1,229.0,0.12314709275960922,286.0,2.0,296.0,2357.0,285.9999999999998,18090.0,30.299999237060547,0.8666666746139526,23265.19921875,26.58333396911621,5.199999809265137,4.0,37.61666488647461,29828.833984375,1591.0285714285715,0.6337618827819824,26.174285888671875,55.97142857142857,1324.15966796875,2559.857177734375,-0.744190514087677,987.3142857142857,0,474,1,0,0,41,17,106
1,52.0,0.22120866179466248,286.0,2.0,296.0,6611.0,282.4285714285713,17858.333984375,31.366666793823242,1.2333333492279053,18978.44921875,24.933332443237305,5.400000095367432,4.133333206176758,35.16666793823242,32294.666015625,1589.6857142857143,0.6347380876541138,26.20809555053711,57.82857142857143,1324.390380859375,2545.685791015625,-0.7319523692131042,986.2285714285714,0,474,1,0,0,34,8,21
1,320.0,0.13226909935474396,286.0,2.0,296.0,10401.0,281.1632653061223,,30.78333282470703,0.6499999761581421,,26.66666603088379,5.699999809265137,4.050000190734863,36.599998474121094,,1605.9714285714285,0.6375238299369812,26.25,56.25714285714286,1320.980712890625,2551.800048828125,-0.7029285430908203,987.2,0,474,1,0,0,34,21,108
0,371.0,0.8734321594238281,286.0,2.0,296.0,1312.0,281.5510204081631,22762.666015625,26.983333587646484,2.2333333492279053,19011.666015625,24.383333206176758,5.0,4.083333492279053,32.41666793823242,26542.333984375,1609.2285714285715,0.621071457862854,26.125,54.2,1319.797119140625,2569.971435546875,-0.6821666955947876,985.3714285714286,0,474,1,1,0,41,14,174
1,307.0,0.6294184923171997,286.0,2.0,296.0,1329.0,305.87755102040785,23809.333984375,29.53333282470703,1.399999976158142,18611.033203125,26.133333206176758,5.599999904632568,4.0333333015441895,34.71666717529297,26276.833984375,1787.5142857142857,0.6119047403335571,26.289880752563477,52.74285714285714,1317.757568359375,2573.94287109375,-0.48971426486968994,988.7428571428571,0,474,1,0,0,31,21,145
0,309.0,0.6294184923171997,286.0,2.0,296.0,1187.0,274.8775510204079,21039.166015625,36.81666564941406,1.6333333253860474,19564.31640625,27.766666412353516,6.099999904632568,4.099999904632568,26.983333587646484,29908.666015625,2373.1428571428573,0.6437143087387085,26.79702377319336,43.51428571428571,1349.4039306640625,2983.199951171875,0.28207144141197205,1029.9142857142858,1,474,1,1,0,21,32,123
0,261.0,0.0,286.0,2.0,285.0,4233.0,269.5102040816323,20886.666015625,32.81666564941406,0.2666666805744171,21895.43359375,28.733333587646484,6.5,4.349999904632568,21.549999237060547,31812.0,2378.4285714285716,0.6530476212501526,26.92630958557129,46.885714285714286,1352.718994140625,2925.94287109375,0.2657619118690491,1032.2,0,496,1,1,0,34,16,102
1,331.0,0.05587229132652283,286.0,2.0,285.0,1607.0,252.71428571428552,21542.333984375,33.18333435058594,0.8166666626930237,21301.5,27.75,5.5,4.183333396911621,23.133333206176758,27705.333984375,2385.6,0.6521428823471069,26.88166618347168,57.4,1362.35888671875,2689.8857421875,0.21597617864608765,1026.6,0,496,1,0,0,34,30,147
1,330.0,0.05815279483795166,286.0,2.0,285.0,2379.0,254.73469387755082,22222.0,36.75,1.5666667222976685,21559.482421875,27.149999618530273,5.400000095367432,4.2833333015441895,17.299999237060547,25035.833984375,2389.8571428571427,0.6539523601531982,26.882261276245117,58.48571428571429,1359.195556640625,2650.39990234375,0.22792857885360718,1023.6857142857143,0,496,1,0,0,31,32,141
1,154.93080278709343,0.03876852989196777,286.0,2.0,285.0,8364.0,254.6326530612243,17552.833984375,33.04999923706055,0.9166666865348816,18310.43359375,26.66666603088379,5.300000190734863,4.383333206176758,18.96666717529297,39974.0,2369.885714285714,0.6643809676170349,26.95404815673828,71.34285714285714,1376.5025634765625,2472.085693359375,0.18378572165966034,1024.0857142857142,0,496,1,0,0,21,21,57
1,192.0076691777776,0.2086659073829651,286.0,2.0,285.0,1468.0,263.14285714285694,20048.5,32.28333282470703,1.7666666507720947,17729.55078125,23.83333396911621,5.099999904632568,4.4666666984558105,18.5,22451.0,2380.057142857143,0.6631428599357605,26.920000076293945,81.05714285714286,1384.320068359375,2342.54296875,0.1133333295583725,1018.9142857142857,0,496,1,0,1,42,15,85
1,187.0,0.5290763974189758,286.0,2.0,272.0,1043.0,278.08163265306115,20868.0,36.06666564941406,2.633333444595337,20289.400390625,24.91666603088379,5.300000190734863,4.2166666984558105,18.100000381469727,21796.0,2380.6285714285714,0.6727380752563477,26.910594940185547,87.51428571428572,1389.1759033203125,2280.028564453125,0.04066666215658188,1015.0,0,497,1,0,1,41,12,66
0,369.9838030400779,0.0,296.0,3.0,272.0,2813.0,279.1020408163264,22723.333984375,28.733333587646484,1.7166666984558105,18691.1328125,24.566667556762695,5.099999904632568,4.333333492279053,16.683332443237305,25363.333984375,2389.114285714286,0.6865000128746033,27.012619018554688,89.2,1394.7813720703125,2258.371337890625,0.041238099336624146,1019.9428571428572,0,497,1,0,1,34,18,126
1,318.0,0.0,292.6666666666667,2.666666666666667,272.0,3423.0,279.1020408163264,21928.888671875,29.27777671813965,1.255555510520935,19103.783203125,24.788888931274414,5.133333206176758,4.277777671813965,16.761112213134766,30668.443359375,2389.114285714286,0.6865000128746033,27.012619018554688,89.2,1394.7813720703125,2258.371337890625,0.041238099336624146,1019.9428571428572,0,497,1,0,1,34,28,120
1,246.0,0.7160775661468506,296.0,3.0,272.0,1122.0,268.9795918367344,16662.0,27.25,3.799999952316284,17797.583984375,24.566667556762695,4.5,4.150000095367432,19.33333396911621,23472.0,2438.0285714285715,0.7145237922668457,27.03499984741211,94.28571428571429,1410.789306640625,2130.39990234375,-0.07476190477609634,1029.7428571428572,0,497,1,0,0,42,33,84
0,123.0,0.5724059343338013,296.0,3.0,272.0,1150.0,272.63265306122435,14778.6669921875,26.950000762939453,2.7666666507720947,16346.7666015625,23.75,4.699999809265137,4.0333333015441895,18.41666603088379,20538.5,2420.6,0.715666651725769,27.06011962890625,94.74285714285715,1414.5435791015625,2120.05712890625,-0.06495238095521927,1032.057142857143,2,497,1,0,0,41,19,46
0,270.0,0.6305587291717529,296.0,3.0,272.0,1141.0,264.65306122448953,14724.1669921875,29.350000381469727,4.400000095367432,16075.2001953125,23.633333206176758,4.300000190734863,4.099999904632568,25.25,18667.0,2445.0285714285715,0.7368571758270264,27.183452606201172,96.85714285714286,1416.15380859375,2042.857177734375,-0.08235713839530945,1035.9714285714285,0,497,1,1,0,41,20,119
1,125.0,0.5062713623046875,296.0,3.0,272.0,1179.0,263.83673469387736,12222.8330078125,28.983333587646484,6.766666889190674,16905.349609375,24.149999618530273,5.0,4.183333396911621,20.516666412353516,25248.833984375,2459.9142857142856,0.7443333268165588,27.212976455688477,98.31428571428572,1419.0401611328125,2025.971435546875,-0.09497619420289993,1036.8857142857144,0,482,1,0,0,42,27,42
0,247.0,0.5826681852340698,296.0,3.0,272.0,1546.0,264.5306122448978,30497.333984375,27.855554580688477,4.044444561004639,15815.0888671875,23.28333282470703,4.633333206176758,4.166666507720947,22.44444465637207,51399.33203125,2456.1428571428573,0.7626904845237732,27.351308822631836,101.2,1415.958251953125,1969.7142333984375,-0.07564286887645721,1036.5714285714287,0,482,1,0,0,31,20,91
0,227.0,0.6898517608642578,296.0,3.0,272.0,1028.0,264.5306122448978,12079.2216796875,34.28333282470703,3.2333333492279053,16372.2548828125,21.872220993041992,4.400000095367432,4.150000095367432,29.611112594604492,20565.22265625,2461.8,0.7617856860160828,27.278690338134766,103.17142857142858,1420.2071533203125,1947.800048828125,-0.06100001186132431,1035.8857142857144,0,482,1,0,0,21,9,78
1,337.0,0.0,296.0,3.0,271.0,3984.0,266.673469387755,13284.0,31.616666793823242,3.383333444595337,17840.25,23.883333206176758,4.300000190734863,4.333333492279053,26.58333396911621,31006.5,2486.7428571428572,0.7779762148857117,27.428333282470703,109.2,1418.320556640625,1893.6571044921875,-0.09888095408678055,1032.4285714285713,0,482,1,0,0,41,35,127
1,319.0,0.09007981419563293,296.0,3.0,271.0,5494.0,268.38775510204067,15392.1669921875,29.28333282470703,8.983333587646484,18670.966796875,24.03333282470703,4.699999809265137,4.5,24.483333587646484,37211.33203125,2523.457142857143,0.7885000109672546,27.463214874267578,104.68571428571428,1421.953857421875,1947.5142822265625,-0.0782380998134613,1041.8,0,482,1,0,0,31,20,109
1,213.34553514500558,0.36830103397369385,296.0,3.0,271.0,1911.0,270.9183673469387,11482.1669921875,33.150001525878906,6.849999904632568,15456.033203125,22.816667556762695,4.300000190734863,4.183333396911621,24.566667556762695,41858.0,2564.8571428571427,0.7853571176528931,27.429405212402344,99.82857142857142,1418.5433349609375,2012.6571044921875,-0.060523808002471924,1043.7142857142858,0,482,1,0,0,21,12,90
0,225.0,0.7023945450782776,296.0,3.0,293.0,1584.0,273.6938775510202,13230.5,29.96666717529297,5.866666793823242,16602.216796875,25.016666412353516,5.0,4.150000095367432,23.899999618530273,20851.666015625,2712.2571428571428,0.791785717010498,27.42654800415039,86.48571428571428,1419.6634521484375,2301.314208984375,-0.053357139229774475,1058.9714285714285,0,476,1,1,0,24,3,76
1,142.0,0.7274800539016724,296.0,3.0,293.0,1106.0,273.408163265306,16231.388671875,36.58333206176758,3.049999952316284,21101.216796875,24.433332443237305,5.200000286102295,4.0333333015441895,33.127777099609375,22334.16796875,2738.0857142857144,0.793666660785675,27.423095703125,82.51428571428572,1419.2103271484375,2373.228515625,-0.026785722002387047,1063.2857142857142,0,476,1,0,0,42,35,48
0,167.45406904241847,0.3181299865245819,296.0,3.0,293.0,1320.0,273.95918367346917,15948.1669921875,35.5,2.433333396911621,17221.8671875,23.116666793823242,5.0,4.099999904632568,35.81666564941406,22325.5,2804.457142857143,0.807452380657196,27.503929138183594,82.28571428571429,1424.8770751953125,2466.05712890625,0.011047618463635445,1071.6285714285714,1,476,1,0,0,31,25,66
1,231.0,0.26111745834350586,296.0,3.0,293.0,1513.0,257.53061224489784,15907.5,35.516666412353516,2.9166667461395264,17734.75,22.883333206176758,5.400000095367432,3.950000047683716,33.75,22547.0,2994.6857142857143,0.8380237817764282,27.544523239135742,85.65714285714286,1416.54150390625,2520.800048828125,0.07900000363588333,1068.7142857142858,0,476,1,0,0,31,34,82
0,168.0,0.7594070434570312,296.0,3.0,293.0,1164.0,255.12244897959167,15237.6669921875,37.96666717529297,4.416666507720947,18066.1328125,25.100000381469727,6.0,3.950000047683716,42.41666793823242,22469.666015625,3002.057142857143,0.8368809223175049,27.51976203918457,86.48571428571428,1417.59423828125,2515.17138671875,0.14890475571155548,1067.7428571428572,0,476,1,0,0,21,35,76
0,345.0,0.29988598823547363,296.0,3.0,293.0,1513.0,254.0408163265304,16192.3330078125,43.66666793823242,4.900000095367432,17581.666015625,24.233333587646484,5.5,3.950000047683716,34.150001525878906,22134.833984375,3012.4857142857145,0.8360714316368103,27.503095626831055,86.65714285714286,1413.1328125,2515.485595703125,0.16785715520381927,1064.5428571428572,0,476,1,0,0,31,35,157
0,226.0,0.8574686646461487,296.0,3.0,293.0,1057.0,253.9183673469386,15266.0,46.599998474121094,6.7166666984558105,19019.80078125,25.149999618530273,6.300000190734863,3.8499999046325684,27.383333206176758,23916.666015625,3032.885714285714,0.8442381024360657,27.496309280395508,90.91428571428571,1412.1085205078125,2492.571533203125,0.276928573846817,1060.4571428571428,0,476,1,0,1,21,29,104
0,295.0,0.46978336572647095,296.0,3.0,293.0,1152.0,259.14285714285694,13774.3330078125,41.266666412353516,2.5333333015441895,15038.4833984375,24.016666412353516,5.0,4.183333396911621,36.516666412353516,61431.0,3031.3142857142857,0.8542143106460571,27.525714874267578,97.42857142857143,1417.897216796875,2438.8857421875,0.43104761838912964,1057.857142857143,0,476,1,0,1,31,30,107
1,314.0,0.41505131125450134,296.0,3.0,293.0,1294.0,266.0408163265305,14377.6669921875,39.46666717529297,2.0333333015441895,15530.466796875,23.28333282470703,4.900000095367432,4.050000190734863,36.483333587646484,21193.0,3040.2285714285713,0.8614761829376221,27.55714225769043,100.2,1411.070068359375,2412.0,0.44380950927734375,1052.3714285714286,0,476,1,0,1,21,13,125
0,190.0,0.7753705978393555,296.0,3.0,293.0,1123.0,267.5510204081631,13677.0,43.766666412353516,4.099999904632568,17402.783203125,26.133333206176758,5.699999809265137,4.050000190734863,31.933332443237305,24141.5,3038.0857142857144,0.8595714569091797,27.49547576904297,100.42857142857143,1407.7139892578125,2400.05712890625,0.4131428599357605,1049.4857142857143,1,476,1,0,1,21,35,90
0,301.0,0.9703534841537476,296.0,3.0,293.0,1041.0,308.99999999999983,12981.0,33.099998474121094,2.066666603088379,15070.75,22.366666793823242,4.599999904632568,4.083333492279053,37.93333435058594,17035.0,2977.3142857142857,0.9086190462112427,27.18666648864746,129.4,1388.0816650390625,2230.314208984375,0.20569048821926117,1010.3142857142857,0,476,1,0,1,21,35,160
0,89.0,0.0057012541219592094,296.0,3.0,293.0,1494.0,316.61224489795904,11412.5,36.28333282470703,2.2333333492279053,22550.1171875,25.850000381469727,6.599999904632568,4.300000190734863,37.516666412353516,27520.5,2690.2571428571428,0.9941904544830322,27.34107208251953,143.14285714285714,1382.8460693359375,2273.914306640625,0.21392856538295746,1011.4857142857143,3,476,1,0,0,31,1,47
0,369.0,0.3842645287513733,296.0,3.0,293.0,2573.0,315.8571428571427,12812.3330078125,34.43333435058594,2.4666666984558105,21058.19921875,24.25,5.400000095367432,4.150000095367432,36.650001525878906,21168.0,2657.7714285714287,0.9994285702705383,27.39559555053711,145.25714285714287,1389.5867919921875,2260.371337890625,0.22330953180789948,1014.5142857142857,0,476,1,0,0,21,35,187
0,288.0,0.6602052450180054,296.0,3.0,293.0,1801.0,313.5306122448978,11970.6669921875,32.20000076293945,1.7166666984558105,22725.599609375,22.433332443237305,4.699999809265137,4.2833333015441895,36.71666717529297,19058.166015625,2615.1428571428573,1.0052380561828613,27.56488037109375,147.71428571428572,1409.3035888671875,2237.1142578125,0.269095242023468,1025.7142857142858,0,476,1,1,0,42,27,143
1,203.0,0.45952108502388,296.0,3.0,283.0,1216.0,313.3673469387753,14255.8330078125,33.349998474121094,5.050000190734863,21809.8828125,23.83333396911621,4.800000190734863,4.083333492279053,33.233333587646484,19217.833984375,2596.342857142857,0.9982619285583496,27.499643325805664,137.62857142857143,1396.108642578125,2260.428466796875,0.32552382349967957,1026.4285714285713,3,507,1,0,1,42,14,109
0,277.7582940626869,0.4264538288116455,296.0,3.0,283.0,4043.0,314.673469387755,13588.8330078125,33.83333206176758,2.4000000953674316,20852.166015625,25.100000381469727,5.599999904632568,4.150000095367432,36.58333206176758,23038.333984375,2598.8571428571427,0.9956190586090088,27.448810577392578,133.5142857142857,1394.4256591796875,2273.257080078125,0.345214307308197,1029.5142857142857,2,507,1,0,1,11,21,153
0,214.0,0.5427594184875488,296.0,3.0,283.0,4659.0,314.673469387755,13564.0,31.516666412353516,4.199999809265137,20803.1171875,23.733333587646484,4.599999904632568,4.083333492279053,41.54999923706055,19593.333984375,2598.8571428571427,0.9956190586090088,27.448810577392578,133.5142857142857,1394.4256591796875,2273.257080078125,0.345214307308197,1029.5142857142857,0,507,1,0,1,42,13,116
0,456.0,0.8677309155464172,296.0,3.0,283.0,1712.0,314.34693877550995,13527.8330078125,33.33333206176758,3.316666603088379,19604.6328125,21.71666717529297,3.799999952316284,4.050000190734863,39.733333587646484,20045.166015625,2598.2571428571428,0.9658809304237366,27.21238136291504,126.48571428571428,1395.07470703125,2283.3427734375,0.338190495967865,1031.5428571428572,0,507,1,0,1,41,30,252
0,254.0,0.6533637642860413,296.0,3.0,283.0,2092.0,337.8979591836732,17380.0,33.54999923706055,6.5333333015441895,20659.1328125,27.100000381469727,5.5,4.133333206176758,34.78333282470703,27471.666015625,2574.0,0.918833315372467,26.690834045410156,127.48571428571428,1412.2701416015625,2413.371337890625,0.5610237717628479,1032.8857142857144,0,507,1,0,1,11,35,107
0,299.0,0.8608893752098083,296.0,3.0,283.0,1562.0,336.48979591836707,16709.333984375,36.06666564941406,4.666666507720947,20700.19921875,30.399999618530273,6.300000190734863,3.9833333492279053,35.13333511352539,25365.833984375,2554.4285714285716,0.9214285612106323,26.73297691345215,130.65714285714284,1415.758056640625,2426.514404296875,0.6214761734008789,1032.5428571428572,1,507,1,0,1,11,24,129
0,444.0,0.4937286078929901,296.0,3.0,283.0,2058.0,333.2653061224487,16498.666015625,35.66666793823242,2.866666555404663,20744.650390625,23.016666412353516,4.800000190734863,4.083333492279053,32.266666412353516,19483.5,2516.1428571428573,0.9290000200271606,26.847023010253906,132.54285714285714,1419.181884765625,2467.771484375,0.6441428661346436,1034.3714285714286,0,507,1,0,1,31,29,203
0,270.0,0.8677309155464172,296.0,3.0,283.0,1157.0,328.95918367346906,18515.166015625,36.099998474121094,8.033333778381348,22149.68359375,26.799999237060547,6.199999809265137,4.150000095367432,31.049999237060547,22104.0,2508.7714285714287,0.9131190776824951,26.560476303100586,124.85714285714286,1405.4228515625,2567.742919921875,0.7914047837257385,1033.0857142857142,0,507,1,0,1,31,19,148
0,206.0,0.4446978271007538,296.0,3.0,283.0,2293.0,317.12244897959164,16816.0,38.400001525878906,2.9000000953674316,23059.80078125,27.633333206176758,7.199999809265137,3.950000047683716,27.399999618530273,25142.833984375,2414.285714285714,0.9086904525756836,26.52833366394043,135.4,1420.1175537109375,2552.94287109375,0.6863095164299011,1032.142857142857,0,507,1,0,1,21,16,87
0,253.0,0.9281641840934753,296.0,3.0,283.0,1025.0,314.7959183673467,14805.0,34.96666717529297,4.0333333015441895,23015.69921875,27.183332443237305,5.300000190734863,4.150000095367432,26.733333587646484,24376.5,2406.0,0.8932856917381287,26.39130973815918,137.71428571428572,1428.6429443359375,2552.485595703125,0.5421190857887268,1033.7714285714285,0,507,1,0,1,31,4,139
1,256.0,0.14367160201072693,296.0,3.0,283.0,2886.0,314.44897959183646,13528.3330078125,35.33333206176758,3.5333333015441895,16695.099609375,23.316667556762695,5.0,4.150000095367432,29.700000762939453,33406.66796875,2411.4285714285716,0.9203571677207947,26.734285354614258,141.85714285714286,1428.6669921875,2522.085693359375,0.39407142996788025,1036.0857142857142,0,507,1,0,0,42,8,103
0,316.0,0.5541619062423706,296.0,3.0,283.0,2973.0,315.0612244897956,15113.8330078125,36.03333282470703,3.4833333492279053,24548.6171875,27.200000762939453,5.900000095367432,4.050000190734863,24.733333587646484,27498.666015625,2441.4285714285716,0.8902618885040283,26.485952377319336,133.8,1418.9779052734375,2577.142822265625,0.34204763174057007,1031.142857142857,1,507,1,0,0,21,4,169
0,273.0,0.14025086164474487,296.0,3.0,283.0,3016.0,316.40816326530586,15245.3330078125,36.86666488647461,4.300000190734863,21170.666015625,25.866666793823242,7.099999904632568,4.25,29.399999618530273,27265.0,2448.7714285714287,0.8550476431846619,26.07880973815918,136.37142857142857,1425.60302734375,2549.257080078125,0.27642855048179626,1023.0857142857143,3,507,1,0,0,41,6,120
0,14.0,0.11174458265304565,296.0,3.0,283.0,1328.0,317.5102040816324,13271.6669921875,35.46666717529297,1.8333333730697632,19729.666015625,24.350000381469727,4.800000190734863,4.199999809265137,32.11666488647461,23336.333984375,2448.342857142857,0.8453094959259033,25.94869041442871,139.05714285714285,1426.9312744140625,2513.771484375,0.2591428756713867,1018.8,3,507,1,0,1,21,4,7
0,411.0,0.8244013786315918,296.0,3.0,283.0,1104.0,314.2653061224487,15648.7783203125,36.744441986083984,1.850000023841858,19481.0546875,22.577777862548828,4.433333396911621,4.244444370269775,32.46110916137695,20867.77734375,2447.0857142857144,0.8385000228881836,26.057737350463867,151.65714285714284,1436.935791015625,2427.05712890625,0.18740476667881012,1017.2857142857143,0,507,1,0,1,21,6,201
0,184.0,0.9030786752700806,296.0,3.0,283.0,1053.0,310.36734693877526,13148.0,29.566665649414062,6.711111068725586,19218.845703125,26.39444351196289,5.933333396911621,4.25,39.94444274902344,26597.0,2415.0857142857144,0.825690507888794,26.24011993408203,183.65714285714284,1451.30322265625,2195.142822265625,-0.12723807990550995,996.4285714285714,0,507,1,0,1,21,7,97
0,198.0,0.11288483440876007,296.0,3.0,283.0,1633.0,309.8367346938773,12139.3330078125,32.233333587646484,2.7166666984558105,14206.2333984375,21.600000381469727,3.5,4.050000190734863,41.483333587646484,41591.66796875,2397.714285714286,0.8134047389030457,26.257381439208984,188.28571428571428,1454.4942626953125,2104.971435546875,-0.13942857086658478,991.2857142857143,2,507,1,0,1,31,1,71
0,274.0,0.22006841003894806,296.0,3.0,283.0,2199.0,303.3877551020405,14114.5,26.41666603088379,7.050000190734863,15958.9833984375,22.83333396911621,4.400000095367432,4.433333396911621,44.06666564941406,21189.333984375,2346.6857142857143,0.799833357334137,26.174762725830078,200.77142857142857,1479.38916015625,1998.800048828125,-0.32640478014945984,992.2285714285714,0,507,1,0,1,41,13,94
0,278.0,0.5267959237098694,296.0,3.0,283.0,1201.0,301.89795918367315,13099.1669921875,31.03333282470703,3.277777910232544,15397.26171875,21.36111068725586,3.799999952316284,4.405555248260498,42.85555648803711,18144.0546875,2351.5142857142855,0.8029761910438538,26.10785675048828,204.4,1479.19970703125,2009.94287109375,-0.34692856669425964,990.1142857142858,1,507,1,0,1,21,5,134
0,228.0,0.8540478944778442,296.0,3.0,283.0,1133.0,298.1428571428569,13161.0,27.016666412353516,4.933333396911621,15711.8330078125,21.71666717529297,3.700000047683716,4.550000190734863,44.5,17375.333984375,2345.4,0.7843571305274963,25.971071243286133,201.5142857142857,1473.8382568359375,1987.8857421875,-0.36119046807289124,986.4285714285714,0,507,1,0,1,31,12,116
0,303.0,0.8779931664466858,296.0,3.0,283.0,1120.0,293.5306122448977,15238.6669921875,31.71666717529297,3.5,21241.033203125,25.266666412353516,5.599999904632568,4.583333492279053,37.61666488647461,28832.5,2369.9714285714285,0.7812857031822205,25.739761352539062,202.57142857142858,1479.6644287109375,1987.5999755859375,-0.4021190404891968,986.0,0,507,1,0,1,31,15,130
0,207.0,0.41505131125450134,296.0,3.0,283.0,3281.0,288.9387755102039,12445.8330078125,29.28333282470703,3.200000047683716,15708.1669921875,21.350000381469727,3.9000000953674316,4.5333333015441895,39.79999923706055,17349.166015625,2381.2,0.7894523739814758,25.959285736083984,202.82857142857142,1480.6871337890625,1962.82861328125,-0.4131428599357605,991.6857142857143,0,507,1,0,1,21,15,75
0,211.0,0.36031925678253174,296.0,3.0,283.0,2381.0,285.83673469387736,11492.0,28.53333282470703,3.9000000953674316,16235.349609375,21.233333587646484,3.700000047683716,4.449999809265137,44.38333511352539,17178.833984375,2396.9142857142856,0.7808571457862854,25.92630958557129,197.4857142857143,1479.1005859375,1965.2572021484375,-0.3633095324039459,994.5142857142857,2,507,1,0,1,21,14,81
0,175.0,0.22690992057323456,296.0,3.0,283.0,2593.0,283.7959183673468,14060.8330078125,31.233333587646484,3.066666603088379,19935.44921875,22.649999618530273,4.300000190734863,4.349999904632568,39.66666793823242,19513.833984375,2429.2,0.7486666440963745,25.689285278320312,187.6,1473.0350341796875,1965.17138671875,-0.23290477693080902,997.4571428571429,1,507,1,0,1,41,6,69
0,279.0,0.18700113892555237,296.0,3.0,283.0,2240.0,282.34693877551,14868.1669921875,28.422222137451172,3.4666666984558105,21236.060546875,22.75,4.4666666984558105,4.416666507720947,39.655555725097656,27550.5546875,2446.8,0.7475714087486267,25.70083236694336,185.0,1474.4158935546875,1967.05712890625,-0.12976190447807312,999.1714285714286,3,507,1,0,1,31,11,110
0,303.0,0.08551881462335587,296.0,3.0,283.0,2884.0,278.10204081632634,11306.5,29.16666603088379,2.799999952316284,19439.6171875,22.5,3.799999952316284,4.400000095367432,41.06666564941406,21265.833984375,2469.5142857142855,0.719952404499054,25.52964210510254,175.65714285714284,1473.7425537109375,1974.199951171875,0.012333329766988754,999.0285714285715,1,507,1,0,1,34,11,140
0,245.0,0.6533637642860413,296.0,3.0,283.0,1273.0,272.87755102040796,12714.5,33.79999923706055,2.8333332538604736,19126.599609375,24.816667556762695,4.599999904632568,4.483333110809326,35.61666488647461,21974.0,2447.4,0.6938333511352539,25.35785675048828,178.62857142857143,1486.094970703125,1948.5428466796875,0.04188094288110733,995.8857142857142,2,507,1,0,1,31,10,95
0,319.0,0.48346635699272156,296.0,3.0,283.0,1216.0,270.4489795918365,13214.0,32.16666793823242,2.6666667461395264,23692.517578125,25.516666412353516,4.900000095367432,4.583333492279053,35.58333206176758,24780.833984375,2448.7714285714287,0.6864285469055176,25.334047317504883,178.4,1493.138916015625,1947.5714111328125,0.1534285694360733,997.7714285714286,1,507,1,0,1,31,8,151
0,253.0,0.624857485294342,267.0,4.0,283.0,1200.0,265.8367346938773,14033.5,27.450000762939453,6.916666507720947,17298.099609375,20.83333396911621,4.400000095367432,4.650000095367432,42.11666488647461,23481.0,2434.3142857142857,0.6970714330673218,25.677738189697266,180.82857142857142,1495.880126953125,1934.028564453125,0.059047624468803406,1002.3142857142857,5,507,1,0,1,31,5,108
0,78.0,0.08551881462335587,267.0,4.0,283.0,3947.0,260.91836734693857,14706.3330078125,34.599998474121094,3.866666555404663,16512.349609375,21.766666412353516,4.400000095367432,4.599999904632568,36.93333435058594,22623.5,2450.2285714285713,0.6956190466880798,25.6632137298584,176.68571428571428,1484.4599609375,1938.085693359375,-0.04311903566122055,999.9428571428572,1,507,1,0,1,41,3,30
0,122.0,0.19156214594841003,267.0,4.0,283.0,1282.0,254.46938775510185,13681.6669921875,35.733333587646484,4.133333206176758,17480.8671875,22.08333396911621,4.0,4.5,38.233333587646484,22148.166015625,2463.714285714286,0.6967142820358276,25.67047691345215,174.2,1482.9244384765625,1950.771484375,-0.046833351254463196,1004.3428571428572,4,507,1,0,1,24,3,47
0,225.0,0.29988598823547363,267.0,4.0,283.0,3452.0,246.34693877550998,13653.5,29.794445037841797,8.38888931274414,16822.30078125,22.616666793823242,4.333333492279053,4.583333492279053,42.69444274902344,18434.83203125,2490.0857142857144,0.6526904702186584,25.197261810302734,177.42857142857142,1492.373046875,1949.5999755859375,-0.10357142239809036,993.3428571428572,1,507,1,0,1,31,1,103
0,290.91194965079535,0.7251995205879211,267.0,4.0,283.0,3177.0,238.63265306122426,13324.6669921875,31.75,5.5333333015441895,19980.1328125,25.116666793823242,5.0,4.583333492279053,35.91666793823242,23021.666015625,2514.0857142857144,0.6437380909919739,25.13976287841797,177.31428571428572,1491.0728759765625,1939.3143310546875,-0.17054761946201324,988.8571428571429,0,507,1,0,1,41,35,130
0,184.516219878243,0.10376282781362534,267.0,4.0,283.0,3576.0,233.89795918367327,11765.1669921875,28.633333206176758,8.100000381469727,19108.583984375,23.66666603088379,4.699999809265137,4.599999904632568,44.45000076293945,20440.333984375,2474.3714285714286,0.6651904582977295,25.52190399169922,190.02857142857144,1505.1553955078125,1933.6571044921875,-0.12535713613033295,993.8285714285714,2,507,1,0,1,41,5,79
0,131.0,0.10946407914161682,267.0,4.0,283.0,5026.0,229.0612244897958,10159.6669921875,31.16666603088379,6.150000095367432,16948.833984375,22.183332443237305,3.799999952316284,4.550000190734863,41.016666412353516,18810.666015625,2544.542857142857,0.6676428318023682,25.577619552612305,184.34285714285716,1505.022216796875,1931.857177734375,-0.15214285254478455,998.0285714285715,1,507,1,0,1,31,8,50
0,52.0,0.09920182079076767,267.0,4.0,283.0,6034.0,224.7551020408162,10640.8330078125,30.100000381469727,5.733333110809326,16735.416015625,20.799999237060547,4.0,4.599999904632568,41.483333587646484,16806.5,2528.1714285714284,0.6658333539962769,25.64630889892578,190.31428571428572,1517.4771728515625,1907.1142578125,-0.1421666443347931,997.6,2,507,1,0,1,21,4,20
0,85.0,0.1014823243021965,267.0,4.0,260.0,6197.0,217.48979591836726,11387.6669921875,33.70000076293945,5.566666603088379,17438.31640625,21.25,3.9000000953674316,4.349999904632568,40.0,19711.833984375,2647.0857142857144,0.6637856960296631,25.5674991607666,180.05714285714285,1492.066650390625,1948.914306640625,-0.15135712921619415,996.3142857142857,4,518,1,0,0,21,3,47
0,228.0,0.27366021275520325,267.0,4.0,260.0,13700.0,210.93877551020398,13382.6669921875,30.933332443237305,4.0333333015441895,19553.06640625,22.850000381469727,4.300000190734863,4.5,36.70000076293945,19588.0,2609.6285714285714,0.6554047465324402,25.47702407836914,183.02857142857144,1491.391357421875,1952.1142578125,-0.12283334136009216,992.2285714285714,1,518,1,0,0,21,2,122
0,129.0,0.19384264945983887,267.0,4.0,260.0,16121.0,206.65306122448973,11731.8330078125,29.633333206176758,4.0,18936.416015625,25.350000381469727,4.900000095367432,4.650000095367432,35.0,26831.666015625,2645.1714285714284,0.6457381248474121,25.31916618347168,180.11428571428573,1487.8673095703125,1958.2857666015625,-0.10280954092741013,989.4285714285714,1,518,1,0,0,31,6,49
0,146.0,0.3797035217285156,267.0,4.0,260.0,1088.0,205.53061224489792,10737.0,34.66666793823242,8.350000381469727,20066.400390625,25.33333396911621,5.199999809265137,4.599999904632568,35.25,24393.333984375,2712.0,0.607785701751709,24.940834045410156,182.8,1501.8570556640625,1912.3714599609375,-0.19111904501914978,979.2857142857143,3,518,1,0,0,41,8,54
0,159.0,0.5655644536018372,267.0,4.0,260.0,1085.0,205.4081632653061,13472.888671875,31.372222900390625,7.127777576446533,19764.8125,27.183332443237305,5.599999904632568,4.8222222328186035,35.36111068725586,25508.888671875,2690.9142857142856,0.5968809723854065,24.610713958740234,182.11428571428573,1504.5538330078125,1921.085693359375,-0.19052381813526154,976.0571428571428,2,518,1,0,0,31,14,61
0,188.0,0.839224636554718,267.0,4.0,260.0,3119.0,206.5714285714285,13867.1669921875,34.93333435058594,5.233333110809326,19062.5,27.233333587646484,5.699999809265137,4.599999904632568,35.38333511352539,28826.5,2657.1428571428573,0.6334285736083984,25.191667556762695,188.2,1508.90625,1910.4285888671875,-0.24071429669857025,988.2571428571429,1,518,1,0,0,21,14,71
0,157.0,0.30102622509002686,267.0,4.0,260.0,2382.0,207.36734693877543,15255.0,33.81666564941406,8.899999618530273,18787.466796875,24.78333282470703,5.199999809265137,4.699999809265137,36.650001525878906,22035.666015625,2658.2571428571428,0.6174047589302063,24.9372615814209,188.4,1511.4814453125,1902.6571044921875,-0.24728570878505707,982.6857142857143,2,518,1,0,0,31,13,61
1,110.0,0.0022805016487836838,267.0,4.0,260.0,2971.0,218.22448979591823,12662.3330078125,33.599998474121094,4.166666507720947,17921.599609375,21.116666793823242,3.9000000953674316,4.75,38.06666564941406,20602.666015625,2704.7428571428572,0.6345238089561462,25.407737731933594,191.45714285714286,1515.6573486328125,1865.971435546875,-0.29147619009017944,991.0857142857143,2,518,1,0,0,34,6,44
0,205.0,0.19726340472698212,267.0,4.0,260.0,7615.0,209.0408163265305,12894.4443359375,31.883333206176758,5.450000286102295,20525.51171875,25.44999885559082,4.766666889190674,4.699999809265137,38.00555419921875,24085.833984375,2723.9142857142856,0.6250952482223511,25.17702293395996,188.62857142857143,1508.6492919921875,1874.914306640625,-0.3260475993156433,987.2857142857143,1,518,1,0,0,31,10,75
0,186.0,0.1482326090335846,267.0,4.0,260.0,6424.0,215.42857142857133,14405.8330078125,36.04999923706055,7.0333333015441895,21150.966796875,23.83333396911621,4.199999809265137,4.800000190734863,36.81666564941406,24008.666015625,2730.6,0.6319047808647156,25.21309471130371,187.45714285714286,1507.3558349609375,1879.3428955078125,-0.34519046545028687,990.3714285714286,2,518,1,0,0,21,8,69
0,130.0,0.3534777760505676,267.0,4.0,260.0,1943.0,210.9591836734692,13325.6669921875,30.816667556762695,5.050000190734863,18403.06640625,23.0,4.599999904632568,4.683333396911621,38.16666793823242,19062.833984375,2679.885714285714,0.6403095126152039,25.31523895263672,195.94285714285715,1519.4132080078125,1867.3428955078125,-0.37980949878692627,992.0857142857143,4,518,1,0,0,31,9,56
0,125.0,0.4389965832233429,267.0,4.0,260.0,4466.0,216.71428571428558,16522.666015625,34.11666488647461,5.2166666984558105,22267.93359375,28.33333396911621,5.5,4.550000190734863,35.983333587646484,26278.333984375,2840.342857142857,0.6464762091636658,25.266071319580078,188.02857142857144,1508.5380859375,1883.5714111328125,-0.43809521198272705,995.4857142857143,0,518,1,0,0,11,9,45
0,125.0,0.27936145663261414,267.0,4.0,260.0,2574.0,215.44897959183658,11320.0,31.549999237060547,7.0333333015441895,19456.30078125,23.616666793823242,4.300000190734863,4.599999904632568,39.06666564941406,22070.0,2947.5714285714284,0.64554762840271,25.203689575195312,193.5142857142857,1510.922119140625,1881.085693359375,-0.4326666593551636,990.0857142857143,0,518,1,0,0,41,4,45
0,126.0,0.4253135621547699,267.0,4.0,260.0,3362.0,220.5714285714284,12534.6669921875,31.66666603088379,7.583333492279053,18993.80078125,25.299999237060547,5.099999904632568,4.7166666984558105,36.766666412353516,22526.666015625,3096.8,0.6490476131439209,25.085832595825195,191.42857142857142,1509.5972900390625,1904.1142578125,-0.46152380108833313,990.7142857142857,2,518,1,0,0,41,8,48
0,188.0,0.17445838451385498,267.0,4.0,260.0,1539.0,226.3673469387754,11826.6669921875,31.58333396911621,5.066666603088379,19216.94921875,25.91666603088379,5.800000190734863,4.666666507720947,40.099998474121094,24220.166015625,3246.457142857143,0.6411428451538086,25.04083251953125,190.71428571428572,1518.7218017578125,1883.3714599609375,-0.4122619032859802,994.1142857142858,3,518,1,0,0,21,10,70
0,182.0,0.9384264349937439,267.0,4.0,260.0,1106.0,235.65306122448965,14442.3330078125,31.200000762939453,4.733333110809326,27979.19921875,25.899999618530273,5.400000095367432,4.800000190734863,37.766666412353516,23415.333984375,3484.8,0.6424047350883484,25.11642837524414,199.8,1541.7139892578125,1847.857177734375,-0.47104761004447937,999.4285714285714,0,518,1,1,0,31,17,74
0,302.0,0.8779931664466858,267.0,4.0,260.0,1187.0,241.46938775510188,15109.5,30.049999237060547,6.883333206176758,28262.232421875,28.03333282470703,5.900000095367432,4.900000095367432,36.41666793823242,24472.833984375,3484.8,0.6424047350883484,25.11642837524414,199.8,1541.7139892578125,1847.857177734375,-0.47104761004447937,999.4285714285714,0,518,1,1,0,21,24,120
0,184.0,0.9030786752700806,267.0,4.0,260.0,1566.0,225.7346938775509,11603.5,32.21666717529297,8.683333396911621,18497.30078125,27.28333282470703,5.599999904632568,4.699999809265137,37.0,24472.5,3341.542857142857,0.6297380924224854,24.450000762939453,193.97142857142856,1536.0091552734375,1871.05712890625,-0.7805237770080566,991.0857142857143,0,518,1,0,1,41,12,81
0,218.0,0.9053592085838318,267.0,4.0,260.0,1147.0,219.63265306122437,12105.6669921875,33.150001525878906,11.0,30336.966796875,27.21666717529297,5.699999809265137,4.7833333015441895,32.150001525878906,29086.5,3280.1428571428573,0.6083095073699951,23.90869140625,195.4857142857143,1531.40478515625,1865.971435546875,-0.8181666731834412,985.3142857142857,0,518,1,0,1,21,8,90
0,,0.4401368200778961,267.0,4.0,260.0,2385.0,221.16326530612233,,31.416667938232422,7.366666793823242,,27.666667938232422,6.733333110809326,4.755555629730225,35.483333587646484,,3211.8571428571427,0.6348333358764648,24.20107078552246,203.31428571428572,1539.9202880859375,1853.5999755859375,-0.8194524049758911,994.4285714285714,0,518,1,0,1,31,2,
0,279.0,0.8814139366149902,267.0,4.0,260.0,1139.0,205.83673469387745,12248.3330078125,36.233333587646484,8.350000381469727,33069.46484375,28.200000762939453,6.5,4.699999809265137,31.133333206176758,31803.5,3151.2285714285713,0.6392619013786316,24.126310348510742,205.65714285714284,1547.656982421875,1840.771484375,-0.8558809757232666,983.2571428571429,0,518,1,0,1,21,24,134
0,48.0,0.19726340472698212,267.0,4.0,229.0,5520.0,202.408163265306,14931.6669921875,33.25,6.166666507720947,21561.099609375,22.850000381469727,4.0,4.866666793823242,37.233333587646484,23327.0,2914.0285714285715,0.8286428451538086,26.421310424804688,232.5142857142857,1546.3704833984375,1793.6285400390625,-0.916523814201355,1039.2571428571428,0,481,1,0,0,41,24,18
0,122.0,0.2497149407863617,267.0,4.0,229.0,1544.0,199.24489795918353,12065.1669921875,31.83333396911621,5.5,17430.333984375,25.0,5.0,4.599999904632568,39.516666412353516,25430.833984375,2914.2,0.7811904549598694,25.894166946411133,229.4857142857143,1542.3701171875,1795.7142333984375,-0.9364761710166931,1026.0,5,481,1,0,0,31,13,49
0,86.0,0.2565564513206482,267.0,4.0,229.0,7828.0,193.6326530612244,12154.5,32.56666564941406,5.349999904632568,20687.43359375,28.350000381469727,5.5,4.900000095367432,37.03333282470703,27639.833984375,2934.2571428571428,0.7724761962890625,25.796785354614258,229.62857142857143,1543.057373046875,1785.6285400390625,-0.9436666965484619,1021.9428571428572,2,481,1,0,0,11,8,35
0,123.0,0.03648802638053894,267.0,4.0,229.0,12917.0,188.89795918367344,14183.0,29.633333206176758,5.300000190734863,19619.1328125,28.08333396911621,5.400000095367432,4.900000095367432,37.11666488647461,24910.5,2922.714285714286,0.7937142848968506,25.934404373168945,229.77142857142857,1548.108154296875,1783.4857177734375,-0.9691190719604492,1029.2,0,481,1,0,0,31,4,52
0,98.0,0.0,267.0,4.0,229.0,27034.0,184.10204081632654,12371.0,29.983333587646484,5.116666793823242,18016.30078125,21.0,4.099999904632568,4.900000095367432,38.41666793823242,17486.666015625,2823.9714285714285,0.8653333187103271,26.64642906188965,251.42857142857142,1565.9091796875,1740.5999755859375,-0.9775238037109375,1041.5714285714287,5,481,1,0,0,41,20,40
0,111.0,0.0,267.0,4.0,260.0,32767.0,173.26530612244898,13016.5,29.100000381469727,6.833333492279053,17796.05078125,22.866666793823242,4.099999904632568,5.0,41.11666488647461,21651.5,2818.7714285714287,0.8859285712242126,26.74547576904297,252.85714285714286,1575.1883544921875,1737.028564453125,-1.0114047527313232,1052.2571428571428,2,518,1,0,0,21,7,43
0,70.0,0.07867731153964996,267.0,4.0,260.0,32767.0,166.81632653061223,11901.5,29.183332443237305,3.816666603088379,15881.849609375,21.883333206176758,4.300000190734863,4.900000095367432,40.400001525878906,17952.666015625,2809.2571428571428,0.8863571286201477,26.744524002075195,257.62857142857143,1578.6754150390625,1714.6856689453125,-1.0602142810821533,1048.3428571428572,0,518,1,0,0,21,3,32
0,98.0,0.0,267.0,4.0,260.0,32767.0,161.3469387755102,10995.5,32.13333511352539,4.416666507720947,16565.6171875,21.566667556762695,4.199999809265137,4.983333110809326,43.349998474121094,18877.166015625,2892.4857142857145,0.8869524002075195,26.628690719604492,258.3142857142857,1584.1558837890625,1697.3714599609375,-1.128357172012329,1048.3142857142857,0,518,1,0,0,21,19,40
0,88.91350348386678,0.11972633749246597,267.0,4.0,260.0,32767.0,156.77551020408157,11956.3330078125,31.41666603088379,5.150000095367432,19217.666015625,23.383333206176758,4.5,5.099999904632568,37.38333511352539,24754.333984375,2932.6857142857143,0.8881666660308838,26.674762725830078,257.2,1581.548583984375,1698.6856689453125,-1.1351428031921387,1049.0285714285715,1,518,1,0,0,21,11,36
0,65.0,0.26795893907546997,267.0,4.0,260.0,32767.0,155.30612244897947,11266.6669921875,30.516666412353516,6.816666603088379,18257.333984375,22.58333396911621,4.300000190734863,4.900000095367432,44.233333587646484,19780.0,2899.114285714286,0.8930000066757202,26.547500610351562,260.65714285714284,1586.8978271484375,1674.7142333984375,-1.151809573173523,1047.942857142857,0,518,1,0,0,31,2,31
0,94.0,0.1550741195678711,267.0,4.0,260.0,32767.0,153.9387755102039,11944.0,27.233333587646484,6.266666889190674,17973.94921875,21.91666603088379,4.400000095367432,4.883333206176758,47.63333511352539,18050.5,2978.542857142857,0.9160237908363342,26.775951385498047,267.1142857142857,1585.2431640625,1638.4857177734375,-1.1557856798171997,1047.942857142857,0,518,1,0,0,21,12,44
0,96.0,0.05017103627324104,267.0,4.0,260.0,24331.0,155.6326530612243,11490.388671875,25.166667938232422,8.04444408416748,22418.123046875,23.044445037841797,4.400000095367432,4.883333206176758,46.11111068725586,30547.388671875,3057.1428571428573,0.91009521484375,26.676071166992188,270.3142857142857,1588.2781982421875,1616.971435546875,-1.2053333520889282,1043.7714285714285,0,518,1,0,0,31,12,37
0,89.0,0.2690992057323456,267.0,4.0,260.0,21706.0,158.16326530612227,12095.9443359375,33.5444450378418,7.52222204208374,16313.322265625,23.005556106567383,4.599999904632568,4.933333396911621,37.42222213745117,21978.5,3078.457142857143,0.9120952486991882,26.624404907226562,270.4,1592.751953125,1608.5714111328125,-1.2166428565979004,1045.7142857142858,0,518,1,0,0,31,10,45
0,139.0,0.03534777835011482,267.0,4.0,260.0,13311.0,158.02040816326513,10685.1669921875,26.016666412353516,6.766666889190674,17080.982421875,21.316667556762695,3.799999952316284,4.900000095367432,44.58333206176758,17374.0,3134.8285714285716,0.9186190366744995,26.590356826782227,273.9428571428571,1598.9595947265625,1582.3143310546875,-1.2277381420135498,1047.4857142857143,1,518,1,0,0,21,5,68
0,97.0,0.011402508243918419,267.0,4.0,260.0,12946.0,157.36734693877534,10004.8330078125,31.08333396911621,8.616666793823242,18907.06640625,20.25,3.799999952316284,4.883333206176758,41.13333511352539,16334.0,3191.5142857142855,0.9131666421890259,26.418689727783203,271.77142857142854,1596.12060546875,1571.7142333984375,-1.2629286050796509,1044.4285714285713,0,518,1,0,0,34,13,47
0,87.0,0.35461801290512085,267.0,4.0,260.0,13969.0,154.46938775510188,11594.8330078125,31.46666717529297,8.633333206176758,18931.533203125,24.149999618530273,4.599999904632568,5.0,43.733333587646484,23233.833984375,3240.6857142857143,0.8575476408004761,25.5290470123291,269.9714285714286,1602.596435546875,1569.6571044921875,-1.24916672706604,1029.4285714285713,2,518,1,0,1,41,19,36
0,118.0,0.2896237075328827,267.0,4.0,260.0,10177.0,151.46938775510188,10079.8330078125,22.433332443237305,6.016666889190674,18205.599609375,22.366666793823242,4.099999904632568,5.099999904632568,50.08333206176758,18825.833984375,3231.6857142857143,0.9295952320098877,26.47916603088379,285.8285714285714,1607.284423828125,1520.3143310546875,-1.3239524364471436,1036.5714285714287,0,518,1,0,1,21,15,48
1,154.0,0.0,267.0,4.0,229.0,2945.0,148.26530612244892,9987.0,24.16666603088379,7.2166666984558105,18883.6328125,21.016666412353516,3.700000047683716,5.116666793823242,42.88333511352539,39629.33203125,3249.3714285714286,0.9462142586708069,26.598451614379883,290.14285714285717,1618.8480224609375,1514.5428466796875,-1.3293333053588867,1043.3714285714286,0,481,1,0,1,31,3,62
1,153.0,0.0,267.0,4.0,191.0,6756.0,145.6888888888888,9691.6669921875,26.0,7.550000190734863,21977.25,20.5,3.9000000953674316,4.900000095367432,44.233333587646484,17162.833984375,3322.8285714285716,0.9616190195083618,26.615476608276367,283.62857142857143,1605.143310546875,1548.2572021484375,-1.340404748916626,1045.5714285714287,7,481,1,0,0,41,10,69
0,325.0,0.6716077327728271,286.0,2.0,313.0,1546.0,328.9591836734691,16300.8330078125,32.63333511352539,0.949999988079071,22526.833984375,25.483333587646484,5.199999809265137,4.383333206176758,31.46666717529297,31437.166015625,1215.3714285714286,0.6165476441383362,25.727142333984375,22.0,1317.877685546875,2550.3427734375,-0.5300714373588562,1001.6285714285714,0,505,1,1,0,21,2,134
0,426.0,0.7662485837936401,286.0,2.0,313.0,1324.0,329.9387755102038,17348.0,29.450000762939453,1.4333332777023315,23001.6171875,25.83333396911621,5.300000190734863,4.400000095367432,31.933332443237305,43440.5,1210.4857142857143,0.6189761757850647,25.716190338134766,22.571428571428573,1318.731689453125,2549.0,-0.5687618851661682,1003.3142857142857,0,505,1,1,0,31,2,187
0,416.0,0.8711516261100769,286.0,2.0,313.0,1126.0,336.0612244897956,19915.666015625,30.883333206176758,1.600000023841858,22095.3828125,26.200000762939453,5.099999904632568,4.300000190734863,33.71666717529297,36323.0,1238.1714285714286,0.6284523606300354,25.717262268066406,23.4,1322.0169677734375,2541.628662109375,-0.6855714321136475,1004.2,0,505,1,1,0,31,21,169
0,410.0,0.9076396822929382,286.0,2.0,313.0,1067.0,336.0612244897956,19001.666015625,33.56666564941406,1.7000000476837158,23613.1328125,26.28333282470703,5.599999904632568,4.300000190734863,29.350000381469727,38189.66796875,1239.2285714285715,0.6328809261322021,25.75261878967285,23.885714285714286,1322.39013671875,2533.199951171875,-0.7021904587745667,1005.4,0,505,1,1,0,31,19,167
0,435.0,0.9179019331932068,286.0,2.0,313.0,1257.0,343.1224489795914,14520.8330078125,29.21666717529297,3.883333444595337,21617.033203125,26.983333587646484,4.599999904632568,4.300000190734863,36.733333587646484,31736.5,1228.8857142857144,0.6550000309944153,25.78285789489746,27.771428571428572,1324.8267822265625,2534.0,-0.7020714282989502,1007.2571428571429,0,505,1,1,0,42,20,201
0,460.0,0.7525655627250671,286.0,2.0,313.0,1116.0,337.10204081632617,13554.0,33.266666412353516,0.7666666507720947,20724.732421875,24.0,3.9000000953674316,4.199999809265137,33.38333511352539,20344.5,1276.4,0.6796428561210632,25.946548461914062,32.8,1333.2979736328125,2516.628662109375,-0.7534047365188599,1011.1142857142858,0,505,1,1,0,41,9,200
0,401.0,0.7890536189079285,286.0,2.0,313.0,1106.0,331.7346938775508,,,,,,,,,,1292.2,0.680904746055603,25.86595344543457,34.2,1334.6475830078125,2516.314208984375,-0.7936190366744995,1011.1428571428571,0,505,1,1,0,42,19,169
0,376.0,0.6077536940574646,286.0,2.0,313.0,1180.0,314.59183673469363,16736.166015625,29.766666412353516,0.5333333611488342,20518.150390625,24.28333282470703,3.799999952316284,4.150000095367432,38.349998474121094,20543.166015625,1400.2857142857142,0.7058571577072144,25.985475540161133,40.17142857142857,1332.892822265625,2514.742919921875,-1.1653809547424316,1009.1142857142858,0,505,1,1,0,21,30,182
0,231.0,0.7240592837333679,286.0,2.0,313.0,1070.0,307.42857142857105,16029.166015625,30.86111068725586,0.8666666746139526,19263.33984375,23.266666412353516,4.333333492279053,4.050000190734863,36.85000228881836,21579.66796875,1455.5714285714287,0.7038333415985107,25.97940444946289,41.885714285714286,1330.91064453125,2511.628662109375,-1.3034285306930542,1005.8,0,505,1,1,0,21,35,112
1,367.0,0.5119726061820984,286.0,2.0,313.0,1287.0,309.9387755102038,18375.166015625,31.350000381469727,3.2666666507720947,19816.767578125,23.633333206176758,4.599999904632568,4.083333492279053,38.016666412353516,25604.0,1460.9142857142858,0.7029285430908203,26.02059555053711,41.91428571428571,1329.987060546875,2518.94287109375,-1.2726905345916748,1006.5142857142857,0,505,1,0,1,31,16,178
0,279.0,0.6408209800720215,286.0,2.0,296.0,1271.0,308.8571428571427,,,,,,,,,,1605.8857142857144,0.6372619271278381,25.9613094329834,61.371428571428574,1322.724853515625,2583.6572265625,-0.8576666712760925,977.5142857142857,0,474,1,0,0,42,7,112
0,298.0,0.6419612169265747,286.0,2.0,296.0,1730.0,304.42857142857116,18387.333984375,28.766666412353516,0.0833333358168602,17580.583984375,23.149999618530273,5.0,4.050000190734863,35.650001525878906,23904.666015625,1608.4285714285713,0.6338571310043335,25.98880958557129,64.31428571428572,1323.775634765625,2568.971435546875,-0.8252142667770386,975.2857142857143,0,474,1,0,0,31,35,139
0,375.0,0.5553021430969238,286.0,2.0,296.0,1245.0,298.9999999999998,18953.943359375,29.13888931274414,0.9833332896232605,19378.93359375,24.577777862548828,4.633333206176758,4.083333492279053,33.627777099609375,22405.5,1614.0857142857142,0.6345952153205872,26.01178550720215,63.68571428571428,1327.08447265625,2564.371337890625,-0.819190502166748,978.7142857142857,0,474,1,0,0,41,4,170
0,225.0,0.6944127678871155,286.0,2.0,296.0,1447.0,292.48979591836724,16879.333984375,31.516666412353516,0.9333333373069763,18047.8671875,23.850000381469727,4.900000095367432,4.050000190734863,32.91666793823242,22283.333984375,1621.7714285714285,0.6407856941223145,26.17273712158203,63.17142857142857,1322.909912109375,2543.54296875,-0.7607380747795105,979.4571428571429,1,474,1,0,0,31,3,91
1,331.0,0.5644241571426392,286.0,2.0,296.0,7190.0,287.30612244897947,18968.0,32.5,0.5833333134651184,18530.94921875,24.983333587646484,5.400000095367432,4.0333333015441895,32.58333206176758,23001.666015625,1627.3428571428572,0.6376190185546875,26.184524536132812,63.02857142857143,1319.7706298828125,2534.199951171875,-0.7207381129264832,977.6285714285714,0,496,1,0,0,42,34,112
1,355.0,0.4538198411464691,286.0,2.0,296.0,7881.0,282.4285714285713,16540.333984375,30.75,0.4333333373069763,17660.482421875,23.600000381469727,5.199999809265137,3.950000047683716,34.766666412353516,22284.333984375,1613.5142857142857,0.6368095278739929,26.202381134033203,59.42857142857143,1324.7432861328125,2540.94287109375,-0.6815476417541504,984.7428571428571,0,474,1,0,0,42,34,134
0,263.0,0.7628278136253357,286.0,2.0,285.0,2356.0,283.2653061224488,20552.666015625,31.600000381469727,0.10000000149011612,18937.3671875,25.483333587646484,5.099999904632568,4.0333333015441895,32.88333511352539,24453.666015625,1655.3428571428572,0.6314761638641357,26.198808670043945,60.885714285714286,1322.4056396484375,2539.771484375,-0.6047618985176086,981.6,0,496,1,1,0,41,7,95
1,184.0,0.0,286.0,2.0,296.0,3772.0,274.8775510204079,20121.111328125,37.2055549621582,2.0055556297302246,19870.921875,25.633333206176758,6.099999904632568,4.1777777671813965,20.266666412353516,32668.220703125,2429.3142857142857,0.654285728931427,26.90011978149414,44.08571428571429,1352.3826904296875,3045.685791015625,0.2445952296257019,1034.6571428571428,0,474,1,0,0,24,1,60
1,288.0,0.0,286.0,2.0,285.0,4005.0,268.14285714285694,21036.333984375,34.16666793823242,0.6000000238418579,23790.033203125,29.350000381469727,5.900000095367432,4.2833333015441895,20.366666793823242,41087.16796875,2442.4,0.6526428461074829,26.88619041442871,45.34285714285714,1350.655029296875,3003.371337890625,0.2351190596818924,1031.8285714285714,0,496,1,0,0,34,30,129
0,115.0,0.34093499183654785,286.0,2.0,285.0,2614.0,255.32653061224462,22011.166015625,31.28333282470703,2.4166667461395264,23170.3671875,25.233333587646484,4.699999809265137,4.2833333015441895,25.28333282470703,25244.333984375,2467.6285714285714,0.6576666831970215,26.815475463867188,77.37142857142857,1364.82568359375,2424.142822265625,0.12740477919578552,1006.8571428571429,1,496,1,0,0,21,17,48
0,163.0,0.6442417502403259,286.0,2.0,285.0,1461.0,258.1428571428569,17883.0,31.766666412353516,0.8166666626930237,25196.349609375,26.266666412353516,5.5,4.099999904632568,23.183332443237305,28894.5,2467.6285714285714,0.6576666831970215,26.815475463867188,77.37142857142857,1364.82568359375,2424.142822265625,0.12740477919578552,1006.8571428571429,2,496,1,0,0,21,2,64
1,158.0,0.17331813275814056,286.0,2.0,272.0,1586.0,278.08163265306115,19971.166015625,29.399999618530273,2.116666555404663,18828.083984375,24.75,5.099999904632568,4.150000095367432,21.149999618530273,24576.833984375,2398.0857142857144,0.6734285950660706,26.902618408203125,89.48571428571428,1391.7398681640625,2273.085693359375,0.011761904694139957,1014.2857142857143,0,497,1,0,1,41,5,70
1,258.0,0.3842645287513733,296.0,3.0,272.0,1195.0,281.55102040816314,20351.388671875,30.100000381469727,1.8000000715255737,18583.73828125,24.183334350585938,4.800000190734863,4.172222137451172,24.127777099609375,22846.16796875,2436.8,0.6883333325386047,27.002975463867188,94.6,1399.6092529296875,2243.45703125,-0.026619045063853264,1017.5428571428571,0,497,1,0,1,41,27,106
1,324.0,0.0,296.0,3.0,272.0,2256.0,281.55102040816314,20305.16796875,30.066667556762695,1.7222222089767456,18584.810546875,24.672222137451172,5.133333206176758,4.338888645172119,17.46666717529297,23379.9453125,2425.2285714285713,0.6882143020629883,27.00535774230957,91.54285714285714,1395.60595703125,2247.45703125,-0.022928571328520775,1017.9428571428572,0,497,1,0,1,34,27,136
0,58.0,0.17901939153671265,296.0,3.0,272.0,1281.0,267.77551020408134,16600.666015625,28.83333396911621,4.366666793823242,22994.650390625,25.549999237060547,4.599999904632568,4.099999904632568,16.399999618530273,26552.0,2478.114285714286,0.7073095440864563,26.962738037109375,95.31428571428572,1402.661865234375,2157.485595703125,-0.09064286947250366,1021.4857142857143,4,497,1,0,0,41,5,22
0,153.0,0.4047890603542328,296.0,3.0,272.0,1054.0,270.0204081632651,17249.0,30.03333282470703,2.049999952316284,20702.5,26.183332443237305,4.900000095367432,4.133333206176758,19.016666412353516,25769.5,2453.3714285714286,0.7129761576652527,27.017261505126953,94.22857142857143,1405.7513427734375,2140.800048828125,-0.0816904753446579,1026.3142857142857,0,497,1,0,0,41,34,57
0,155.0,0.690991997718811,296.0,3.0,272.0,1135.0,263.85714285714266,15219.07421875,23.755556106567383,1.9925925731658936,17757.787109375,23.28333282470703,4.577777862548828,4.205555438995361,19.911109924316406,24612.759765625,2456.342857142857,0.7297142744064331,27.089048385620117,98.85714285714286,1419.04248046875,2064.28564453125,-0.12071426957845688,1032.8285714285714,0,497,1,0,0,42,6,56
1,147.0,0.44241732358932495,296.0,3.0,272.0,1258.0,263.16326530612224,13090.6669921875,24.983333587646484,3.3333332538604736,16111.533203125,21.899999618530273,4.400000095367432,4.050000190734863,23.950000762939453,22650.666015625,2478.0,0.7361428737640381,27.121904373168945,100.71428571428571,1423.640625,2041.1142578125,-0.12576191127300262,1034.0857142857142,0,497,1,0,0,31,19,55
1,123.0,0.05359179154038429,296.0,3.0,272.0,2146.0,263.0204081632652,13442.3330078125,27.616666793823242,3.683333396911621,16655.599609375,22.83333396911621,4.5,4.150000095367432,21.549999237060547,22587.0,2483.0,0.7453809380531311,27.224048614501953,100.91428571428571,1424.5352783203125,2023.2857666015625,-0.13061906397342682,1037.2571428571428,1,497,1,0,0,42,21,46
0,303.0,0.7012542486190796,296.0,3.0,271.0,1438.0,264.77551020408157,15420.0,29.433332443237305,5.949999809265137,16207.6669921875,23.383333206176758,4.300000190734863,4.183333396911621,28.816667556762695,24776.666015625,2519.3714285714286,0.7536190748214722,27.271785736083984,97.82857142857142,1417.933837890625,1989.4285888671875,-0.14085714519023895,1038.1714285714286,0,482,1,0,0,31,35,103
1,277.0,0.0,296.0,3.0,271.0,5049.0,265.9795918367346,12056.0,24.83333396911621,4.566666603088379,15498.0498046875,22.600000381469727,4.5,4.300000190734863,23.183332443237305,49708.16796875,2502.2571428571428,0.7577618956565857,27.284286499023438,103.02857142857142,1417.782470703125,1961.2857666015625,-0.12761905789375305,1033.5428571428572,0,482,1,0,0,21,24,94
1,383.0,0.0,296.0,3.0,271.0,4921.0,267.7551020408162,14025.8330078125,34.52222442626953,3.8722221851348877,18145.060546875,24.905555725097656,4.9666666984558105,4.233333110809326,27.80555534362793,31407.888671875,2482.342857142857,0.77054762840271,27.367380142211914,108.11428571428571,1418.5284423828125,1910.0,-0.09942855685949326,1031.7142857142858,0,482,1,0,0,34,25,130
1,372.0,0.0,296.0,3.0,271.0,6893.0,268.38775510204067,16231.0,36.20000076293945,4.199999809265137,23035.44921875,24.75,4.699999809265137,4.2833333015441895,27.649999618530273,36119.5,2486.7428571428572,0.7779762148857117,27.428333282470703,109.2,1418.320556640625,1893.6571044921875,-0.09888095408678055,1032.4285714285713,0,482,1,0,0,34,18,139
1,258.0,0.42987456917762756,296.0,3.0,271.0,1096.0,271.46938775510193,,,,,,,,,,2653.1428571428573,0.7780237793922424,27.315357208251953,93.8,1422.576416015625,2132.60009765625,-0.1404999941587448,1048.942857142857,0,482,1,0,0,31,11,102
1,120.0,0.18015962839126587,296.0,3.0,293.0,1560.0,273.6938775510202,13341.6669921875,30.766666412353516,5.75,17403.5,24.866666793823242,4.599999904632568,4.150000095367432,27.149999618530273,20332.0,2735.0,0.7914761900901794,27.405118942260742,85.97142857142858,1417.4857177734375,2322.485595703125,-0.1019761934876442,1057.3428571428572,0,476,1,1,0,21,4,40
0,242.0,0.3717217743396759,296.0,3.0,293.0,1468.0,271.8571428571427,15365.8330078125,36.16666793823242,2.4000000953674316,16806.849609375,23.91666603088379,5.0,4.0,41.91666793823242,21733.0,2802.8571428571427,0.7906190752983093,27.335237503051758,84.4,1423.4725341796875,2404.17138671875,-0.14847618341445923,1060.6571428571428,0,476,1,0,0,41,15,96
0,32.0,0.4047890603542328,296.0,3.0,293.0,1319.0,273.0408163265305,17166.0,40.41666793823242,8.5,26575.94921875,27.53333282470703,5.300000190734863,4.0,28.683332443237305,25729.5,2829.8571428571427,0.8040476441383362,27.4469051361084,82.02857142857142,1422.4501953125,2458.3427734375,-0.088809534907341,1067.8,0,476,1,0,0,42,7,14
0,240.0,0.5359178781509399,296.0,3.0,293.0,1183.0,271.4489795918367,17264.833984375,39.46666717529297,5.099999904632568,25648.650390625,24.21666717529297,5.400000095367432,4.150000095367432,30.700000762939453,22975.166015625,2845.114285714286,0.806857168674469,27.467500686645508,82.02857142857142,1422.62890625,2475.94287109375,-0.08664283901453018,1068.9714285714285,2,476,1,0,0,31,16,106
0,45.0,0.8506271243095398,296.0,3.0,293.0,1079.0,261.14285714285694,15912.5,32.233333587646484,4.25,18883.650390625,25.016666412353516,5.199999809265137,4.0,38.70000076293945,22231.666015625,2965.1714285714284,0.8226190209388733,27.487380981445312,81.22857142857143,1413.7567138671875,2539.28564453125,-0.03533334285020828,1066.6285714285714,0,476,1,0,0,42,13,15
0,83.0,0.4070695638656616,296.0,3.0,293.0,1871.0,257.28571428571405,14075.3330078125,38.93333435058594,7.7166666984558105,23235.1328125,26.516666412353516,5.599999904632568,4.066666603088379,28.33333396911621,27829.333984375,2992.5714285714284,0.8297380805015564,27.50535774230957,83.14285714285714,1414.2418212890625,2538.39990234375,-0.02009524591267109,1066.9142857142858,0,476,1,0,0,42,13,33
1,288.0,0.3797035217285156,296.0,3.0,293.0,1653.0,255.32653061224468,14587.5,38.04999923706055,4.583333492279053,18289.30078125,23.25,5.400000095367432,4.0,35.38333511352539,22149.0,3004.6857142857143,0.8351190686225891,27.534284591674805,86.91428571428571,1417.6573486328125,2514.314208984375,0.04421427473425865,1067.2285714285715,0,476,1,0,0,31,20,111
0,229.0,0.5518814325332642,296.0,3.0,293.0,1141.0,257.34693877551007,13983.466796875,40.099998474121094,1.7799999713897705,15256.5068359375,22.823333740234375,4.700000286102295,4.050000190734863,40.83000183105469,37742.703125,3040.1428571428573,0.8565000295639038,27.538928985595703,99.11428571428571,1420.09130859375,2429.8857421875,0.3944285809993744,1057.7714285714285,0,476,1,0,1,21,26,92
1,293.0,0.4469783306121826,296.0,3.0,293.0,1391.0,263.2857142857141,13339.0,40.38333511352539,5.400000095367432,21667.55078125,24.83333396911621,5.199999809265137,4.050000190734863,32.70000076293945,24218.0,3058.885714285714,0.8504047393798828,27.465951919555664,98.57142857142857,1412.1317138671875,2420.94287109375,0.4031190276145935,1051.7142857142858,0,476,1,0,1,41,20,125
1,85.0,0.03192702308297157,296.0,3.0,293.0,2137.0,272.6734693877549,14784.0,31.383333206176758,4.099999904632568,16510.216796875,23.183332443237305,5.0,4.099999904632568,37.016666412353516,24529.5,3055.457142857143,0.8654047846794128,27.535118103027344,100.11428571428571,1405.721435546875,2395.800048828125,0.403809517621994,1049.4285714285713,2,476,1,0,1,31,1,40
0,211.0,0.6602052450180054,296.0,3.0,293.0,1132.0,272.6734693877549,15239.5,34.71666717529297,3.799999952316284,20732.849609375,24.899999618530273,6.0,4.050000190734863,35.766666412353516,23385.833984375,3064.8571428571427,0.8632380962371826,27.474761962890625,101.28571428571429,1403.7518310546875,2378.371337890625,0.4041190445423126,1046.2285714285715,1,476,1,0,0,41,20,95
0,288.0,0.9680729508399963,296.0,3.0,293.0,1033.0,276.4897959183672,13444.8330078125,36.46666717529297,3.75,14497.0,23.683332443237305,5.599999904632568,4.099999904632568,36.53333282470703,21694.333984375,3064.942857142857,0.8551428318023682,27.307857513427734,105.57142857142857,1409.2431640625,2332.6572265625,0.37738096714019775,1041.4571428571428,0,476,1,0,0,31,30,139
0,229.0,0.9623717069625854,296.0,3.0,293.0,1084.0,315.08163265306104,12794.1669921875,30.316667556762695,2.3333332538604736,17935.1171875,23.633333206176758,4.099999904632568,4.0333333015441895,39.06666564941406,20685.5,2888.8285714285716,0.9381904602050781,27.282976150512695,136.97142857142856,1396.013916015625,2231.228515625,0.14095236361026764,1012.5142857142857,0,476,1,0,1,21,35,124
0,26.0,0.4675028622150421,296.0,3.0,293.0,1389.0,309.26530612244864,11892.3330078125,35.63333511352539,2.0,16928.583984375,22.866666793823242,4.900000095367432,4.050000190734863,39.54999923706055,18724.166015625,2850.6285714285714,0.9589285850524902,27.383689880371094,138.25714285714287,1388.15478515625,2249.28564453125,0.18347617983818054,1009.2,2,476,1,0,0,21,1,14
0,118.0,0.8551881313323975,296.0,3.0,293.0,1096.0,310.42857142857116,14261.6669921875,33.83333206176758,6.699999809265137,19920.80078125,23.66666603088379,5.300000190734863,4.050000190734863,39.06666564941406,21312.333984375,2791.4285714285716,0.9659285545349121,27.307737350463867,138.05714285714285,1386.3564453125,2259.8857421875,0.18395239114761353,1010.9714285714285,0,476,1,0,0,41,2,62
0,122.0,0.020524514839053154,296.0,3.0,293.0,1463.0,312.93877551020387,12790.1669921875,36.766666412353516,2.4833333492279053,20818.982421875,23.66666603088379,5.099999904632568,4.083333492279053,32.5,20314.333984375,2720.7714285714287,1.0057857036590576,27.49333381652832,141.54285714285714,1381.0841064453125,2272.94287109375,0.16930952668190002,1013.4857142857143,1,476,1,0,0,42,9,62
0,263.4604949338629,0.5062713623046875,296.0,3.0,293.0,1166.0,313.7551020408162,13260.1669921875,35.983333587646484,2.316666603088379,23680.033203125,24.733333587646484,5.400000095367432,4.183333396911621,35.53333282470703,25314.666015625,2692.342857142857,1.0084761381149292,27.481189727783203,148.02857142857144,1391.24609375,2249.628662109375,0.18785713613033295,1013.0857142857143,1,476,1,0,0,31,10,128
0,166.0,0.5074116587638855,296.0,3.0,293.0,1293.0,315.8571428571427,13047.0,33.849998474121094,2.816666603088379,20749.55078125,22.78333282470703,4.5,4.25,39.16666793823242,21079.0,2627.885714285714,1.0154999494552612,27.647499084472656,152.11428571428573,1416.0081787109375,2222.857177734375,0.23904761672019958,1027.2285714285715,2,476,1,0,0,31,25,64
0,154.0,0.3785632848739624,296.0,3.0,293.0,1273.0,313.5306122448978,12549.0,38.31666564941406,1.3333333730697632,23121.767578125,22.383333206176758,4.300000190734863,4.099999904632568,36.54999923706055,18889.0,2634.714285714286,1.0011190176010132,27.46428680419922,145.97142857142856,1398.0286865234375,2249.085693359375,0.2546904683113098,1019.0,0,476,1,1,0,31,9,60
0,168.0,0.5906499624252319,296.0,3.0,283.0,1077.0,313.8775510204079,14020.6669921875,36.68333435058594,3.25,22949.966796875,24.683332443237305,5.699999809265137,4.050000190734863,34.03333282470703,22221.666015625,2624.4,1.005833387374878,27.52964210510254,140.14285714285714,1397.212890625,2253.742919921875,0.32021427154541016,1025.6571428571428,1,507,1,1,0,31,7,92
0,239.0,0.6545040011405945,296.0,3.0,283.0,1637.0,314.9795918367344,13097.0,34.21666717529297,3.7666666507720947,22643.8828125,22.53333282470703,4.300000190734863,4.099999904632568,38.70000076293945,19501.833984375,2625.8571428571427,0.9857380986213684,27.313928604125977,135.31428571428572,1397.2745361328125,2261.857177734375,0.34419047832489014,1025.4285714285713,0,507,1,0,1,42,12,113
0,278.0,0.7480045557022095,296.0,3.0,283.0,1670.0,314.673469387755,15054.5,36.53333282470703,4.400000095367432,19683.466796875,22.46666717529297,4.5,4.050000190734863,38.86666488647461,20861.166015625,2617.942857142857,0.9803095459938049,27.28107261657715,130.71428571428572,1395.2596435546875,2272.085693359375,0.34911906719207764,1028.7142857142858,0,507,1,0,1,31,21,127
0,108.0,0.8483466506004333,296.0,3.0,283.0,1083.0,316.7755102040814,15471.6669921875,32.46666717529297,3.4166667461395264,21024.5,22.899999618530273,4.5,4.050000190734863,40.06666564941406,23505.5,2624.8,0.9749761819839478,27.29166603088379,130.37142857142857,1400.337646484375,2263.428466796875,0.41347619891166687,1032.0285714285715,1,507,1,0,1,34,29,58
0,390.0,0.6830102801322937,296.0,3.0,283.0,1083.0,338.69387755102014,16440.0,35.56666564941406,2.866666555404663,23641.150390625,28.96666717529297,8.0,4.083333492279053,37.03333282470703,26840.666015625,2586.2571428571428,0.9255238175392151,26.72869110107422,130.4,1411.192626953125,2405.771484375,0.6796904802322388,1032.4571428571428,1,507,1,0,1,11,20,204
0,369.0,0.8460661172866821,296.0,3.0,283.0,1520.0,336.48979591836707,18280.0,33.08333206176758,2.5166666507720947,19481.19921875,22.233333587646484,4.300000190734863,4.150000095367432,38.11666488647461,20586.0,2546.285714285714,0.9285714626312256,26.788928985595703,132.9142857142857,1415.02099609375,2445.45703125,0.7423571348190308,1032.0857142857142,0,507,1,0,1,42,6,184
0,,0.8722919225692749,296.0,3.0,283.0,1490.0,332.8979591836733,17606.666015625,32.83333206176758,3.116666555404663,17700.69921875,22.53333282470703,3.9000000953674316,4.050000190734863,40.08333206176758,20750.5,2512.0857142857144,0.939214289188385,26.871309280395508,139.54285714285714,1423.5030517578125,2472.742919921875,0.9210714101791382,1033.5714285714287,0,507,1,0,1,42,3,
0,374.0,0.7137970328330994,296.0,3.0,283.0,1179.0,328.142857142857,17555.333984375,34.53333282470703,3.8333332538604736,18947.900390625,21.866666793823242,4.199999809265137,4.133333206176758,34.61666488647461,19626.166015625,2489.4,0.9522857069969177,26.98797607421875,140.05714285714285,1426.5806884765625,2510.45703125,0.9834761619567871,1038.9142857142858,1,507,1,0,1,21,29,174
0,206.0,0.4982896149158478,296.0,3.0,283.0,1789.0,315.59183673469363,17007.5,35.03333282470703,3.316666603088379,28846.06640625,24.016666412353516,5.300000190734863,4.050000190734863,30.566667556762695,21736.833984375,2404.5714285714284,0.9033809304237366,26.45380973815918,137.28571428571428,1423.421875,2546.628662109375,0.6199047565460205,1031.4857142857143,3,507,1,0,1,21,21,83
0,102.0,0.6043329238891602,296.0,3.0,283.0,1151.0,313.10204081632634,17740.5,32.983333587646484,2.5166666507720947,21114.25,23.700000762939453,4.099999904632568,4.25,27.566667556762695,23402.5,2396.457142857143,0.9164047837257385,26.63547706604004,142.6,1430.2725830078125,2509.28564453125,0.5143095254898071,1032.3714285714286,0,507,1,0,1,42,4,43
0,320.0,0.1619156152009964,296.0,3.0,283.0,2047.0,311.9795918367344,15323.5,33.36666488647461,3.799999952316284,19997.650390625,22.58333396911621,4.199999809265137,4.2833333015441895,31.116666793823242,19617.0,2417.7428571428572,0.9268333315849304,26.70619010925293,140.25714285714287,1423.7349853515625,2513.800048828125,0.3953095078468323,1035.2857142857142,0,507,1,0,0,41,3,133
0,397.0,0.6522234678268433,296.0,3.0,283.0,4334.0,312.3673469387752,15813.5,33.86666488647461,3.7666666507720947,18716.05078125,25.53333282470703,5.0,4.083333492279053,32.61666488647461,55614.0,2421.3714285714286,0.9313333034515381,26.774404525756836,141.45714285714286,1420.18017578125,2509.28564453125,0.30471426248550415,1034.2571428571428,1,507,1,0,0,31,14,184
0,347.0,0.46408209204673767,296.0,3.0,283.0,4228.0,313.6326530612242,15887.8330078125,36.900001525878906,3.9666666984558105,20970.6328125,24.649999618530273,5.400000095367432,4.25,30.316667556762695,22345.666015625,2467.5142857142855,0.904619038105011,26.513334274291992,135.17142857142858,1418.9014892578125,2526.485595703125,0.24766665697097778,1036.3428571428572,1,507,1,0,0,31,19,140
0,271.0,0.2622576951980591,296.0,3.0,283.0,2211.0,314.14285714285677,17293.77734375,34.155555725097656,3.883333444595337,22895.6328125,29.172222137451172,7.699999809265137,4.299999713897705,31.52777862548828,28615.77734375,2456.0857142857144,0.8965476155281067,26.41190528869629,139.14285714285714,1420.7020263671875,2496.17138671875,0.25945237278938293,1029.2,1,507,1,0,0,21,9,114
0,424.0,0.1550741195678711,296.0,3.0,283.0,1389.0,312.5918367346936,16767.333984375,34.78333282470703,2.6666667461395264,19122.017578125,23.53333282470703,4.800000190734863,4.25,28.799999237060547,21336.0,2436.3714285714286,0.848642885684967,26.029523849487305,147.71428571428572,1436.701416015625,2468.314208984375,0.2168571501970291,1021.2571428571429,1,507,1,0,0,21,6,195
0,268.0,0.5074116587638855,296.0,3.0,283.0,1192.0,311.06122448979556,14697.3330078125,38.04999923706055,2.1500000953674316,21436.1171875,27.21666717529297,6.199999809265137,4.25,32.849998474121094,26159.333984375,2448.7428571428572,0.8318333625793457,25.85523796081543,151.25714285714287,1436.248291015625,2425.742919921875,0.18954762816429138,1011.5714285714286,2,507,1,0,1,21,1,145
0,339.0,0.352337509393692,296.0,3.0,283.0,1923.0,314.2653061224487,16123.0,37.43333435058594,1.6666666269302368,17636.30078125,22.66666603088379,4.199999809265137,4.183333396911621,32.08333206176758,21432.0,2447.0857142857144,0.8385000228881836,26.057737350463867,151.65714285714284,1436.935791015625,2427.05712890625,0.18740476667881012,1017.2857142857143,1,507,1,0,1,31,7,145
0,143.0,0.6214367151260376,296.0,3.0,283.0,1269.0,308.79591836734664,15240.6669921875,30.850000381469727,1.600000023841858,19739.69921875,22.683332443237305,4.099999904632568,4.199999809265137,35.54999923706055,18013.0,2441.714285714286,0.8543094992637634,26.349166870117188,158.17142857142858,1441.1929931640625,2373.45703125,0.16716668009757996,1022.1142857142858,2,507,1,0,1,31,4,73
0,262.0,0.8905358910560608,296.0,3.0,283.0,1109.0,311.73469387755074,14606.6669921875,32.91666793823242,1.4666666984558105,18229.666015625,22.383333206176758,4.199999809265137,4.333333492279053,33.20000076293945,20759.333984375,2442.542857142857,0.8464999794960022,26.258451461791992,159.68571428571428,1439.7939453125,2361.228515625,0.13321428000926971,1017.6571428571428,2,507,1,0,1,31,3,141
0,275.0,0.7263398170471191,296.0,3.0,283.0,1186.0,311.0408163265304,14592.3330078125,26.149999618530273,2.133333444595337,19787.466796875,21.75,3.9000000953674316,4.383333206176758,44.5,19395.666015625,2407.3142857142857,0.8166666626930237,26.11750030517578,190.42857142857142,1458.1058349609375,2150.142822265625,-0.16409523785114288,992.3142857142857,0,507,1,0,1,31,14,123
0,330.0,0.7229190468788147,296.0,3.0,283.0,1134.0,311.0408163265304,15106.0,26.75,2.4166667461395264,18847.517578125,22.299999237060547,4.5,4.383333206176758,43.86666488647461,22587.0,2407.3142857142857,0.8166666626930237,26.11750030517578,190.42857142857142,1458.1058349609375,2150.142822265625,-0.16409523785114288,992.3142857142857,0,507,1,0,1,31,14,145
0,231.0,0.2702394425868988,296.0,3.0,283.0,1901.0,311.9795918367345,12921.0,31.33333396911621,2.2166666984558105,15366.533203125,21.183332443237305,3.799999952316284,4.133333206176758,38.63333511352539,51879.0,2415.657142857143,0.829714298248291,26.28523826599121,193.0857142857143,1460.36474609375,2130.28564453125,-0.2604999840259552,994.6285714285714,1,507,1,0,1,31,14,80
0,379.0,0.8426454067230225,296.0,3.0,283.0,1073.0,307.7142857142855,15247.6669921875,27.066667556762695,3.883333444595337,22460.69921875,22.799999237060547,4.5,4.433333396911621,43.96666717529297,20778.333984375,2389.714285714286,0.7890952229499817,25.9233341217041,193.65714285714284,1462.0460205078125,2074.17138671875,-0.2631666958332062,984.5428571428571,0,507,1,0,1,21,17,195
0,391.0,0.31356897950172424,296.0,3.0,283.0,1882.0,303.3877551020405,12799.6669921875,28.649999618530273,2.566666603088379,15475.9501953125,22.0,4.099999904632568,4.25,45.46666717529297,17742.333984375,2358.4857142857145,0.8043809533119202,26.155475616455078,202.54285714285714,1478.667724609375,2013.4571533203125,-0.33495238423347473,990.7714285714286,0,507,1,0,1,41,12,156
0,203.0,0.36716076731681824,296.0,3.0,283.0,1232.0,301.89795918367315,14182.72265625,30.616666793823242,3.799999952316284,15469.3056640625,21.577777862548828,4.0333333015441895,4.400000095367432,43.33888626098633,20307.5,2351.5142857142855,0.8029761910438538,26.10785675048828,204.4,1479.19970703125,2009.94287109375,-0.34692856669425964,990.1142857142858,1,507,1,0,1,21,7,99
0,199.91267154569505,0.2519954442977905,296.0,3.0,283.0,1560.0,294.9183673469385,12466.0,28.41666603088379,2.816666603088379,18525.283203125,21.383333206176758,3.9000000953674316,4.349999904632568,41.68333435058594,18575.833984375,2378.6285714285714,0.7982618808746338,25.955833435058594,199.0857142857143,1470.1998291015625,2014.971435546875,-0.38404762744903564,989.3428571428572,2,507,1,0,1,21,1,85
0,243.0,0.19954389333724976,296.0,3.0,283.0,1729.0,293.5306122448977,10617.1669921875,30.866666793823242,4.9666666984558105,18612.8828125,25.816667556762695,5.300000190734863,4.5,37.233333587646484,23664.333984375,2369.9714285714285,0.7812857031822205,25.739761352539062,202.57142857142858,1479.6644287109375,1987.5999755859375,-0.4021190404891968,986.0,2,507,1,0,1,31,15,88
0,111.0,0.15963512659072876,296.0,3.0,283.0,1770.0,288.9387755102039,13338.8330078125,29.21666717529297,2.883333444595337,16621.1328125,21.816667556762695,4.0,4.583333492279053,41.18333435058594,19925.333984375,2371.3142857142857,0.7967143058776855,25.99738121032715,206.22857142857143,1484.371337890625,1971.3143310546875,-0.4149523973464966,991.7428571428571,4,507,1,0,1,21,5,40
1,300.0,0.3842645287513733,296.0,3.0,283.0,3377.0,285.34693877550995,10512.6669921875,28.233333587646484,3.866666555404663,15470.1669921875,22.049999237060547,3.799999952316284,4.550000190734863,41.79999923706055,16468.0,2391.4,0.7862856984138489,25.974166870117188,200.31428571428572,1484.044921875,1965.8857421875,-0.3487618863582611,995.6571428571428,0,507,1,0,1,31,10,141
0,183.0,0.03306727483868599,296.0,3.0,283.0,2786.0,283.65306122448965,12582.0,27.733333587646484,2.950000047683716,16100.0,21.299999237060547,3.799999952316284,4.5333333015441895,40.5,17630.5,2427.0857142857144,0.7625238299369812,25.803333282470703,190.2,1482.846923828125,1964.94287109375,-0.18050000071525574,1001.9714285714285,1,507,1,0,1,31,12,68
0,264.0,0.583808422088623,296.0,3.0,283.0,3373.0,283.79591836734676,12022.5,29.399999618530273,4.2833333015441895,18394.1171875,22.016666412353516,4.300000190734863,4.583333492279053,39.66666793823242,19533.833984375,2456.4,0.7535238265991211,25.81166648864746,183.9142857142857,1481.9100341796875,1973.7142333984375,-0.001476178178563714,1006.1428571428571,1,507,1,0,1,31,13,133
0,183.0,0.5005701184272766,296.0,3.0,283.0,4007.0,278.10204081632634,14235.5,28.549999237060547,2.5166666507720947,19369.017578125,21.883333206176758,4.099999904632568,4.383333206176758,39.38333511352539,17731.666015625,2468.5714285714284,0.7383333444595337,25.747142791748047,176.74285714285713,1472.13623046875,1985.6285400390625,0.07252378761768341,1004.3428571428572,2,507,1,0,1,21,14,76
0,336.0,0.29304447770118713,296.0,3.0,283.0,1679.0,275.93877551020387,11063.6669921875,30.83333396911621,2.066666603088379,18484.533203125,24.244443893432617,4.8333330154418945,4.5722222328186035,38.35555648803711,22933.0,2469.1714285714284,0.7134761810302734,25.5146427154541,175.97142857142856,1485.1068115234375,1981.085693359375,0.20302380621433258,1002.4285714285714,0,507,1,0,1,31,15,128
0,206.0,0.09578107297420502,296.0,3.0,283.0,5212.0,271.87755102040785,14759.3330078125,30.399999618530273,4.400000095367432,18657.466796875,22.41666603088379,4.099999904632568,4.599999904632568,41.46666717529297,21226.333984375,2480.7714285714287,0.7134285569190979,25.5530948638916,172.57142857142858,1483.424560546875,1987.1142578125,0.34102383255958557,1005.7142857142857,1,507,1,0,1,41,14,91
0,269.0,0.30786773562431335,296.0,3.0,283.0,3000.0,266.5714285714283,13017.3330078125,29.66666603088379,3.299999952316284,19045.44921875,22.600000381469727,4.300000190734863,4.483333110809326,33.983333587646484,22891.166015625,2463.8285714285716,0.6907142996788025,25.445594787597656,174.2,1484.2998046875,1972.6285400390625,0.23004762828350067,1002.0857142857143,2,507,1,0,1,21,11,102
0,176.0,0.32155072689056396,267.0,4.0,283.0,1628.0,261.12244897959164,12607.5,30.266666412353516,5.566666603088379,17681.900390625,21.733333587646484,4.0,4.449999809265137,41.04999923706055,17956.0,2450.5714285714284,0.6896904706954956,25.578689575195312,177.31428571428572,1488.4931640625,1956.0,0.10461904108524323,1002.6285714285714,1,507,1,0,1,21,14,74
0,276.0,0.45610034465789795,267.0,4.0,283.0,3708.0,254.46938775510185,12471.8330078125,28.350000381469727,4.800000190734863,18170.3828125,21.816667556762695,4.0,4.550000190734863,42.56666564941406,17677.0,2468.4857142857145,0.6692143082618713,25.40654754638672,178.45714285714286,1488.1597900390625,1957.4000244140625,-0.036976173520088196,997.0571428571428,1,507,1,0,1,31,3,104
0,149.0,0.4743443429470062,267.0,4.0,283.0,1938.0,246.34693877550998,14014.72265625,27.066667556762695,7.316666603088379,19045.861328125,22.200000762939453,4.400000095367432,4.566666603088379,42.88333511352539,18823.611328125,2475.342857142857,0.6682142615318298,25.4278564453125,179.8,1490.143798828125,1953.3143310546875,-0.09061906486749649,997.6285714285714,1,507,1,0,1,41,1,58
0,220.0,0.2964652180671692,267.0,4.0,283.0,8853.0,237.28571428571408,13220.888671875,29.349998474121094,3.488888740539551,17697.91015625,22.955554962158203,4.800000190734863,4.80555534362793,38.39444351196289,21876.5546875,2426.8571428571427,0.670547604560852,25.46904754638672,193.74285714285713,1497.6026611328125,1949.7142333984375,-0.08340474963188171,989.1714285714286,1,507,1,0,1,41,12,82
0,250.0,0.8335233926773071,267.0,4.0,283.0,9383.0,231.3469387755101,12794.3330078125,29.016666412353516,5.349999904632568,19622.533203125,23.600000381469727,4.400000095367432,4.650000095367432,42.13333511352539,21108.0,2456.2571428571428,0.6609761714935303,25.418094635009766,190.37142857142857,1501.041748046875,1945.6285400390625,-0.10359523445367813,988.1428571428571,1,507,1,0,1,41,9,120
0,293.0,0.7662485837936401,267.0,4.0,283.0,6334.0,225.46938775510196,12282.1669921875,32.849998474121094,3.549999952316284,17936.80078125,24.350000381469727,4.900000095367432,4.599999904632568,37.86666488647461,23303.833984375,2500.7428571428572,0.665238082408905,25.539762496948242,186.0857142857143,1502.1851806640625,1945.7427978515625,-0.136595219373703,993.6,0,507,1,0,1,11,5,143
0,198.0,0.03876852989196777,267.0,4.0,283.0,1887.0,219.9591836734693,13044.8330078125,29.494443893432617,5.066666603088379,16994.33984375,21.566665649414062,4.166666507720947,4.566666603088379,42.31111145019531,19673.27734375,2447.542857142857,0.6683809757232666,25.618928909301758,193.31428571428572,1511.9234619140625,1928.94287109375,-0.10561905801296234,992.7714285714286,2,507,1,0,1,34,15,101
0,226.0,0.15963512659072876,267.0,4.0,283.0,13498.0,211.22448979591832,11156.5,32.61666488647461,5.816666603088379,17017.333984375,21.700000762939453,3.9000000953674316,4.550000190734863,40.03333282470703,17224.5,2477.4857142857145,0.6584047675132751,25.562381744384766,190.25714285714287,1504.9002685546875,1942.7142333984375,-0.0995476171374321,989.1714285714286,1,507,1,0,0,21,9,130
0,211.0,0.46864309906959534,267.0,4.0,260.0,17671.0,210.93877551020398,12220.77734375,33.32777786254883,3.805555582046509,19112.5,25.766666412353516,4.700000286102295,4.733333587646484,34.883331298828125,24265.22265625,2583.8285714285716,0.6468571424484253,25.34107208251953,183.34285714285716,1495.0926513671875,1961.771484375,-0.095547616481781,988.7714285714286,1,518,1,0,0,31,3,118
0,213.0,0.07525655627250671,267.0,4.0,260.0,15628.0,206.65306122448973,12740.72265625,33.0444450378418,8.04444408416748,18712.111328125,25.35555648803711,4.9666666984558105,4.550000190734863,36.86111068725586,22040.27734375,2605.542857142857,0.635523796081543,25.17523765563965,180.82857142857142,1490.3900146484375,1962.971435546875,-0.0960238128900528,985.4571428571429,1,518,1,0,0,41,22,110
0,124.0,0.02166476659476757,267.0,4.0,260.0,8161.0,196.91836734693874,11313.3330078125,31.483333587646484,5.800000190734863,20829.05078125,24.799999237060547,5.5,4.75,40.31666564941406,24193.666015625,2613.3142857142857,0.6368095278739929,25.17202377319336,181.2,1492.9378662109375,1950.6856689453125,-0.1431666761636734,990.2285714285714,6,518,1,0,0,31,3,47
0,141.26290071941497,0.0034207524731755257,267.0,4.0,260.0,11609.0,197.08163265306118,10968.0,33.25,2.8499999046325684,18476.3828125,24.53333282470703,4.5,4.583333492279053,38.28333282470703,20625.0,2613.3142857142857,0.6368095278739929,25.17202377319336,181.2,1492.9378662109375,1950.6856689453125,-0.1431666761636734,990.2285714285714,3,518,1,0,0,21,3,55
0,150.0,0.24173317849636078,267.0,4.0,260.0,5806.0,198.53061224489787,10686.72265625,30.83333396911621,5.933333396911621,17873.64453125,23.422222137451172,4.4666666984558105,4.633333206176758,40.844444274902344,19551.77734375,2659.457142857143,0.638619065284729,25.246665954589844,185.97142857142856,1506.569580078125,1915.800048828125,-0.20440475642681122,991.0,2,518,1,0,0,31,3,56
0,3.0,0.0,267.0,4.0,260.0,3730.0,200.0204081632652,13110.8330078125,31.183332443237305,2.299999952316284,18118.599609375,24.33333396911621,3.9000000953674316,4.800000190734863,40.150001525878906,21164.166015625,2665.942857142857,0.6417618989944458,25.27750015258789,187.14285714285714,1510.364990234375,1905.5714111328125,-0.25802379846572876,993.8,6,518,1,0,0,21,8,2
0,143.0,0.13340935111045837,267.0,4.0,260.0,3202.0,203.26530612244883,12567.6669921875,33.516666412353516,5.4666666984558105,18304.333984375,22.899999618530273,4.400000095367432,4.550000190734863,37.20000076293945,18555.0,2621.1428571428573,0.6422857046127319,25.343095779418945,191.9142857142857,1512.51953125,1893.6856689453125,-0.2803095281124115,992.4857142857143,3,518,1,0,0,21,14,70
0,191.0,0.0,267.0,4.0,260.0,4845.0,203.26530612244883,11665.6669921875,33.25,4.983333110809326,19775.216796875,21.16666603088379,3.9000000953674316,4.699999809265137,39.46666717529297,19247.5,2620.342857142857,0.6423571109771729,25.388809204101562,194.11428571428573,1516.712890625,1880.4857177734375,-0.30785712599754333,993.6,4,518,1,0,0,41,9,85
0,100.0,0.638540506362915,267.0,4.0,260.0,4962.0,209.59183673469371,13071.0,26.299999237060547,8.5,20895.533203125,23.16666603088379,4.800000190734863,4.699999809265137,37.650001525878906,23726.666015625,2643.3142857142857,0.6371190547943115,25.310476303100586,199.0857142857143,1523.787353515625,1862.94287109375,-0.3643571138381958,990.3142857142857,0,518,1,0,0,21,11,40
0,132.0,0.6328392028808594,267.0,4.0,260.0,5553.0,205.61224489795902,11701.6669921875,30.299999237060547,3.950000047683716,16835.599609375,23.983333587646484,4.400000095367432,4.699999809265137,41.71666717529297,19727.666015625,2648.0285714285715,0.6384285688400269,25.287500381469727,193.4857142857143,1514.61279296875,1893.6571044921875,-0.37973809242248535,990.5142857142857,1,518,1,0,0,21,9,64
0,86.0,0.0,267.0,4.0,260.0,11174.0,208.10204081632637,12585.0,30.049999237060547,3.633333444595337,19101.75,23.41666603088379,4.199999809265137,4.650000095367432,40.400001525878906,20155.0,2689.1714285714284,0.6497856974601746,25.288095474243164,195.94285714285715,1514.20361328125,1891.82861328125,-0.43402379751205444,991.1714285714286,8,518,1,0,0,21,7,32
0,188.0,0.028506271541118622,267.0,4.0,260.0,7259.0,209.8367346938774,13006.5,30.71666717529297,4.849999904632568,18716.416015625,23.933332443237305,4.400000095367432,4.833333492279053,39.96666717529297,23257.666015625,2948.342857142857,0.6679285764694214,25.381071090698242,188.14285714285714,1497.8387451171875,1915.5142822265625,-0.45476189255714417,996.2857142857143,4,518,1,0,0,41,9,74
0,99.0,0.15165336430072784,267.0,4.0,260.0,6894.0,214.67346938775498,11379.6669921875,31.383333206176758,8.566666603088379,19823.8671875,24.41666603088379,4.400000095367432,4.699999809265137,39.29999923706055,20173.333984375,3096.8,0.6490476131439209,25.085832595825195,191.42857142857142,1509.5972900390625,1904.1142578125,-0.46152380108833313,990.7142857142857,3,518,1,0,0,31,5,40
0,141.0,0.030786773189902306,267.0,4.0,260.0,1490.0,220.81632653061217,12964.6669921875,27.91666603088379,9.5,21944.583984375,24.53333282470703,4.900000095367432,4.800000190734863,39.483333587646484,24988.333984375,3319.285714285714,0.6421428322792053,24.88249969482422,191.2,1523.3426513671875,1908.17138671875,-0.49611905217170715,993.5428571428571,2,518,1,0,0,31,7,60
0,104.0,0.8825541734695435,267.0,4.0,260.0,1085.0,229.91836734693868,14915.5,30.75,5.400000095367432,30466.599609375,25.78333282470703,5.0,4.883333206176758,36.71666717529297,24448.333984375,3424.9142857142856,0.6421904563903809,25.05476188659668,200.71428571428572,1541.66943359375,1866.3428955078125,-0.4775952398777008,997.4285714285714,0,518,1,1,0,21,1,51
0,64.0,0.4857468605041504,267.0,4.0,260.0,2359.0,237.7755102040815,12549.8330078125,31.450000762939453,7.516666889190674,18299.19921875,23.549999237060547,4.400000095367432,4.983333110809326,36.75,22862.333984375,3480.7428571428572,0.7030714154243469,25.69285774230957,207.31428571428572,1555.766357421875,1850.94287109375,-0.638190507888794,1021.3714285714286,1,518,1,1,0,21,2,31
0,269.0,0.9395667314529419,267.0,4.0,260.0,2286.0,225.7346938775509,10033.0,34.70000076293945,8.666666984558105,20871.93359375,26.799999237060547,6.0,4.699999809265137,33.56666564941406,28757.333984375,3344.8571428571427,0.6112381219863892,24.022024154663086,194.22857142857143,1541.95166015625,1873.857177734375,-0.7725476026535034,985.8,0,518,1,0,1,21,7,101
0,189.0,0.8221208453178406,267.0,4.0,260.0,1091.0,209.81632653061212,13339.8330078125,31.933332443237305,10.649999618530273,21967.267578125,24.933332443237305,5.5,4.849999904632568,38.78333282470703,27142.166015625,3077.8571428571427,0.7053095102310181,25.20809555053711,216.97142857142856,1553.1903076171875,1824.4571533203125,-0.8320000171661377,1012.5714285714286,0,518,1,0,1,31,35,81
0,210.0,0.2702394425868988,267.0,4.0,229.0,1253.0,205.83673469387745,12508.1669921875,34.33333206176758,8.366666793823242,22097.31640625,22.21666717529297,5.0,4.883333206176758,35.08333206176758,22153.833984375,2922.0857142857144,0.783214271068573,26.17976188659668,236.97142857142856,1569.00341796875,1779.2857666015625,-0.8379999995231628,1029.8,3,481,1,0,0,41,15,95
0,88.0,0.0011402508243918419,267.0,4.0,229.0,9819.0,199.26530612244883,13324.0,33.04999923706055,5.599999904632568,22861.849609375,22.766666412353516,4.900000095367432,4.900000095367432,36.28333282470703,22671.0,2869.3142857142857,0.7916666865348816,25.99571418762207,226.85714285714286,1550.9859619140625,1820.3428955078125,-0.8795714378356934,1038.6,3,481,1,0,0,21,3,43
0,135.0,0.17445838451385498,267.0,4.0,229.0,4969.0,199.24489795918353,14033.333984375,33.29999923706055,4.988889217376709,17681.255859375,22.366666793823242,4.1666669845581055,4.888888835906982,35.2055549621582,19531.888671875,2914.0285714285715,0.8286428451538086,26.421310424804688,232.5142857142857,1546.3704833984375,1793.6285400390625,-0.916523814201355,1039.2571428571428,3,481,1,0,0,31,10,65
0,90.0,0.0034207524731755257,267.0,4.0,229.0,6981.0,188.89795918367338,13380.8330078125,33.08333206176758,4.333333492279053,20711.466796875,26.0,5.400000095367432,4.883333206176758,34.43333435058594,25977.5,2913.9142857142856,0.776452362537384,25.753690719604492,226.9142857142857,1544.2364501953125,1796.228515625,-0.9411904811859131,1027.3714285714286,1,481,1,0,0,21,3,44
0,86.0,0.0,267.0,4.0,229.0,14307.0,183.59183673469383,9667.8330078125,33.63333511352539,10.316666603088379,20258.1171875,27.566667556762695,5.800000190734863,4.900000095367432,35.70000076293945,26092.833984375,2833.6857142857143,0.8112381100654602,25.96976089477539,236.0857142857143,1560.140625,1785.7142333984375,-0.9301190972328186,1040.1142857142856,3,481,1,0,0,21,8,33
0,132.0,0.0,267.0,4.0,229.0,29985.0,175.20408163265301,12153.611328125,32.227779388427734,4.444444179534912,16652.349609375,22.96666717529297,4.400000095367432,4.900000095367432,38.32777786254883,18718.33203125,2790.342857142857,0.8644523620605469,26.5094051361084,247.68571428571428,1569.807373046875,1753.857177734375,-0.9756190776824951,1049.6857142857143,5,518,1,0,0,41,5,58
0,36.0,0.0,267.0,4.0,260.0,32767.0,173.26530612244898,14424.0,28.58333396911621,5.266666889190674,16435.466796875,22.649999618530273,4.199999809265137,4.900000095367432,38.29999923706055,22009.0,2787.2571428571428,0.8889285922050476,26.76011848449707,254.54285714285714,1570.4542236328125,1732.1142578125,-1.010619044303894,1049.7428571428572,3,518,1,0,0,31,7,14
0,113.0,0.04104902967810631,267.0,4.0,260.0,32767.0,166.81632653061223,11736.2587890625,28.314815521240234,6.5203704833984375,18626.34765625,22.101852416992188,4.122221946716309,4.8351850509643555,44.829627990722656,17881.611328125,2809.2571428571428,0.8863571286201477,26.744524002075195,257.62857142857143,1578.6754150390625,1714.6856689453125,-1.0602142810821533,1048.3428571428572,0,518,1,0,0,31,2,48
0,62.0,0.019384264945983887,267.0,4.0,260.0,32767.0,154.71428571428567,10865.1669921875,29.950000762939453,5.400000095367432,18322.44921875,22.78333282470703,4.099999904632568,4.849999904632568,40.54999923706055,21454.5,2773.942857142857,0.8659523725509644,26.42976188659668,259.2,1581.3046875,1699.05712890625,-1.0654761791229248,1039.6857142857143,2,518,1,0,0,31,7,24
0,127.0,0.009122006595134735,267.0,4.0,260.0,32767.0,150.83673469387745,13398.2783203125,30.483333587646484,5.611111164093018,17046.9609375,22.100000381469727,3.9666666984558105,4.949999809265137,39.522220611572266,19717.22265625,2829.285714285714,0.8929761648178101,26.64047622680664,260.42857142857144,1580.6025390625,1685.1142578125,-1.1214286088943481,1045.6285714285714,0,518,1,0,0,21,9,59
0,102.0,0.015963511541485786,267.0,4.0,260.0,32767.0,155.30612244897947,11138.6669921875,31.28333282470703,6.349999904632568,19486.166015625,22.83333396911621,4.099999904632568,4.949999809265137,41.599998474121094,20907.0,2899.114285714286,0.8930000066757202,26.547500610351562,260.65714285714284,1586.8978271484375,1674.7142333984375,-1.151809573173523,1047.942857142857,0,518,1,0,0,21,16,51
0,96.0,0.0,267.0,4.0,260.0,30412.0,148.53061224489784,13022.5,28.383333206176758,8.75,21063.033203125,23.866666793823242,4.099999904632568,4.983333110809326,42.66666793823242,20255.5,2817.7714285714287,0.8977380990982056,26.58785629272461,267.22857142857146,1578.841064453125,1640.5714111328125,-1.1422618627548218,1036.4285714285713,1,518,1,0,0,41,6,42
0,73.0,0.11630558967590332,267.0,4.0,260.0,32767.0,149.69387755102022,15290.6669921875,28.883333206176758,8.199999809265137,19358.767578125,22.866666793823242,4.400000095367432,5.0,42.91666793823242,21778.0,2888.2285714285713,0.9159523844718933,26.64607048034668,271.51428571428573,1589.65576171875,1610.028564453125,-1.1707381010055542,1042.4571428571428,0,518,1,0,0,34,10,36
0,62.0,0.16419611871242523,267.0,4.0,260.0,29896.0,151.73469387755082,12399.8330078125,28.78333282470703,8.199999809265137,16523.56640625,22.433332443237305,4.300000190734863,4.983333110809326,42.88333511352539,19512.0,3025.4285714285716,0.9096190333366394,26.44023895263672,270.65714285714284,1599.96142578125,1592.142822265625,-1.2208095788955688,1047.1142857142856,0,518,1,0,0,31,15,31
0,57.0,0.0,267.0,4.0,260.0,29827.0,152.30612244897938,14462.5,28.600000381469727,7.633333206176758,19857.599609375,23.700000762939453,4.400000095367432,4.900000095367432,41.983333587646484,27396.5,2987.1714285714284,0.9081904888153076,26.422380447387695,271.3142857142857,1594.030517578125,1582.771484375,-1.224500060081482,1042.1714285714286,3,518,1,0,0,42,8,22
0,108.0,0.020524514839053154,267.0,4.0,260.0,22176.0,152.26530612244878,11432.3330078125,28.149999618530273,6.133333206176758,18844.666015625,22.516666412353516,4.099999904632568,5.050000190734863,40.95000076293945,21198.166015625,3127.4,0.9171428680419922,26.440834045410156,267.9428571428571,1597.61376953125,1580.3714599609375,-1.2654285430908203,1050.5428571428572,2,518,1,0,0,34,3,50
0,127.0,0.2291904240846634,267.0,4.0,260.0,23830.0,149.97959183673453,10582.5,33.66666793823242,9.75,18381.349609375,27.71666717529297,5.800000190734863,5.099999904632568,37.79999923706055,29345.666015625,3186.057142857143,0.8786666393280029,25.817262649536133,267.51428571428573,1594.5665283203125,1563.6571044921875,-1.2745000123977661,1033.2857142857142,0,518,1,0,1,31,11,54
0,80.0,0.5256556272506714,267.0,4.0,260.0,17593.0,147.91836734693868,9711.3330078125,25.133333206176758,7.900000095367432,18587.69921875,22.5,4.400000095367432,5.066666603088379,46.650001525878906,22104.333984375,3197.3714285714286,0.8840000033378601,25.966190338134766,281.0,1613.972412109375,1520.5428466796875,-1.2715952396392822,1030.6,1,518,1,0,1,41,9,36
0,103.0,0.46408209204673767,267.0,4.0,191.0,11206.0,146.1632653061224,8800.6669921875,28.71666717529297,8.0,18892.1328125,25.366666793823242,5.0,5.150000095367432,45.91666793823242,20590.5,3179.114285714286,0.9258809685707092,26.35547637939453,283.9714285714286,1606.3531494140625,1522.5999755859375,-1.3134286403656006,1037.0285714285715,0,481,1,0,0,21,19,40
1,133.0,0.0022805016487836838,267.0,4.0,229.0,9850.0,144.7826086956521,8266.1669921875,21.25,6.883333206176758,21443.849609375,22.616666793823242,4.199999809265137,5.0,47.28333282470703,17812.833984375,3246.4285714285716,0.9585476517677307,26.511667251586914,283.2,1605.377197265625,1552.857177734375,-1.3451191186904907,1043.7714285714285,3,481,1,0,0,34,12,58
1,97.0,0.0,267.0,4.0,229.0,14967.0,144.7826086956521,9365.6669921875,25.383333206176758,5.050000190734863,19913.333984375,21.816667556762695,4.199999809265137,4.900000095367432,45.099998474121094,16389.166015625,3209.457142857143,0.9524047374725342,26.410476684570312,283.14285714285717,1604.089111328125,1552.914306640625,-1.3330237865447998,1040.3428571428572,3,481,1,0,0,34,2,44
0,285.0,0.6750285029411316,286.0,2.0,313.0,1946.0,327.285714285714,18122.333984375,34.900001525878906,1.850000023841858,21113.732421875,23.600000381469727,5.699999809265137,4.366666793823242,29.816667556762695,36033.16796875,1256.142857142857,0.6127856969833374,25.704286575317383,22.17142857142857,1316.8946533203125,2550.857177734375,-0.5503333210945129,1001.0857142857143,0,505,1,1,0,31,2,103
0,354.0,0.9612314701080322,286.0,2.0,313.0,1067.0,336.0612244897956,18485.666015625,31.200000762939453,0.800000011920929,20876.939453125,25.366666793823242,4.599999904632568,4.349999904632568,35.21666717529297,24330.0,1238.1714285714286,0.6284523606300354,25.717262268066406,23.4,1322.0169677734375,2541.628662109375,-0.6855714321136475,1004.2,0,505,1,1,0,41,21,134
0,325.0,0.7172178030014038,286.0,2.0,313.0,1490.0,334.24489795918333,17906.833984375,32.11666488647461,1.7333333492279053,22210.25,25.0,4.800000190734863,4.300000190734863,32.43333435058594,33061.5,1256.7714285714285,0.6263095140457153,25.69202423095703,23.02857142857143,1321.05224609375,2538.914306640625,-0.6846904754638672,1003.7142857142857,0,505,1,1,0,31,20,131
0,184.0,0.6624857187271118,286.0,2.0,313.0,1201.0,337.10204081632617,14312.8330078125,34.233333587646484,1.3833333253860474,20655.68359375,22.91666603088379,4.199999809265137,4.166666507720947,33.849998474121094,20803.0,1287.2571428571428,0.6737619042396545,25.88726234436035,32.714285714285715,1333.7745361328125,2516.71435546875,-0.7434523701667786,1009.6,0,505,1,1,0,41,4,88
0,393.0,0.8084378838539124,286.0,2.0,313.0,2070.0,303.89795918367327,17899.666015625,31.183332443237305,1.7166666984558105,20446.69921875,24.016666412353516,3.799999952316284,4.099999904632568,37.099998474121094,24958.5,1512.7142857142858,0.7060952186584473,25.923095703125,43.42857142857143,1332.2449951171875,2488.228515625,-1.291595220565796,1003.8857142857142,0,505,1,0,1,42,12,175
1,398.0,0.5404788851737976,286.0,2.0,313.0,1306.0,307.42857142857105,16431.333984375,30.483333587646484,0.5,19301.6328125,22.899999618530273,4.199999809265137,4.050000190734863,40.349998474121094,21511.666015625,1473.7714285714285,0.7041666507720947,25.98107147216797,42.82857142857143,1332.679443359375,2498.3427734375,-1.316095232963562,1005.6571428571428,0,505,1,1,0,31,19,193
0,281.0,0.8722919225692749,286.0,2.0,296.0,1103.0,311.08163265306104,22370.5,30.733333587646484,0.7166666388511658,19228.232421875,24.33333396911621,4.199999809265137,4.25,42.68333435058594,22862.166015625,1585.057142857143,0.6615476012229919,25.815834045410156,47.91428571428571,1328.039306640625,2532.1142578125,-0.9742857217788696,991.6857142857143,0,474,1,0,1,31,18,135
0,304.0,0.7787913084030151,286.0,2.0,296.0,1093.0,311.08163265306104,20295.0,33.61666488647461,1.0499999523162842,20552.283203125,24.25,4.900000095367432,4.183333396911621,40.68333435058594,20602.666015625,1585.057142857143,0.6615476012229919,25.815834045410156,47.91428571428571,1328.039306640625,2532.1142578125,-0.9742857217788696,991.6857142857143,0,474,1,0,1,31,18,146
0,323.0,0.4663625955581665,286.0,2.0,296.0,1655.0,303.6122448979589,19400.166015625,27.299999237060547,0.5833333134651184,18001.216796875,24.183332443237305,5.0,4.083333492279053,36.599998474121094,21241.0,1646.0,0.6345952153205872,25.95809555053711,68.45714285714286,1325.7142333984375,2555.60009765625,-0.77054762840271,971.6857142857143,0,474,1,0,0,41,35,154
1,251.0,0.2303306758403778,286.0,2.0,296.0,1639.0,299.2040816326528,19029.333984375,28.016666412353516,2.23888897895813,20169.77734375,24.9777774810791,5.066666603088379,4.0611114501953125,32.72222137451172,21814.22265625,1630.2285714285715,0.631595253944397,25.977380752563477,66.97142857142858,1323.848388671875,2556.71435546875,-0.7732619047164917,972.1142857142858,0,474,1,0,0,31,9,90
1,278.0,0.11858608573675156,286.0,2.0,296.0,4668.0,292.48979591836724,19710.666015625,31.366666793823242,2.366666555404663,16790.5,23.933332443237305,4.900000095367432,3.9000000953674316,31.133333206176758,40239.66796875,1632.4571428571428,0.6453571319580078,26.18297576904297,67.91428571428571,1327.6927490234375,2540.0,-0.7422857284545898,978.6285714285714,0,474,1,0,0,21,24,100
1,287.0,0.571265697479248,286.0,2.0,296.0,1132.0,289.4489795918365,19683.22265625,27.288888931274414,0.6500000357627869,19003.978515625,23.77777671813965,4.866666793823242,4.083333492279053,32.127777099609375,22965.22265625,1677.0285714285715,0.6327381134033203,26.109642028808594,65.05714285714286,1319.1644287109375,2535.60009765625,-0.6710237860679626,973.6,0,496,1,0,0,42,5,103
0,285.0,0.6989737749099731,286.0,2.0,285.0,1075.0,284.06122448979573,35236.9453125,30.738887786865234,0.47777777910232544,17268.400390625,24.200000762939453,5.066666603088379,4.044444561004639,29.005556106567383,40695.33203125,1663.9142857142858,0.6294999718666077,26.121070861816406,63.371428571428574,1323.6412353515625,2535.39990234375,-0.6366428136825562,977.9714285714285,0,496,1,0,0,31,27,134
0,206.0,0.5553021430969238,286.0,2.0,285.0,2432.0,286.7755102040814,19461.333984375,31.433332443237305,1.0,18288.6328125,22.933332443237305,5.099999904632568,4.083333492279053,33.66666793823242,22475.333984375,1726.8285714285714,0.6266428828239441,26.06761932373047,64.91428571428571,1319.87353515625,2525.54296875,-0.5513571500778198,973.1428571428571,0,496,1,1,0,21,20,80
1,299.0,0.0,286.0,2.0,296.0,2467.0,291.4081632653059,20529.0,30.766666412353516,0.5,19882.533203125,27.866666793823242,5.800000190734863,4.150000095367432,23.016666412353516,30926.0,2477.7714285714287,0.6539762020111084,26.865476608276367,48.82857142857143,1353.6806640625,3029.857177734375,0.1368333250284195,1029.8,0,474,1,0,0,42,34,115
1,178.0,0.19954389333724976,286.0,2.0,296.0,2436.0,284.9999999999998,,,,,,,,,45691.0,2488.0,0.6544285416603088,26.858333587646484,47.94285714285714,1351.8421630859375,3050.17138671875,0.12223809212446213,1029.2285714285715,0,474,1,0,0,42,10,76
1,329.0,0.0,286.0,2.0,285.0,4844.0,270.87755102040796,15760.5,33.45000076293945,0.30000001192092896,19929.3828125,27.58333396911621,5.599999904632568,4.199999809265137,20.683332443237305,57413.16796875,2528.285714285714,0.6608809232711792,26.902856826782227,45.74285714285714,1356.7486572265625,3117.8857421875,0.12404760718345642,1035.6571428571428,0,496,1,0,0,34,26,113
1,258.0,0.05473203957080841,286.0,2.0,285.0,6495.0,250.46938775510182,22107.166015625,31.566667556762695,2.366666555404663,22560.06640625,27.850000381469727,5.800000190734863,4.333333492279053,23.58333396911621,31070.0,2493.542857142857,0.6561428308486938,26.840356826782227,69.48571428571428,1368.076171875,2583.742919921875,0.12583333253860474,1016.7714285714286,0,496,1,0,1,42,30,114
1,177.0,0.11174458265304565,286.0,2.0,285.0,15833.0,252.79591836734667,18562.166015625,30.866666793823242,1.0499999523162842,19151.6328125,25.850000381469727,5.199999809265137,4.583333492279053,21.016666412353516,22293.666015625,2461.0,0.6639761924743652,26.895713806152344,73.08571428571429,1368.6788330078125,2515.05712890625,0.14507141709327698,1015.6285714285714,0,496,1,0,1,41,18,66
1,184.0,0.0,286.0,2.0,285.0,7113.0,255.28571428571402,18486.5,31.78333282470703,2.7166666984558105,18919.30078125,25.299999237060547,5.199999809265137,4.2833333015441895,19.700000762939453,36131.16796875,2480.8571428571427,0.6692380905151367,26.915952682495117,77.71428571428571,1365.6436767578125,2439.8857421875,0.10609523952007294,1010.2857142857143,0,496,1,0,0,34,19,73
1,337.0,0.14367160201072693,296.0,3.0,272.0,1365.0,282.9183673469387,16955.833984375,24.983333587646484,2.0166666507720947,16791.8828125,23.366666793823242,4.599999904632568,4.2833333015441895,19.433332443237305,21995.0,2464.5142857142855,0.6855000257492065,26.934999465942383,94.45714285714286,1396.118896484375,2243.800048828125,-0.03333332762122154,1013.6,0,497,1,0,1,31,20,124
0,98.0,0.3249714970588684,296.0,3.0,272.0,1281.0,282.46938775510193,,,,,,,,,,2465.8285714285716,0.6825714111328125,26.858928680419922,94.91428571428571,1396.37646484375,2240.485595703125,-0.040452372282743454,1011.9428571428572,0,497,1,0,1,21,14,34
0,122.0,0.1345496028661728,296.0,3.0,272.0,1391.0,265.55102040816297,15923.3330078125,23.433332443237305,2.3333332538604736,19094.6171875,24.133333206176758,4.400000095367432,4.150000095367432,18.5,21414.0,2497.4285714285716,0.7053333520889282,26.91797637939453,98.02857142857142,1403.844970703125,2156.857177734375,-0.12833333015441895,1016.8571428571429,0,497,1,0,0,31,30,42
0,97.0,0.3774230182170868,296.0,3.0,272.0,1582.0,267.77551020408134,14167.0,24.266666412353516,0.8500000238418579,17003.033203125,24.450000762939453,4.5,4.050000190734863,17.766666412353516,20819.5,2478.114285714286,0.7073095440864563,26.962738037109375,95.31428571428572,1402.661865234375,2157.485595703125,-0.09064286947250366,1021.4857142857143,1,497,1,0,0,42,17,39
1,131.0,0.0,296.0,3.0,272.0,2030.0,262.2448979591835,11831.1669921875,27.433332443237305,2.4000000953674316,17097.6171875,21.566667556762695,4.099999904632568,4.166666507720947,19.25,25105.0,2490.2285714285713,0.7283809781074524,27.102500915527344,103.37142857142857,1425.8037109375,2077.800048828125,-0.18673810362815857,1030.3428571428572,0,497,1,0,0,34,2,46
1,211.0,0.0,296.0,3.0,272.0,5092.0,262.081632653061,14112.0,28.46666717529297,1.9833333492279053,17618.466796875,23.899999618530273,4.900000095367432,4.050000190734863,17.58333396911621,27413.166015625,2517.6857142857143,0.7446428537368774,27.189167022705078,99.91428571428571,1417.157470703125,2079.485595703125,-0.19480951130390167,1031.7714285714285,1,497,1,0,0,24,1,73
1,318.0,0.0,296.0,3.0,272.0,4533.0,262.081632653061,12566.0,28.33333396911621,2.950000047683716,16922.05078125,23.899999618530273,4.699999809265137,4.183333396911621,18.183332443237305,26040.0,2522.4285714285716,0.7521904706954956,27.22035789489746,100.54285714285714,1417.572998046875,2073.857177734375,-0.1932142823934555,1033.2571428571428,0,497,1,0,0,21,6,124
1,79.0,0.13226909935474396,296.0,3.0,271.3333333333333,6856.0,262.7619047619046,,,,,,,,,,2494.9142857142856,0.7431904673576355,27.211666107177734,102.0,1424.2301025390625,2033.82861328125,-0.14690475165843964,1035.5142857142857,0,482,1,0,0,31,26,27
1,325.0,0.258836954832077,296.0,3.0,293.0,1890.0,267.0408163265305,12543.3330078125,31.366666793823242,4.833333492279053,16020.18359375,21.133333206176758,4.400000095367432,4.233333110809326,22.299999237060547,23061.833984375,2553.2285714285713,0.7591428756713867,27.227737426757812,103.2,1424.7591552734375,2051.3427734375,-0.19816666841506958,1036.5714285714287,0,482,1,0,0,31,4,117
1,265.0,0.026225769892334938,296.0,3.0,271.0,5217.0,267.0408163265305,13238.0556640625,28.599998474121094,3.933333158493042,15631.4609375,21.933334350585938,4.099999904632568,4.2166666984558105,29.21666717529297,40884.27734375,2530.6,0.763785719871521,27.296667098999023,105.0,1429.2247314453125,2007.199951171875,-0.17107143998146057,1039.4,0,482,1,0,0,21,17,90
1,243.0,0.4036487936973572,296.0,3.0,271.0,1488.0,269.02040816326513,13573.5,31.08333396911621,3.2666666507720947,16246.4501953125,23.549999237060547,4.900000095367432,4.150000095367432,24.41666603088379,25289.0,2562.2,0.7695237994194031,27.27750015258789,103.57142857142857,1427.96435546875,2011.5142822265625,-0.18371428549289703,1040.2571428571428,0,482,1,0,0,31,24,85
1,301.0,0.0,296.0,3.0,271.0,2536.0,269.34693877551007,11627.6669921875,32.45000076293945,4.683333396911621,17749.56640625,25.383333206176758,4.400000095367432,4.25,26.433332443237305,24681.0,2551.285714285714,0.7819523811340332,27.36404800415039,107.4,1421.3179931640625,1929.4285888671875,-0.16519047319889069,1035.3714285714286,0,482,1,0,0,34,11,103
0,257.0,0.24743443727493286,296.0,3.0,293.0,1637.0,272.9183673469387,13016.0,35.79999923706055,4.9666666984558105,16546.6171875,23.350000381469727,4.900000095367432,4.083333492279053,25.266666412353516,35890.0,2765.2571428571428,0.777738094329834,27.29035758972168,80.57142857142857,1422.676025390625,2400.142822265625,-0.198142871260643,1060.8,0,476,1,0,0,21,26,95
0,65.0,0.9646522402763367,296.0,3.0,293.0,1068.0,273.8979591836733,14489.6669921875,36.150001525878906,6.7166666984558105,25640.19921875,27.700000762939453,5.0,4.0,29.53333282470703,26668.666015625,2833.057142857143,0.7830952405929565,27.274761199951172,79.94285714285714,1417.9302978515625,2450.0,-0.19842857122421265,1059.3714285714286,0,476,1,1,0,42,34,28
0,237.0,0.38996580243110657,296.0,3.0,293.0,1522.0,271.8571428571427,13203.5,38.53333282470703,1.9833333492279053,16321.400390625,23.133333206176758,4.599999904632568,3.950000047683716,37.46666717529297,20136.5,2817.942857142857,0.7963809370994568,27.400833129882812,84.68571428571428,1424.3917236328125,2423.6572265625,-0.1349523812532425,1062.3714285714286,0,476,1,0,0,21,21,87
0,336.0,0.6602052450180054,296.0,3.0,293.0,1083.0,268.8979591836732,15204.1669921875,40.70000076293945,2.816666603088379,17356.30078125,23.566667556762695,5.199999809265137,4.0,33.5,22275.333984375,2852.885714285714,0.7994762063026428,27.402738571166992,84.71428571428571,1425.74267578125,2458.71435546875,-0.161023810505867,1063.1714285714286,1,476,1,0,0,31,26,120
0,157.0,0.5005701184272766,296.0,3.0,293.0,1291.0,262.142857142857,15777.3330078125,32.83333206176758,3.1666667461395264,19105.599609375,23.91666603088379,5.0,4.099999904632568,40.46666717529297,27132.0,2926.6285714285714,0.8085952401161194,27.415714263916016,83.2,1420.1529541015625,2516.82861328125,-0.16057144105434418,1063.8285714285714,0,476,1,0,0,41,21,69
0,257.0,0.5381984114646912,296.0,3.0,293.0,1412.0,261.5306122448978,15212.0,34.28333282470703,3.383333444595337,16999.400390625,23.149999618530273,4.800000190734863,4.099999904632568,39.5,21454.0,3076.285714285714,0.853690505027771,27.52190589904785,96.68571428571428,1415.1392822265625,2434.60009765625,0.29185712337493896,1055.9142857142858,0,476,1,0,1,31,22,101
0,315.0,0.6031926870346069,296.0,3.0,293.0,1041.0,261.5306122448978,13797.6669921875,35.0,3.2666666507720947,16753.166015625,22.683332443237305,5.0,4.099999904632568,37.29999923706055,43584.33203125,3076.285714285714,0.853690505027771,27.52190589904785,96.68571428571428,1415.1392822265625,2434.60009765625,0.29185712337493896,1055.9142857142858,0,476,1,0,1,41,6,134
1,184.0,0.8266818523406982,296.0,3.0,293.0,1150.0,267.9387755102039,13785.0,39.93333435058594,2.799999952316284,17163.19921875,24.049999237060547,5.699999809265137,3.9833333492279053,31.28333282470703,22128.5,3071.342857142857,0.8525238037109375,27.439403533935547,99.02857142857142,1406.3612060546875,2403.82861328125,0.4150238037109375,1048.2571428571428,1,476,1,0,1,42,19,71
0,293.0,0.7537057995796204,296.0,3.0,293.0,1103.0,270.83673469387736,14574.1669921875,35.28333282470703,3.883333444595337,16869.55078125,25.399999618530273,5.900000095367432,4.050000190734863,35.45000076293945,23214.0,3066.657142857143,0.8611666560173035,27.475475311279297,104.48571428571428,1408.8447265625,2362.17138671875,0.37635713815689087,1045.3714285714286,0,476,1,0,1,31,31,125
0,85.0,0.29988598823547363,296.0,3.0,293.0,1826.0,275.5102040816325,15395.1669921875,42.25,4.366666793823242,16241.1669921875,24.366666793823242,6.099999904632568,4.25,29.633333206176758,32401.833984375,3074.342857142857,0.8623095154762268,27.405595779418945,104.82857142857142,1404.7471923828125,2341.800048828125,0.36907142400741577,1041.7714285714285,1,476,1,0,0,31,2,33
0,179.0,0.3033067286014557,296.0,3.0,293.0,1222.0,279.2448979591835,15352.3330078125,38.25555419921875,5.694444179534912,15168.244140625,23.455556869506836,6.199999809265137,4.155555248260498,34.07221984863281,22671.666015625,3073.2,0.8586428761482239,27.356548309326172,106.05714285714286,1405.9761962890625,2322.17138671875,0.367809534072876,1040.3428571428572,1,476,1,0,0,42,4,69
0,99.0,0.543899655342102,296.0,3.0,293.0,1193.0,305.2040816326528,13338.72265625,36.255558013916016,2.672222375869751,17588.2265625,24.33333396911621,5.833333492279053,4.050000190734863,35.60555648803711,19950.833984375,2912.457142857143,0.9292142987251282,27.219167709350586,138.34285714285716,1393.460205078125,2226.571533203125,0.18795238435268402,1007.3142857142857,0,476,1,0,1,31,3,51
0,275.0,0.18472063541412354,296.0,3.0,293.0,1416.0,300.5102040816325,12900.8330078125,36.63333511352539,2.2833333015441895,17851.56640625,22.100000381469727,4.300000190734863,4.050000190734863,36.20000076293945,18493.5,2858.5142857142855,0.9598095417022705,27.365833282470703,138.14285714285714,1388.4139404296875,2246.71435546875,0.16852381825447083,1009.2857142857143,1,476,1,0,0,34,9,135
1,159.0,0.34663626551628113,296.0,3.0,293.0,1213.0,301.79591836734664,14762.0,36.93333435058594,4.150000095367432,24556.1328125,23.683332443237305,5.199999809265137,3.9833333492279053,35.38333511352539,20144.0,2794.2285714285713,0.979023814201355,27.44869041442871,140.05714285714285,1389.9970703125,2247.742919921875,0.17021426558494568,1012.0857142857143,0,476,1,0,0,42,18,86
0,107.0,0.05473203957080841,296.0,3.0,293.0,3279.0,301.79591836734664,13732.0,34.79999923706055,3.616666555404663,21553.19921875,24.53333282470703,5.199999809265137,4.0,33.95000076293945,19824.0,2781.542857142857,0.9851428866386414,27.4759521484375,140.02857142857144,1388.47412109375,2249.82861328125,0.16766667366027832,1012.6,1,476,1,0,0,34,13,55
1,320.0,0.03534777835011482,296.0,3.0,293.0,2776.0,304.020408163265,13851.0,34.43333435058594,4.833333492279053,22857.767578125,23.700000762939453,5.300000190734863,4.050000190734863,34.96666717529297,19771.666015625,2749.5142857142855,0.9997380971908569,27.547618865966797,141.8,1390.34228515625,2253.800048828125,0.15545237064361572,1015.3428571428572,0,476,1,0,0,41,13,171
0,70.0,0.23831242322921753,296.0,3.0,293.0,1735.0,308.8571428571426,13061.1669921875,38.11666488647461,3.9000000953674316,23811.69921875,24.71666717529297,5.0,4.083333492279053,36.849998474121094,19208.333984375,2704.1714285714284,1.003000020980835,27.566190719604492,147.4857142857143,1406.3001708984375,2229.05712890625,0.19209523499011993,1020.0285714285715,2,476,1,1,0,21,6,34
0,130.0,0.29304447770118713,296.0,3.0,293.0,1582.0,308.8571428571426,12374.3330078125,35.88888931274414,2.277777671813965,23128.93359375,24.172222137451172,4.733333110809326,4.150000095367432,38.838890075683594,19972.5546875,2707.6285714285714,0.9987381100654602,27.4280948638916,146.0,1389.0887451171875,2252.857177734375,0.16814285516738892,1011.8285714285714,1,476,1,1,0,41,9,70
1,194.0,0.0057012541219592094,296.0,3.0,283.0,1482.0,310.95918367346917,12431.5,34.78333282470703,2.799999952316284,22161.767578125,21.200000762939453,4.199999809265137,4.183333396911621,37.41666793823242,42641.33203125,2685.0857142857144,1.0091667175292969,27.51821517944336,145.31428571428572,1398.6146240234375,2240.685791015625,0.2251666635274887,1020.0571428571428,0,476,1,1,0,31,8,76
0,47.0,0.5347776412963867,296.0,3.0,283.0,1396.0,314.9795918367344,12293.8330078125,34.150001525878906,2.633333444595337,24559.783203125,22.78333282470703,5.0,4.083333492279053,39.983333587646484,19129.833984375,2638.4,0.9926190376281738,27.398332595825195,135.11428571428573,1396.39306640625,2257.771484375,0.3413809537887573,1027.3714285714286,0,507,1,0,1,42,4,22
0,419.0,0.433295339345932,296.0,3.0,283.0,1401.0,335.97959183673436,14393.6669921875,32.08333206176758,10.566666603088379,21190.8671875,25.549999237060547,5.900000095367432,4.199999809265137,43.66666793823242,28074.0,2584.8,0.9321666955947876,26.858572006225586,134.02857142857144,1414.03662109375,2296.82861328125,0.3909047544002533,1028.7142857142858,0,507,1,0,1,31,20,184
0,336.0,0.8586089015007019,296.0,3.0,283.0,1067.0,336.1020408163262,18384.0,33.0,3.3333332538604736,18992.06640625,24.950000762939453,5.0,4.150000095367432,40.233333587646484,27343.333984375,2565.1428571428573,0.9162619113922119,26.556785583496094,133.8,1421.1279296875,2410.514404296875,0.8907142877578735,1031.6,0,507,1,0,1,31,30,185
0,363.0,0.6636260151863098,296.0,3.0,283.0,1150.0,332.02040816326496,16632.833984375,34.21666717529297,3.883333444595337,20738.0,23.08333396911621,4.300000190734863,4.150000095367432,39.78333282470703,22265.833984375,2520.7714285714287,0.9386904835700989,26.779285430908203,139.0857142857143,1427.044189453125,2436.142822265625,0.959928572177887,1036.0285714285715,0,507,1,0,1,42,6,189
0,359.0,0.503990888595581,296.0,3.0,283.0,1587.0,326.8979591836731,16770.66796875,32.81666564941406,3.4111111164093018,21065.89453125,22.80555534362793,4.400000095367432,4.150000095367432,37.9555549621582,21168.111328125,2496.9714285714285,0.949238121509552,26.839284896850586,138.82857142857142,1422.2276611328125,2459.628662109375,1.0266666412353516,1035.9142857142858,0,507,1,0,1,21,30,158
0,416.0,0.7833523154258728,296.0,3.0,283.0,1094.0,321.6530612244895,17963.0,33.983333587646484,2.5833332538604736,21229.666015625,23.066667556762695,5.0,4.150000095367432,31.483333587646484,20826.333984375,2485.885714285714,0.9287142753601074,26.576190948486328,137.85714285714286,1421.984130859375,2473.085693359375,1.0204285383224487,1029.5428571428572,1,507,1,0,1,42,20,229
0,367.0,0.38996580243110657,296.0,3.0,283.0,1413.0,317.6938775510201,18257.666015625,35.43333435058594,4.400000095367432,24302.099609375,23.733333587646484,4.900000095367432,4.150000095367432,35.79999923706055,21910.5,2404.8285714285716,0.9377619028091431,26.801666259765625,142.97142857142856,1428.4500732421875,2484.45703125,0.8335714340209961,1034.9714285714285,0,507,1,0,1,41,2,181
