floodable_forests,biomass,sur_cover,quarter_biomass,quarter,ecoreg_biomass,dist,nearest_mature,cec,clay,cfvo,nitro,ocd,ocs,phh2o,sand,soc,mean_soil,mean_vpd,mean_temp,mean_def,mean_srad,mean_pr,mean_pdsi,mean_aet,num_fires,ecoreg,biome,indig,protec,topography,age,sd
0,46.0,0.0011402508243918419,267.0,4.0,260.0,5337.0,165.2040816326529,12582.3330078125,22.78333282470703,3.4666666984558105,18121.099609375,23.549999237060547,6.199999809265137,5.0,53.58333206176758,25225.0,2536.8571428571427,0.9459047317504883,25.904523849487305,302.34285714285716,1575.679443359375,1901.2857666015625,-0.47066667675971985,996.1428571428571,3,518,1,0,0,31,2,18
0,,0.2554161846637726,267.0,4.0,260.0,5928.0,163.8571428571427,12139.0,24.46666717529297,6.266666889190674,19765.900390625,24.08333396911621,6.300000190734863,5.050000190734863,49.16666793823242,34787.5,2537.114285714286,0.8824523687362671,25.0863094329834,299.0571428571429,1581.940185546875,1898.4000244140625,-0.4865238070487976,982.2571428571429,3,518,1,0,0,21,2,
0,98.0,0.35461801290512085,267.0,4.0,260.0,9536.0,158.83673469387742,15642.6669921875,19.883333206176758,4.550000190734863,17651.416015625,22.133333206176758,6.599999904632568,5.083333492279053,53.016666412353516,28256.166015625,2480.9714285714285,0.9969524145126343,26.540119171142578,313.9142857142857,1572.4378662109375,1856.971435546875,-0.5507857203483582,1002.3428571428572,4,518,1,0,0,21,7,33
1,118.0,0.057012543082237244,267.0,4.0,260.0,10964.0,154.57142857142847,15629.0,20.316667556762695,3.7666666507720947,15742.849609375,22.0,6.199999809265137,4.800000190734863,51.849998474121094,20642.5,2471.9714285714285,1.0024762153625488,26.601070404052734,314.9142857142857,1574.371337890625,1852.142822265625,-0.5492143034934998,1003.5714285714286,4,518,1,0,0,41,10,42
0,70.0,0.03876852989196777,267.0,4.0,229.0,9917.0,149.59183673469374,13218.0,18.75,3.0,18387.966796875,23.866666793823242,5.800000190734863,5.0,51.63333511352539,24964.0,2475.6,0.9626904726028442,26.2261905670166,316.2,1585.503173828125,1842.771484375,-0.5449761748313904,996.6285714285714,6,481,1,0,0,11,15,28
0,151.0,0.034207526594400406,267.0,4.0,229.0,11068.0,145.8163265306122,10387.6669921875,21.53333282470703,2.4833333492279053,16661.732421875,25.266666412353516,6.099999904632568,4.800000190734863,54.63333511352539,24576.333984375,2456.2285714285713,0.9824047684669495,26.478214263916016,314.9142857142857,1566.53662109375,1840.3143310546875,-0.5606428384780884,994.3142857142857,4,518,1,0,0,21,12,50
0,127.0,0.6944127678871155,267.0,4.0,229.0,3395.0,141.81632653061217,12422.3330078125,20.78333282470703,6.25,19425.333984375,27.71666717529297,6.800000190734863,4.75,47.38333511352539,33240.33203125,2421.542857142857,0.9564999938011169,26.347976684570312,328.51428571428573,1611.7703857421875,1802.3143310546875,-0.5128333568572998,998.6571428571428,2,481,1,0,0,21,19,52
0,49.0,0.05929304286837578,267.0,4.0,260.0,6798.0,139.48979591836726,11358.6669921875,17.450000762939453,2.700000047683716,15054.4169921875,22.016666412353516,5.400000095367432,4.883333206176758,51.33333206176758,24856.5,2429.2,0.944428563117981,26.130237579345703,323.25714285714287,1600.701171875,1810.5714111328125,-0.5572618842124939,993.0857142857143,5,518,1,0,0,34,7,18
0,125.0,0.03648802638053894,267.0,4.0,260.0,3542.0,136.91836734693865,10577.1669921875,19.816667556762695,7.316666603088379,17785.017578125,23.950000762939453,6.300000190734863,4.900000095367432,54.29999923706055,25581.166015625,2425.6285714285714,0.9427618980407715,26.12285804748535,323.42857142857144,1599.732177734375,1807.142822265625,-0.5640951991081238,991.4857142857143,9,518,1,0,0,31,2,51
0,73.0,0.47092360258102417,267.0,4.0,229.0,1318.0,136.1041666666665,10089.6669921875,20.16666603088379,5.616666793823242,16496.533203125,26.33333396911621,6.0,4.7833333015441895,50.29999923706055,24012.833984375,2431.1428571428573,0.930142879486084,26.27559471130371,330.8285714285714,1626.8216552734375,1772.7142333984375,-0.5896905064582825,996.7142857142857,4,518,1,0,0,34,12,26
0,73.0,0.8152793645858765,267.0,4.0,260.0,1944.0,132.3695652173911,11435.3330078125,21.75,3.5,17493.849609375,24.850000381469727,5.5,4.883333206176758,49.849998474121094,21636.0,2312.4,0.9309523701667786,26.36940574645996,335.8285714285714,1621.083251953125,1773.3143310546875,-0.5861190557479858,989.1714285714286,3,518,1,0,0,24,26,30
1,62.00060725179816,0.3375142514705658,267.0,4.0,260.0,3994.0,132.5116279069766,10592.5,22.53333282470703,4.5,16039.0830078125,24.16666603088379,5.900000095367432,4.883333206176758,48.70000076293945,20495.0,2312.4,0.9309523701667786,26.36940574645996,335.8285714285714,1621.083251953125,1773.3143310546875,-0.5861190557479858,989.1714285714286,5,518,1,0,0,42,2,27
0,363.0,0.9509692192077637,296.0,3.0,313.0,1070.0,291.42857142857116,16294.1669921875,31.08333396911621,1.600000023841858,15939.9501953125,21.83333396911621,3.799999952316284,4.949999809265137,24.0,15070.0,2628.6,0.6933333277702332,24.899642944335938,107.71428571428571,1380.4688720703125,1898.228515625,0.5312619209289551,959.3428571428572,0,505,1,0,1,41,3,184
1,174.78827509130312,0.638540506362915,296.0,3.0,313.0,1216.0,282.77551020408146,11976.1669921875,28.25,1.4333332777023315,16403.732421875,21.066667556762695,3.5999999046325684,4.699999809265137,20.78333282470703,16905.333984375,2915.9142857142856,0.6805952191352844,24.9521427154541,113.57142857142857,1374.5257568359375,1874.5999755859375,0.6236904859542847,950.0,0,505,1,0,1,31,4,73
0,323.0,0.9521094560623169,296.0,3.0,313.0,1128.0,292.4489795918366,10020.6669921875,32.13333511352539,1.7999999523162842,17095.666015625,20.08333396911621,3.4000000953674316,4.800000190734863,25.200000762939453,13685.3330078125,2954.342857142857,0.6782143115997314,24.946189880371094,113.51428571428572,1380.5589599609375,1859.82861328125,0.6359047889709473,954.1428571428571,0,505,1,0,0,31,21,162
0,275.0,0.9532496929168701,296.0,3.0,313.0,1088.0,299.9999999999997,10518.3330078125,32.400001525878906,2.1666667461395264,16047.9169921875,20.383333206176758,3.5999999046325684,4.599999904632568,23.46666717529297,15062.3330078125,3000.2,0.6650952100753784,24.951190948486328,108.82857142857142,1381.3797607421875,1890.94287109375,0.63740473985672,958.2,1,505,1,0,0,42,15,138
0,384.23193951390095,0.7662485837936401,296.0,3.0,313.0,1029.0,302.63265306122435,12035.0,32.11666488647461,1.8833333253860474,16888.216796875,20.66666603088379,3.4000000953674316,4.699999809265137,27.116666793823242,16353.6669921875,3033.0857142857144,0.6624761819839478,24.82607078552246,108.74285714285715,1384.068603515625,1869.142822265625,0.6570952534675598,957.4857142857143,1,505,1,0,0,41,2,193
0,310.0,0.3728620409965515,296.0,3.0,313.0,2060.0,303.1836734693876,11086.0,30.383333206176758,3.75,14864.4833984375,20.649999618530273,3.700000047683716,4.766666889190674,25.0,15487.8330078125,3016.3142857142857,0.6689761877059937,25.020475387573242,108.34285714285714,1375.6063232421875,1867.1142578125,0.6552380919456482,956.8285714285714,0,505,1,0,0,31,19,116
0,271.0,0.32611173391342163,296.0,3.0,313.0,2329.0,305.59183673469363,12077.5,24.91666603088379,1.9166666269302368,17678.400390625,21.899999618530273,4.0,4.449999809265137,23.983333587646484,17636.833984375,2986.2571428571428,0.6594761610031128,24.993452072143555,108.02857142857142,1382.2012939453125,1867.4571533203125,0.6345714330673218,958.9142857142857,3,505,1,0,0,41,2,122
0,241.0,0.24629418551921844,296.0,3.0,313.0,1500.0,301.77551020408134,10796.6669921875,27.933332443237305,4.433333396911621,17398.349609375,21.899999618530273,3.799999952316284,4.699999809265137,26.91666603088379,16638.5,2937.342857142857,0.6517142653465271,24.84964370727539,109.4,1383.3701171875,1840.94287109375,0.60573810338974,957.6857142857143,2,505,1,0,0,41,2,88
0,158.0,0.57012540102005,296.0,3.0,313.0,1365.0,291.30612244897947,11062.0,27.149999618530273,5.066666603088379,16947.650390625,21.299999237060547,3.799999952316284,4.699999809265137,32.04999923706055,14923.5,2869.8,0.6589285731315613,24.965713500976562,109.31428571428572,1374.124755859375,1816.82861328125,0.5943095088005066,956.5714285714286,1,505,1,0,0,42,6,64
0,267.0,0.4458380937576294,296.0,3.0,313.0,2827.0,276.38775510204056,11747.0,27.600000381469727,3.816666603088379,16877.400390625,21.933332443237305,3.799999952316284,4.800000190734863,22.25,17479.0,2874.0,0.6535238027572632,24.962976455688477,100.91428571428571,1358.0828857421875,1822.4000244140625,0.5414285659790039,955.1428571428571,2,505,1,0,0,41,7,109
0,277.0,0.5587229132652283,296.0,3.0,313.0,1356.0,276.38775510204056,12688.3330078125,28.316667556762695,2.683333396911621,17690.583984375,19.83333396911621,3.5,4.566666603088379,25.75,16389.5,2822.4857142857145,0.6588333249092102,25.018571853637695,102.28571428571429,1368.2156982421875,1803.085693359375,0.5432619452476501,961.6,3,505,1,0,0,31,4,113
0,197.0,0.09578107297420502,296.0,3.0,313.0,7637.0,271.1836734693876,13258.1669921875,31.133333206176758,4.550000190734863,22526.31640625,21.016666412353516,3.5999999046325684,4.7166666984558105,21.75,22618.333984375,2841.5142857142855,0.6619285941123962,25.055118560791016,95.11428571428571,1368.3997802734375,1806.6571044921875,0.48185715079307556,970.1714285714286,3,505,1,0,0,42,5,106
0,219.0,0.32839223742485046,296.0,3.0,313.0,1473.0,270.3673469387753,12039.0,28.066667556762695,3.2333333492279053,19130.732421875,20.450000762939453,3.799999952316284,4.699999809265137,20.133333206176758,17632.666015625,2861.7714285714287,0.6553333401679993,25.086427688598633,94.94285714285714,1367.2122802734375,1799.199951171875,0.45266667008399963,969.1428571428571,1,505,1,0,0,21,6,82
0,186.0,0.014823260717093945,296.0,3.0,313.0,5055.0,266.7142857142855,14483.388671875,30.161109924316406,3.894444465637207,19346.900390625,20.938888549804688,3.700000047683716,4.800000190734863,29.13888931274414,20163.77734375,2762.8285714285716,0.6677142977714539,25.136308670043945,90.82857142857142,1378.887939453125,1764.028564453125,0.3616190254688263,984.3428571428572,4,505,1,0,0,42,7,76
0,266.0,0.0,296.0,3.0,313.0,2945.0,263.34693877551,12825.3330078125,30.41666603088379,5.9666666984558105,19152.833984375,20.233333587646484,4.0,4.800000190734863,30.049999237060547,21999.333984375,2744.714285714286,0.6581190228462219,25.068096160888672,91.02857142857142,1370.1033935546875,1742.6571044921875,0.35804763436317444,976.5714285714286,4,505,1,0,0,41,8,104
0,214.0,0.045610032975673676,296.0,3.0,313.0,5939.0,260.8571428571427,15863.6669921875,27.71666717529297,3.8499999046325684,20879.767578125,21.633333206176758,4.0,5.0,24.850000381469727,19269.0,2772.5714285714284,0.6580952405929565,25.174524307250977,87.71428571428571,1372.3719482421875,1733.199951171875,0.2585238218307495,983.2,6,505,1,0,0,31,4,85
0,242.0,0.25313568115234375,296.0,3.0,313.0,16629.0,259.04081632653043,15504.5,32.78333282470703,8.699999809265137,21901.482421875,22.149999618530273,4.300000190734863,4.800000190734863,23.299999237060547,23153.166015625,2773.2,0.6632381081581116,25.2742862701416,85.48571428571428,1375.052978515625,1707.2572021484375,0.10319046676158905,991.4285714285714,2,505,1,0,1,21,26,106
0,,0.1220068410038948,296.0,3.0,313.0,14778.0,259.30612244897947,16176.5,33.25,3.316666603088379,23922.232421875,22.483333587646484,3.9000000953674316,4.816666603088379,20.549999237060547,23099.666015625,2807.7714285714287,0.6773333549499512,25.444522857666016,84.48571428571428,1380.3232421875,1694.2572021484375,0.023452362045645714,1000.8285714285714,23,505,1,0,0,21,5,
0,157.0,0.28734320402145386,296.0,3.0,313.0,7045.0,259.02040816326513,14869.5556640625,33.56666564941406,6.794444561004639,19201.388671875,22.5,4.333333492279053,4.833333492279053,22.872222900390625,24651.333984375,2807.5142857142855,0.6799761652946472,25.47273826599121,88.77142857142857,1376.4486083984375,1690.4285888671875,0.04669049009680748,995.2,5,505,1,0,0,41,8,55
0,180.0,0.1687571257352829,296.0,3.0,313.0,2491.0,257.1020408163263,13227.3330078125,29.299999237060547,5.099999904632568,18782.833984375,21.66666603088379,4.300000190734863,4.900000095367432,22.46666717529297,19103.0,2775.9714285714285,0.6879761815071106,25.55797576904297,86.91428571428571,1379.2633056640625,1676.5714111328125,0.022380942478775978,1000.5714285714286,5,505,1,0,0,31,7,64
0,205.0,0.045610032975673676,296.0,3.0,313.0,1787.0,254.24489795918345,10686.8330078125,30.483333587646484,7.550000190734863,19750.533203125,21.383333206176758,4.0,5.050000190734863,31.46666717529297,21946.333984375,2777.5714285714284,0.6888571381568909,25.51976203918457,103.85714285714286,1376.6312255859375,1716.800048828125,0.09459524601697922,982.4857142857143,7,505,1,0,0,42,7,81
0,195.0,0.3101482391357422,296.0,3.0,272.0,7182.0,253.65306122448956,14030.5,30.46666717529297,4.566666603088379,18817.69921875,21.08333396911621,3.799999952316284,4.800000190734863,21.58333396911621,22730.833984375,2789.8,0.7229762077331543,25.65416717529297,104.74285714285715,1393.8848876953125,1761.5428466796875,0.09683333337306976,1001.0571428571428,0,469,1,0,0,31,18,78
0,234.0,0.366020530462265,296.0,3.0,302.0,9687.0,253.18367346938754,11853.3330078125,30.799999237060547,4.583333492279053,17832.8828125,20.933332443237305,3.700000047683716,4.800000190734863,25.866666793823242,17148.5,2927.9714285714285,0.7332618832588196,25.804405212402344,114.6,1378.69091796875,1799.4285888671875,0.17411907017230988,984.9714285714285,1,469,1,0,0,31,7,95
0,250.0,0.45039910078048706,296.0,3.0,302.0,7437.0,260.69387755102025,11507.0,30.149999618530273,7.416666507720947,18323.94921875,21.08333396911621,3.9000000953674316,4.800000190734863,24.116666793823242,18219.5,2966.657142857143,0.7359523773193359,25.819761276245117,112.2,1388.1480712890625,1833.94287109375,0.1416904628276825,992.9428571428572,2,469,1,0,0,31,8,90
0,193.6643320425905,0.6613454818725586,296.0,3.0,272.0,5268.0,254.32608695652146,10901.0556640625,38.622222900390625,6.211111068725586,17890.666015625,20.516666412353516,3.633333206176758,4.516666889190674,22.794445037841797,16798.72265625,3105.542857142857,0.7474523782730103,25.88428497314453,121.88571428571429,1379.0848388671875,1847.228515625,0.26985713839530945,983.4,2,469,1,0,0,31,9,70
0,189.0,0.011402508243918419,296.0,3.0,272.0,7567.0,254.32608695652146,11604.4443359375,34.93333053588867,4.655555725097656,17114.51171875,19.877779006958008,3.799999952316284,4.416666507720947,29.822221755981445,16507.77734375,3105.542857142857,0.7474523782730103,25.88428497314453,121.88571428571429,1379.0848388671875,1847.228515625,0.26985713839530945,983.4,3,469,1,0,0,34,4,76
0,232.0,0.10718358308076859,296.0,3.0,302.0,19723.0,253.90697674418578,9683.3330078125,32.53333282470703,3.5999999046325684,17028.349609375,19.516666412353516,3.9000000953674316,4.449999809265137,25.983333587646484,16534.5,3279.542857142857,0.7782142758369446,26.070833206176758,126.05714285714286,1377.635986328125,1871.4000244140625,0.3893333375453949,989.8857142857142,2,469,1,0,0,34,8,82
0,212.0,0.36031925678253174,296.0,3.0,302.0,17762.0,255.77499999999975,10869.3330078125,28.816667556762695,3.5833332538604736,16357.466796875,20.516666412353516,3.5999999046325684,4.400000095367432,28.433332443237305,15354.0,3316.657142857143,0.7789999842643738,26.100238800048828,129.71428571428572,1377.3680419921875,1880.5142822265625,0.42828568816185,984.7428571428571,2,469,1,0,0,31,6,84
0,289.0,0.664766252040863,296.0,3.0,302.0,4778.0,258.29729729729706,10649.8330078125,33.599998474121094,7.733333110809326,15951.56640625,20.0,3.5999999046325684,4.349999904632568,38.78333282470703,16357.5,3329.6,0.7835237979888916,26.046667098999023,137.71428571428572,1375.8302001953125,1873.5428466796875,0.5451666712760925,978.2571428571429,1,469,1,0,0,41,6,105
0,305.0,0.11972633749246597,296.0,3.0,313.0,7742.0,261.2333333333331,9941.0,39.377777099609375,5.938889026641846,16044.533203125,21.072221755981445,3.3333332538604736,4.277777671813965,31.616666793823242,15963.888671875,3400.6285714285714,0.7928095459938049,26.169048309326172,137.94285714285715,1370.8912353515625,1898.228515625,0.6151190400123596,978.0,2,505,1,0,0,31,3,108
0,284.0,0.48460662364959717,296.0,3.0,313.0,2760.0,262.9999999999997,10540.77734375,37.21666717529297,3.6277778148651123,18347.298828125,21.544445037841797,3.4000000953674316,4.383333206176758,20.811111450195312,16772.333984375,3425.1238095236695,0.7962777614593506,26.22484016418457,135.82857142856818,1372.0498046875,1915.914306640625,0.6164603233337402,981.1238095238198,0,505,1,0,0,41,35,115
0,167.0,0.08893956989049911,296.0,3.0,293.0,13807.0,249.5384615384615,12414.5,33.983333587646484,5.833333492279053,16933.849609375,21.58333396911621,4.0,4.349999904632568,33.36666488647461,18170.5,3635.0,0.8424047827720642,26.5766658782959,147.74285714285713,1380.4468994140625,1758.3143310546875,0.3910476267337799,989.6,1,476,1,0,0,21,2,70
0,131.0,0.298745721578598,296.0,3.0,293.0,2744.0,255.81632653061214,11750.3330078125,34.233333587646484,4.066666603088379,16392.716796875,21.41666603088379,4.5,4.449999809265137,35.78333282470703,18065.666015625,3634.1428571428573,0.8277381062507629,26.54773712158203,146.42857142857142,1383.29833984375,1760.5999755859375,0.4144047796726227,988.4285714285714,2,476,1,0,0,31,7,47
0,257.0,0.4857468605041504,296.0,3.0,293.0,2937.0,254.89795918367344,11875.6669921875,33.31666564941406,8.449999809265137,15957.033203125,21.16666603088379,3.799999952316284,4.449999809265137,39.150001525878906,15526.0,3677.8,0.8426904678344727,26.58035659790039,145.77142857142857,1385.044189453125,1776.6571044921875,0.4280952513217926,995.4571428571429,1,476,1,0,0,41,11,95
0,280.0,0.32611173391342163,296.0,3.0,293.0,6067.0,259.8163265306122,12473.111328125,31.60555648803711,7.4666666984558105,17002.95703125,21.383333206176758,4.099999904632568,4.449999809265137,46.86111068725586,17494.888671875,3671.8285714285716,0.819857120513916,26.506189346313477,141.94285714285715,1385.4644775390625,1792.6571044921875,0.4036904573440552,991.7428571428571,0,476,1,0,0,41,6,105
0,250.0,0.5917901992797852,296.0,3.0,293.0,1154.0,267.10204081632634,10361.8330078125,30.96666717529297,6.516666889190674,15691.6669921875,20.883333206176758,4.099999904632568,4.333333492279053,45.79999923706055,15408.6669921875,3679.8,0.8139285445213318,26.45916748046875,136.22857142857143,1382.8411865234375,1819.82861328125,0.34645238518714905,993.9714285714285,2,476,1,0,0,42,6,101
0,,0.09236031770706177,296.0,3.0,293.0,2002.0,279.81632653061206,12104.0,37.71666717529297,5.166666507720947,19034.43359375,20.5,3.5999999046325684,4.300000190734863,40.31666564941406,16894.0,3679.8,0.8139285445213318,26.45916748046875,136.22857142857143,1382.8411865234375,1819.82861328125,0.34645238518714905,993.9714285714285,2,476,1,0,0,31,13,
0,194.0,0.0,296.0,3.0,293.0,12165.0,290.0204081632652,11163.3330078125,34.63333511352539,7.866666793823242,16190.06640625,20.933332443237305,3.9000000953674316,4.183333396911621,44.21666717529297,18381.333984375,3693.9714285714285,0.7990000247955322,26.264999389648438,132.62857142857143,1382.0538330078125,1864.5142822265625,0.33847618103027344,993.5142857142857,1,476,1,0,0,21,2,95
0,169.0,0.1824401319026947,296.0,3.0,293.0,7354.0,294.4081632653058,15573.0,36.18333435058594,10.833333015441895,18436.80078125,21.0,3.799999952316284,4.25,33.36666488647461,18464.0,3666.8571428571427,0.7910476326942444,26.20428466796875,130.37142857142857,1385.45556640625,1879.8857421875,0.30619049072265625,994.9428571428572,1,476,1,0,0,31,10,60
0,249.0,0.352337509393692,296.0,3.0,293.0,1561.0,304.7346938775508,12776.0,34.099998474121094,7.900000095367432,16072.099609375,21.700000762939453,3.9000000953674316,4.083333492279053,47.41666793823242,16179.0,3666.2,0.7802857160568237,26.13857078552246,133.77142857142857,1391.0693359375,1886.6571044921875,0.339738130569458,990.6285714285714,0,476,1,1,0,31,1,90
0,177.0,0.4982896149158478,296.0,3.0,293.0,1384.0,311.1020408163263,12499.1669921875,37.41666793823242,7.449999809265137,15663.5166015625,21.200000762939453,3.700000047683716,4.083333492279053,46.16666793823242,15292.8330078125,3550.4857142857145,0.758738100528717,26.047143936157227,135.9142857142857,1397.296875,1926.0,0.27714285254478455,985.8857142857142,0,476,1,1,0,21,1,81
0,304.0,0.22690992057323456,296.0,3.0,293.0,3689.0,309.4285714285712,12077.0,33.016666412353516,7.25,15921.966796875,20.733333587646484,3.9000000953674316,4.083333492279053,48.016666412353516,15864.6669921875,3488.6285714285714,0.7647857069969177,26.16666603088379,136.45714285714286,1398.4664306640625,1961.6571044921875,0.27126190066337585,988.3428571428572,1,476,1,0,1,31,1,159
0,241.0,0.3044469654560089,296.0,3.0,293.0,7640.0,306.5714285714284,11714.6669921875,35.483333587646484,5.333333492279053,15295.1337890625,19.5,3.799999952316284,4.150000095367432,46.36666488647461,17235.166015625,3402.714285714286,0.7473809719085693,25.9280948638916,133.65714285714284,1398.7515869140625,2013.4571533203125,0.19857142865657806,986.7142857142857,2,476,1,0,1,31,2,120
0,188.0,0.2782212197780609,296.0,3.0,293.0,4441.0,305.816326530612,13643.6669921875,38.016666412353516,4.199999809265137,16749.333984375,20.66666603088379,3.5999999046325684,4.150000095367432,41.86666488647461,16642.333984375,3347.1714285714284,0.7468095421791077,25.97809600830078,134.17142857142858,1406.367919921875,2038.5999755859375,0.18707144260406494,989.9142857142857,1,476,1,0,0,41,7,67
0,184.0,0.25313568115234375,296.0,3.0,293.0,6388.0,294.8775510204081,12394.0,40.349998474121094,4.099999904632568,17202.599609375,20.433332443237305,3.4000000953674316,4.199999809265137,39.56666564941406,15200.0,3280.0857142857144,0.748285710811615,25.942975997924805,135.02857142857144,1406.05908203125,2064.771484375,0.15566666424274445,989.6,2,476,1,0,0,21,5,66
0,190.0,0.48460662364959717,296.0,3.0,293.0,14380.0,286.2448979591837,10765.5,38.41666793823242,2.0166666507720947,14870.2333984375,19.25,3.700000047683716,4.150000095367432,39.21666717529297,15834.0,3200.0857142857144,0.7442857027053833,25.832618713378906,134.6,1409.17578125,2088.371337890625,0.16959525644779205,989.6571428571428,2,476,1,0,0,31,8,69
0,211.0,0.43671607971191406,296.0,3.0,293.0,13441.0,279.5306122448979,11735.1669921875,35.18333435058594,6.633333206176758,18483.80078125,21.33333396911621,4.0,4.2833333015441895,45.63333511352539,21140.166015625,3104.3714285714286,0.7265952229499817,25.709999084472656,136.37142857142857,1406.929931640625,2101.6572265625,0.10859522968530655,980.4285714285714,0,476,1,0,0,31,9,93
0,206.0,0.19840364158153534,296.0,3.0,293.0,11497.0,275.67346938775506,12446.0,34.96666717529297,5.166666507720947,17719.767578125,21.100000381469727,4.099999904632568,4.2833333015441895,44.21666717529297,18173.166015625,3053.4857142857145,0.7243333458900452,25.75511932373047,138.54285714285714,1405.455322265625,2102.54296875,0.09559524059295654,976.2571428571429,1,476,1,0,0,31,21,74
0,233.0,0.31470924615859985,296.0,3.0,293.0,2523.0,275.99999999998,13592.5556640625,31.66666603088379,5.594444274902344,17530.35546875,23.544445037841797,4.699999809265137,4.25,43.666664123535156,19739.333984375,2858.2285714285713,0.7162142992019653,25.742143630981445,144.62857142857143,1412.231201171875,2117.199951171875,0.05211903527379036,971.5142857142857,0,476,1,0,0,31,19,85
0,208.0,0.03306727483868599,296.0,3.0,293.0,8581.0,272.67346938775506,11910.1669921875,35.233333587646484,2.7833333015441895,14415.3837890625,19.866666793823242,3.4000000953674316,4.349999904632568,42.86666488647461,15347.3330078125,2835.4285714285716,0.7248571515083313,25.815475463867188,142.74285714285713,1417.0458984375,2139.571533203125,0.01569046825170517,977.6285714285714,1,476,1,0,0,21,12,80
0,133.0,0.14481185376644135,296.0,3.0,293.0,16267.0,260.06122448979596,13054.0,33.53333282470703,3.3333332538604736,14933.3330078125,21.350000381469727,3.5999999046325684,4.349999904632568,50.43333435058594,18114.333984375,2761.2571428571428,0.7112857103347778,25.55345344543457,144.62857142857143,1415.651123046875,2142.742919921875,0.05497618019580841,969.5142857142857,1,476,1,0,0,31,6,52
0,148.0,0.42075255513191223,296.0,3.0,293.0,20875.0,255.59183673469386,14487.3330078125,35.93333435058594,4.599999904632568,17431.833984375,25.483333587646484,5.300000190734863,4.4666666984558105,43.08333206176758,22931.666015625,2766.8,0.7087143063545227,25.56999969482422,147.34285714285716,1416.544189453125,2135.857177734375,0.04526190087199211,966.9428571428572,0,476,1,0,0,11,1,56
0,167.0,0.15165336430072784,296.0,3.0,293.0,14615.0,266.53061224489784,13470.0,30.549999237060547,6.2166666984558105,16594.833984375,20.383333206176758,3.700000047683716,4.300000190734863,46.61666488647461,19335.0,2809.057142857143,0.7054047584533691,25.573928833007812,149.71428571428572,1419.3568115234375,2142.1142578125,-0.03178573399782181,965.7142857142857,1,476,1,0,0,31,12,69
0,151.05476888031126,0.36145952343940735,296.0,3.0,293.0,4569.0,269.9999999999999,18019.666015625,29.96666717529297,6.800000190734863,20912.267578125,25.299999237060547,4.900000095367432,4.699999809265137,45.06666564941406,22440.833984375,2796.4857142857145,0.711738109588623,25.61321449279785,150.25714285714287,1419.50830078125,2130.371337890625,-0.031023824587464333,967.3714285714286,0,476,1,0,0,31,9,55
0,168.0,0.17331813275814056,296.0,3.0,293.0,7147.0,261.2448979591836,15286.6669921875,32.68333435058594,2.683333396911621,16026.7333984375,20.116666793823242,4.099999904632568,4.483333110809326,43.46666717529297,17549.0,2769.2571428571428,0.7215714454650879,25.721548080444336,151.62857142857143,1420.983642578125,2113.94287109375,-0.038547616451978683,969.6,2,476,1,0,0,21,12,62
0,195.0,0.6259977221488953,296.0,3.0,293.0,7168.0,273.5510204081632,14422.1669921875,31.883333206176758,2.950000047683716,15141.4833984375,19.766666412353516,4.300000190734863,4.383333206176758,41.28333282470703,15163.1669921875,2838.9714285714285,0.7087380886077881,25.66190528869629,152.77142857142857,1420.256103515625,2138.257080078125,-0.0931190550327301,962.2285714285714,0,476,1,0,0,21,31,71
0,291.0,0.009122006595134735,296.0,3.0,293.0,2498.0,270.16326530612224,17097.0,31.066667556762695,3.200000047683716,15980.75,21.08333396911621,4.900000095367432,4.550000190734863,46.20000076293945,27423.0,2784.2571428571428,0.7072380781173706,25.568809509277344,152.0,1418.499755859375,2120.685791015625,-0.14997617900371552,963.0285714285715,0,476,1,0,0,31,17,111
0,203.0,0.5153933763504028,296.0,3.0,293.0,10163.0,277.51020408163237,13413.8330078125,32.849998474121094,2.5833332538604736,14018.9833984375,20.183332443237305,3.9000000953674316,4.400000095367432,43.31666564941406,14709.0,2782.8,0.6926666498184204,25.39202308654785,154.25714285714287,1423.2193603515625,2123.514404296875,-0.18654760718345642,957.0571428571428,0,476,1,0,0,31,23,77
0,273.0,0.21208666265010834,296.0,3.0,293.0,2260.0,280.6938775510201,13535.0,30.350000381469727,2.5333333015441895,17172.69921875,24.549999237060547,3.799999952316284,4.333333492279053,49.21666717529297,18122.0,2788.0285714285715,0.6768571138381958,25.124881744384766,155.2,1423.91796875,2124.199951171875,-0.2933333218097687,949.4857142857143,0,476,1,0,0,31,16,114
0,215.0,0.0,296.0,3.0,293.0,3627.0,275.081632653061,13164.0,35.483333587646484,4.516666889190674,19040.232421875,21.71666717529297,4.5,4.400000095367432,45.29999923706055,18430.0,2818.6285714285714,0.6833571195602417,25.2165470123291,154.4857142857143,1426.3087158203125,2155.085693359375,-0.4046190679073334,954.3428571428572,1,476,1,0,0,21,5,94
0,352.0,0.8905358910560608,296.0,3.0,293.0,1030.0,279.142857142857,11664.6669921875,30.933332443237305,1.7666666507720947,13899.7666015625,20.83333396911621,4.0,4.400000095367432,51.91666793823242,15307.8330078125,2841.6857142857143,0.6786190271377563,25.20452308654785,156.05714285714285,1425.4805908203125,2168.94287109375,-0.5042381286621094,950.8,0,476,1,0,0,31,11,167
0,106.0,0.24515393376350403,296.0,3.0,293.0,4170.0,274.6530612244896,13898.5,34.349998474121094,2.5166666507720947,15492.6162109375,19.933332443237305,4.0,4.5,46.38333511352539,16851.0,2834.5714285714284,0.6977381110191345,25.335832595825195,153.77142857142857,1421.9798583984375,2148.05712890625,-0.5066666603088379,957.6857142857143,2,476,1,0,0,21,9,42
0,205.0,0.015963511541485786,296.0,3.0,293.0,15695.0,273.91836734693857,12049.6669921875,29.649999618530273,6.0,14346.3662109375,20.25,4.199999809265137,4.699999809265137,49.54999923706055,18753.833984375,3014.3142857142857,0.6865237951278687,25.0915470123291,157.0,1432.0572509765625,2132.514404296875,-0.6420952081680298,954.1142857142858,0,476,1,0,0,21,2,83
0,221.3139120567714,0.05587229132652283,296.0,3.0,293.0,17828.0,274.63265306122423,12456.0,34.25,4.349999904632568,13503.783203125,22.0,4.699999809265137,4.599999904632568,42.78333282470703,17466.666015625,3193.2,0.6942856907844543,25.19523811340332,158.37142857142857,1428.58251953125,2129.1142578125,-0.7705237865447998,953.7428571428571,1,476,1,0,0,31,15,99
0,177.0,0.009122006595134735,296.0,3.0,293.0,14590.0,276.5714285714283,12144.3330078125,34.56666564941406,3.566666603088379,15577.7998046875,20.683332443237305,3.799999952316284,4.599999904632568,44.36666488647461,18521.333984375,3256.457142857143,0.7026190757751465,25.256427764892578,156.9142857142857,1423.5489501953125,2125.028564453125,-0.7849524021148682,954.8857142857142,2,476,1,0,0,21,11,68
0,159.0,0.0,296.0,3.0,293.0,11136.0,287.14285714285694,13230.3330078125,30.200000762939453,6.900000095367432,15250.6669921875,20.71666717529297,3.700000047683716,4.583333492279053,47.68333435058594,18190.166015625,3370.4,0.7096666693687439,25.306903839111328,157.4857142857143,1421.4326171875,2108.17138671875,-0.8649285435676575,954.8857142857142,2,476,1,0,0,31,7,72
0,338.0,0.19384264945983887,296.0,3.0,293.0,4220.0,294.081632653061,14806.0,25.183332443237305,4.666666507720947,13129.56640625,21.633333206176758,4.099999904632568,4.583333492279053,49.36666488647461,20506.666015625,3427.714285714286,0.7040952444076538,25.321548461914062,165.54285714285714,1429.172119140625,2072.0,-0.9496904611587524,948.7428571428571,2,476,1,0,0,41,9,132
0,232.0,0.19954389333724976,296.0,3.0,293.0,1964.0,309.0204081632651,13535.8330078125,25.316667556762695,3.4166667461395264,12602.849609375,19.700000762939453,3.5999999046325684,4.483333110809326,48.33333206176758,14456.3330078125,3477.2,0.6917380690574646,25.296310424804688,176.2,1433.906494140625,2026.94287109375,-0.9991428256034851,938.5428571428571,1,476,1,0,1,41,6,100
0,219.0,0.6088939309120178,296.0,3.0,293.0,1036.0,316.7755102040814,23233.0,23.28333282470703,3.116666555404663,17811.732421875,24.066667556762695,4.800000190734863,4.483333110809326,45.31666564941406,24713.666015625,3548.342857142857,0.6778571605682373,25.001903533935547,173.5142857142857,1430.212890625,2016.6285400390625,-1.074047565460205,933.2285714285714,1,476,1,0,1,24,14,109
0,175.0,0.9007982015609741,296.0,3.0,293.0,1049.0,320.4489795918364,14215.3330078125,25.58333396911621,2.9833333492279053,13096.8330078125,20.91666603088379,3.700000047683716,4.583333492279053,47.68333435058594,15553.3330078125,3519.0285714285715,0.6845476031303406,25.12845230102539,175.31428571428572,1430.793701171875,2012.4571533203125,-1.1862857341766357,932.9714285714285,0,476,1,0,1,21,26,88
1,158.0,0.1755986362695694,296.0,3.0,293.0,1523.0,326.22448979591815,17215.333984375,27.28333282470703,5.516666889190674,18325.583984375,24.766666412353516,4.699999809265137,4.483333110809326,46.88333511352539,17620.333984375,3658.6857142857143,0.7052381038665771,25.197975158691406,176.5142857142857,1431.55419921875,2040.0,-0.9422857165336609,938.9714285714285,0,476,1,0,0,31,8,72
0,388.0,0.3717217743396759,296.0,3.0,293.0,1737.0,325.26530612244875,13545.3330078125,22.549999237060547,3.0,14092.4833984375,21.299999237060547,3.5999999046325684,4.583333492279053,54.349998474121094,16131.6669921875,3626.1428571428573,0.7145476341247559,25.213571548461914,175.17142857142858,1435.596435546875,2072.085693359375,-0.7867618799209595,945.7142857142857,1,476,1,0,0,31,2,169
0,381.0,0.21778790652751923,296.0,3.0,293.0,1261.0,323.08163265306104,14907.3330078125,25.71666717529297,5.683333396911621,13965.5498046875,20.883333206176758,4.0,4.5333333015441895,51.95000076293945,18304.833984375,3591.2285714285713,0.7195237874984741,25.237024307250977,177.0857142857143,1434.50537109375,2085.771484375,-0.6848809719085693,942.8571428571429,2,476,1,0,0,21,9,180
0,426.0,0.0,296.0,3.0,293.0,1602.0,323.08163265306104,13017.0,25.53333282470703,2.683333396911621,13891.43359375,20.233333587646484,3.4000000953674316,4.400000095367432,47.766666412353516,17609.333984375,3576.4857142857145,0.723809540271759,25.282381057739258,177.68571428571428,1437.8424072265625,2090.571533203125,-0.6288333535194397,946.0285714285715,2,476,1,0,0,31,7,209
0,181.05891000602062,0.3055872321128845,296.0,3.0,293.0,1167.0,324.0408163265304,12112.1669921875,23.483333587646484,3.5166666507720947,13099.6669921875,21.016666412353516,3.5,4.550000190734863,55.03333282470703,15436.1669921875,3579.6857142857143,0.7245952486991882,25.21416664123535,177.94285714285715,1434.1094970703125,2085.228515625,-0.629547655582428,943.5142857142857,1,476,1,0,0,21,5,77
0,379.0,0.15393386781215668,296.0,3.0,293.0,1391.0,324.8163265306119,14278.3330078125,22.91666603088379,4.183333396911621,13455.68359375,19.83333396911621,3.5999999046325684,4.483333110809326,49.53333282470703,14278.0,3494.8,0.7525952458381653,25.487857818603516,185.94285714285715,1440.9027099609375,2089.60009765625,-0.5443333387374878,946.5428571428571,1,476,1,1,0,31,21,169
0,312.0,0.36716076731681824,296.0,3.0,293.0,1246.0,324.46938775510176,13749.611328125,27.755556106567383,4.016666889190674,15482.6328125,20.338890075683594,3.7666666507720947,4.383333206176758,41.0555534362793,18888.5,3522.4857142857145,0.749666690826416,25.397737503051758,185.11428571428573,1441.0048828125,2087.28564453125,-0.5230714082717896,946.8,0,476,1,0,0,21,10,118
0,86.0,0.7309008240699768,296.0,3.0,293.0,1176.0,322.7142857142854,13398.3330078125,25.58333396911621,4.2166666984558105,15018.7333984375,20.600000381469727,3.4000000953674316,4.5,44.016666412353516,15229.6669921875,3494.885714285714,0.7659761905670166,25.54107093811035,187.62857142857143,1440.8486328125,2089.228515625,-0.5146904587745667,946.2285714285714,2,476,1,0,0,31,9,35
0,266.0,0.3933865427970886,296.0,3.0,293.0,1136.0,312.24489795918345,11932.8330078125,28.66666603088379,4.366666793823242,15251.716796875,19.83333396911621,3.5,4.583333492279053,43.18333435058594,17236.166015625,3479.6,0.7817142605781555,25.46309471130371,191.94285714285715,1443.4111328125,2060.485595703125,-0.5380713939666748,948.2857142857143,0,476,1,0,0,41,10,98
0,159.0,0.5336374044418335,296.0,3.0,293.0,4606.0,303.24489795918356,14428.5,27.33333396911621,3.3499999046325684,14261.783203125,20.383333206176758,3.5999999046325684,4.383333206176758,42.54999923706055,17035.5,3420.7714285714287,0.7963571548461914,25.540237426757812,196.45714285714286,1448.9320068359375,2018.857177734375,-0.5128095149993896,951.1714285714286,2,476,1,0,0,21,2,80
0,245.0,0.12656784057617188,296.0,3.0,293.0,3116.0,299.75510204081615,16903.166015625,28.366666793823242,3.5999999046325684,14836.93359375,19.433332443237305,3.299999952316284,4.5,41.61666488647461,15783.5,3408.9714285714285,0.8149523735046387,25.754047393798828,196.25714285714287,1447.61669921875,2006.6571044921875,-0.41473808884620667,955.8285714285714,0,476,1,0,0,21,28,124
1,,0.05359179154038429,296.0,3.0,293.0,4593.0,293.10204081632634,12841.888671875,22.572221755981445,3.0888888835906982,16882.22265625,19.72222328186035,3.700000047683716,4.588888645172119,51.761112213134766,17470.72265625,3413.5714285714284,0.8237142562866211,25.72440528869629,193.88571428571427,1447.758544921875,2007.5999755859375,-0.3643571436405182,959.9714285714285,3,476,1,0,0,42,3,
0,266.18647759580347,0.16077536344528198,296.0,3.0,293.0,3357.0,289.16326530612236,11497.0,23.58333396911621,2.566666603088379,15467.43359375,19.683332443237305,3.5,4.699999809265137,45.43333435058594,17931.0,3369.2,0.8150237798690796,25.612380981445312,194.28571428571428,1444.411376953125,1997.94287109375,-0.16947618126869202,955.0285714285715,1,476,1,0,0,31,7,144
0,198.0,0.09578107297420502,296.0,3.0,293.0,3829.0,284.877551020408,12260.0,27.049999237060547,2.7833333015441895,15146.349609375,20.766666412353516,3.700000047683716,4.699999809265137,45.25,18143.0,3341.542857142857,0.817380964756012,25.62309455871582,196.0,1449.0570068359375,1993.4000244140625,-0.09197618812322617,958.4857142857143,1,476,1,0,0,21,6,95
0,162.0,0.03648802638053894,296.0,3.0,293.0,3777.0,282.9999999999999,10273.8330078125,27.28333282470703,3.0333333015441895,16186.6162109375,20.016666412353516,3.5,4.699999809265137,44.733333587646484,20646.166015625,3293.1428571428573,0.8219524025917053,25.618572235107422,197.8,1452.4364013671875,1987.771484375,0.04104764014482498,961.6285714285714,5,476,1,0,0,31,8,72
0,297.0,0.8836944103240967,296.0,3.0,293.0,1553.0,280.5102040816325,17146.666015625,24.549999237060547,6.050000190734863,16757.333984375,21.816667556762695,4.300000190734863,4.483333110809326,51.150001525878906,19181.333984375,3236.3142857142857,0.8254047632217407,25.580238342285156,203.57142857142858,1456.685302734375,1955.800048828125,0.01330952811986208,955.5714285714286,0,476,1,0,0,21,18,136
1,155.0,0.09692132472991943,296.0,3.0,293.0,2754.0,279.14285714285705,14599.3330078125,22.28333282470703,3.3333332538604736,14845.849609375,19.366666793823242,3.200000047683716,4.483333110809326,57.04999923706055,16373.3330078125,3140.5714285714284,0.8516428470611572,25.96071434020996,210.82857142857142,1462.3763427734375,1936.6856689453125,0.3738333284854889,961.7714285714286,2,476,1,1,0,42,6,61
0,208.0,0.2371721714735031,296.0,3.0,293.0,4458.0,275.4897959183673,14068.6669921875,23.133333206176758,5.766666889190674,19688.68359375,23.516666412353516,4.900000095367432,4.550000190734863,44.61666488647461,22877.666015625,3098.342857142857,0.8576428294181824,25.777381896972656,213.28571428571428,1463.3909912109375,1933.142822265625,0.4924047589302063,959.1142857142858,0,476,1,0,0,31,13,81
0,131.0,0.5518814325332642,296.0,3.0,293.0,1945.0,274.51020408163254,14484.1669921875,28.016666412353516,4.5333333015441895,15609.31640625,21.316667556762695,4.099999904632568,4.449999809265137,48.70000076293945,16305.0,3085.6285714285714,0.8598095178604126,25.923809051513672,213.14285714285714,1461.18115234375,1936.6285400390625,0.5531190633773804,959.6,1,476,1,0,0,41,9,64
0,328.0,0.25427594780921936,296.0,3.0,293.0,1900.0,271.4285714285712,16132.0,25.08333396911621,4.300000190734863,15456.4833984375,21.03333282470703,3.9000000953674316,4.5,50.71666717529297,17683.5,3079.6,0.8740714192390442,26.052976608276367,220.31428571428572,1468.7322998046875,1918.3714599609375,0.6522619128227234,960.6857142857143,0,476,1,0,0,21,22,131
1,181.0,0.0,296.0,3.0,293.0,1867.0,271.612244897959,14895.8330078125,20.866666793823242,3.0999999046325684,15615.7333984375,19.616666793823242,4.0,4.699999809265137,52.483333587646484,16468.5,3095.285714285714,0.8887618780136108,26.051071166992188,220.0,1465.0186767578125,1923.228515625,0.6069285869598389,964.8857142857142,3,476,1,0,0,41,12,69
0,103.0,0.3295325040817261,296.0,3.0,293.0,1529.0,271.81632653061206,12968.3330078125,21.733333587646484,3.683333396911621,15758.099609375,19.100000381469727,3.5,4.616666793823242,56.11666488647461,15568.0,3104.342857142857,0.8933809399604797,26.01392936706543,218.14285714285714,1461.701904296875,1932.5714111328125,0.5395476222038269,966.4285714285714,0,476,1,0,0,41,4,46
0,178.0,0.09007981419563293,296.0,3.0,293.0,1619.0,270.14285714285694,15362.6669921875,24.066667556762695,2.3333332538604736,15893.7001953125,19.0,3.200000047683716,4.583333492279053,51.78333282470703,17346.0,3109.0,0.9070714116096497,26.082977294921875,218.97142857142856,1465.14990234375,1929.4000244140625,0.42750000953674316,970.5428571428571,2,476,1,0,0,42,6,68
0,149.0,0.1619156152009964,296.0,3.0,293.0,1662.0,270.14285714285694,14536.1669921875,24.383333206176758,2.6666667461395264,15107.8837890625,19.200000762939453,3.4000000953674316,4.550000190734863,50.400001525878906,14617.3330078125,3109.0,0.9070714116096497,26.082977294921875,218.97142857142856,1465.14990234375,1929.4000244140625,0.42750000953674316,970.5428571428571,0,476,1,0,0,31,10,57
0,181.0,0.29532498121261597,296.0,3.0,293.0,1305.0,268.5306122448978,15143.5,24.016666412353516,3.549999952316284,14754.4169921875,20.383333206176758,4.400000095367432,4.650000095367432,48.58333206176758,17673.666015625,3051.057142857143,0.9005476236343384,25.860713958740234,224.37142857142857,1466.9310302734375,1918.7142333984375,0.30416664481163025,962.9714285714285,1,476,1,0,0,31,21,80
0,235.0,0.8221208453178406,296.0,3.0,293.0,1086.0,272.59183673469363,16023.5,26.83333396911621,4.2833333015441895,14374.099609375,18.96666717529297,3.5999999046325684,4.383333206176758,44.71666717529297,15581.5,3055.942857142857,0.892380952835083,25.824047088623047,224.14285714285714,1464.5869140625,1906.5714111328125,0.3924523890018463,958.5428571428571,0,476,1,0,0,31,35,112
0,157.0,0.352337509393692,296.0,3.0,293.0,4951.0,268.4285714285713,12535.0,25.766666412353516,2.5833332538604736,14253.06640625,22.133333206176758,5.0,4.5,45.33333206176758,18916.166015625,2977.3142857142857,0.9311428666114807,26.003808975219727,226.42857142857142,1466.316162109375,1916.4571533203125,0.06373809278011322,971.9428571428572,1,476,1,0,0,31,11,61
0,113.0,0.05359179154038429,296.0,3.0,293.0,5331.0,268.4285714285713,14105.6669921875,23.899999618530273,3.8333332538604736,14996.2333984375,19.21666717529297,3.799999952316284,4.599999904632568,48.86666488647461,17720.0,2977.3142857142857,0.9311428666114807,26.003808975219727,226.42857142857142,1466.316162109375,1916.4571533203125,0.06373809278011322,971.9428571428572,1,476,1,0,0,21,9,50
0,52.56159533020065,0.23261117935180664,296.0,3.0,293.0,1888.0,265.3877551020406,12655.111328125,24.133333206176758,2.4499998092651367,16014.755859375,20.372222900390625,4.433333396911621,4.5333333015441895,49.405555725097656,16744.22265625,2912.6,0.9322142601013184,25.831071853637695,230.57142857142858,1468.9573974609375,1888.914306640625,-0.017238086089491844,966.3428571428572,1,476,1,0,0,21,26,20
0,66.0,0.07183580100536346,296.0,3.0,293.0,2165.0,266.38775510204056,11922.5556640625,23.7277774810791,3.211111068725586,15870.0390625,19.688888549804688,4.0333333015441895,4.75,47.872222900390625,17756.4453125,2926.1428571428573,0.9230476021766663,25.841428756713867,232.17142857142858,1473.364990234375,1861.5999755859375,0.049928560853004456,964.6571428571428,2,476,1,0,0,31,7,31
0,311.997674445702,0.4321550726890564,296.0,3.0,293.0,1193.0,259.99999999999983,13093.166015625,21.938888549804688,4.7944440841674805,16454.732421875,19.794445037841797,4.199999809265137,4.77222204208374,46.511112213134766,18194.833984375,2893.657142857143,0.9397618770599365,25.89285659790039,233.9142857142857,1470.191162109375,1829.3428955078125,-0.07557141780853271,966.1714285714286,0,476,1,0,0,21,25,123
1,203.0,0.0057012541219592094,296.0,3.0,293.0,3989.0,259.99999999999983,12867.0,23.950000762939453,3.066666603088379,14371.533203125,19.71666717529297,3.5,4.5,54.18333435058594,29576.0,2860.285714285714,0.9711666703224182,26.198333740234375,239.97142857142856,1476.814453125,1804.857177734375,-0.15654760599136353,973.0,3,476,1,0,0,21,9,81
1,143.0,0.060433294624090195,296.0,3.0,293.0,4506.0,256.16326530612236,14186.6669921875,21.733333587646484,3.299999952316284,13989.18359375,19.399999618530273,4.0,4.566666603088379,52.13333511352539,15680.3330078125,2837.0857142857144,0.9677380919456482,26.14178466796875,238.28571428571428,1477.7178955078125,1824.857177734375,-0.28607144951820374,975.2,1,476,1,0,0,31,8,53
0,251.0,0.06613454967737198,296.0,3.0,293.0,2637.0,249.06122448979588,12323.6669921875,26.383333206176758,1.5499999523162842,15466.6337890625,20.600000381469727,3.5999999046325684,4.599999904632568,50.04999923706055,16174.3330078125,2794.8571428571427,0.9908809661865234,26.160715103149414,236.88571428571427,1482.5130615234375,1883.7427978515625,-0.5615476369857788,988.1142857142858,0,476,1,0,0,34,7,101
0,115.0,0.0,296.0,3.0,293.0,4552.0,245.95918367346928,12922.5,30.299999237060547,2.3499999046325684,16729.833984375,22.0,3.799999952316284,4.599999904632568,46.28333282470703,17280.0,2794.8571428571427,0.9908809661865234,26.160715103149414,236.88571428571427,1482.5130615234375,1883.7427978515625,-0.5615476369857788,988.1142857142858,1,481,1,0,0,42,12,43
1,229.0,0.25997719168663025,296.0,3.0,293.0,8171.0,246.1020408163264,10802.5,24.433332443237305,1.3333333730697632,14592.216796875,19.683332443237305,4.0,4.483333110809326,41.733333587646484,16675.166015625,2832.2285714285713,1.0111428499221802,26.272024154663086,240.6,1481.6326904296875,1887.3143310546875,-0.45788097381591797,989.6571428571428,3,476,1,0,0,31,9,87
1,262.0,0.009122006595134735,296.0,3.0,229.0,7160.0,243.83673469387742,13128.77734375,26.422222137451172,1.2611111402511597,15050.3115234375,20.627779006958008,3.633333206176758,4.550000190734863,47.099998474121094,16908.888671875,2726.3142857142857,1.030928611755371,26.32107162475586,243.77142857142857,1483.345703125,1926.3714599609375,-0.8867142796516418,993.3714285714286,4,481,1,0,0,31,9,99
0,211.0,0.09236031770706177,296.0,3.0,229.0,6157.0,244.59183673469374,12099.5,27.616666793823242,1.100000023841858,16769.900390625,20.483333587646484,4.199999809265137,4.633333206176758,48.733333587646484,18533.0,2722.5714285714284,1.0313571691513062,26.282262802124023,241.54285714285714,1481.7958984375,1940.3428955078125,-0.9039047956466675,994.4857142857143,2,481,1,0,0,21,13,80
0,234.0,0.7867730855941772,296.0,3.0,293.0,4407.0,247.06122448979576,13333.0,28.0,2.183333396911621,17299.099609375,21.066667556762695,4.300000190734863,4.683333396911621,49.88333511352539,18553.833984375,2780.885714285714,1.048976182937622,26.381071090698242,232.2,1490.0062255859375,1965.228515625,-0.6416904926300049,1012.8571428571429,1,476,1,0,0,21,32,87
0,214.9550459537223,0.42303305864334106,296.0,3.0,293.0,3581.0,249.20408163265284,14839.3330078125,28.66666603088379,3.066666603088379,17775.099609375,22.600000381469727,4.699999809265137,4.633333206176758,46.88333511352539,20604.166015625,2672.4285714285716,1.0400476455688477,26.160120010375977,232.82857142857142,1494.3033447265625,2035.4000244140625,-0.8789999485015869,1014.4571428571429,1,476,1,0,0,21,27,80
0,216.0,0.07753705978393555,296.0,3.0,293.0,1854.0,249.20408163265284,15431.3330078125,29.733333587646484,2.5333333015441895,17928.216796875,22.83333396911621,4.699999809265137,4.7166666984558105,48.13333511352539,21058.833984375,2671.2571428571428,1.0521667003631592,26.22166633605957,232.14285714285714,1494.419189453125,2055.8857421875,-0.8712143301963806,1019.0857142857143,0,476,1,0,0,21,13,81
0,187.0,0.38198402523994446,296.0,3.0,293.0,1146.0,250.46938775510185,16072.6669921875,27.616666793823242,1.4500000476837158,18815.966796875,22.41666603088379,4.5,4.866666793823242,47.81666564941406,21490.666015625,2732.4,1.0772857666015625,26.417261123657227,224.77142857142857,1499.618896484375,2094.6572265625,-0.5290714502334595,1036.4857142857143,0,476,1,0,0,31,17,77
0,200.64655690407383,0.5119726061820984,296.0,3.0,293.0,4441.0,250.5306122448977,14935.5,25.133333206176758,1.3666666746139526,18174.80078125,22.299999237060547,4.400000095367432,4.583333492279053,48.88333511352539,20180.166015625,2667.1428571428573,1.0921190977096558,26.475475311279297,231.42857142857142,1495.4837646484375,2099.8857421875,-1.0547380447387695,1031.057142857143,1,476,1,0,0,21,3,76
0,74.0,0.46180158853530884,296.0,3.0,293.0,4686.0,251.1632653061223,17699.0,29.66666603088379,3.7666666507720947,19247.19921875,22.366666793823242,4.5,4.516666889190674,47.75,21656.0,2703.885714285714,1.101261854171753,26.5,223.82857142857142,1493.548828125,2164.45703125,-0.8541666865348816,1040.942857142857,0,476,1,0,0,31,5,27
0,191.22992108316757,0.2155074179172516,296.0,3.0,293.0,6518.0,250.22448979591826,18526.666015625,31.799999237060547,1.600000023841858,27571.716796875,26.266666412353516,4.800000190734863,4.683333396911621,47.71666717529297,35651.0,2705.4,1.1167380809783936,26.450237274169922,221.4857142857143,1498.5234375,2201.54296875,-0.9050714373588562,1051.5142857142857,0,476,1,0,0,31,10,70
0,215.0,0.3854047954082489,296.0,3.0,293.0,1384.0,245.28571428571414,14192.0,27.0,2.633333444595337,20584.099609375,21.816667556762695,4.5,4.766666889190674,50.233333587646484,22914.0,2685.8,1.1148571968078613,26.496309280395508,226.4,1501.4666748046875,2176.371337890625,-0.8888571262359619,1046.857142857143,1,476,1,0,0,21,10,83
1,232.0,0.16761687397956848,296.0,3.0,293.0,7028.0,240.6734693877549,17144.666015625,30.91666603088379,3.8333332538604736,19478.6171875,22.75,4.099999904632568,4.7833333015441895,48.849998474121094,21163.333984375,2589.9142857142856,1.170023798942566,26.890119552612305,229.02857142857144,1503.8970947265625,2187.742919921875,-1.1865952014923096,1060.857142857143,0,476,1,0,0,21,14,97
0,40.0,0.38768529891967773,267.0,4.0,293.0,1235.0,236.10204081632637,15011.8330078125,28.16666603088379,1.850000023841858,17209.900390625,21.71666717529297,3.9000000953674316,4.650000095367432,48.71666717529297,17495.5,2504.342857142857,1.1594524383544922,26.71773910522461,233.25714285714287,1504.326171875,2176.914306640625,-1.1789286136627197,1054.4857142857143,1,476,1,0,0,31,10,15
0,133.0,0.18700113892555237,267.0,4.0,293.0,10009.0,231.12244897959172,12566.5,25.5,1.3333333730697632,17070.982421875,21.766666412353516,4.099999904632568,4.733333110809326,52.099998474121094,20859.833984375,2333.6,1.2103333473205566,26.916547775268555,238.31428571428572,1517.1478271484375,2197.742919921875,-1.2937381267547607,1071.6285714285714,2,476,1,0,0,41,6,54
0,108.0,0.057012543082237244,267.0,4.0,293.0,7931.0,226.1224489795916,14601.5,24.883333206176758,1.4166666269302368,16416.283203125,21.516666412353516,4.300000190734863,4.583333492279053,49.79999923706055,19827.666015625,2283.2571428571428,1.2170475721359253,26.96976089477539,246.45714285714286,1513.9384765625,2181.28564453125,-1.3573333024978638,1063.6285714285714,1,476,1,0,0,21,8,39
0,194.0,0.5096921324729919,267.0,4.0,293.0,10277.0,223.20408163265287,13751.8330078125,27.53333282470703,3.0,19667.349609375,21.766666412353516,4.300000190734863,4.683333396911621,49.45000076293945,21146.833984375,2336.342857142857,1.2269285917282104,26.900714874267578,242.28571428571428,1506.6497802734375,2189.05712890625,-0.9458571672439575,1067.2,1,476,1,0,0,21,30,70
0,88.0,0.4880273640155792,267.0,4.0,293.0,6216.0,218.28571428571405,12500.0,32.32222366333008,1.1222221851348877,17567.85546875,22.233333587646484,4.166666507720947,4.616666793823242,48.57222366333008,24314.888671875,2151.5714285714284,1.2368333339691162,26.870952606201172,258.0857142857143,1509.5281982421875,2187.60009765625,-1.391452431678772,1059.0285714285715,0,476,1,0,0,31,4,32
1,115.0,0.0,267.0,4.0,293.0,5666.0,216.6938775510202,12064.0,26.649999618530273,0.8833333253860474,16104.5,22.933332443237305,4.099999904632568,4.683333396911621,49.36666488647461,21638.333984375,2217.5714285714284,1.2695714235305786,27.100475311279297,264.34285714285716,1513.6468505859375,2176.05712890625,-1.443833351135254,1064.9142857142858,0,476,1,0,0,41,19,46
0,109.0,0.08323831111192703,267.0,4.0,293.0,4473.0,222.16326530612227,11939.5,31.383333206176758,1.7333333492279053,17362.0,24.33333396911621,4.300000190734863,4.7833333015441895,48.16666793823242,21904.0,2421.2,1.3118809461593628,27.246309280395508,255.0857142857143,1512.5050048828125,2213.3427734375,-1.0961190462112427,1084.4,1,476,1,0,0,31,34,43
0,169.0,0.9030786752700806,267.0,4.0,293.0,12080.0,220.36734693877534,13689.5,26.83333396911621,2.4166667461395264,17069.150390625,23.149999618530273,4.699999809265137,4.633333206176758,49.11666488647461,23242.5,2288.114285714286,1.3010952472686768,27.174760818481445,265.74285714285713,1515.16552734375,2187.485595703125,-1.4377381801605225,1073.2285714285715,0,476,1,0,0,21,13,66
0,141.0,0.0057012541219592094,267.0,4.0,293.0,18349.0,223.14285714285694,11975.6669921875,30.66666603088379,0.550000011920929,17012.69921875,21.83333396911621,4.099999904632568,4.583333492279053,48.13333511352539,20437.0,2431.6285714285714,1.3456666469573975,27.3603572845459,257.34285714285716,1513.067626953125,2225.771484375,-1.209142804145813,1094.5142857142857,2,476,1,0,0,21,2,50
0,152.0,0.23489168286323547,267.0,4.0,293.0,14795.0,231.77551020408143,11413.6669921875,33.03333282470703,1.5166666507720947,16906.767578125,22.91666603088379,4.5,4.583333492279053,37.38333511352539,23984.333984375,2481.6285714285714,1.3250714540481567,27.215238571166992,259.0571428571429,1510.831298828125,2199.54296875,-1.1810238361358643,1089.6,2,476,1,0,0,11,35,54
0,167.0,0.4720638394355774,267.0,4.0,293.0,16372.0,228.20408163265287,12582.0,29.066667556762695,1.1166666746139526,15413.4169921875,21.700000762939453,4.099999904632568,4.483333110809326,48.61666488647461,19694.5,2482.4857142857145,1.3349523544311523,27.30583381652832,259.45714285714286,1513.5614013671875,2192.6572265625,-1.181166648864746,1092.6285714285714,0,476,1,0,0,21,21,60
0,85.0,0.14595210552215576,267.0,4.0,293.0,20820.0,229.5306122448978,11452.5,28.366666793823242,0.699999988079071,15405.400390625,21.399999618530273,4.0,4.566666603088379,51.650001525878906,18227.0,2475.1714285714284,1.3376904726028442,27.399166107177734,266.42857142857144,1518.54443359375,2166.199951171875,-1.0999761819839478,1088.6285714285714,0,476,1,0,0,21,12,30
1,75.0,0.0,267.0,4.0,293.0,22375.0,235.02040816326507,10820.0,29.41666603088379,0.6833333373069763,16724.06640625,20.78333282470703,3.9000000953674316,4.583333492279053,50.70000076293945,20446.166015625,2533.885714285714,1.339809536933899,27.36273765563965,265.0571428571429,1518.25537109375,2170.1142578125,-0.961142897605896,1090.7428571428572,0,476,1,0,0,31,11,30
1,210.0,0.05131128802895546,267.0,4.0,293.0,14951.0,232.95918367346923,12888.0,27.516666412353516,0.6000000238418579,17238.93359375,21.433332443237305,3.9000000953674316,4.683333396911621,48.86666488647461,22597.333984375,2481.0285714285715,1.336976170539856,27.36726188659668,275.0857142857143,1521.5408935546875,2138.8857421875,-1.0283094644546509,1083.5142857142857,0,476,1,0,0,31,5,86
0,210.0,0.0,267.0,4.0,293.0,5868.0,227.48979591836715,,25.5,1.0,,21.633333206176758,4.099999904632568,4.650000095367432,49.41666793823242,,2439.8571428571427,1.301714301109314,27.211191177368164,282.8857142857143,1525.489990234375,2116.857177734375,-1.0735951662063599,1070.7714285714285,4,476,1,0,0,42,4,77
0,176.0,0.3854047954082489,267.0,4.0,293.0,8469.0,224.20408163265293,13065.6669921875,29.950000762939453,2.616666555404663,16300.5,21.71666717529297,4.5,4.683333396911621,45.43333435058594,20962.833984375,2515.114285714286,1.302142858505249,27.158689498901367,274.14285714285717,1516.9818115234375,2160.685791015625,-0.8876428604125977,1076.9714285714285,0,476,1,0,0,21,17,75
1,191.0,0.11402508616447449,267.0,4.0,293.0,10898.0,219.2244897959182,11591.6669921875,25.53333282470703,1.5499999523162842,16358.5498046875,21.883333206176758,4.5,4.583333492279053,47.41666793823242,20717.833984375,2456.1428571428573,1.302476167678833,27.170595169067383,279.9142857142857,1518.7740478515625,2182.257080078125,-0.9992619156837463,1072.0857142857142,1,476,1,0,0,31,17,80
0,196.0,0.5062713623046875,267.0,4.0,293.0,14224.0,213.79591836734681,12830.1669921875,29.016666412353516,1.7999999523162842,16183.3662109375,20.71666717529297,4.199999809265137,4.7833333015441895,46.349998474121094,19572.166015625,2453.4,1.306571364402771,27.167858123779297,279.77142857142854,1518.1318359375,2196.857177734375,-0.9824047684669495,1073.2571428571428,2,476,1,0,0,41,9,92
0,146.0,0.6020524501800537,267.0,4.0,293.0,19259.0,212.08163265306115,13626.6669921875,31.116666793823242,0.9666666388511658,20460.599609375,25.200000762939453,5.199999809265137,4.7833333015441895,35.96666717529297,25336.0,2495.342857142857,1.294452428817749,26.950952529907227,276.1142857142857,1513.427001953125,2235.428466796875,-0.6747856736183167,1072.4857142857143,1,476,1,0,0,21,19,69
0,166.0,0.14481185376644135,267.0,4.0,293.0,26092.0,203.91836734693862,14593.1669921875,27.58333396911621,1.2833333015441895,16561.93359375,23.16666603088379,4.400000095367432,4.683333396911621,47.45000076293945,20619.333984375,2475.8571428571427,1.3157380819320679,27.220714569091797,279.65714285714284,1515.585205078125,2246.3427734375,-0.6191666722297668,1076.7428571428572,1,476,1,0,0,21,14,68
1,113.0,0.0,267.0,4.0,293.0,32141.0,197.61224489795902,14287.1669921875,32.594444274902344,1.9777778387069702,22586.861328125,22.83888816833496,4.366666793823242,4.916666507720947,42.99444580078125,23148.27734375,2447.1714285714284,1.3121190071105957,27.167142868041992,281.1714285714286,1509.8609619140625,2259.71435546875,-0.7421190738677979,1070.2857142857142,2,476,1,0,0,31,14,40
1,210.0,0.0,267.0,4.0,293.0,30280.0,191.89795918367338,12088.3330078125,29.983333587646484,1.1666666269302368,17689.55078125,23.816667556762695,4.400000095367432,4.633333206176758,46.0,21898.0,2610.5142857142855,1.3103095293045044,27.148096084594727,270.8857142857143,1510.36083984375,2289.1142578125,-0.7447856664657593,1082.3428571428572,2,476,1,0,0,21,25,76
0,145.0,0.24059292674064636,267.0,4.0,293.0,22207.0,188.46938775510188,11549.3330078125,31.383333206176758,4.25,20107.966796875,27.183332443237305,5.900000095367432,4.733333110809326,34.516666412353516,29382.0,2746.885714285714,1.2413095235824585,26.483808517456055,269.77142857142854,1515.934326171875,2278.54296875,-0.5481428503990173,1072.2285714285715,4,476,1,0,0,31,14,52
0,107.0,0.5883694291114807,267.0,4.0,229.0,18570.0,187.44897959183666,13517.3330078125,33.25,1.75,20665.81640625,26.616666793823242,5.099999904632568,4.566666603088379,33.20000076293945,25142.166015625,2896.542857142857,1.2186428308486938,26.368213653564453,262.42857142857144,1517.2508544921875,2275.314208984375,-0.4255238175392151,1074.857142857143,1,481,1,0,0,21,9,39
0,104.0,0.19726340472698212,267.0,4.0,229.0,16551.0,187.77551020408154,10915.1669921875,30.266666412353516,1.600000023841858,18648.44921875,25.71666717529297,4.900000095367432,4.566666603088379,35.88333511352539,26771.0,2958.342857142857,1.2307618856430054,26.530475616455078,259.2857142857143,1515.2755126953125,2271.8857421875,-0.46666666865348816,1080.2,1,481,1,0,0,11,17,36
0,51.0,0.5416191816329956,267.0,4.0,229.0,12997.0,184.73469387755085,11123.0,32.733333587646484,0.9166666865348816,19126.349609375,26.733333587646484,4.900000095367432,4.483333110809326,32.88333511352539,25648.833984375,3103.2285714285713,1.222023844718933,26.501787185668945,259.1142857142857,1523.1663818359375,2257.428466796875,-0.5634285807609558,1081.8,4,481,1,0,0,21,6,18
0,155.05835087466858,0.6328392028808594,267.0,4.0,229.0,7063.0,184.65306122448962,12496.0,29.78333282470703,1.7666666507720947,20601.333984375,26.33333396911621,5.199999809265137,4.5333333015441895,31.5,27031.166015625,3205.457142857143,1.1884762048721313,26.297739028930664,255.62857142857143,1522.2474365234375,2243.142822265625,-0.5516190528869629,1076.4285714285713,1,481,1,0,0,21,8,51
0,65.0,0.22120866179466248,267.0,4.0,229.0,4150.0,194.04081632653052,11457.1669921875,30.244443893432617,1.494444489479065,21668.349609375,25.80555534362793,4.900000095367432,4.816666603088379,30.072221755981445,27271.16796875,3249.8,1.153404712677002,26.095834732055664,253.85714285714286,1524.9044189453125,2237.228515625,-0.4745714068412781,1069.6285714285714,5,481,1,0,0,31,4,21
0,98.0,0.8301026225090027,267.0,4.0,229.0,2209.0,188.4897959183672,11969.3330078125,30.399999618530273,0.8500000238418579,19645.19921875,24.633333206176758,5.199999809265137,4.583333492279053,31.733333587646484,25178.666015625,3259.6,1.1409761905670166,26.015714645385742,255.54285714285714,1532.051025390625,2226.1142578125,-0.45969048142433167,1068.6,2,481,1,0,0,21,10,33
0,87.0,0.1345496028661728,267.0,4.0,229.0,3769.0,190.26530612244886,11286.0,29.433332443237305,1.2000000476837158,22324.533203125,24.16666603088379,5.0,5.083333492279053,34.86666488647461,26707.0,3281.2,1.1380000114440918,26.058334350585938,254.45714285714286,1529.8287353515625,2234.8857421875,-0.5356190204620361,1065.6,1,481,1,0,0,21,16,31
0,86.0,0.6898517608642578,267.0,4.0,229.0,8647.0,193.06122448979573,11845.8330078125,30.616666793823242,1.149999976158142,18522.30078125,23.83333396911621,5.599999904632568,4.699999809265137,32.25,23623.5,3333.114285714286,1.1407618522644043,26.2257137298584,253.8,1537.75146484375,2222.54296875,-0.39547616243362427,1071.5714285714287,1,481,1,0,0,31,7,30
0,196.0,0.47662484645843506,267.0,4.0,283.0,4009.0,192.22448979591815,13368.6669921875,26.78333282470703,2.933333396911621,20280.966796875,25.266666412353516,6.0,4.699999809265137,30.149999618530273,27553.0,3346.8285714285716,1.1384285688400269,26.347381591796875,255.77142857142857,1545.89208984375,2220.54296875,-0.4284761846065521,1073.3714285714286,2,507,1,0,0,21,4,82
0,170.0,0.4481185972690582,267.0,4.0,283.0,5507.0,193.0408163265304,13327.0,28.5,3.200000047683716,19012.69921875,24.933332443237305,6.0,4.699999809265137,34.349998474121094,31140.0,3341.3142857142857,1.1141666173934937,26.245237350463867,251.42857142857142,1544.209716796875,2235.39990234375,-0.3353571593761444,1069.942857142857,5,507,1,0,0,21,11,68
0,163.0,0.1482326090335846,267.0,4.0,283.0,2149.0,190.0816326530611,14944.4443359375,32.02777862548828,1.3833333253860474,18378.189453125,23.88888931274414,5.766666889190674,4.9666666984558105,34.761112213134766,25961.16796875,3367.342857142857,1.1359286308288574,26.50238037109375,238.05714285714285,1524.974365234375,2260.742919921875,-0.4465238153934479,1080.3714285714286,4,507,1,0,0,31,13,57
0,176.0,0.25313568115234375,267.0,4.0,283.0,4463.0,187.6734693877549,13738.0,30.66666603088379,2.3499999046325684,19683.6171875,24.633333206176758,5.699999809265137,4.900000095367432,29.450000762939453,27250.5,3346.0857142857144,1.1135714054107666,26.36773681640625,241.9142857142857,1532.5301513671875,2240.05712890625,-0.43911904096603394,1074.4857142857143,3,507,1,0,0,21,22,68
1,107.0,0.3979475498199463,267.0,4.0,229.0,1425.0,185.0204081632652,14319.0,27.549999237060547,2.5,18821.849609375,24.766666412353516,6.300000190734863,4.800000190734863,28.96666717529297,28465.5,3314.714285714286,1.0881428718566895,26.283451080322266,248.14285714285714,1553.2039794921875,2219.142822265625,-0.39266666769981384,1074.2,3,481,1,0,0,34,12,44
0,,0.07867731153964996,267.0,4.0,229.0,6363.0,184.3265306122448,15990.6669921875,24.816667556762695,1.399999976158142,19078.400390625,25.200000762939453,5.599999904632568,5.0,34.63333511352539,24633.666015625,3355.342857142857,1.0712857246398926,25.98023796081543,236.25714285714287,1529.9656982421875,2235.085693359375,-0.557452380657196,1066.7714285714285,16,481,1,1,0,31,6,
0,117.0,0.9657924771308899,267.0,4.0,229.0,1068.0,180.10204081632634,14654.8330078125,24.983333587646484,3.5,18852.5,24.233333587646484,5.900000095367432,4.683333396911621,29.21666717529297,28055.666015625,3344.5714285714284,1.017809510231018,25.95940399169922,242.62857142857143,1579.185302734375,2140.142822265625,-0.42202380299568176,1073.6571428571428,0,481,1,1,0,31,20,47
0,169.0,0.8859749436378479,267.0,4.0,229.0,1387.0,178.77551020408148,13073.5,24.133333206176758,3.683333396911621,19501.216796875,23.71666717529297,6.199999809265137,4.883333206176758,27.66666603088379,28340.166015625,3332.057142857143,1.0285476446151733,26.122142791748047,242.54285714285714,1568.177978515625,2139.800048828125,-0.3570714294910431,1070.3714285714286,0,481,1,1,0,21,8,63
0,170.0,0.557582676410675,267.0,4.0,229.0,9681.0,168.75510204081624,15837.0,27.433332443237305,3.383333444595337,15333.2666015625,23.933332443237305,5.699999809265137,4.650000095367432,43.78333282470703,23742.0,3001.457142857143,1.01711905002594,26.30392837524414,269.0285714285714,1568.2545166015625,2035.3714599609375,-0.42233332991600037,1041.2571428571428,0,481,1,1,0,24,35,72
0,105.0,0.49030786752700806,267.0,4.0,229.0,1871.0,165.38775510204076,13931.6669921875,28.133333206176758,3.2333333492279053,14726.31640625,22.450000762939453,5.400000095367432,5.150000095367432,40.733333587646484,20993.833984375,2898.3714285714286,1.023714303970337,26.41690444946289,279.25714285714287,1569.677001953125,2006.0,-0.4448571503162384,1031.5428571428572,6,481,1,0,0,31,5,40
1,38.0,0.0,267.0,4.0,229.0,9399.0,163.81632653061214,13375.3330078125,26.16666603088379,3.2333333492279053,16136.7998046875,23.399999618530273,5.599999904632568,4.900000095367432,45.53333282470703,19745.333984375,2849.457142857143,1.0295952558517456,26.495594024658203,287.57142857142856,1581.2288818359375,1987.5714111328125,-0.3917618989944458,1031.3428571428572,5,481,1,0,0,42,4,17
0,42.0,0.0,267.0,4.0,229.0,6289.0,162.5918367346938,13510.0,25.08333396911621,3.911111354827881,14946.0,20.794445037841797,5.566666603088379,4.80555534362793,52.85000228881836,24920.0,2790.8571428571427,1.0144286155700684,26.37714195251465,288.45714285714286,1574.404296875,1986.2572021484375,-0.3653571307659149,1025.1714285714286,3,481,1,0,0,34,3,14
0,,0.2086659073829651,267.0,4.0,229.0,1944.0,162.87755102040808,13210.0,26.616666793823242,2.9833333492279053,15171.900390625,21.649999618530273,5.199999809265137,4.983333110809326,48.516666412353516,22240.166015625,2749.5142857142855,0.9959762096405029,26.21416664123535,294.62857142857143,1585.2274169921875,1970.94287109375,-0.34795239567756653,1020.5714285714286,6,481,1,0,0,41,3,
0,192.0,0.8266818523406982,267.0,4.0,249.66666666842877,3025.0,161.59183673469383,14360.0,24.766666412353516,8.483333587646484,18438.943359375,22.149999618530273,5.5,4.683333396911621,52.68333435058594,22189.77734375,2656.542857142857,0.9981428384780884,26.266071319580078,299.22857142857146,1584.4996337890625,1953.1142578125,-0.35766667127609253,1017.0285714285715,1,518,1,0,0,31,34,64
1,67.0,0.2713797092437744,267.0,4.0,229.0,5902.0,160.97959183673464,14025.3330078125,23.983333587646484,4.0333333015441895,16328.1337890625,21.983333587646484,6.0,4.900000095367432,50.46666717529297,19470.0,2637.342857142857,1.0029523372650146,26.33357048034668,296.45714285714286,1572.412841796875,1947.5999755859375,-0.3680237829685211,1015.0285714285715,4,481,1,0,0,31,7,23
0,48.0,0.4310148358345032,267.0,4.0,229.0,4788.0,160.81632653061214,12400.5,24.566667556762695,3.2833333015441895,17194.31640625,26.566667556762695,6.400000095367432,4.800000190734863,48.71666717529297,26351.333984375,2624.4,0.9785952568054199,26.07535743713379,304.2,1592.05517578125,1928.0,-0.382833331823349,1011.0571428571428,3,481,1,0,0,21,6,17
0,87.0,0.16419611871242523,267.0,4.0,260.0,4832.0,162.24489795918356,14208.0,26.41666603088379,3.5,18576.6171875,24.46666717529297,6.300000190734863,4.849999904632568,46.41666793823242,23159.166015625,2593.3714285714286,0.9542381167411804,25.84047508239746,303.6,1585.2091064453125,1920.2572021484375,-0.4204285740852356,1000.3142857142857,6,518,1,0,0,31,14,34
0,155.0,0.45952108502388,267.0,4.0,260.0,5687.0,160.9999999999999,12629.0,23.5,2.5999999046325684,17161.19921875,23.049999237060547,6.199999809265137,4.766666889190674,53.516666412353516,24527.666015625,2572.0,0.9546190500259399,25.858810424804688,306.1714285714286,1583.8782958984375,1904.4571533203125,-0.42157143354415894,998.2857142857143,4,518,1,0,0,31,11,53
0,47.0,0.48460662364959717,267.0,4.0,260.0,2015.0,161.67346938775498,13616.3330078125,23.25,4.2166666984558105,19127.30078125,24.883333206176758,6.800000190734863,5.0,51.516666412353516,37088.0,2557.457142857143,0.9410714507102966,25.829999923706055,307.77142857142854,1589.1798095703125,1893.199951171875,-0.4493333399295807,996.6571428571428,9,518,1,0,0,31,7,19
0,97.0,0.5222349166870117,267.0,4.0,260.0,1220.0,163.83673469387745,13549.8330078125,27.483333587646484,4.983333110809326,18231.80078125,22.700000762939453,5.900000095367432,5.050000190734863,50.03333282470703,28145.666015625,2531.2571428571428,0.9304285645484924,25.70035743713379,302.48571428571427,1574.1072998046875,1897.914306640625,-0.47559526562690735,991.8857142857142,3,518,1,0,0,31,8,36
0,115.0,0.15165336430072784,267.0,4.0,260.0,7039.0,158.93877551020395,11800.3330078125,24.450000762939453,5.300000190734863,16185.0830078125,22.516666412353516,5.900000095367432,4.766666889190674,51.983333587646484,23894.333984375,2523.0857142857144,0.9460952281951904,25.837142944335938,305.8,1571.340576171875,1886.7427978515625,-0.46542856097221375,992.5142857142857,7,518,1,0,0,31,9,39
0,138.0,0.28620296716690063,267.0,4.0,260.0,13988.0,155.42857142857127,13103.5556640625,23.94999885559082,4.394444465637207,17348.7109375,26.60555648803711,6.300000190734863,4.794444561004639,49.094444274902344,31360.5,2478.0,0.9784761667251587,26.329286575317383,316.34285714285716,1579.334716796875,1855.5999755859375,-0.5228333473205566,998.7142857142857,3,518,1,0,0,11,30,47
0,95.0,0.06841505318880081,267.0,4.0,260.0,6724.0,152.93877551020395,14149.5,20.366666793823242,3.8499999046325684,15899.4501953125,21.766666412353516,6.300000190734863,5.099999904632568,52.95000076293945,21375.5,2449.285714285714,1.0063809156417847,26.587738037109375,317.9142857142857,1574.4345703125,1843.771484375,-0.5455714464187622,1001.2,7,518,1,0,0,21,10,33
0,67.0,0.21322691440582275,267.0,4.0,229.0,5660.0,149.6326530612244,13894.0,19.53333282470703,3.2833333015441895,18171.30078125,22.91666603088379,5.599999904632568,4.949999809265137,55.11666488647461,24038.166015625,2441.8,0.9930000305175781,26.546905517578125,320.51428571428573,1578.4990234375,1836.2572021484375,-0.534166693687439,997.9428571428572,2,481,1,0,0,31,3,23
1,157.0,0.0946408212184906,267.0,4.0,229.0,5438.0,146.4897959183672,15348.0,20.816667556762695,4.550000190734863,14579.099609375,20.766666412353516,6.199999809265137,4.900000095367432,50.86666488647461,23214.0,2420.285714285714,0.9847142696380615,26.53607177734375,321.0857142857143,1576.906005859375,1829.6285400390625,-0.5550714731216431,993.8285714285714,3,518,1,0,0,34,14,60
0,68.0,0.3443557620048523,267.0,4.0,229.0,5711.0,143.3877551020407,14882.6669921875,19.316667556762695,5.2166666984558105,15652.9169921875,22.649999618530273,5.900000095367432,4.7833333015441895,50.150001525878906,20793.166015625,2409.2571428571428,0.9602142572402954,26.4424991607666,334.6,1621.0386962890625,1789.8857421875,-0.5422142744064331,999.3714285714286,3,481,1,0,0,31,6,22
0,70.0,0.03762827813625336,267.0,4.0,229.0,4134.0,141.24489795918356,15873.0,19.46666717529297,3.316666603088379,18316.93359375,24.866666793823242,6.5,5.099999904632568,49.56666564941406,33111.0,2434.542857142857,0.9585952162742615,26.380952835083008,324.48571428571427,1595.3394775390625,1801.7142333984375,-0.5273571610450745,993.7428571428571,4,518,1,0,0,31,5,29
0,93.0,0.12428734451532364,267.0,4.0,260.0,7078.0,136.91836734693865,10509.5,21.850000381469727,4.516666889190674,15298.25,21.71666717529297,5.699999809265137,4.949999809265137,49.349998474121094,23142.5,2432.2,0.9458809494972229,26.265356063842773,327.1714285714286,1608.88232421875,1796.94287109375,-0.5400952696800232,994.9714285714285,4,518,1,0,0,21,8,31
1,65.0,0.0,267.0,4.0,260.0,2198.0,138.42553191489347,11749.1669921875,22.116666793823242,4.4666666984558105,15536.7333984375,24.066667556762695,5.900000095367432,4.849999904632568,49.099998474121094,20388.5,2459.8571428571427,0.9397619366645813,26.354524612426758,329.51428571428573,1624.5362548828125,1771.7427978515625,-0.5862857103347778,999.5714285714286,2,518,1,0,0,34,34,22
1,77.0,0.0,267.0,4.0,229.0,6297.0,136.97619047619034,13431.3330078125,21.649999618530273,5.2166666984558105,15233.466796875,23.450000762939453,5.900000095367432,4.7833333015441895,49.33333206176758,22813.666015625,2530.7714285714287,0.9661904573440552,26.546905517578125,322.74285714285713,1594.4637451171875,1780.971435546875,-0.6168333292007446,995.8,2,481,1,0,0,34,16,28
0,190.0,0.4515393376350403,296.0,3.0,313.0,1281.0,300.4897959183671,10230.0,25.25,3.2666666507720947,17027.033203125,20.116666793823242,3.799999952316284,4.599999904632568,22.91666603088379,17076.0,2994.657142857143,0.6909999847412109,25.05559539794922,116.57142857142857,1385.3302001953125,1831.4571533203125,0.6463571786880493,959.3428571428572,0,505,1,0,0,42,4,83
0,347.0,0.5096921324729919,296.0,3.0,313.0,2694.0,300.4897959183671,11742.0,26.299999237060547,4.699999809265137,14901.7001953125,20.21666717529297,3.700000047683716,4.599999904632568,28.299999237060547,15036.3330078125,3010.2285714285713,0.6884762048721313,25.047618865966797,116.37142857142857,1380.829345703125,1826.7427978515625,0.6533809304237366,956.6857142857143,3,505,1,0,0,41,7,128
0,254.0,0.692132294178009,296.0,3.0,313.0,1200.0,303.1836734693876,9530.5,28.100000381469727,1.8666666746139526,14914.06640625,20.233333587646484,3.5999999046325684,4.566666603088379,28.933332443237305,14896.6669921875,3005.9142857142856,0.6723095178604126,25.0096435546875,110.48571428571428,1378.26025390625,1851.199951171875,0.6591190695762634,957.2285714285714,3,505,1,0,0,31,3,100
0,191.0,0.9258837103843689,296.0,3.0,313.0,1065.0,301.30612244897947,12530.9443359375,32.96666717529297,7.544444561004639,17083.08984375,23.233333587646484,3.933333396911621,4.888888835906982,25.538888931274414,15716.5556640625,2963.714285714286,0.6569523811340332,24.751428604125977,110.54285714285714,1382.8131103515625,1837.800048828125,0.6448571681976318,954.8571428571429,1,505,1,0,0,31,21,96
0,356.0,0.825541615486145,296.0,3.0,313.0,1078.0,293.1020408163264,13800.0,25.744443893432617,4.488888740539551,15030.3662109375,21.322221755981445,4.0333333015441895,4.800000190734863,30.483333587646484,13992.8330078125,2897.0,0.6730952262878418,24.985713958740234,114.0,1384.317138671875,1809.857177734375,0.6344047784805298,960.4,0,505,1,0,0,42,6,178
0,265.88350522753103,0.7491447925567627,296.0,3.0,313.0,1468.0,287.57142857142844,13169.3330078125,29.16666603088379,2.450000047683716,19772.767578125,22.233333587646484,3.9000000953674316,4.699999809265137,30.850000381469727,18128.833984375,2849.3142857142857,0.6667618751525879,25.032142639160156,109.91428571428571,1372.02099609375,1808.8857421875,0.5987856984138489,957.2,2,505,1,0,0,42,4,119
0,104.13933831932204,0.21436716616153717,296.0,3.0,313.0,2340.0,284.1224489795916,11343.8330078125,26.08333396911621,2.2166666984558105,17284.599609375,20.450000762939453,3.4000000953674316,4.599999904632568,27.83333396911621,17111.5,2841.0,0.6685237884521484,25.06095314025879,106.85714285714286,1364.6524658203125,1808.800048828125,0.5843333601951599,956.8571428571429,6,505,1,0,0,31,2,45
0,212.0,0.6875712871551514,296.0,3.0,313.0,1899.0,274.55102040816314,11988.8330078125,28.850000381469727,3.799999952316284,19741.033203125,21.549999237060547,4.099999904632568,4.666666507720947,27.41666603088379,16055.6669921875,2797.714285714286,0.6658571362495422,25.07642936706543,106.25714285714285,1369.666259765625,1795.05712890625,0.5589523911476135,959.9714285714285,1,505,1,0,0,21,5,94
0,145.0,0.0,296.0,3.0,313.0,2375.0,268.612244897959,13928.0,28.08333396911621,3.2333333492279053,17882.0,20.25,3.799999952316284,4.699999809265137,24.600000381469727,18472.0,2767.3142857142857,0.6702142953872681,25.14714241027832,96.77142857142857,1367.4869384765625,1783.94287109375,0.48038095235824585,971.4857142857143,1,505,1,0,0,31,14,52
0,80.0,0.0,296.0,3.0,313.0,2439.0,268.612244897959,29859.0,28.78333282470703,4.849999904632568,21895.849609375,20.816667556762695,4.199999809265137,4.666666507720947,26.266666412353516,18287.5,2767.3142857142857,0.6702142953872681,25.14714241027832,96.77142857142857,1367.4869384765625,1783.94287109375,0.48038095235824585,971.4857142857143,1,505,1,0,0,31,20,30
0,182.0,0.35461801290512085,296.0,3.0,313.0,1111.0,267.89795918367327,12616.2216796875,28.933332443237305,3.700000047683716,18076.955078125,21.16666603088379,3.799999952316284,4.800000190734863,29.516666412353516,19206.666015625,2744.542857142857,0.6737857460975647,25.140953063964844,93.94285714285714,1374.0833740234375,1774.028564453125,0.412119060754776,979.3714285714286,3,505,1,0,0,42,4,66
0,146.0,0.03876852989196777,296.0,3.0,313.0,3996.0,264.4693877551019,14097.4443359375,28.677778244018555,4.577777862548828,19183.64453125,21.0,3.9666666984558105,4.833333492279053,29.655555725097656,19273.5,2689.8,0.6693809628486633,25.186904907226562,89.97142857142858,1379.0623779296875,1732.3714599609375,0.28661906719207764,988.5714285714286,2,505,1,0,1,41,20,62
0,211.0,0.0011402508243918419,296.0,3.0,313.0,8980.0,261.59183673469374,13964.5,29.566667556762695,7.050000190734863,18599.80078125,21.71666717529297,4.300000190734863,4.800000190734863,31.5,22673.5,2631.2285714285713,0.679190456867218,25.27833366394043,87.91428571428571,1366.3154296875,1694.199951171875,0.19421425461769104,986.6857142857143,3,505,1,0,0,21,7,76
0,242.0,0.1687571257352829,296.0,3.0,313.0,19648.0,258.48979591836724,15993.5,32.849998474121094,5.650000095367432,21675.466796875,23.46666717529297,4.699999809265137,4.883333206176758,18.850000381469727,22124.166015625,2684.7714285714287,0.6755714416503906,25.344524383544922,83.97142857142858,1375.3746337890625,1680.771484375,0.07897619158029556,996.7142857142857,3,505,1,0,0,21,32,101
0,,0.0045610032975673676,296.0,3.0,313.0,11491.0,255.12244897959167,15585.0,35.483333587646484,4.633333206176758,21352.650390625,25.133333206176758,4.699999809265137,5.0,17.066667556762695,25572.5,2724.4285714285716,0.717452347278595,25.67761993408203,79.48571428571428,1382.76416015625,1667.5428466796875,0.03347620740532875,1016.9142857142857,21,505,1,0,0,34,1,
1,206.0,0.014823260717093945,296.0,3.0,313.0,5125.0,259.02040816326513,14960.4814453125,33.74629592895508,5.811110973358154,19521.310546875,23.38703727722168,4.344444751739502,4.892592906951904,18.375925064086914,22489.0,2746.6285714285714,0.7131190299987793,25.6877384185791,82.14285714285714,1383.5362548828125,1666.971435546875,0.02240476757287979,1014.1142857142858,3,505,1,0,0,34,6,74
0,214.0,0.0,296.0,3.0,313.0,3107.0,251.7346938775508,15064.6669921875,32.233333587646484,5.416666507720947,19591.416015625,21.899999618530273,4.5,4.800000190734863,25.33333396911621,24257.333984375,2722.4857142857145,0.7024047374725342,25.54773712158203,89.22857142857143,1381.5709228515625,1672.800048828125,0.034690454602241516,1003.5428571428571,2,505,1,0,0,21,31,75
0,140.0,0.4606613516807556,296.0,3.0,302.0,1128.0,247.42857142857122,14128.8330078125,29.950000762939453,9.949999809265137,21635.599609375,22.766666412353516,4.0,4.900000095367432,32.31666564941406,24510.833984375,2733.6857142857143,0.7029285430908203,25.46368980407715,93.88571428571429,1377.3792724609375,1697.4571533203125,0.0769047662615776,996.2285714285714,2,469,1,0,0,31,4,52
0,290.0,0.405929297208786,296.0,3.0,302.0,4665.0,245.99999999999977,11879.4443359375,35.57222366333008,6.083333492279053,16705.490234375,21.0222225189209,3.200000047683716,4.727777481079102,28.894445419311523,18779.111328125,2753.7714285714287,0.7279285788536072,25.719524383544922,104.57142857142857,1372.1893310546875,1727.82861328125,0.11871427297592163,990.6857142857143,2,469,1,0,0,42,3,123
0,167.0,0.22006841003894806,296.0,3.0,302.0,9135.0,244.93877551020387,12275.77734375,29.44444465637207,5.433333396911621,17586.361328125,20.100000381469727,3.866666555404663,4.77222204208374,19.850000381469727,18359.22265625,2843.3142857142857,0.7352142930030823,25.7740478515625,110.14285714285714,1387.7366943359375,1771.800048828125,0.14673811197280884,996.0,0,469,1,0,0,41,3,67
0,178.0,0.07753705978393555,296.0,3.0,302.0,9148.0,247.34693877550995,11690.6669921875,32.20000076293945,8.766666412353516,17861.8671875,21.683332443237305,3.5999999046325684,4.900000095367432,20.116666793823242,17122.666015625,2930.4857142857145,0.7404524087905884,25.75988006591797,114.97142857142858,1368.1468505859375,1774.6571044921875,0.21633334457874298,982.8,1,469,1,0,0,41,4,66
0,167.0,0.0,296.0,3.0,302.0,3786.0,248.53191489361674,10696.0,29.683332443237305,5.7833333015441895,17143.06640625,20.5,3.5999999046325684,4.699999809265137,26.91666603088379,20719.166015625,3060.7428571428572,0.7468095421791077,25.797975540161133,122.48571428571428,1374.1719970703125,1815.7142333984375,0.2858809232711792,981.0857142857143,0,469,1,0,0,21,5,61
0,177.0636635935455,0.0,296.0,3.0,302.0,4061.0,248.56818181818156,12626.5,29.766666412353516,6.416666507720947,18627.849609375,21.366666793823242,4.099999904632568,4.650000095367432,26.183332443237305,17774.833984375,3060.7428571428572,0.7468095421791077,25.797975540161133,122.48571428571428,1374.1719970703125,1815.7142333984375,0.2858809232711792,981.0857142857143,0,469,1,0,0,34,21,67
0,193.0,0.30102622509002686,296.0,3.0,302.0,15845.0,248.4999999999997,12993.2216796875,31.91666603088379,5.350000381469727,16953.19921875,21.011112213134766,3.566666603088379,4.527777671813965,30.066667556762695,17299.0,3207.6857142857143,0.7720714211463928,26.0002384185791,126.54285714285714,1364.169921875,1842.5999755859375,0.38319048285484314,980.1428571428571,2,469,1,0,0,21,14,71
0,222.0,0.027366019785404205,296.0,3.0,302.0,15356.0,255.77499999999975,27045.0,30.077777862548828,6.594444274902344,17092.77734375,20.80555534362793,4.099999904632568,4.550000190734863,33.56111145019531,21988.9453125,3324.3142857142857,0.7882142663002014,26.133094787597656,124.42857142857143,1380.7567138671875,1893.1142578125,0.37683331966400146,996.9714285714285,1,469,1,0,0,31,6,82
0,285.0,0.1824401319026947,296.0,3.0,302.0,7318.0,255.2187499999997,10001.6669921875,38.900001525878906,6.583333492279053,16482.599609375,22.433332443237305,4.300000190734863,4.433333396911621,31.616666793823242,19418.833984375,3311.4857142857145,0.7849761843681335,26.074405670166016,134.42857142857142,1369.1231689453125,1863.2572021484375,0.4647381007671356,978.2571428571429,3,469,1,0,0,31,5,116
0,148.0,0.17331813275814056,296.0,3.0,293.0,19871.0,247.86486486486476,11517.8330078125,31.66666603088379,5.650000095367432,17252.69921875,20.233333587646484,3.9000000953674316,4.449999809265137,37.5,16610.833984375,3674.714285714286,0.86259526014328,26.679880142211914,144.97142857142856,1387.3150634765625,1785.17138671875,0.4507142901420593,1002.1142857142858,2,476,1,0,0,31,14,53
0,203.0,0.42075255513191223,296.0,3.0,293.0,14294.0,251.16666666666654,10415.0,31.633333206176758,7.083333492279053,16241.9501953125,20.566667556762695,4.0,4.449999809265137,34.266666412353516,15952.0,3683.2571428571428,0.8566428422927856,26.630952835083008,145.22857142857143,1387.6422119140625,1783.971435546875,0.45711904764175415,1001.0,1,476,1,0,0,41,8,72
0,148.0,0.6214367151260376,296.0,3.0,293.0,1380.0,259.8163265306122,13442.6669921875,32.516666412353516,4.383333206176758,17341.1328125,20.983333587646484,3.700000047683716,4.483333110809326,45.5,16419.666015625,3708.2285714285713,0.8375714421272278,26.53416633605957,146.6,1392.2789306640625,1783.4571533203125,0.47004759311676025,996.8,3,476,1,0,0,41,3,52
0,210.0,0.0,296.0,3.0,293.0,5076.0,262.59183673469386,11846.3330078125,30.58333396911621,5.316666603088379,17998.533203125,20.049999237060547,3.5,4.349999904632568,45.91666793823242,17461.666015625,3740.1714285714284,0.8353095054626465,26.46714210510254,144.4857142857143,1391.267822265625,1798.4285888671875,0.44576188921928406,997.7714285714286,1,476,1,0,0,34,8,82
0,230.0,0.14367160201072693,296.0,3.0,293.0,2309.0,272.8571428571428,11496.0,34.75,7.266666889190674,16275.06640625,21.366666793823242,4.099999904632568,4.333333492279053,48.91666793823242,16329.3330078125,3740.0285714285715,0.8323095440864563,26.465356826782227,143.31428571428572,1391.643798828125,1804.771484375,0.46221426129341125,998.9714285714285,0,476,1,0,0,21,4,87
0,125.0,0.2098061591386795,296.0,3.0,293.0,7839.0,283.877551020408,11355.0,31.066667556762695,11.316666603088379,16031.7998046875,20.83333396911621,3.5999999046325684,4.150000095367432,47.150001525878906,15342.0,3718.0285714285715,0.8097142577171326,26.315000534057617,137.9142857142857,1384.216552734375,1826.8857421875,0.3804047703742981,993.1714285714286,1,476,1,0,0,21,4,48
0,220.0,0.32725200057029724,296.0,3.0,293.0,5836.0,294.32653061224477,10970.8330078125,30.200000762939453,10.933333396911621,17091.833984375,22.700000762939453,3.5,4.300000190734863,50.233333587646484,23786.333984375,3724.8,0.8084999918937683,26.318927764892578,136.45714285714286,1389.4649658203125,1858.4571533203125,0.39995241165161133,997.7428571428571,1,476,1,0,0,31,5,79
0,248.0,0.034207526594400406,296.0,3.0,293.0,3543.0,302.34693877550995,11736.6669921875,34.38333511352539,8.733333587646484,15597.1669921875,20.899999618530273,4.099999904632568,4.25,43.46666717529297,16730.0,3727.114285714286,0.7904285788536072,26.110000610351562,132.85714285714286,1388.262939453125,1879.857177734375,0.378595232963562,994.2857142857143,1,476,1,0,0,21,1,116
0,276.9824563874852,0.3911060392856598,296.0,3.0,293.0,1752.0,304.7346938775508,14466.3330078125,33.06666564941406,7.599999904632568,15536.2666015625,21.566667556762695,3.700000047683716,4.150000095367432,48.53333282470703,17743.666015625,3666.2,0.7802857160568237,26.13857078552246,133.77142857142857,1391.0693359375,1886.6571044921875,0.339738130569458,990.6285714285714,1,476,1,0,0,41,1,105
0,181.0,0.9042189121246338,296.0,3.0,293.0,1045.0,310.73469387755074,12900.5,34.36666488647461,7.733333110809326,15984.9501953125,21.25,3.5999999046325684,4.083333492279053,49.71666717529297,18248.5,3682.342857142857,0.7723571062088013,26.0483341217041,136.28571428571428,1395.20751953125,1900.857177734375,0.3891904652118683,988.2857142857143,1,476,1,1,0,42,3,83
0,138.0,0.7867730855941772,296.0,3.0,293.0,1059.0,310.7755102040814,13777.3330078125,34.483333587646484,6.4666666984558105,16154.6162109375,21.700000762939453,3.700000047683716,4.050000190734863,50.28333282470703,15331.5,3568.285714285714,0.7719523906707764,26.189285278320312,136.34285714285716,1394.5797119140625,1931.7142333984375,0.31002381443977356,987.6571428571428,0,476,1,1,0,31,9,63
0,287.0,0.15963512659072876,296.0,3.0,293.0,4442.0,306.02040816326513,13958.0,36.266666412353516,5.949999809265137,16040.2001953125,21.933332443237305,4.0,4.133333206176758,45.58333206176758,17236.666015625,3541.9714285714285,0.7671190500259399,26.082975387573242,138.82857142857142,1397.5509033203125,1940.5714111328125,0.3443571627140045,984.6571428571428,0,476,1,0,1,31,2,132
0,253.0,0.18129988014698029,296.0,3.0,293.0,6914.0,300.9999999999999,12709.0,38.650001525878906,5.25,16995.400390625,20.816667556762695,3.5999999046325684,4.400000095367432,40.45000076293945,16734.5,3469.8,0.7680714130401611,26.031665802001953,132.71428571428572,1398.869873046875,2001.5999755859375,0.28890475630760193,991.4571428571429,2,476,1,0,0,31,7,94
0,145.0,0.42075255513191223,296.0,3.0,293.0,3108.0,301.32653061224465,13377.3330078125,37.56666564941406,4.050000190734863,24509.80078125,22.78333282470703,3.9000000953674316,4.25,34.43333435058594,25270.666015625,3387.7428571428572,0.7554523944854736,26.014881134033203,133.11428571428573,1405.83642578125,2030.857177734375,0.21199999749660492,994.5142857142857,2,476,1,0,0,31,12,51
0,120.0,0.09007981419563293,296.0,3.0,293.0,3286.0,294.8775510204081,13363.0,37.68333435058594,6.75,16503.150390625,20.483333587646484,3.5999999046325684,4.25,46.63333511352539,16989.0,3328.9714285714285,0.7484047412872314,25.90892791748047,133.77142857142857,1401.498046875,2051.085693359375,0.20035713911056519,988.2857142857143,2,476,1,0,0,31,10,48
0,,0.01824401319026947,296.0,3.0,293.0,15338.0,275.7142857142858,,37.099998474121094,5.116666793823242,,20.733333587646484,3.799999952316284,4.449999809265137,36.266666412353516,,3256.542857142857,0.7582380771636963,25.972261428833008,131.77142857142857,1407.571044921875,2085.6572265625,0.18149998784065247,997.0571428571428,0,476,1,0,0,41,5,
0,153.0,0.433295339345932,296.0,3.0,293.0,20204.0,269.3061224489796,11048.0,37.21666717529297,2.2666666507720947,15761.2333984375,19.700000762939453,3.5999999046325684,4.25,43.61666488647461,15593.6669921875,3102.7428571428572,0.739547610282898,25.857738494873047,136.31428571428572,1408.6517333984375,2102.39990234375,0.15819047391414642,986.5714285714286,3,476,1,0,0,31,3,58
0,171.0,0.38768529891967773,296.0,3.0,293.0,19016.0,265.2448979591837,13979.0,36.16666793823242,7.9666666984558105,16621.1328125,20.399999618530273,3.799999952316284,4.266666889190674,43.58333206176758,16324.1669921875,3001.7714285714287,0.7368571758270264,25.815595626831055,138.8,1407.0142822265625,2112.742919921875,0.15621428191661835,980.4857142857143,0,476,1,0,0,31,15,63
0,246.0,0.405929297208786,296.0,3.0,293.0,5070.0,271.7959183673469,12292.1669921875,32.04999923706055,7.366666793823242,16941.333984375,22.91666603088379,5.199999809265137,4.400000095367432,46.483333587646484,19054.333984375,2853.8571428571427,0.7152618765830994,25.67976188659668,143.71428571428572,1411.5999755859375,2120.6572265625,0.07828571647405624,972.7142857142857,2,476,1,0,0,41,7,98
0,153.0,0.24059292674064636,296.0,3.0,293.0,10785.0,266.00000000000006,14876.1669921875,33.43333435058594,6.300000190734863,16359.2333984375,21.433332443237305,4.099999904632568,4.383333206176758,44.599998474121094,19864.166015625,2754.5142857142855,0.7150475978851318,25.574047088623047,143.85714285714286,1414.07763671875,2132.39990234375,0.07528570294380188,972.9142857142857,2,476,1,0,0,31,11,56
0,155.0,0.6066134572029114,296.0,3.0,293.0,10014.0,252.4081632653061,19315.166015625,29.616666793823242,8.466666221618652,17434.43359375,24.25,5.5,4.449999809265137,44.70000076293945,23196.666015625,2719.7714285714287,0.7082856893539429,25.50107192993164,149.22857142857143,1413.4976806640625,2114.54296875,0.08564286679029465,964.6,1,476,1,0,0,31,28,62
0,112.0,0.6202964782714844,296.0,3.0,293.0,16651.0,255.59183673469386,13366.3330078125,32.04999923706055,6.0333333015441895,14778.0830078125,20.233333587646484,3.700000047683716,4.400000095367432,45.75,15830.1669921875,2736.9714285714285,0.7155952453613281,25.57107162475586,146.37142857142857,1419.6290283203125,2123.428466796875,0.05366666242480278,973.1714285714286,0,476,1,0,0,21,1,47
0,97.0,0.25427594780921936,296.0,3.0,293.0,18441.0,248.4285714285714,13387.5,29.799999237060547,4.400000095367432,15059.8662109375,20.516666412353516,3.700000047683716,4.550000190734863,49.06666564941406,16527.666015625,2743.5714285714284,0.713523805141449,25.616310119628906,147.94285714285715,1418.106201171875,2113.3427734375,0.002261913614347577,969.8,1,476,1,0,0,21,2,36
0,141.59693789556823,0.2303306758403778,296.0,3.0,293.0,16432.0,251.9999999999999,14469.5,28.049999237060547,5.699999809265137,15760.650390625,21.299999237060547,4.099999904632568,4.449999809265137,48.38333511352539,17135.0,2743.5714285714284,0.713523805141449,25.616310119628906,147.94285714285715,1418.106201171875,2113.3427734375,0.002261913614347577,969.8,2,476,1,0,0,21,27,52
0,67.0,0.0,296.0,3.0,293.0,5302.0,254.55102040816308,13014.6669921875,30.883333206176758,2.2166666984558105,15132.7666015625,20.233333587646484,4.099999904632568,4.483333110809326,50.13333511352539,17515.833984375,2742.6857142857143,0.7250475883483887,25.73690414428711,151.45714285714286,1418.9345703125,2100.685791015625,-0.03216667100787163,969.5428571428571,1,476,1,0,0,31,12,28
0,204.0,0.17217788100242615,296.0,3.0,293.0,8466.0,258.6734693877549,14594.5,29.25,4.900000095367432,17112.25,23.200000762939453,3.9000000953674316,4.583333492279053,46.93333435058594,18798.5,2742.057142857143,0.7097380757331848,25.540119171142578,154.68571428571428,1419.265380859375,2095.771484375,-0.13116668164730072,961.1714285714286,0,476,1,0,0,31,16,76
0,200.0,0.2519954442977905,296.0,3.0,293.0,9605.0,272.0612244897956,12993.0,26.016666412353516,7.5,15357.966796875,23.03333282470703,4.800000190734863,4.516666889190674,50.150001525878906,21132.666015625,2722.342857142857,0.7019047737121582,25.419048309326172,154.31428571428572,1420.63720703125,2085.142822265625,-0.11683332175016403,961.3714285714286,0,476,1,0,0,21,32,87
0,217.0,0.3591790199279785,296.0,3.0,293.0,11376.0,277.51020408163237,14660.5,32.96666717529297,7.25,18772.80078125,21.46666717529297,4.300000190734863,4.400000095367432,43.849998474121094,16129.3330078125,2782.8,0.6926666498184204,25.39202308654785,154.25714285714287,1423.2193603515625,2123.514404296875,-0.18654760718345642,957.0571428571428,0,476,1,0,0,21,19,87
0,282.0,0.3591790199279785,296.0,3.0,293.0,1951.0,279.8775510204079,13354.5,33.016666412353516,2.2166666984558105,14660.25,20.53333282470703,3.5,4.699999809265137,43.68333435058594,16756.333984375,2793.457142857143,0.6909999847412109,25.32726287841797,152.42857142857142,1422.3341064453125,2134.60009765625,-0.25771430134773254,957.3142857142857,0,476,1,0,0,31,14,127
0,228.0,0.486887127161026,296.0,3.0,293.0,2200.0,276.1632653061221,12603.3330078125,31.850000381469727,5.066666603088379,14389.0,20.71666717529297,3.799999952316284,4.599999904632568,44.25,18414.666015625,2772.542857142857,0.6793095469474792,25.086666107177734,151.77142857142857,1429.2164306640625,2119.800048828125,-0.3067619204521179,957.4285714285714,0,476,1,0,0,21,13,91
0,178.0,0.3500570058822632,296.0,3.0,293.0,4261.0,275.081632653061,12437.5,32.599998474121094,2.883333444595337,14277.150390625,20.33333396911621,3.5,4.5,46.900001525878906,16467.833984375,2789.2285714285713,0.6781904697418213,25.144285202026367,156.17142857142858,1425.94384765625,2128.6572265625,-0.35145241022109985,950.2,2,476,1,0,0,31,5,76
0,261.0,0.7240592837333679,296.0,3.0,293.0,1075.0,274.6530612244896,13603.5556640625,29.88888931274414,3.6000001430511475,13748.078125,20.327777862548828,3.4000000953674316,4.566666603088379,49.161109924316406,17457.111328125,2788.5714285714284,0.689214289188385,25.202260971069336,161.8,1424.3221435546875,2104.17138671875,-0.39642855525016785,946.6285714285714,1,476,1,0,0,21,7,110
0,205.0,0.026225769892334938,296.0,3.0,293.0,11548.0,274.48979591836724,13397.0,32.53333282470703,3.0999999046325684,15257.7333984375,20.299999237060547,5.099999904632568,4.616666793823242,47.233333587646484,18488.0,3006.057142857143,0.6896904706954956,25.11023712158203,157.05714285714285,1431.7547607421875,2116.742919921875,-0.5812143087387085,955.2857142857143,1,476,1,0,0,31,3,89
0,236.760608500959,0.21892815828323364,296.0,3.0,293.0,18118.0,273.91836734693857,16014.1669921875,30.71666717529297,4.266666889190674,15367.7666015625,21.33333396911621,3.700000047683716,4.599999904632568,45.18333435058594,18414.166015625,3137.7714285714287,0.6939523816108704,25.207380294799805,158.6,1432.860107421875,2108.54296875,-0.6700237989425659,956.5142857142857,0,476,1,0,0,41,13,88
0,224.0,0.4321550726890564,296.0,3.0,293.0,17849.0,276.5714285714283,11989.5,34.599998474121094,6.150000095367432,14517.599609375,19.58333396911621,3.700000047683716,4.5,43.91666793823242,16790.0,3195.6,0.6899047493934631,25.17392921447754,161.74285714285713,1432.380615234375,2097.60009765625,-0.6743809580802917,951.7142857142857,0,476,1,0,0,21,10,85
0,250.0,0.5644241571426392,296.0,3.0,293.0,4364.0,287.12244897959164,14301.6669921875,29.200000762939453,4.699999809265137,14398.6337890625,21.350000381469727,4.300000190734863,4.599999904632568,47.099998474121094,17254.666015625,3408.0,0.7035000324249268,25.272499084472656,159.6,1427.0780029296875,2076.05712890625,-0.7579285502433777,955.0857142857143,1,476,1,0,0,31,16,99
0,95.0,0.06613454967737198,296.0,3.0,293.0,5324.0,297.4081632653059,18447.5,31.21666717529297,6.0333333015441895,16044.25,20.616666793823242,4.800000190734863,4.666666507720947,43.28333282470703,21205.833984375,3451.657142857143,0.7070476412773132,25.281309127807617,163.88571428571427,1434.543212890625,2070.1142578125,-0.8191428780555725,955.5142857142857,2,476,1,0,0,31,8,36
0,92.0,0.0946408212184906,296.0,3.0,293.0,3315.0,309.6122448979589,14752.5,28.233333587646484,3.049999952316284,14589.9501953125,20.399999618530273,3.5999999046325684,4.683333396911621,46.04999923706055,16616.0,3550.657142857143,0.7040476202964783,25.297739028930664,171.5142857142857,1430.8131103515625,2027.3428955078125,-0.914642870426178,945.1428571428571,3,476,1,0,1,31,7,43
0,372.0,0.8072975873947144,296.0,3.0,293.0,1152.0,316.285714285714,13267.8330078125,32.5,3.5999999046325684,13670.650390625,20.866666793823242,3.9000000953674316,4.383333206176758,39.766666412353516,16140.6669921875,3603.6285714285714,0.6842619180679321,25.040714263916016,174.14285714285714,1433.961181640625,2005.3143310546875,-1.1230714321136475,937.0857142857143,0,476,1,0,1,42,11,186
0,207.0,0.9236031770706177,296.0,3.0,293.0,1059.0,319.7755102040814,15047.8330078125,27.561111450195312,4.722222328186035,14553.35546875,20.19444465637207,3.566666603088379,4.483333110809326,48.02777862548828,15831.0,3607.314285714202,0.6858888864517212,25.05504035949707,174.27619047618745,1432.8582763671875,2003.104736328125,-1.1437301635742188,936.8190476190537,1,476,1,0,1,42,5,103
0,145.0,0.9224629402160645,296.0,3.0,293.0,1036.0,327.7959183673467,13049.0,27.700000762939453,10.733333587646484,17390.966796875,25.649999618530273,5.099999904632568,4.5333333015441895,49.63333511352539,24386.0,3688.542857142857,0.6886428594589233,24.8844051361084,174.0857142857143,1432.0751953125,2030.4571533203125,-1.0126190185546875,937.5714285714286,0,476,1,0,0,21,21,74
0,371.0,0.745724081993103,296.0,3.0,293.0,1191.0,326.22448979591815,15869.3330078125,31.366666793823242,10.266666412353516,21675.666015625,27.616666793823242,5.699999809265137,4.5,46.96666717529297,25962.333984375,3688.542857142857,0.6886428594589233,24.8844051361084,174.0857142857143,1432.0751953125,2030.4571533203125,-1.0126190185546875,937.5714285714286,0,476,1,0,0,21,24,188
0,297.0,0.9521094560623169,296.0,3.0,293.0,1137.0,321.7551020408161,12814.6669921875,26.5,3.799999952316284,15931.7333984375,25.66666603088379,5.099999904632568,4.5333333015441895,46.08333206176758,21750.5,3648.0,0.7035952210426331,25.028213500976562,178.05714285714285,1437.3067626953125,2047.800048828125,-0.8642380833625793,940.7142857142857,0,476,1,0,0,21,34,151
0,453.0876221002473,0.0,296.0,3.0,293.0,1543.0,321.7142857142855,14127.6669921875,32.650001525878906,2.0833332538604736,21668.5,25.91666603088379,4.300000190734863,4.550000190734863,46.63333511352539,18971.666015625,3637.942857142857,0.7266904711723328,25.231428146362305,176.62857142857143,1435.1339111328125,2071.800048828125,-0.771309494972229,948.3142857142857,3,476,1,0,0,21,5,231
0,289.0,0.057012543082237244,296.0,3.0,293.0,1580.0,323.08163265306104,12052.1669921875,22.850000381469727,4.316666603088379,14507.283203125,21.700000762939453,4.099999904632568,4.5,54.25,17802.5,3599.5142857142855,0.7279285788536072,25.23773765563965,175.4857142857143,1436.0457763671875,2092.28564453125,-0.7072857022285461,949.6,0,476,1,0,0,31,4,124
0,250.0,0.4914481043815613,296.0,3.0,293.0,1133.0,324.0408163265304,11268.0,27.41666603088379,3.133333444595337,13159.5,19.91666603088379,3.5,4.483333110809326,51.08333206176758,14111.0,3579.6857142857143,0.7245952486991882,25.21416664123535,177.94285714285715,1434.1094970703125,2085.228515625,-0.629547655582428,943.5142857142857,1,476,1,0,0,31,2,113
0,400.0,0.8882554173469543,296.0,3.0,293.0,1117.0,323.6326530612243,12735.5,26.633333206176758,3.9166667461395264,12396.4833984375,20.299999237060547,3.4000000953674316,4.433333396911621,49.20000076293945,13657.1669921875,3573.4285714285716,0.7260714173316956,25.205238342285156,180.68571428571428,1437.521484375,2069.771484375,-0.6271904706954956,942.9714285714285,0,476,1,0,0,34,28,203
0,124.0,0.45610034465789795,296.0,3.0,293.0,1664.0,322.6734693877548,14085.5,23.91666603088379,2.6666667461395264,14118.599609375,20.78333282470703,3.700000047683716,4.349999904632568,46.70000076293945,16392.0,3556.4,0.753261923789978,25.43833351135254,184.34285714285716,1439.41162109375,2069.314208984375,-0.5591904520988464,947.3428571428572,0,476,1,0,0,21,30,53
0,269.0,0.5017103552818298,296.0,3.0,293.0,1278.0,322.1224489795916,14779.6669921875,23.83333396911621,2.8333332538604736,14426.5166015625,18.683332443237305,3.5,4.383333206176758,46.88333511352539,14468.1669921875,3535.6285714285714,0.758309543132782,25.409881591796875,188.0857142857143,1448.6837158203125,2071.514404296875,-0.5196190476417542,949.3714285714286,1,476,1,0,0,21,6,136
0,192.0,0.05473203957080841,296.0,3.0,293.0,1490.0,320.2244897959181,13095.0,24.44444465637207,4.066666603088379,14811.7783203125,21.03333282470703,3.866666793823242,4.400000095367432,46.42222213745117,17007.888671875,3523.6285714285714,0.7685714364051819,25.507022857666016,187.94285714285715,1445.6715087890625,2076.54296875,-0.5215713977813721,949.1428571428571,0,476,1,0,0,21,17,98
1,303.0,0.26795893907546997,296.0,3.0,293.0,1646.0,317.5306122448977,15359.3330078125,24.549999237060547,4.050000190734863,15300.3837890625,20.78333282470703,3.5999999046325684,4.383333206176758,40.18333435058594,16218.6669921875,3533.2285714285713,0.7700952291488647,25.45452308654785,188.62857142857143,1446.082763671875,2066.6572265625,-0.5277143120765686,949.0285714285715,5,476,1,0,0,42,13,151
0,161.0,0.6100342273712158,296.0,3.0,293.0,1094.0,316.75510204081604,12650.6669921875,27.883333206176758,3.2166666984558105,16367.06640625,20.5,3.700000047683716,4.483333110809326,43.099998474121094,18144.0,3526.0285714285715,0.7894523739814758,25.55238151550293,187.8,1443.4072265625,2070.228515625,-0.5428809523582458,955.2571428571429,1,476,1,0,0,41,8,63
0,224.0,0.8950968980789185,296.0,3.0,293.0,1048.0,312.24489795918345,14344.5,28.616666793823242,5.199999809265137,18720.30078125,24.83333396911621,4.900000095367432,4.5,40.68333435058594,26614.0,3469.5714285714284,0.7814047336578369,25.39261817932129,197.4,1456.4979248046875,2032.5999755859375,-0.5299047827720642,949.3714285714286,1,476,1,0,0,11,7,113
0,155.0,0.07069555670022964,296.0,3.0,293.0,1746.0,302.7142857142855,14907.6669921875,24.866666793823242,3.683333396911621,15820.2666015625,19.53333282470703,3.5999999046325684,4.5,46.36666488647461,18013.666015625,3431.5142857142855,0.7991666793823242,25.465238571166992,198.0857142857143,1454.177978515625,2010.17138671875,-0.5344762206077576,952.1142857142858,1,476,1,0,0,21,3,78
0,352.0,0.9144811630249023,296.0,3.0,293.0,1123.0,293.14285714285694,13148.0,27.016666412353516,4.7166666984558105,18109.599609375,23.600000381469727,5.099999904632568,4.449999809265137,38.29999923706055,22396.666015625,3385.6285714285714,0.8170238137245178,25.589523315429688,200.34285714285716,1455.124267578125,1982.3143310546875,-0.35640475153923035,956.5714285714286,3,476,1,1,0,41,10,179
0,231.0,0.05587229132652283,296.0,3.0,293.0,5753.0,288.14285714285694,12263.3330078125,28.100000381469727,2.8333332538604736,15896.466796875,21.28333282470703,3.5,4.75,41.54999923706055,18602.0,3368.6285714285714,0.8226666450500488,25.54119110107422,195.85714285714286,1446.3240966796875,1990.085693359375,-0.2098333239555359,956.0,0,476,1,0,0,21,6,126
0,264.0,0.5678449273109436,296.0,3.0,293.0,5472.0,283.34693877551,13230.6669921875,22.21666717529297,2.5,15075.900390625,20.46666717529297,3.9000000953674316,4.650000095367432,48.11666488647461,17812.5,3355.7428571428572,0.8294047713279724,25.58142852783203,192.97142857142856,1449.843505859375,2003.6856689453125,-0.1319761872291565,965.7142857142857,0,476,1,0,0,31,11,110
0,129.0,0.07525655627250671,296.0,3.0,293.0,3777.0,280.75510204081604,10798.6669921875,23.75,3.4166667461395264,15129.93359375,21.516666412353516,3.5999999046325684,4.849999904632568,42.75,18363.333984375,3270.1428571428573,0.8340713977813721,25.66190528869629,201.6,1455.5570068359375,1963.05712890625,-0.03397620841860771,959.5142857142857,0,476,1,0,0,11,7,59
0,52.0,0.0,296.0,3.0,293.0,1831.0,280.5102040816325,18019.333984375,25.100000381469727,2.7666666507720947,25911.833984375,22.08333396911621,3.700000047683716,4.599999904632568,48.21666717529297,25093.833984375,3196.5714285714284,0.8487856984138489,25.835237503051758,205.45714285714286,1460.5955810546875,1950.2572021484375,0.20571427047252655,964.0,0,476,1,0,0,21,5,22
0,114.0,0.1482326090335846,296.0,3.0,293.0,2047.0,277.7755102040815,11208.0,19.77777862548828,3.3333334922790527,14463.5830078125,19.127777099609375,3.4666666984558105,4.416666507720947,52.03333282470703,15244.111328125,3196.5714285714284,0.8487856984138489,25.835237503051758,205.45714285714286,1460.5955810546875,1950.2572021484375,0.20571427047252655,964.0,1,476,1,0,0,41,6,44
0,274.0,0.4857468605041504,296.0,3.0,293.0,1292.0,274.51020408163254,17791.333984375,28.516666412353516,7.633333206176758,16504.1328125,20.78333282470703,4.0,4.383333206176758,47.0,18185.0,3104.714285714286,0.8586666584014893,25.69631004333496,214.25714285714287,1465.194091796875,1927.94287109375,0.4227142632007599,961.3714285714286,1,476,1,0,0,41,13,115
0,319.0,0.36830103397369385,296.0,3.0,293.0,1485.0,272.9591836734692,16183.6669921875,27.016666412353516,4.166666507720947,17321.732421875,20.766666412353516,4.099999904632568,4.550000190734863,50.400001525878906,18048.833984375,3094.8,0.8681190609931946,25.92821502685547,217.5142857142857,1462.5811767578125,1918.5142822265625,0.5195237994194031,959.2857142857143,0,476,1,0,0,21,13,157
0,306.0,0.4720638394355774,296.0,3.0,293.0,1839.0,271.0612244897957,17375.166015625,29.933332443237305,3.0833332538604736,16291.0830078125,21.299999237060547,3.700000047683716,4.583333492279053,47.516666412353516,17229.333984375,3078.2571428571428,0.8784523606300354,25.99488067626953,221.2,1464.716064453125,1908.142822265625,0.5173094868659973,961.4,0,476,1,0,0,31,21,122
0,188.0,0.7126567959785461,296.0,3.0,293.0,4220.0,271.2244897959182,12969.6669921875,23.266666412353516,3.299999952316284,15122.966796875,19.399999618530273,3.0999999046325684,4.5333333015441895,48.36666488647461,15146.8330078125,3081.4,0.8868571519851685,26.006786346435547,222.0857142857143,1465.197509765625,1913.4571533203125,0.5692856907844543,963.0857142857143,1,476,1,0,0,21,11,70
1,181.0,0.4036487936973572,296.0,3.0,293.0,2410.0,271.1836734693876,14046.5,20.71666717529297,4.083333492279053,15067.099609375,18.58333396911621,3.0,4.683333396911621,55.91666793823242,14633.1669921875,3080.5714285714284,0.9018571376800537,26.094881057739258,222.34285714285716,1465.7685546875,1920.199951171875,0.4774523675441742,967.2285714285714,1,476,1,0,0,41,14,86
1,148.0,0.0,296.0,3.0,293.0,5435.0,271.4693877551018,11910.1669921875,26.33333396911621,2.433333396911621,15703.6669921875,19.866666793823242,3.4000000953674316,4.650000095367432,46.20000076293945,17948.5,3125.8285714285716,0.9072619080543518,26.107023239135742,211.54285714285714,1465.5653076171875,1952.94287109375,0.5195475816726685,979.5142857142857,1,476,1,0,0,41,9,65
0,60.0,0.27251994609832764,296.0,3.0,293.0,1994.0,270.14285714285694,13256.3330078125,25.516666412353516,2.4833333492279053,14371.6337890625,19.883333206176758,3.5,4.349999904632568,53.56666564941406,14858.0,3094.5142857142855,0.9087380766868591,26.124643325805664,222.0857142857143,1462.2657470703125,1918.4571533203125,0.41616666316986084,966.3714285714286,3,476,1,0,0,41,11,23
0,339.0,0.34093499183654785,296.0,3.0,293.0,1249.0,264.4693877551019,14114.0,21.91666603088379,2.9166667461395264,14310.2998046875,19.016666412353516,3.4000000953674316,4.550000190734863,52.54999923706055,15532.6669921875,3027.5142857142855,0.9125714302062988,26.049880981445312,228.5142857142857,1472.054931640625,1911.4285888671875,0.19192858040332794,965.9714285714285,1,476,1,0,0,42,14,169
0,196.0,0.1619156152009964,296.0,3.0,293.0,5864.0,263.1020408163264,12218.5,22.21666717529297,3.700000047683716,15709.6669921875,19.0,3.5999999046325684,4.583333492279053,53.483333587646484,16552.0,2982.0857142857144,0.9307618737220764,26.10357093811035,230.88571428571427,1470.674560546875,1918.4000244140625,0.0074761598370969296,967.1428571428571,1,476,1,0,0,21,4,84
0,248.0,0.5929304361343384,296.0,3.0,293.0,3915.0,263.3265306122447,13641.8330078125,24.950000762939453,3.116666555404663,14547.716796875,20.700000762939453,4.0,4.550000190734863,47.28333282470703,16804.333984375,2954.6857142857143,0.9327619075775146,26.06702423095703,231.4,1469.1728515625,1917.7427978515625,-0.030928585678339005,967.8,1,476,1,0,0,31,22,112
0,124.0,0.1961231529712677,296.0,3.0,293.0,1284.0,262.75510204081615,12314.0,24.233333587646484,3.616666555404663,16388.30078125,21.649999618530273,4.199999809265137,4.683333396911621,41.13333511352539,19436.0,2932.4,0.9213571548461914,25.70940589904785,229.6,1469.24462890625,1913.771484375,0.004809531383216381,963.8,1,476,1,0,0,31,5,47
0,214.0,0.6659064888954163,296.0,3.0,293.0,2315.0,259.75510204081615,11728.0,28.83333396911621,3.7666666507720947,15246.4833984375,21.016666412353516,4.699999809265137,4.483333110809326,42.18333435058594,18566.166015625,2918.0857142857144,0.9251190423965454,25.781904220581055,230.65714285714284,1469.7037353515625,1917.1142578125,-0.1059761792421341,964.6571428571428,0,476,1,0,0,21,15,86
0,63.9199636135269,0.3454959988594055,296.0,3.0,293.0,4313.0,255.3061224489794,11673.22265625,24.66666603088379,3.549999952316284,14577.8505859375,19.899999618530273,3.700000047683716,4.5333333015441895,49.400001525878906,17354.0,2860.057142857143,0.9398571252822876,25.83226203918457,231.4857142857143,1476.36181640625,1901.17138671875,-0.30064287781715393,974.4,0,476,1,0,0,41,3,24
1,107.0,0.15963512659072876,296.0,3.0,293.0,11074.0,252.46938775510188,13462.6669921875,22.883333206176758,7.766666889190674,15709.06640625,23.25,5.099999904632568,4.483333110809326,49.71666717529297,20510.0,2837.2571428571428,0.940833330154419,25.752262115478516,234.14285714285714,1472.0247802734375,1868.7427978515625,-0.30783331394195557,965.8571428571429,2,476,1,0,0,41,5,58
0,125.0,0.4789053499698639,296.0,3.0,293.0,8484.0,252.91836734693865,12356.6669921875,19.816667556762695,2.950000047683716,14442.349609375,19.25,4.0,4.449999809265137,52.81666564941406,16176.0,2785.5142857142855,0.9614047408103943,26.09166717529297,241.0,1477.954833984375,1852.199951171875,-0.4841190576553345,970.9142857142857,0,476,1,0,0,31,2,48
0,186.0,0.5655644536018372,296.0,3.0,293.0,3364.0,250.79591836734684,10959.6669921875,23.649999618530273,3.616666555404663,17351.783203125,22.350000381469727,4.199999809265137,4.633333206176758,51.18333435058594,22963.833984375,2785.8,0.9532142877578735,25.999404907226562,238.0857142857143,1474.4273681640625,1847.7142333984375,-0.48061907291412354,969.8285714285714,0,476,1,0,0,11,10,85
0,298.0,0.06613454967737198,296.0,3.0,293.0,2744.0,249.06122448979588,12131.3330078125,27.53333282470703,1.4666666984558105,14953.0830078125,20.100000381469727,3.799999952316284,4.583333492279053,49.11666488647461,16741.666015625,2794.8571428571427,0.9908809661865234,26.160715103149414,236.88571428571427,1482.5130615234375,1883.7427978515625,-0.5615476369857788,988.1142857142858,1,476,1,0,0,34,7,120
0,303.0,0.3192702531814575,296.0,3.0,293.0,6780.0,244.18367346938768,13974.3330078125,24.46666717529297,2.9666666984558105,16900.732421875,22.41666603088379,4.5,4.583333492279053,48.04999923706055,20069.666015625,2726.6857142857143,0.9880238175392151,25.97357177734375,242.57142857142858,1482.845703125,1902.5999755859375,-0.8534285426139832,981.1142857142858,0,476,1,0,0,11,3,158
0,274.0,0.3033067286014557,296.0,3.0,293.0,4672.0,242.99999999999986,14370.3330078125,24.46666717529297,3.0166666507720947,16417.69921875,22.03333282470703,4.400000095367432,4.666666507720947,49.599998474121094,18811.0,2701.4,1.0046428442001343,26.037500381469727,243.94285714285715,1484.0743408203125,1927.2572021484375,-1.0219048261642456,986.1714285714286,4,481,1,0,0,31,5,106
0,170.0,0.27480044960975647,296.0,3.0,229.0,3317.0,243.0204081632652,14856.3330078125,22.899999618530273,4.766666889190674,15855.7333984375,20.96666717529297,4.099999904632568,4.666666507720947,47.400001525878906,18621.333984375,2690.9142857142856,1.0110714435577393,26.09345245361328,245.4,1482.138916015625,1929.7427978515625,-1.0567381381988525,985.9428571428572,0,481,1,0,0,21,18,64
0,203.0,0.352337509393692,296.0,3.0,293.0,1490.0,244.51020408163248,15303.3330078125,23.450000762939453,2.3333332538604736,17239.583984375,21.200000762939453,4.5,4.633333206176758,52.75,17866.166015625,2670.3714285714286,1.0359761714935303,26.284643173217773,243.85714285714286,1486.507080078125,1966.6571044921875,-1.2379523515701294,998.5428571428571,2,476,1,0,0,21,17,82
1,301.0,0.17901939153671265,296.0,3.0,229.0,6678.0,246.20408163265287,15882.0,26.83333396911621,1.5,16348.966796875,20.616666793823242,4.900000095367432,4.650000095367432,51.900001525878906,20564.666015625,2662.8,1.0431427955627441,26.3655948638916,242.5142857142857,1486.7117919921875,1966.4000244140625,-1.0499762296676636,1001.0857142857143,1,481,1,0,0,41,17,122
0,261.0,0.2360319197177887,296.0,3.0,293.0,4155.0,247.63265306122432,15025.3330078125,28.011112213134766,2.655555486679077,18252.283203125,22.75,4.866666793823242,4.683333396911621,49.75555419921875,20384.4453125,2672.4285714285716,1.0400476455688477,26.160120010375977,232.82857142857142,1494.3033447265625,2035.4000244140625,-0.8789999485015869,1014.4571428571429,0,476,1,0,0,21,27,111
0,109.0,0.0,296.0,3.0,293.0,6956.0,249.73469387755082,15331.5,30.149999618530273,3.2833333015441895,19341.8671875,22.149999618530273,3.799999952316284,4.7833333015441895,50.983333587646484,20018.666015625,2665.5714285714284,1.0623571872711182,26.257976531982422,226.2,1496.1678466796875,2070.800048828125,-1.1562143564224243,1029.7714285714285,4,476,1,0,0,31,18,47
0,204.0,0.011402508243918419,296.0,3.0,293.0,2883.0,250.5306122448977,15372.0,26.866666793823242,2.383333444595337,20575.533203125,22.616666793823242,4.5,4.666666507720947,48.18333435058594,21324.0,2667.1428571428573,1.0921190977096558,26.475475311279297,231.42857142857142,1495.4837646484375,2099.8857421875,-1.0547380447387695,1031.057142857143,1,476,1,0,0,21,14,75
0,215.0,0.16647662222385406,296.0,3.0,293.0,4149.0,250.5306122448977,16731.5,27.933332443237305,1.8833333253860474,18599.650390625,21.633333206176758,4.5,4.766666889190674,47.61666488647461,20783.0,2653.8,1.0935238599777222,26.464879989624023,228.37142857142857,1495.2825927734375,2121.45703125,-1.1978095769882202,1035.8,0,476,1,0,0,21,21,82
0,188.0,0.0,296.0,3.0,293.0,5165.0,249.65306122448956,17039.833984375,30.53333282470703,1.7999999523162842,21373.166015625,22.433332443237305,4.699999809265137,4.733333110809326,46.68333435058594,22494.333984375,2656.057142857143,1.127238154411316,26.584762573242188,222.4857142857143,1501.943359375,2207.628662109375,-1.3477380275726318,1055.6,2,476,1,0,0,31,11,86
1,114.0,0.0,296.0,3.0,293.0,6022.0,249.38775510204064,16743.833984375,29.350000381469727,5.933333396911621,20423.849609375,23.33333396911621,4.099999904632568,4.683333396911621,47.266666412353516,25686.0,2677.542857142857,1.131500005722046,26.62952423095703,222.54285714285714,1500.218994140625,2215.6572265625,-1.1974761486053467,1056.4,1,476,1,0,0,42,7,50
0,71.0,0.0,267.0,4.0,293.0,3500.0,243.2653061224488,15233.0556640625,31.877779006958008,2.4388887882232666,22419.033203125,25.177778244018555,4.366666793823242,4.7833333015441895,47.35555648803711,25738.166015625,2609.0,1.155904769897461,26.78499984741211,226.71428571428572,1503.569091796875,2195.428466796875,-1.6975476741790771,1059.8285714285714,0,476,1,0,0,21,17,28
0,74.0,0.37514254450798035,267.0,4.0,293.0,1735.0,237.7959183673467,15777.0,27.866666793823242,2.950000047683716,17981.80078125,21.633333206176758,4.199999809265137,4.849999904632568,50.46666717529297,20581.0,2495.0285714285715,1.166261911392212,26.791547775268555,237.68571428571428,1503.7772216796875,2173.28564453125,-1.7367619276046753,1051.7142857142858,1,476,1,0,0,31,15,27
0,92.0,0.0,267.0,4.0,293.0,2346.0,232.3877551020406,14748.6669921875,29.133333206176758,1.8166667222976685,20653.033203125,24.83333396911621,4.5,4.733333110809326,48.233333587646484,28931.0,2406.285714285714,1.173142910003662,26.755239486694336,236.77142857142857,1506.4647216796875,2189.914306640625,-1.7576667070388794,1059.4285714285713,1,476,1,0,0,21,13,37
0,140.0,0.0,267.0,4.0,293.0,10625.0,231.12244897959172,14417.8330078125,26.116666793823242,1.4666666984558105,19455.94921875,24.0,3.9000000953674316,4.7833333015441895,50.25,22428.833984375,2327.0285714285715,1.2020952701568604,26.86380958557129,238.34285714285716,1513.2735595703125,2200.45703125,-1.4609999656677246,1067.7142857142858,3,476,1,0,0,21,19,61
1,80.0,0.07981756329536438,267.0,4.0,293.0,8384.0,226.1224489795916,14147.388671875,26.205556869506836,2.327777862548828,17646.794921875,22.47222328186035,4.333333492279053,4.655555248260498,48.22222137451172,20448.22265625,2283.2571428571428,1.2170475721359253,26.96976089477539,246.45714285714286,1513.9384765625,2181.28564453125,-1.3573333024978638,1063.6285714285714,2,476,1,0,0,21,9,29
0,144.0,0.0045610032975673676,267.0,4.0,293.0,2493.0,222.081632653061,12242.666015625,26.600000381469727,1.2444443702697754,17583.466796875,22.16111183166504,4.233333587646484,4.599999904632568,50.16666793823242,20669.888671875,2203.942857142857,1.2265000343322754,26.91131019592285,247.97142857142856,1508.541748046875,2192.28564453125,-1.3481667041778564,1064.2285714285715,0,476,1,0,0,41,10,52
0,198.0,0.7753705978393555,267.0,4.0,293.0,3464.0,218.28571428571405,13550.0,29.700000762939453,3.316666603088379,17553.849609375,23.78333282470703,4.599999904632568,4.733333110809326,48.43333435058594,25072.5,2082.885714285714,1.2371429204940796,26.936309814453125,258.57142857142856,1512.5367431640625,2191.857177734375,-1.645880937576294,1062.7428571428572,0,476,1,0,0,21,12,75
0,170.0,0.07981756329536438,267.0,4.0,293.0,4114.0,211.1836734693876,14147.3330078125,24.5,2.866666555404663,18423.150390625,23.299999237060547,5.0,4.766666889190674,48.79999923706055,20961.333984375,2141.2,1.2436190843582153,26.90642738342285,269.7142857142857,1518.8607177734375,2163.800048828125,-1.906999945640564,1056.1714285714286,0,476,1,0,0,21,19,75
0,156.0,0.2565564513206482,267.0,4.0,293.0,9597.0,212.18367346938763,12694.6669921875,28.616666793823242,0.4833333194255829,18040.69921875,22.766666412353516,3.9000000953674316,4.883333206176758,48.20000076293945,23134.666015625,2202.1428571428573,1.288690447807312,27.060832977294922,263.51428571428573,1524.9302978515625,2192.1142578125,-1.9057142734527588,1078.942857142857,0,476,1,0,0,21,10,56
0,,0.06841505318880081,267.0,4.0,293.0,19318.0,213.85714285714272,12470.4443359375,32.594444274902344,1.3833333253860474,19395.521484375,22.116666793823242,4.5333333015441895,4.7833333015441895,44.53889083862305,24149.22265625,2249.057142857143,1.298142910003662,27.037261962890625,266.1714285714286,1527.149658203125,2195.71435546875,-1.8343333005905151,1081.3428571428572,1,476,1,0,0,31,4,
0,26.0,0.07639680802822113,267.0,4.0,293.0,27375.0,217.89795918367335,14252.1669921875,32.95000076293945,0.6666666865348816,18090.349609375,22.149999618530273,4.199999809265137,4.683333396911621,43.68333435058594,25622.333984375,2337.3142857142857,1.3156189918518066,27.14214324951172,264.51428571428573,1521.024169921875,2196.085693359375,-1.5721189975738525,1087.3428571428572,0,476,1,0,0,21,3,9
0,211.0,0.13911060988903046,267.0,4.0,293.0,26519.0,220.0408163265305,13283.9443359375,34.14444351196289,0.7277777791023254,18370.5546875,23.011110305786133,4.266666412353516,4.811110973358154,40.511112213134766,22559.72265625,2337.3142857142857,1.3156189918518066,27.14214324951172,264.51428571428573,1521.024169921875,2196.085693359375,-1.5721189975738525,1087.3428571428572,0,476,1,0,0,21,10,87
0,204.0,0.47776511311531067,267.0,4.0,293.0,23541.0,228.20408163265287,12329.5,27.03333282470703,1.3333333730697632,17284.716796875,23.850000381469727,4.5,4.633333206176758,48.83333206176758,21168.833984375,2376.114285714286,1.3269761800765991,27.275714874267578,266.77142857142854,1520.675537109375,2172.028564453125,-1.5400238037109375,1087.7142857142858,2,476,1,0,0,21,31,73
0,116.0,0.0,267.0,4.0,293.0,18371.0,229.5306122448978,13335.888671875,29.044445037841797,0.7111111283302307,16950.09375,20.30555534362793,3.6666665077209473,4.616666793823242,48.36111068725586,21466.0546875,2428.3714285714286,1.3405476808547974,27.349523544311523,268.9428571428571,1524.9478759765625,2162.28564453125,-1.2428333759307861,1090.9714285714285,1,476,1,0,0,21,14,48
0,202.0,0.2964652180671692,267.0,4.0,293.0,14435.0,229.57142857142838,12763.1669921875,29.066667556762695,0.6333333253860474,16507.650390625,22.049999237060547,3.799999952316284,4.566666603088379,49.31666564941406,21530.833984375,2379.0,1.3380714654922485,27.2884521484375,273.57142857142856,1521.204833984375,2145.800048828125,-1.3914523124694824,1084.857142857143,0,476,1,0,0,21,22,77
0,215.0,0.34663626551628113,267.0,4.0,293.0,9283.0,226.7551020408161,11929.3330078125,25.616666793823242,1.0,16327.3837890625,22.383333206176758,3.9000000953674316,4.566666603088379,50.96666717529297,20699.166015625,2380.6,1.3279285430908203,27.278690338134766,280.65714285714284,1518.6884765625,2122.3427734375,-1.3195476531982422,1075.7428571428572,2,476,1,0,0,31,15,89
1,178.0,0.060433294624090195,267.0,4.0,293.0,3264.0,227.48979591836715,11582.0,28.316667556762695,0.949999988079071,15678.2001953125,21.799999237060547,4.400000095367432,4.800000190734863,46.36666488647461,18510.0,2390.885714285714,1.3064523935317993,27.22916603088379,285.34285714285716,1525.7999267578125,2103.685791015625,-1.2102380990982056,1068.942857142857,1,476,1,0,0,31,19,65
0,173.0,0.7787913084030151,267.0,4.0,293.0,2584.0,223.2448979591835,12966.5,26.96666717529297,1.2666666507720947,16532.43359375,21.75,4.5,4.583333492279053,47.93333435058594,20777.0,2409.3142857142857,1.285523772239685,27.032381057739258,283.9142857142857,1524.983154296875,2153.800048828125,-1.1365238428115845,1066.2285714285715,0,476,1,0,0,21,13,60
0,66.0,0.15393386781215668,267.0,4.0,293.0,11245.0,218.61224489795902,12476.1669921875,28.600000381469727,4.416666507720947,18328.150390625,23.75,5.099999904632568,4.550000190734863,39.150001525878906,23658.166015625,2413.342857142857,1.2972142696380615,27.109285354614258,281.8,1520.4608154296875,2180.857177734375,-1.166452407836914,1069.4857142857143,1,476,1,0,0,21,6,22
0,233.0,0.17331813275814056,267.0,4.0,293.0,22569.0,213.79591836734681,13740.0,29.41666603088379,5.933333396911621,18476.900390625,22.983333587646484,4.900000095367432,4.733333110809326,41.21666717529297,24507.0,2420.0,1.2958095073699951,26.997737884521484,280.62857142857143,1518.14453125,2220.485595703125,-1.108214259147644,1069.3714285714286,0,476,1,0,0,21,19,106
0,181.0,0.2371721714735031,267.0,4.0,293.0,24416.0,207.57142857142836,11922.0,30.322221755981445,0.949999988079071,17841.16796875,23.100000381469727,4.400000095367432,4.644444465637207,40.78888702392578,20971.4453125,2375.9142857142856,1.2940952777862549,27.02642822265625,283.8,1515.146484375,2207.8857421875,-1.288619041442871,1064.3428571428572,0,476,1,0,0,41,11,90
0,120.0,0.1151653379201889,267.0,4.0,293.0,32767.0,201.71428571428547,12902.0,27.450000762939453,1.2666666507720947,18608.333984375,21.549999237060547,4.199999809265137,4.683333396911621,46.75,22914.5,2403.0285714285715,1.3048095703125,27.150238037109375,289.2857142857143,1521.9521484375,2225.05712890625,-0.9421666860580444,1066.7714285714285,0,476,1,0,0,21,13,53
1,144.0,0.0,267.0,4.0,293.0,32767.0,195.75510204081607,12335.0,27.149999618530273,1.0499999523162842,17526.80078125,21.450000762939453,4.300000190734863,4.583333492279053,49.150001525878906,20024.0,2382.0857142857144,1.3049523830413818,27.15011978149414,287.8285714285714,1523.0679931640625,2236.54296875,-1.0708571672439575,1069.3428571428572,1,476,1,0,0,21,6,53
0,119.0,0.013683009892702103,267.0,4.0,293.0,26316.0,190.44897959183658,13097.0,32.08333206176758,1.7666666507720947,19473.900390625,23.71666717529297,4.400000095367432,4.733333110809326,43.29999923706055,22239.333984375,2415.5714285714284,1.315000057220459,27.15642738342285,286.2,1517.867431640625,2252.028564453125,-1.0676666498184204,1071.2571428571428,1,476,1,0,0,31,13,43
0,107.0,0.35575827956199646,267.0,4.0,293.0,15040.0,186.71428571428558,10811.0,29.16666603088379,1.75,20486.75,24.316667556762695,4.800000190734863,4.949999809265137,40.81666564941406,21778.333984375,2653.885714285714,1.2656428813934326,26.879762649536133,279.4,1521.3214111328125,2244.0,-1.0140714645385742,1068.9142857142858,0,476,1,0,0,21,16,36
0,171.0,0.0,267.0,4.0,293.0,14099.0,184.673469387755,12458.6669921875,29.08333396911621,1.3166667222976685,18738.349609375,22.91666603088379,4.599999904632568,4.7833333015441895,42.58333206176758,23132.833984375,2756.542857142857,1.2706667184829712,26.90833282470703,268.8857142857143,1515.9150390625,2268.0,-0.8592143058776855,1078.4,0,476,1,0,0,31,16,57
0,162.0,0.3192702531814575,267.0,4.0,229.0,9521.0,185.79591836734676,12127.1669921875,29.116666793823242,2.0833332538604736,20679.166015625,25.183332443237305,5.400000095367432,4.633333206176758,34.96666717529297,23524.166015625,2870.0,1.252666711807251,26.777856826782227,267.8,1522.1422119140625,2258.742919921875,-0.8403095602989197,1077.9714285714285,2,481,1,0,0,31,11,54
0,121.0,0.5860889554023743,267.0,4.0,229.0,6831.0,183.36734693877537,12685.3330078125,28.950000762939453,2.25,18441.3671875,26.25,5.0,4.433333396911621,35.61666488647461,23402.333984375,3052.9142857142856,1.229952335357666,26.700237274169922,262.9714285714286,1526.7816162109375,2236.228515625,-0.8373333215713501,1079.2571428571428,0,481,1,0,0,31,6,40
0,197.0,0.38084378838539124,267.0,4.0,229.0,5520.0,182.67346938775495,12985.3330078125,26.116666793823242,1.25,18412.05078125,23.200000762939453,4.800000190734863,4.633333206176758,34.93333435058594,24437.833984375,3152.9142857142856,1.1974047422409058,26.4709529876709,260.4,1533.9365234375,2232.742919921875,-0.7930952310562134,1078.5428571428572,2,481,1,0,0,21,10,70
0,141.0,0.0045610032975673676,267.0,4.0,229.0,2288.0,181.5102040816325,13858.8330078125,27.399999618530273,2.450000047683716,20836.466796875,24.850000381469727,5.400000095367432,4.683333396911621,35.266666412353516,25991.666015625,3164.542857142857,1.1868095397949219,26.42202377319336,261.1714285714286,1535.489501953125,2225.71435546875,-0.786309540271759,1076.2857142857142,3,481,1,0,0,21,17,46
0,154.0,0.5381984114646912,267.0,4.0,229.0,1808.0,183.2244897959182,12037.6669921875,27.41666603088379,2.7333333492279053,19174.333984375,25.950000762939453,5.400000095367432,4.550000190734863,28.25,26606.666015625,3208.942857142857,1.1439285278320312,26.09773826599121,262.45714285714286,1544.118408203125,2224.514404296875,-0.8392381072044373,1067.5142857142857,2,481,1,0,0,31,7,62
0,118.0,0.7970353364944458,267.0,4.0,229.0,2732.0,184.75510204081618,12951.3330078125,30.549999237060547,1.3833333253860474,18951.099609375,24.516666412353516,5.699999809265137,4.633333206176758,25.5,25547.0,3228.3714285714286,1.1548094749450684,26.266189575195312,260.45714285714286,1535.700439453125,2231.085693359375,-0.8235952258110046,1068.857142857143,4,481,1,0,0,31,8,39
0,40.0,0.15279361605644226,267.0,4.0,229.0,8175.0,187.2653061224488,13155.77734375,29.69444465637207,4.161111354827881,22886.259765625,27.327777862548828,6.066666603088379,4.650000095367432,29.7722225189209,30949.333984375,3320.123809523736,1.137515902519226,26.1621036529541,255.80952380953016,1540.4378662109375,2232.933349609375,-0.5744285583496094,1069.7142857142649,3,481,1,0,0,21,1,14
0,70.0,0.3785632848739624,267.0,4.0,283.0,4191.0,187.34693877551004,13490.4443359375,28.544445037841797,1.5944443941116333,20134.521484375,25.05555534362793,5.833333492279053,4.75,32.0555534362793,26583.77734375,3304.114285714286,1.149904727935791,26.341428756713867,257.6,1538.8216552734375,2231.228515625,-0.604023814201355,1069.8285714285714,2,481,1,0,0,31,2,23
0,78.0,0.3785632848739624,267.0,4.0,283.0,1455.0,185.93877551020387,13590.3330078125,29.14444351196289,0.8611111044883728,19166.56640625,22.938888549804688,5.5,4.866666793823242,34.988887786865234,25353.333984375,3332.714285714286,1.1364524364471436,26.372262954711914,253.37142857142857,1539.869873046875,2244.94287109375,-0.4611428678035736,1072.4,1,507,1,0,0,31,6,27
1,135.0,0.17901939153671265,267.0,4.0,283.0,2736.0,193.1224489795916,14923.3330078125,27.66666603088379,2.0833332538604736,20129.650390625,25.96666717529297,5.900000095367432,4.7833333015441895,34.56666564941406,28136.5,3327.057142857143,1.1206190586090088,26.325000762939453,257.3142857142857,1558.5621337890625,2222.685791015625,-0.35749998688697815,1075.1714285714286,4,507,1,0,0,41,3,66
0,131.0,0.6419612169265747,267.0,4.0,283.0,2018.0,191.38775510204067,15294.5,29.933332443237305,2.0999999046325684,21514.166015625,24.91666603088379,5.800000190734863,4.75,31.066667556762695,26957.0,3303.714285714286,1.1071429252624512,26.204524993896484,253.9142857142857,1548.06201171875,2238.60009765625,-0.22185714542865753,1067.8857142857144,5,507,1,0,0,41,17,64
0,77.0,0.4036487936973572,267.0,4.0,283.0,3065.0,186.9999999999999,14221.1669921875,27.66666603088379,1.399999976158142,18629.732421875,25.450000762939453,5.800000190734863,4.7833333015441895,26.91666603088379,28429.166015625,3316.657142857143,1.1134999990463257,26.355833053588867,248.85714285714286,1545.33740234375,2232.71435546875,-0.3680237829685211,1074.4285714285713,1,481,1,0,0,31,11,28
0,165.0,0.5553021430969238,267.0,4.0,229.0,1974.0,186.55102040816314,14512.8330078125,29.266666412353516,1.7999999523162842,16374.283203125,24.0,5.199999809265137,4.650000095367432,35.516666412353516,27908.5,3301.0285714285715,1.1064761877059937,26.27988052368164,248.22857142857143,1537.1064453125,2244.1142578125,-0.3349762260913849,1067.6857142857143,2,481,1,0,0,31,13,66
0,123.0,0.9384264349937439,267.0,4.0,229.0,1277.0,185.71428571428564,17987.666015625,22.41666603088379,2.450000047683716,20416.19921875,25.53333282470703,5.900000095367432,4.699999809265137,28.950000762939453,28949.833984375,3292.6857142857143,1.061309576034546,26.079286575317383,247.9142857142857,1572.6025390625,2216.39990234375,-0.524309515953064,1074.5142857142857,0,481,1,1,0,21,6,44
1,226.0,0.18814139068126678,267.0,4.0,229.0,3822.0,183.63265306122437,21400.0,22.850000381469727,4.449999809265137,17980.966796875,25.0,5.900000095367432,4.583333492279053,38.599998474121094,28804.5,3286.714285714286,1.0639286041259766,26.236309051513672,249.88571428571427,1580.4365234375,2195.94287109375,-0.5228095054626465,1079.142857142857,1,481,1,1,0,42,28,97
0,67.0,0.023945268243551254,267.0,4.0,229.0,3074.0,179.4693877551019,15021.3330078125,25.116666793823242,2.25,16137.3330078125,23.350000381469727,5.599999904632568,4.849999904632568,35.016666412353516,24818.0,3253.9142857142856,1.0544524192810059,26.404048919677734,250.14285714285714,1587.3157958984375,2121.17138671875,-0.32233333587646484,1078.2285714285715,5,481,1,1,0,34,18,23
0,137.0,0.3443557620048523,267.0,4.0,229.0,6522.0,173.22448979591823,12795.0,26.700000762939453,3.4166667461395264,14828.3662109375,23.016666412353516,5.699999809265137,4.75,41.06666564941406,22024.0,2966.2,1.0150713920593262,26.243690490722656,271.14285714285717,1583.486328125,2035.1142578125,-0.40314286947250366,1046.6571428571428,1,481,1,1,0,21,15,45
0,123.0,0.7799316048622131,267.0,4.0,229.0,7046.0,168.75510204081624,15417.833984375,25.355554580688477,3.383333206176758,15087.22265625,22.900001525878906,5.333333492279053,4.949999809265137,47.5,21071.77734375,2917.3142857144967,1.01457941532135,26.316984176635742,281.22857142853195,1593.017578125,2004.5904541015625,-0.4270714223384857,1042.4666666666644,0,481,1,1,0,31,10,43
0,90.0,0.7480045557022095,267.0,4.0,229.0,6733.0,167.42857142857136,15144.6669921875,27.71666717529297,3.3333332538604736,15271.033203125,22.566667556762695,5.300000190734863,5.050000190734863,46.68333435058594,21605.333984375,2903.3714285714286,1.0103809833526611,26.297380447387695,283.8285714285714,1600.1455078125,1997.6856689453125,-0.42814284563064575,1042.6,1,481,1,1,0,31,4,29
0,,0.0,267.0,4.0,229.0,7488.0,165.7346938775509,13858.0,26.483333587646484,3.366666555404663,15875.900390625,24.58333396911621,5.400000095367432,5.050000190734863,49.93333435058594,24632.833984375,2842.5714285714284,1.0250952243804932,26.457738876342773,285.9142857142857,1571.2470703125,1998.5714111328125,-0.36102381348609924,1025.6571428571428,3,481,1,1,0,24,4,
0,147.0,0.8141391277313232,267.0,4.0,229.0,3824.0,163.97959183673458,15019.888671875,27.077777862548828,6.555555820465088,17031.078125,24.544445037841797,5.366666793823242,4.761111259460449,41.67222213745117,23864.4453125,2789.114285714286,1.0098809003829956,26.368452072143555,296.2,1605.80517578125,1969.857177734375,-0.37064287066459656,1033.142857142857,1,481,1,0,0,31,14,53
0,43.0,0.0,267.0,4.0,229.0,3986.0,165.5714285714284,14844.6669921875,25.516666412353516,3.3499999046325684,17139.6171875,21.700000762939453,5.199999809265137,4.900000095367432,47.95000076293945,23753.5,2753.2,1.0080238580703735,26.332141876220703,293.62857142857143,1582.854736328125,1968.3714599609375,-0.3487381041049957,1022.3142857142857,4,481,1,0,0,34,5,14
0,115.0,0.4743443429470062,267.0,4.0,229.0,2706.0,164.06122448979576,12719.1669921875,23.433332443237305,4.933333396911621,15199.5166015625,23.266666412353516,5.5,4.650000095367432,48.36666488647461,21323.333984375,2673.057142857143,1.0089762210845947,26.376785278320312,295.85714285714283,1577.5833740234375,1955.3714599609375,-0.33869048953056335,1018.1142857142858,0,481,1,0,0,24,14,43
1,57.0,0.0,267.0,4.0,229.0,6409.0,162.08163265306106,13686.3330078125,21.28333282470703,1.8166667222976685,16809.333984375,26.516666412353516,6.5,4.933333396911621,52.983333587646484,26304.333984375,2639.457142857143,1.0139048099517822,26.395118713378906,296.25714285714287,1567.702880859375,1945.4285888671875,-0.35038095712661743,1013.8571428571429,2,481,1,0,0,41,33,22
1,188.2652901551878,0.0,267.0,4.0,229.0,6413.0,160.32653061224474,12957.0,23.266666412353516,4.400000095367432,14429.7333984375,21.16666603088379,5.400000095367432,4.699999809265137,51.38333511352539,18696.333984375,2597.1428571428573,1.0105952024459839,26.429405212402344,304.8285714285714,1581.7728271484375,1918.6571044921875,-0.3730238080024719,1012.9428571428572,0,481,1,0,0,24,17,66
1,101.0,0.2018243968486786,267.0,4.0,229.0,5803.0,159.44897959183658,13666.5,24.733333587646484,4.2166666984558105,15102.2001953125,21.200000762939453,5.699999809265137,5.0,49.95000076293945,21322.0,2595.1428571428573,0.9751428365707397,26.182857513427734,310.0285714285714,1598.1805419921875,1902.142822265625,-0.3928333520889282,1007.6571428571428,5,481,1,0,0,34,16,44
0,141.0,0.027366019785404205,267.0,4.0,260.0,3821.0,160.9999999999999,14085.5,21.5,4.583333492279053,16488.966796875,21.03333282470703,6.099999904632568,4.949999809265137,54.66666793823242,23382.833984375,2564.6857142857143,0.9554761648178101,26.013690948486328,306.34285714285716,1587.0081787109375,1888.857177734375,-0.44747617840766907,1001.7142857142857,7,518,1,0,0,41,7,57
0,178.0,0.6830102801322937,267.0,4.0,260.0,1783.0,161.67346938775498,13505.0,27.133333206176758,5.5,16921.666015625,22.41666603088379,5.599999904632568,4.699999809265137,47.93333435058594,23303.333984375,2542.1428571428573,0.930738091468811,25.812620162963867,312.42857142857144,1601.2769775390625,1883.228515625,-0.46314284205436707,997.2,5,518,1,0,0,31,29,76
0,64.0,0.22805017232894897,267.0,4.0,229.0,3201.0,157.8979591836733,14064.5,22.649999618530273,5.133333206176758,18564.55078125,27.28333282470703,6.0,5.0,53.63333511352539,26983.5,2477.2285714285713,0.9660000205039978,26.056903839111328,317.25714285714287,1587.5894775390625,1861.5428466796875,-0.44566667079925537,997.3142857142857,5,481,1,0,0,41,1,21
0,104.0,0.034207526594400406,267.0,4.0,229.0,1745.0,155.79591836734676,12484.0,23.116666793823242,3.566666603088379,17502.1328125,21.933332443237305,6.199999809265137,5.050000190734863,51.63333511352539,23529.5,2463.0285714285715,0.9767857193946838,26.22011947631836,318.54285714285714,1581.5040283203125,1853.5142822265625,-0.45259523391723633,996.0285714285715,2,481,1,0,0,21,7,40
0,56.0,0.19270239770412445,267.0,4.0,229.0,16788.0,153.5510204081631,14568.3330078125,22.616666793823242,5.316666603088379,16492.283203125,23.53333282470703,5.900000095367432,4.800000190734863,51.28333282470703,23986.333984375,2450.1714285714284,0.9921904802322388,26.397144317626953,319.14285714285717,1573.4481201171875,1843.82861328125,-0.5114285945892334,994.9428571428572,3,518,1,0,0,31,16,21
0,104.0,0.13340935111045837,267.0,4.0,260.0,11694.0,152.93877551020395,14401.6669921875,23.28333282470703,2.549999952316284,19063.19921875,23.733333587646484,6.400000095367432,5.183333396911621,52.93333435058594,25355.0,2439.2,0.9888095259666443,26.338571548461914,319.2857142857143,1575.99462890625,1844.82861328125,-0.5138571262359619,994.4,9,518,1,0,0,21,9,39
0,69.0,0.01824401319026947,267.0,4.0,229.0,12913.0,150.38775510204067,14205.5,23.149999618530273,1.8333333730697632,15425.2666015625,21.46666717529297,6.199999809265137,5.199999809265137,55.11666488647461,23035.833984375,2380.2571428571428,1.0146428346633911,26.656665802001953,326.1142857142857,1568.8494873046875,1829.2857666015625,-0.5281190276145935,990.5428571428571,4,481,1,0,0,11,17,26
0,107.0,0.15279361605644226,267.0,4.0,229.0,13360.0,148.04081632653052,11290.5,20.600000381469727,2.3333332538604736,15150.5,21.78333282470703,5.300000190734863,4.699999809265137,54.81666564941406,19537.0,2374.057142857143,1.012595295906067,26.69571304321289,326.25714285714287,1566.22802734375,1824.6285400390625,-0.5528809428215027,989.3142857142857,6,481,1,0,0,21,10,38
0,94.0,0.0,267.0,4.0,229.0,12091.0,145.40816326530606,12206.0,21.133333206176758,1.649999976158142,14578.599609375,22.399999618530273,6.099999904632568,4.699999809265137,58.18333435058594,22560.5,2413.057142857143,1.0163809061050415,26.75130844116211,323.8857142857143,1567.33447265625,1820.028564453125,-0.5776904821395874,993.6857142857143,5,481,1,0,0,34,10,36
0,101.0,0.31356897950172424,267.0,4.0,260.0,12396.0,143.67346938775498,10174.3330078125,23.133333206176758,4.5,15278.033203125,23.266666412353516,6.099999904632568,4.816666603088379,48.63333511352539,22337.0,2458.7428571428572,0.991523802280426,26.658571243286133,328.6857142857143,1586.4017333984375,1791.771484375,-0.5752857327461243,991.8,3,518,1,0,0,31,13,43
0,56.0,0.1961231529712677,267.0,4.0,229.0,11565.0,141.4693877551019,10964.5,21.5,4.300000190734863,14867.18359375,23.366666793823242,5.900000095367432,4.599999904632568,58.150001525878906,21441.666015625,2483.0857142857144,0.9976428747177124,26.711071014404297,325.22857142857146,1581.886474609375,1798.142822265625,-0.5782142877578735,994.3428571428572,4,518,1,0,0,24,21,20
1,178.0,0.0,267.0,4.0,229.0,9454.0,140.41304347826076,11961.8330078125,20.366666793823242,3.200000047683716,15284.4833984375,23.866666793823242,5.900000095367432,4.599999904632568,53.0,19935.333984375,2550.6857142857143,0.9683095216751099,26.565000534057617,322.85714285714283,1596.3045654296875,1774.5714111328125,-0.6114285588264465,996.8,4,481,1,0,0,34,31,61
1,50.0,0.0,267.0,4.0,229.0,7948.0,136.97619047619034,11936.3330078125,22.366666793823242,3.7333333492279053,16031.849609375,23.799999237060547,6.199999809265137,4.75,50.400001525878906,23329.166015625,2579.342857142857,0.9783333539962769,26.629762649536133,317.74285714285713,1583.4349365234375,1786.142822265625,-0.6197381019592285,997.1714285714286,2,481,1,0,0,34,1,19
0,266.0,0.6009122133255005,296.0,3.0,313.0,1186.0,298.1190476190473,16545.0,29.366666793823242,1.5,15248.93359375,21.766666412353516,3.700000047683716,5.0,28.316667556762695,16310.3330078125,2107.885714285714,0.7489523887634277,25.020713806152344,110.6,1403.6396484375,1837.6285400390625,0.2494523674249649,978.6,0,505,1,0,1,31,29,137
0,29.0,0.5587229132652283,296.0,3.0,313.0,1328.0,296.9795918367344,20698.0,26.366666793823242,3.133333444595337,15644.283203125,22.816667556762695,4.199999809265137,5.099999904632568,29.58333396911621,18861.833984375,2138.342857142857,0.7462142705917358,25.037261962890625,111.71428571428571,1404.605224609375,1836.5714111328125,0.2550000250339508,977.6857142857143,0,505,1,0,1,31,33,15
0,280.0,0.637400209903717,296.0,3.0,313.0,3121.0,289.5306122448977,12230.6669921875,30.427778244018555,2.75,15381.4443359375,20.33333396911621,3.799999952316284,4.866666793823242,30.322221755981445,15588.3330078125,2894.657142857143,0.7073571681976318,25.04107093811035,120.97142857142858,1387.6202392578125,1799.3714599609375,0.6063095331192017,957.4857142857143,1,505,1,0,1,21,9,103
0,207.0,0.6054732203483582,296.0,3.0,313.0,2972.0,292.7755102040814,11047.3330078125,30.28333282470703,2.133333444595337,16194.2001953125,21.566667556762695,3.5,4.699999809265137,32.650001525878906,19858.333984375,2918.2285714285713,0.7067857384681702,25.061309814453125,119.68571428571428,1380.1676025390625,1804.3714599609375,0.6059762239456177,954.8285714285714,0,505,1,0,0,42,6,85
0,261.0,0.30672746896743774,296.0,3.0,313.0,2814.0,296.53061224489767,10017.1669921875,29.25,2.5,16451.68359375,21.25,4.0,4.666666507720947,24.399999618530273,15242.3330078125,2968.5142857142855,0.696142852306366,25.053810119628906,118.77142857142857,1385.2882080078125,1814.82861328125,0.63954758644104,958.2571428571429,0,505,1,0,0,21,35,96
0,233.0,0.9270239472389221,296.0,3.0,313.0,3332.0,300.4897959183671,11828.6669921875,28.183332443237305,3.816666603088379,16714.232421875,20.933332443237305,3.5,4.849999904632568,29.16666603088379,15116.3330078125,2994.657142857143,0.6909999847412109,25.05559539794922,116.57142857142857,1385.3302001953125,1831.4571533203125,0.6463571786880493,959.3428571428572,0,505,1,0,0,31,4,103
0,203.0,0.07069555670022964,296.0,3.0,313.0,1573.0,300.2857142857141,12338.1669921875,27.566667556762695,3.049999952316284,18217.966796875,20.53333282470703,3.299999952316284,4.599999904632568,23.266666412353516,19834.333984375,2978.6,0.678761899471283,24.819286346435547,117.88571428571429,1387.6077880859375,1805.2572021484375,0.6491666436195374,956.3428571428572,3,505,1,0,0,31,4,75
0,132.0,0.29304447770118713,296.0,3.0,313.0,1520.0,294.69387755102014,11701.1669921875,27.91666603088379,3.9166667461395264,16491.833984375,20.649999618530273,3.4000000953674316,4.800000190734863,27.16666603088379,16738.166015625,2939.542857142857,0.6865476369857788,24.941308975219727,118.8,1386.1693115234375,1793.914306640625,0.6384523510932922,958.0571428571428,0,505,1,0,0,31,3,51
0,337.50971378568516,0.825541615486145,296.0,3.0,313.0,1786.0,285.59183673469363,10298.6669921875,26.08333396911621,3.5,17498.1328125,21.200000762939453,4.099999904632568,4.849999904632568,30.08333396911621,14741.3330078125,2888.2285714285713,0.6817857027053833,24.964523315429688,116.68571428571428,1386.6090087890625,1784.7427978515625,0.6311904788017273,960.1142857142858,0,505,1,0,0,21,28,170
0,307.0,0.9372861981391907,296.0,3.0,313.0,1129.0,285.59183673469363,9754.3330078125,27.383333206176758,3.8499999046325684,15981.7998046875,21.066667556762695,3.9000000953674316,4.699999809265137,31.41666603088379,14906.0,2872.7428571428572,0.6801190376281738,24.975000381469727,115.17142857142858,1392.614013671875,1784.085693359375,0.6029285788536072,965.3714285714286,0,505,1,0,0,21,28,153
0,205.0,0.8084378838539124,296.0,3.0,313.0,2150.0,279.8571428571426,9956.6669921875,25.066667556762695,5.333333492279053,16082.5830078125,20.866666793823242,3.799999952316284,4.800000190734863,32.18333435058594,14348.5,2848.2285714285713,0.6848571300506592,25.08440399169922,112.65714285714286,1377.67724609375,1780.4285888671875,0.5928095579147339,961.9714285714285,2,505,1,0,0,41,4,98
0,250.0,0.9133409261703491,296.0,3.0,313.0,1111.0,274.2244897959182,11030.0,27.03333282470703,3.2833333015441895,16089.2998046875,21.633333206176758,4.099999904632568,4.866666793823242,29.149999618530273,14855.0,2810.2,0.6774047613143921,25.0242862701416,112.48571428571428,1385.48193359375,1770.3143310546875,0.5817142724990845,965.3714285714286,0,505,1,0,0,31,7,124
1,270.0,0.4104903042316437,296.0,3.0,313.0,3442.0,268.612244897959,10119.333984375,27.83333396911621,2.76111102104187,16954.02734375,20.288888931274414,3.5333333015441895,4.699999809265137,25.855554580688477,14844.5556640625,2735.9142857142856,0.6751190423965454,25.164762496948242,104.0,1372.379150390625,1753.8857421875,0.5092857480049133,968.2571428571429,5,505,1,0,0,41,8,118
0,155.0,0.5153933763504028,296.0,3.0,313.0,1514.0,268.612244897959,10219.6669921875,23.683332443237305,2.3333332538604736,17574.31640625,19.933332443237305,3.4000000953674316,4.650000095367432,30.91666603088379,18081.333984375,2713.8571428571427,0.6760714054107666,25.201547622680664,103.28571428571429,1377.12646484375,1743.5714111328125,0.4814285933971405,973.2285714285714,0,505,1,0,0,21,6,60
0,229.0,0.5279361605644226,296.0,3.0,313.0,1873.0,267.89795918367327,10556.666015625,30.077777862548828,7.7833333015441895,17567.349609375,22.738887786865234,3.866666793823242,4.75,32.7055549621582,18712.333984375,2685.6857142857143,0.670285701751709,25.1346435546875,98.45714285714286,1371.565185546875,1733.3714599609375,0.4206666350364685,973.9714285714285,0,505,1,0,0,31,35,84
0,197.0,0.0,296.0,3.0,313.0,1990.0,264.4693877551019,13892.5,28.03333282470703,6.133333206176758,19249.3671875,22.03333282470703,4.099999904632568,4.900000095367432,27.366666793823242,22353.333984375,2659.5714285714284,0.6726904511451721,25.213214874267578,95.31428571428572,1367.6312255859375,1711.857177734375,0.3757857084274292,977.3714285714286,5,505,1,0,0,31,4,71
0,94.0,0.0,296.0,3.0,313.0,8842.0,261.59183673469374,12220.5,30.0,5.483333110809326,18917.083984375,21.233333587646484,4.0,4.883333206176758,28.100000381469727,21974.166015625,2631.2285714285713,0.679190456867218,25.27833366394043,87.91428571428571,1366.3154296875,1694.199951171875,0.19421425461769104,986.6857142857143,4,505,1,0,0,31,4,35
1,198.0,0.05587229132652283,296.0,3.0,313.0,17405.0,259.0612244897958,14605.8330078125,31.100000381469727,4.016666889190674,19911.283203125,21.46666717529297,4.099999904632568,5.083333492279053,23.733333587646484,22660.0,2636.457142857143,0.7026904821395874,25.522499084472656,87.97142857142858,1381.296630859375,1658.82861328125,0.10990476608276367,1002.9714285714285,0,505,1,0,0,21,18,71
0,230.0,0.3238312304019928,296.0,3.0,313.0,19422.0,257.0408163265305,14553.0,33.13333511352539,7.449999809265137,20755.8828125,22.71666717529297,4.300000190734863,5.0,28.66666603088379,23187.333984375,2671.114285714286,0.6874285936355591,25.421785354614258,83.91428571428571,1375.25,1660.6571044921875,0.06138095632195473,998.9714285714285,4,505,1,0,1,21,1,82
0,,0.0,296.0,3.0,313.0,8690.0,255.12244897959167,16056.5,34.25,3.566666603088379,20130.849609375,23.71666717529297,4.300000190734863,5.099999904632568,24.649999618530273,22017.333984375,2726.4,0.7104761600494385,25.595714569091797,82.02857142857142,1386.780029296875,1675.0,0.03473811224102974,1015.7142857142857,6,505,1,0,0,34,12,
0,263.0,0.44925883412361145,296.0,3.0,313.0,1326.0,251.7346938775508,15207.1669921875,30.450000762939453,7.75,22742.44921875,22.28333282470703,4.5,4.800000190734863,28.41666603088379,24002.333984375,2722.4857142857145,0.7024047374725342,25.54773712158203,89.22857142857143,1381.5709228515625,1672.800048828125,0.034690454602241516,1003.5428571428571,13,505,1,0,0,31,21,93
0,,0.030786773189902306,296.0,3.0,302.0,5876.0,240.25531914893594,32975.5,28.350000381469727,4.233333110809326,19704.900390625,22.16666603088379,3.9000000953674316,4.583333492279053,35.06666564941406,23938.5,2757.714285714286,0.7163333296775818,25.562856674194336,94.57142857142857,1385.574951171875,1717.228515625,0.10183332860469818,1005.0857142857143,13,469,1,0,0,24,11,
0,242.0,0.543899655342102,296.0,3.0,302.0,4606.0,240.25531914893594,11966.6669921875,35.70000076293945,9.316666603088379,18341.56640625,21.883333206176758,3.700000047683716,4.800000190734863,25.0,20678.666015625,2769.2571428571428,0.7350476384162903,25.732023239135742,104.34285714285714,1372.8037109375,1724.142822265625,0.13438093662261963,993.8,1,469,1,0,0,21,3,101
0,234.0,0.18586088716983795,296.0,3.0,302.0,7168.0,239.4347826086954,14905.8330078125,30.700000762939453,8.383333206176758,18807.150390625,22.83333396911621,3.9000000953674316,5.0,24.700000762939453,20707.5,2891.2285714285713,0.7498809695243835,25.776309967041016,107.8,1387.358642578125,1759.2572021484375,0.1851428598165512,1004.8,0,469,1,0,0,21,9,82
0,211.0,0.18700113892555237,296.0,3.0,302.0,7714.0,247.34693877550995,11154.388671875,31.600000381469727,7.105555534362793,17560.017578125,21.149999618530273,3.799999952316284,4.833333492279053,20.44444465637207,20736.943359375,2917.0,0.7476190328598022,25.78178596496582,110.62857142857143,1389.209716796875,1775.028564453125,0.16607142984867096,1002.2285714285714,0,469,1,0,0,21,2,93
0,82.0,0.6476624608039856,296.0,3.0,313.0,5311.0,244.71428571428544,12262.3330078125,32.29999923706055,4.133333206176758,17800.767578125,20.83333396911621,4.0,4.650000095367432,23.983333587646484,16218.22265625,3143.5714285714284,0.7715952396392822,25.956905364990234,120.08571428571429,1381.5107421875,1804.1142578125,0.28552380204200745,997.2571428571429,1,505,1,0,0,21,4,32
0,184.0,0.17787913978099823,296.0,3.0,313.0,11090.0,244.894736842105,12125.1669921875,29.366666793823242,7.416666507720947,17293.716796875,20.516666412353516,3.4000000953674316,4.699999809265137,24.03333282470703,19036.666015625,3199.0285714285715,0.7789285778999329,26.012380599975586,121.11428571428571,1383.4453125,1815.5714111328125,0.3101428747177124,999.6,5,505,1,0,0,34,4,68
0,166.0,0.10034207254648209,296.0,3.0,313.0,19348.0,246.21212121212105,11950.5,29.016666412353516,4.849999904632568,17559.982421875,19.433332443237305,3.700000047683716,4.599999904632568,23.700000762939453,16837.833984375,3306.1428571428573,0.7909761667251587,26.03523826599121,124.65714285714286,1389.35400390625,1838.4000244140625,0.3618333339691162,1002.0857142857143,1,469,1,0,0,21,5,65
0,263.0,0.20068414509296417,296.0,3.0,313.0,8278.0,249.71264367814854,10984.888671875,29.05555534362793,5.633333206176758,17932.533203125,20.46666717529297,3.4000000953674316,4.416666507720947,28.2722225189209,15524.4443359375,3370.4,0.7962856888771057,26.138809204101562,128.94285714285715,1383.8348388671875,1861.199951171875,0.42940476536750793,996.5142857142857,1,505,1,0,0,31,8,95
0,282.0,0.2371721714735031,296.0,3.0,293.0,17407.0,247.86486486486476,9864.6669921875,32.45000076293945,8.616666793823242,18519.8671875,20.683332443237305,3.9000000953674316,4.366666793823242,37.95000076293945,16879.666015625,3675.0285714285715,0.8662381172180176,26.6872615814209,149.65714285714284,1381.7821044921875,1774.4857177734375,0.4790714383125305,995.6571428571428,3,476,1,0,0,41,6,118
0,176.0,0.22006841003894806,296.0,3.0,293.0,15341.0,251.16666666666654,14222.5,36.016666412353516,4.949999809265137,17015.19921875,20.049999237060547,3.799999952316284,4.550000190734863,46.233333587646484,15802.0,3728.457142857143,0.8630238175392151,26.650476455688477,145.4857142857143,1383.552978515625,1789.199951171875,0.4777381122112274,1001.6,2,476,1,0,0,31,5,64
0,98.0,0.11288483440876007,296.0,3.0,293.0,10765.0,255.99999999999994,9786.6669921875,36.0,6.849999904632568,18240.93359375,21.016666412353516,4.099999904632568,4.5,43.08333206176758,20704.0,3751.457142857143,0.85230952501297,26.569286346435547,144.97142857142856,1383.9449462890625,1792.5428466796875,0.49238094687461853,999.3714285714286,4,476,1,0,0,31,6,40
0,221.62260168952974,0.32155072689056396,296.0,3.0,293.0,9228.0,262.59183673469386,10629.0,36.81666564941406,8.300000190734863,16398.767578125,20.899999618530273,3.9000000953674316,4.550000190734863,41.733333587646484,15983.6669921875,3737.1428571428573,0.8375952243804932,26.4665470123291,145.28571428571428,1386.6253662109375,1787.94287109375,0.4703809320926666,994.7714285714286,3,476,1,0,0,41,8,92
0,165.0,0.0,296.0,3.0,293.0,8231.0,274.7346938775509,11030.6669921875,35.96666717529297,9.233333587646484,16870.650390625,20.983333587646484,3.700000047683716,4.400000095367432,46.93333435058594,15819.1669921875,3770.2571428571428,0.8358095288276672,26.4615478515625,140.68571428571428,1383.8582763671875,1822.3428955078125,0.4784761965274811,999.9142857142857,2,476,1,0,0,34,9,68
0,229.0,0.014823260717093945,296.0,3.0,293.0,9215.0,283.877551020408,12261.5,34.56666564941406,7.2166666984558105,16968.599609375,21.03333282470703,3.700000047683716,4.366666793823242,44.21666717529297,17934.5,3755.9142857142856,0.8249285817146301,26.39821434020996,138.22857142857143,1386.1416015625,1833.199951171875,0.4345952272415161,1000.5428571428571,0,476,1,0,0,21,5,91
0,,0.01824401319026947,296.0,3.0,293.0,1468.0,295.08163265306115,11382.6669921875,33.31666564941406,7.9666666984558105,14971.7998046875,21.233333587646484,4.199999809265137,4.25,48.43333435058594,16601.0,3736.6285714285714,0.8072142601013184,26.23797607421875,140.4,1392.339599609375,1850.6285400390625,0.4739285707473755,997.6857142857143,4,476,1,0,0,42,11,
0,142.0,0.03876852989196777,296.0,3.0,293.0,1552.0,303.0612244897958,11368.3330078125,34.08333206176758,8.316666603088379,16289.7998046875,20.433332443237305,3.799999952316284,4.233333110809326,49.79999923706055,16421.833984375,3727.5142857142855,0.7974761724472046,26.181072235107422,140.97142857142856,1392.4337158203125,1851.6856689453125,0.4894285798072815,993.7428571428571,2,476,1,0,0,21,5,50
0,149.0,0.5632839202880859,296.0,3.0,293.0,1446.0,308.85714285714266,13660.1669921875,33.54999923706055,7.766666889190674,16338.599609375,21.733333587646484,4.0,4.050000190734863,49.96666717529297,16577.5,3690.0,0.7861904501914978,26.17630958557129,139.34285714285716,1396.5220947265625,1893.94287109375,0.43016666173934937,992.9428571428572,1,476,1,1,0,41,2,68
0,196.0,0.23375143110752106,296.0,3.0,293.0,9246.0,301.3265306122447,14162.0,35.70000076293945,5.983333110809326,15613.099609375,20.933332443237305,3.9000000953674316,4.083333492279053,47.06666564941406,16744.0,3553.714285714286,0.7807857394218445,26.09619140625,138.0857142857143,1396.6319580078125,1945.914306640625,0.38733333349227905,990.6,0,476,1,0,1,21,5,108
0,256.0,0.30672746896743774,296.0,3.0,293.0,3716.0,301.3265306122447,13058.888671875,38.599998474121094,8.172222137451172,16795.89453125,20.80555534362793,4.0,4.183333396911621,44.411109924316406,18332.333984375,3483.4285714285716,0.7842857241630554,26.201547622680664,136.97142857142856,1398.4156494140625,1973.7427978515625,0.34604761004447937,994.1428571428571,0,476,1,0,1,42,11,95
0,163.0,0.5450398921966553,296.0,3.0,293.0,1448.0,300.9999999999999,14431.6669921875,38.58333206176758,7.616666793823242,15568.033203125,21.483333587646484,4.0,4.199999809265137,39.33333206176758,16258.1669921875,3489.1428571428573,0.7755714058876038,26.153213500976562,135.82857142857142,1399.5289306640625,1979.6856689453125,0.3444761633872986,993.0571428571428,2,476,1,0,0,41,7,59
0,178.0,0.07639680802822113,296.0,3.0,293.0,12481.0,284.73469387755097,12301.3330078125,42.0,4.083333492279053,17898.482421875,21.183332443237305,3.4000000953674316,4.333333492279053,36.400001525878906,17749.5,3380.5142857142855,0.7649999856948853,25.957500457763672,128.37142857142857,1397.09130859375,2048.82861328125,0.2715952396392822,994.6285714285714,2,476,1,0,0,21,13,64
0,152.0,0.3454959988594055,296.0,3.0,293.0,20927.0,274.26530612244886,13269.6669921875,39.36666488647461,3.933333396911621,17731.05078125,19.733333587646484,4.0,4.25,37.16666793823242,17219.833984375,3289.942857142857,0.7681428790092468,25.963809967041016,130.17142857142858,1399.0711669921875,2067.628662109375,0.27307140827178955,995.6857142857143,1,476,1,0,0,31,12,55
0,110.0,0.30102622509002686,296.0,3.0,293.0,19832.0,265.42857142857133,13313.5,43.75,5.949999809265137,19679.982421875,23.33333396911621,5.0,4.25,32.766666412353516,19487.833984375,3247.3714285714286,0.7538809776306152,25.798452377319336,132.34285714285716,1398.326904296875,2072.771484375,0.2511666715145111,987.8857142857142,3,476,1,0,0,41,11,41
0,89.0,0.13226909935474396,296.0,3.0,293.0,22394.0,265.2448979591837,12651.8330078125,38.650001525878906,2.9166667461395264,17782.80078125,20.200000762939453,3.700000047683716,4.199999809265137,39.70000076293945,19746.166015625,3060.885714285714,0.7531904578208923,25.93488121032715,136.94285714285715,1409.2423095703125,2109.82861328125,0.22442857921123505,990.2857142857143,0,476,1,0,0,31,1,37
0,26.0,0.517673909664154,296.0,3.0,293.0,17571.0,256.5102040816326,14739.8330078125,38.11666488647461,7.916666507720947,20448.900390625,23.883333206176758,5.0,4.349999904632568,40.03333282470703,24329.166015625,2997.0857142857144,0.7406190633773804,25.742856979370117,134.94285714285715,1403.8974609375,2123.0,0.1715238094329834,984.4857142857143,2,476,1,0,0,21,1,11
0,223.0,0.2371721714735031,296.0,3.0,293.0,14111.0,252.24489795918365,11640.0,35.56666564941406,2.299999952316284,15995.349609375,20.133333206176758,3.4000000953674316,4.449999809265137,41.04999923706055,15754.6669921875,2885.4285714285716,0.7296666502952576,25.673452377319336,139.22857142857143,1406.1787109375,2123.085693359375,0.13323810696601868,977.8571428571429,2,476,1,0,0,31,11,88
0,158.0,0.10490307956933975,296.0,3.0,293.0,13117.0,252.24489795918365,11613.5556640625,36.49444580078125,3.4833333492279053,16562.912109375,20.072221755981445,3.5333333015441895,4.349999904632568,43.011112213134766,16699.111328125,2862.7428571428572,0.7231666445732117,25.635713577270508,140.28571428571428,1409.6715087890625,2122.314208984375,0.1390952616930008,977.3428571428572,0,476,1,0,0,31,15,69
0,87.0,0.16419611871242523,296.0,3.0,293.0,2610.0,248.9591836734693,13418.1669921875,32.61666488647461,5.699999809265137,17732.94921875,24.200000762939453,5.099999904632568,4.449999809265137,46.93333435058594,22659.0,2756.714285714286,0.713952362537384,25.514999389648438,146.57142857142858,1408.73828125,2110.971435546875,0.10650000721216202,966.4285714285714,1,476,1,0,0,21,15,38
0,124.0,0.692132294178009,296.0,3.0,293.0,8185.0,246.89795918367338,13412.6669921875,31.850000381469727,11.066666603088379,17004.93359375,23.850000381469727,5.199999809265137,4.349999904632568,45.71666717529297,18905.333984375,2774.657142857143,0.7036428451538086,25.347143173217773,146.14285714285714,1415.173828125,2102.228515625,0.0905238464474678,968.8857142857142,2,476,1,0,0,21,4,44
0,191.0,0.026225769892334938,296.0,3.0,293.0,17806.0,249.67346938775495,13833.5,27.683332443237305,7.733333110809326,14346.150390625,20.549999237060547,4.099999904632568,4.449999809265137,46.54999923706055,17565.0,2739.9714285714285,0.7150475978851318,25.552261352539062,150.17142857142858,1416.517333984375,2082.1142578125,0.02035714127123356,968.2571428571429,2,476,1,0,0,31,29,72
0,157.0,0.23945267498493195,296.0,3.0,293.0,10300.0,249.67346938775495,17578.166015625,31.33333396911621,5.233333110809326,18075.232421875,26.700000762939453,6.0,4.583333492279053,45.20000076293945,27070.166015625,2730.2,0.719952404499054,25.63857078552246,151.57142857142858,1416.0526123046875,2075.6572265625,0.010928573086857796,968.5428571428571,1,476,1,0,0,21,13,70
0,235.0,0.44925883412361145,296.0,3.0,293.0,3739.0,250.9999999999998,14019.6669921875,26.66666603088379,4.150000095367432,14897.18359375,20.233333587646484,3.799999952316284,4.583333492279053,48.266666412353516,17426.833984375,2709.457142857143,0.7238571643829346,25.638452529907227,152.88571428571427,1420.2724609375,2067.142822265625,-0.023928582668304443,969.2285714285714,2,476,1,0,0,41,12,99
0,174.0,0.01254275906831026,296.0,3.0,293.0,6588.0,258.6734693877549,12715.3330078125,29.21666717529297,4.083333492279053,14474.6669921875,20.549999237060547,3.9000000953674316,4.5,49.58333206176758,14607.3330078125,2713.0285714285715,0.7248095273971558,25.668333053588867,153.11428571428573,1418.3482666015625,2076.685791015625,-0.07076188921928406,968.0857142857143,1,476,1,0,0,21,7,72
0,58.0,0.07069555670022964,296.0,3.0,293.0,15090.0,257.7142857142855,12632.0,32.43333435058594,3.9666666984558105,14741.466796875,20.58333396911621,3.5999999046325684,4.583333492279053,46.45000076293945,16530.0,2694.6,0.7177857160568237,25.510000228881836,152.45714285714286,1420.3388671875,2066.3427734375,-0.08573808521032333,967.1428571428571,1,476,1,0,0,31,4,24
0,176.0,0.0,296.0,3.0,293.0,10029.0,272.0612244897956,13825.3330078125,33.54999923706055,3.0833332538604736,13775.4501953125,19.700000762939453,4.400000095367432,4.583333492279053,44.483333587646484,29286.0,2707.714285714286,0.701285719871521,25.387380599975586,152.74285714285713,1419.0548095703125,2076.971435546875,-0.11895240098237991,962.4,1,476,1,0,0,21,7,76
0,220.0,0.3785632848739624,296.0,3.0,293.0,4712.0,266.5714285714283,14333.6669921875,31.46666717529297,6.583333492279053,18086.5,25.950000762939453,6.099999904632568,4.599999904632568,43.68333435058594,21534.666015625,2676.0285714285715,0.6728333234786987,24.90761947631836,151.82857142857142,1418.5872802734375,2059.742919921875,-0.1901666671037674,947.7714285714286,0,476,1,0,0,31,12,99
0,186.0,0.6419612169265747,296.0,3.0,293.0,3810.0,267.7755102040814,13607.3330078125,35.21666717529297,5.0333333015441895,17834.68359375,27.28333282470703,6.099999904632568,4.666666507720947,41.96666717529297,22498.5,2669.542857142857,0.6757143139839172,24.984642028808594,152.31428571428572,1419.8052978515625,2064.742919921875,-0.2102857083082199,951.4285714285714,0,476,1,0,0,21,20,83
0,138.0,0.5895096659660339,296.0,3.0,293.0,1513.0,264.081632653061,12553.1669921875,30.100000381469727,3.8333332538604736,14966.5830078125,19.78333282470703,4.400000095367432,4.516666889190674,45.900001525878906,15602.0,2683.4857142857145,0.6866904497146606,25.1778564453125,157.77142857142857,1428.5501708984375,2073.028564453125,-0.29483333230018616,953.2571428571429,1,476,1,0,0,31,22,63
0,278.0,0.29988598823547363,296.0,3.0,293.0,1201.0,266.95918367346917,12109.8330078125,33.66666793823242,3.4666666984558105,15176.466796875,19.75,3.5999999046325684,4.5,46.28333282470703,15168.5,2750.1714285714284,0.6720713973045349,24.9471435546875,161.02857142857144,1426.6123046875,2060.54296875,-0.31528571248054504,942.6,1,476,1,0,0,31,4,130
0,199.0,0.486887127161026,296.0,3.0,293.0,1284.0,268.8571428571426,11954.3330078125,31.46666717529297,4.849999904632568,15304.966796875,19.316667556762695,3.700000047683716,4.550000190734863,45.81666564941406,15536.0,2834.5142857142855,0.682285726070404,25.028451919555664,160.2,1426.7030029296875,2067.45703125,-0.33376190066337585,946.6857142857143,1,476,1,0,0,41,6,84
0,109.0,0.03762827813625336,296.0,3.0,293.0,8387.0,271.5306122448978,12006.3330078125,32.53333282470703,4.4666666984558105,14085.68359375,20.33333396911621,3.5999999046325684,4.599999904632568,45.150001525878906,18294.5,2994.285714285714,0.6950713992118835,25.113571166992188,160.37142857142857,1432.461181640625,2075.571533203125,-0.3950476348400116,953.4571428571429,0,476,1,0,0,21,16,45
0,129.0,0.0741163045167923,296.0,3.0,293.0,12889.0,275.93877551020387,12481.6669921875,31.950000762939453,3.1500000953674316,15710.7333984375,20.100000381469727,3.5999999046325684,4.583333492279053,44.849998474121094,15413.3330078125,3248.3714285714286,0.7060952186584473,25.214048385620117,156.8,1424.3572998046875,2081.771484375,-0.5735714435577393,956.7714285714286,2,476,1,0,0,21,10,49
0,185.0,0.2827822268009186,296.0,3.0,293.0,2154.0,296.8367346938773,,,,,20.366666793823242,,4.5,,,3485.6857142857143,0.7077857255935669,25.175119400024414,156.9142857142857,1420.5716552734375,2067.0,-0.7507857084274292,954.2857142857143,0,476,1,0,0,21,25,69
0,81.0,0.0,296.0,3.0,293.0,3298.0,297.4081632653059,16891.833984375,29.41666603088379,7.116666793823242,15781.81640625,20.366666793823242,4.800000190734863,4.599999904632568,44.41666793823242,40838.66796875,3500.457142857143,0.7076190710067749,25.215951919555664,153.22857142857143,1413.9061279296875,2080.314208984375,-0.7712857127189636,954.2285714285714,3,476,1,0,0,21,6,36
0,189.0,0.11630558967590332,296.0,3.0,293.0,2948.0,308.73469387755074,14452.3330078125,29.899999618530273,5.5,16205.18359375,21.483333587646484,5.099999904632568,4.5,46.233333587646484,39391.5,3568.3714285714286,0.6973333358764648,25.188213348388672,171.6,1435.557373046875,2020.199951171875,-0.9582619071006775,944.9714285714285,1,476,1,0,0,42,3,87
0,222.0,0.7651083469390869,296.0,3.0,293.0,1059.0,314.22448979591803,13132.0,25.25,5.550000190734863,14080.900390625,20.21666717529297,3.700000047683716,4.300000190734863,47.70000076293945,17860.0,3596.3714285714286,0.6826666593551636,24.987857818603516,171.94285714285715,1434.8092041015625,2001.7427978515625,-1.0486904382705688,938.5714285714286,0,476,1,0,1,31,28,109
0,109.0,0.6818699836730957,296.0,3.0,293.0,1174.0,318.0408163265304,12529.0,28.850000381469727,10.25,16262.033203125,25.149999618530273,5.199999809265137,4.400000095367432,47.400001525878906,22733.833984375,3622.7714285714287,0.6764047741889954,24.747024536132812,171.22857142857143,1430.9052734375,1995.4285888671875,-1.1777857542037964,932.2285714285714,0,476,1,0,1,31,16,54
0,391.0,0.7742303013801575,296.0,3.0,293.0,1117.0,321.8775510204079,15594.3330078125,25.016666412353516,4.433333396911621,15945.466796875,20.75,4.099999904632568,4.483333110809326,49.766666412353516,20148.333984375,3654.6285714285714,0.6857619285583496,24.848928451538086,175.4857142857143,1430.135498046875,2009.199951171875,-1.1309047937393188,938.9714285714285,0,476,1,0,1,11,2,198
0,115.06140309164434,0.0809578076004982,296.0,3.0,293.0,1432.0,321.8775510204079,11320.6669921875,24.41666603088379,3.816666603088379,16296.1669921875,21.78333282470703,4.400000095367432,4.683333396911621,51.03333282470703,17503.333984375,3663.9714285714285,0.6864523887634277,24.783809661865234,173.97142857142856,1430.9569091796875,2010.142822265625,-1.1054999828338623,937.4285714285714,1,476,1,0,0,21,7,53
0,231.0,0.7822120785713196,296.0,3.0,293.0,1383.0,321.7551020408161,14507.2216796875,24.46666717529297,3.4833333492279053,16224.9111328125,25.816667556762695,5.0,4.583333492279053,49.66666793823242,22505.443359375,3663.457142857143,0.6981428861618042,24.937023162841797,176.74285714285713,1434.35400390625,2012.17138671875,-1.0705714225769043,940.9428571428572,0,476,1,0,0,11,6,117
0,61.0,0.05017103627324104,296.0,3.0,293.0,2642.0,320.12244897959164,19372.0,25.866666793823242,2.6666667461395264,15291.099609375,20.016666412353516,3.700000047683716,4.800000190734863,49.81666564941406,17846.0,3657.114285714286,0.7200952172279358,25.148927688598633,174.62857142857143,1430.572021484375,2027.17138671875,-1.0318095684051514,946.3714285714286,1,476,1,0,0,21,5,23
0,380.0,0.11744584143161774,296.0,3.0,293.0,2282.0,318.9387755102038,15440.6669921875,26.850000381469727,6.599999904632568,17953.400390625,24.299999237060547,5.199999809265137,4.599999904632568,48.31666564941406,22973.666015625,3606.2,0.7093095183372498,24.886428833007812,180.6,1438.138427734375,2044.6285400390625,-0.8390952348709106,938.0,0,476,1,0,0,31,19,156
0,400.0,0.7229190468788147,296.0,3.0,293.0,1292.0,319.5306122448977,10244.6669921875,24.950000762939453,4.266666889190674,15279.81640625,19.299999237060547,4.0,4.599999904632568,51.58333206176758,17422.0,3588.885714285714,0.720714271068573,25.00261878967285,180.57142857142858,1437.9476318359375,2051.371337890625,-0.7694761753082275,942.4,0,476,1,0,0,21,13,155
0,179.0,0.9224629402160645,296.0,3.0,293.0,1103.0,320.7755102040814,13271.3330078125,22.549999237060547,4.233333110809326,14776.099609375,23.100000381469727,4.699999809265137,4.433333396911621,52.11666488647461,18966.333984375,3560.8,0.7340952157974243,25.25559425354004,183.4857142857143,1437.8592529296875,2050.800048828125,-0.7320714592933655,943.4,0,476,1,0,0,31,28,69
1,295.0,0.0,296.0,3.0,293.0,3477.0,320.26530612244875,12240.3330078125,25.049999237060547,2.7833333015441895,16329.966796875,21.933332443237305,3.799999952316284,4.699999809265137,44.483333587646484,18095.5,3568.885714285714,0.7617142796516418,25.48476219177246,180.68571428571428,1441.22998046875,2071.8857421875,-0.6067857146263123,955.8,3,476,1,0,0,41,5,129
0,280.0,0.5632839202880859,296.0,3.0,293.0,1247.0,320.2244897959181,13311.3330078125,25.433332443237305,3.7833333015441895,15117.2998046875,20.633333206176758,3.799999952316284,4.483333110809326,50.25,16620.333984375,3552.714285714286,0.7592856884002686,25.337261199951172,185.68571428571428,1446.4991455078125,2073.257080078125,-0.5273571610450745,951.2571428571429,0,476,1,0,0,31,8,142
0,181.0,0.05929304286837578,296.0,3.0,293.0,1665.0,317.48979591836707,11359.0,23.866666793823242,3.950000047683716,13725.216796875,19.049999237060547,3.200000047683716,4.583333492279053,51.20000076293945,14777.3330078125,3552.714285714286,0.7592856884002686,25.337261199951172,185.68571428571428,1446.4991455078125,2073.257080078125,-0.5273571610450745,951.2571428571429,1,476,1,0,0,41,6,86
1,342.0,0.0,296.0,3.0,293.0,2211.0,314.77551020408134,15436.5,28.566667556762695,1.850000023841858,15368.099609375,21.21666717529297,3.9000000953674316,4.599999904632568,45.016666412353516,18078.5,3568.942857142857,0.8038333654403687,25.635238647460938,184.97142857142856,1439.56103515625,2070.3427734375,-0.5585238337516785,960.1428571428571,1,476,1,0,0,41,13,138
1,218.0,0.0,296.0,3.0,293.0,4037.0,312.0612244897956,18958.666015625,30.516666412353516,3.700000047683716,16000.099609375,19.566667556762695,5.0,4.650000095367432,42.150001525878906,21003.0,3580.885714285714,0.8129761815071106,25.63511848449707,183.25714285714287,1440.35546875,2075.228515625,-0.5637381076812744,965.0285714285715,0,476,1,0,0,41,8,101
1,32.0,0.2964652180671692,296.0,3.0,293.0,1332.0,299.2653061224486,16686.166015625,23.766666412353516,3.883333444595337,16499.732421875,19.850000381469727,3.9000000953674316,4.683333396911621,45.150001525878906,18829.333984375,3396.5142857142855,0.8133571743965149,25.594642639160156,202.42857142857142,1455.73876953125,1984.17138671875,-0.44609522819519043,953.6,9,476,1,1,0,31,6,14
0,204.0,0.8084378838539124,296.0,3.0,293.0,1157.0,294.04081632653026,15809.0,24.549999237060547,4.449999809265137,15212.9501953125,18.899999618530273,3.299999952316284,4.400000095367432,51.11666488647461,16177.8330078125,3390.0857142857144,0.8044999837875366,25.352619171142578,200.94285714285715,1453.5704345703125,1977.6285400390625,-0.4249523878097534,952.9428571428572,1,476,1,1,0,41,8,92
0,119.0,0.6533637642860413,296.0,3.0,293.0,1259.0,282.97959183673447,13577.5,22.91666603088379,4.016666889190674,15107.2333984375,20.133333206176758,3.799999952316284,4.400000095367432,50.45000076293945,17552.166015625,3337.714285714286,0.8037142753601074,25.27666664123535,198.94285714285715,1449.8382568359375,1972.199951171875,-0.14335714280605316,952.4285714285714,0,476,1,1,0,41,12,44
1,275.0,0.05131128802895546,296.0,3.0,293.0,4037.0,278.5306122448977,15074.3330078125,22.0,3.433333396911621,16676.30078125,19.78333282470703,3.200000047683716,4.483333110809326,51.53333282470703,15242.6669921875,3164.542857142857,0.8585714101791382,25.843334197998047,211.37142857142857,1461.7401123046875,1932.6571044921875,0.03754761070013046,964.2,0,476,1,0,0,41,14,123
0,198.0,0.3101482391357422,296.0,3.0,293.0,11169.0,272.67346938775495,11668.5,23.366666793823242,4.349999904632568,13942.2998046875,20.600000381469727,3.799999952316284,4.583333492279053,46.53333282470703,17671.166015625,3124.1714285714284,0.8734762072563171,25.794166564941406,210.5142857142857,1469.3427734375,1936.6285400390625,0.22450000047683716,972.8,0,476,1,0,0,21,12,77
0,240.0,0.24173317849636078,296.0,3.0,293.0,6499.0,272.67346938775495,15561.5,23.233333587646484,4.25,14891.150390625,20.933332443237305,4.099999904632568,4.633333206176758,45.0,20275.0,3104.657142857143,0.8694285750389099,25.790952682495117,214.17142857142858,1467.3143310546875,1931.5714111328125,0.3154762089252472,966.0857142857143,0,476,1,0,0,21,5,93
0,272.0,0.2713797092437744,296.0,3.0,293.0,1604.0,270.7755102040815,17324.666015625,25.58333396911621,3.0166666507720947,16519.8828125,22.049999237060547,3.9000000953674316,4.683333396911621,45.66666793823242,19441.333984375,3046.542857142857,0.889380931854248,25.866666793823242,221.25714285714287,1467.554931640625,1906.5999755859375,0.3252142667770386,964.4857142857143,1,476,1,0,0,31,6,102
0,281.0,0.40935006737709045,296.0,3.0,293.0,1823.0,269.0612244897958,16893.333984375,29.200000762939453,3.7833333015441895,15824.2333984375,20.149999618530273,3.700000047683716,4.583333492279053,42.20000076293945,16925.333984375,3055.4,0.8848333358764648,25.87047576904297,221.57142857142858,1465.560546875,1910.4571533203125,0.4662381112575531,961.9714285714285,1,476,1,0,0,21,16,133
1,117.0,0.0,296.0,3.0,293.0,3026.0,268.8163265306121,12165.8330078125,23.683332443237305,2.5333333015441895,15564.6337890625,20.116666793823242,3.5,4.599999904632568,47.5,18146.0,3079.5714285714284,0.8904523849487305,25.965356826782227,218.34285714285716,1467.9920654296875,1930.2857666015625,0.5275475978851318,969.2571428571429,1,476,1,0,0,34,22,45
0,284.0,0.7708095908164978,296.0,3.0,293.0,4158.0,271.1836734693876,16818.666015625,28.066667556762695,7.599999904632568,20309.81640625,23.28333282470703,4.099999904632568,4.833333492279053,43.96666717529297,24981.5,3080.5142857142855,0.8945237994194031,25.968690872192383,218.71428571428572,1463.513427734375,1928.05712890625,0.4734285771846771,967.0285714285715,0,476,1,0,0,21,21,119
0,208.0,0.6294184923171997,296.0,3.0,293.0,1323.0,267.3673469387753,17801.666015625,27.766666412353516,1.850000023841858,15819.7001953125,20.46666717529297,3.5,4.449999809265137,47.56666564941406,14633.3330078125,3056.457142857143,0.9005476236343384,25.994524002075195,224.97142857142856,1468.838623046875,1919.3428955078125,0.41240474581718445,964.4,1,476,1,0,0,21,15,92
0,104.0,0.18129988014698029,296.0,3.0,293.0,1515.0,264.10204081632634,14058.5,25.433332443237305,3.25,14979.1669921875,20.08333396911621,3.9000000953674316,4.599999904632568,48.78333282470703,15435.5,3027.714285714286,0.9092381000518799,26.016666412353516,226.77142857142857,1467.5675048828125,1920.5142822265625,0.16269047558307648,964.1714285714286,2,476,1,0,0,21,8,42
0,225.0,0.38882553577423096,296.0,3.0,293.0,1389.0,263.1020408163264,15136.3330078125,21.21666717529297,2.5999999046325684,15329.1337890625,20.91666603088379,3.9000000953674316,4.383333206176758,49.93333435058594,14751.8330078125,2995.1714285714284,0.926880955696106,26.11190414428711,230.54285714285714,1471.7830810546875,1921.5428466796875,0.03152382746338844,967.3428571428572,1,476,1,0,0,31,14,85
1,253.0,0.04789053648710251,296.0,3.0,293.0,3121.0,259.2448979591835,12663.3330078125,22.183332443237305,2.5166666507720947,15659.93359375,20.266666412353516,3.9000000953674316,4.650000095367432,48.83333206176758,16635.666015625,2985.714285714286,0.9280475974082947,26.05261993408203,230.22857142857143,1470.951904296875,1928.4857177734375,-0.010952378623187542,967.4571428571429,1,476,1,0,0,41,13,125
0,211.0,0.8289623856544495,296.0,3.0,293.0,1075.0,259.4489795918365,13580.1669921875,27.566667556762695,5.266666889190674,15807.349609375,24.399999618530273,4.900000095367432,4.650000095367432,40.516666412353516,22332.833984375,2928.9714285714285,0.9080713987350464,25.596309661865234,233.77142857142857,1473.4866943359375,1935.857177734375,-0.23492856323719025,959.0285714285715,0,476,1,0,0,21,22,95
0,235.0,0.5416191816329956,296.0,3.0,293.0,1152.0,262.75510204081615,12645.6669921875,24.53333282470703,3.6666667461395264,14532.6669921875,19.066667556762695,3.799999952316284,4.583333492279053,46.483333587646484,17484.0,2909.542857142857,0.9424285888671875,26.055952072143555,233.0857142857143,1472.6451416015625,1921.7142333984375,-0.23395240306854248,971.0,1,476,1,0,0,31,14,89
0,166.0,0.042189281433820724,296.0,3.0,293.0,7962.0,255.81632653061206,12340.8330078125,23.33333396911621,3.866666555404663,14782.2998046875,20.46666717529297,3.799999952316284,4.683333396911621,49.16666793823242,16793.666015625,2900.114285714286,0.9368571639060974,25.8992862701416,230.25714285714287,1474.4808349609375,1940.7427978515625,-0.3459285795688629,973.1428571428571,0,476,1,0,0,21,13,62
0,156.0,0.11174458265304565,296.0,3.0,293.0,4145.0,251.93877551020393,15117.6669921875,22.200000762939453,3.1666667461395264,20402.783203125,23.600000381469727,4.5,4.483333110809326,52.150001525878906,20299.833984375,2852.5714285714284,0.9412381052970886,25.933452606201172,235.5142857142857,1478.328369140625,1903.17138671875,-0.35011905431747437,973.0571428571428,2,476,1,0,0,21,9,87
0,195.0,0.25427594780921936,296.0,3.0,293.0,2425.0,249.85714285714266,12367.3330078125,25.133333206176758,2.2833333015441895,15500.033203125,20.316667556762695,4.199999809265137,4.383333206176758,46.016666412353516,32514.833984375,2796.114285714286,0.9501904845237732,26.045000076293945,241.34285714285716,1484.97412109375,1876.6285400390625,-0.6833333373069763,971.4571428571429,1,476,1,0,0,31,2,80
1,189.0,0.27480044960975647,296.0,3.0,293.0,3014.0,249.97959183673456,12457.7783203125,23.627779006958008,2.183333396911621,14789.7724609375,19.02777671813965,4.233333587646484,4.338889122009277,51.233333587646484,14897.77734375,2784.457142857143,0.954714298248291,26.078332901000977,241.4,1480.27587890625,1858.857177734375,-0.6355714201927185,970.3142857142857,2,476,1,0,0,41,25,71
0,269.0,0.7126567959785461,296.0,3.0,293.0,1141.0,250.79591836734684,21480.9453125,25.538888931274414,4.527777671813965,16456.166015625,23.25555419921875,4.366666793823242,4.527777671813965,45.011112213134766,23220.611328125,2775.285714285714,0.9495238065719604,25.90226173400879,239.77142857142857,1477.1568603515625,1873.05712890625,-0.7062857151031494,969.1142857142858,0,476,1,0,0,21,8,118
0,188.0,0.24173317849636078,296.0,3.0,293.0,1704.0,244.42857142857136,13656.5,24.200000762939453,3.1500000953674316,15884.7001953125,21.733333587646484,4.0,4.699999809265137,48.31666564941406,20697.833984375,2744.1714285714284,0.9657618999481201,25.868690490722656,243.2,1487.28271484375,1905.085693359375,-1.045952320098877,977.7142857142857,0,476,1,0,0,41,9,70
0,305.0,0.7206385135650635,296.0,3.0,293.0,1129.0,241.83673469387747,13411.0,24.233333587646484,1.4666666984558105,15825.5,20.5,4.0,4.550000190734863,49.79999923706055,18933.5,2744.1714285714284,0.9657618999481201,25.868690490722656,243.2,1487.28271484375,1905.085693359375,-1.045952320098877,977.7142857142857,0,476,1,0,0,31,25,146
0,259.0,0.312428742647171,296.0,3.0,293.0,2552.0,241.0408163265305,15657.22265625,21.461111068725586,2.3999998569488525,17941.671875,22.58333396911621,4.866666793823242,4.583333492279053,47.5,22722.4453125,2711.342857142857,0.9993809461593628,26.067380905151367,247.2,1487.657958984375,1913.82861328125,-1.132761836051941,983.4857142857143,1,476,1,0,0,21,20,108
0,276.0,0.24743443727493286,296.0,3.0,293.0,1834.0,243.0204081632652,14459.8330078125,22.399999618530273,2.8499999046325684,15372.1337890625,19.71666717529297,4.300000190734863,4.583333492279053,50.766666412353516,19739.333984375,2700.942857142857,0.9945952296257019,25.990238189697266,247.34285714285716,1487.9107666015625,1926.17138671875,-1.1736904382705688,984.0857142857143,1,476,1,0,0,21,10,109
0,291.0,0.1687571257352829,296.0,3.0,293.0,1449.0,245.40816326530592,14151.3330078125,24.450000762939453,2.616666555404663,24941.666015625,24.66666603088379,5.599999904632568,4.683333396911621,48.25,27444.5,2684.2,1.0319762229919434,26.18797492980957,247.4,1490.95751953125,1964.7142333984375,-1.3573333024978638,996.8,1,476,1,0,0,21,18,114
0,295.0,0.2497149407863617,296.0,3.0,293.0,1664.0,245.85714285714266,16450.5,28.16666603088379,1.3333333730697632,21263.31640625,20.700000762939453,5.099999904632568,4.900000095367432,49.43333435058594,25175.666015625,2681.457142857143,1.0383332967758179,26.25535774230957,245.5142857142857,1491.4920654296875,1975.94287109375,-1.4092857837677002,1001.1714285714286,0,476,1,0,0,11,16,109
0,240.0,0.8266818523406982,296.0,3.0,293.0,12480.0,249.73469387755082,17541.666015625,31.577777862548828,3.3333332538604736,20738.244140625,24.188888549804688,5.199999809265137,4.816666603088379,44.06111145019531,28209.611328125,2676.3714285714286,1.0627143383026123,26.265953063964844,237.14285714285714,1491.0335693359375,2049.085693359375,-1.5110000371932983,1016.0571428571428,0,476,1,0,0,31,13,94
0,168.0,0.42189282178878784,296.0,3.0,293.0,5301.0,251.6326530612242,16680.0,30.149999618530273,1.0666667222976685,18469.19921875,22.41666603088379,4.099999904632568,4.866666793823242,47.86666488647461,22674.0,2702.342857142857,1.07361900806427,26.23476219177246,237.62857142857143,1496.175048828125,2077.771484375,-1.6965476274490356,1021.1428571428571,2,476,1,0,0,21,17,84
0,234.0,0.4002280533313751,296.0,3.0,293.0,1127.0,251.85714285714258,15520.3330078125,25.450000762939453,2.8333332538604736,19654.400390625,23.25,4.800000190734863,4.7833333015441895,47.5,25333.333984375,2678.457142857143,1.0702142715454102,26.2160701751709,242.54285714285714,1503.095703125,2084.54296875,-1.7207142114639282,1019.2285714285714,1,476,1,0,0,31,24,96
0,110.0,0.06613454967737198,296.0,3.0,293.0,2580.0,251.85714285714258,15209.0,28.16666603088379,1.9333332777023315,20515.44921875,22.5,4.099999904632568,4.816666603088379,49.20000076293945,24043.166015625,2713.657142857143,1.080976128578186,26.286428451538086,242.4,1505.94580078125,2092.371337890625,-1.886380910873413,1024.4571428571428,2,476,1,0,0,21,29,45
0,126.0,0.0034207524731755257,296.0,3.0,293.0,3531.0,249.77551020408137,18118.0,31.149999618530273,0.8166666626930237,20342.833984375,22.700000762939453,4.900000095367432,4.883333206176758,44.83333206176758,24862.333984375,2675.3142857142857,1.1016905307769775,26.41773796081543,238.25714285714287,1502.7965087890625,2129.8857421875,-1.825785756111145,1031.6,2,476,1,0,0,31,14,51
0,210.0,0.8734321594238281,296.0,3.0,293.0,1133.0,246.91836734693854,15725.0,26.0,2.450000047683716,17617.900390625,21.649999618530273,4.5,4.849999904632568,44.18333435058594,25994.166015625,2662.285714285714,1.1029285192489624,26.42595100402832,237.02857142857144,1508.883056640625,2150.45703125,-1.9110714197158813,1037.5714285714287,0,476,1,0,0,31,18,77
0,89.0,0.2519954442977905,267.0,4.0,293.0,2707.0,241.85714285714263,14285.1669921875,27.46666717529297,1.8833333253860474,18449.06640625,21.450000762939453,3.9000000953674316,4.633333206176758,52.0,21218.0,2622.2,1.1454523801803589,26.71369171142578,227.4857142857143,1508.502197265625,2189.199951171875,-1.9155714511871338,1059.6285714285714,1,476,1,0,0,31,14,33
0,71.0,0.0011402508243918419,267.0,4.0,293.0,3676.0,232.3877551020406,15453.7783203125,30.288888931274414,1.5666667222976685,20447.416015625,21.561111450195312,3.933333396911621,4.705555438995361,50.16666793823242,21107.056640625,2466.6,1.1641428470611572,26.79190444946289,235.85714285714286,1513.47021484375,2193.05712890625,-2.0427143573760986,1060.5428571428572,1,476,1,0,0,21,21,26
1,149.0,0.03306727483868599,267.0,4.0,293.0,3852.0,229.6938775510202,14115.0,31.683332443237305,2.633333444595337,20018.849609375,21.266666412353516,3.799999952316284,4.683333396911621,49.58333206176758,22020.0,2466.6,1.1641428470611572,26.79190444946289,235.85714285714286,1513.47021484375,2193.05712890625,-2.0427143573760986,1060.5428571428572,0,476,1,0,0,41,21,61
0,184.0,0.3728620409965515,267.0,4.0,293.0,3561.0,221.44897959183646,14925.0,25.383333206176758,1.8166667222976685,16057.1669921875,22.133333206176758,4.5,4.616666793823242,47.516666412353516,19371.0,2261.5142857142855,1.1852856874465942,26.758928298950195,253.2,1519.8360595703125,2171.05712890625,-2.016857147216797,1053.942857142857,0,476,1,0,0,24,21,77
0,177.75360011140847,0.37514254450798035,267.0,4.0,293.0,5607.0,218.22448979591817,13981.5,28.366666793823242,3.049999952316284,16757.44921875,22.08333396911621,4.5,4.666666507720947,49.11666488647461,20911.0,2220.657142857143,1.1920000314712524,26.744998931884766,250.25714285714287,1521.1783447265625,2187.742919921875,-2.055285692214966,1059.6285714285714,0,476,1,0,0,21,2,68
0,181.0,0.16419611871242523,267.0,4.0,293.0,2980.0,214.89795918367332,14286.0,26.899999618530273,4.366666793823242,18138.30078125,24.016666412353516,5.099999904632568,4.666666507720947,47.983333587646484,23493.0,2085.342857142857,1.2049047946929932,26.82023811340332,265.6857142857143,1514.865478515625,2153.628662109375,-2.4153809547424316,1042.857142857143,0,476,1,0,0,34,13,67
0,221.0,0.8574686646461487,267.0,4.0,293.0,1175.0,213.87755102040796,12595.6669921875,26.866666793823242,1.5499999523162842,18117.666015625,23.383333206176758,5.099999904632568,4.766666889190674,47.099998474121094,23950.666015625,2067.6857142857143,1.2216428518295288,26.810714721679688,269.77142857142854,1519.5216064453125,2161.54296875,-1.872071385383606,1051.057142857143,0,476,1,0,0,31,21,81
0,122.0,0.0011402508243918419,267.0,4.0,229.0,3979.0,208.08163265306115,13190.0,32.11666488647461,4.133333206176758,17497.150390625,23.566667556762695,4.699999809265137,4.733333110809326,41.983333587646484,22685.5,2136.9714285714285,1.259690523147583,26.935476303100586,266.0,1524.4898681640625,2165.371337890625,-2.446523904800415,1068.4,2,481,1,0,0,21,20,47
0,83.0,0.0672748014330864,267.0,4.0,229.0,8518.0,208.12244897959178,11571.5,29.816667556762695,0.9666666388511658,17720.716796875,22.066667556762695,4.0,4.633333206176758,47.900001525878906,23899.333984375,2153.342857142857,1.2746189832687378,27.020000457763672,265.57142857142856,1523.6322021484375,2164.8857421875,-2.494142770767212,1071.2285714285715,2,481,1,0,0,34,31,30
0,89.0,0.08665906637907028,267.0,4.0,293.0,16287.0,210.14285714285708,15522.8330078125,29.549999237060547,0.2666666805744171,18600.267578125,22.03333282470703,4.199999809265137,4.833333492279053,48.5,22338.333984375,2183.342857142857,1.2896904945373535,27.00261878967285,266.8285714285714,1527.8955078125,2173.628662109375,-2.4003095626831055,1078.9714285714285,1,476,1,0,0,21,18,31
0,173.0,0.5427594184875488,267.0,4.0,293.0,13371.0,214.2448979591836,12131.0,27.100000381469727,2.9944443702697754,17557.85546875,22.005556106567383,4.733333587646484,4.666666507720947,50.91111373901367,21950.111328125,2203.285714285714,1.2902778387069702,27.050039291381836,268.5904761904762,1523.5855712890625,2158.13330078125,-2.4163572788238525,1076.428571428571,1,476,1,0,0,21,30,61
1,,0.022805016487836838,267.0,4.0,293.0,18287.0,216.89795918367335,11835.3330078125,27.633333206176758,0.949999988079071,19076.466796875,22.149999618530273,4.099999904632568,4.683333396911621,51.41666793823242,21869.333984375,2242.8,1.298380970954895,27.13547706604004,274.45714285714286,1520.8125,2134.82861328125,-2.183500051498413,1073.5428571428572,1,476,1,0,0,42,5,
0,78.0,0.14595210552215576,267.0,4.0,293.0,18432.0,220.3265306122448,11774.5,27.399999618530273,0.5333333611488342,17190.216796875,21.25,4.0,4.633333206176758,51.63333511352539,19803.0,2241.9142857142856,1.3007619380950928,27.11726188659668,274.42857142857144,1520.9224853515625,2136.17138671875,-2.1471667289733887,1074.0857142857142,1,476,1,0,0,21,17,31
0,229.0,0.6202964782714844,267.0,4.0,293.0,9560.0,221.87755102040796,13076.3330078125,26.899999618530273,2.3499999046325684,17300.75,22.53333282470703,4.599999904632568,4.666666507720947,49.93333435058594,22608.666015625,2280.285714285714,1.3199999332427979,27.189762115478516,277.1714285714286,1525.3934326171875,2136.800048828125,-1.868333339691162,1078.2,0,476,1,0,0,31,17,99
0,277.0,0.2440136820077896,267.0,4.0,293.0,4851.0,226.8571428571427,12296.1669921875,29.399999618530273,1.6166666746139526,16507.56640625,22.016666412353516,4.5,4.633333206176758,45.733333587646484,20897.5,2280.714285714286,1.3074047565460205,27.09214210510254,280.48571428571427,1524.3043212890625,2122.6572265625,-1.6926904916763306,1073.2,2,476,1,0,0,31,7,131
0,184.0,0.2223489135503769,267.0,4.0,293.0,3035.0,226.7551020408161,11529.0,28.350000381469727,2.7333333492279053,15928.68359375,22.28333282470703,4.199999809265137,4.650000095367432,50.78333282470703,21188.333984375,2271.4285714285716,1.308309555053711,27.183095932006836,287.74285714285713,1526.0882568359375,2083.514404296875,-1.6277618408203125,1067.057142857143,0,476,1,0,0,21,12,74
1,145.0,0.0,267.0,4.0,293.0,6419.0,222.28571428571408,10340.0,25.61111068725586,1.1222221851348877,13749.794921875,21.238887786865234,4.199999809265137,4.633333206176758,50.872222900390625,29373.4453125,2205.6857142857143,1.305214285850525,27.18642807006836,295.8,1522.570556640625,2068.485595703125,-1.8008333444595337,1055.0,1,476,1,0,0,41,16,56
0,204.0,0.21208666265010834,267.0,4.0,293.0,9384.0,218.20408163265284,12376.6669921875,29.96666717529297,1.3333333730697632,17551.166015625,22.600000381469727,3.700000047683716,4.483333110809326,47.63333511352539,20596.0,2306.657142857143,1.2878094911575317,27.07476234436035,281.2857142857143,1521.4356689453125,2177.314208984375,-1.549047589302063,1067.7142857142858,1,476,1,0,0,21,14,76
0,,0.4310148358345032,267.0,4.0,293.0,12832.0,212.9591836734692,13485.0,30.41666603088379,2.2333333492279053,17793.099609375,21.683332443237305,4.800000190734863,4.683333396911621,42.766666412353516,22202.5,2313.8571428571427,1.2924286127090454,27.05023765563965,286.6,1527.416748046875,2193.857177734375,-1.5321904420852661,1067.0857142857142,1,476,1,0,0,21,17,
0,204.0,0.18700113892555237,267.0,4.0,293.0,19647.0,206.63265306122426,11244.5927734375,29.464815139770508,2.7037036418914795,18817.57421875,23.124073028564453,4.1888885498046875,4.650000095367432,45.546295166015625,21101.111328125,2322.342857142857,1.291690468788147,27.006427764892578,286.25714285714287,1526.7930908203125,2202.971435546875,-1.5119524002075195,1066.2571428571428,2,476,1,0,0,21,6,85
1,86.0,0.019384264945983887,267.0,4.0,293.0,28483.0,201.85714285714263,12769.5,26.0,2.3333332538604736,16468.349609375,22.41666603088379,4.800000190734863,4.583333492279053,46.0,34872.0,2279.1714285714284,1.2825714349746704,27.085357666015625,294.85714285714283,1526.4422607421875,2179.371337890625,-1.7155238389968872,1055.7428571428572,0,476,1,0,0,21,6,29
1,141.0,0.08209805935621262,267.0,4.0,293.0,32767.0,201.71428571428547,11402.0,26.25,1.4166666269302368,17310.099609375,21.516666412353516,4.599999904632568,4.800000190734863,50.13333511352539,19636.666015625,2350.0,1.29880952835083,27.093095779418945,290.0285714285714,1523.0029296875,2224.628662109375,-1.3655714988708496,1064.9714285714285,2,476,1,0,0,31,8,57
0,94.0,0.13797035813331604,267.0,4.0,293.0,25245.0,192.0408163265304,11940.0,28.96666717529297,1.1166666746139526,18411.0,23.03333282470703,4.400000095367432,4.883333206176758,46.83333206176758,21799.333984375,2393.5142857142855,1.3013094663619995,27.077499389648438,287.6857142857143,1521.080078125,2243.199951171875,-1.2597142457962036,1066.6857142857143,1,476,1,0,0,21,10,32
0,107.0,0.0,267.0,4.0,293.0,17237.0,187.3877551020407,12729.3330078125,28.799999237060547,1.2999999523162842,19389.75,23.450000762939453,4.599999904632568,4.900000095367432,44.599998474121094,23074.0,2423.1428571428573,1.2938095331192017,27.05392837524414,289.0285714285714,1524.5926513671875,2233.257080078125,-1.4843332767486572,1065.057142857143,2,476,1,0,0,24,16,37
0,127.0,0.29304447770118713,267.0,4.0,293.0,16614.0,184.53061224489784,13785.5556640625,28.766666412353516,1.6666666269302368,18867.234375,24.422222137451172,4.3333330154418945,4.75,42.594444274902344,24522.22265625,2513.3714285714286,1.280571460723877,26.91880989074707,281.7142857142857,1520.2025146484375,2252.28564453125,-1.2249047756195068,1067.6857142857143,0,476,1,0,0,21,16,42
0,140.0,0.149372860789299,267.0,4.0,293.0,10343.0,183.204081632653,11644.611328125,26.53333282470703,1.4500000476837158,19337.443359375,22.044445037841797,4.900000095367432,4.650000095367432,48.10555648803711,21524.388671875,2685.1428571428573,1.2520238161087036,26.822261810302734,278.8,1526.650146484375,2233.142822265625,-1.2215237617492676,1068.3428571428572,2,476,1,0,0,31,5,46
0,196.0,0.4184720516204834,267.0,4.0,293.0,3588.0,182.5510204081632,12107.6669921875,30.566667556762695,1.0166666507720947,18381.166015625,25.316667556762695,5.400000095367432,4.433333396911621,36.016666412353516,23532.5,2880.942857142857,1.2130951881408691,26.600357055664062,277.0285714285714,1542.80712890625,2216.685791015625,-1.3664523363113403,1068.1714285714286,1,481,1,0,0,31,21,66
1,103.0,0.0,267.0,4.0,229.0,5576.0,183.36734693877537,11530.5,29.983333587646484,1.2999999523162842,19372.19921875,23.700000762939453,4.699999809265137,4.633333206176758,35.93333435058594,23616.5,3028.057142857143,1.2067619562149048,26.460237503051758,264.0857142857143,1528.5323486328125,2239.914306640625,-0.9694523811340332,1073.8285714285714,2,481,1,0,0,34,16,34
0,105.0,0.34891676902770996,267.0,4.0,229.0,9932.0,182.67346938775495,10823.6669921875,30.183332443237305,1.2999999523162842,16549.349609375,23.616666793823242,4.599999904632568,4.449999809265137,33.5,22162.833984375,3105.4285714285716,1.1980476379394531,26.450475692749023,258.74285714285713,1524.9407958984375,2247.3427734375,-1.0968571901321411,1075.057142857143,0,481,1,0,0,11,12,34
0,134.0,0.10034207254648209,267.0,4.0,229.0,8874.0,179.38775510204073,13814.3330078125,30.383333206176758,1.4666666984558105,20148.216796875,25.100000381469727,4.699999809265137,4.849999904632568,33.41666793823242,25334.333984375,3109.714285714286,1.1598095893859863,26.05071449279785,258.42857142857144,1529.9864501953125,2249.3427734375,-1.236142873764038,1068.3714285714286,3,481,1,0,0,21,13,43
0,96.0,0.3158494830131531,267.0,4.0,229.0,5388.0,180.9795918367346,13031.1669921875,30.03333282470703,2.2333333492279053,25240.166015625,28.133333206176758,5.900000095367432,5.0,29.816667556762695,29312.333984375,3146.114285714286,1.1495475769042969,26.02488136291504,262.34285714285716,1537.3153076171875,2238.857177734375,-1.1578571796417236,1065.5142857142857,6,481,1,0,0,11,3,31
0,100.0,0.09806157648563385,267.0,4.0,229.0,11966.0,182.3061224489794,13481.1669921875,29.58333396911621,1.4333332777023315,19995.3828125,25.516666412353516,5.400000095367432,4.599999904632568,32.099998474121094,26635.666015625,3177.4,1.1467143297195435,26.11452293395996,261.22857142857146,1536.8995361328125,2242.1142578125,-1.013785719871521,1066.0285714285715,2,481,1,0,0,31,13,32
0,140.0,0.4652223587036133,267.0,4.0,229.0,11557.0,187.2653061224488,13032.0,28.866666793823242,1.7000000476837158,20623.25,28.049999237060547,6.0,4.550000190734863,30.266666412353516,27166.0,3256.3142857142857,1.1579285860061646,26.36190414428711,255.77142857142857,1534.1993408203125,2242.82861328125,-0.7671428918838501,1071.3714285714286,3,481,1,0,0,21,5,48
0,107.0,0.6670467257499695,267.0,4.0,229.0,3757.0,187.34693877551004,14076.6669921875,29.116666793823242,3.2166666984558105,20387.916015625,28.100000381469727,5.699999809265137,4.699999809265137,30.433332443237305,29882.333984375,3317.714285714286,1.1363571882247925,26.253332138061523,258.48571428571427,1548.3568115234375,2229.8857421875,-0.5647380948066711,1070.6857142857143,2,481,1,0,0,21,1,37
0,161.0,0.29532498121261597,267.0,4.0,283.0,3674.0,183.26530612244878,15535.0,28.933332443237305,3.1666667461395264,18962.43359375,24.049999237060547,6.300000190734863,4.900000095367432,35.983333587646484,29228.666015625,3295.114285714286,1.1368571519851685,26.3511905670166,256.51428571428573,1535.5989990234375,2240.428466796875,-0.5448333024978638,1066.2857142857142,0,481,1,0,0,31,8,58
0,51.0,0.0057012541219592094,267.0,4.0,283.0,4667.0,186.877551020408,15138.8330078125,28.633333206176758,1.25,20182.599609375,24.516666412353516,5.900000095367432,5.099999904632568,31.933332443237305,26013.333984375,3300.342857142857,1.1296905279159546,26.2502384185791,251.42857142857142,1532.9700927734375,2271.685791015625,-0.3806428611278534,1067.5142857142857,1,507,1,0,0,31,12,21
0,69.43621500438503,0.0,267.0,4.0,283.0,5845.0,189.87755102040802,14204.0,26.25,1.850000023841858,17708.5,21.950000762939453,5.0,4.883333206176758,42.78333282470703,24198.0,3326.0285714285715,1.1574047803878784,26.447261810302734,248.94285714285715,1530.3310546875,2291.485595703125,-0.22985713183879852,1077.2857142857142,1,507,1,0,0,21,11,28
0,124.0,0.009122006595134735,267.0,4.0,283.0,3423.0,187.99999999999983,14641.5,27.183332443237305,2.566666603088379,15272.5,23.149999618530273,5.0,4.883333206176758,40.03333282470703,24711.72265625,3347.1428571428573,1.156928539276123,26.448572158813477,245.54285714285714,1525.845458984375,2298.571533203125,-0.26021426916122437,1077.4285714285713,4,481,1,0,0,34,14,51
0,67.0,0.4481185972690582,267.0,4.0,229.0,1158.0,186.55102040816308,15082.5,26.266666412353516,2.2666666507720947,18711.033203125,23.28333282470703,5.5,4.650000095367432,34.41666793823242,25942.333984375,3315.2571428571428,1.1138333082199097,26.264404296875,249.97142857142856,1539.9532470703125,2259.45703125,-0.2726190686225891,1069.0,1,481,1,0,0,34,12,23
0,123.0,0.21322691440582275,267.0,4.0,229.0,2016.0,185.8571428571427,15609.3330078125,26.799999237060547,1.899999976158142,20203.43359375,23.049999237060547,5.400000095367432,4.75,35.599998474121094,27741.666015625,3331.6857142857143,1.087666630744934,26.197261810302734,252.31428571428572,1555.9722900390625,2249.54296875,-0.2514761686325073,1068.6571428571428,1,481,1,0,0,21,5,43
0,147.0,0.8893956542015076,267.0,4.0,229.0,1157.0,185.02040816326524,16213.8330078125,27.75,3.066666603088379,18485.43359375,24.0,5.300000190734863,4.800000190734863,32.88333511352539,27430.833984375,3298.5714285714284,1.062428593635559,26.09083366394043,249.45714285714286,1570.0738525390625,2224.60009765625,-0.39188095927238464,1072.2571428571428,1,481,1,0,0,21,11,62
0,189.0,0.9566704630851746,267.0,4.0,229.0,1049.0,187.22448979591823,18092.666015625,25.066667556762695,3.6500000953674316,21844.8828125,27.0,6.199999809265137,4.75,28.133333206176758,34706.33203125,3289.2,1.0607857704162598,26.123096466064453,251.22857142857143,1579.4683837890625,2213.485595703125,-0.48073810338974,1075.5428571428572,0,481,1,1,0,21,7,80
0,44.0,0.6613454818725586,267.0,4.0,229.0,2587.0,183.32653061224474,15071.3330078125,22.28333282470703,2.4000000953674316,19409.310546875,23.927778244018555,5.933333396911621,4.75,37.54999923706055,27577.5546875,3261.5714285714284,1.0434523820877075,26.020952224731445,247.02857142857144,1582.96044921875,2187.742919921875,-0.510857105255127,1073.6285714285714,2,481,1,1,0,31,29,17
0,140.0,0.46294185519218445,267.0,4.0,229.0,2446.0,182.08163265306106,19844.666015625,24.633333206176758,2.366666555404663,18516.1328125,24.71666717529297,6.5,4.75,36.61666488647461,29093.666015625,3263.4285714285716,1.0506190061569214,26.217737197875977,247.68571428571428,1581.081787109375,2161.05712890625,-0.4381190538406372,1075.3142857142857,0,481,1,1,0,21,35,53
1,36.0,0.3295325040817261,267.0,4.0,229.0,1257.0,180.57142857142844,15566.3330078125,26.5,5.233333110809326,19834.533203125,25.08333396911621,6.400000095367432,4.75,39.86666488647461,26064.333984375,3237.8285714285716,1.0528333187103271,26.34988021850586,249.77142857142857,1589.437744140625,2136.428466796875,-0.3360000252723694,1078.8285714285714,2,481,1,1,0,31,6,12
0,39.0,0.011402508243918419,267.0,4.0,229.0,2161.0,177.85714285714272,16063.3330078125,23.75,3.4833333492279053,18418.232421875,30.866666793823242,6.800000190734863,4.949999809265137,48.91666793823242,32667.666015625,2974.9142857142856,1.0321190357208252,26.203332901000977,266.34285714285716,1575.5889892578125,2080.05712890625,-0.24830952286720276,1049.8,3,481,1,0,0,41,5,
0,88.2399535597409,0.3363740146160126,267.0,4.0,229.0,1191.0,177.2040816326529,14211.8330078125,26.21666717529297,4.4666666984558105,16810.966796875,22.816667556762695,6.099999904632568,4.833333492279053,39.66666793823242,23886.5,2857.1428571428573,1.0339761972427368,26.184999465942383,269.51428571428573,1568.6241455078125,2071.571533203125,-0.3462381064891815,1043.057142857143,3,481,1,0,0,21,15,37
0,,0.060433294624090195,267.0,4.0,229.0,2147.0,177.16326530612227,12728.0,25.049999237060547,4.233333110809326,14881.6162109375,23.566667556762695,5.699999809265137,4.849999904632568,42.70000076293945,21881.0,2840.9714285714285,1.0286428928375244,26.26785659790039,275.65714285714284,1578.155029296875,2041.82861328125,-0.37716665863990784,1041.3428571428572,2,481,1,0,0,24,1,
0,202.0,0.557582676410675,267.0,4.0,229.0,4312.0,177.08163265306106,10828.3330078125,24.649999618530273,1.7333333492279053,15660.4833984375,23.21666717529297,5.599999904632568,4.849999904632568,43.38333511352539,21563.666015625,2798.6857142857143,1.0304999351501465,26.235713958740234,279.77142857142854,1567.9295654296875,2033.3428955078125,-0.39345240592956543,1031.4571428571428,3,481,1,0,0,21,18,64
0,,0.0809578076004982,267.0,4.0,229.0,5471.0,175.81632653061206,11929.6669921875,24.46666717529297,2.383333444595337,15079.033203125,23.983333587646484,5.5,5.066666603088379,48.63333511352539,23298.333984375,2758.1428571428573,1.0470000505447388,26.408571243286133,284.45714285714286,1558.3232421875,2027.82861328125,-0.3640238046646118,1026.9142857142858,3,481,1,0,0,31,10,
0,70.0,0.0741163045167923,267.0,4.0,229.0,6052.0,173.9387755102039,13483.6669921875,23.383333206176758,3.433333396911621,16148.81640625,23.899999618530273,5.900000095367432,5.25,50.61666488647461,21982.5,2731.6285714285714,1.0527619123458862,26.523691177368164,289.62857142857143,1561.6043701171875,2015.0,-0.337714284658432,1025.3142857142857,2,481,1,0,0,24,20,22
0,,0.0,267.0,4.0,229.0,9867.0,171.44897959183655,12271.0,25.566667556762695,4.400000095367432,15907.2333984375,23.133333206176758,5.5,5.183333396911621,45.93333435058594,23504.666015625,2659.8571428571427,1.0214285850524902,26.398452758789062,298.77142857142854,1580.17529296875,1981.2572021484375,-0.318142831325531,1017.3142857142857,3,481,1,0,0,34,6,
0,25.0,0.02166476659476757,267.0,4.0,229.0,3108.0,165.5714285714284,12698.0,24.183332443237305,3.3499999046325684,15781.9833984375,24.016666412353516,6.0,5.050000190734863,48.25,23340.166015625,2643.9142857142856,1.0142381191253662,26.421308517456055,307.6,1600.49462890625,1950.5714111328125,-0.33126190304756165,1018.5428571428571,5,481,1,0,0,34,5,9
1,161.0,0.0,267.0,4.0,229.0,6543.0,164.06122448979576,11986.3330078125,27.5,1.7166666984558105,15409.1669921875,25.266666412353516,5.800000190734863,4.599999904632568,47.18333435058594,23101.666015625,2618.1714285714284,1.0189762115478516,26.461904525756836,303.2,1585.557861328125,1943.17138671875,-0.335999995470047,1017.1428571428571,2,481,1,0,0,34,18,56
1,82.0,0.0,267.0,4.0,229.0,11011.0,163.63265306122432,12106.3330078125,24.700000762939453,3.9666666984558105,15318.43359375,25.08333396911621,6.099999904632568,4.983333110809326,48.66666793823242,22584.5,2516.5142857142855,1.007523775100708,26.416309356689453,312.6857142857143,1599.011474609375,1911.199951171875,-0.3248095214366913,1012.7714285714286,2,481,1,0,0,41,2,28
1,199.92381283843042,0.0,267.0,4.0,229.0,6465.0,160.877551020408,13918.0,28.549999237060547,6.050000190734863,16100.6337890625,25.83333396911621,6.0,4.75,43.5,21322.333984375,2477.0857142857144,0.9950476288795471,26.364524841308594,318.77142857142854,1612.48779296875,1888.2857666015625,-0.3250238001346588,1011.8571428571429,0,481,1,0,0,41,29,75
1,126.0,0.0,267.0,4.0,229.0,11956.0,158.877551020408,13932.3330078125,22.433332443237305,4.0,16686.7890625,21.77777862548828,5.5,4.849999904632568,52.2611083984375,21176.5546875,2521.6857142857143,0.9960238337516785,26.386428833007812,312.37142857142857,1595.891357421875,1898.5999755859375,-0.36202380061149597,1009.5714285714286,2,481,1,0,0,42,14,42
0,94.0,0.7377423048019409,267.0,4.0,229.0,4691.0,158.7959183673468,12553.8330078125,23.811111450195312,2.2944445610046387,15125.7392578125,21.155555725097656,5.666666507720947,4.683333396911621,54.866668701171875,20299.333984375,2492.0285714285715,0.9964285492897034,26.347856521606445,315.22857142857146,1594.023681640625,1881.8857421875,-0.3738333284854889,1005.6,5,518,1,0,0,21,10,31
0,133.0,0.352337509393692,267.0,4.0,229.0,8132.0,156.9387755102039,13391.1669921875,20.700000762939453,3.133333444595337,15909.0498046875,21.200000762939453,5.400000095367432,4.699999809265137,51.56666564941406,20144.166015625,2454.2,0.9827380776405334,26.25583267211914,316.48571428571427,1591.02197265625,1867.199951171875,-0.41288095712661743,1001.8285714285714,6,481,1,0,0,11,12,47
0,140.0,0.33523374795913696,267.0,4.0,229.0,4336.0,157.8979591836733,13424.5,24.399999618530273,3.5166666507720947,17836.8828125,24.46666717529297,6.599999904632568,4.800000190734863,49.58333206176758,26974.333984375,2438.1428571428573,0.9817857146263123,26.23214340209961,318.0857142857143,1579.4962158203125,1864.6285400390625,-0.4251904785633087,995.8857142857142,7,481,1,0,0,21,9,46
0,150.0,0.07867731153964996,267.0,4.0,229.0,7264.0,152.71428571428555,13634.0,22.850000381469727,3.549999952316284,16940.68359375,21.75,6.099999904632568,4.75,51.5,23351.333984375,2427.6857142857143,0.970714271068573,26.109046936035156,316.77142857142854,1573.342041015625,1863.8857421875,-0.43457144498825073,991.8,5,518,1,0,0,21,10,52
0,94.0,0.0,267.0,4.0,229.0,13293.0,153.5510204081631,14943.0,20.350000381469727,2.316666603088379,17112.3671875,21.58333396911621,6.300000190734863,5.0,54.599998474121094,21912.666015625,2403.5714285714284,1.0081905126571655,26.540834426879883,323.1714285714286,1567.5303955078125,1849.0,-0.48633331060409546,992.7142857142857,7,481,1,0,0,34,4,36
0,72.0,0.0,267.0,4.0,229.0,10360.0,150.59183673469374,12717.0,24.0,2.0333333015441895,14823.6669921875,21.0,5.199999809265137,4.900000095367432,54.13333511352539,20928.0,2351.0,1.0294047594070435,26.749643325805664,328.77142857142854,1568.4267578125,1835.05712890625,-0.4834047555923462,991.6571428571428,4,481,1,0,0,24,11,26
1,110.0,0.0,267.0,4.0,260.0,15501.0,149.85714285714272,12381.6669921875,26.616666793823242,5.166666507720947,17144.599609375,23.383333206176758,5.900000095367432,4.800000190734863,49.45000076293945,23467.0,2337.0857142857144,1.028499960899353,26.803571701049805,333.45714285714286,1572.844482421875,1817.085693359375,-0.510619044303894,989.5142857142857,2,518,1,0,0,34,13,38
0,111.0,0.23831242322921753,267.0,4.0,260.0,7895.0,148.34693877551013,11828.6669921875,23.316667556762695,3.616666555404663,14614.099609375,24.266666412353516,5.900000095367432,4.699999809265137,55.516666412353516,21007.333984375,2348.2285714285713,0.9953809380531311,26.60131072998047,331.45714285714286,1576.8389892578125,1807.4285888671875,-0.5379999876022339,984.7714285714286,4,518,1,0,0,21,15,47
0,108.0,0.24629418551921844,267.0,4.0,229.0,7026.0,146.32653061224485,10708.5,20.700000762939453,2.7166666984558105,14326.150390625,21.83333396911621,5.599999904632568,4.800000190734863,57.45000076293945,21523.0,2379.542857142857,0.994690477848053,26.575952529907227,330.85714285714283,1577.738037109375,1804.4571533203125,-0.5588809251785278,985.3714285714286,3,481,1,0,0,31,19,38
0,89.0,0.006841504946351051,267.0,4.0,229.0,6689.0,145.08163265306115,12512.6669921875,24.049999237060547,1.7166666984558105,16677.966796875,21.66666603088379,5.400000095367432,4.800000190734863,54.86666488647461,24367.0,2384.3714285714286,0.9935714602470398,26.62071418762207,325.62857142857143,1571.4654541015625,1803.2572021484375,-0.5969047546386719,986.4,1,518,1,0,0,41,5,37
0,,0.07525655627250671,267.0,4.0,229.0,7734.0,143.45833333333326,10893.0556640625,22.86111068725586,4.605555534362793,15088.4169921875,24.350000381469727,6.566666603088379,4.766666412353516,46.53333282470703,23680.5546875,2437.342857142857,0.9794285893440247,26.578214645385742,329.0,1585.7279052734375,1784.4000244140625,-0.5912857055664062,987.5714285714286,4,481,1,0,0,34,3,
1,15.0,0.0057012541219592094,267.0,4.0,229.0,6472.0,141.590909090909,10635.0,26.16666603088379,2.883333444595337,17217.982421875,22.41666603088379,5.599999904632568,4.800000190734863,49.83333206176758,22800.833984375,2418.342857142857,0.9623809456825256,26.514999389648438,328.1714285714286,1590.869384765625,1775.028564453125,-0.6036428809165955,985.0285714285715,3,518,1,0,0,42,7,5
1,369.0,0.4139110743999481,296.0,3.0,313.0,1456.0,297.21428571428544,19493.833984375,24.766666412353516,3.566666603088379,17925.06640625,21.66666603088379,4.199999809265137,4.800000190734863,29.96666717529297,19007.833984375,2074.3142857142857,0.7618571519851685,25.0674991607666,111.02857142857142,1400.825439453125,1835.7427978515625,0.17526189982891083,978.8285714285714,0,505,1,0,1,21,20,192
0,243.0,0.9555302262306213,296.0,3.0,313.0,1032.0,290.4897959183671,19045.166015625,28.350000381469727,1.2999999523162842,14926.0,22.683332443237305,4.099999904632568,5.099999904632568,31.28333282470703,15326.1669921875,2474.8,0.7324761748313904,24.938690185546875,120.17142857142858,1402.9761962890625,1788.2857666015625,0.34323808550834656,967.2571428571429,0,505,1,0,1,21,5,124
0,139.0,0.298745721578598,296.0,3.0,313.0,1972.0,292.26530612244875,14140.0,31.100000381469727,2.8333332538604736,15294.7998046875,20.78333282470703,4.099999904632568,4.699999809265137,32.16666793823242,15366.0,2842.8571428571427,0.7202380895614624,25.04035758972168,123.45714285714286,1392.916748046875,1768.2857666015625,0.5954285860061646,960.4571428571429,0,505,1,0,0,31,18,51
0,230.0,0.17331813275814056,296.0,3.0,313.0,1736.0,292.26530612244875,11802.3330078125,32.599998474121094,2.799999952316284,15030.7666015625,19.950000762939453,3.700000047683716,4.849999904632568,28.799999237060547,15078.0,2867.2571428571428,0.7142857313156128,25.034286499023438,122.54285714285714,1389.612060546875,1783.971435546875,0.5878809094429016,958.1714285714286,0,505,1,0,0,31,35,95
0,196.0,0.2713797092437744,296.0,3.0,313.0,1274.0,292.7755102040814,13451.6669921875,31.600000381469727,3.4666666984558105,15998.7333984375,21.16666603088379,3.5999999046325684,4.550000190734863,29.733333587646484,15553.6669921875,2918.5142857142855,0.7055714130401611,24.964405059814453,122.6,1381.8863525390625,1785.4857177734375,0.6208809614181519,952.7714285714286,4,505,1,0,0,31,3,90
0,325.0,0.9692132472991943,296.0,3.0,313.0,1038.0,297.85714285714255,10621.0,28.366666793823242,8.316666603088379,15381.2333984375,21.450000762939453,3.5,4.900000095367432,27.58333396911621,15599.0,2963.8,0.6976428627967834,24.884761810302734,123.0,1395.2864990234375,1782.2572021484375,0.6260476112365723,959.6571428571428,0,505,1,0,0,42,24,163
0,234.0,0.48460662364959717,296.0,3.0,313.0,1130.0,296.081632653061,10628.0,31.866666793823242,6.233333110809326,16255.18359375,21.850000381469727,3.4000000953674316,4.849999904632568,30.433332443237305,15450.3330078125,2975.5714285714284,0.7026190757751465,24.972261428833008,124.34285714285714,1392.8057861328125,1771.4285888671875,0.6392857432365417,959.4857142857143,0,505,1,0,0,42,5,117
0,188.0,0.9144811630249023,296.0,3.0,313.0,1071.0,296.081632653061,9973.9443359375,32.22222137451172,5.144444465637207,15057.2392578125,20.766666412353516,3.5999999046325684,4.849999904632568,31.700000762939453,14800.27734375,2960.714285714286,0.6990476250648499,24.946548461914062,124.17142857142858,1393.89013671875,1769.5428466796875,0.6385238766670227,959.0857142857143,0,505,1,0,0,31,10,94
0,352.0,0.8939566612243652,296.0,3.0,313.0,1058.0,288.5918367346937,11787.166015625,28.21666717529297,6.105555534362793,16427.72265625,22.649999618530273,4.199999809265137,5.116666793823242,36.116668701171875,16162.5,2922.6666666666665,0.7010714411735535,24.958572387695312,122.72380952380952,1392.3231201171875,1763.952392578125,0.630230188369751,960.9904761904761,0,505,1,0,0,42,21,176
0,175.0,0.8278221487998962,296.0,3.0,313.0,1074.0,284.2857142857141,10300.6669921875,25.766666412353516,4.199999809265137,16181.8662109375,20.549999237060547,3.799999952316284,4.849999904632568,36.25,13699.0,2885.1428571428573,0.6990237832069397,25.066904067993164,119.31428571428572,1384.03955078125,1771.5999755859375,0.6231428384780884,961.2857142857143,1,505,1,0,0,42,23,66
0,190.0,0.5849486589431763,296.0,3.0,313.0,1116.0,279.8571428571426,9877.8330078125,29.21666717529297,4.800000190734863,15963.216796875,21.100000381469727,4.0,4.75,32.29999923706055,13869.5,2854.0285714285715,0.6907857060432434,25.09881019592285,115.02857142857142,1385.0166015625,1774.6285400390625,0.5907142758369446,965.8285714285714,1,505,1,0,0,21,6,70
0,213.0,0.9133409261703491,296.0,3.0,313.0,1038.0,275.28571428571416,10021.1669921875,27.433332443237305,4.566666603088379,15367.43359375,21.58333396911621,4.099999904632568,4.75,31.58333396911621,14913.0,2827.885714285714,0.6823333501815796,25.04059600830078,113.34285714285714,1383.1502685546875,1764.2857666015625,0.5851190686225891,964.4571428571429,2,505,1,0,0,41,7,105
0,60.0,0.758266806602478,296.0,3.0,313.0,1053.0,272.1428571428569,11048.8330078125,24.399999618530273,3.0,16412.533203125,20.600000381469727,3.9000000953674316,4.766666889190674,27.383333206176758,14734.8330078125,2762.0857142857144,0.6918095350265503,25.163570404052734,113.4,1381.9215087890625,1742.4000244140625,0.5545952320098877,969.4,2,505,1,0,1,42,2,29
0,313.0,0.6362599730491638,296.0,3.0,313.0,1292.0,271.59183673469363,10215.1669921875,27.21666717529297,6.083333492279053,15950.2333984375,20.733333587646484,3.700000047683716,5.0,31.33333396911621,15055.8330078125,2708.0,0.6843809485435486,25.192380905151367,108.94285714285714,1379.490966796875,1732.4857177734375,0.5166428685188293,972.0,1,505,1,0,0,21,15,152
0,164.0,0.25313568115234375,296.0,3.0,313.0,1606.0,272.3673469387753,11352.3330078125,26.733333587646484,3.633333444595337,18604.533203125,21.600000381469727,3.9000000953674316,4.800000190734863,31.16666603088379,16969.666015625,2652.7714285714287,0.6931904554367065,25.2165470123291,102.28571428571429,1369.6793212890625,1713.2572021484375,0.460523784160614,975.0571428571428,1,505,1,0,0,41,4,67
0,223.0,0.04332953318953514,296.0,3.0,313.0,1678.0,269.51020408163254,12160.3330078125,25.183332443237305,5.400000095367432,18648.666015625,22.21666717529297,4.300000190734863,4.900000095367432,30.91666603088379,18971.333984375,2611.8,0.6926904916763306,25.276905059814453,103.74285714285715,1374.330078125,1693.4571533203125,0.45023807883262634,977.0,1,505,1,0,0,41,9,80
0,201.0,0.530216634273529,296.0,3.0,302.0,2754.0,265.06122448979573,14023.611328125,31.133333206176758,5.433333396911621,19721.62109375,22.788888931274414,3.9666666984558105,4.933333396911621,28.122222900390625,22568.5,2538.4857142857145,0.7072857022285461,25.390119552612305,97.74285714285715,1372.619873046875,1676.4571533203125,0.34190475940704346,987.4,2,469,1,0,0,31,6,73
1,219.0,0.1151653379201889,296.0,3.0,302.0,13494.0,254.22448979591812,12327.3330078125,29.366666793823242,5.333333492279053,19823.583984375,21.21666717529297,3.9000000953674316,4.7833333015441895,23.983333587646484,23907.0,2616.9142857142856,0.7063809633255005,25.49892807006836,90.74285714285715,1384.092041015625,1660.800048828125,0.15559524297714233,1002.7428571428571,0,469,1,0,0,41,24,82
0,237.0,0.48346635699272156,296.0,3.0,313.0,10387.0,254.22448979591812,14674.6669921875,26.183332443237305,10.133333206176758,17907.083984375,21.96666717529297,4.0,4.883333206176758,31.46666717529297,23406.5,2595.9714285714285,0.710095226764679,25.461904525756836,93.8,1379.9014892578125,1661.800048828125,0.23750001192092896,999.1142857142858,6,505,1,0,0,31,5,108
0,224.0,0.0,296.0,3.0,313.0,8707.0,247.9591836734692,20354.0,29.28333282470703,5.566666603088379,21367.099609375,23.133333206176758,4.699999809265137,4.983333110809326,36.266666412353516,23682.0,2725.657142857143,0.7190952301025391,25.48107147216797,86.68571428571428,1384.6746826171875,1694.228515625,0.07873810082674026,1012.5142857142857,10,505,1,0,0,21,33,84
0,229.0,0.0011402508243918419,296.0,3.0,302.0,9682.0,243.27083333333306,16097.0,27.350000381469727,8.266666412353516,21584.55078125,22.366666793823242,4.199999809265137,4.900000095367432,34.81666564941406,22589.0,2712.0,0.7248571515083313,25.536785125732422,93.57142857142857,1387.3035888671875,1678.3714599609375,0.09676189720630646,1009.2285714285714,1,469,1,0,0,21,7,82
0,146.0,0.2098061591386795,296.0,3.0,302.0,11813.0,236.63043478260843,17165.333984375,28.21666717529297,4.516666889190674,21555.3671875,24.200000762939453,4.099999904632568,4.883333206176758,27.866666793823242,22878.666015625,2731.7428571428572,0.7316190600395203,25.604881286621094,95.42857142857143,1390.1214599609375,1696.6856689453125,0.15454761683940887,1012.8285714285714,6,469,1,0,0,31,25,63
0,148.0,0.0,296.0,3.0,302.0,11203.0,240.25531914893594,14376.111328125,30.605554580688477,4.900000095367432,18790.76171875,21.516666412353516,4.166666507720947,4.800000190734863,28.255556106567383,19441.0,2772.8,0.7426190376281738,25.725238800048828,100.14285714285714,1388.2568359375,1720.0,0.1437142789363861,1010.5142857142857,7,469,1,0,0,34,6,69
0,267.0,0.03306727483868599,296.0,3.0,302.0,15564.0,232.59523809523782,11800.6669921875,28.066667556762695,6.816666603088379,18964.267578125,21.983333587646484,3.9000000953674316,4.900000095367432,25.700000762939453,20283.0,2862.6857142857143,0.7485238313674927,25.73642921447754,107.25714285714285,1379.114013671875,1731.5142822265625,0.23609520494937897,1000.0571428571428,0,469,1,0,0,31,2,116
0,205.0,0.26567843556404114,296.0,3.0,313.0,3032.0,242.35555555555524,11979.0,28.71666717529297,6.25,18263.75,20.649999618530273,3.5999999046325684,4.800000190734863,26.733333587646484,18644.5,3010.542857142857,0.7638333439826965,25.887975692749023,113.82857142857142,1379.560302734375,1765.7142333984375,0.22285713255405426,999.6571428571428,2,505,1,0,0,31,10,72
0,212.0,0.07069555670022964,296.0,3.0,313.0,5413.0,239.6388888888887,11560.0,29.983333587646484,4.383333206176758,17816.30078125,19.816667556762695,3.9000000953674316,4.666666507720947,21.350000381469727,17113.666015625,3140.0,0.7785714268684387,26.02595329284668,119.88571428571429,1386.6810302734375,1779.2857666015625,0.28545236587524414,1002.4,1,505,1,0,0,21,4,75
0,187.0,0.6602052450180054,296.0,3.0,313.0,12499.0,244.894736842105,11410.5,30.75,4.099999904632568,18823.783203125,21.600000381469727,3.799999952316284,4.650000095367432,27.350000381469727,17656.5,3238.657142857143,0.7825238108634949,25.97702407836914,120.51428571428572,1376.1429443359375,1809.6571044921875,0.3191666603088379,995.6285714285714,2,505,1,0,0,31,4,67
0,74.0,0.11174458265304565,296.0,3.0,313.0,21757.0,246.21212121212105,12376.0,28.950000762939453,5.583333492279053,17565.80078125,21.883333206176758,3.9000000953674316,4.550000190734863,27.08333396911621,19100.0,3345.4285714285716,0.7920714616775513,26.016071319580078,125.02857142857142,1382.1923828125,1822.2857666015625,0.3681190311908722,997.6571428571428,3,469,1,0,0,21,7,26
0,168.0,0.2508551776409149,296.0,3.0,293.0,6896.0,252.40476190476173,11032.7958984375,31.049999237060547,8.179630279541016,18411.529296875,20.94259262084961,3.933333396911621,4.433333396911621,38.470367431640625,16404.203125,3745.2,0.8681666851043701,26.571666717529297,148.2,1387.481689453125,1795.028564453125,0.5032142996788025,1002.5142857142857,1,476,1,0,0,31,7,60
0,207.0,0.08893956989049911,296.0,3.0,293.0,5510.0,252.40476190476173,11756.1669921875,28.700000762939453,10.733333587646484,21846.3671875,22.316667556762695,4.199999809265137,4.483333110809326,40.53333282470703,18232.166015625,3745.2,0.8681666851043701,26.571666717529297,148.2,1387.481689453125,1795.028564453125,0.5032142996788025,1002.5142857142857,0,476,1,0,0,31,12,73
0,163.0,0.10262257605791092,296.0,3.0,293.0,1668.0,257.9183673469386,11153.8330078125,34.516666412353516,5.800000190734863,17145.0,20.83333396911621,3.5999999046325684,4.349999904632568,43.11666488647461,17839.333984375,3796.7714285714287,0.848380982875824,26.443809509277344,147.74285714285713,1378.9931640625,1791.800048828125,0.5448571443557739,992.4857142857143,0,476,1,0,0,31,1,58
0,206.0,0.36830103397369385,296.0,3.0,293.0,6529.0,274.7346938775509,10800.3330078125,33.71666717529297,5.733333110809326,15825.0498046875,19.883333206176758,3.5,4.400000095367432,50.04999923706055,17296.5,3811.657142857143,0.8464761972427368,26.426904678344727,140.05714285714285,1380.87646484375,1818.800048828125,0.4957857131958008,1001.4,2,476,1,0,0,31,4,74
0,245.0,0.020524514839053154,296.0,3.0,293.0,10256.0,275.9591836734693,13417.3330078125,38.349998474121094,8.383333206176758,17501.43359375,20.266666412353516,3.799999952316284,4.383333206176758,47.88333511352539,16647.666015625,3821.457142857143,0.8521904945373535,26.47678565979004,139.71428571428572,1385.71875,1829.4000244140625,0.49597617983818054,1007.3142857142857,1,476,1,0,0,42,1,124
0,167.0,0.2702394425868988,296.0,3.0,293.0,3151.0,285.18367346938766,21920.0,31.41666603088379,7.699999809265137,16627.0,20.866666793823242,4.0,4.183333396911621,44.16666793823242,24504.0,3790.0857142857144,0.8338333368301392,26.393095016479492,138.4,1385.4002685546875,1838.3428955078125,0.47809523344039917,1002.5142857142857,2,476,1,0,0,31,12,61
0,114.0,0.32041049003601074,296.0,3.0,293.0,5128.0,295.08163265306115,11843.0,35.11666488647461,10.699999809265137,15245.966796875,20.733333587646484,3.5999999046325684,4.25,51.099998474121094,16855.0,3774.1428571428573,0.8173571228981018,26.230953216552734,138.0,1388.5377197265625,1852.199951171875,0.47490477561950684,1000.2571428571429,2,476,1,0,0,31,8,49
0,143.0,0.44925883412361145,296.0,3.0,293.0,1167.0,303.0612244897958,12473.6669921875,37.18333435058594,6.083333492279053,26589.033203125,24.16666603088379,3.9000000953674316,4.25,41.68333435058594,22955.0,3752.1428571428573,0.8008333444595337,26.17392921447754,138.65714285714284,1388.817138671875,1860.5142822265625,0.5038095116615295,995.0285714285715,3,476,1,0,0,42,9,54
0,162.0,0.10604333132505417,296.0,3.0,293.0,4070.0,305.5714285714285,10732.3330078125,32.71666717529297,6.566666603088379,15181.8330078125,20.316667556762695,3.5999999046325684,4.25,52.08333206176758,14293.6669921875,3666.1714285714284,0.7969762086868286,26.237024307250977,141.31428571428572,1397.802734375,1902.4857177734375,0.47414281964302063,995.8,3,476,1,0,0,31,3,58
0,182.0,0.09578107297420502,296.0,3.0,293.0,5456.0,296.1020408163265,13899.0,38.11666488647461,8.216666221618652,15921.599609375,21.16666603088379,3.9000000953674316,4.25,44.13333511352539,16621.666015625,3569.8,0.791619062423706,26.1103572845459,135.77142857142857,1393.881591796875,1950.8857421875,0.4157381057739258,996.9428571428572,1,476,1,0,0,21,7,78
0,195.0,0.3169897496700287,296.0,3.0,293.0,6086.0,301.3265306122447,18980.333984375,37.86666488647461,11.300000190734863,18078.833984375,21.983333587646484,5.099999904632568,4.433333396911621,46.58333206176758,21151.0,3527.114285714286,0.7872142791748047,26.16499900817871,136.17142857142858,1389.8121337890625,1958.971435546875,0.3659761846065521,992.4571428571429,1,476,1,0,0,21,2,86
0,197.0,0.2155074179172516,296.0,3.0,293.0,13238.0,287.65306122448976,12875.3330078125,35.150001525878906,7.0,17319.8671875,20.983333587646484,4.0,4.25,42.25,17331.333984375,3406.942857142857,0.7849047780036926,26.077499389648438,134.94285714285715,1393.3795166015625,1998.05712890625,0.3881666660308838,996.2571428571429,1,476,1,0,0,21,2,87
0,119.0,0.0034207524731755257,296.0,3.0,293.0,15236.0,277.9591836734692,13597.3330078125,38.31666564941406,4.016666889190674,17489.599609375,20.75,3.9000000953674316,4.400000095367432,43.18333435058594,19288.666015625,3346.0,0.7735000252723694,25.959047317504883,132.65714285714284,1399.2698974609375,2036.94287109375,0.3369285762310028,995.8285714285714,2,476,1,0,0,21,10,42
0,65.0,0.014823260717093945,296.0,3.0,293.0,23994.0,268.46938775510193,12134.0,37.766666412353516,3.8499999046325684,15309.8662109375,20.03333282470703,3.5,4.199999809265137,40.650001525878906,15707.0,3242.342857142857,0.7691428661346436,25.912857055664062,135.45714285714286,1395.23193359375,2050.742919921875,0.3641904592514038,991.6,1,476,1,0,0,21,14,23
0,89.0,0.4583808481693268,296.0,3.0,293.0,27171.0,260.61224489795904,12832.3330078125,40.43333435058594,4.516666889190674,17063.966796875,20.58333396911621,3.700000047683716,4.183333396911621,40.96666717529297,16744.5,3198.6857142857143,0.7613809704780579,25.831785202026367,131.8,1400.858642578125,2089.94287109375,0.32545238733291626,994.7428571428571,0,476,1,0,0,21,16,33
0,,0.0741163045167923,296.0,3.0,293.0,19881.0,256.1632653061223,26643.556640625,35.39259338378906,4.488888740539551,28837.345703125,30.287036895751953,6.700000286102295,4.598148345947266,30.80555534362793,46143.92578125,3137.0666666666666,0.7694841027259827,25.94559669494629,131.37142857142857,1404.5650634765625,2125.381103515625,0.3101825416088104,999.5619047619048,1,476,1,0,0,31,13,
0,84.0,0.10262257605791092,296.0,3.0,293.0,13968.0,253.99999999999986,13350.3330078125,35.099998474121094,3.366666555404663,20658.666015625,20.933332443237305,3.9000000953674316,4.349999904632568,44.733333587646484,22020.0,3088.885714285714,0.7648333311080933,25.934165954589844,134.54285714285714,1409.5977783203125,2119.94287109375,0.29609522223472595,995.9428571428572,1,476,1,0,0,21,7,36
0,154.0,0.19042189419269562,296.0,3.0,293.0,11643.0,256.0204081632653,15384.3330078125,37.099998474121094,5.75,19961.166015625,24.933332443237305,4.400000095367432,4.2833333015441895,40.95000076293945,21573.666015625,3005.0857142857144,0.7409523725509644,25.765119552612305,136.54285714285714,1406.4324951171875,2121.085693359375,0.19985714554786682,984.9428571428572,1,476,1,0,0,21,9,63
0,83.0,0.034207526594400406,296.0,3.0,293.0,12063.0,253.14285714285703,13500.0,34.66666793823242,4.116666793823242,16185.150390625,20.91666603088379,3.799999952316284,4.300000190734863,42.650001525878906,16958.833984375,2869.8571428571427,0.7080952525138855,25.41797637939453,142.25714285714287,1406.21923828125,2102.485595703125,0.15778569877147675,969.6285714285714,0,476,1,0,0,21,17,37
0,106.0,0.4104903042316437,296.0,3.0,293.0,8147.0,251.69387755102025,11675.6669921875,29.91666603088379,5.366666793823242,15494.599609375,19.71666717529297,3.5999999046325684,4.5333333015441895,49.04999923706055,17127.0,2820.885714285714,0.7141904830932617,25.498809814453125,143.31428571428572,1408.0177001953125,2108.1142578125,0.10695237666368484,970.3714285714286,1,476,1,0,0,41,3,46
0,105.0,0.4173318147659302,296.0,3.0,293.0,14119.0,246.89795918367338,13880.0,27.21666717529297,8.133333206176758,15619.9501953125,21.91666603088379,3.9000000953674316,4.550000190734863,49.41666793823242,20383.0,2787.5714285714284,0.7110952138900757,25.46583366394043,145.65714285714284,1413.7103271484375,2090.628662109375,0.07788092643022537,970.6,3,476,1,0,0,31,5,39
0,82.0,0.216647669672966,296.0,3.0,293.0,17994.0,249.10204081632637,11322.0,30.46666717529297,6.800000190734863,16907.349609375,25.066667556762695,5.5,4.683333396911621,45.88333511352539,20545.0,2763.3142857142857,0.7159047722816467,25.52511978149414,150.9142857142857,1414.5806884765625,2066.371337890625,0.051547639071941376,966.7428571428571,2,476,1,0,0,31,17,29
0,220.0,0.932725191116333,296.0,3.0,293.0,11553.0,250.081632653061,17706.5,32.5,4.0,14106.7001953125,20.683332443237305,5.400000095367432,4.400000095367432,43.849998474121094,19773.5,2732.8571428571427,0.7163809537887573,25.576904296875,153.0857142857143,1415.7286376953125,2053.228515625,0.03002379834651947,965.2,1,476,1,0,0,41,16,79
0,210.0,0.5233751535415649,296.0,3.0,293.0,4899.0,249.44897959183655,14636.6669921875,26.483333587646484,6.349999904632568,14506.18359375,21.850000381469727,5.300000190734863,4.5,47.04999923706055,21080.333984375,2702.9714285714285,0.7166428565979004,25.573213577270508,154.6,1417.775634765625,2040.1142578125,0.004357140511274338,965.6857142857143,1,476,1,0,0,41,13,76
0,213.0,0.0809578076004982,296.0,3.0,293.0,11232.0,249.75510204081613,12328.5,27.683332443237305,4.666666507720947,14184.56640625,19.66666603088379,3.5999999046325684,4.699999809265137,46.08333206176758,19463.166015625,2670.6857142857143,0.7089285850524902,25.33035659790039,154.02857142857144,1422.3206787109375,2039.82861328125,-0.04771427437663078,964.0571428571428,4,476,1,0,0,31,12,88
0,205.0,0.4675028622150421,296.0,3.0,293.0,15234.0,250.9591836734692,13097.0,24.78333282470703,4.400000095367432,14732.0830078125,20.149999618530273,3.200000047683716,4.599999904632568,47.483333587646484,18494.0,2652.885714285714,0.7115952372550964,25.39583396911621,155.97142857142856,1418.3731689453125,2029.142822265625,-0.047333333641290665,960.9428571428572,1,476,1,0,0,31,13,76
0,184.0,0.0,296.0,3.0,293.0,4029.0,256.3061224489794,15189.0,26.016666412353516,4.933333396911621,14073.2998046875,20.0,3.799999952316284,4.599999904632568,47.86666488647461,16841.0,2619.3142857142857,0.7028809785842896,25.327499389648438,152.54285714285714,1420.19384765625,2041.8857421875,-0.13473810255527496,962.6,1,476,1,0,0,21,14,86
0,255.0,0.21094641089439392,296.0,3.0,293.0,6743.0,266.5714285714283,13526.6669921875,31.58333396911621,5.183333396911621,16016.533203125,22.58333396911621,5.5,4.5,44.06666564941406,18254.0,2634.9142857142856,0.6837142705917358,25.039880752563477,154.94285714285715,1418.6280517578125,2039.17138671875,-0.15621429681777954,948.9714285714285,1,476,1,0,0,21,29,117
0,,0.0022805016487836838,296.0,3.0,293.0,6921.0,256.87755102040796,12494.0,30.616666793823242,6.066666603088379,15442.4833984375,20.683332443237305,4.300000190734863,4.650000095367432,43.150001525878906,19030.166015625,2589.0857142857144,0.6881428360939026,25.080476760864258,155.77142857142857,1421.1290283203125,2025.17138671875,-0.16261905431747437,952.2,0,476,1,0,0,31,16,
0,88.0,0.0,296.0,3.0,293.0,2484.0,264.081632653061,12169.3330078125,32.0,7.5,16400.400390625,21.08333396911621,4.5,4.699999809265137,42.900001525878906,17960.666015625,2611.0,0.6860238313674927,25.082380294799805,155.28571428571428,1425.1363525390625,2051.314208984375,-0.22483332455158234,953.7714285714286,0,476,1,0,0,31,21,33
0,137.0,0.0,296.0,3.0,293.0,3875.0,259.95918367346917,11352.0,32.349998474121094,2.2666666507720947,15948.4833984375,20.616666793823242,3.5,4.650000095367432,47.04999923706055,15685.1669921875,2679.942857142857,0.6972143054008484,25.128690719604492,157.4,1425.4351806640625,2056.485595703125,-0.2476428747177124,955.3142857142857,3,476,1,0,0,41,15,65
0,115.0,0.0,296.0,3.0,293.0,5121.0,264.816326530612,12765.0,32.349998474121094,4.5333333015441895,14963.8330078125,21.816667556762695,4.099999904632568,4.5,45.46666717529297,17375.0,2795.0,0.687666654586792,25.040475845336914,161.37142857142857,1428.258056640625,2058.371337890625,-0.29109522700309753,948.7142857142857,0,476,1,0,0,31,13,53
0,155.0,0.10490307956933975,296.0,3.0,293.0,11016.0,271.5306122448978,12361.333984375,32.983333587646484,3.7444443702697754,14362.5439453125,19.822221755981445,3.4666666984558105,4.599999904632568,45.38888931274414,15410.388671875,2970.6,0.6957380771636963,25.07559585571289,159.25714285714287,1425.507568359375,2067.228515625,-0.30580952763557434,950.8285714285714,2,476,1,0,0,21,16,76
0,172.0,0.15279361605644226,296.0,3.0,293.0,18589.0,275.1428571428569,11998.3330078125,30.299999237060547,3.366666555404663,15986.900390625,19.616666793823242,3.700000047683716,4.683333396911621,44.31666564941406,17647.5,3205.9142857142856,0.7053333520889282,25.194286346435547,160.4857142857143,1432.1925048828125,2065.228515625,-0.4288095235824585,957.5714285714286,2,476,1,0,0,31,7,79
0,113.0,0.08209805935621262,296.0,3.0,293.0,10006.0,286.16326530612224,12521.111328125,33.622222900390625,4.6777777671813965,15983.2666015625,20.505556106567383,4.300000190734863,4.661110877990723,43.7611083984375,18426.443359375,3303.057142857143,0.7040714621543884,25.1733341217041,161.0,1435.6224365234375,2066.371337890625,-0.5688095092773438,957.5428571428571,0,476,1,0,0,21,17,44
0,176.0,0.4937286078929901,296.0,3.0,293.0,9409.0,295.28571428571405,11190.6669921875,33.56666564941406,7.4666666984558105,16356.400390625,22.600000381469727,4.300000190734863,4.599999904632568,42.96666717529297,20135.333984375,3462.5142857142855,0.7075476050376892,25.165000915527344,162.31428571428572,1431.177978515625,2045.085693359375,-0.6764761805534363,954.5428571428571,0,476,1,0,0,21,13,68
0,290.0,0.29304447770118713,296.0,3.0,293.0,1695.0,311.46938775510176,14646.5,20.366666793823242,7.400000095367432,18040.349609375,22.08333396911621,3.5999999046325684,4.5,52.91666793823242,20670.833984375,3598.114285714286,0.6938571333885193,25.12309455871582,168.94285714285715,1430.5814208984375,2001.8857421875,-0.9635952115058899,944.0,0,476,1,0,0,31,10,111
0,315.0,0.611174464225769,296.0,3.0,293.0,1154.0,311.46938775510176,14892.0,18.899999618530273,6.766666889190674,15597.283203125,22.316667556762695,3.5,4.400000095367432,50.56666564941406,17549.5,3601.5142857142855,0.6941190361976624,25.057857513427734,168.42857142857142,1431.7969970703125,2004.5714111328125,-0.9587380886077881,944.4571428571429,0,476,1,0,0,21,12,143
0,204.0,0.9429874420166016,296.0,3.0,293.0,1097.0,318.0408163265304,12428.0,27.616666793823242,7.800000190734863,18014.93359375,24.616666793823242,4.800000190734863,4.433333396911621,46.78333282470703,22550.666015625,3621.3714285714286,0.6845714449882507,24.900714874267578,172.74285714285713,1431.2962646484375,1988.771484375,-1.1922380924224854,936.0857142857143,0,476,1,0,1,11,23,102
0,156.0,0.8380843997001648,296.0,3.0,293.0,1069.0,321.8979591836732,11360.3330078125,28.91666603088379,3.066666603088379,15935.966796875,23.53333282470703,4.800000190734863,4.383333206176758,44.349998474121094,21960.0,3626.6285714285714,0.6858333349227905,24.905832290649414,173.28571428571428,1430.1343994140625,1993.199951171875,-1.2026190757751465,936.3142857142857,0,476,1,0,1,11,20,78
0,421.0,0.4481185972690582,296.0,3.0,293.0,1490.0,316.75510204081604,11885.22265625,28.188888549804688,4.727777481079102,17863.888671875,22.738889694213867,4.699999809265137,4.483333110809326,46.905555725097656,18494.666015625,3657.114285714286,0.673547625541687,24.51226234436035,170.65714285714284,1427.6707763671875,2007.4000244140625,-1.1556190252304077,933.8857142857142,0,476,1,0,1,31,13,213
0,400.0,0.473204106092453,296.0,3.0,293.0,1361.0,317.9999999999997,10493.3330078125,26.299999237060547,4.416666507720947,15867.5,24.16666603088379,4.800000190734863,4.7833333015441895,49.983333587646484,19678.333984375,3662.542857142857,0.6888571381568909,24.620237350463867,171.0857142857143,1431.37353515625,2012.6856689453125,-1.1514761447906494,940.1428571428571,1,476,1,0,0,21,11,161
1,367.0,0.006841504946351051,296.0,3.0,293.0,1638.0,320.12244897959164,13195.1669921875,24.46666717529297,3.799999952316284,15106.349609375,19.899999618530273,3.700000047683716,4.633333206176758,50.20000076293945,16571.5,3634.285714285714,0.7034047842025757,24.874286651611328,176.42857142857142,1430.9794921875,2013.4000244140625,-1.066428542137146,937.8,3,476,1,0,0,42,16,180
0,262.0,0.866590678691864,296.0,3.0,293.0,1038.0,319.30612244897935,14505.8330078125,25.799999237060547,4.583333492279053,14058.0498046875,22.183332443237305,4.300000190734863,4.583333492279053,49.45000076293945,23535.5,3612.714285714286,0.7069047689437866,24.960832595825195,179.54285714285714,1436.1370849609375,2010.0,-1.0783333778381348,939.6,0,476,1,0,0,11,11,133
0,221.0,0.6636260151863098,296.0,3.0,293.0,1490.0,315.1836734693876,14148.0,28.016666412353516,5.800000190734863,15438.849609375,21.483333587646484,5.199999809265137,4.5333333015441895,48.81666564941406,22627.166015625,3603.542857142857,0.7091190218925476,24.890714645385742,177.94285714285715,1432.22265625,2027.82861328125,-0.9506666660308838,938.5428571428571,0,476,1,0,0,21,11,84
0,230.0,0.5997719764709473,296.0,3.0,293.0,2862.0,315.1836734693876,14777.3330078125,27.766666412353516,11.266666412353516,18352.43359375,25.116666793823242,5.300000190734863,4.449999809265137,49.016666412353516,23136.166015625,3605.285714285714,0.7000238299369812,24.593809127807617,176.05714285714285,1434.1181640625,2037.028564453125,-0.9117142558097839,935.9714285714285,0,476,1,0,0,21,17,88
0,211.0,0.8905358910560608,296.0,3.0,293.0,1141.0,317.12244897959164,14704.4443359375,22.933332443237305,4.599999904632568,13631.6337890625,19.899999618530273,3.566666603088379,4.488888740539551,50.08333206176758,18531.388671875,3570.885714285714,0.7262380719184875,25.08416748046875,180.9142857142857,1433.69189453125,2038.05712890625,-0.8071190714836121,941.5142857142857,0,476,1,0,0,41,8,101
1,309.0,0.0,296.0,3.0,293.0,2200.0,320.26530612244875,12810.6669921875,25.58333396911621,3.4000000953674316,13063.3837890625,20.350000381469727,3.299999952316284,4.650000095367432,49.75,18417.666015625,3564.942857142857,0.758571445941925,25.382261276245117,183.4,1443.1668701171875,2062.628662109375,-0.5835000276565552,953.0857142857143,2,476,1,0,0,21,7,122
0,280.0,0.3979475498199463,296.0,3.0,293.0,1112.0,319.67346938775484,11706.6669921875,21.2277774810791,5.0,18068.0390625,20.105554580688477,3.866666793823242,4.616666793823242,50.4555549621582,19080.27734375,3564.942857142857,0.758571445941925,25.382261276245117,183.4,1443.1668701171875,2062.628662109375,-0.5835000276565552,953.0857142857143,1,476,1,0,0,31,14,108
0,166.0,0.06157354637980461,296.0,3.0,293.0,3295.0,314.75510204081615,15444.1669921875,26.28333282470703,2.7833333015441895,14087.93359375,20.116666793823242,3.700000047683716,4.75,46.71666717529297,17986.5,3568.1714285714284,0.7933095097541809,25.612262725830078,185.25714285714287,1440.7781982421875,2064.571533203125,-0.552642822265625,957.4285714285714,0,476,1,0,0,41,15,74
0,254.0,0.6488027572631836,296.0,3.0,293.0,1335.0,312.22448979591815,16007.6669921875,25.383333206176758,3.4000000953674316,13555.1337890625,19.41666603088379,3.299999952316284,4.483333110809326,46.849998474121094,14491.6669921875,3572.2285714285713,0.7851190567016602,25.454404830932617,191.62857142857143,1444.9739990234375,2036.914306640625,-0.5515952110290527,953.5142857142857,1,476,1,0,0,31,9,95
1,167.0,0.0,296.0,3.0,293.0,5482.0,312.0612244897956,18671.333984375,31.049999237060547,5.616666793823242,19395.033203125,21.266666412353516,5.099999904632568,4.699999809265137,43.36666488647461,20822.0,3618.4285714285716,0.8061904907226562,25.61880874633789,177.37142857142857,1428.7694091796875,2084.228515625,-0.5668571591377258,964.1428571428571,1,476,1,0,0,31,13,70
0,144.84505556551142,0.7742303013801575,296.0,3.0,293.0,1028.0,289.2040816326528,12562.8330078125,25.08333396911621,3.883333444595337,17482.5,25.566667556762695,5.300000190734863,4.483333110809326,44.16666793823242,24574.5,3392.2571428571428,0.7983333468437195,25.245119094848633,201.25714285714287,1456.7852783203125,1972.5142822265625,-0.4044285714626312,952.2,0,476,1,1,0,11,18,68
1,95.0,0.7354618310928345,296.0,3.0,293.0,1234.0,281.1020408163264,14680.8330078125,23.53333282470703,3.0,13634.06640625,19.41666603088379,3.5999999046325684,4.449999809265137,44.150001525878906,15324.3330078125,3253.1428571428573,0.8343333601951599,25.564762115478516,208.17142857142858,1463.23779296875,1944.3428955078125,-0.12692856788635254,961.2,1,476,1,1,0,42,19,38
0,343.0,0.8107183575630188,296.0,3.0,293.0,1144.0,281.1020408163264,15161.0,25.649999618530273,4.25,14721.0,19.16666603088379,3.5,4.383333206176758,45.41666793823242,15514.0,3228.714285714286,0.822690486907959,25.286190032958984,208.71428571428572,1464.989990234375,1939.914306640625,-0.21478570997714996,955.6285714285714,1,476,1,1,0,31,20,158
0,236.0,0.36145952343940735,296.0,3.0,293.0,1468.0,278.5306122448977,16916.666015625,27.183332443237305,3.75,14794.599609375,18.66666603088379,3.5,4.5,44.349998474121094,16945.833984375,3172.342857142857,0.8482381105422974,25.722143173217773,212.8,1462.341796875,1926.199951171875,0.024357149377465248,960.6,2,476,1,1,0,31,18,105
0,213.13429543681087,0.3318130075931549,296.0,3.0,293.0,8817.0,276.69387755102025,15063.6669921875,24.116666793823242,5.9277777671813965,15277.6494140625,20.97222137451172,3.8999998569488525,4.583333492279053,49.411109924316406,16757.5,3133.285714285714,0.861214280128479,25.74095344543457,212.31428571428572,1463.7254638671875,1927.800048828125,0.12011905759572983,965.0285714285715,0,476,1,0,0,31,12,93
1,206.0,0.15393386781215668,296.0,3.0,293.0,8391.0,272.79591836734676,10906.6669921875,24.33333396911621,2.566666603088379,14871.1669921875,20.96666717529297,3.299999952316284,4.699999809265137,48.54999923706055,17570.333984375,3084.5714285714284,0.8587856888771057,25.47678565979004,212.65714285714284,1469.53369140625,1929.857177734375,0.1983095109462738,963.9714285714285,1,476,1,0,0,31,9,83
0,188.0,0.2690992057323456,296.0,3.0,293.0,4688.0,268.7142857142856,15154.5,26.316667556762695,6.400000095367432,15463.1337890625,22.200000762939453,4.199999809265137,4.550000190734863,43.75,18609.833984375,3071.457142857143,0.8569999933242798,25.246429443359375,212.25714285714287,1467.817138671875,1945.5428466796875,0.34549999237060547,962.6857142857143,0,476,1,0,0,21,19,70
0,216.0,0.3728620409965515,296.0,3.0,293.0,3668.0,268.7142857142856,16291.0,25.866666793823242,3.5166666507720947,15122.56640625,22.83333396911621,4.400000095367432,4.483333110809326,41.650001525878906,17920.666015625,3040.3714285714286,0.8537619113922119,25.246904373168945,217.28571428571428,1470.0736083984375,1931.3428955078125,0.3309047520160675,957.4285714285714,0,476,1,0,0,21,13,91
0,236.0,0.65108323097229,296.0,3.0,293.0,6549.0,268.20408163265296,15141.3330078125,24.200000762939453,10.399999618530273,21173.93359375,26.75,5.199999809265137,4.483333110809326,42.36666488647461,21427.666015625,3012.1714285714284,0.8950952291488647,25.80500030517578,225.74285714285713,1471.52197265625,1915.7142333984375,0.4026428461074829,964.8571428571429,0,476,1,0,0,21,2,93
1,264.0,0.6590650081634521,296.0,3.0,293.0,8408.0,268.4489795918366,12588.3330078125,24.899999618530273,7.183333396911621,14328.400390625,20.91666603088379,4.0,4.583333492279053,47.900001525878906,16621.333984375,3003.342857142857,0.9067381024360657,25.899999618530273,227.28571428571428,1477.07763671875,1927.085693359375,0.2632142901420593,969.2,1,476,1,0,0,31,14,99
0,294.0,0.3637400269508362,296.0,3.0,293.0,1285.0,267.3673469387753,15478.0,30.75,5.199999809265137,14737.0,21.549999237060547,4.199999809265137,4.633333206176758,38.20000076293945,18959.333984375,3015.942857142857,0.8942857384681702,25.728927612304688,228.62857142857143,1472.2034912109375,1926.3714599609375,0.24078571796417236,963.4857142857143,0,476,1,0,0,31,11,137
1,270.0,0.019384264945983887,296.0,3.0,293.0,1501.0,262.142857142857,14613.3330078125,26.66666603088379,3.933333396911621,16257.900390625,20.25,4.599999904632568,4.683333396911621,49.16666793823242,18184.0,2989.714285714286,0.899571418762207,25.78631019592285,230.28571428571428,1473.6722412109375,1927.771484375,0.12026190757751465,964.2,1,476,1,0,0,41,7,132
0,223.0,0.12428734451532364,296.0,3.0,293.0,3101.0,258.0204081632651,13294.3330078125,22.200000762939453,3.5333333015441895,14869.1162109375,23.133333206176758,4.400000095367432,4.5,49.36666488647461,16220.1669921875,2944.2571428571428,0.928928554058075,25.987262725830078,232.82857142857142,1479.7362060546875,1944.5999755859375,-0.26052382588386536,971.9428571428572,2,476,1,0,0,31,8,104
1,235.0,0.5153933763504028,296.0,3.0,293.0,3975.0,258.0204081632651,14659.3330078125,25.066667556762695,1.9500000476837158,13753.6669921875,20.233333587646484,4.0,4.5,50.11666488647461,16022.0,2946.885714285714,0.9286428689956665,26.018333435058594,234.0,1473.5584716796875,1933.3714599609375,-0.23554763197898865,967.0571428571428,0,476,1,0,0,31,2,100
0,197.0,0.5553021430969238,296.0,3.0,293.0,5577.0,259.4489795918365,12956.3330078125,25.78333282470703,10.75,16861.166015625,24.450000762939453,5.400000095367432,4.550000190734863,41.53333282470703,22180.666015625,2945.9142857142856,0.9085476398468018,25.55988121032715,228.85714285714286,1467.9873046875,1951.857177734375,-0.3531428575515747,959.8857142857142,0,476,1,0,0,21,24,79
0,175.0,0.5062713623046875,296.0,3.0,293.0,1216.0,258.7755102040814,13652.6669921875,23.766666412353516,1.7666666507720947,15338.033203125,18.75,3.9000000953674316,4.683333396911621,47.63333511352539,17704.333984375,2888.0857142857144,0.9297618865966797,25.84857177734375,234.94285714285715,1474.270263671875,1936.3714599609375,-0.41747617721557617,967.6285714285714,2,476,1,0,0,21,5,67
1,118.0,0.0,296.0,3.0,293.0,7990.0,254.81632653061203,11703.6669921875,26.483333587646484,2.316666603088379,15620.099609375,20.25,3.799999952316284,4.683333396911621,50.78333282470703,18801.0,2863.6285714285714,0.957880973815918,26.01702308654785,229.85714285714286,1483.883056640625,1961.3714599609375,-0.6711904406547546,984.8285714285714,0,476,1,0,0,31,25,44
1,173.0,0.0011402508243918419,296.0,3.0,293.0,5559.0,251.7346938775508,11810.8330078125,27.100000381469727,1.5166666507720947,17849.716796875,19.883333206176758,3.9000000953674316,4.683333396911621,50.483333587646484,17072.166015625,2863.6285714285714,0.957880973815918,26.01702308654785,229.85714285714286,1483.883056640625,1961.3714599609375,-0.6711904406547546,984.8285714285714,0,476,1,0,0,31,22,65
1,201.0,0.42759406566619873,296.0,3.0,293.0,3341.0,249.85714285714266,13992.1669921875,22.299999237060547,2.200000047683716,15481.650390625,20.133333206176758,4.0,4.2833333015441895,48.016666412353516,16378.1669921875,2792.942857142857,0.9513095021247864,26.039047241210938,242.14285714285714,1486.10791015625,1885.4571533203125,-0.7850714325904846,971.1142857142858,0,476,1,0,0,42,9,80
0,230.0,0.18700113892555237,296.0,3.0,293.0,2230.0,249.06122448979576,14787.8330078125,23.450000762939453,2.4000000953674316,14907.5,21.91666603088379,4.5,4.383333206176758,55.63333511352539,19999.333984375,2794.1714285714284,0.956595242023468,25.951547622680664,239.17142857142858,1490.4022216796875,1914.800048828125,-1.0059762001037598,978.7428571428571,0,476,1,0,0,31,10,88
1,247.0,0.0,296.0,3.0,293.0,5129.0,246.65306122448968,14321.0,25.399999618530273,1.5666667222976685,18899.599609375,23.433332443237305,5.300000190734863,4.599999904632568,53.41666793823242,17049.166015625,2780.7714285714287,0.9702857136726379,26.065000534057617,241.94285714285715,1488.5772705078125,1910.085693359375,-1.0854524374008179,979.8571428571429,2,476,1,0,0,41,13,98
0,69.0,0.0,296.0,3.0,293.0,6151.0,242.5102040816325,13640.5,27.549999237060547,2.450000047683716,16667.44921875,20.883333206176758,4.699999809265137,4.650000095367432,49.71666717529297,18149.0,2774.9714285714285,1.000238060951233,26.157976150512695,241.4,1496.63134765625,1938.857177734375,-1.4497381448745728,993.6,1,476,1,0,0,41,24,27
1,264.0,0.3568985164165497,296.0,3.0,293.0,8683.0,239.73469387755088,13056.1669921875,25.816667556762695,2.1500000953674316,15511.9501953125,20.33333396911621,4.900000095367432,4.383333206176758,53.95000076293945,16491.0,2758.3714285714286,1.002928614616394,26.18595314025879,243.71428571428572,1495.4383544921875,1926.085693359375,-1.3886666297912598,990.8571428571429,2,476,1,0,0,21,4,115
0,275.0,0.73204106092453,296.0,3.0,293.0,5982.0,239.95918367346923,14384.6669921875,24.049999237060547,2.9833333492279053,15746.6669921875,21.483333587646484,4.300000190734863,4.583333492279053,49.46666717529297,19360.666015625,2750.542857142857,0.9811905026435852,25.868452072143555,244.6,1491.185302734375,1934.1142578125,-1.3883094787597656,984.4571428571429,0,476,1,0,0,31,15,128
0,273.0,0.5028506517410278,296.0,3.0,293.0,1868.0,240.59183673469374,14416.0,24.933332443237305,1.6666666269302368,14956.8330078125,21.799999237060547,4.199999809265137,4.650000095367432,49.41666793823242,21200.333984375,2752.8285714285716,0.9844762086868286,25.86988067626953,248.17142857142858,1495.764404296875,1946.7427978515625,-1.6571428775787354,986.0,0,476,1,0,0,41,7,104
0,255.0,0.7616875767707825,296.0,3.0,293.0,1366.0,243.142857142857,15540.0,24.58333396911621,2.299999952316284,22791.80078125,22.133333206176758,4.800000190734863,4.550000190734863,49.13333511352539,19693.0,2754.1428571428573,1.0062856674194336,26.04892921447754,248.57142857142858,1495.730224609375,1966.5428466796875,-1.7476904392242432,992.0857142857143,0,476,1,0,0,31,13,96
0,228.0,0.01824401319026947,296.0,3.0,293.0,3462.0,249.28571428571408,18486.0,24.816667556762695,1.7666666507720947,19904.80078125,21.299999237060547,4.099999904632568,5.183333396911621,50.45000076293945,21910.666015625,2771.8285714285716,1.0497857332229614,26.251428604125977,242.77142857142857,1491.7318115234375,2021.3143310546875,-1.9033809900283813,1008.4,3,476,1,0,0,11,6,102
0,221.0,0.5860889554023743,296.0,3.0,293.0,5610.0,249.28571428571408,17251.333984375,26.700000762939453,1.5333333015441895,19713.19921875,23.149999618530273,5.900000095367432,4.7833333015441895,50.93333435058594,29099.666015625,2771.8285714285716,1.0497857332229614,26.251428604125977,242.77142857142857,1491.7318115234375,2021.3143310546875,-1.9033809900283813,1008.4,0,476,1,0,0,31,15,85
0,188.0,0.46408209204673767,296.0,3.0,293.0,1705.0,252.0408163265304,15890.0,32.21666717529297,2.700000047683716,20748.19921875,24.200000762939453,4.300000190734863,4.866666793823242,48.04999923706055,24291.5,2776.4285714285716,1.031333327293396,25.89047622680664,239.5142857142857,1491.069091796875,2057.05712890625,-1.9652619361877441,1004.5428571428571,1,476,1,0,0,31,14,70
0,275.0,0.011402508243918419,296.0,3.0,293.0,4570.0,251.6326530612242,16992.666015625,29.399999618530273,2.5166666507720947,20864.30078125,22.100000381469727,5.0,4.883333206176758,47.31666564941406,26138.666015625,2723.7714285714287,1.0806905031204224,26.265119552612305,240.25714285714287,1506.645263671875,2089.60009765625,-1.8618333339691162,1026.6571428571428,1,476,1,0,0,31,21,103
0,261.0,0.4446978271007538,296.0,3.0,293.0,3387.0,251.7755102040814,15293.5,30.183332443237305,2.4666666984558105,19614.416015625,23.83333396911621,5.0,4.666666507720947,42.93333435058594,25441.5,2726.657142857143,1.0640238523483276,26.104524612426758,246.74285714285713,1501.125732421875,2075.228515625,-2.0736429691314697,1013.0285714285715,3,476,1,0,0,31,15,96
0,133.0,0.03534777835011482,296.0,3.0,293.0,2261.0,249.77551020408137,15902.6669921875,33.66666793823242,2.200000047683716,21339.80078125,27.016666412353516,5.300000190734863,4.766666889190674,42.46666717529297,31807.666015625,2684.657142857143,1.0945714712142944,26.324167251586914,240.28571428571428,1500.1016845703125,2128.485595703125,-2.0273332595825195,1027.2571428571428,1,476,1,0,0,11,9,57
0,198.0,0.32839223742485046,296.0,3.0,293.0,1527.0,245.36734693877526,14510.6669921875,29.233333587646484,0.8500000238418579,19839.06640625,24.03333282470703,5.099999904632568,4.733333110809326,40.849998474121094,26825.0,2672.4,1.0953809022903442,26.380952835083008,241.71428571428572,1508.1326904296875,2131.914306640625,-2.057023763656616,1031.4571428571428,1,476,1,0,0,21,16,78
0,217.0,0.4481185972690582,267.0,4.0,293.0,1196.0,239.95918367346914,14998.0,26.71666717529297,1.850000023841858,17049.81640625,21.46666717529297,4.099999904632568,4.683333396911621,45.483333587646484,22525.333984375,2669.6,1.1125714778900146,26.477975845336914,240.68571428571428,1513.029296875,2131.28564453125,-2.3475236892700195,1040.142857142857,0,476,1,0,0,31,13,86
0,156.0,0.23261117935180664,267.0,4.0,293.0,2485.0,234.16326530612224,15302.0,26.733333587646484,2.200000047683716,18089.283203125,21.850000381469727,4.099999904632568,4.7166666984558105,50.20000076293945,22638.0,2540.8,1.1420952081680298,26.652141571044922,242.14285714285714,1516.247802734375,2150.800048828125,-2.6352381706237793,1049.942857142857,1,476,1,0,0,11,15,69
0,202.9370957966725,0.583808422088623,267.0,4.0,293.0,2106.0,228.32653061224474,15304.0,28.049999237060547,2.816666603088379,19573.1171875,23.233333587646484,4.900000095367432,4.733333110809326,48.93333435058594,24790.166015625,2478.1428571428573,1.1454285383224487,26.592975616455078,244.4857142857143,1512.654296875,2161.571533203125,-2.4781665802001953,1049.7142857142858,2,476,1,0,0,21,7,84
0,144.0,0.3580387830734253,267.0,4.0,229.0,3882.0,222.99999999999983,17214.666015625,30.616666793823242,1.0,18075.19921875,21.983333587646484,4.199999809265137,4.583333492279053,46.58333206176758,27454.666015625,2322.2285714285713,1.1715713739395142,26.623571395874023,249.62857142857143,1520.8204345703125,2163.54296875,-3.1476666927337646,1053.8857142857144,0,481,1,0,0,41,33,52
0,144.0,0.31356897950172424,267.0,4.0,229.0,1930.0,218.53061224489784,15668.8330078125,29.016666412353516,1.9666666984558105,17819.666015625,22.566667556762695,4.099999904632568,4.766666889190674,45.88333511352539,23341.166015625,2253.285714285714,1.177309513092041,26.65118980407715,258.0,1514.14013671875,2153.685791015625,-2.9032142162323,1042.7714285714285,1,481,1,0,0,31,3,56
0,187.0,0.4389965832233429,267.0,4.0,229.0,5333.0,215.93877551020398,13106.6669921875,27.450000762939453,3.5833332538604736,15957.31640625,22.383333206176758,4.699999809265137,4.566666603088379,52.71666717529297,22875.166015625,2099.6857142857143,1.1995476484298706,26.761547088623047,265.14285714285717,1515.9354248046875,2150.39990234375,-2.7482857704162598,1042.0,0,481,1,0,0,21,5,67
0,193.0,0.18358038365840912,267.0,4.0,293.0,3146.0,210.93877551020395,13348.0,27.133333206176758,2.2166666984558105,17542.30078125,22.566667556762695,4.699999809265137,4.683333396911621,51.16666793823242,21519.0,2087.1714285714284,1.1951428651809692,26.674999237060547,266.45714285714286,1516.231689453125,2149.685791015625,-2.754357099533081,1042.2857142857142,1,481,1,0,0,31,4,103
0,135.0,0.1482326090335846,267.0,4.0,229.0,5721.0,207.63265306122437,12427.3330078125,27.016666412353516,2.433333396911621,15382.5830078125,21.766666412353516,4.199999809265137,4.650000095367432,52.099998474121094,21007.5,2108.6,1.2415952682495117,26.903451919555664,263.42857142857144,1523.30126953125,2167.8857421875,-2.806999921798706,1065.1142857142856,1,481,1,0,0,21,6,52
0,55.0,0.011402508243918419,267.0,4.0,293.0,12487.0,208.12244897959178,13340.6669921875,29.049999237060547,0.4000000059604645,18299.466796875,21.733333587646484,4.099999904632568,4.7833333015441895,51.900001525878906,22209.166015625,2145.5142857142855,1.2636429071426392,26.941429138183594,264.0285714285714,1526.3939208984375,2160.0,-2.863476276397705,1072.4,0,481,1,0,0,31,15,19
0,185.0,0.06499429792165756,267.0,4.0,293.0,13549.0,210.14285714285708,12566.5,31.633333206176758,0.5666666626930237,18869.982421875,21.700000762939453,3.799999952316284,4.683333396911621,48.28333282470703,21815.666015625,2161.1714285714284,1.281428575515747,26.95642852783203,267.9428571428571,1526.739990234375,2157.54296875,-2.7618095874786377,1074.9714285714285,0,476,1,0,0,41,8,69
0,103.0,0.03534777835011482,267.0,4.0,293.0,10444.0,214.2448979591836,12703.3330078125,27.28333282470703,0.5666666626930237,18204.31640625,22.016666412353516,3.9000000953674316,4.7833333015441895,51.233333587646484,23452.833984375,2192.6,1.2958333492279053,27.06202507019043,271.74285714285713,1522.112548828125,2144.914306640625,-2.5834999084472656,1075.1142857142856,0,476,1,0,0,41,5,40
0,78.0,0.17787913978099823,267.0,4.0,293.0,11625.0,216.89795918367335,13130.4443359375,27.63888931274414,1.9388889074325562,16321.7333984375,22.755556106567383,3.933333396911621,4.616666793823242,51.17222213745117,21140.4453125,2192.6,1.2958333492279053,27.06202507019043,271.74285714285713,1522.112548828125,2144.914306640625,-2.5834999084472656,1075.1142857142856,0,476,1,0,0,21,21,31
0,208.0,0.16647662222385406,267.0,4.0,293.0,12431.0,215.34693877551004,10933.6669921875,25.41666603088379,2.450000047683716,16353.43359375,22.33333396911621,4.400000095367432,4.75,49.58333206176758,19691.666015625,2098.285714285714,1.280666708946228,27.005237579345703,292.0571428571429,1528.531005859375,2083.71435546875,-2.932809591293335,1053.142857142857,0,476,1,0,0,21,14,75
0,207.0,0.19840364158153534,267.0,4.0,293.0,10049.0,221.87755102040796,12514.1669921875,26.616666793823242,0.7666666507720947,16230.25,21.366666793823242,4.099999904632568,4.733333110809326,49.650001525878906,21076.0,2180.942857142857,1.2938570976257324,27.0,286.42857142857144,1528.90771484375,2111.199951171875,-2.3180713653564453,1064.0285714285715,0,476,1,0,0,21,11,75
1,208.0,0.0,267.0,4.0,293.0,6814.0,220.48979591836715,11693.8330078125,24.383333206176758,0.5,18330.517578125,22.16666603088379,3.9000000953674316,4.683333396911621,47.86666488647461,23782.166015625,2120.9714285714285,1.301452398300171,27.09666633605957,295.0,1527.8916015625,2093.17138671875,-2.4332618713378906,1055.4857142857143,1,476,1,0,0,34,16,112
1,188.0,0.11744584143161774,267.0,4.0,293.0,4115.0,220.73469387755082,9915.5,24.950000762939453,1.1666666269302368,14743.2001953125,21.700000762939453,4.199999809265137,4.633333206176758,51.88333511352539,18444.5,2111.657142857143,1.2877380847930908,27.02940559387207,297.2857142857143,1523.6260986328125,2076.199951171875,-2.3217382431030273,1046.1142857142856,3,476,1,0,0,41,3,66
1,191.0,0.2976054847240448,267.0,4.0,293.0,1523.0,219.38775510204056,13335.5,29.33333396911621,4.066666603088379,15681.650390625,22.16666603088379,4.5,4.633333206176758,44.75,21047.5,2157.3714285714286,1.2996190786361694,27.126190185546875,293.0285714285714,1526.600341796875,2083.54296875,-2.0114047527313232,1058.7714285714285,2,476,1,0,0,31,13,73
0,116.0,0.03876852989196777,267.0,4.0,293.0,12732.0,209.36734693877526,13080.6669921875,30.366666793823242,1.9666666984558105,17366.900390625,22.5,4.300000190734863,4.800000190734863,48.18333435058594,19870.166015625,2060.8,1.3059524297714233,27.156190872192383,305.45714285714286,1527.83447265625,2144.857177734375,-2.4646191596984863,1049.1142857142856,1,476,1,0,0,21,14,47
1,113.0,0.0057012541219592094,267.0,4.0,293.0,21673.0,209.36734693877526,12507.6669921875,27.649999618530273,1.2166666984558105,19366.30078125,22.649999618530273,4.199999809265137,4.900000095367432,47.733333587646484,22458.666015625,2142.0285714285715,1.2947380542755127,27.1348819732666,307.34285714285716,1528.411376953125,2143.3427734375,-2.2105000019073486,1044.8285714285714,2,476,1,0,0,34,18,50
1,203.0,0.02166476659476757,267.0,4.0,293.0,25549.0,206.63265306122426,12985.5,26.733333587646484,2.3499999046325684,15601.349609375,24.0,4.300000190734863,4.733333110809326,46.93333435058594,20473.5,2223.457142857143,1.2940714359283447,27.152618408203125,301.0285714285714,1526.6492919921875,2166.857177734375,-1.9390000104904175,1051.8857142857144,0,476,1,0,0,34,30,83
1,200.0,0.17901939153671265,267.0,4.0,293.0,32767.0,197.02040816326505,12334.0,27.483333587646484,1.1166666746139526,15025.5498046875,21.799999237060547,4.099999904632568,4.550000190734863,46.18333435058594,18314.5,2152.7428571428572,1.2767857313156128,27.032142639160156,306.6857142857143,1528.3375244140625,2152.228515625,-2.4457380771636963,1041.142857142857,1,476,1,0,0,21,19,77
0,56.0,0.0,267.0,4.0,293.0,32767.0,191.63265306122426,12890.6669921875,28.299999237060547,1.3166667222976685,15985.033203125,22.516666412353516,4.699999809265137,4.650000095367432,45.150001525878906,37332.66796875,2239.457142857143,1.3009285926818848,27.160594940185547,303.9428571428571,1532.9134521484375,2177.228515625,-2.170595169067383,1054.0285714285715,2,476,1,0,0,21,13,21
1,,0.12542758882045746,267.0,4.0,293.0,29817.0,187.6530612244896,11762.8330078125,29.383333206176758,1.6166666746139526,17252.083984375,24.71666717529297,5.300000190734863,4.650000095367432,43.38333511352539,22255.0,2268.714285714286,1.3007142543792725,27.12071418762207,295.4,1520.5858154296875,2202.800048828125,-2.1735239028930664,1055.8857142857144,4,476,1,0,0,21,13,
1,170.0,0.02964652143418789,267.0,4.0,293.0,17637.0,186.4285714285622,13024.388671875,27.594444274902344,1.350000023841858,17956.234375,21.872220993041992,4.233333587646484,4.744444370269775,47.377777099609375,20346.4453125,2402.0,1.3040000200271606,27.136310577392578,289.51428571428573,1520.1990966796875,2228.3427734375,-1.7626428604125977,1065.1714285714286,1,476,1,0,0,21,17,72
0,42.0,0.0,267.0,4.0,293.0,7947.0,184.53061224489784,12523.5,26.96666717529297,1.2166666984558105,20983.19921875,22.566667556762695,4.400000095367432,4.683333396911621,47.43333435058594,21298.0,2509.8,1.2642618417739868,26.922142028808594,287.62857142857143,1526.5631103515625,2222.571533203125,-1.7344762086868286,1060.0857142857142,2,476,1,0,0,41,4,16
0,208.0,0.4994298815727234,267.0,4.0,293.0,2887.0,181.61224489795904,14984.6669921875,28.58333396911621,5.366666793823242,17634.19921875,22.816667556762695,5.099999904632568,4.733333110809326,40.849998474121094,26781.0,2684.9714285714285,1.2310951948165894,26.769643783569336,281.0285714285714,1533.56103515625,2212.628662109375,-1.6908094882965088,1062.0,2,476,1,0,0,41,6,69
0,180.0,0.011402508243918419,267.0,4.0,293.0,3987.0,181.9183673469387,10917.8330078125,30.516666412353516,1.4500000476837158,18063.06640625,23.899999618530273,4.900000095367432,4.900000095367432,33.61666488647461,23053.666015625,2861.657142857143,1.2021666765213013,26.5094051361084,274.48571428571427,1538.9525146484375,2216.485595703125,-1.624071478843689,1065.142857142857,2,481,1,0,0,21,11,58
0,82.0,0.3432154953479767,267.0,4.0,229.0,2590.0,182.53061224489792,12201.5,27.53333282470703,2.933333396911621,21294.716796875,24.100000381469727,5.099999904632568,4.949999809265137,41.733333587646484,23328.5,2861.657142857143,1.2021666765213013,26.5094051361084,274.48571428571427,1538.9525146484375,2216.485595703125,-1.624071478843689,1065.142857142857,1,481,1,0,0,31,2,28
0,149.0,0.5872291922569275,267.0,4.0,229.0,1720.0,180.51020408163254,12836.0,33.150001525878906,2.75,19168.232421875,26.633333206176758,5.800000190734863,4.583333492279053,33.41666793823242,27373.833984375,2949.0857142857144,1.1650952100753784,26.245119094848633,270.7142857142857,1537.25390625,2217.971435546875,-1.8148094415664673,1060.5142857142857,1,481,1,0,0,31,7,59
0,74.0,0.5347776412963867,267.0,4.0,229.0,8634.0,178.2857142857142,12318.3330078125,31.399999618530273,1.4666666984558105,18390.216796875,23.566667556762695,4.900000095367432,4.550000190734863,27.5,25704.0,3006.7714285714287,1.1551666259765625,26.110952377319336,267.85714285714283,1530.456787109375,2231.742919921875,-1.7529523372650146,1056.057142857143,3,481,1,0,0,31,1,29
0,81.0,0.23945267498493195,267.0,4.0,229.0,12330.0,179.51020408163257,13356.6669921875,31.433332443237305,1.2666666507720947,19511.517578125,25.016666412353516,5.400000095367432,4.583333492279053,33.43333435058594,26554.166015625,3098.5142857142855,1.156928539276123,26.073928833007812,262.62857142857143,1532.7679443359375,2252.60009765625,-1.3599047660827637,1064.9714285714285,6,481,1,0,0,21,6,28
0,39.0,0.17787913978099823,267.0,4.0,229.0,10594.0,182.3061224489794,11773.5,29.33333396911621,2.75,20694.099609375,26.41666603088379,5.400000095367432,4.883333206176758,30.450000762939453,27392.0,3123.2,1.1554523706436157,26.188213348388672,263.62857142857143,1538.069580078125,2242.199951171875,-1.2577142715454102,1066.142857142857,11,481,1,0,0,21,15,13
0,93.0,0.0741163045167923,267.0,4.0,229.0,13865.0,183.20408163265293,14527.1669921875,30.066667556762695,1.6166666746139526,20199.283203125,28.049999237060547,6.099999904632568,4.75,30.683332443237305,29918.666015625,3096.342857142857,1.1379286050796509,26.027618408203125,267.42857142857144,1546.5203857421875,2236.60009765625,-1.266619086265564,1060.5714285714287,1,481,1,0,0,21,6,30
1,105.0,0.04446978494524956,267.0,4.0,229.0,8668.0,183.5714285714284,15644.1669921875,30.233333587646484,2.616666555404663,20835.81640625,25.866666793823242,5.800000190734863,4.883333206176758,30.799999237060547,27505.833984375,3153.5714285714284,1.1247856616973877,26.132858276367188,266.8285714285714,1546.8294677734375,2234.0,-0.7491666674613953,1056.3142857142857,2,481,1,0,0,31,4,44
0,58.0,0.2782212197780609,267.0,4.0,283.0,5291.0,181.65306122448965,14389.0,26.83333396911621,2.1666667461395264,18696.833984375,22.450000762939453,5.800000190734863,4.75,32.650001525878906,26199.666015625,3182.8571428571427,1.1094048023223877,26.096071243286133,267.45714285714286,1555.330810546875,2235.571533203125,-0.5075476169586182,1057.4857142857143,2,481,1,0,0,21,2,23
0,178.0,0.2223489135503769,267.0,4.0,283.0,2853.0,185.5306122448978,15471.5,25.616666793823242,3.9666666984558105,18536.017578125,23.633333206176758,5.400000095367432,4.7833333015441895,34.983333587646484,26232.166015625,3211.5714285714284,1.11130952835083,26.16988182067871,263.37142857142857,1545.163818359375,2245.028564453125,-0.432190477848053,1057.0285714285715,1,507,1,0,0,21,14,57
1,65.0,0.0,267.0,4.0,283.0,2221.0,189.87755102040802,15108.0,29.200000762939453,0.9333333373069763,18032.30078125,22.5,5.0,4.866666793823242,37.41666793823242,22463.0,3294.3714285714286,1.1400952339172363,26.33571434020996,254.94285714285715,1530.778076171875,2270.54296875,-0.23561905324459076,1065.9142857142858,3,507,1,0,0,41,9,21
0,,0.0,267.0,4.0,283.0,8684.0,187.99999999999983,15812.0,24.616666793823242,1.399999976158142,15871.0,23.549999237060547,5.300000190734863,4.883333206176758,40.88333511352539,38906.66796875,3360.7428571428572,1.1493570804595947,26.38619041442871,245.68571428571428,1530.3082275390625,2309.857177734375,-0.2452142983675003,1077.8857142857144,3,507,1,0,0,41,12,
0,1.0,0.36716076731681824,267.0,4.0,229.0,2035.0,186.95918367346923,15595.0556640625,27.049999237060547,1.0499999523162842,18013.244140625,23.58888816833496,5.833333492279053,4.872221946716309,39.99444580078125,26469.77734375,3360.114285714286,1.1225000619888306,26.330833435058594,251.9142857142857,1541.1387939453125,2286.6572265625,-0.22419048845767975,1069.8285714285714,3,481,1,0,0,42,7,
0,114.0,0.013683009892702103,267.0,4.0,229.0,2247.0,186.40816326530597,16255.6669921875,24.149999618530273,1.9333332777023315,16963.6328125,22.58333396911621,5.699999809265137,5.199999809265137,36.650001525878906,22847.0,3371.2,1.0913095474243164,26.263452529907227,247.42857142857142,1546.54736328125,2262.742919921875,-0.32883331179618835,1068.8285714285714,4,481,1,0,0,21,6,37
0,63.0,0.3968072831630707,267.0,4.0,229.0,2144.0,186.9387755102039,16204.3330078125,26.450000762939453,3.183333396911621,18806.533203125,23.049999237060547,5.699999809265137,5.0,36.11666488647461,25865.0,3354.0857142857144,1.0669047832489014,26.09047508239746,254.17142857142858,1577.1102294921875,2236.17138671875,-0.2996666729450226,1072.0857142857142,0,481,1,0,0,34,9,21
1,239.0,0.0,267.0,4.0,229.0,3881.0,184.5918367346937,21728.833984375,27.33333396911621,3.0,18210.166015625,24.116666793823242,5.800000190734863,4.75,36.0,26997.166015625,3205.0285714285715,1.0606666803359985,26.293214797973633,254.9142857142857,1591.2806396484375,2182.71435546875,-0.5220714211463928,1075.9142857142858,0,481,1,1,0,34,23,101
1,140.0,0.5188141465187073,267.0,4.0,229.0,1402.0,182.9795918367345,18571.27734375,23.399999618530273,4.227777481079102,17203.671875,24.788888931274414,5.8333330154418945,4.683333396911621,41.22222137451172,25788.22265625,3180.2571428571428,1.0575238466262817,26.344762802124023,252.4857142857143,1595.5054931640625,2145.628662109375,-0.38623809814453125,1079.9714285714285,1,481,1,1,0,31,33,52
1,43.0,0.17103762924671173,267.0,4.0,229.0,1338.0,180.3265306122447,15107.3330078125,26.75,4.683333396911621,14707.533203125,22.633333206176758,5.800000190734863,4.900000095367432,39.45000076293945,23104.833984375,2999.4,1.0535714626312256,26.34619140625,255.6,1561.778076171875,2139.428466796875,-0.2527619004249573,1057.9142857142858,1,481,1,0,0,31,2,15
1,111.0,0.33523374795913696,267.0,4.0,229.0,3050.0,179.53061224489778,15121.0,25.28333282470703,4.7833333015441895,18091.1328125,23.850000381469727,5.5,4.733333110809326,43.86666488647461,24691.0,2906.285714285714,1.0359761714935303,26.254880905151367,270.22857142857146,1589.9647216796875,2094.771484375,-0.1625952273607254,1054.5714285714287,5,481,1,0,0,31,22,35
1,87.73939687192895,0.15963512659072876,267.0,4.0,229.0,5738.0,179.9795918367345,9925.3330078125,23.366666793823242,2.316666603088379,14533.466796875,22.316667556762695,5.699999809265137,4.7833333015441895,50.38333511352539,22501.333984375,2979.714285714286,1.0495238304138184,26.310951232910156,258.34285714285716,1550.494140625,2114.628662109375,-0.2066904753446579,1048.8,2,481,1,0,0,41,9,28
0,179.0,0.017103763297200203,267.0,4.0,229.0,1863.0,177.2040816326529,11718.1669921875,26.066667556762695,3.799999952316284,16131.6669921875,22.96666717529297,5.800000190734863,4.683333396911621,38.349998474121094,23999.333984375,2857.1428571428573,1.0339761972427368,26.184999465942383,269.51428571428573,1568.6241455078125,2071.571533203125,-0.3462381064891815,1043.057142857143,1,481,1,0,0,41,32,69
0,153.0,0.19156214594841003,267.0,4.0,229.0,2139.0,180.48979591836715,12660.8330078125,23.41666603088379,3.8499999046325684,15045.4501953125,23.516666412353516,5.900000095367432,4.883333206176758,45.70000076293945,22416.5,2750.8,1.024571418762207,26.157024383544922,276.8857142857143,1580.3192138671875,2051.82861328125,-0.3654285669326782,1039.5142857142857,2,481,1,0,0,34,12,48
0,172.0,0.38312429189682007,267.0,4.0,229.0,5811.0,180.85714285714266,10914.0,24.899999618530273,2.9833333492279053,14318.7666015625,23.183332443237305,5.0,4.800000190734863,46.93333435058594,21798.0,2692.6857142857143,1.0500237941741943,26.337261199951172,279.77142857142854,1557.68994140625,2047.3143310546875,-0.3580952286720276,1031.0857142857142,2,481,1,0,0,21,14,57
0,136.0,0.4310148358345032,267.0,4.0,229.0,6623.0,175.81632653061206,12681.0,27.25,3.2833333015441895,15822.466796875,22.683332443237305,5.699999809265137,4.949999809265137,45.18333435058594,22329.833984375,2719.542857142857,1.0430476665496826,26.354047775268555,284.6857142857143,1564.5311279296875,2026.4000244140625,-0.3609999716281891,1028.5714285714287,1,481,1,0,0,41,9,45
1,60.0,0.0057012541219592094,267.0,4.0,229.0,3471.0,173.9387755102039,12165.5,24.049999237060547,1.2833333015441895,15389.5498046875,21.75,5.400000095367432,4.900000095367432,51.53333282470703,21294.5,2677.2285714285713,1.052904725074768,26.501190185546875,292.8285714285714,1566.529541015625,2014.199951171875,-0.32304760813713074,1025.3714285714286,2,481,1,0,0,34,12,22
0,,0.0,267.0,4.0,229.0,8772.0,175.75510204081613,12629.6669921875,24.03333282470703,6.383333206176758,17334.533203125,23.483333587646484,5.300000190734863,5.150000095367432,48.66666793823242,22713.333984375,2556.6857142857143,1.0283809900283813,26.40547752380371,307.54285714285714,1592.4981689453125,1962.971435546875,-0.3064523935317993,1017.7142857142857,4,481,1,0,0,41,7,
0,,0.0741163045167923,267.0,4.0,229.0,9493.0,172.2653061224488,13008.5,23.316667556762695,6.7166666984558105,16971.849609375,25.016666412353516,6.099999904632568,5.233333110809326,48.04999923706055,26813.0,2586.285714285714,1.019785761833191,26.416667938232422,306.54285714285714,1588.8480224609375,1963.228515625,-0.3190714120864868,1014.1428571428571,1,481,1,0,0,24,4,
0,133.0,0.0,267.0,4.0,229.0,1913.0,168.71428571428552,11282.1669921875,21.16666603088379,5.116666793823242,16635.849609375,21.950000762939453,5.800000190734863,5.0,50.28333282470703,22502.833984375,2494.2,1.024047613143921,26.385595321655273,310.6857142857143,1576.9053955078125,1945.17138671875,-0.30235713720321655,1005.6857142857143,4,481,1,0,0,34,17,46
0,75.0,0.5427594184875488,267.0,4.0,229.0,2547.0,165.59183673469371,11203.1669921875,21.53333282470703,4.366666793823242,15575.93359375,22.066667556762695,5.300000190734863,4.683333396911621,51.66666793823242,22652.5,2438.057142857143,1.0110952854156494,26.362380981445312,313.65714285714284,1580.2559814453125,1919.8857421875,-0.2934761941432953,1001.7428571428571,3,481,1,0,0,21,5,30
0,103.0,0.4310148358345032,267.0,4.0,229.0,3317.0,160.877551020408,11810.3330078125,23.96666717529297,3.450000047683716,16547.166015625,24.183332443237305,6.0,4.949999809265137,51.016666412353516,22137.666015625,2435.6,0.9934999942779541,26.32369041442871,319.2857142857143,1601.2529296875,1895.228515625,-0.30211904644966125,1004.5714285714286,4,481,1,0,0,24,7,35
1,119.94760606252953,0.0022805016487836838,267.0,4.0,229.0,5928.0,159.2448979591835,11039.6669921875,24.450000762939453,2.683333396911621,15549.81640625,22.850000381469727,5.5,4.699999809265137,48.650001525878906,19231.666015625,2351.7714285714287,1.0087380409240723,26.417142868041992,324.9714285714286,1588.129638671875,1887.914306640625,-0.32523810863494873,995.7428571428571,4,481,1,0,0,34,18,41
1,120.0,0.0,267.0,4.0,229.0,10614.0,157.22448979591823,12955.5,24.33333396911621,4.433333396911621,16576.56640625,25.616666793823242,6.400000095367432,5.016666889190674,48.06666564941406,22369.0,2343.9714285714285,1.0028570890426636,26.415714263916016,327.34285714285716,1591.0230712890625,1862.2572021484375,-0.378761887550354,994.4857142857143,5,481,1,0,0,41,14,46
1,108.0,0.0034207524731755257,267.0,4.0,229.0,9171.0,156.9387755102039,11805.5,22.266666412353516,4.833333492279053,15085.849609375,24.450000762939453,6.0,4.900000095367432,51.266666412353516,21443.0,2343.9714285714285,1.0028570890426636,26.415714263916016,327.34285714285716,1591.0230712890625,1862.2572021484375,-0.378761887550354,994.4857142857143,3,481,1,0,0,34,6,47
0,95.0,0.17901939153671265,267.0,4.0,260.0,1364.0,153.36734693877534,10959.8330078125,21.316667556762695,1.7833333015441895,15245.7998046875,22.633333206176758,5.599999904632568,4.650000095367432,54.33333206176758,20931.833984375,2280.4,0.9868095517158508,26.2257137298584,329.77142857142854,1572.718994140625,1855.1142578125,-0.3911428451538086,980.6285714285714,3,518,1,0,0,21,16,32
0,154.0,0.3591790199279785,267.0,4.0,229.0,3218.0,152.71428571428555,15859.0,22.766666412353516,3.9000000953674316,17574.0,23.78333282470703,6.099999904632568,4.949999809265137,48.28333282470703,23396.0,2318.9142857142856,0.9769999980926514,26.151784896850586,333.0571428571429,1588.4461669921875,1844.17138671875,-0.40573808550834656,984.9428571428572,0,518,1,0,0,21,16,56
1,106.0,0.40820980072021484,267.0,4.0,260.0,1821.0,151.2448979591835,12385.6669921875,19.549999237060547,2.7166666984558105,15495.6337890625,22.25,5.699999809265137,4.7833333015441895,56.016666412353516,21670.666015625,2278.942857142857,0.9987381100654602,26.55130958557129,336.9142857142857,1585.1968994140625,1820.5428466796875,-0.41780951619148254,985.1428571428571,4,518,1,0,0,31,9,36
0,127.0,0.0,267.0,4.0,191.0,7409.0,150.59183673469374,14112.5,22.21666717529297,2.4666666984558105,17942.783203125,22.816667556762695,6.800000190734863,4.833333492279053,53.43333435058594,26203.833984375,2322.714285714286,1.0114285945892334,26.53416633605957,331.8857142857143,1580.457763671875,1829.228515625,-0.4520952105522156,988.8857142857142,3,481,1,0,0,31,13,48
1,68.0,0.014823260717093945,267.0,4.0,260.0,14788.0,149.85714285714272,12515.27734375,25.405555725097656,2.183333396911621,15189.35546875,22.08888816833496,5.800000190734863,4.933333396911621,55.377777099609375,22754.833984375,2324.1428571428573,1.0365713834762573,26.825119018554688,332.2857142857143,1566.6365966796875,1822.2572021484375,-0.49566665291786194,989.1142857142858,5,518,1,0,0,41,6,24
0,84.0,0.15393386781215668,267.0,4.0,260.0,7691.0,149.55102040816317,11168.9443359375,21.177778244018555,4.233333110809326,14336.560546875,24.238887786865234,6.133333206176758,4.8111114501953125,48.905555725097656,22503.9453125,2321.2,0.9987381100654602,26.665239334106445,337.9142857142857,1585.371337890625,1793.4285888671875,-0.5425952076911926,983.8285714285714,6,518,1,0,0,34,22,32
0,135.0,0.6830102801322937,267.0,4.0,260.0,3281.0,148.6122448979591,10852.3330078125,21.200000762939453,3.316666603088379,16025.7333984375,23.433332443237305,6.199999809265137,4.683333396911621,58.70000076293945,23124.0,2270.3142857142857,1.0056190490722656,26.681190490722656,345.57142857142856,1590.2633056640625,1775.3143310546875,-0.5622142553329468,979.4857142857143,4,518,1,0,0,21,22,49
0,80.0,0.22805017232894897,267.0,4.0,229.0,4604.0,147.71428571428564,11753.5,18.116666793823242,2.8333332538604736,15798.849609375,19.866666793823242,6.0,4.983333110809326,57.68333435058594,21011.5,2292.9142857142856,0.9901666641235352,26.566190719604492,345.45714285714286,1600.0634765625,1765.3143310546875,-0.5876666903495789,980.7142857142857,2,518,1,0,0,31,5,30
1,78.0,0.3021664619445801,267.0,4.0,229.0,4326.0,143.45833333333326,11783.6669921875,23.733333587646484,5.316666603088379,14703.1337890625,23.08333396911621,5.599999904632568,5.016666889190674,53.83333206176758,23692.666015625,2338.285714285714,0.962238073348999,26.50381088256836,344.9714285714286,1610.7359619140625,1752.3143310546875,-0.5914999842643738,978.6,2,481,1,0,0,41,2,29
0,80.0,0.28164196014404297,267.0,4.0,229.0,1288.0,145.31914893617014,10615.5,23.516666412353516,3.2166666984558105,15701.2998046875,23.483333587646484,5.800000190734863,5.0,53.63333511352539,24527.0,2283.714285714286,0.959928572177887,26.440357208251953,355.14285714285717,1630.204345703125,1737.771484375,-0.5742619037628174,978.6857142857143,2,481,1,0,0,42,8,32
0,255.0,0.46864309906959534,296.0,3.0,313.0,1223.0,297.02380952380923,17909.166015625,27.66666603088379,2.9166667461395264,16069.8662109375,21.733333587646484,4.0,4.983333110809326,24.299999237060547,17849.0,2045.4285714285713,0.7668095231056213,25.026309967041016,112.31428571428572,1402.9271240234375,1834.6285400390625,0.13257144391536713,979.1714285714286,0,505,1,0,1,21,21,133
0,232.0,0.8882554173469543,296.0,3.0,313.0,1107.0,290.71428571428555,16599.833984375,28.649999618530273,2.2333333492279053,15936.81640625,20.71666717529297,3.799999952316284,5.099999904632568,26.21666717529297,15232.1669921875,2501.714285714286,0.7356904745101929,24.87583351135254,124.2,1395.4359130859375,1758.0,0.3267380893230438,959.1714285714286,0,505,1,0,0,21,17,118
1,198.0,0.6328392028808594,296.0,3.0,313.0,1659.0,293.5918367346937,13026.6669921875,27.366666793823242,2.3333332538604736,17546.333984375,21.58333396911621,4.0,4.800000190734863,17.183332443237305,17197.666015625,2724.1428571428573,0.7419762015342712,25.042142868041992,129.0,1395.2974853515625,1725.6285400390625,0.5211189985275269,959.0857142857143,0,505,1,0,1,42,9,98
0,335.0,0.12998859584331512,296.0,3.0,313.0,1751.0,293.5918367346937,14230.3330078125,26.683332443237305,2.6500000953674316,21726.833984375,21.0,3.799999952316284,4.983333110809326,18.75,17520.666015625,2750.4285714285716,0.7382143139839172,24.992856979370117,128.74285714285713,1396.3724365234375,1723.17138671875,0.5389285683631897,958.6,0,505,1,0,1,41,23,147
0,154.0,0.6100342273712158,296.0,3.0,313.0,1333.0,290.3877551020406,13383.6669921875,32.11666488647461,3.2166666984558105,26888.333984375,21.799999237060547,4.099999904632568,4.800000190734863,24.08333396911621,18657.5,2792.0285714285715,0.7286666631698608,25.044286727905273,125.77142857142857,1393.3154296875,1754.085693359375,0.5612381100654602,959.4285714285714,0,505,1,0,1,31,30,58
0,259.0,0.8631699085235596,296.0,3.0,313.0,1195.0,297.1224489795916,11245.3330078125,27.983333587646484,7.300000190734863,15166.466796875,20.649999618530273,3.4000000953674316,5.150000095367432,30.866666793823242,13524.6669921875,2934.714285714286,0.7152142524719238,24.903690338134766,129.17142857142858,1398.092529296875,1742.2572021484375,0.6577380895614624,958.1714285714286,1,505,1,0,1,21,3,125
0,129.0,0.7867730855941772,296.0,3.0,313.0,1078.0,297.85714285714255,11006.3330078125,31.75,5.25,15977.7333984375,21.816667556762695,3.299999952316284,5.050000190734863,30.16666603088379,15428.6669921875,2964.6857142857143,0.7095000147819519,24.94631004333496,126.42857142857143,1397.6287841796875,1757.3428955078125,0.628261923789978,960.8857142857142,0,505,1,0,1,21,4,65
0,234.0,0.8574686646461487,296.0,3.0,313.0,1278.0,291.65306122448953,12023.6669921875,28.91666603088379,6.266666889190674,14452.6669921875,20.71666717529297,3.799999952316284,5.0,37.38333511352539,14100.5,2919.2285714285713,0.7027618885040283,24.948095321655273,123.97142857142858,1394.848876953125,1759.4000244140625,0.633738100528717,961.5142857142857,0,505,1,0,0,21,19,117
0,168.0,0.8494868874549866,296.0,3.0,313.0,1041.0,284.0612244897957,12002.462890625,26.88703727722168,5.016666889190674,14556.68359375,20.52407455444336,3.799999952316284,4.848148345947266,33.84074020385742,13844.5185546875,2903.342857142857,0.7045238018035889,25.051427841186523,121.74285714285715,1388.1082763671875,1764.94287109375,0.6276428699493408,961.8857142857142,2,505,1,0,0,21,16,84
0,263.9622018808549,0.9509692192077637,296.0,3.0,313.0,1086.0,276.6530612244895,10602.6669921875,23.53333282470703,3.9833333492279053,15323.2333984375,20.766666412353516,3.9000000953674316,4.766666889190674,34.650001525878906,13465.6669921875,2866.1714285714284,0.7054047584533691,25.152738571166992,119.2,1384.25146484375,1751.6285400390625,0.5732380747795105,967.2285714285714,0,505,1,0,0,41,6,132
0,211.0,0.9407069683074951,296.0,3.0,313.0,1067.0,276.6530612244895,11252.5,26.33333396911621,3.383333444595337,15332.5498046875,20.816667556762695,3.9000000953674316,4.849999904632568,35.81666564941406,12857.5,2866.1714285714284,0.7054047584533691,25.152738571166992,119.2,1384.25146484375,1751.6285400390625,0.5732380747795105,967.2285714285714,0,505,1,0,0,42,6,104
