floodable_forests,biomass,sur_cover,quarter_biomass,quarter,ecoreg_biomass,dist,nearest_mature,cec,clay,cfvo,nitro,ocd,ocs,phh2o,sand,soc,mean_soil,mean_vpd,mean_temp,mean_def,mean_srad,mean_pr,mean_pdsi,mean_aet,num_fires,ecoreg,biome,indig,protec,topography,age,sd
0,109.0,0.06385404616594315,267.0,4.0,229.0,7667.0,209.3673469387754,12463.0,27.116666793823242,3.25,23943.19921875,22.25,5.400000095367432,4.5,46.81666564941406,20419.5,2012.9714285714285,1.1177618503570557,26.04273796081543,318.48571428571427,1547.987060546875,1860.199951171875,-0.9647857546806335,984.3142857142857,4,481,1,0,0,21,1,36
1,61.0,0.010262257419526577,267.0,4.0,229.0,4476.0,208.5102040816325,12375.1669921875,24.633333206176758,0.5333333611488342,14735.2001953125,19.75,4.400000095367432,4.75,51.349998474121094,20745.5,1946.5142857142857,1.1278095245361328,26.105953216552734,324.8857142857143,1549.9066162109375,1877.3143310546875,-0.8881666660308838,982.8285714285714,2,481,1,0,0,42,21,20
0,165.0153029370351,0.28164196014404297,267.0,4.0,229.0,3406.0,202.57142857142847,13882.0,23.78333282470703,2.433333396911621,16530.599609375,21.83333396911621,4.699999809265137,4.583333492279053,49.20000076293945,19347.0,1856.057142857143,1.131928563117981,26.163095474243164,338.9714285714286,1546.97802734375,1889.0,-0.8217142820358276,968.5142857142857,0,481,1,0,0,31,12,60
0,189.0,0.5416191816329956,267.0,4.0,293.0,7654.0,210.61224489795907,10663.1669921875,26.133333206176758,2.3499999046325684,15905.7666015625,21.78333282470703,4.400000095367432,4.5,46.983333587646484,22634.833984375,2029.2857142857142,1.092904806137085,25.876190185546875,324.22857142857146,1552.66064453125,1862.6571044921875,-0.8123095035552979,974.5142857142857,0,476,1,0,0,21,17,60
0,194.0,0.8050171136856079,267.0,4.0,293.0,7233.0,213.51020408163257,10993.6669921875,26.450000762939453,1.899999976158142,14783.7998046875,21.433332443237305,4.699999809265137,4.483333110809326,47.04999923706055,19925.5,2036.9714285714285,1.1055952310562134,25.98607063293457,325.0857142857143,1551.1851806640625,1878.4285888671875,-0.7593809366226196,976.6,1,476,1,0,0,31,4,63
0,203.09778388223899,0.14595210552215576,267.0,4.0,293.0,7280.0,215.75510204081624,,22.816667556762695,1.350000023841858,,21.91666603088379,4.5,4.550000190734863,43.04999923706055,,2126.285714285714,1.1297380924224854,26.21238136291504,322.2857142857143,1548.955810546875,1890.6571044921875,-0.7528571486473083,986.1714285714286,1,476,1,0,0,31,5,94
0,193.0,0.8015963435173035,267.0,4.0,229.0,1203.0,218.04081632653046,13708.8330078125,28.83333396911621,2.950000047683716,16170.8837890625,20.866666793823242,4.400000095367432,4.5,40.86666488647461,21424.666015625,2314.5714285714284,1.1000714302062988,25.965356826782227,315.34285714285716,1554.7025146484375,1879.199951171875,-0.7057380676269531,986.6857142857143,0,481,1,0,0,21,5,75
0,195.0,0.4378563165664673,267.0,4.0,229.0,1491.0,219.32653061224474,11334.388671875,30.211111068725586,2.933333396911621,15131.6611328125,22.0222225189209,4.9666666984558105,4.300000190734863,38.27777862548828,19889.33203125,2421.4285714285716,1.09333336353302,25.784404754638672,304.51428571428573,1545.229248046875,1926.6571044921875,-0.7046428322792053,992.4571428571429,1,481,1,0,0,31,9,75
0,93.0,0.2964652180671692,267.0,4.0,229.0,1703.0,219.20408163265293,12382.0556640625,27.938888549804688,1.5111111402511597,15598.9052734375,20.488889694213867,4.599999904632568,4.733333110809326,40.95000076293945,17877.166015625,2448.9142857142856,1.0820714235305786,25.75511932373047,306.65714285714284,1554.1873779296875,1896.914306640625,-0.6800237894058228,989.4857142857143,1,481,1,0,0,31,4,32
0,182.0,0.0,267.0,4.0,229.0,2857.0,218.08163265306112,11505.0,29.016666412353516,1.600000023841858,14035.56640625,20.733333587646484,4.699999809265137,4.449999809265137,41.516666412353516,18540.666015625,2647.4,1.0992143154144287,25.82964324951172,295.74285714285713,1548.9891357421875,1928.085693359375,-0.7003333568572998,1006.9428571428572,3,481,1,0,0,24,16,59
0,207.0,0.11174458265304565,267.0,4.0,229.0,6812.0,215.28571428571416,10367.6669921875,27.516666412353516,6.550000190734863,22215.666015625,23.700000762939453,5.599999904632568,4.449999809265137,43.43333435058594,21922.166015625,2629.5142857142855,1.0834523439407349,25.575119018554688,298.7142857142857,1547.661865234375,1941.1142578125,-0.7222142815589905,1001.2285714285714,3,481,1,0,0,31,17,66
0,153.0,0.48346635699272156,267.0,4.0,229.0,3055.0,212.46938775510188,11452.0,29.116666793823242,1.6166666746139526,14720.650390625,21.91666603088379,4.599999904632568,4.400000095367432,38.21666717529297,18941.333984375,2862.7428571428572,1.1126428842544556,25.965713500976562,286.8285714285714,1549.1336669921875,1945.4285888671875,-0.718500018119812,1018.2857142857143,0,481,1,0,0,31,15,49
1,102.0,0.0,267.0,4.0,229.0,3345.0,210.99999999999986,11682.8330078125,27.883333206176758,1.6666666269302368,14650.716796875,21.03333282470703,4.699999809265137,4.849999904632568,42.5,21310.5,2912.8571428571427,1.1085000038146973,25.98880958557129,285.0,1550.7294921875,1944.5714111328125,-0.7568809390068054,1020.8285714285714,1,481,1,0,0,34,19,32
0,98.0,0.149372860789299,267.0,4.0,229.0,10282.0,209.67346938775492,14609.5,27.08333396911621,1.4166666269302368,16291.7666015625,21.0,4.900000095367432,4.699999809265137,45.25,19681.833984375,3176.2,1.1316428184509277,26.098690032958984,272.8285714285714,1553.262939453125,2008.085693359375,-0.9114285707473755,1041.5428571428572,1,481,1,0,0,21,6,30
1,88.0,0.0,267.0,4.0,229.0,9781.0,208.2857142857141,12628.666015625,24.75,1.288888931274414,15774.2275390625,21.33888816833496,4.733333110809326,4.605555534362793,49.1944465637207,19222.888671875,3197.714285714286,1.1312142610549927,26.180952072143555,272.9714285714286,1558.7711181640625,1992.6571044921875,-0.866428554058075,1044.3714285714286,3,481,1,0,0,21,18,33
0,140.0,0.486887127161026,267.0,4.0,229.0,13451.0,205.612244897959,11860.6669921875,26.600000381469727,1.75,14704.400390625,21.950000762939453,4.699999809265137,4.650000095367432,44.41666793823242,21418.666015625,3197.714285714286,1.1312142610549927,26.180952072143555,272.9714285714286,1558.7711181640625,1992.6571044921875,-0.866428554058075,1044.3714285714286,5,481,1,0,0,31,18,48
0,135.0,0.10604333132505417,267.0,4.0,229.0,6123.0,203.97959183673453,12001.0,25.299999237060547,0.8166666626930237,13618.4501953125,23.766666412353516,5.300000190734863,4.699999809265137,50.733333587646484,21708.0,3292.4857142857145,1.103690505027771,26.010833740234375,266.4,1560.0728759765625,2026.6571044921875,-1.0868333578109741,1044.5714285714287,2,481,1,0,0,24,4,51
0,149.0,0.12428734451532364,267.0,4.0,229.0,4889.0,201.89795918367332,10910.0,28.983333587646484,0.8666666746139526,14335.9169921875,20.683332443237305,5.400000095367432,4.75,49.70000076293945,20095.666015625,3327.6857142857143,1.096333384513855,26.006071090698242,264.45714285714286,1562.770263671875,2029.4285888671875,-1.1684046983718872,1045.6,4,481,1,0,0,34,14,51
0,80.0,0.09122006595134735,267.0,4.0,229.0,3881.0,199.5510204081631,12221.1669921875,27.450000762939453,1.5666667222976685,13877.8330078125,20.08333396911621,4.800000190734863,4.5333333015441895,50.266666412353516,19213.0,3392.6857142857143,1.0829285383224487,25.958572387695312,265.0571428571429,1566.05078125,2048.60009765625,-1.4141666889190674,1042.5428571428572,8,481,1,0,0,34,5,28
0,63.0,0.3432154953479767,267.0,4.0,229.0,1889.0,195.91836734693862,10250.0,30.91666603088379,3.066666603088379,14317.7333984375,19.450000762939453,4.400000095367432,4.349999904632568,47.04999923706055,19815.166015625,3394.8571428571427,1.0730714797973633,25.84321403503418,265.74285714285713,1570.7425537109375,2034.4857177734375,-1.3657143115997314,1040.6857142857143,3,481,1,0,0,34,1,19
0,51.0,0.2303306758403778,267.0,4.0,229.0,2400.0,192.2448979591835,12530.3330078125,25.950000762939453,2.200000047683716,16846.166015625,20.433332443237305,5.199999809265137,4.849999904632568,48.79999923706055,20463.666015625,3444.457142857143,1.0605000257492065,25.827024459838867,267.9428571428571,1576.0411376953125,2054.0,-1.6335238218307495,1039.0285714285715,4,481,1,0,0,34,7,16
0,141.0,0.25427594780921936,267.0,4.0,229.0,1411.0,189.36734693877537,11740.0,27.450000762939453,1.4833333492279053,15168.099609375,20.25,5.0,4.650000095367432,51.08333206176758,19532.0,3480.8571428571427,1.0605475902557373,25.77642822265625,263.2,1568.10595703125,2078.628662109375,-1.886047601699829,1038.5714285714287,0,481,1,0,0,24,14,43
0,,0.13797035813331604,267.0,4.0,229.0,2329.0,180.89795918367332,12880.5,27.0,1.5333333015441895,17708.5,21.850000381469727,5.0,5.083333492279053,51.483333587646484,20143.5,3516.8,1.0528333187103271,25.9184513092041,267.8,1592.26025390625,2051.228515625,-1.77909517288208,1046.942857142857,0,481,1,1,0,41,9,
0,,0.09122006595134735,267.0,4.0,229.0,2342.0,180.89795918367332,12880.5,27.0,1.5333333015441895,17708.5,21.850000381469727,5.0,5.083333492279053,51.483333587646484,20143.5,3516.8,1.0528333187103271,25.9184513092041,267.8,1592.26025390625,2051.228515625,-1.77909517288208,1046.942857142857,0,481,1,1,0,41,9,
0,258.0,0.0,267.0,4.0,229.0,2327.0,181.77551020408154,13751.4443359375,23.55555534362793,2.844444513320923,14547.64453125,22.683332443237305,5.366666793823242,4.505555629730225,51.477779388427734,21757.5,3257.9714285714285,1.0533332824707031,25.9952392578125,272.0285714285714,1601.8682861328125,2056.39990234375,-1.765047550201416,1049.6857142857143,1,481,1,1,0,34,23,100
0,,0.10376282781362534,267.0,4.0,229.0,1925.0,174.34693877551007,11591.8330078125,24.816667556762695,2.4000000953674316,13661.3837890625,20.566667556762695,5.099999904632568,4.7833333015441895,52.96666717529297,20176.333984375,2960.8571428571427,1.049047589302063,26.025358200073242,275.9428571428571,1593.9844970703125,2026.5142822265625,-1.67038094997406,1040.4,14,481,1,1,0,41,1,
1,218.0,0.0,267.0,4.0,229.0,1709.0,169.77551020408148,11621.1669921875,25.78333282470703,1.5666667222976685,14000.68359375,22.350000381469727,5.0,4.650000095367432,52.31666564941406,20710.0,2243.2285714285713,1.0440714359283447,26.084880828857422,276.62857142857143,1580.3365478515625,2022.94287109375,-1.7423571348190308,1034.942857142857,0,481,1,0,0,42,22,81
1,106.0,0.0,267.0,4.0,229.0,1842.0,169.34693877551,12114.0,24.100000381469727,3.549999952316284,14585.466796875,22.683332443237305,5.099999904632568,4.599999904632568,52.79999923706055,21038.0,2243.2285714285713,1.0440714359283447,26.084880828857422,276.62857142857143,1580.3365478515625,2022.94287109375,-1.7423571348190308,1034.942857142857,1,481,1,0,0,42,19,38
0,157.0,0.13112884759902954,267.0,4.0,229.0,2054.0,169.59183673469374,12518.9443359375,23.327777862548828,2.4555556774139404,17511.0234375,22.2277774810791,4.900000095367432,4.80555534362793,52.75555419921875,21820.556640625,2164.942857142857,1.055047631263733,26.132381439208984,287.2,1603.847412109375,1967.4571533203125,-1.9958809614181519,1041.7714285714285,1,481,1,0,0,21,19,49
0,168.0,0.07183580100536346,267.0,4.0,229.0,2197.0,168.91836734693857,12127.3330078125,24.66666603088379,4.083333492279053,14004.7998046875,22.299999237060547,4.800000190734863,4.949999809265137,53.43333435058594,22242.833984375,2106.542857142857,1.0510238409042358,26.153451919555664,284.34285714285716,1586.3243408203125,1968.4285888671875,-1.3687857389450073,1034.8,2,481,1,0,0,34,16,52
0,202.0,0.298745721578598,267.0,4.0,229.0,3365.0,165.4489795918366,10093.3330078125,26.399999618530273,4.300000190734863,15864.2998046875,23.483333587646484,5.199999809265137,4.7833333015441895,51.96666717529297,19864.166015625,2069.4285714285716,1.0472856760025024,26.056072235107422,288.4,1581.9302978515625,1939.3428955078125,-0.861380934715271,1025.9714285714285,2,481,1,0,0,24,11,73
1,147.24778725350362,0.07867731153964996,267.0,4.0,229.0,2887.0,161.30612244897947,12100.6669921875,23.233333587646484,4.483333110809326,16077.3837890625,23.0,5.900000095367432,4.683333396911621,52.900001525878906,20275.0,1949.4571428571428,1.0311905145645142,26.011428833007812,309.65714285714284,1608.48486328125,1907.914306640625,-0.6017857193946838,1016.2285714285714,4,481,1,0,0,41,28,59
0,186.0,0.5119726061820984,267.0,4.0,229.0,1096.0,157.38775510204067,10112.8330078125,23.08333396911621,4.849999904632568,15812.400390625,22.366666793823242,5.5,4.5,56.233333587646484,20512.666015625,1855.7714285714285,1.0265952348709106,25.999284744262695,327.3142857142857,1604.77783203125,1886.771484375,-0.411642849445343,995.9142857142857,1,481,1,0,0,31,35,58
0,71.0,0.12428734451532364,267.0,4.0,229.0,2942.0,155.26530612244883,13040.888671875,23.266666412353516,5.599999904632568,17469.421875,22.866666793823242,5.699999809265137,4.7833333015441895,51.9555549621582,22380.66796875,1786.2857142857142,1.0412380695343018,26.185712814331055,342.37142857142857,1593.45751953125,1855.5999755859375,-0.2744285762310028,978.9714285714285,3,481,1,0,0,21,18,30
0,138.0,0.7263398170471191,267.0,4.0,229.0,6524.0,151.97959183673458,10586.0,23.733333587646484,4.616666793823242,14718.0498046875,22.41666603088379,5.199999809265137,4.75,51.96666717529297,19984.0,1660.4285714285713,1.0310475826263428,26.20488166809082,370.7142857142857,1606.396728515625,1835.199951171875,-0.19547617435455322,955.4571428571429,3,481,1,0,0,31,8,47
0,156.89287944075443,0.011402508243918419,267.0,4.0,229.0,2812.0,151.9999999999999,10794.1669921875,21.83333396911621,2.4000000953674316,14692.8662109375,21.200000762939453,5.099999904632568,4.949999809265137,61.266666412353516,21411.833984375,1524.4571428571428,1.0611190795898438,26.41083335876465,374.34285714285716,1574.499755859375,1851.4571533203125,-0.17697620391845703,943.8571428571429,4,481,1,0,0,34,3,59
0,60.0,0.04789053648710251,267.0,4.0,229.0,6136.0,147.59574468085094,11789.2216796875,21.46666717529297,5.6777777671813965,15576.755859375,22.466665267944336,5.766666889190674,4.77222204208374,57.86666488647461,20691.77734375,1436.8285714285714,1.047690510749817,26.321666717529297,405.8,1613.9622802734375,1792.7427978515625,-0.17500001192092896,930.7714285714286,3,481,1,0,0,24,8,19
0,138.0,0.07525655627250671,267.0,4.0,229.0,11170.0,140.11363636363632,12566.3330078125,21.566667556762695,5.0333333015441895,16002.388671875,21.58333396911621,5.400000095367432,4.75,54.45000076293945,19659.0,1387.5142857142857,1.0730714797973633,26.711904525756836,417.85714285714283,1615.85693359375,1766.4285888671875,-0.17892856895923615,929.4,3,481,1,0,0,34,31,49
0,183.0,0.11288483440876007,296.0,3.0,271.0,2367.0,233.9696969696968,12760.8330078125,29.149999618530273,9.033333778381348,17890.283203125,23.433332443237305,4.300000190734863,4.849999904632568,39.61666488647461,19047.333984375,4360.857142857143,1.0021904706954956,27.005475997924805,172.31428571428572,1368.1336669921875,1734.1142578125,0.7700952291488647,1030.2,1,482,1,1,0,21,29,63
0,74.0,0.41619154810905457,296.0,3.0,293.0,1669.0,235.2553191489361,12147.3330078125,28.83333396911621,5.699999809265137,17814.0,21.71666717529297,4.0,4.400000095367432,48.28333282470703,19306.333984375,4681.285714285715,0.9571666717529297,26.745595932006836,164.77142857142857,1371.36328125,1775.4285888671875,0.9713571667671204,1027.1714285714286,2,476,1,1,0,21,2,31
0,,0.09007981419563293,296.0,3.0,293.0,2115.0,238.14285714285705,12995.6669921875,30.100000381469727,5.866666793823242,17537.849609375,21.866666793823242,4.5,4.5,50.63333511352539,17542.666015625,4686.114285714286,0.9512143135070801,26.741310119628906,168.17142857142858,1380.712646484375,1772.5714111328125,0.9998809695243835,1027.857142857143,5,476,1,1,0,42,2,
1,18.0,0.202964648604393,296.0,3.0,293.0,1404.0,243.63265306122437,12603.5,28.883333206176758,8.983333587646484,18149.716796875,22.350000381469727,3.9000000953674316,4.599999904632568,43.75,18340.666015625,4699.6,0.9392619132995605,26.654523849487305,165.34285714285716,1383.832275390625,1790.7142333984375,1.052880883216858,1028.9714285714285,5,476,1,1,1,31,16,8
1,,0.07297605276107788,296.0,3.0,293.0,2895.0,250.55102040816314,13095.7216796875,27.177778244018555,3.7166666984558105,20685.654296875,22.438888549804688,3.566666603088379,4.416666507720947,46.46666717529297,19421.5,4706.4,0.9350714087486267,26.640119552612305,163.4,1377.259765625,1787.4285888671875,1.065595269203186,1026.4,2,476,1,1,0,31,17,
1,122.0,0.366020530462265,296.0,3.0,293.0,1298.0,258.34693877551007,10428.0,28.383333206176758,6.633333206176758,16832.400390625,21.049999237060547,3.9000000953674316,4.650000095367432,49.54999923706055,16589.0,4722.542857142857,0.9086190462112427,26.46666717529297,159.2,1378.5506591796875,1757.2572021484375,1.0439761877059937,1022.2285714285714,1,476,1,1,1,41,17,57
0,92.0,0.9612314701080322,296.0,3.0,293.0,1063.0,266.408163265306,10817.1669921875,30.066667556762695,12.25,15224.966796875,20.016666412353516,3.700000047683716,4.449999809265137,46.5,16006.6669921875,4718.885714285714,0.8925714492797852,26.33976173400879,155.0857142857143,1377.29833984375,1751.05712890625,1.021738052368164,1016.9714285714285,2,476,1,1,0,41,14,42
0,257.0,0.73204106092453,296.0,3.0,293.0,1101.0,286.28571428571416,13674.1669921875,28.850000381469727,11.350000381469727,16344.033203125,21.33333396911621,4.199999809265137,4.75,49.81666564941406,16258.3330078125,4659.6,0.8627380728721619,26.151548385620117,148.5142857142857,1379.72021484375,1714.3143310546875,0.9703333377838135,1014.9714285714285,1,476,1,1,1,21,30,120
1,370.0,0.3511972725391388,296.0,3.0,293.0,1866.0,289.2857142857142,12507.6669921875,28.933332443237305,9.449999809265137,17441.416015625,22.899999618530273,4.199999809265137,4.599999904632568,52.483333587646484,18626.333984375,4625.114285714286,0.8619523644447327,26.16642951965332,149.42857142857142,1381.5223388671875,1709.5714111328125,0.9644286036491394,1014.0285714285715,0,476,1,1,1,41,20,173
0,344.0,0.8426454067230225,296.0,3.0,293.0,1030.0,293.0408163265305,14490.1669921875,28.450000762939453,15.899999618530273,15622.8837890625,21.33333396911621,4.199999809265137,4.699999809265137,51.75,15701.1669921875,4504.628571428571,0.8406428694725037,25.99333381652832,147.68571428571428,1386.429931640625,1681.82861328125,0.9454285502433777,1012.0285714285715,0,476,1,0,1,41,26,162
0,264.0,0.9452679753303528,296.0,3.0,293.0,1092.0,302.7551020408161,14293.6669921875,29.133333206176758,7.2166666984558105,21549.099609375,25.616666793823242,5.400000095367432,4.900000095367432,45.88333511352539,25205.5,4336.371428571429,0.7771428823471069,25.349523544311523,148.11428571428573,1388.2635498046875,1722.4000244140625,0.8570476174354553,990.5142857142857,0,476,1,1,0,11,24,123
0,277.0,0.7400227785110474,296.0,3.0,293.0,1407.0,271.4897959183671,14831.0,27.133333206176758,7.0,15630.650390625,19.91666603088379,3.9000000953674316,4.7833333015441895,47.38333511352539,15063.5,2721.9142857142856,0.7177143096923828,24.818096160888672,159.57142857142858,1417.194091796875,1752.6285400390625,0.4248095452785492,966.2571428571429,1,476,1,1,0,31,33,112
0,203.0,0.17331813275814056,296.0,3.0,293.0,9151.0,264.5306122448978,12350.6669921875,29.016666412353516,4.233333110809326,16439.650390625,20.450000762939453,4.400000095367432,4.7833333015441895,49.29999923706055,15603.1669921875,2650.0857142857144,0.7372618913650513,24.928810119628906,162.05714285714285,1421.8897705078125,1742.085693359375,0.3978809714317322,973.2857142857143,1,476,1,0,0,21,5,75
0,40.0,0.0,296.0,3.0,293.0,5662.0,252.77551020408154,14080.3330078125,26.933332443237305,3.7333333492279053,19292.099609375,19.266666412353516,4.5,4.75,44.81666564941406,16558.666015625,2593.4,0.7408333420753479,24.933452606201172,161.97142857142856,1416.5655517578125,1746.228515625,0.38202381134033203,971.6,1,476,1,0,0,34,10,15
0,91.0,0.05815279483795166,296.0,3.0,293.0,2212.0,245.04081632653057,12718.6669921875,28.983333587646484,5.7833333015441895,15060.7666015625,19.66666603088379,3.5,4.800000190734863,46.349998474121094,16105.3330078125,2448.5142857142855,0.7301666736602783,24.863929748535156,169.68571428571428,1425.529296875,1731.17138671875,0.3396666646003723,963.6571428571428,2,476,1,0,0,21,2,33
0,186.0,0.2907639741897583,296.0,3.0,293.0,11509.0,237.0816326530612,9982.5,28.983333587646484,6.733333110809326,16888.849609375,21.100000381469727,4.599999904632568,4.800000190734863,41.150001525878906,20570.0,2340.4285714285716,0.6989047527313232,24.402023315429688,170.42857142857142,1416.4508056640625,1731.085693359375,0.2771904766559601,945.1714285714286,4,476,1,0,0,31,8,70
0,81.0,0.034207526594400406,296.0,3.0,293.0,25845.0,228.8571428571428,12625.1669921875,24.549999237060547,2.6666667461395264,15349.2666015625,20.0,3.5999999046325684,5.0,45.21666717529297,17608.666015625,2252.2571428571428,0.7335237860679626,24.84988021850586,167.68571428571428,1425.45263671875,1817.17138671875,0.20673809945583344,965.3142857142857,0,476,1,0,0,21,6,32
0,169.0,0.2713797092437744,296.0,3.0,293.0,21437.0,221.44897959183666,11252.8330078125,22.25,4.233333110809326,15406.1162109375,18.78333282470703,4.300000190734863,4.650000095367432,58.349998474121094,13745.3330078125,2315.4285714285716,0.732452392578125,24.916309356689453,169.28571428571428,1425.4117431640625,1853.82861328125,0.1601666659116745,962.1428571428571,0,476,1,0,0,41,2,69
0,111.0,0.015963511541485786,296.0,3.0,293.0,17537.0,223.04081632653052,13269.5,21.133333206176758,4.133333206176758,15690.1337890625,19.96666717529297,4.300000190734863,4.900000095367432,57.33333206176758,16128.1669921875,2403.114285714286,0.7250476479530334,24.846548080444336,165.9142857142857,1432.6866455078125,1903.4285888671875,0.07773809134960175,965.8857142857142,1,476,1,0,0,41,5,41
0,84.0,0.0034207524731755257,296.0,3.0,293.0,9044.0,214.28571428571408,14487.5,21.450000762939453,5.099999904632568,16977.916015625,20.700000762939453,4.400000095367432,4.900000095367432,52.29999923706055,16930.0,2412.1428571428573,0.7287856936454773,24.717023849487305,168.31428571428572,1437.3885498046875,1912.2857666015625,0.02654760703444481,967.0857142857143,0,476,1,0,0,21,33,35
0,139.4732104573099,0.03534777835011482,296.0,3.0,293.0,13258.0,211.20408163265282,11884.1669921875,26.16666603088379,6.150000095367432,17309.8828125,20.700000762939453,4.800000190734863,4.800000190734863,51.599998474121094,18931.833984375,2459.457142857143,0.7215714454650879,24.592262268066406,168.8,1438.2037353515625,1939.7427978515625,-0.04064285755157471,964.4571428571429,0,476,1,0,0,11,20,53
0,93.0,0.009122006595134735,296.0,3.0,293.0,26699.0,218.10204081632628,13400.0,20.866666793823242,3.316666603088379,15843.1337890625,20.25,3.799999952316284,4.800000190734863,57.983333587646484,16113.6669921875,2597.2,0.7205952405929565,24.694286346435547,165.22857142857143,1445.279296875,2012.3714599609375,-0.13271428644657135,969.0571428571428,0,476,1,0,0,21,12,37
1,171.0,0.10034207254648209,296.0,3.0,293.0,29097.0,221.89795918367318,13634.8330078125,24.53333282470703,4.516666889190674,14378.75,20.566667556762695,3.9000000953674316,4.699999809265137,51.5,15737.8330078125,2714.6285714285714,0.7383333444595337,24.87821388244629,171.2,1450.8731689453125,2012.3428955078125,-0.16740475594997406,973.1142857142858,0,476,1,0,0,34,14,66
0,96.0,0.06613454967737198,296.0,3.0,293.0,29391.0,226.57142857142827,13868.0,25.83333396911621,4.116666793823242,17437.18359375,20.58333396911621,4.0,4.699999809265137,46.983333587646484,16811.0,2776.4857142857145,0.7334285974502563,24.781309127807617,171.28571428571428,1450.564453125,2012.7427978515625,-0.19280953705310822,971.2285714285714,2,476,1,0,0,31,31,44
0,173.0,0.03306727483868599,296.0,3.0,293.0,30505.0,231.2040816326528,13267.5,24.5,5.761110782623291,14713.02734375,20.266666412353516,4.199999809265137,4.916666507720947,51.5444450378418,18968.166015625,2855.4285714280954,0.728936493396759,24.652023315429688,172.49523809523527,1448.915283203125,2008.2857666015625,-0.2479761838912964,968.1619047619185,1,476,1,0,0,21,10,79
0,189.0,0.5598631501197815,296.0,3.0,293.0,25955.0,233.95918367346917,11696.8330078125,26.649999618530273,8.449999809265137,16095.18359375,22.933332443237305,4.300000190734863,4.800000190734863,49.53333282470703,21628.333984375,3157.542857142857,0.7068809270858765,24.157262802124023,172.37142857142857,1444.818603515625,1992.5142822265625,-0.3482142686843872,957.3428571428572,0,476,1,0,0,21,10,83
0,236.0,0.45952108502388,296.0,3.0,293.0,17743.0,240.18367346938751,12043.3330078125,29.816667556762695,7.083333492279053,19173.267578125,26.133333206176758,5.699999809265137,4.7166666984558105,45.36666488647461,24527.166015625,3225.2,0.6940714120864868,23.890832901000977,171.4857142857143,1448.1365966796875,1986.6571044921875,-0.3816428482532501,954.8,0,476,1,0,0,21,11,135
0,187.0,0.0,296.0,3.0,293.0,10783.0,240.14285714285694,11403.0,24.91666603088379,5.7166666984558105,16332.93359375,21.116666793823242,4.0,5.099999904632568,51.68333435058594,18888.666015625,3244.6857142857143,0.73545241355896,24.556547164916992,174.74285714285713,1449.6934814453125,1990.8857421875,-0.3721190392971039,969.9714285714285,1,476,1,0,0,41,9,72
0,155.0,0.3717217743396759,296.0,3.0,293.0,5588.0,246.02040816326513,14959.0,24.53333282470703,11.550000190734863,17989.75,24.016666412353516,5.699999809265137,4.800000190734863,48.483333587646484,20328.166015625,3342.5142857142855,0.7360237836837769,24.66131019592285,177.05714285714285,1451.2620849609375,1982.4000244140625,-0.4345952570438385,967.2571428571429,0,476,1,0,0,11,6,81
0,68.0,0.02166476659476757,296.0,3.0,293.0,3853.0,248.3877551020407,14181.6669921875,27.200000762939453,4.599999904632568,15194.1337890625,19.78333282470703,4.300000190734863,4.75,49.41666793823242,17053.333984375,3344.942857142857,0.7292143106460571,24.711191177368164,181.82857142857142,1456.597412109375,1963.228515625,-0.46778571605682373,964.4857142857143,1,476,1,0,0,21,5,26
0,305.0,0.9680729508399963,296.0,3.0,293.0,1078.0,255.20408163265296,15607.0,26.600000381469727,5.166666507720947,17638.033203125,24.16666603088379,4.900000095367432,4.849999904632568,48.66666793823242,22497.333984375,3462.4285714285716,0.7184047698974609,24.672618865966797,184.62857142857143,1456.244384765625,1940.17138671875,-0.6266666650772095,957.5142857142857,0,476,1,1,0,21,25,153
0,166.0,0.47092360258102417,296.0,3.0,293.0,1089.0,253.73469387755097,14362.1669921875,27.133333206176758,5.116666793823242,14782.56640625,19.149999618530273,4.099999904632568,4.599999904632568,50.53333282470703,16471.0,3493.542857142857,0.7319999933242798,24.756309509277344,185.4,1464.865234375,1930.4571533203125,-0.7070237994194031,967.9714285714285,1,476,1,1,0,31,4,69
0,274.0,0.020524514839053154,296.0,3.0,293.0,2959.0,260.04081632653043,15035.3330078125,24.53333282470703,3.0999999046325684,16812.6328125,21.366666793823242,4.900000095367432,5.0,49.150001525878906,18067.333984375,3557.342857142857,0.7495238184928894,24.735713958740234,185.5142857142857,1466.5201416015625,1926.914306640625,-0.8320476412773132,973.9142857142857,2,476,1,0,0,41,17,113
0,276.0,0.8198403716087341,296.0,3.0,293.0,1244.0,264.77551020408146,13515.6669921875,27.266666412353516,7.9666666984558105,16729.150390625,23.850000381469727,6.099999904632568,4.849999904632568,49.63333511352539,22297.666015625,3577.057142857143,0.7493095397949219,24.770357131958008,187.8,1467.9827880859375,1912.7142333984375,-0.8993333578109741,972.0571428571428,1,476,1,0,0,31,31,110
0,222.0,0.37400227785110474,296.0,3.0,293.0,1947.0,270.2857142857141,12046.0,25.983333587646484,5.522222518920898,15739.1552734375,22.899999618530273,5.233333110809326,4.800000190734863,51.57222366333008,19623.556640625,3640.4857142857145,0.7341190576553345,24.429523468017578,187.2,1467.914306640625,1901.82861328125,-1.0427380800247192,968.8285714285714,0,476,1,0,0,21,6,92
0,234.91882515958142,0.3591790199279785,296.0,3.0,293.0,3414.0,275.4489795918365,13370.5,28.33333396911621,6.9666666984558105,19351.3828125,25.649999618530273,6.199999809265137,4.699999809265137,49.61666488647461,22820.666015625,3733.5142857142855,0.7475714087486267,24.637380599975586,189.31428571428572,1471.9095458984375,1883.5999755859375,-1.2283809185028076,970.7142857142857,3,476,1,0,0,11,17,92
0,49.0,0.3911060392856598,296.0,3.0,293.0,1236.0,286.7959183673468,11893.5,27.649999618530273,7.449999809265137,22158.31640625,26.116666793823242,6.0,4.883333206176758,45.08333206176758,23389.166015625,3754.285714285714,0.7353333234786987,24.56333351135254,189.74285714285713,1470.1524658203125,1873.914306640625,-1.2868332862854004,964.2,5,476,1,1,0,21,5,20
0,292.0,0.9475484490394592,296.0,3.0,293.0,1047.0,292.8775510204079,16970.166015625,21.91666603088379,6.266666889190674,16415.583984375,22.08333396911621,4.599999904632568,4.483333110809326,53.516666412353516,21763.5,3875.9142857142856,0.7718333601951599,24.863571166992188,194.25714285714287,1484.7744140625,1890.4571533203125,-0.9037142992019653,979.1428571428571,1,476,1,1,0,41,15,142
0,142.0,0.8266818523406982,296.0,3.0,293.0,1179.0,296.22448979591815,15899.3330078125,23.816667556762695,5.5,16562.8671875,23.049999237060547,4.699999809265137,4.650000095367432,46.20000076293945,22656.0,3882.2571428571428,0.7667618989944458,24.684999465942383,193.65714285714284,1480.956787109375,1896.4000244140625,-0.8168095350265503,975.8571428571429,0,476,1,1,0,21,25,69
0,232.0,0.18814139068126678,296.0,3.0,293.0,1556.0,261.95918367346917,15863.3330078125,30.933332443237305,2.1500000953674316,15722.400390625,20.549999237060547,3.9000000953674316,4.900000095367432,39.03333282470703,18256.0,2808.885714285714,0.8251428604125977,24.80368995666504,233.71428571428572,1494.2611083984375,1867.4000244140625,-1.119166612625122,960.2857142857143,6,476,1,0,0,31,18,85
0,121.0,0.1356898546218872,296.0,3.0,293.0,4772.0,257.28571428571405,11960.5,30.950000762939453,5.933333396911621,16737.650390625,22.616666793823242,5.099999904632568,4.800000190734863,44.599998474121094,21137.166015625,2682.7714285714287,0.848547637462616,24.792381286621094,234.9142857142857,1495.747314453125,1887.142822265625,-1.0915476083755493,966.9142857142857,5,476,1,0,0,31,10,47
0,149.0,0.33295324444770813,296.0,3.0,293.0,10376.0,252.42857142857116,8791.0,28.350000381469727,3.8722221851348877,16692.177734375,23.094444274902344,5.133333206176758,4.9277777671813965,44.16666793823242,22195.5546875,2551.5142857142855,0.8443333506584167,24.645000457763672,239.2,1500.024658203125,1888.94287109375,-1.042380928993225,961.3428571428572,2,476,1,0,0,11,10,60
0,249.0,0.08437856286764145,296.0,3.0,293.0,1836.0,242.79591836734664,11401.1669921875,27.899999618530273,1.600000023841858,15454.4169921875,21.28333282470703,4.400000095367432,4.800000190734863,48.78333282470703,19101.666015625,2624.4,0.852571427822113,24.804405212402344,243.71428571428572,1508.3603515625,1888.94287109375,-1.048119068145752,959.4285714285714,1,476,1,0,0,34,8,92
0,110.0,0.15165336430072784,296.0,3.0,293.0,1311.0,242.79591836734664,12210.5,28.399999618530273,1.4500000476837158,15459.466796875,20.41666603088379,4.099999904632568,4.75,47.016666412353516,19513.833984375,2624.4,0.852571427822113,24.804405212402344,243.71428571428572,1508.3603515625,1888.94287109375,-1.048119068145752,959.4285714285714,2,476,1,0,0,21,9,51
0,77.0,0.006841504946351051,296.0,3.0,293.0,8064.0,233.10204081632625,10022.5,29.21666717529297,2.9166667461395264,15513.9169921875,19.899999618530273,4.199999809265137,4.75,46.95000076293945,19290.0,2744.3714285714286,0.8747857213020325,24.850833892822266,238.9142857142857,1506.6202392578125,1901.142822265625,-0.9529047608375549,969.4857142857143,1,476,1,0,0,31,11,35
0,141.0,0.516533613204956,296.0,3.0,293.0,13406.0,229.67346938775486,10447.5,26.21666717529297,2.0999999046325684,15579.81640625,20.899999618530273,4.5,4.75,54.13333511352539,19995.0,2856.457142857143,0.9044047594070435,25.14047622680664,236.05714285714285,1504.692626953125,1906.7142333984375,-0.9554523825645447,980.8285714285714,0,476,1,0,0,21,8,57
0,,0.0,296.0,3.0,293.0,11479.0,226.34693877550995,14054.6669921875,30.66666603088379,0.44999998807907104,14352.033203125,19.399999618530273,3.9000000953674316,5.25,47.33333206176758,17709.0,3004.2571428571428,0.9301190376281738,25.377975463867188,229.45714285714286,1494.623779296875,1922.4000244140625,-1.030500054359436,989.1142857142858,3,481,1,0,0,21,8,
0,170.0,0.05929304286837578,296.0,3.0,293.0,5208.0,224.91836734693854,12759.6669921875,26.53333282470703,2.183333396911621,14568.5498046875,18.75,4.099999904632568,4.75,50.88333511352539,17542.166015625,3102.942857142857,0.9252380728721619,25.41964340209961,232.71428571428572,1502.3240966796875,1906.4000244140625,-1.0668095350265503,987.1714285714286,1,476,1,0,0,41,23,61
0,201.0,0.0,296.0,3.0,293.0,4659.0,224.06122448979573,12107.72265625,29.64444351196289,3.211111068725586,15536.677734375,21.422222137451172,4.433333396911621,4.683333396911621,50.75,18502.27734375,3078.3142857142857,0.9328809380531311,25.390953063964844,231.0,1503.0452880859375,1925.771484375,-1.0544047355651855,991.5428571428571,2,476,1,0,0,21,18,74
1,98.0,0.026225769892334938,296.0,3.0,293.0,6671.0,223.40816326530592,12062.0,23.566667556762695,1.6833332777023315,15071.533203125,18.91666603088379,4.0,4.683333396911621,53.46666717529297,15979.1669921875,3010.5714285714284,0.939047634601593,25.52023696899414,234.65714285714284,1502.79638671875,1913.4571533203125,-1.0749523639678955,990.1428571428571,0,481,1,0,0,31,15,41
1,177.23622398524495,0.10604333132505417,296.0,3.0,229.0,3169.0,224.67346938775492,15596.3330078125,24.233333587646484,2.616666555404663,15153.599609375,20.03333282470703,4.400000095367432,4.383333206176758,51.900001525878906,18354.0,2839.942857142857,0.9399523735046387,25.579761505126953,243.37142857142857,1504.8104248046875,1900.3143310546875,-1.0904285907745361,982.9142857142857,1,481,1,0,0,41,9,69
0,245.0,0.4743443429470062,267.0,4.0,229.0,1155.0,224.5918367346937,16117.1669921875,25.850000381469727,4.75,16278.1337890625,20.933332443237305,4.900000095367432,4.349999904632568,51.43333435058594,20032.0,2731.7428571428572,0.939547598361969,25.472143173217773,249.22857142857143,1509.3515625,1902.5714111328125,-1.2822381258010864,981.6857142857143,1,481,1,0,0,41,9,107
0,272.0,0.9589509963989258,267.0,4.0,293.0,1086.0,224.87755102040796,17624.0,25.766666412353516,3.0166666507720947,18773.30078125,22.149999618530273,5.5,4.383333206176758,53.46666717529297,24680.333984375,2652.7714285714287,0.9275952577590942,25.34166717529297,251.71428571428572,1509.7711181640625,1893.4000244140625,-1.3331190347671509,975.8571428571429,0,476,1,0,0,11,24,128
0,167.0,0.3101482391357422,267.0,4.0,293.0,1191.0,225.31292517002868,16506.22265625,26.55000114440918,1.2388888597488403,15001.044921875,21.49444580078125,4.333333492279053,4.338889122009277,52.78333282470703,18298.888671875,2605.657142857143,0.944261908531189,25.468929290771484,249.71428571428572,1509.080322265625,1902.5714111328125,-1.4629285335540771,983.4571428571429,3,476,1,0,0,21,11,65
0,168.0,0.18814139068126678,267.0,4.0,293.0,1463.0,221.10204081632637,16157.3330078125,23.950000762939453,1.350000023841858,17647.767578125,20.649999618530273,4.300000190734863,4.699999809265137,57.43333435058594,19542.666015625,2569.6285714285714,0.9583333134651184,25.44869041442871,252.14285714285714,1513.76123046875,1905.94287109375,-1.5286428928375244,988.7714285714286,0,476,1,0,0,41,5,60
0,139.0,0.009122006595134735,267.0,4.0,293.0,4231.0,219.99999999999986,12186.6669921875,21.316667556762695,1.4500000476837158,16077.466796875,18.683332443237305,3.700000047683716,4.5,63.25,17328.5,2598.057142857143,0.9919047355651855,25.789167404174805,253.4,1513.47216796875,1881.2572021484375,-1.7098095417022705,994.3428571428572,0,476,1,0,0,31,18,51
1,228.0,0.0,267.0,4.0,293.0,7704.0,219.7142857142856,12226.0,19.383333206176758,1.8833333253860474,15973.033203125,18.25,4.099999904632568,4.599999904632568,63.18333435058594,15983.3330078125,2624.0857142857144,1.021738052368164,26.002262115478516,255.68571428571428,1520.562255859375,1869.82861328125,-1.7889047861099243,1004.6,0,476,1,0,0,31,9,103
0,191.0,0.3033067286014557,267.0,4.0,293.0,4151.0,219.38775510204073,16440.666015625,28.450000762939453,2.7666666507720947,25210.80078125,21.799999237060547,4.599999904632568,4.683333396911621,50.29999923706055,25683.333984375,2724.3714285714286,1.0123333930969238,25.907976150512695,254.05714285714285,1516.26611328125,1861.4857177734375,-1.7968571186065674,1002.9428571428572,0,476,1,0,0,31,4,74
0,199.0,0.5632839202880859,267.0,4.0,293.0,7206.0,220.85714285714275,12995.6669921875,21.450000762939453,1.6666666269302368,13709.466796875,18.616666793823242,4.300000190734863,4.583333492279053,58.96666717529297,16957.0,2742.4,1.027333378791809,25.96738052368164,253.05714285714285,1520.957763671875,1864.142822265625,-1.805976152420044,1010.7714285714286,1,476,1,0,0,21,27,74
0,141.0,0.3454959988594055,267.0,4.0,293.0,1686.0,221.67346938775498,11757.8330078125,24.566667556762695,2.116666555404663,13790.6669921875,19.399999618530273,4.0,4.683333396911621,56.46666717529297,16308.1669921875,2871.0857142857144,1.0077142715454102,25.664880752563477,251.5142857142857,1518.302978515625,1876.5714111328125,-1.7786428928375244,1004.6285714285714,0,476,1,0,0,31,11,49
1,173.0,0.01824401319026947,267.0,4.0,229.0,5651.0,219.57142857142847,17126.6484375,22.585186004638672,1.8481481075286865,13625.3349609375,19.649999618530273,4.02222204208374,4.546296119689941,56.38888931274414,16562.591796875,2848.342857142857,1.0285238027572632,25.95726203918457,258.57142857142856,1524.45947265625,1870.085693359375,-1.8532381057739258,1006.9428571428572,3,481,1,0,0,21,16,64
0,132.0,0.19954389333724976,267.0,4.0,229.0,9471.0,220.38775510204067,14005.6669921875,22.183332443237305,1.0666667222976685,16101.033203125,19.899999618530273,4.400000095367432,4.75,62.11666488647461,20315.666015625,2787.714285714286,1.0407142639160156,26.00238037109375,257.54285714285714,1526.4407958984375,1877.17138671875,-1.8685952425003052,1013.1142857142858,2,481,1,0,0,21,7,47
1,152.0,0.3785632848739624,267.0,4.0,229.0,3925.0,222.79591836734676,11910.3330078125,23.683332443237305,1.6333333253860474,14147.283203125,19.933332443237305,4.199999809265137,4.5,60.650001525878906,17938.5,2998.6857142857143,1.0287142992019653,25.774999618530273,249.0,1525.803955078125,1913.17138671875,-1.8168095350265503,1015.4571428571429,1,481,1,0,0,42,9,56
0,97.0,0.4583808481693268,267.0,4.0,229.0,3053.0,220.8367346938774,9976.1669921875,22.616666793823242,0.9833333492279053,14436.2001953125,19.566667556762695,4.099999904632568,4.599999904632568,62.18333435058594,19428.5,2971.057142857143,1.0247857570648193,25.63035774230957,253.82857142857142,1531.2904052734375,1909.82861328125,-1.8740237951278687,1011.4857142857143,0,481,1,0,0,31,5,33
0,,0.1767388880252838,267.0,4.0,229.0,3461.0,218.42857142857125,11731.888671875,20.5222225189209,1.1833332777023315,15650.9658203125,18.91111183166504,3.9666666984558105,4.627777576446533,62.85000228881836,17376.388671875,3051.4,1.0365238189697266,25.775358200073242,250.9142857142857,1541.1119384765625,1921.4857177734375,-1.8470714092254639,1024.2285714285715,2,481,1,0,0,42,19,
0,138.0,0.026225769892334938,267.0,4.0,229.0,4346.0,215.36734693877537,15199.3330078125,22.049999237060547,2.200000047683716,15092.0,19.483333587646484,4.0,4.699999809265137,62.91666793823242,19032.0,2983.114285714286,1.0203332901000977,25.5622615814209,255.2,1542.673583984375,1915.228515625,-1.853023886680603,1014.4857142857143,1,481,1,0,0,21,9,46
0,48.0,0.2976054847240448,267.0,4.0,229.0,1217.0,215.1020408163264,11335.6669921875,24.233333587646484,1.1166666746139526,14119.2666015625,20.799999237060547,4.300000190734863,4.550000190734863,56.58333206176758,17371.333984375,2833.657142857143,1.038095235824585,25.701190948486328,260.54285714285714,1551.706298828125,1899.2572021484375,-1.888381004333496,1019.4,1,481,1,0,0,21,18,21
0,202.0,0.48460662364959717,267.0,4.0,229.0,1281.0,211.04081632653055,13546.8330078125,25.066667556762695,1.5166666507720947,15906.7998046875,21.350000381469727,5.0,4.583333492279053,54.18333435058594,19177.0,2743.057142857143,1.0212619304656982,25.72011947631836,269.0857142857143,1541.8251953125,1855.3428955078125,-1.8263332843780518,1000.2571428571429,0,481,1,0,0,21,26,89
0,89.0,0.20524515211582184,267.0,4.0,229.0,1841.0,211.04081632653055,13391.3330078125,24.78333282470703,0.8666666746139526,14346.1337890625,20.41666603088379,4.5,4.483333110809326,54.63333511352539,17573.0,2743.057142857143,1.0212619304656982,25.72011947631836,269.0857142857143,1541.8251953125,1855.3428955078125,-1.8263332843780518,1000.2571428571429,0,481,1,0,0,31,18,36
0,88.0,0.45952108502388,267.0,4.0,229.0,2310.0,210.7142857142856,9711.1669921875,27.100000381469727,0.6166666746139526,14100.06640625,19.516666412353516,4.599999904632568,4.5,51.06666564941406,17544.333984375,2639.9714285714285,1.028761863708496,25.53333282470703,262.57142857142856,1541.73583984375,1877.4285888671875,-1.6480000019073486,1006.9428571428572,0,481,1,1,0,21,11,28
0,153.0,0.7092360258102417,267.0,4.0,229.0,1034.0,212.30612244897944,9879.0,27.299999237060547,1.0333333015441895,14903.599609375,20.733333587646484,5.099999904632568,4.400000095367432,52.08333206176758,18696.333984375,2514.885714285714,1.0316904783248901,25.324405670166016,263.8857142857143,1541.0474853515625,1902.7427978515625,-1.4589999914169312,1008.1142857142858,2,481,1,1,0,31,14,50
0,73.0,0.019384264945983887,267.0,4.0,229.0,2566.0,212.30612244897944,9726.5556640625,27.383333206176758,1.3666666746139526,14421.2333984375,20.52777862548828,5.0333333015441895,4.599999904632568,51.13888931274414,18575.0,2533.0285714285715,1.041595220565796,25.359405517578125,261.6,1538.22265625,1918.4571533203125,-1.4389523267745972,1014.9142857142857,4,481,1,1,0,34,14,24
0,99.0,0.0011402508243918419,267.0,4.0,229.0,11137.0,217.99999999999983,11278.5,27.03333282470703,1.9166666269302368,14029.0498046875,20.299999237060547,4.099999904632568,4.75,57.33333206176758,19580.0,2434.5142857142855,1.0632381439208984,25.52726173400879,262.2,1537.2847900390625,1926.6285400390625,-1.3330951929092407,1017.4571428571429,0,481,1,0,0,21,12,34
0,116.0,0.543899655342102,267.0,4.0,229.0,1194.0,218.48979591836715,10885.2783203125,23.983333587646484,1.1888889074325562,13757.861328125,20.266666412353516,4.366666793823242,4.655555725097656,55.93888854980469,19912.556640625,2331.285714285714,1.0720000267028809,25.610239028930664,276.0571428571429,1549.5244140625,1897.085693359375,-1.2061190605163574,1011.3428571428572,1,481,1,0,0,41,10,39
0,193.0,0.7548460364341736,267.0,4.0,229.0,1319.0,213.75510204081615,10413.0,27.21666717529297,1.2999999523162842,14427.5,19.649999618530273,4.699999809265137,4.400000095367432,50.016666412353516,18943.0,2204.5714285714284,1.056166648864746,25.494762420654297,292.7142857142857,1546.4974365234375,1888.085693359375,-1.08730947971344,989.4285714285714,2,481,1,0,0,34,14,70
0,257.0,0.3363740146160126,267.0,4.0,229.0,1956.0,218.26530612244883,10005.5,26.399999618530273,0.699999988079071,14548.716796875,20.866666793823242,4.900000095367432,4.583333492279053,51.150001525878906,18278.666015625,2136.8571428571427,1.062761902809143,25.457857131958008,295.8857142857143,1545.2431640625,1873.5428466796875,-1.0465476512908936,987.1428571428571,4,481,1,0,0,21,21,87
0,146.0,0.24743443727493286,267.0,4.0,229.0,1680.0,217.28571428571416,12225.1669921875,27.0,3.2333333492279053,16016.8330078125,21.016666412353516,4.699999809265137,4.566666603088379,51.56666564941406,18730.333984375,2111.342857142857,1.066333293914795,25.59511947631836,304.9714285714286,1551.3182373046875,1844.3714599609375,-1.025333285331726,981.7142857142857,2,481,1,0,0,24,15,51
0,184.0,0.5461801886558533,267.0,4.0,229.0,3484.0,210.93877551020398,12181.0,25.016666412353516,1.7666666507720947,15510.2666015625,20.850000381469727,4.300000190734863,4.483333110809326,51.63333511352539,21559.833984375,2010.9142857142858,1.1237143278121948,26.168807983398438,317.74285714285713,1545.393798828125,1849.5428466796875,-0.9854047894477844,984.5428571428571,1,481,1,0,0,21,17,59
0,109.0,0.3021664619445801,267.0,4.0,229.0,7970.0,209.3673469387754,11843.8330078125,24.25,2.5833332538604736,21097.900390625,21.049999237060547,4.5,4.550000190734863,47.20000076293945,19193.0,2012.9714285714285,1.1177618503570557,26.04273796081543,318.48571428571427,1547.987060546875,1860.199951171875,-0.9647857546806335,984.3142857142857,4,481,1,0,0,21,1,42
0,116.0,0.4857468605041504,267.0,4.0,229.0,7526.0,214.0612244897958,11371.0556640625,26.02777862548828,4.19444465637207,23827.578125,22.066667556762695,5.266666889190674,4.733333110809326,49.011112213134766,22053.5546875,2083.9714285714285,1.1013095378875732,25.91928482055664,315.0,1542.0330810546875,1847.17138671875,-0.9500714540481567,978.6,4,481,1,0,0,21,1,41
0,111.0,0.0,267.0,4.0,293.0,10237.0,214.5102040816325,11205.888671875,24.177778244018555,0.35555556416511536,13893.18359375,19.766666412353516,4.599999904632568,4.400000095367432,50.733333587646484,18556.5,2160.8,1.100023865699768,25.947738647460938,310.0,1544.385986328125,1834.971435546875,-0.9578333497047424,984.0571428571428,7,481,1,0,0,34,9,45
0,180.0,0.39566704630851746,267.0,4.0,293.0,4176.0,210.61224489795907,13126.1669921875,24.33333396911621,3.1666667461395264,21091.966796875,22.46666717529297,4.900000095367432,4.5,48.03333282470703,17997.5,2009.3142857142857,1.1145000457763672,26.06916618347168,324.0,1551.1986083984375,1867.914306640625,-0.8425000309944153,980.5142857142857,0,476,1,0,0,41,1,64
0,190.0,0.6613454818725586,267.0,4.0,293.0,1760.0,213.51020408163257,11147.0,25.28333282470703,0.6499999761581421,15200.400390625,19.899999618530273,4.400000095367432,4.550000190734863,48.83333206176758,19271.0,2181.942857142857,1.103952407836914,26.0290470123291,315.37142857142857,1549.0467529296875,1854.4285888671875,-0.7915000319480896,984.5142857142857,0,476,1,0,0,31,4,60
0,156.0,0.3511972725391388,267.0,4.0,293.0,3761.0,221.9999999999999,10316.388671875,24.377779006958008,1.2777777910232544,15216.1337890625,19.55555534362793,4.300000190734863,4.733333110809326,51.46666717529297,18843.111328125,2367.1428571428573,1.107285737991333,25.97273826599121,301.45714285714286,1543.5836181640625,1881.0,-0.7677618861198425,995.8,0,481,1,0,0,21,19,51
0,199.0,0.22462941706180573,267.0,4.0,229.0,1920.0,224.48979591836724,10886.9443359375,25.766666412353516,1.0333333015441895,15266.2109375,19.80000114440918,4.699999809265137,4.400000095367432,46.58333206176758,17856.333984375,2381.1333333331922,1.1029127836227417,25.96500015258789,308.0285714285636,1554.231201171875,1878.4857177734375,-0.7135475873947144,994.1809523809583,0,481,1,0,0,21,5,74
0,220.0,0.91904217004776,267.0,4.0,229.0,1030.0,225.53061224489784,10251.0,28.883333206176758,1.9833333492279053,15025.5,20.799999237060547,5.099999904632568,4.699999809265137,42.58333206176758,22045.666015625,2514.542857142857,1.0679285526275635,25.66988182067871,304.25714285714287,1564.9434814453125,1872.914306640625,-0.6683809757232666,993.2857142857143,2,481,1,0,0,41,18,85
0,181.0,0.2291904240846634,267.0,4.0,229.0,1412.0,225.53061224489784,9972.2216796875,25.288888931274414,0.9666666984558105,14400.43359375,20.41666603088379,4.333333492279053,4.5333333015441895,48.28333282470703,17224.443359375,2555.4857142857145,1.0796904563903809,25.707500457763672,299.62857142857143,1551.6795654296875,1887.6571044921875,-0.6808571219444275,994.7142857142857,3,481,1,0,0,31,10,63
0,178.0,0.045610032975673676,267.0,4.0,229.0,2497.0,218.08163265306112,13985.0,28.866666793823242,4.416666507720947,16608.30078125,21.899999618530273,5.0,4.599999904632568,46.099998474121094,21495.0,2647.4,1.0992143154144287,25.82964324951172,295.74285714285713,1548.9891357421875,1928.085693359375,-0.7003333568572998,1006.9428571428572,3,481,1,0,0,24,17,56
0,229.0,0.42189282178878784,267.0,4.0,229.0,4032.0,215.28571428571416,9907.0,27.41666603088379,1.4666666984558105,14551.6337890625,21.383333206176758,4.800000190734863,4.2833333015441895,39.93333435058594,17822.666015625,2697.714285714286,1.0999523401260376,25.83202362060547,295.62857142857143,1551.289794921875,1928.800048828125,-0.6961904764175415,1009.5142857142857,3,481,1,0,0,24,17,76
0,204.0,0.5929304361343384,267.0,4.0,229.0,1998.0,216.24489795918348,10173.0,29.183332443237305,1.8166667222976685,14484.7001953125,19.816667556762695,4.699999809265137,4.449999809265137,44.25,19360.0,2804.8,1.0950000286102295,25.821548461914062,290.1142857142857,1548.3343505859375,1924.7142333984375,-0.6853571534156799,1010.3142857142857,1,481,1,0,0,41,10,64
0,95.0,0.03192702308297157,267.0,4.0,229.0,1904.0,213.9183673469386,9940.1669921875,28.366666793823242,1.4833333492279053,15261.966796875,20.66666603088379,4.5,4.400000095367432,41.25,17937.833984375,2923.657142857143,1.0859047174453735,25.904048919677734,288.0857142857143,1562.9979248046875,1908.5999755859375,-0.7264523506164551,1015.8571428571429,5,481,1,0,0,31,7,34
1,213.0,0.0,267.0,4.0,229.0,2103.0,210.74829931973784,11026.8330078125,28.03333282470703,1.605555534362793,15169.228515625,20.5,4.5333333015441895,4.516666889190674,44.55555725097656,19580.27734375,3039.714285714286,1.1033095121383667,26.006786346435547,283.14285714285717,1560.708740234375,1937.142822265625,-0.7608809471130371,1025.3428571428572,1,481,1,0,0,34,18,69
0,84.0,0.08323831111192703,267.0,4.0,229.0,4005.0,208.57142857142836,10118.888671875,25.0222225189209,1.4388889074325562,13756.2216796875,20.711111068725586,4.433333396911621,4.650000095367432,50.85555648803711,18035.888671875,3152.114285714286,1.1168808937072754,26.05928611755371,273.8,1552.907470703125,1979.7142333984375,-0.780738115310669,1035.4,1,481,1,0,0,21,4,30
0,166.48761916621922,0.23375143110752106,267.0,4.0,229.0,7755.0,203.97959183673453,12500.8330078125,25.016666412353516,0.8833333253860474,14472.2001953125,22.399999618530273,4.900000095367432,4.650000095367432,51.233333587646484,19885.5,3184.7428571428572,1.1145237684249878,25.981904983520508,271.8285714285714,1559.429931640625,1987.199951171875,-0.7474285364151001,1039.4,2,481,1,0,0,21,18,53
1,124.0,0.15735462307929993,267.0,4.0,229.0,6104.0,201.71428571428555,9454.0,23.91666603088379,0.4166666567325592,15590.2001953125,18.600000381469727,4.5,4.983333110809326,52.43333435058594,19585.0,3267.4285714285716,1.0889999866485596,25.91619110107422,270.0,1560.815185546875,1993.3143310546875,-0.7676190733909607,1035.4285714285713,3,481,1,0,0,42,10,40
0,172.0,0.20068414509296417,267.0,4.0,229.0,1855.0,201.89795918367332,11705.5,26.41666603088379,1.7166666984558105,15698.599609375,22.883333206176758,5.199999809265137,4.75,50.58333206176758,20784.0,3337.2285714285713,1.0804286003112793,25.81702423095703,265.1142857142857,1563.8834228515625,2018.7142333984375,-1.023547649383545,1039.4857142857143,3,481,1,0,0,24,12,54
0,172.0,0.46408209204673767,267.0,4.0,229.0,3086.0,199.5510204081631,11636.5,26.5,1.7666666507720947,18298.400390625,22.96666717529297,4.900000095367432,4.683333396911621,51.03333282470703,20369.0,3356.2571428571428,1.0768572092056274,25.792619705200195,265.42857142857144,1564.9635009765625,2018.7142333984375,-1.1221190690994263,1038.8857142857144,2,481,1,0,0,34,17,54
0,72.0,0.2519954442977905,267.0,4.0,229.0,1261.0,194.12244897959167,11525.8330078125,26.78333282470703,1.5333333015441895,16304.68359375,20.616666793823242,4.400000095367432,4.849999904632568,50.58333206176758,18380.5,3441.2571428571428,1.059166669845581,25.685832977294922,264.48571428571427,1570.8294677734375,2016.05712890625,-1.3366667032241821,1037.6285714285714,4,481,1,0,0,34,10,26
0,136.0,0.4515393376350403,267.0,4.0,229.0,2407.0,190.59183673469371,10960.6669921875,26.766666412353516,2.5999999046325684,18139.900390625,20.200000762939453,4.699999809265137,4.800000190734863,51.08333206176758,21367.666015625,3473.2571428571428,1.049118995666504,25.66047477722168,262.51428571428573,1568.3853759765625,2053.971435546875,-1.5661190748214722,1035.4571428571428,2,481,1,0,0,24,10,51
0,130.0,0.2690992057323456,267.0,4.0,229.0,3985.0,189.36734693877537,10678.8330078125,25.516666412353516,1.7333333492279053,15675.8330078125,20.46666717529297,4.800000190734863,4.449999809265137,51.46666717529297,21660.833984375,3444.457142857143,1.0605000257492065,25.827024459838867,267.9428571428571,1576.0411376953125,2054.0,-1.6335238218307495,1039.0285714285715,5,481,1,0,0,34,12,43
0,,0.0,267.0,4.0,229.0,3391.0,185.4489795918366,15165.2783203125,25.0,2.700000047683716,20222.283203125,23.188888549804688,5.199999809265137,5.238888740539551,53.20000076293945,23129.666015625,3494.4,1.0668333768844604,25.99226188659668,267.8,1580.5166015625,2060.085693359375,-1.791190505027771,1044.7714285714285,20,481,1,0,0,41,15,
1,143.0,0.2519954442977905,267.0,4.0,229.0,1237.0,183.28571428571414,12586.3330078125,24.366666793823242,2.133333444595337,15077.2333984375,21.25,4.699999809265137,4.633333206176758,52.400001525878906,21606.333984375,3507.6,1.073380947113037,26.053571701049805,265.8857142857143,1575.681640625,2063.800048828125,-1.863785743713379,1046.2,3,481,1,1,0,21,21,51
0,96.0,0.4880273640155792,267.0,4.0,229.0,1155.0,175.4693877551019,13749.8330078125,22.616666793823242,4.666666507720947,15726.3662109375,22.41666603088379,5.599999904632568,4.383333206176758,56.06666564941406,20515.166015625,2961.4857142857145,1.0465952157974243,25.993452072143555,279.7142857142857,1602.7255859375,2006.085693359375,-1.70547616481781,1040.0,0,481,1,1,0,24,35,31
0,35.0,0.06499429792165756,267.0,4.0,229.0,2578.0,173.63265306122437,12672.6669921875,23.149999618530273,1.6666666269302368,14925.2001953125,23.066667556762695,5.5,5.083333492279053,55.983333587646484,22800.0,2882.2285714285713,1.044381022453308,25.952619552612305,281.1142857142857,1597.4530029296875,1991.5142822265625,-1.7018572092056274,1035.142857142857,2,481,1,1,0,34,15,11
0,134.0,0.0,267.0,4.0,229.0,2584.0,169.51020408163254,11915.6669921875,24.433332443237305,3.7333333492279053,14370.9501953125,22.100000381469727,5.099999904632568,4.583333492279053,53.79999923706055,19929.0,2303.1428571428573,1.0226190090179443,25.873809814453125,284.0571428571429,1602.8414306640625,1964.228515625,-1.7238094806671143,1032.7142857142858,4,481,1,1,0,31,16,52
1,145.0,0.049030788242816925,267.0,4.0,229.0,5411.0,170.14285714285703,10340.8330078125,25.08333396911621,1.0333333015441895,16731.80078125,23.616666793823242,5.699999809265137,5.0,55.96666717529297,20602.5,2243.4857142857145,1.059000015258789,26.09238052368164,273.25714285714287,1559.9024658203125,1979.3143310546875,-2.0268571376800537,1030.4,5,481,1,0,0,41,11,57
0,201.0,0.18358038365840912,267.0,4.0,229.0,1997.0,168.34693877551007,10421.3330078125,25.233333587646484,3.1500000953674316,17281.482421875,23.450000762939453,4.900000095367432,4.75,55.38333511352539,19963.833984375,2141.8,1.0346190929412842,25.939167022705078,293.1142857142857,1608.1922607421875,1897.914306640625,-1.0693094730377197,1031.2285714285715,2,481,1,0,0,24,34,69
0,180.0,0.05359179154038429,267.0,4.0,229.0,1378.0,165.4897959183672,12140.1669921875,25.066667556762695,4.616666793823242,18195.849609375,24.183332443237305,5.300000190734863,4.800000190734863,52.53333282470703,20795.166015625,2141.8,1.0346190929412842,25.939167022705078,293.1142857142857,1608.1922607421875,1897.914306640625,-1.0693094730377197,1031.2285714285715,2,481,1,0,0,21,34,64
0,34.0,0.2702394425868988,267.0,4.0,229.0,3901.0,161.30612244897947,12467.5,25.66666603088379,4.099999904632568,15718.7998046875,26.683332443237305,6.199999809265137,4.900000095367432,55.38333511352539,27307.5,1978.857142857143,1.0134999752044678,25.8464298248291,309.45714285714286,1594.2520751953125,1880.800048828125,-0.5005475878715515,1002.4285714285714,9,481,1,0,0,31,2,12
0,159.0,0.4937286078929901,267.0,4.0,229.0,1986.0,157.38775510204067,10018.3330078125,24.844444274902344,4.2166666984558105,14978.6552734375,23.327777862548828,5.5,4.727777481079102,56.72222137451172,21698.388671875,1838.6,1.0358095169067383,26.115476608276367,330.2857142857143,1595.2039794921875,1868.914306640625,-0.33657142519950867,991.0857142857143,1,481,1,0,0,31,16,50
1,94.0,0.05929304286837578,267.0,4.0,229.0,3979.0,155.26530612244883,11126.1669921875,22.366666793823242,3.133333444595337,16546.482421875,20.566667556762695,5.400000095367432,4.900000095367432,55.66666793823242,21015.5,1786.2857142857142,1.0412380695343018,26.185712814331055,342.37142857142857,1593.45751953125,1855.5999755859375,-0.2744285762310028,978.9714285714285,4,481,1,0,0,42,10,30
0,100.0,0.0,267.0,4.0,229.0,10496.0,151.97959183673458,11535.1669921875,22.78333282470703,4.333333492279053,15668.25,23.21666717529297,5.900000095367432,4.699999809265137,52.21666717529297,24431.666015625,1707.3142857142857,1.0286428928375244,26.08392906188965,369.4,1614.291259765625,1811.82861328125,-0.20904763042926788,959.2857142857143,3,481,1,0,0,24,3,32
0,110.0,0.0,267.0,4.0,229.0,2349.0,147.469387755102,11525.3330078125,22.850000381469727,5.816666603088379,15436.2001953125,21.866666793823242,5.800000190734863,5.0,58.06666564941406,20353.0,1629.142857142857,1.027571439743042,26.147380828857422,384.57142857142856,1625.008544921875,1774.914306640625,-0.16202381253242493,949.8285714285714,3,481,1,0,0,24,3,44
0,116.0,0.020524514839053154,267.0,4.0,229.0,9048.0,140.81249999999997,11693.3330078125,23.649999618530273,3.4166667461395264,14596.5830078125,20.21666717529297,5.099999904632568,4.800000190734863,56.733333587646484,21411.833984375,1491.0285714285715,1.062833309173584,26.49309539794922,396.2857142857143,1599.9862060546875,1766.6856689453125,-0.14523808658123016,936.2571428571429,4,481,1,0,0,41,9,41
1,109.0,0.108323834836483,267.0,4.0,229.0,14322.0,137.24444444444435,12718.8330078125,20.91666603088379,1.3166667222976685,16165.2001953125,19.41666603088379,4.699999809265137,5.0,58.31666564941406,19933.166015625,1455.057142857143,1.104714274406433,26.882976531982422,406.65714285714284,1595.3138427734375,1761.05712890625,-0.19288094341754913,935.6285714285714,2,481,1,0,0,41,9,37
1,104.0,0.0,267.0,4.0,229.0,20095.0,136.1904761904761,11710.6669921875,24.16666603088379,2.7833333015441895,18014.333984375,20.616666793823242,4.800000190734863,4.9666666984558105,55.43333435058594,19104.666015625,1492.057142857143,1.1217142343521118,27.000476837158203,406.9714285714286,1594.5565185546875,1748.17138671875,-0.18680952489376068,938.9714285714285,4,481,1,0,0,34,15,34
0,263.0,0.8768529295921326,296.0,3.0,293.0,1184.0,230.34999999999982,15662.8330078125,30.450000762939453,6.949999809265137,23572.482421875,24.5,4.699999809265137,4.75,47.81666564941406,19614.0,4591.771428571428,0.9640714526176453,26.716785430908203,170.65714285714284,1378.6160888671875,1741.3143310546875,0.9447143077850342,1030.4285714285713,2,476,1,1,0,41,18,120
0,201.0,0.6590650081634521,296.0,3.0,293.0,1095.0,231.9787234042552,15451.0,31.850000381469727,9.0,19325.19921875,22.600000381469727,4.599999904632568,4.683333396911621,46.61666488647461,19557.0,4631.085714285714,0.9607619047164917,26.71285629272461,169.45714285714286,1376.80712890625,1746.5999755859375,0.9688095450401306,1029.4571428571428,2,476,1,1,0,31,24,92
0,196.48306616166604,0.5678449273109436,296.0,3.0,293.0,1281.0,234.2244897959183,11860.3330078125,30.649999618530273,6.699999809265137,22418.8671875,25.600000381469727,4.199999809265137,4.550000190734863,48.21666717529297,23717.166015625,4723.742857142857,0.9440714120864868,26.620832443237305,167.85714285714286,1377.029296875,1762.4285888671875,1.079476237297058,1025.9714285714285,1,476,1,1,0,41,28,90
0,217.0,0.692132294178009,296.0,3.0,293.0,2666.0,239.142857142857,13282.5,29.53333282470703,5.949999809265137,17435.55078125,22.266666412353516,4.5,4.583333492279053,49.516666412353516,22454.5,4731.628571428571,0.9408571124076843,26.664762496948242,166.11428571428573,1378.8018798828125,1769.5714111328125,1.1011667251586914,1028.5428571428572,0,476,1,0,1,31,30,85
0,319.0,0.866590678691864,296.0,3.0,293.0,1236.0,262.1836734693876,9563.3330078125,27.46666717529297,9.75,16172.849609375,20.46666717529297,3.9000000953674316,4.75,53.36666488647461,14349.5,4735.971428571429,0.9100714325904846,26.442737579345703,160.82857142857142,1375.4678955078125,1749.7427978515625,1.1004761457443237,1020.3428571428572,1,476,1,1,1,31,5,149
0,206.0,0.7468643188476562,296.0,3.0,293.0,1193.0,262.1836734693876,10918.2216796875,32.28333282470703,8.272222518920898,16595.009765625,19.85555648803711,3.866666793823242,4.766666889190674,47.08333206176758,16368.5556640625,4738.5142857142855,0.9054285883903503,26.42202377319336,159.9142857142857,1377.9705810546875,1744.8857421875,1.1022143363952637,1021.1714285714286,1,476,1,1,1,21,2,96
0,200.0,0.6989737749099731,296.0,3.0,293.0,1221.0,270.0204081632652,11128.5,31.683332443237305,9.666666984558105,18300.333984375,21.08333396911621,4.300000190734863,4.599999904632568,52.0,16048.0,4750.142857142857,0.8867619037628174,26.308334350585938,155.94285714285715,1382.378173828125,1727.6571044921875,1.0690475702285767,1019.9714285714285,0,476,1,1,1,31,8,93
0,332.0,0.9692132472991943,296.0,3.0,293.0,1036.0,275.9795918367345,12987.0,28.16666603088379,11.649999618530273,16225.68359375,20.799999237060547,4.199999809265137,4.883333206176758,44.349998474121094,16003.1669921875,4761.685714285714,0.8830952048301697,26.253095626831055,155.68571428571428,1382.1683349609375,1719.5142822265625,1.0913809537887573,1020.0,0,476,1,0,1,42,15,156
0,137.0,0.597491443157196,296.0,3.0,293.0,1240.0,286.28571428571416,11359.6669921875,25.316667556762695,11.566666603088379,15886.5166015625,20.91666603088379,4.199999809265137,4.550000190734863,50.06666564941406,17275.0,4708.2,0.8734047412872314,26.23261833190918,150.25714285714287,1376.0390625,1713.6856689453125,1.0128809213638306,1017.0285714285715,0,476,1,1,1,31,8,64
0,245.0,0.8757126331329346,296.0,3.0,293.0,1047.0,289.2857142857142,13786.3330078125,26.200000762939453,11.266666412353516,16051.25,20.950000762939453,4.300000190734863,4.599999904632568,56.150001525878906,15339.0,4569.342857142857,0.852404773235321,26.086071014404297,147.31428571428572,1381.099365234375,1696.6571044921875,0.9522619247436523,1012.5714285714286,0,476,1,1,0,31,22,114
0,68.0,0.486887127161026,296.0,3.0,293.0,3376.0,246.06122448979593,14462.3330078125,28.266666412353516,6.733333110809326,15968.6669921875,19.78333282470703,3.9000000953674316,4.883333206176758,43.93333435058594,16507.333984375,2394.9142857142856,0.7191428542137146,24.76309585571289,168.25714285714287,1414.509033203125,1738.82861328125,0.36280950903892517,957.5142857142857,1,476,1,0,0,21,23,28
0,263.0,0.4469783306121826,296.0,3.0,293.0,10190.0,237.59183673469383,10884.6669921875,28.483333587646484,8.333333015441895,16315.06640625,22.799999237060547,4.900000095367432,4.800000190734863,47.41666793823242,19750.666015625,2235.6857142857143,0.7300714254379272,24.799165725708008,172.57142857142858,1418.2822265625,1760.3714599609375,0.2677619159221649,955.6,2,476,1,0,0,41,5,102
0,206.04786556491123,0.45724058151245117,296.0,3.0,293.0,17194.0,227.89795918367338,11532.0,22.58333396911621,6.933333396911621,16850.3671875,20.41666603088379,3.5999999046325684,4.75,48.61666488647461,14383.3330078125,2205.542857142857,0.7329761981964111,24.84583282470703,173.8,1422.5855712890625,1775.1142578125,0.23399999737739563,959.0285714285715,3,476,1,0,0,31,3,76
0,215.0,0.3785632848739624,296.0,3.0,293.0,18335.0,219.22448979591823,13261.3330078125,22.46666717529297,8.216666221618652,15496.900390625,19.183332443237305,4.300000190734863,4.733333110809326,56.36666488647461,15574.3330078125,2270.2,0.7445952296257019,24.912857055664062,172.2,1427.861328125,1828.4285888671875,0.19335715472698212,966.3428571428572,0,476,1,0,0,31,17,79
1,203.0,0.04675028473138809,296.0,3.0,293.0,6480.0,214.34693877551004,27106.166015625,19.566667556762695,7.733333110809326,14643.4833984375,20.516666412353516,4.900000095367432,4.650000095367432,62.66666793823242,14934.3330078125,2319.1714285714284,0.7420238256454468,24.88595199584961,169.5142857142857,1428.5830078125,1861.8857421875,0.13947619497776031,968.3142857142857,0,476,1,0,0,21,25,81
1,113.0,0.0,296.0,3.0,293.0,2873.0,209.53061224489775,12082.8330078125,22.83333396911621,3.683333396911621,16524.81640625,19.25,4.300000190734863,4.699999809265137,52.79999923706055,16708.5,2386.2,0.7319047451019287,24.822023391723633,168.11428571428573,1434.240478515625,1900.3143310546875,0.040333330631256104,968.5714285714286,2,476,1,0,0,34,21,52
0,114.0,0.2576966881752014,296.0,3.0,293.0,10482.0,211.20408163265282,12037.1669921875,26.03333282470703,6.2166666984558105,19598.849609375,23.983333587646484,5.0,4.849999904632568,50.650001525878906,22191.5,2402.4857142857145,0.7295952439308167,24.73297691345215,170.34285714285716,1444.6859130859375,1911.5999755859375,0.004333322402089834,970.4857142857143,1,476,1,0,0,21,10,43
0,96.0,0.0045610032975673676,296.0,3.0,293.0,20808.0,200.83673469387728,16981.0,24.21666717529297,3.7166666984558105,16215.0,20.399999618530273,4.0,4.900000095367432,52.36666488647461,17370.166015625,2454.542857142857,0.7273809313774109,24.694761276245117,174.25714285714287,1446.942626953125,1942.5428466796875,-0.10004761070013046,965.0571428571428,2,476,1,0,0,11,24,36
1,213.0,0.02508551813662052,296.0,3.0,293.0,16703.0,203.83673469387725,12626.72265625,25.91111183166504,4.099999904632568,14938.0615234375,19.422222137451172,4.133333206176758,4.7166666984558105,51.82777786254883,15784.3330078125,2492.5714285714284,0.7384762167930603,24.87952423095703,178.77142857142857,1452.784423828125,1938.4285888671875,-0.10321425646543503,969.1142857142858,0,476,1,0,0,34,19,88
0,74.0,0.05359179154038429,296.0,3.0,293.0,14233.0,208.40816326530586,12504.3330078125,24.78333282470703,5.800000190734863,17063.80078125,19.46666717529297,4.099999904632568,5.099999904632568,51.66666793823242,18758.5,2640.4,0.7339285612106323,24.629762649536133,181.31428571428572,1454.22705078125,1948.8857421875,-0.15652380883693695,965.7142857142857,4,476,1,0,0,31,5,30
0,193.0,0.0877993181347847,296.0,3.0,293.0,20173.0,219.9387755102038,15951.5,25.383333206176758,3.433333396911621,14948.43359375,19.66666603088379,4.300000190734863,4.849999904632568,50.43333435058594,15442.6669921875,2748.8285714285716,0.7333333492279053,24.68904685974121,181.2,1450.2364501953125,1957.6285400390625,-0.2328571379184723,963.5428571428571,0,476,1,0,0,41,35,89
0,147.0,0.4652223587036133,296.0,3.0,293.0,23073.0,219.9387755102038,15505.1669921875,24.433332443237305,7.7833333015441895,15438.283203125,19.799999237060547,4.0,4.849999904632568,50.95000076293945,24779.666015625,2799.2,0.7218809723854065,24.569047927856445,182.2,1443.6475830078125,1951.6856689453125,-0.2427143007516861,955.8857142857142,1,476,1,0,0,21,8,64
0,142.0,0.16077536344528198,296.0,3.0,293.0,25917.0,225.6122448979589,12650.0,29.33333396911621,9.133333206176758,18177.650390625,22.566667556762695,5.5,5.0,48.08333206176758,21803.0,2969.457142857143,0.7241190671920776,24.383689880371094,179.82857142857142,1450.7222900390625,1965.199951171875,-0.2741190493106842,961.1142857142858,0,476,1,0,0,31,9,57
0,106.0,0.07525655627250671,296.0,3.0,293.0,24289.0,232.14285714285688,23731.666015625,24.200000762939453,5.833333492279053,20161.033203125,21.83333396911621,4.099999904632568,4.983333110809326,51.016666412353516,20623.0,2931.342857142857,0.737666666507721,24.60761833190918,183.22857142857143,1455.9576416015625,1961.2572021484375,-0.2665238082408905,966.4285714285714,1,476,1,0,0,31,9,43
0,189.0,0.36031925678253174,296.0,3.0,293.0,11170.0,246.02040816326513,14338.6669921875,23.733333587646484,4.583333492279053,14903.7998046875,20.41666603088379,3.9000000953674316,4.733333110809326,47.43333435058594,15974.0,3201.942857142857,0.7478809356689453,24.76738166809082,183.14285714285714,1459.593994140625,1973.82861328125,-0.3580952286720276,970.6571428571428,1,476,1,0,0,31,6,72
0,220.0,0.36031925678253174,296.0,3.0,293.0,5090.0,240.73469387755085,14175.9443359375,24.155555725097656,6.744444370269775,14892.138671875,19.0,3.7666666507720947,4.666666507720947,53.03333282470703,17627.5,3260.057142857143,0.7388095259666443,24.746070861816406,185.88571428571427,1457.5274658203125,1954.4857177734375,-0.384880930185318,964.0571428571428,1,476,1,1,0,21,25,84
0,262.0,0.8278221487998962,296.0,3.0,293.0,1218.0,250.30612244897952,14205.0,26.766666412353516,4.199999809265137,16345.56640625,23.799999237060547,4.199999809265137,4.650000095367432,51.29999923706055,20758.166015625,3425.457142857143,0.7142857313156128,24.556785583496094,186.31428571428572,1461.6629638671875,1930.8857421875,-0.6017380952835083,957.6857142857143,0,476,1,1,0,21,7,118
0,141.0,0.3500570058822632,296.0,3.0,293.0,4616.0,244.65306122448968,12699.5,24.116666793823242,7.016666889190674,24054.25,19.566667556762695,4.099999904632568,4.800000190734863,52.63333511352539,16593.0,3359.0857142857144,0.746666669845581,24.684642791748047,182.88571428571427,1464.559326171875,1948.1142578125,-0.5713809728622437,975.9714285714285,2,476,1,0,0,21,18,54
0,219.0,0.8437856435775757,296.0,3.0,293.0,2351.0,250.3265306122447,14919.6669921875,26.30555534362793,9.638888359069824,24809.900390625,26.422222137451172,5.800000190734863,4.949999809265137,49.599998474121094,22478.888671875,3453.885714285714,0.7353095412254333,24.547975540161133,187.14285714285714,1465.1962890625,1908.3428955078125,-0.7536428570747375,967.2285714285714,0,476,1,0,0,11,18,97
0,113.0,0.14709235727787018,296.0,3.0,293.0,4556.0,254.77551020408148,14647.0,26.649999618530273,6.849999904632568,17498.23828125,22.03333282470703,4.9666666984558105,5.0333333015441895,48.8055534362793,22090.77734375,3527.4,0.7440952062606812,24.67035675048828,187.85714285714286,1467.36572265625,1896.5428466796875,-0.8788809180259705,972.0857142857143,0,476,1,0,0,41,15,46
0,190.0,0.34777650237083435,296.0,3.0,293.0,3078.0,259.89795918367327,14447.0,27.183332443237305,7.550000190734863,18194.0,24.350000381469727,6.199999809265137,4.900000095367432,50.516666412353516,23336.666015625,3609.114285714286,0.7100714445114136,23.976547241210938,187.05714285714285,1467.8349609375,1890.6285400390625,-0.9771666526794434,958.0857142857143,2,476,1,0,0,31,10,71
0,90.0,0.0877993181347847,296.0,3.0,293.0,2100.0,265.4489795918365,12614.3330078125,27.25,12.566666603088379,19795.56640625,25.616666793823242,5.699999809265137,4.849999904632568,47.43333435058594,20746.0,3685.2,0.7143571376800537,24.078927993774414,188.4857142857143,1474.4776611328125,1864.6856689453125,-1.2535713911056519,962.8285714285714,3,476,1,0,0,41,25,38
0,225.0,0.7263398170471191,296.0,3.0,293.0,1116.0,271.4285714285712,14624.0,21.183332443237305,5.75,15826.400390625,21.16666603088379,4.800000190734863,4.599999904632568,56.18333435058594,19424.0,3778.4857142857145,0.7402380704879761,24.638690948486328,193.5142857142857,1482.96533203125,1853.05712890625,-1.1487618684768677,973.6857142857143,0,476,1,1,0,31,34,111
0,227.0,0.839224636554718,296.0,3.0,293.0,1121.0,278.89795918367315,15532.8330078125,24.649999618530273,7.4666666984558105,17315.099609375,22.433332443237305,4.800000190734863,4.5,51.18333435058594,22789.333984375,3848.2571428571428,0.754880964756012,24.79857063293457,193.65714285714284,1487.4237060546875,1861.6285400390625,-1.1037380695343018,978.4857142857143,0,476,1,1,0,31,6,111
0,292.0,0.7377423048019409,296.0,3.0,293.0,1110.0,284.3673469387752,16144.0,23.03333282470703,6.449999809265137,18555.1328125,23.649999618530273,5.300000190734863,4.583333492279053,48.81666564941406,22637.0,3906.285714285714,0.7495714426040649,24.56702423095703,192.88571428571427,1484.1236572265625,1872.17138671875,-1.0018094778060913,975.6571428571428,0,476,1,1,0,21,19,116
0,141.0,0.6271379590034485,296.0,3.0,293.0,1110.0,287.0408163265304,16377.6669921875,21.616666793823242,5.916666507720947,16529.099609375,23.616666793823242,5.0,4.816666603088379,49.5,22990.333984375,3931.285714285714,0.7464761734008789,24.40916633605957,193.14285714285714,1487.862060546875,1882.5714111328125,-0.9330952167510986,976.2571428571429,0,476,1,1,0,21,10,69
0,291.0,0.9350057244300842,296.0,3.0,293.0,1036.0,268.61224489795893,15790.0,30.33333396911621,3.383333444595337,15140.6669921875,20.066667556762695,4.099999904632568,4.666666507720947,38.70000076293945,17509.166015625,2921.7428571428572,0.8273095488548279,24.96047592163086,233.57142857142858,1498.38134765625,1852.05712890625,-1.1377381086349487,962.3428571428572,3,476,1,1,0,41,31,137
0,288.0,0.597491443157196,296.0,3.0,293.0,1569.0,254.55102040816303,14107.0,27.366666793823242,1.1666666269302368,13802.400390625,19.983333587646484,3.9000000953674316,4.483333110809326,41.95000076293945,17235.0,2749.6,0.8363809585571289,24.945714950561523,237.4,1501.482177734375,1853.82861328125,-1.1330000162124634,961.6857142857143,3,476,1,1,0,31,13,110
0,235.0,0.36031925678253174,296.0,3.0,293.0,2781.0,257.28571428571405,13020.0,27.883333206176758,2.433333396911621,14975.8662109375,20.799999237060547,4.400000095367432,4.699999809265137,44.56666564941406,19005.333984375,2752.1714285714284,0.838523805141449,24.79964256286621,232.42857142857142,1492.6822509765625,1880.3143310546875,-1.0922619104385376,964.8,5,476,1,0,0,21,10,111
0,141.0,0.47776511311531067,296.0,3.0,293.0,6652.0,252.42857142857116,14197.0,29.016666412353516,3.683333396911621,15143.099609375,20.933332443237305,4.699999809265137,4.800000190734863,40.68333435058594,21183.0,2564.4857142857145,0.8503095507621765,24.863691329956055,240.31428571428572,1500.4305419921875,1879.857177734375,-1.0688095092773438,965.9428571428572,2,476,1,0,0,21,4,67
0,101.0,0.27366021275520325,296.0,3.0,293.0,5651.0,245.6734693877548,12771.6669921875,27.75,3.0833332538604736,15721.5498046875,21.133333206176758,4.599999904632568,4.949999809265137,49.400001525878906,19544.666015625,2466.342857142857,0.8683333396911621,24.99118995666504,247.25714285714287,1502.711669921875,1876.228515625,-1.00342857837677,961.2571428571429,4,476,1,0,0,31,17,39
0,51.0,0.15963512659072876,296.0,3.0,293.0,5283.0,236.40816326530586,13265.5,28.933332443237305,3.25,16027.7998046875,21.16666603088379,4.099999904632568,4.900000095367432,42.766666412353516,18806.166015625,2524.8,0.8777619004249573,25.09583282470703,245.05714285714285,1500.9915771484375,1877.228515625,-0.9453333616256714,963.9714285714285,1,476,1,0,0,31,27,19
0,157.0,0.4481185972690582,296.0,3.0,293.0,3870.0,231.612244897959,9410.8330078125,29.733333587646484,2.7166666984558105,14986.4501953125,20.96666717529297,4.300000190734863,4.849999904632568,49.71666717529297,17962.5,2686.885714285714,0.8585952520370483,24.605833053588867,236.57142857142858,1501.087646484375,1900.17138671875,-0.9306190609931946,964.3714285714286,1,476,1,0,0,41,10,68
0,,0.013683009892702103,296.0,3.0,293.0,10130.0,229.67346938775486,9728.0,29.816667556762695,0.9666666388511658,15600.4833984375,19.566667556762695,3.799999952316284,5.0,49.766666412353516,17519.333984375,2773.7714285714287,0.883904755115509,24.894166946411133,236.62857142857143,1504.8236083984375,1907.142822265625,-0.9295238256454468,975.0,1,476,1,0,0,41,23,
0,130.0,0.4104903042316437,296.0,3.0,293.0,6811.0,222.69387755102022,10970.8330078125,27.899999618530273,0.8166666626930237,14491.5498046875,19.133333206176758,3.700000047683716,4.699999809265137,49.599998474121094,17233.833984375,3005.1428571428573,0.913095235824585,25.147024154663086,231.05714285714285,1507.19873046875,1913.6285400390625,-0.998452365398407,992.7142857142857,1,481,1,0,0,31,13,57
0,187.0,0.30102622509002686,296.0,3.0,293.0,2123.0,222.69387755102022,11590.1669921875,26.799999237060547,4.733333110809326,14357.3662109375,19.366666793823242,4.199999809265137,4.650000095367432,52.21666717529297,15766.3330078125,3054.657142857143,0.9222142696380615,25.39130973815918,236.42857142857142,1509.513916015625,1897.6856689453125,-1.0262619256973267,990.7142857142857,3,476,1,0,0,21,8,72
0,201.0,0.4116305708885193,296.0,3.0,293.0,8658.0,222.02040816326507,13453.3330078125,26.633333206176758,4.083333492279053,14723.56640625,20.616666793823242,4.300000190734863,4.483333110809326,46.68333435058594,18194.333984375,3078.2571428571428,0.9173095226287842,25.27059555053711,232.8,1504.9072265625,1911.3428955078125,-1.025166630744934,989.2571428571429,0,476,1,0,0,31,13,74
0,159.0,0.34207525849342346,267.0,4.0,293.0,7190.0,220.34693877551004,13307.6669921875,26.03333282470703,1.4500000476837158,14565.7666015625,19.5,4.0,4.583333492279053,54.41666793823242,16136.3330078125,2944.5714285714284,0.9246428608894348,25.402976989746094,239.74285714285713,1506.2718505859375,1893.4285888671875,-1.0398095846176147,983.3142857142857,0,476,1,0,0,21,18,59
1,171.0,0.0,267.0,4.0,229.0,2162.0,220.34693877550998,14798.0,22.149999618530273,1.7333333492279053,14973.8837890625,19.233333587646484,3.9000000953674316,4.433333396911621,55.04999923706055,18012.666015625,2768.4,0.9452381134033203,25.60952377319336,243.74285714285713,1508.4664306640625,1907.971435546875,-1.1971428394317627,986.3714285714286,2,481,1,0,0,34,9,62
0,248.0,0.21436716616153717,267.0,4.0,229.0,1407.0,224.5918367346937,20157.0,22.433332443237305,1.4555555582046509,16072.2666015625,19.200000762939453,3.9666666984558105,4.383333206176758,59.477779388427734,17783.556640625,2764.2571428571428,0.9604523777961731,25.622617721557617,241.11428571428573,1508.3690185546875,1923.028564453125,-1.2035952806472778,993.8571428571429,3,481,1,0,0,21,9,110
1,168.0,0.0,267.0,4.0,229.0,3868.0,218.46938775510185,18320.0,23.483333587646484,2.433333396911621,15419.2998046875,19.75,4.0,4.5,54.75,19209.666015625,2570.4285714285716,0.9474285840988159,25.54511833190918,254.14285714285714,1512.2076416015625,1888.5999755859375,-1.361214280128479,979.7428571428571,4,481,1,0,0,31,9,66
0,112.0,0.5815279483795166,267.0,4.0,293.0,1424.0,223.2448979591835,18855.166015625,28.350000381469727,1.6833332777023315,17850.55078125,24.266666412353516,5.199999809265137,4.2833333015441895,51.66666793823242,23641.833984375,2490.8,0.9490000009536743,25.492380142211914,259.0857142857143,1512.4818115234375,1885.085693359375,-1.5084761381149292,978.8285714285714,0,476,1,0,0,21,34,42
0,170.0,0.21094641089439392,267.0,4.0,293.0,1273.0,214.02040816326516,12565.22265625,20.872222900390625,1.3777778148651123,15242.5888671875,18.96666717529297,4.300000190734863,4.699999809265137,62.777774810791016,17987.5546875,2506.276190476063,0.9719682335853577,25.58841323852539,256.50476190475985,1513.9813232421875,1881.857177734375,-1.684269905090332,986.5904761904937,3,481,1,0,0,41,3,60
0,163.0,0.1413911134004593,267.0,4.0,293.0,3016.0,214.02040816326516,10708.5,21.316667556762695,1.2000000476837158,13106.966796875,18.950000762939453,3.700000047683716,4.599999904632568,65.41666412353516,17218.5,2472.657142857143,0.9776190519332886,25.646190643310547,255.97142857142856,1517.440185546875,1890.94287109375,-1.690238118171692,991.2,0,481,1,0,0,21,9,61
0,175.0,0.1277080923318863,267.0,4.0,293.0,5142.0,219.7142857142856,15306.0,19.616666793823242,1.4500000476837158,22550.0,21.25,4.5,4.5333333015441895,53.79999923706055,17197.5,2549.8,0.9960952401161194,25.830713272094727,255.82857142857142,1516.8612060546875,1867.2572021484375,-1.8128809928894043,995.2,1,476,1,0,0,21,6,62
1,132.0,0.04104902967810631,267.0,4.0,293.0,8716.0,219.38775510204073,,21.21666717529297,2.4166667461395264,,18.21666717529297,4.099999904632568,4.599999904632568,59.099998474121094,,2554.657142857143,1.0190951824188232,25.936904907226562,258.8857142857143,1517.74365234375,1852.4285888671875,-1.8225475549697876,999.0,0,476,1,0,0,42,9,48
1,,0.0,267.0,4.0,293.0,15903.0,217.24489795918356,15369.333984375,23.46666717529297,1.0166666507720947,16502.0546875,19.78333282470703,4.199999809265137,4.599999904632568,56.83333206176758,24032.33203125,2528.400000000005,1.0417063236236572,25.991031646728516,252.55238095233594,1515.3731689453125,1861.895263671875,-1.8419603109359741,1010.4571428571358,0,481,1,0,0,34,6,
1,49.0,0.0034207524731755257,267.0,4.0,229.0,13619.0,214.97959183673453,12832.0,20.66666603088379,1.1166666746139526,15361.349609375,18.850000381469727,3.5999999046325684,4.7833333015441895,60.400001525878906,16352.1669921875,2527.942857142857,1.0459285974502563,26.01952362060547,256.51428571428573,1521.455810546875,1855.6856689453125,-1.8491190671920776,1011.0857142857143,0,481,1,0,0,42,14,17
1,191.0,0.015963511541485786,267.0,4.0,229.0,11949.0,216.8571428571427,14174.0,21.0,1.0166666507720947,14803.7998046875,18.53333282470703,4.300000190734863,4.699999809265137,62.400001525878906,17051.0,2650.4,1.0432857275009155,25.979286193847656,259.9142857142857,1531.08154296875,1885.6571044921875,-1.8403571844100952,1013.9428571428572,1,481,1,0,0,31,7,64
0,55.0,0.0,267.0,4.0,229.0,8344.0,220.38775510204067,12600.5,19.950000762939453,0.30000001192092896,14397.8837890625,19.066667556762695,3.9000000953674316,4.75,66.0999984741211,16463.166015625,2766.4857142857145,1.0324761867523193,25.877857208251953,252.82857142857142,1530.054443359375,1898.3714599609375,-1.86130952835083,1019.2285714285714,1,481,1,0,0,41,7,21
0,187.0,0.16305586695671082,267.0,4.0,229.0,3608.0,216.87755102040796,13703.6669921875,20.483333587646484,2.1500000953674316,13630.7998046875,18.600000381469727,4.099999904632568,4.75,66.56666564941406,16972.666015625,2755.2285714285713,1.0073333978652954,25.664880752563477,257.74285714285713,1530.6820068359375,1894.3428955078125,-1.8690952062606812,1004.7428571428571,0,481,1,0,0,21,11,70
0,160.0,0.366020530462265,267.0,4.0,229.0,1179.0,216.46938775510185,11290.5,21.850000381469727,0.6666666865348816,14872.033203125,19.25,3.700000047683716,4.849999904632568,61.81666564941406,17760.166015625,2824.1428571428573,1.003000020980835,25.59583282470703,254.97142857142856,1536.6488037109375,1902.5428466796875,-1.8512142896652222,1007.0571428571428,2,481,1,0,0,31,16,59
0,176.0,0.9270239472389221,267.0,4.0,229.0,1067.0,216.59183673469374,13044.27734375,22.683332443237305,0.5388888716697693,13957.705078125,18.061111450195312,4.333333492279053,4.477777481079102,61.96110916137695,16333.5,2928.3142857142857,1.0199761390686035,25.608928680419922,254.85714285714286,1542.74658203125,1907.5142822265625,-1.8944523334503174,1014.6857142857143,1,481,1,0,0,31,32,66
1,99.0,0.0877993181347847,267.0,4.0,229.0,8975.0,214.53061224489784,13028.0,20.316667556762695,0.4166666567325592,15393.599609375,18.616666793823242,3.700000047683716,4.800000190734863,65.66666412353516,18462.0,2807.9142857142856,1.0426191091537476,25.74952507019043,256.14285714285717,1543.1859130859375,1907.17138671875,-1.8287856578826904,1019.8571428571429,1,481,1,0,0,31,31,32
0,218.0,0.42303305864334106,267.0,4.0,229.0,5211.0,216.44897959183663,10965.8330078125,22.483333587646484,2.5166666507720947,13234.4169921875,19.066667556762695,3.9000000953674316,4.550000190734863,59.099998474121094,17613.0,2789.2,1.037333369255066,25.695358276367188,263.57142857142856,1553.462890625,1888.771484375,-1.9260238409042358,1016.6285714285714,0,481,1,0,0,31,6,70
0,207.0,0.5553021430969238,267.0,4.0,229.0,1235.0,212.85714285714272,11721.6669921875,23.33333396911621,0.7666666507720947,15626.1162109375,19.46666717529297,4.5,4.483333110809326,55.06666564941406,19626.0,2711.657142857143,1.0110952854156494,25.643810272216797,269.48571428571427,1541.061279296875,1849.6285400390625,-1.8193333148956299,996.1142857142858,0,481,1,1,0,24,6,82
0,242.0,0.5997719764709473,267.0,4.0,229.0,1282.0,212.85714285714272,11300.7783203125,22.183332443237305,0.8999999761581421,15140.7216796875,19.294445037841797,4.5,4.483333110809326,55.67777633666992,19549.9453125,2702.4095238094537,1.0067857503890991,25.602420806884766,268.98095238094857,1541.1197509765625,1849.3428955078125,-1.8223412036895752,995.3142857142795,0,481,1,1,0,21,6,105
0,122.0,0.8905358910560608,267.0,4.0,229.0,1084.0,216.5918367346937,11620.8330078125,24.450000762939453,1.4166666269302368,14617.25,19.399999618530273,4.199999809265137,4.566666603088379,53.58333206176758,18664.166015625,2599.1714285714284,1.0185952186584473,25.6488094329834,266.9714285714286,1539.412353515625,1846.8857421875,-1.6854523420333862,999.0,0,481,1,1,0,41,14,52
0,127.0,0.35575827956199646,267.0,4.0,229.0,1215.0,214.0816326530611,11092.8330078125,29.483333587646484,1.149999976158142,14297.3330078125,19.049999237060547,4.300000190734863,4.483333110809326,52.233333587646484,17900.333984375,2553.8285714285716,1.0221190452575684,25.4905948638916,263.54285714285714,1537.7977294921875,1864.4857177734375,-1.5795952081680298,1001.5428571428571,0,481,1,1,0,21,11,44
0,179.0,0.47548460960388184,267.0,4.0,229.0,2996.0,219.73469387755077,10561.1669921875,22.816667556762695,1.7333333492279053,14296.9833984375,20.16666603088379,4.400000095367432,4.5,63.13333511352539,17888.166015625,2510.0,1.042119026184082,25.457618713378906,254.4,1533.4588623046875,1902.4857177734375,-1.4433571100234985,1016.8285714285714,2,481,1,0,0,41,11,57
0,128.0,0.45039910078048706,267.0,4.0,229.0,9526.0,222.2244897959181,9394.3330078125,21.100000381469727,1.7166666984558105,12979.033203125,18.866666793823242,4.400000095367432,4.7833333015441895,62.20000076293945,17563.333984375,2412.6285714285714,1.0656189918518066,25.534404754638672,257.7142857142857,1530.5914306640625,1917.4000244140625,-1.2368571758270264,1019.2285714285714,3,481,1,0,0,31,6,43
1,174.0,0.2782212197780609,267.0,4.0,229.0,4863.0,222.75510204081604,9612.5,22.53333282470703,0.6333333253860474,14087.93359375,19.899999618530273,4.699999809265137,4.599999904632568,60.28333282470703,20092.333984375,2303.8285714285716,1.0559285879135132,25.568214416503906,279.2,1556.1346435546875,1879.4000244140625,-1.2086666822433472,1006.9428571428572,1,481,1,0,0,42,9,60
0,181.0,0.19042189419269562,267.0,4.0,229.0,4715.0,222.6938775510202,8025.16650390625,21.983333587646484,0.44999998807907104,13029.7333984375,18.816667556762695,4.099999904632568,4.650000095367432,60.16666793823242,17951.833984375,2266.457142857143,1.0466428995132446,25.513690948486328,282.1714285714286,1551.378662109375,1864.3428955078125,-1.1326904296875,999.2,1,481,1,0,0,21,11,58
0,167.0,0.47662484645843506,267.0,4.0,229.0,1629.0,218.26530612244883,12783.6669921875,25.733333587646484,1.4166666269302368,13782.150390625,20.21666717529297,4.400000095367432,4.483333110809326,50.79999923706055,18643.5,2117.5714285714284,1.0646666288375854,25.532142639160156,298.54285714285714,1552.2996826171875,1868.800048828125,-1.0417381525039673,988.8571428571429,2,481,1,0,0,41,11,55
0,263.0,0.9122006893157959,267.0,4.0,229.0,1504.0,222.87755102040796,13033.8330078125,25.0222225189209,1.9555555582046509,14186.06640625,20.333332061767578,4.566666603088379,4.527777671813965,55.03333282470703,19411.5,2173.8571428571427,1.060261845588684,25.459285736083984,292.9714285714286,1544.3369140625,1860.6856689453125,-1.075690507888794,987.7142857142857,0,481,1,0,0,31,21,98
0,71.0,0.24857468903064728,267.0,4.0,229.0,3526.0,221.53061224489778,15035.0,24.78333282470703,2.566666603088379,15990.533203125,20.399999618530273,4.400000095367432,4.449999809265137,50.54999923706055,19115.666015625,2242.3142857142857,1.0717142820358276,25.605119705200195,297.8,1547.8436279296875,1823.4857177734375,-1.0172618627548218,988.7142857142857,3,481,1,0,0,21,1,23
0,91.0,0.2827822268009186,267.0,4.0,229.0,7699.0,219.77551020408146,13195.6669921875,23.683332443237305,1.7666666507720947,14396.5498046875,19.066667556762695,4.5,4.483333110809326,50.5,19652.333984375,2251.3142857142857,1.078857183456421,25.722143173217773,300.4,1548.2069091796875,1816.5428466796875,-1.0194047689437866,989.3142857142857,5,481,1,0,0,31,2,29
0,138.0,0.4241733253002167,267.0,4.0,229.0,13963.0,218.63265306122432,11281.3330078125,23.41666603088379,0.8500000238418579,13839.4501953125,21.33333396911621,4.800000190734863,4.5,53.33333206176758,19652.5,2312.8285714285716,1.0847142934799194,25.75749969482422,291.14285714285717,1539.622802734375,1836.142822265625,-0.961642861366272,994.9428571428572,1,481,1,0,0,41,3,49
0,103.0,0.48460662364959717,267.0,4.0,293.0,10981.0,214.5102040816325,10528.3330078125,24.700000762939453,0.550000011920929,13984.0830078125,19.350000381469727,4.5,4.383333206176758,51.266666412353516,17455.5,2249.657142857143,1.1022857427597046,25.90892791748047,304.62857142857143,1543.912109375,1831.5714111328125,-0.9284761548042297,988.7714285714286,4,476,1,0,0,31,11,33
0,183.0,0.09920182079076767,267.0,4.0,293.0,4167.0,221.16326530612224,10361.5,24.233333587646484,0.4166666567325592,14351.033203125,19.066667556762695,4.5,4.550000190734863,51.20000076293945,18149.166015625,2385.3714285714286,1.0890952348709106,25.93428611755371,298.62857142857143,1546.7828369140625,1827.94287109375,-0.817142903804779,993.8571428571429,0,476,1,0,0,31,15,60
0,237.0,0.045610032975673676,267.0,4.0,293.0,1569.0,223.612244897959,9755.6669921875,23.700000762939453,0.5666666626930237,14738.466796875,20.28333282470703,4.599999904632568,4.483333110809326,50.43333435058594,17909.333984375,2366.457142857143,1.0974524021148682,25.929882049560547,300.42857142857144,1545.5794677734375,1852.199951171875,-0.8154523968696594,993.5428571428571,3,476,1,0,0,21,30,92
0,134.82008915934802,0.36716076731681824,267.0,4.0,293.0,4294.0,221.9999999999999,11490.6669921875,26.983333587646484,2.316666603088379,13797.2333984375,20.16666603088379,4.400000095367432,4.400000095367432,48.16666793823242,20611.0,2439.5142857142855,1.0947856903076172,25.87392807006836,291.45714285714286,1538.909912109375,1887.228515625,-0.7550238370895386,999.2571428571429,0,481,1,0,0,21,18,43
0,115.0,0.0,267.0,4.0,229.0,2357.0,226.69387755102022,12059.3330078125,24.350000381469727,1.4333332777023315,15255.1337890625,19.133333206176758,4.0,4.75,58.599998474121094,18854.0,2535.114285714286,1.0901905298233032,25.887975692749023,292.9428571428571,1552.77587890625,1871.5999755859375,-0.6994285583496094,1003.5714285714286,1,481,1,0,0,34,5,39
0,86.0,0.17217788100242615,267.0,4.0,229.0,2538.0,227.612244897959,10027.0,26.316667556762695,0.5166666507720947,13824.2001953125,18.91666603088379,4.400000095367432,4.483333110809326,49.83333206176758,18094.0,2598.657142857143,1.0791428089141846,25.74333381652832,293.6,1551.9498291015625,1876.971435546875,-0.6652618646621704,1001.1142857142858,3,481,1,0,0,21,9,29
0,165.0,0.0946408212184906,267.0,4.0,229.0,1404.0,226.7346938775508,13769.6669921875,27.41666603088379,0.8166666626930237,13805.6669921875,19.883333206176758,4.800000190734863,4.7833333015441895,46.21666717529297,20912.0,2598.657142857143,1.0791428089141846,25.74333381652832,293.6,1551.9498291015625,1876.971435546875,-0.6652618646621704,1001.1142857142858,2,481,1,0,0,34,10,52
1,261.0,0.09806157648563385,267.0,4.0,229.0,2132.0,224.4489795918365,12165.3330078125,27.16666603088379,1.0,14485.4833984375,19.78333282470703,4.199999809265137,4.483333110809326,48.86666488647461,20582.333984375,2690.114285714286,1.0908571481704712,25.891071319580078,293.51428571428573,1555.99169921875,1884.2857666015625,-0.6843809485435486,1006.1428571428571,3,481,1,0,0,31,15,85
0,147.0,0.03990878164768219,267.0,4.0,229.0,3899.0,220.30612244897938,13126.5,26.58333396911621,1.2833333015441895,14288.5498046875,19.316667556762695,4.400000095367432,4.550000190734863,50.983333587646484,19703.0,2722.6857142857143,1.093761920928955,25.90059471130371,287.25714285714287,1549.2120361328125,1893.800048828125,-0.625166654586792,1009.3142857142857,3,481,1,0,0,31,16,47
1,129.0,0.030786773189902306,267.0,4.0,229.0,1938.0,216.55102040816305,10177.3330078125,25.433332443237305,0.6499999761581421,14516.2333984375,20.433332443237305,4.599999904632568,4.5,48.70000076293945,17043.333984375,2842.0,1.079476237297058,25.839643478393555,288.57142857142856,1558.5906982421875,1895.3714599609375,-0.711809515953064,1009.8571428571429,4,481,1,0,0,41,17,41
0,214.10735420183536,0.6670467257499695,267.0,4.0,229.0,1665.0,214.20408163265287,10288.3330078125,29.266666412353516,1.2000000476837158,14557.599609375,20.100000381469727,4.900000095367432,4.483333110809326,47.36666488647461,19000.0,2866.285714285714,1.0785952806472778,25.86166763305664,289.34285714285716,1563.8095703125,1885.914306640625,-0.6381428837776184,1010.4,2,481,1,0,0,24,18,67
0,152.0,0.3990877866744995,267.0,4.0,229.0,1237.0,211.28571428571405,10700.77734375,29.605554580688477,3.8499999046325684,15674.7109375,20.71666717529297,4.800000190734863,4.616666316986084,42.14444351196289,19108.888671875,3043.6,1.0657142400741577,25.648571014404297,280.54285714285714,1558.851806640625,1937.6571044921875,-0.6716190576553345,1014.9428571428572,1,481,1,0,0,31,7,51
0,187.0,0.2645381987094879,267.0,4.0,229.0,1291.0,208.81632653061206,10253.1669921875,29.200000762939453,1.7999999523162842,14585.2666015625,19.766666412353516,4.300000190734863,4.5333333015441895,46.33333206176758,17858.5,3013.0285714285715,1.0618095397949219,25.601072311401367,281.6,1561.4368896484375,1928.7142333984375,-0.6259999871253967,1013.5714285714286,2,481,1,0,0,41,18,59
0,82.0,0.06955530494451523,267.0,4.0,229.0,7774.0,203.71428571428555,11345.5,26.850000381469727,1.4333332777023315,15906.5830078125,20.5,4.5,4.7833333015441895,52.099998474121094,18961.833984375,3170.6,1.085880994796753,25.78631019592285,273.45714285714286,1560.55029296875,1972.4285888671875,-0.6158809661865234,1029.3428571428572,7,481,1,0,0,24,17,25
0,103.0,0.3090079724788666,267.0,4.0,229.0,6556.0,201.42857142857125,10997.1669921875,25.316667556762695,1.2000000476837158,15043.900390625,20.75,5.099999904632568,4.5,51.58333206176758,19769.166015625,3236.5142857142855,1.0679285526275635,25.68666648864746,272.9428571428571,1565.6090087890625,1973.94287109375,-0.6367856860160828,1027.2857142857142,6,481,1,0,0,24,3,34
0,106.0,0.27480044960975647,267.0,4.0,229.0,6573.0,199.3265306122447,11561.2216796875,27.238887786865234,1.9833333492279053,16383.0390625,19.438888549804688,4.633333206176758,4.799999713897705,52.68333053588867,20409.27734375,3275.5142857142855,1.0758333206176758,25.76654815673828,270.77142857142854,1564.9241943359375,1979.05712890625,-0.6842857003211975,1031.4857142857143,3,481,1,0,0,31,10,39
0,72.0,0.020524514839053154,267.0,4.0,229.0,4083.0,197.71428571428552,9694.3330078125,25.633333206176758,0.25,16224.8662109375,21.700000762939453,4.699999809265137,4.599999904632568,52.33333206176758,19095.666015625,3355.2,1.0723333358764648,25.73476219177246,266.54285714285714,1566.5562744140625,1998.800048828125,-0.9265714287757874,1036.0,3,481,1,0,0,24,12,25
0,176.0,0.7251995205879211,267.0,4.0,229.0,2183.0,192.97959183673456,13644.0,28.733333587646484,3.200000047683716,14471.900390625,20.41666603088379,4.800000190734863,4.349999904632568,47.61666488647461,18685.0,3438.4285714285716,1.0545713901519775,25.72547721862793,268.25714285714287,1578.9593505859375,1992.7142333984375,-1.2750952243804932,1037.2857142857142,3,481,1,0,0,34,17,68
0,134.0,0.8825541734695435,267.0,4.0,229.0,1193.0,189.34693877551013,15654.6669921875,28.91666603088379,3.0999999046325684,17295.767578125,22.633333206176758,4.900000095367432,4.550000190734863,47.88333511352539,20881.0,3456.9714285714285,1.0514285564422607,25.74297523498535,268.57142857142856,1583.57080078125,1995.5142822265625,-1.3725237846374512,1039.4571428571428,1,481,1,0,0,24,16,52
0,76.58038373561156,0.03534777835011482,267.0,4.0,229.0,2503.0,186.3265306122448,12879.6669921875,28.549999237060547,1.4833333492279053,16671.833984375,20.700000762939453,4.400000095367432,4.449999809265137,50.31666564941406,18741.0,3477.6285714285714,1.0532143115997314,25.812381744384766,272.4,1579.033447265625,1997.0,-1.694000005722046,1032.5142857142857,6,481,1,0,0,34,12,30
0,,0.24743443727493286,267.0,4.0,229.0,2897.0,184.14285714285708,12115.0,26.399999618530273,1.9333332777023315,15371.1669921875,20.700000762939453,4.900000095367432,5.0,53.04999923706055,18828.5,3477.6285714285714,1.0532143115997314,25.812381744384766,272.4,1579.033447265625,1997.0,-1.694000005722046,1032.5142857142857,5,481,1,0,0,34,2,
0,40.0,0.32155072689056396,267.0,4.0,229.0,1319.0,173.81632653061217,12222.1669921875,26.700000762939453,2.5,15801.5830078125,22.133333206176758,4.900000095367432,4.983333110809326,55.53333282470703,19901.666015625,3002.8,1.044690489768982,25.94011878967285,277.0,1587.4813232421875,1965.142822265625,-1.885785698890686,1032.6,9,481,1,1,0,31,6,15
1,219.0,0.0,267.0,4.0,229.0,2794.0,172.38775510204073,11883.6669921875,27.116666793823242,2.450000047683716,14833.033203125,22.399999618530273,4.5,4.583333492279053,53.11666488647461,20092.333984375,2912.8285714285716,1.045214295387268,25.95059585571289,279.9428571428571,1588.3094482421875,1964.8857421875,-1.8595952987670898,1030.4571428571428,0,481,1,1,0,34,23,68
0,,0.042189281433820724,267.0,4.0,229.0,1618.0,171.34693877551007,13550.5,23.116666793823242,4.933333396911621,16400.033203125,24.133333206176758,5.599999904632568,4.583333492279053,54.349998474121094,21141.666015625,2396.8,1.0292381048202515,25.94047737121582,288.42857142857144,1602.9571533203125,1940.0,-1.7271428108215332,1027.0285714285715,0,481,1,1,0,41,3,
0,125.0,0.45496007800102234,267.0,4.0,229.0,1111.0,171.32653061224477,11590.5,22.616666793823242,1.5833333730697632,17871.80078125,20.983333587646484,4.300000190734863,4.900000095367432,57.91666793823242,20915.5,2340.7428571428572,1.0303332805633545,25.955238342285156,273.37142857142857,1578.7337646484375,1949.028564453125,-1.805476188659668,1030.5428571428572,2,481,1,0,0,21,11,45
0,53.0,0.0,267.0,4.0,229.0,2439.0,170.14285714285703,11055.6669921875,22.733333587646484,3.7333333492279053,17536.533203125,23.683332443237305,5.199999809265137,4.583333492279053,53.016666412353516,20842.0,2255.4,1.0364285707473755,25.92952537536621,288.65714285714284,1618.27197265625,1905.7142333984375,-1.9550000429153442,1040.0285714285715,5,481,1,0,0,24,3,21
0,45.0,0.8403648734092712,267.0,4.0,229.0,1451.0,168.51020408163248,11222.5,25.950000762939453,2.383333444595337,15555.349609375,22.433332443237305,5.099999904632568,4.449999809265137,52.16666793823242,21772.5,2229.0857142857144,1.021047592163086,25.847143173217773,287.9428571428571,1618.6280517578125,1895.94287109375,-1.7615714073181152,1037.2,4,481,1,0,0,34,3,17
0,68.0,0.31470924615859985,267.0,4.0,229.0,2902.0,166.24489795918356,12286.8330078125,26.899999618530273,5.25,18619.400390625,24.75,5.400000095367432,4.900000095367432,55.233333587646484,23917.833984375,2178.342857142857,1.0497380495071411,26.026309967041016,286.3142857142857,1586.56103515625,1880.6571044921875,-0.9018571376800537,1028.9142857142858,2,481,1,0,0,24,16,24
1,182.0,0.13911060988903046,267.0,4.0,229.0,3644.0,163.16326530612233,11002.3330078125,25.127777099609375,0.8277778029441833,15495.48828125,21.961111068725586,4.800000190734863,4.766666412353516,61.14444351196289,19597.77734375,2081.942857142857,1.0576666593551636,26.139999389648438,298.42857142857144,1583.32275390625,1873.857177734375,-0.6459047794342041,1018.0857142857143,1,481,1,0,0,34,30,59
1,103.0,0.32041049003601074,267.0,4.0,229.0,1462.0,159.3673469387754,11041.6669921875,28.316667556762695,4.066666603088379,15981.900390625,22.633333206176758,4.800000190734863,4.683333396911621,53.18333435058594,22077.666015625,2012.857142857143,1.027571439743042,25.955595016479492,310.9714285714286,1589.85693359375,1837.5142822265625,-0.42516666650772095,1003.1714285714286,1,481,1,0,0,24,20,37
0,99.0,0.28050172328948975,267.0,4.0,229.0,7650.0,155.85714285714272,10705.0,23.350000381469727,4.4666666984558105,16478.232421875,22.950000762939453,5.699999809265137,4.800000190734863,56.88333511352539,21430.666015625,1762.8,1.0576666593551636,26.264522552490234,358.62857142857143,1591.019287109375,1804.6285400390625,-0.18457141518592834,964.2285714285714,1,481,1,0,0,24,6,31
0,134.0,0.3432154953479767,267.0,4.0,229.0,1708.0,152.40816326530606,10925.3330078125,22.816667556762695,4.2166666984558105,15701.6669921875,22.399999618530273,5.5,4.849999904632568,57.18333435058594,21597.166015625,1652.6285714285714,1.0234285593032837,26.073572158813477,380.37142857142857,1617.2362060546875,1771.6571044921875,-0.16952380537986755,947.6,4,481,1,0,0,21,4,50
0,103.0,0.2554161846637726,267.0,4.0,229.0,1701.0,152.40816326530606,10616.1669921875,22.683332443237305,5.0333333015441895,15000.5166015625,22.100000381469727,5.199999809265137,4.699999809265137,57.400001525878906,23065.666015625,1652.6285714285714,1.0234285593032837,26.073572158813477,380.37142857142857,1617.2362060546875,1771.6571044921875,-0.16952380537986755,947.6,3,481,1,0,0,24,4,37
0,78.0,0.22690992057323456,267.0,4.0,229.0,11409.0,140.81249999999997,11874.1669921875,20.600000381469727,4.516666889190674,15415.6669921875,21.883333206176758,5.300000190734863,4.949999809265137,58.91666793823242,23549.166015625,1445.9142857142858,1.0783333778381348,26.65095329284668,398.48571428571427,1590.523193359375,1763.6571044921875,-0.17202381789684296,933.0571428571428,5,481,1,0,0,31,4,30
0,113.0,0.0,267.0,4.0,229.0,18978.0,138.74468085106375,10638.3330078125,21.133333206176758,2.7666666507720947,14838.6669921875,20.433332443237305,4.699999809265137,5.0,61.88333511352539,21034.888671875,1484.4571428571428,1.1141904592514038,26.87821388244629,401.6,1592.9578857421875,1738.8857421875,-0.1736428588628769,940.2285714285714,5,481,1,0,0,31,8,36
1,99.0,0.0,267.0,4.0,229.0,23942.0,136.64444444444436,9865.111328125,23.39444351196289,3.316666603088379,16545.822265625,20.177778244018555,4.5,4.9666666984558105,56.5,19957.666015625,1523.9619047619067,1.1294841766357422,27.031587600708008,404.9142857142799,1595.24169921875,1737.5047607421875,-0.1835634857416153,943.476190476189,5,481,1,0,0,31,30,36
0,124.0,0.9030786752700806,296.0,3.0,271.0,1086.0,228.03030303030286,26806.0,29.566667556762695,6.333333492279053,19720.400390625,23.016666412353516,4.599999904632568,4.849999904632568,41.150001525878906,20211.5,4571.257142857143,0.9817619323730469,26.801427841186523,175.74285714285713,1378.5206298828125,1716.94287109375,0.9223095178604126,1032.3714285714286,1,482,1,1,0,34,7,52
0,192.0,0.9395667314529419,296.0,3.0,293.0,1058.0,227.34999999999982,13378.6669921875,34.33333206176758,8.233333587646484,18158.400390625,22.83333396911621,4.900000095367432,4.849999904632568,43.04999923706055,19285.666015625,4639.914285714286,0.9668095111846924,26.696548461914062,172.68571428571428,1381.5167236328125,1730.228515625,1.000761866569519,1032.7428571428572,0,476,1,1,0,42,12,89
0,176.0,0.9372861981391907,296.0,3.0,293.0,1078.0,234.2244897959183,12639.6669921875,31.016666412353516,5.349999904632568,17924.533203125,21.950000762939453,4.199999809265137,4.583333492279053,49.63333511352539,22436.666015625,4738.8,0.9468333125114441,26.61618995666504,168.5142857142857,1376.6470947265625,1755.3428955078125,1.0859999656677246,1027.6,1,476,1,1,0,34,8,61
0,54.0,0.6408209800720215,296.0,3.0,293.0,1066.0,260.3265306122447,14794.5,28.649999618530273,3.5333333015441895,19480.533203125,19.850000381469727,4.199999809265137,4.883333206176758,45.733333587646484,16958.666015625,3385.1428571428573,0.7237380743026733,24.774404525756836,159.0,1419.7774658203125,1709.228515625,0.5669761896133423,974.2857142857143,1,476,1,1,1,24,3,22
0,293.0,0.29532498121261597,296.0,3.0,293.0,2215.0,237.59183673469383,11454.0,26.41666603088379,4.116666793823242,16889.0,19.28333282470703,4.300000190734863,4.7833333015441895,49.70000076293945,17612.0,2399.3714285714286,0.715666651725769,24.769285202026367,171.77142857142857,1417.2025146484375,1729.4571533203125,0.3595714271068573,955.4285714285714,0,476,1,0,0,21,5,129
0,190.0,0.06499429792165756,296.0,3.0,293.0,5602.0,234.42857142857133,15079.3330078125,30.383333206176758,7.883333206176758,15317.9833984375,22.0,4.599999904632568,4.833333492279053,40.18333435058594,21356.833984375,2328.457142857143,0.7158809304237366,24.64583396911621,174.77142857142857,1417.569091796875,1729.05712890625,0.3808095157146454,953.6571428571428,1,476,1,0,0,11,11,81
0,242.0,0.48916763067245483,296.0,3.0,293.0,10795.0,224.7959183673468,13388.3330078125,26.266666412353516,3.950000047683716,18560.900390625,22.78333282470703,4.800000190734863,4.699999809265137,47.70000076293945,16978.333984375,2232.457142857143,0.7234285473823547,24.700952529907227,175.6,1420.955078125,1751.0,0.3016904592514038,956.5428571428571,1,476,1,0,0,41,10,89
0,179.0,0.14025086164474487,296.0,3.0,293.0,18586.0,217.142857142857,14199.6669921875,30.700000762939453,3.683333396911621,16337.6669921875,20.183332443237305,4.199999809265137,4.7833333015441895,44.46666717529297,15546.0,2225.0285714285715,0.7406666874885559,24.828332901000977,175.88571428571427,1421.0570068359375,1782.6856689453125,0.23883335292339325,959.5714285714286,2,476,1,0,0,42,8,78
0,210.0,0.18814139068126678,296.0,3.0,293.0,14043.0,210.79591836734673,12185.6669921875,22.516666412353516,3.5833332538604736,14738.7666015625,19.21666717529297,4.0,4.683333396911621,50.31666564941406,14677.3330078125,2267.2285714285713,0.7591666579246521,24.990476608276367,169.4,1421.8265380859375,1827.4000244140625,0.1783333271741867,971.5428571428571,1,476,1,0,0,21,17,82
0,181.0,0.1425313502550125,296.0,3.0,293.0,7818.0,204.79591836734673,13936.27734375,23.677778244018555,5.577777862548828,18639.955078125,20.311111450195312,4.0333333015441895,4.833333492279053,49.16666793823242,17230.27734375,2293.342857142857,0.7547619342803955,24.8896427154541,170.74285714285713,1425.6761474609375,1849.5999755859375,0.09502381086349487,969.2285714285714,2,476,1,0,0,21,9,75
0,179.0,0.6431014537811279,296.0,3.0,293.0,12499.0,200.83673469387728,10921.5,23.33333396911621,3.450000047683716,14583.4169921875,19.266666412353516,4.0,4.599999904632568,54.766666412353516,14114.3330078125,2355.3142857142857,0.7378333210945129,24.866071701049805,178.0,1437.4747314453125,1892.3428955078125,-0.029238097369670868,963.0285714285715,2,476,1,0,0,41,15,67
0,102.0,0.1277080923318863,296.0,3.0,293.0,5725.0,193.77551020408134,11946.0,24.433332443237305,3.866666555404663,15947.7998046875,19.866666793823242,3.799999952316284,4.833333492279053,54.150001525878906,16904.333984375,2269.4,0.7333809733390808,24.787500381469727,184.57142857142858,1443.801513671875,1852.5714111328125,0.024071423336863518,959.4285714285714,0,476,1,0,0,21,14,41
0,190.0,0.11288483440876007,296.0,3.0,293.0,4916.0,196.42857142857113,13699.27734375,25.2722225189209,3.733333110809326,14812.19921875,19.2722225189209,3.9000000953674316,4.788888931274414,49.911109924316406,15325.333984375,2379.114285714286,0.7323571443557739,24.771785736083984,188.25714285714287,1449.3055419921875,1876.028564453125,-0.03795237839221954,957.7714285714286,0,476,1,0,0,31,13,92
0,167.0,0.43671607971191406,296.0,3.0,293.0,10895.0,208.40816326530586,13363.6669921875,25.649999618530273,8.583333015441895,19425.732421875,23.883333206176758,5.099999904632568,4.900000095367432,50.93333435058594,22675.666015625,2542.2571428571428,0.7449285984039307,24.829166412353516,180.42857142857142,1449.9608154296875,1935.971435546875,-0.11323809623718262,969.5142857142857,2,476,1,0,0,11,5,65
0,78.0,0.05131128802895546,296.0,3.0,293.0,9601.0,206.34693877550993,11079.1669921875,24.733333587646484,3.200000047683716,15542.75,18.266666412353516,3.700000047683716,4.900000095367432,54.81666564941406,16453.333984375,2504.8285714285716,0.749666690826416,24.933332443237305,188.45714285714286,1454.402587890625,1904.199951171875,-0.0838809460401535,966.7142857142857,2,476,1,0,0,34,27,31
0,163.0,0.022805016487836838,296.0,3.0,293.0,18592.0,212.2448979591834,13960.0,24.78333282470703,3.2833333015441895,15482.6337890625,19.700000762939453,4.300000190734863,4.900000095367432,52.266666412353516,39746.0,2655.114285714286,0.7429285645484924,24.780357360839844,187.0,1449.09619140625,1926.199951171875,-0.1820952445268631,960.9142857142857,0,476,1,0,0,21,30,72
0,193.0,0.1345496028661728,296.0,3.0,293.0,27389.0,218.42857142857113,13394.0,22.561111450195312,3.7722222805023193,14859.7109375,19.19444465637207,4.233333110809326,4.816666603088379,51.233333587646484,18551.4453125,2750.2285714285713,0.739476203918457,24.6780948638916,186.6,1449.1456298828125,1936.3714599609375,-0.20588095486164093,959.3714285714286,0,476,1,0,0,21,18,79
0,186.0,0.1619156152009964,296.0,3.0,293.0,28490.0,225.55102040816303,15796.3330078125,25.600000381469727,5.766666889190674,14112.966796875,18.78333282470703,3.9000000953674316,4.849999904632568,48.650001525878906,17050.0,2788.1428571428573,0.7616428732872009,24.914642333984375,192.05714285714285,1460.024169921875,1941.028564453125,-0.22409524023532867,970.0,0,476,1,0,0,31,12,76
0,246.77863275234313,0.0,296.0,3.0,293.0,18407.0,238.1428571428569,13060.5,22.483333587646484,2.4000000953674316,15265.8330078125,19.299999237060547,3.9000000953674316,4.883333206176758,47.13333511352539,17834.166015625,3046.8285714285716,0.7460238337516785,24.745952606201172,185.37142857142857,1459.2860107421875,1960.228515625,-0.31192857027053833,969.4285714285714,5,476,1,0,0,21,12,103
0,195.0,0.216647669672966,296.0,3.0,293.0,16940.0,234.0204081632651,15274.8330078125,25.316667556762695,4.849999904632568,15120.8330078125,19.549999237060547,3.700000047683716,4.699999809265137,45.766666412353516,15407.0,2968.942857142857,0.7538571357727051,24.834047317504883,192.17142857142858,1462.1759033203125,1927.028564453125,-0.285571426153183,969.4571428571429,1,476,1,0,0,21,5,74
0,168.0,0.2371721714735031,296.0,3.0,293.0,15602.0,235.20408163265287,15064.5,27.399999618530273,9.366666793823242,16332.93359375,22.116666793823242,4.300000190734863,4.800000190734863,43.0,17324.333984375,3065.6,0.7532380819320679,24.79190444946289,190.8,1462.0521240234375,1918.914306640625,-0.3388095200061798,972.0571428571428,1,476,1,0,0,21,9,67
0,234.0,0.5496008992195129,296.0,3.0,293.0,12114.0,241.24489795918345,13695.5,25.116666793823242,9.283333778381348,19862.517578125,23.91666603088379,4.800000190734863,4.866666793823242,52.099998474121094,21271.666015625,3368.057142857143,0.753261923789978,24.71630859375,186.31428571428572,1467.6865234375,1923.800048828125,-0.6539999842643738,977.0857142857143,0,476,1,0,0,11,23,90
0,184.0,0.0,296.0,3.0,293.0,16233.0,241.24489795918345,13348.0,26.383333206176758,7.25,16242.43359375,21.58333396911621,3.9000000953674316,4.900000095367432,48.95000076293945,19238.0,3264.4857142857145,0.7483333349227905,24.682262420654297,187.05714285714285,1464.1234130859375,1901.5142822265625,-0.6140238046646118,973.8,1,476,1,0,0,11,26,87
0,236.0,0.3432154953479767,296.0,3.0,293.0,11561.0,244.42857142857122,13812.8330078125,25.149999618530273,12.600000381469727,17700.81640625,23.600000381469727,5.300000190734863,4.949999809265137,47.45000076293945,19196.333984375,3448.114285714286,0.7360952496528625,24.502975463867188,187.05714285714285,1465.328369140625,1896.971435546875,-0.779880940914154,968.5714285714286,1,476,1,0,0,31,11,105
0,160.0,0.5256556272506714,296.0,3.0,293.0,13362.0,248.63265306122426,12255.6669921875,24.983333587646484,7.75,16269.7001953125,23.683332443237305,5.599999904632568,4.900000095367432,50.56666564941406,19085.0,3558.9142857142856,0.7439047694206238,24.471309661865234,186.11428571428573,1469.10546875,1877.3428955078125,-1.0669047832489014,974.3428571428572,1,476,1,0,0,31,9,63
0,104.0,0.2565564513206482,296.0,3.0,293.0,5360.0,253.65306122448956,10343.6669921875,28.983333587646484,7.016666889190674,16302.5,23.200000762939453,5.400000095367432,4.900000095367432,47.04999923706055,22450.666015625,3670.342857142857,0.7183809876441956,23.98904800415039,183.68571428571428,1473.762939453125,1868.771484375,-1.3089286088943481,970.1428571428571,1,476,1,0,0,31,25,41
0,243.0,0.17103762924671173,296.0,3.0,293.0,2902.0,260.59183673469363,9866.6669921875,31.850000381469727,6.4666666984558105,17624.283203125,22.633333206176758,4.699999809265137,4.849999904632568,49.28333282470703,21928.5,3765.6285714285714,0.7061428427696228,23.915475845336914,185.0,1480.1060791015625,1860.085693359375,-1.2817857265472412,967.7714285714286,1,476,1,1,0,21,22,118
0,226.0,0.6716077327728271,296.0,3.0,293.0,1249.0,268.3265306122446,10099.3330078125,23.183332443237305,3.6500000953674316,15015.4501953125,19.366666793823242,3.700000047683716,4.583333492279053,54.900001525878906,17285.5,3849.885714285714,0.7238333225250244,24.323333740234375,188.17142857142858,1485.4708251953125,1852.771484375,-1.187904715538025,972.4,0,476,1,1,0,31,35,97
0,205.0,0.7343215346336365,296.0,3.0,293.0,1311.0,274.61224489795893,15244.8330078125,23.03333282470703,3.1500000953674316,15451.966796875,18.96666717529297,3.9000000953674316,4.599999904632568,57.20000076293945,17840.833984375,3940.1714285714284,0.7516428828239441,24.65761947631836,192.31428571428572,1490.5550537109375,1863.17138671875,-1.0369046926498413,982.6571428571428,3,476,1,1,0,42,11,100
0,130.0,0.7776510715484619,296.0,3.0,293.0,1066.0,284.59183673469374,15759.111328125,22.64444351196289,1.783333420753479,16765.599609375,21.416667938232422,4.5333333015441895,4.550000190734863,54.666664123535156,20853.611328125,3966.8285714285716,0.757190465927124,24.467500686645508,197.0857142857143,1495.73486328125,1886.82861328125,-0.8220475912094116,981.4,1,476,1,1,0,41,11,63
1,61.0,0.2690992057323456,296.0,3.0,293.0,2464.0,254.55102040816303,16077.5,26.633333206176758,2.3499999046325684,15837.9501953125,21.149999618530273,4.199999809265137,4.949999809265137,42.71666717529297,19273.0,2727.0857142857144,0.8355476260185242,24.917024612426758,236.0857142857143,1498.9893798828125,1856.3143310546875,-1.07704758644104,961.5714285714286,1,476,1,0,0,31,13,23
0,236.0,0.597491443157196,296.0,3.0,293.0,3012.0,243.7959183673467,11801.6669921875,29.28333282470703,3.299999952316284,15820.93359375,21.799999237060547,4.900000095367432,4.683333396911621,37.88333511352539,19334.666015625,2477.5714285714284,0.8419285416603088,24.785594940185547,242.68571428571428,1500.3314208984375,1873.5142822265625,-1.0325714349746704,961.0285714285715,2,476,1,0,0,31,29,89
0,141.0,0.3306727409362793,296.0,3.0,293.0,4975.0,241.1224489795916,12327.8330078125,29.100000381469727,3.6500000953674316,17804.43359375,22.733333587646484,5.900000095367432,4.933333396911621,49.150001525878906,22846.666015625,2265.6285714285714,0.8438571691513062,24.65416717529297,249.2,1498.7457275390625,1879.5714111328125,-0.9431904554367065,950.9428571428572,2,476,1,0,0,41,9,52
0,135.0,0.08323831111192703,296.0,3.0,293.0,3504.0,237.24489795918345,14616.0,30.450000762939453,3.9166667461395264,17710.849609375,22.0,5.400000095367432,5.050000190734863,46.93333435058594,22108.5,2338.5714285714284,0.8639761805534363,24.830713272094727,241.17142857142858,1496.8397216796875,1889.5428466796875,-0.9364047646522522,963.0,2,476,1,0,0,21,6,54
0,231.0,0.5507411360740662,296.0,3.0,293.0,7653.0,236.40816326530586,10769.3330078125,28.633333206176758,3.3333332538604736,14829.3330078125,20.049999237060547,4.0,4.683333396911621,47.08333206176758,16928.333984375,2509.1428571428573,0.870119035243988,24.8507137298584,241.0857142857143,1499.63916015625,1885.7142333984375,-0.9556666612625122,968.0,2,476,1,0,0,21,19,85
0,216.0,0.4104903042316437,296.0,3.0,293.0,3839.0,231.612244897959,8621.0,29.08333396911621,1.1666666269302368,13913.2333984375,19.53333282470703,4.099999904632568,4.900000095367432,50.599998474121094,17050.333984375,2575.7428571428572,0.8809999823570251,24.931072235107422,239.31428571428572,1503.7095947265625,1895.028564453125,-0.9484524130821228,976.8571428571429,2,476,1,0,0,21,7,89
0,178.0,0.1619156152009964,296.0,3.0,229.0,14412.0,228.36734693877534,9244.5,30.299999237060547,4.816666603088379,20342.416015625,20.83333396911621,4.599999904632568,4.7833333015441895,49.349998474121094,20693.0,2861.4,0.8897857069969177,24.945476531982422,231.11428571428573,1503.4581298828125,1909.6856689453125,-0.9875714182853699,985.7428571428571,1,481,1,0,0,11,10,65
0,190.0,0.28164196014404297,296.0,3.0,229.0,6227.0,222.30612244897938,11068.8330078125,25.149999618530273,1.2166666984558105,13881.6337890625,19.100000381469727,3.9000000953674316,4.599999904632568,56.06666564941406,16374.0,2985.0285714285715,0.9132381081581116,25.230594635009766,228.68571428571428,1505.817626953125,1909.7427978515625,-1.076047658920288,996.4857142857143,1,481,1,0,0,21,19,81
1,,0.01254275906831026,296.0,3.0,229.0,2341.0,222.30612244897938,13203.0,25.03333282470703,0.3333333432674408,14793.400390625,19.066667556762695,3.5999999046325684,4.849999904632568,55.71666717529297,17339.0,3055.2285714285713,0.924047589302063,25.337499618530273,233.62857142857143,1508.6510009765625,1898.17138671875,-1.0727618932724,992.7428571428571,2,481,1,0,0,21,17,
0,136.0,0.04789053648710251,296.0,3.0,293.0,3877.0,219.44897959183655,10941.1669921875,28.21666717529297,1.25,13690.2998046875,18.83333396911621,3.5999999046325684,4.7833333015441895,52.56666564941406,16243.6669921875,3055.2285714285713,0.924047589302063,25.337499618530273,233.62857142857143,1508.6510009765625,1898.17138671875,-1.0727618932724,992.7428571428571,5,481,1,0,0,31,18,49
0,204.0,0.006841504946351051,267.0,4.0,229.0,3377.0,218.1020408163263,10940.0,19.266666412353516,1.0499999523162842,13869.033203125,17.75,3.9000000953674316,4.483333110809326,57.516666412353516,24821.0,2864.6285714285714,0.9334762096405029,25.488691329956055,238.28571428571428,1513.2398681640625,1901.228515625,-1.1678810119628906,993.2,0,481,1,0,0,21,18,71
0,156.0,0.8369441032409668,267.0,4.0,229.0,1125.0,216.97959183673447,13209.5,25.549999237060547,2.066666603088379,18901.55078125,22.483333587646484,4.699999809265137,4.483333110809326,52.70000076293945,22543.5,2742.542857142857,0.9075714349746704,25.201547622680664,243.6,1511.50048828125,1895.2857666015625,-1.1942857503890991,979.8285714285714,0,481,1,1,0,21,8,72
0,165.0,0.18814139068126678,267.0,4.0,229.0,1975.0,218.71428571428552,15115.0,23.633333206176758,2.1500000953674316,15611.2001953125,19.183332443237305,4.0,4.166666507720947,56.21666717529297,17628.333984375,2549.342857142857,0.9526666402816772,25.568927764892578,249.62857142857143,1514.5025634765625,1902.6285400390625,-1.358618974685669,986.9142857142857,2,481,1,0,0,31,34,61
0,133.0,0.0,267.0,4.0,229.0,4125.0,218.46938775510185,12446.1669921875,21.483333587646484,0.8833333253860474,14292.216796875,19.700000762939453,3.9000000953674316,4.5,59.61666488647461,16305.3330078125,2549.342857142857,0.9526666402816772,25.568927764892578,249.62857142857143,1514.5025634765625,1902.6285400390625,-1.358618974685669,986.9142857142857,4,481,1,0,0,31,14,46
0,147.0,0.4104903042316437,267.0,4.0,229.0,1102.0,212.57142857142838,15197.0,25.516666412353516,0.5,13997.2998046875,20.25,4.300000190734863,4.349999904632568,56.91666793823242,17317.0,2431.342857142857,0.9482619166374207,25.4424991607666,257.57142857142856,1514.7625732421875,1891.0,-1.4714761972427368,977.8857142857142,1,481,1,0,0,31,16,52
0,148.0,0.3568985164165497,267.0,4.0,229.0,1542.0,211.5714285714284,13956.0,23.100000381469727,0.4166666567325592,13838.5830078125,19.91666603088379,4.0,4.483333110809326,60.25,16294.1669921875,2356.942857142857,0.9410476088523865,25.360952377319336,261.14285714285717,1520.95458984375,1888.914306640625,-1.5782618522644043,977.4857142857143,8,481,1,0,0,31,6,53
0,212.0,0.4253135621547699,267.0,4.0,229.0,5415.0,211.34693877551007,12449.6669921875,18.71666717529297,1.3666666746139526,13699.783203125,20.850000381469727,4.400000095367432,4.599999904632568,68.6500015258789,19387.0,2363.9714285714285,0.9762142896652222,25.4997615814209,259.54285714285714,1523.8553466796875,1893.6856689453125,-1.7578095197677612,992.2857142857143,0,481,1,0,0,21,16,78
0,224.0,0.21208666265010834,267.0,4.0,229.0,2701.0,212.65306122448962,11469.388671875,24.572221755981445,2.2555556297302246,16306.9111328125,21.561111450195312,4.5,4.550000190734863,58.35555648803711,18684.166015625,2357.942857142857,0.9786190390586853,25.492382049560547,261.22857142857146,1519.0076904296875,1881.3428955078125,-1.7867381572723389,987.0857142857143,0,481,1,0,0,41,12,88
0,193.0,0.03306727483868599,267.0,4.0,229.0,5181.0,213.612244897959,10284.1669921875,22.33333396911621,1.6666666269302368,13348.7998046875,19.733333587646484,3.5999999046325684,4.683333396911621,63.25,15869.3330078125,2423.7714285714287,1.0037143230438232,25.8075008392334,259.1142857142857,1516.6900634765625,1865.228515625,-1.7949047088623047,993.7142857142857,1,481,1,0,0,21,9,77
0,179.0,0.21778790652751923,267.0,4.0,229.0,4708.0,216.36734693877534,10140.6669921875,20.5,1.5,13236.2001953125,18.799999237060547,3.9000000953674316,4.683333396911621,67.53333282470703,17285.333984375,2347.4,1.01111900806427,25.835952758789062,264.3142857142857,1523.05859375,1873.4857177734375,-1.7343571186065674,993.6285714285714,1,481,1,0,0,21,18,63
0,95.98692075807261,0.01824401319026947,267.0,4.0,229.0,19102.0,214.97959183673453,12794.0,25.766666412353516,0.8500000238418579,13904.3662109375,18.649999618530273,3.700000047683716,4.599999904632568,59.18333435058594,17267.0,2493.6,1.0277857780456543,25.83738136291504,256.1714285714286,1522.0455322265625,1883.5999755859375,-1.7683571577072144,1007.1428571428571,0,481,1,0,0,21,16,37
0,132.0,0.4389965832233429,267.0,4.0,229.0,9511.0,215.99999999999977,13159.0,21.266666412353516,2.2166666984558105,14697.400390625,19.75,4.099999904632568,4.699999809265137,65.83333587646484,18198.0,2537.714285714286,1.020880937576294,25.737857818603516,256.9428571428571,1531.408203125,1921.800048828125,-1.5741428136825562,1011.4285714285714,1,481,1,0,0,21,9,46
0,120.0,0.0877993181347847,267.0,4.0,229.0,4496.0,216.46938775510182,12958.27734375,20.922222137451172,1.1333333253860474,14995.994140625,19.97222137451172,3.8999998569488525,4.622222423553467,66.04444885253906,16906.166015625,2570.6857142857143,1.0221904516220093,25.727619171142578,259.3142857142857,1532.5003662109375,1918.7142333984375,-1.5537142753601074,1008.8,1,481,1,0,0,21,6,40
0,114.0,0.38996580243110657,267.0,4.0,229.0,3830.0,215.6530612244896,10859.3330078125,22.616666793823242,0.5666666626930237,13783.466796875,19.299999237060547,4.199999809265137,4.433333396911621,60.70000076293945,16973.0,2680.114285714286,0.9951428771018982,25.573572158813477,260.3142857142857,1534.7093505859375,1913.6285400390625,-1.5334762334823608,1000.2857142857143,1,481,1,0,0,21,9,44
0,206.0,0.7400227785110474,267.0,4.0,229.0,1909.0,215.02040816326513,13927.3330078125,24.649999618530273,1.1666666269302368,14511.0830078125,20.483333587646484,4.199999809265137,4.483333110809326,58.0,17520.166015625,2724.2571428571428,0.9860714077949524,25.405357360839844,257.22857142857146,1531.9969482421875,1924.228515625,-1.4357856512069702,996.6285714285714,1,481,1,0,0,31,18,83
0,140.0,0.34891676902770996,267.0,4.0,229.0,1700.0,214.42857142857125,13295.0,21.25,2.9000000953674316,13449.4501953125,17.899999618530273,4.300000190734863,4.550000190734863,66.25,16404.666015625,2778.942857142857,0.9988571405410767,25.422500610351562,253.17142857142858,1541.05078125,1939.7427978515625,-1.416523814201355,1008.4571428571429,0,481,1,0,0,21,3,46
1,150.0,0.0,267.0,4.0,229.0,3607.0,214.53061224489784,11544.1669921875,18.549999237060547,0.5,13611.533203125,18.233333587646484,3.799999952316284,4.583333492279053,71.56666564941406,16883.166015625,2823.657142857143,0.9925476312637329,25.5,255.22857142857143,1538.289306640625,1904.05712890625,-1.6965476274490356,1003.3714285714286,1,481,1,0,0,34,17,59
1,209.0,0.0034207524731755257,267.0,4.0,229.0,7443.0,216.1836734693876,13910.1669921875,20.799999237060547,0.5,13670.31640625,18.383333206176758,3.799999952316284,4.5333333015441895,65.91666412353516,16616.166015625,2664.342857142857,1.0370714664459229,25.792261123657227,262.1142857142857,1549.1636962890625,1901.142822265625,-1.5296666622161865,1015.2285714285714,0,481,1,0,0,34,21,70
0,154.0,0.5564424395561218,267.0,4.0,229.0,3019.0,216.1836734693876,9567.5,22.049999237060547,0.3166666626930237,14110.0,18.950000762939453,4.199999809265137,4.650000095367432,61.983333587646484,17691.666015625,2634.342857142857,1.021047592163086,25.65333366394043,264.6,1548.924560546875,1891.771484375,-1.507095217704773,1006.9428571428572,0,481,1,0,0,41,6,50
0,183.0,0.7730900645256042,267.0,4.0,229.0,1193.0,215.81632653061206,11580.5,24.383333206176758,0.5666666626930237,14691.81640625,20.71666717529297,4.5,4.583333492279053,56.54999923706055,18581.5,2592.8285714285716,1.0015000104904175,25.48321533203125,268.42857142857144,1542.7823486328125,1872.05712890625,-1.5047856569290161,993.1428571428571,0,481,1,0,0,21,8,58
1,283.0,0.07183580100536346,267.0,4.0,229.0,3283.0,217.59183673469366,11325.3330078125,20.933332443237305,1.6833332777023315,13629.400390625,17.183332443237305,3.9000000953674316,4.5333333015441895,65.68333435058594,18128.666015625,2488.4,1.0147380828857422,25.605356216430664,268.0,1547.452880859375,1849.3714599609375,-1.4137381315231323,1000.7142857142857,0,481,1,0,0,31,21,89
0,132.46999783614632,0.0,267.0,4.0,229.0,6577.0,221.77551020408137,11291.8330078125,19.433332443237305,3.5833332538604736,13904.43359375,18.5,4.5,4.583333492279053,64.6500015258789,17882.0,2421.8,1.0215476751327515,25.604881286621094,266.0857142857143,1554.4708251953125,1859.4285888671875,-1.1367619037628174,1007.7714285714286,1,481,1,0,0,21,11,41
0,98.0,0.37628278136253357,267.0,4.0,229.0,12930.0,222.2244897959181,11275.6669921875,24.266666412353516,1.5,13536.783203125,19.299999237060547,4.800000190734863,4.599999904632568,58.91666793823242,19925.5,2407.4285714285716,1.0569523572921753,25.596786499023438,260.3142857142857,1548.317626953125,1897.1142578125,-1.1404762268066406,1019.6857142857143,0,481,1,0,0,31,1,31
0,,0.37514254450798035,267.0,4.0,229.0,10071.0,222.75510204081604,11201.1669921875,26.366666793823242,2.799999952316284,13475.2001953125,22.25,4.900000095367432,4.699999809265137,57.66666793823242,20668.833984375,2373.3142857142857,1.055738091468811,25.603214263916016,265.42857142857144,1550.0430908203125,1889.5428466796875,-1.0995237827301025,1016.8857142857142,1,481,1,0,0,31,15,
0,167.0,0.32041049003601074,267.0,4.0,229.0,1396.0,225.8571428571426,10305.0,23.33333396911621,0.7333333492279053,14086.033203125,20.066667556762695,4.800000190734863,4.449999809265137,52.25,18822.833984375,2340.6,1.0265476703643799,25.50452423095703,279.2,1550.360595703125,1842.085693359375,-0.7607380747795105,992.3142857142857,1,481,1,0,0,21,10,68
0,166.0,0.5188141465187073,267.0,4.0,229.0,2776.0,226.9387755102038,9157.5,24.733333587646484,1.7833333015441895,14308.3662109375,20.41666603088379,4.5,4.599999904632568,54.03333282470703,19286.666015625,2285.2,1.038690447807312,25.508928298950195,286.51428571428573,1554.67431640625,1841.1142578125,-0.8047618865966797,993.6,2,481,1,0,0,21,14,53
0,142.0,0.5826681852340698,267.0,4.0,229.0,4003.0,226.6326530612243,9573.3330078125,24.83333396911621,1.649999976158142,15021.0,20.883333206176758,4.699999809265137,4.5,52.31666564941406,19072.5,2337.6857142857143,1.0401190519332886,25.374284744262695,281.14285714285717,1547.46875,1850.05712890625,-0.8005238175392151,994.6857142857143,0,481,1,0,0,34,15,46
0,250.0,0.0,267.0,4.0,229.0,2295.0,224.71428571428552,11851.5,24.549999237060547,2.049999952316284,13607.650390625,21.366666793823242,4.900000095367432,4.683333396911621,59.5,25416.5,2458.5142857142855,1.0576905012130737,25.411190032958984,271.14285714285717,1532.877197265625,1867.3428955078125,-0.6651190519332886,1003.4285714285714,2,481,1,0,0,24,13,88
1,178.0,0.0672748014330864,267.0,4.0,229.0,11801.0,219.77551020408146,10708.5,24.116666793823242,1.2166666984558105,13828.25,21.41666603088379,5.0,4.583333492279053,52.0,20758.333984375,2339.6,1.0748571157455444,25.647619247436523,291.74285714285713,1554.02001953125,1827.6856689453125,-0.8775952458381653,999.0857142857143,1,481,1,0,0,41,4,58
0,202.0,0.7765108346939087,267.0,4.0,293.0,10212.0,218.63265306122432,13431.0,24.66666603088379,0.30000001192092896,21163.56640625,19.450000762939453,4.400000095367432,4.483333110809326,55.03333282470703,26004.333984375,2415.1428571428573,1.0781667232513428,25.76095199584961,282.34285714285716,1536.4102783203125,1844.17138671875,-0.830047607421875,1000.1714285714286,3,481,1,0,0,41,4,78
0,29.92515643958922,0.18472063541412354,267.0,4.0,293.0,1717.0,221.2244897959182,10517.5,23.633333206176758,0.7666666507720947,14429.6669921875,19.733333587646484,4.599999904632568,4.483333110809326,52.11666488647461,19836.666015625,2516.4285714285716,1.066166639328003,25.74309539794922,290.0,1554.90576171875,1816.4285888671875,-0.6769999861717224,998.9428571428572,0,476,1,0,0,31,5,10
0,114.0,0.07867731153964996,267.0,4.0,293.0,5640.0,221.16326530612224,11695.6669921875,25.049999237060547,1.3833333253860474,16419.267578125,21.016666412353516,4.900000095367432,4.550000190734863,48.16666793823242,18669.0,2470.0,1.082880973815918,25.865476608276367,293.22857142857146,1548.053466796875,1834.82861328125,-0.7164762020111084,997.4571428571429,3,476,1,0,0,21,16,60
0,79.0,0.0,267.0,4.0,293.0,5171.0,223.612244897959,16442.0,25.816667556762695,0.5166666507720947,14312.93359375,19.566667556762695,4.699999809265137,4.583333492279053,51.68333435058594,18818.666015625,2470.0,1.082880973815918,25.865476608276367,293.22857142857146,1548.053466796875,1834.82861328125,-0.7164762020111084,997.4571428571429,3,476,1,0,0,31,12,41
0,47.0,0.03990878164768219,267.0,4.0,229.0,4180.0,224.32653061224474,11088.6669921875,22.899999618530273,0.20000000298023224,14346.1162109375,18.46666717529297,4.300000190734863,4.883333206176758,61.36666488647461,20147.0,2529.6285714285714,1.0918809175491333,25.846071243286133,291.0857142857143,1550.9300537109375,1863.971435546875,-0.642714262008667,1003.7428571428571,0,481,1,0,0,34,19,18
0,160.0,0.09350056946277618,267.0,4.0,229.0,2510.0,225.89795918367332,9652.6669921875,28.049999237060547,0.6666666865348816,14245.4833984375,19.5,4.300000190734863,4.383333206176758,49.900001525878906,17091.0,2637.3714285714286,1.065666675567627,25.712976455688477,290.65714285714284,1550.295654296875,1859.5142822265625,-0.4393095076084137,995.8857142857142,0,481,1,0,0,21,1,51
0,35.0,0.04104902967810631,267.0,4.0,229.0,2521.0,226.87755102040802,9774.8330078125,28.566667556762695,0.5166666507720947,15578.5166015625,19.100000381469727,4.5,4.400000095367432,49.43333435058594,18642.333984375,2635.6,1.0548095703125,25.62583351135254,295.51428571428573,1563.087890625,1851.8857421875,-0.4128333330154419,996.2,3,481,1,0,0,24,1,13
0,209.67169670128567,0.33979475498199463,267.0,4.0,229.0,1218.0,226.04081632653043,9422.3330078125,26.299999237060547,0.75,14464.3662109375,18.899999618530273,4.5,4.5,48.58333206176758,20755.666015625,2681.8,1.0670238733291626,25.688690185546875,293.74285714285713,1554.3577880859375,1867.6285400390625,-0.4155000150203705,995.5428571428571,5,481,1,0,0,31,18,69
1,249.0,0.034207526594400406,267.0,4.0,229.0,4513.0,223.8571428571427,10573.6669921875,28.5,0.8666666746139526,15182.2333984375,20.41666603088379,4.599999904632568,4.550000190734863,47.150001525878906,20620.333984375,2703.8285714285716,1.090404748916626,25.925952911376953,298.62857142857143,1564.026123046875,1856.914306640625,-0.4011666476726532,1003.0285714285715,1,481,1,0,0,31,10,84
0,165.0,0.91904217004776,267.0,4.0,229.0,1060.0,220.2040816326529,9370.6669921875,27.133333206176758,0.7333333492279053,14352.716796875,18.200000762939453,4.400000095367432,4.483333110809326,51.63333511352539,18421.5,2782.7428571428572,1.0733095407485962,25.765594482421875,291.42857142857144,1554.90966796875,1879.6285400390625,-0.4956666827201843,1001.1428571428571,1,481,1,0,0,21,33,51
0,275.0,0.0,267.0,4.0,229.0,2062.0,216.55102040816305,11175.0,27.200000762939453,0.6666666865348816,14070.6337890625,19.700000762939453,4.400000095367432,4.5,48.79999923706055,18683.666015625,2816.657142857143,1.065690517425537,25.665475845336914,288.8857142857143,1553.655517578125,1891.05712890625,-0.4958333373069763,1000.0857142857143,2,481,1,0,0,34,9,110
0,209.0,0.5906499624252319,267.0,4.0,229.0,1441.0,214.20408163265287,9602.27734375,28.372222900390625,1.355555534362793,14099.599609375,19.816667556762695,4.766666412353516,4.622222423553467,48.81111145019531,19521.77734375,2858.4285714285716,1.0681428909301758,25.787261962890625,291.42857142857144,1568.8812255859375,1884.7142333984375,-0.518833339214325,1007.6571428571428,2,481,1,0,0,24,17,65
1,,0.05017103627324104,267.0,4.0,229.0,1626.0,213.1632653061222,12217.3330078125,27.883333206176758,0.5,14653.8330078125,23.100000381469727,5.199999809265137,4.949999809265137,49.56666564941406,22282.166015625,2958.1714285714284,1.0522619485855103,25.49892807006836,282.9142857142857,1555.322509765625,1926.971435546875,-0.4736190438270569,1004.8571428571429,1,481,1,0,0,41,10,
0,98.0,0.6624857187271118,267.0,4.0,229.0,1056.0,209.65306122448962,13665.3330078125,26.899999618530273,1.350000023841858,14120.1337890625,23.41666603088379,5.300000190734863,4.599999904632568,50.08333206176758,21647.333984375,2958.1714285714284,1.0522619485855103,25.49892807006836,282.9142857142857,1555.322509765625,1926.971435546875,-0.4736190438270569,1004.8571428571429,1,481,1,0,0,31,10,31
0,114.0,0.42075255513191223,267.0,4.0,229.0,1403.0,204.26530612244878,10659.0,27.933332443237305,3.0166666507720947,15299.5,21.983333587646484,5.099999904632568,4.583333492279053,50.150001525878906,22568.833984375,3040.342857142857,1.0377380847930908,25.46845245361328,283.1142857142857,1575.4686279296875,1908.2857666015625,-0.4833809733390808,1012.3714285714286,3,481,1,0,0,21,1,36
0,60.0,0.36259976029396057,267.0,4.0,229.0,4126.0,201.42857142857125,9580.3330078125,26.233333587646484,1.9333332777023315,16197.0,20.316667556762695,5.099999904632568,4.849999904632568,52.483333587646484,21115.0,3173.4285714285716,1.0568809509277344,25.605119705200195,278.1714285714286,1564.974609375,1943.199951171875,-0.6050238013267517,1017.5714285714286,2,481,1,0,0,31,17,25
0,129.0,0.13112884759902954,267.0,4.0,229.0,3349.0,199.3265306122447,10671.1669921875,27.46666717529297,1.2666666507720947,16361.400390625,19.399999618530273,4.199999809265137,4.550000190734863,52.36666488647461,19027.0,3297.7428571428572,1.0714762210845947,25.81511878967285,271.9428571428571,1567.9090576171875,1964.5142822265625,-0.7507619261741638,1031.5428571428572,1,481,1,0,0,21,4,41
0,87.0,0.19840364158153534,267.0,4.0,229.0,1563.0,196.38775510204067,11436.5556640625,25.405555725097656,1.0444444417953491,16773.798828125,20.4777774810791,4.566666603088379,4.883333206176758,53.594444274902344,18345.556640625,3393.2571428571428,1.044023871421814,25.556190490722656,267.85714285714283,1569.2418212890625,1951.6285400390625,-0.8452857136726379,1026.3428571428572,1,481,1,0,0,24,6,37
0,92.0,0.41619154810905457,267.0,4.0,229.0,3150.0,188.9999999999999,10984.5556640625,25.211111068725586,1.6222221851348877,17198.6015625,20.844444274902344,4.866666793823242,4.494444370269775,52.5555534362793,18981.0,3516.6,1.040928602218628,25.545595169067383,264.45714285714286,1567.5059814453125,1963.17138671875,-1.1399524211883545,1027.7142857142858,1,481,1,0,0,21,4,29
0,97.0,0.21778790652751923,267.0,4.0,229.0,3048.0,188.9999999999999,11016.6669921875,25.433332443237305,1.2999999523162842,16964.083984375,20.016666412353516,4.400000095367432,4.483333110809326,51.79999923706055,18869.666015625,3516.6,1.040928602218628,25.545595169067383,264.45714285714286,1567.5059814453125,1963.17138671875,-1.1399524211883545,1027.7142857142858,2,481,1,0,0,31,4,31
0,37.56600568217828,0.33523374795913696,267.0,4.0,229.0,1311.0,184.87755102040805,12999.8330078125,27.066667556762695,1.75,14974.25,20.78333282470703,4.800000190734863,4.849999904632568,54.36666488647461,20810.5,3489.457142857143,1.049047589302063,25.78369140625,269.1714285714286,1576.533935546875,1983.142822265625,-1.6590951681137085,1032.942857142857,3,481,1,0,0,41,4,14
0,53.0,0.26111745834350586,267.0,4.0,229.0,1920.0,182.77551020408154,11731.3330078125,27.883333206176758,1.5166666507720947,15365.6337890625,20.483333587646484,4.800000190734863,4.583333492279053,50.16666793823242,18376.666015625,3493.3142857142857,1.0447380542755127,25.752500534057617,270.34285714285716,1577.183349609375,1984.7427978515625,-1.671118974685669,1030.8,0,481,1,1,0,31,6,17
1,28.0,0.2907639741897583,267.0,4.0,229.0,1343.0,172.57142857142844,12355.1669921875,27.183332443237305,2.4833333492279053,14126.099609375,21.100000381469727,4.900000095367432,4.699999809265137,56.29999923706055,19900.0,3205.285714285714,1.0402857065200806,25.862380981445312,269.7142857142857,1589.08154296875,1946.6856689453125,-1.9600476026535034,1038.4285714285713,4,481,1,1,0,34,10,9
1,59.0,0.4139110743999481,267.0,4.0,229.0,1366.0,172.22448979591823,12247.111328125,25.5222225189209,2.450000047683716,16598.1328125,22.28333282470703,6.0333333015441895,4.483333110809326,57.488887786865234,22404.4453125,2940.1428571428573,1.020738124847412,25.739763259887695,277.4,1597.6573486328125,1937.82861328125,-1.8370237350463867,1029.8857142857144,2,481,1,1,0,34,7,23
0,65.0,0.0,267.0,4.0,229.0,1990.0,171.2857142857141,10282.388671875,26.322223663330078,1.4611111879348755,14469.97265625,21.149999618530273,5.433333396911621,4.933333396911621,54.866668701171875,21636.77734375,2484.9714285714285,1.0241904258728027,25.784761428833008,276.2,1594.79833984375,1896.82861328125,-1.72945237159729,1032.0857142857142,2,481,1,0,0,34,5,25
0,89.0,0.020524514839053154,267.0,4.0,229.0,2031.0,171.2244897959182,10235.6669921875,27.566667556762695,2.1500000953674316,15728.216796875,20.200000762939453,4.5,4.883333206176758,55.766666412353516,19726.5,2379.5142857142855,1.0290237665176392,25.869762420654297,277.9714285714286,1595.05517578125,1913.4857177734375,-1.7984048128128052,1033.7428571428572,2,481,1,0,0,34,10,32
0,155.0,0.0,267.0,4.0,229.0,2715.0,169.6326530612243,10191.3330078125,25.0,2.5888888835906982,15530.7666015625,22.311111450195312,5.566666603088379,4.949999809265137,58.81111145019531,20228.666015625,2284.6,1.037428617477417,25.952857971191406,286.6,1606.908935546875,1873.971435546875,-1.7065714597702026,1035.2857142857142,5,481,1,0,0,24,8,54
0,142.0,0.0,267.0,4.0,229.0,3739.0,168.5714285714284,15403.3330078125,26.266666412353516,0.6333333253860474,17100.466796875,26.600000381469727,5.5,4.800000190734863,59.483333587646484,26518.333984375,2252.4285714285716,1.0382380485534668,25.938451766967773,274.57142857142856,1572.2430419921875,1895.142822265625,-1.0572856664657593,1028.6,2,481,1,0,0,34,17,47
0,18.0,0.3181299865245819,267.0,4.0,229.0,1365.0,166.24489795918356,10710.1669921875,21.616666793823242,1.4500000476837158,15027.8330078125,22.66666603088379,4.900000095367432,4.900000095367432,61.53333282470703,22209.333984375,2176.3714285714286,1.0304523706436157,25.926666259765625,289.74285714285713,1594.61279296875,1853.4571533203125,-0.7715476155281067,1024.2285714285715,0,481,1,0,0,24,25,7
0,174.0,0.678449273109436,267.0,4.0,229.0,1660.0,164.0408163265305,11744.0,25.450000762939453,3.366666555404663,16472.150390625,21.816667556762695,5.099999904632568,4.75,53.25,20870.833984375,2128.657142857143,1.0354762077331543,25.940595626831055,306.0,1597.083984375,1819.2572021484375,-0.5467857122421265,1010.3142857142857,2,481,1,0,0,41,17,64
1,124.0,0.3454959988594055,267.0,4.0,229.0,2225.0,159.3673469387754,12435.1669921875,27.600000381469727,4.400000095367432,17941.166015625,22.100000381469727,5.099999904632568,4.900000095367432,56.06666564941406,22524.0,1991.942857142857,1.0392619371414185,25.997499465942383,313.6,1583.9781494140625,1836.971435546875,-0.38859522342681885,1000.2571428571429,3,481,1,0,0,24,19,45
0,159.0,0.010262257419526577,267.0,4.0,229.0,3038.0,158.06122448979582,11761.3330078125,22.28333282470703,2.4166667461395264,16445.8671875,23.016666412353516,5.099999904632568,4.900000095367432,61.54999923706055,23192.333984375,1829.7428571428572,1.03426194190979,25.989286422729492,353.77142857142854,1598.22998046875,1771.6571044921875,-0.1886666715145111,966.4285714285714,1,481,1,0,0,34,24,52
0,119.0,0.24743443727493286,267.0,4.0,229.0,1260.0,156.06122448979582,11232.3330078125,20.200000762939453,4.0,14368.2333984375,19.91666603088379,5.099999904632568,4.900000095367432,62.95000076293945,21440.333984375,1801.0285714285715,1.0532143115997314,26.19952392578125,359.2857142857143,1602.145263671875,1772.2572021484375,-0.18435713648796082,968.0285714285715,1,481,1,0,0,31,5,38
0,82.0,0.0,267.0,4.0,229.0,8160.0,151.18367346938768,10886.3330078125,22.0,4.616666793823242,15654.7998046875,20.850000381469727,4.900000095367432,4.800000190734863,61.06666564941406,21232.666015625,1617.057142857143,1.0610476732254028,26.255952835083008,381.45714285714286,1598.455078125,1739.2572021484375,-0.15059524774551392,945.5428571428571,5,481,1,0,0,24,14,26
0,120.80166736124164,0.31356897950172424,267.0,4.0,229.0,12405.0,143.34693877551018,10021.1669921875,20.866666793823242,4.366666793823242,14703.349609375,20.566667556762695,4.699999809265137,4.800000190734863,62.06666564941406,19186.5,1503.6571428571428,1.0658810138702393,26.46238136291504,403.65714285714284,1614.0980224609375,1706.3143310546875,-0.17095239460468292,934.2,5,481,1,0,0,34,11,39
0,126.0,0.0741163045167923,267.0,4.0,229.0,12912.0,137.87499999999991,9643.0,21.44999885559082,6.400000095367432,18505.333984375,22.955556869506836,5.566666603088379,4.816666603088379,59.494441986083984,19324.16796875,1503.6571428571428,1.0658810138702393,26.46238136291504,403.65714285714284,1614.0980224609375,1706.3143310546875,-0.17095239460468292,934.2,5,481,1,0,0,21,11,42
1,52.0,0.0045610032975673676,267.0,4.0,229.0,17891.0,135.48936170212752,9591.0,21.0,1.7666666507720947,14820.349609375,19.25,5.099999904632568,5.0,62.849998474121094,22161.5,1511.5428571428572,1.1212856769561768,26.959880828857422,399.0285714285714,1589.2989501953125,1730.8857421875,-0.19278569519519806,942.7714285714286,2,481,1,0,0,41,17,16
1,109.0,0.09122006595134735,267.0,4.0,229.0,11747.0,133.76086956521723,9754.5,22.649999618530273,4.849999904632568,19150.849609375,23.78333282470703,5.300000190734863,4.900000095367432,60.20000076293945,21953.666015625,1549.8857142857144,1.1031190156936646,26.941072463989258,411.74285714285713,1611.91943359375,1688.7427978515625,-0.18802380561828613,939.0285714285715,1,481,1,0,0,42,20,39
1,96.0,0.0,267.0,4.0,229.0,9246.0,131.02325581395337,9250.8330078125,22.41666603088379,2.7666666507720947,14942.2333984375,18.816667556762695,4.5,4.883333206176758,63.233333587646484,19910.666015625,1549.8857142857144,1.1031190156936646,26.941072463989258,411.74285714285713,1611.91943359375,1688.7427978515625,-0.18802380561828613,939.0285714285715,1,481,1,0,0,34,16,32
1,93.0,0.0,267.0,4.0,229.0,2607.0,126.64102564102556,10018.6669921875,20.549999237060547,1.649999976158142,15430.68359375,21.133333206176758,4.400000095367432,4.949999809265137,63.78333282470703,20144.333984375,1555.9714285714285,1.1240952014923096,27.055952072143555,405.74285714285713,1594.60400390625,1693.5428466796875,-0.2802381217479706,941.2571428571429,2,481,1,0,0,41,15,35
0,77.0,0.4378563165664673,296.0,3.0,293.0,1444.0,225.23913043478242,13833.3330078125,33.900001525878906,7.933333396911621,18782.333984375,22.450000762939453,4.300000190734863,4.566666603088379,46.016666412353516,23254.666015625,4744.628571428571,0.9677380919456482,26.701786041259766,171.28571428571428,1375.7265625,1723.4285888671875,1.1072618961334229,1034.057142857143,0,476,1,1,0,41,5,26
0,194.0,0.7411630749702454,296.0,3.0,293.0,1100.0,252.7959183673468,11673.8330078125,29.350000381469727,6.933333396911621,18417.650390625,21.450000762939453,4.099999904632568,5.050000190734863,50.599998474121094,14713.3330078125,4803.028571428571,0.9216190576553345,26.44678497314453,166.45714285714286,1385.0303955078125,1713.5142822265625,1.1844761371612549,1029.4857142857143,0,476,1,0,1,41,22,91
0,312.0,0.6579247713088989,296.0,3.0,293.0,1182.0,252.7959183673468,13989.1669921875,28.383333206176758,4.75,17446.583984375,21.83333396911621,4.099999904632568,4.983333110809326,50.266666412353516,16112.0,4827.2,0.9215475916862488,26.445119857788086,165.42857142857142,1381.89697265625,1702.914306640625,1.2070237398147583,1028.4,0,476,1,0,1,42,8,146
0,322.0,0.9087799191474915,296.0,3.0,293.0,1026.0,261.7346938775508,11931.5556640625,31.094444274902344,6.666666507720947,18642.30078125,22.11111068725586,4.866666793823242,5.027777671813965,42.588890075683594,22255.666015625,4707.742857142857,0.835357129573822,25.767976760864258,154.85714285714286,1394.7926025390625,1665.4571533203125,1.0963095426559448,1013.4285714285714,0,476,1,0,1,11,23,151
0,212.0,0.9589509963989258,296.0,3.0,293.0,1072.0,262.8367346938773,13515.0,31.516666412353516,7.616666793823242,17752.93359375,23.133333206176758,4.400000095367432,4.983333110809326,40.0,22669.166015625,4676.0,0.8217856884002686,25.625,152.82857142857142,1390.882568359375,1663.6285400390625,1.0611190795898438,1008.6857142857143,0,476,1,0,1,11,25,100
0,304.0,0.7217788100242615,296.0,3.0,293.0,1184.0,258.9183673469385,13010.3330078125,30.233333587646484,10.350000381469727,18197.349609375,25.133333206176758,4.300000190734863,4.800000190734863,44.099998474121094,21336.5,3824.9714285714285,0.7145000100135803,24.164642333984375,151.0857142857143,1396.2694091796875,1711.6856689453125,0.7581904530525208,968.5142857142857,0,476,1,1,1,31,2,137
0,103.0,0.8152793645858765,296.0,3.0,293.0,1101.0,234.42857142857133,13534.5,27.950000762939453,7.849999904632568,18950.400390625,20.399999618530273,4.199999809265137,4.800000190734863,49.06666564941406,15191.5,2418.8571428571427,0.709928572177887,24.579166412353516,176.0857142857143,1427.2762451171875,1710.7142333984375,0.3919047713279724,955.6857142857143,0,476,1,1,1,21,17,47
0,139.0,0.17445838451385498,296.0,3.0,293.0,11953.0,223.4693877551019,15189.3330078125,27.83333396911621,7.233333110809326,17751.533203125,20.266666412353516,4.400000095367432,4.900000095367432,41.766666412353516,17173.333984375,2199.8,0.7450952529907227,24.776071548461914,174.88571428571427,1421.8275146484375,1770.4285888671875,0.28902381658554077,965.2571428571429,1,476,1,0,0,41,13,53
0,194.0,0.13226909935474396,296.0,3.0,293.0,14197.0,215.8571428571427,13187.5,28.0,9.100000381469727,15766.2666015625,21.25,3.799999952316284,4.883333206176758,42.233333587646484,19780.5,2187.0285714285715,0.7438571453094482,24.75,179.2,1432.4324951171875,1766.085693359375,0.3034999966621399,966.8857142857142,0,476,1,0,0,41,4,73
0,178.0,0.20410490036010742,296.0,3.0,293.0,6217.0,209.38775510204061,11746.3330078125,26.116666793823242,4.366666793823242,14569.9501953125,20.75,4.699999809265137,4.949999809265137,47.86666488647461,16078.1669921875,2257.3142857142857,0.7508809566497803,24.84904670715332,172.42857142857142,1422.49853515625,1827.4285888671875,0.15395237505435944,967.2,1,476,1,0,0,31,8,74
0,198.0,0.5267959237098694,296.0,3.0,293.0,2226.0,203.63265306122423,13049.1669921875,24.96666717529297,4.2166666984558105,16923.75,22.183332443237305,4.300000190734863,4.683333396911621,53.78333282470703,15708.8330078125,2212.6857142857143,0.7330714464187622,24.8030948638916,186.6,1431.8795166015625,1797.857177734375,0.14102379977703094,952.7142857142857,3,476,1,0,0,31,19,77
1,,0.030786773189902306,296.0,3.0,293.0,3908.0,192.16326530612216,11551.8330078125,23.600000381469727,4.5333333015441895,14720.75,18.53333282470703,3.799999952316284,4.75,51.75,17157.666015625,2226.885714285714,0.7405952215194702,24.856189727783203,188.94285714285715,1441.5076904296875,1834.7142333984375,0.07378572225570679,958.6571428571428,1,476,1,0,0,34,14,
0,161.0,0.46180158853530884,296.0,3.0,293.0,5578.0,192.16326530612216,10832.6669921875,23.66666603088379,3.866666555404663,14794.599609375,19.58333396911621,3.9000000953674316,4.75,52.400001525878906,14068.0,2235.9142857142856,0.7414047718048096,24.859643936157227,187.6,1446.2139892578125,1850.142822265625,0.06371428817510605,963.2285714285714,1,476,1,0,0,34,28,68
0,95.0,0.028506271541118622,296.0,3.0,293.0,5516.0,196.42857142857113,11597.0,24.299999237060547,2.700000047683716,14979.900390625,19.683332443237305,3.799999952316284,4.800000190734863,54.75,15108.0,2353.3714285714286,0.7414523959159851,24.858928680419922,182.4,1447.7314453125,1888.142822265625,-0.03973810374736786,966.5428571428571,3,476,1,0,0,34,3,39
0,160.0,0.1413911134004593,296.0,3.0,293.0,4028.0,198.44897959183643,10586.6669921875,27.549999237060547,3.116666555404663,14208.466796875,19.633333206176758,3.799999952316284,4.683333396911621,48.56666564941406,14563.6669921875,2452.5714285714284,0.7386904954910278,24.868690490722656,191.17142857142858,1452.261474609375,1880.199951171875,-0.061071429401636124,959.0571428571428,3,476,1,0,0,21,29,70
0,165.0,0.17787913978099823,296.0,3.0,293.0,6840.0,203.10204081632622,15896.1669921875,25.866666793823242,3.066666603088379,15114.4501953125,19.366666793823242,4.099999904632568,4.900000095367432,50.900001525878906,15840.1669921875,2439.1714285714284,0.7519285678863525,24.881071090698242,192.4,1459.232666015625,1884.3143310546875,-0.04945238307118416,967.5714285714286,1,476,1,0,0,21,7,62
0,140.0,0.15963512659072876,296.0,3.0,293.0,19963.0,208.40816326530583,10189.8330078125,23.450000762939453,6.316666603088379,15846.93359375,19.16666603088379,3.799999952316284,4.900000095367432,53.099998474121094,17408.333984375,2543.885714285714,0.7579285502433777,24.947261810302734,195.85714285714286,1455.2152099609375,1901.6285400390625,-0.05921429023146629,963.7714285714286,4,476,1,0,0,21,15,60
0,191.0,0.019384264945983887,296.0,3.0,293.0,26028.0,213.6122448979589,12887.5,23.766666412353516,2.433333396911621,15634.7001953125,19.25,3.799999952316284,4.949999809265137,52.349998474121094,19010.5,2583.0857142857144,0.7596904635429382,24.921667098999023,194.88571428571427,1454.1514892578125,1907.199951171875,-0.1314285695552826,964.7428571428571,1,476,1,0,0,34,25,74
1,209.0,0.0,296.0,3.0,293.0,20834.0,220.10204081632622,12497.8330078125,25.933332443237305,3.450000047683716,15037.533203125,20.100000381469727,5.099999904632568,4.7833333015441895,51.83333206176758,18282.666015625,2717.114285714286,0.772357165813446,25.02666664123535,191.14285714285714,1449.2559814453125,1946.7142333984375,-0.20978569984436035,970.9428571428572,1,476,1,0,0,31,19,85
1,205.0,0.011402508243918419,296.0,3.0,293.0,16813.0,226.5306122448977,13920.8330078125,26.66666603088379,3.0833332538604736,15811.7001953125,19.733333587646484,4.300000190734863,4.699999809265137,51.54999923706055,16837.0,2664.3714285714286,0.769428551197052,24.963214874267578,199.74285714285713,1463.6549072265625,1911.2572021484375,-0.1582857072353363,969.9428571428572,0,476,1,0,0,21,19,78
0,128.0,0.08437856286764145,296.0,3.0,293.0,19626.0,228.06122448979568,17249.0,26.649999618530273,4.0333333015441895,16563.666015625,18.600000381469727,3.9000000953674316,4.983333110809326,49.400001525878906,17600.166015625,2845.2571428571428,0.7579761743545532,24.817142486572266,195.31428571428572,1465.515380859375,1920.800048828125,-0.2001190334558487,970.2,0,476,1,0,0,21,25,50
0,66.0,0.0,296.0,3.0,293.0,22153.0,228.9591836734692,13541.0,24.75,5.416666507720947,15985.8662109375,18.649999618530273,4.0,5.099999904632568,51.43333435058594,18597.0,2935.714285714286,0.7564285397529602,24.76011848449707,193.88571428571427,1464.0770263671875,1898.6285400390625,-0.2810952365398407,971.7142857142857,0,476,1,0,0,21,19,25
0,213.0,0.3443557620048523,296.0,3.0,293.0,20452.0,236.9591836734692,12710.0,28.53333282470703,8.116666793823242,16408.900390625,20.899999618530273,4.5,4.699999809265137,49.31666564941406,19886.666015625,3213.1428571428573,0.7478333115577698,24.622142791748047,188.54285714285714,1467.4691162109375,1905.5142822265625,-0.5268809795379639,973.2857142857143,0,476,1,0,0,31,25,81
0,95.0,0.0,296.0,3.0,293.0,18411.0,241.24489795918345,13007.1669921875,27.700000762939453,5.849999904632568,18230.966796875,19.75,4.5,4.900000095367432,49.36666488647461,20649.833984375,3264.4857142857145,0.7483333349227905,24.682262420654297,187.05714285714285,1464.1234130859375,1901.5142822265625,-0.6140238046646118,973.8,2,476,1,0,0,41,3,40
0,57.0,0.08437856286764145,296.0,3.0,293.0,17111.0,235.18367346938757,13260.8330078125,25.71666717529297,2.066666603088379,15028.2998046875,19.299999237060547,4.099999904632568,4.900000095367432,46.43333435058594,16910.833984375,3318.657142857143,0.760523796081543,24.73178482055664,185.62857142857143,1471.771728515625,1893.228515625,-0.741190493106842,985.3714285714286,3,476,1,0,0,31,10,22
0,148.0,0.2576966881752014,296.0,3.0,293.0,11662.0,248.63265306122426,11447.6669921875,28.91666603088379,9.75,17564.833984375,23.516666412353516,6.099999904632568,5.050000190734863,45.099998474121094,20979.0,3591.714285714286,0.7395238280296326,24.363927841186523,184.54285714285714,1470.9959716796875,1867.4571533203125,-1.2377856969833374,977.0571428571428,1,476,1,0,0,21,12,65
0,,0.34777650237083435,296.0,3.0,293.0,5004.0,253.65306122448956,13424.6669921875,29.233333587646484,8.533333778381348,17928.732421875,24.983333587646484,6.0,5.050000190734863,47.0,24010.333984375,3723.4857142857145,0.7184047698974609,24.03071403503418,180.4,1475.464111328125,1872.2572021484375,-1.3622618913650513,974.8,0,476,1,0,0,21,19,
0,289.0,0.7673888206481934,296.0,3.0,293.0,1106.0,260.59183673469363,13134.8330078125,20.75,3.316666603088379,17364.267578125,23.683332443237305,4.5,4.683333396911621,60.86666488647461,20779.0,3796.285714285714,0.7275000214576721,24.326547622680664,188.77142857142857,1489.13232421875,1848.142822265625,-1.277904748916626,976.8285714285714,0,476,1,1,0,31,31,139
0,228.0,0.28848347067832947,296.0,3.0,293.0,2185.0,257.6734693877549,11585.5,21.16666603088379,1.25,14876.2998046875,18.96666717529297,3.299999952316284,4.949999809265137,60.38333511352539,17758.166015625,3857.8,0.752214252948761,24.58416748046875,187.57142857142858,1490.068115234375,1857.6571044921875,-1.2593333721160889,988.7428571428571,0,476,1,0,0,21,4,94
0,209.0,0.7103762626647949,296.0,3.0,293.0,1258.0,267.87755102040796,15050.0,23.683332443237305,3.8499999046325684,15057.1337890625,20.450000762939453,4.099999904632568,4.599999904632568,54.31666564941406,19002.0,4021.7714285714287,0.7492856979370117,24.511072158813477,190.97142857142856,1492.870849609375,1855.5714111328125,-1.090071439743042,985.5428571428571,1,476,1,1,0,31,18,92
0,160.0,0.9270239472389221,296.0,3.0,293.0,1645.0,267.87755102040796,14987.0,23.549999237060547,2.7333333492279053,14947.599609375,20.350000381469727,4.300000190734863,4.683333396911621,54.78333282470703,21802.666015625,4021.7714285714287,0.7492856979370117,24.511072158813477,190.97142857142856,1492.870849609375,1855.5714111328125,-1.090071439743042,985.5428571428571,0,476,1,1,0,21,6,64
0,105.0,0.07639680802822113,296.0,3.0,293.0,6415.0,241.3265306122447,10030.3330078125,26.483333587646484,1.9833333492279053,15942.8662109375,20.549999237060547,4.0,5.083333492279053,49.25,18401.0,2560.1428571428573,0.843666672706604,24.83440399169922,237.2,1495.2822265625,1860.3428955078125,-0.9437381029129028,961.0571428571428,3,476,1,0,0,31,8,45
0,69.0,0.15051311254501343,296.0,3.0,293.0,5751.0,238.16326530612224,11937.3330078125,27.78333282470703,2.0999999046325684,13985.533203125,18.58333396911621,3.700000047683716,4.699999809265137,47.29999923706055,17474.333984375,2350.6,0.8571428656578064,24.948095321655273,245.97142857142856,1496.9794921875,1861.800048828125,-0.9178571105003357,958.2857142857143,0,476,1,0,0,21,27,27
0,193.0,0.22120866179466248,296.0,3.0,293.0,9581.0,236.3061224489794,11907.5,30.299999237060547,1.649999976158142,14885.650390625,19.46666717529297,3.9000000953674316,4.983333110809326,47.38333511352539,17442.0,2109.6857142857143,0.85573810338974,24.867738723754883,254.28571428571428,1497.77197265625,1867.2572021484375,-0.9025238156318665,950.0571428571428,1,476,1,0,0,31,10,81
0,148.21922745225748,0.32611173391342163,296.0,3.0,293.0,8181.0,233.75510204081618,11321.0,28.549999237060547,4.066666603088379,16019.1669921875,21.883333206176758,5.099999904632568,4.900000095367432,47.91666793823242,20505.0,2097.6,0.8542380928993225,24.790000915527344,256.3142857142857,1498.9156494140625,1868.6856689453125,-0.9143095016479492,948.1714285714286,1,476,1,0,0,31,6,65
0,89.0,0.22805017232894897,296.0,3.0,293.0,7562.0,231.12244897959164,13866.1669921875,30.049999237060547,3.366666555404663,16215.7001953125,20.33333396911621,4.400000095367432,5.083333492279053,46.58333206176758,18790.833984375,2389.9714285714285,0.8683809638023376,24.79619026184082,240.8,1496.75439453125,1880.7142333984375,-0.9844523668289185,966.7142857142857,2,476,1,0,0,31,7,40
0,197.0,0.38084378838539124,296.0,3.0,293.0,12355.0,228.38775510204061,12075.5,24.78333282470703,3.3333332538604736,15798.349609375,20.75,4.300000190734863,4.650000095367432,52.70000076293945,20349.0,2508.2571428571428,0.89083331823349,25.041547775268555,238.54285714285714,1504.3948974609375,1885.3143310546875,-1.04538094997406,982.5428571428571,4,476,1,0,0,21,18,89
0,82.0,0.44925883412361145,296.0,3.0,229.0,7347.0,227.02040816326513,14201.0,29.799999237060547,1.0666667222976685,15010.2001953125,19.28333282470703,4.0,4.75,47.79999923706055,17619.0,2700.6857142857143,0.9042142629623413,25.17738151550293,235.2,1506.111572265625,1891.3714599609375,-1.072095274925232,988.5142857142857,2,481,1,0,0,42,5,28
0,202.0,0.34093499183654785,296.0,3.0,229.0,7935.0,224.89795918367327,12267.0,26.399999618530273,1.5333333015441895,13456.0166015625,19.200000762939453,3.799999952316284,4.599999904632568,52.61666488647461,17736.0,2858.285714285714,0.9052619338035583,25.25345230102539,233.65714285714284,1507.959228515625,1885.7142333984375,-1.0991427898406982,993.3714285714286,1,481,1,0,0,21,6,86
0,240.0,0.5199543833732605,267.0,4.0,229.0,2049.0,220.20408163265284,11888.6669921875,27.483333587646484,0.6944444179534912,14533.4384765625,19.188888549804688,4.166666507720947,4.422222137451172,54.44444274902344,16890.611328125,3020.9142857142856,0.915404736995697,25.320476531982422,232.62857142857143,1509.81494140625,1886.771484375,-1.1413333415985107,995.2857142857143,0,481,1,0,0,31,5,83
0,201.0,0.3705815374851227,267.0,4.0,229.0,1125.0,218.1020408163263,13125.3330078125,27.766666412353516,1.1166666746139526,16075.599609375,20.16666603088379,4.400000095367432,4.849999904632568,52.0,19835.166015625,2901.3142857142857,0.9075475931167603,25.2405948638916,238.82857142857142,1507.6326904296875,1885.7142333984375,-1.1663810014724731,983.8,3,481,1,0,0,21,10,88
0,214.0,0.202964648604393,267.0,4.0,229.0,2119.0,218.1020408163263,12719.6669921875,24.399999618530273,1.2000000476837158,14853.0498046875,20.100000381469727,3.9000000953674316,4.550000190734863,53.766666412353516,16967.0,2835.9714285714285,0.9188095331192017,25.38428497314453,241.0857142857143,1508.4884033203125,1886.05712890625,-1.2130237817764282,985.4,2,481,1,0,0,31,4,76
0,116.0,0.5199543833732605,267.0,4.0,229.0,1307.0,213.57142857142836,13360.0,21.71666717529297,0.5166666507720947,14165.8837890625,19.683332443237305,3.700000047683716,4.349999904632568,60.983333587646484,16406.666015625,2666.942857142857,0.9097856879234314,25.19761848449707,244.94285714285715,1512.000732421875,1886.5999755859375,-1.2859047651290894,980.0285714285715,2,481,1,1,0,42,7,43
0,80.0,0.5210946202278137,267.0,4.0,229.0,1308.0,210.40816326530594,13159.0,22.516666412353516,1.1666666269302368,13938.7666015625,19.066667556762695,4.199999809265137,4.449999809265137,60.29999923706055,17610.666015625,2460.114285714286,0.9329524040222168,25.458213806152344,252.94285714285715,1514.8065185546875,1883.028564453125,-1.4207381010055542,978.3714285714286,0,481,1,1,0,31,5,29
0,127.0,0.3534777760505676,267.0,4.0,229.0,2219.0,213.42857142857122,12477.8330078125,25.616666793823242,1.4666666984558105,15245.783203125,20.633333206176758,4.400000095367432,4.2833333015441895,57.46666717529297,17846.833984375,2419.657142857143,0.9518571496009827,25.48821449279785,252.74285714285713,1518.946533203125,1905.142822265625,-1.4465237855911255,986.2285714285714,2,481,1,0,0,21,28,45
0,203.0,0.5553021430969238,267.0,4.0,229.0,4025.0,207.63265306122435,10255.5556640625,15.288888931274414,0.44999998807907104,13092.927734375,18.744443893432617,4.166666507720947,4.483333110809326,72.47222137451172,15307.6669921875,2274.7428571428572,0.9551190733909607,25.500595092773438,261.8857142857143,1523.6190185546875,1897.028564453125,-1.5563571453094482,980.9714285714285,1,481,1,0,0,24,11,71
0,196.0,0.36716076731681824,267.0,4.0,229.0,3778.0,208.59183673469374,14585.5,21.133333206176758,0.9333333373069763,13153.25,18.58333396911621,3.9000000953674316,4.5,65.48332977294922,16544.5,2255.1714285714284,0.9611904621124268,25.51309585571289,265.1142857142857,1524.6082763671875,1889.6856689453125,-1.6279761791229248,980.2571428571429,1,481,1,0,0,41,8,71
1,,0.0,267.0,4.0,229.0,4036.0,208.7346938775509,11979.8330078125,19.21666717529297,0.7333333492279053,14185.5,19.049999237060547,4.300000190734863,4.599999904632568,66.46666717529297,18914.166015625,2255.7428571428572,0.9621905088424683,25.477380752563477,261.48571428571427,1524.7388916015625,1901.5999755859375,-1.7148571014404297,984.5428571428571,1,481,1,0,0,42,3,
0,171.0,0.04332953318953514,267.0,4.0,229.0,3945.0,210.1020408163264,15185.0,24.33333396911621,2.866666555404663,13838.5166015625,18.28333282470703,4.099999904632568,4.699999809265137,62.400001525878906,21011.166015625,2185.8571428571427,0.9912142753601074,25.570119857788086,264.14285714285717,1527.0152587890625,1921.7142333984375,-1.7533808946609497,993.2857142857143,1,481,1,0,0,31,14,77
0,180.0,0.21436716616153717,267.0,4.0,229.0,6709.0,214.81632653061206,11398.5,20.299999237060547,0.7166666388511658,15044.3330078125,18.58333396911621,3.9000000953674316,4.483333110809326,66.36666870117188,17172.666015625,2231.4857142857145,1.0083571672439575,25.742380142211914,262.6,1526.3746337890625,1927.7427978515625,-1.5868809223175049,995.6285714285714,2,481,1,0,0,31,15,77
0,216.0,0.027366019785404205,267.0,4.0,229.0,1865.0,214.81632653061206,14516.6669921875,21.883333206176758,1.2166666984558105,16673.216796875,21.133333206176758,4.5,4.583333492279053,66.98332977294922,20596.833984375,2133.5714285714284,0.9892380833625793,25.610239028930664,273.8857142857143,1529.1475830078125,1932.3143310546875,-1.4484047889709473,979.8285714285714,2,481,1,0,0,21,14,88
1,149.0,0.1014823243021965,267.0,4.0,229.0,8502.0,215.02040816326507,12226.0,20.799999237060547,1.5666667222976685,13596.1669921875,18.75,3.700000047683716,4.5,65.30000305175781,16213.5,2206.942857142857,1.0068809986114502,25.800119400024414,269.9142857142857,1529.27392578125,1959.5142822265625,-1.3735476732254028,989.3714285714286,3,481,1,0,0,21,18,58
0,97.0,0.023945268243551254,267.0,4.0,229.0,14520.0,215.99999999999977,14308.0,20.733333587646484,0.800000011920929,15325.2333984375,18.883333206176758,3.700000047683716,4.599999904632568,65.76667022705078,16844.0,2427.8571428571427,1.0134285688400269,25.76785659790039,260.65714285714284,1526.8055419921875,1929.4000244140625,-1.4881428480148315,1002.6,0,481,1,0,0,21,16,33
0,177.0,0.17331813275814056,267.0,4.0,229.0,6366.0,216.6326530612243,13439.6669921875,17.299999237060547,0.5666666626930237,14558.0498046875,18.633333206176758,3.799999952316284,4.4666666984558105,67.23332977294922,17860.166015625,2499.714285714286,1.0093570947647095,25.7646427154541,261.14285714285717,1535.543212890625,1950.6285400390625,-1.2705237865447998,1004.8,1,481,1,0,0,21,7,67
0,135.0,0.07525655627250671,267.0,4.0,229.0,2809.0,215.7551020408161,11403.6669921875,23.649999618530273,1.5499999523162842,14643.6669921875,19.116666793823242,3.700000047683716,4.583333492279053,63.03333282470703,18110.666015625,2594.657142857143,1.0075953006744385,25.65642738342285,260.48571428571427,1537.0609130859375,1934.5428466796875,-1.4275238513946533,1005.9428571428572,1,481,1,0,0,21,14,45
0,230.0,0.24059292674064636,267.0,4.0,229.0,1483.0,215.42857142857122,11184.1669921875,22.633333206176758,0.30000001192092896,13313.6669921875,18.53333282470703,3.799999952316284,4.383333206176758,60.46666717529297,15112.5,2682.057142857143,0.989047646522522,25.484285354614258,258.14285714285717,1532.668212890625,1937.142822265625,-1.2991666793823242,998.0857142857143,3,481,1,0,0,21,15,93
0,117.0,0.5188141465187073,267.0,4.0,229.0,1208.0,215.0204081632651,10538.8330078125,24.116666793823242,1.100000023841858,13780.599609375,19.21666717529297,4.400000095367432,4.5333333015441895,59.766666412353516,18382.5,2760.0857142857144,1.0022618770599365,25.452499389648438,250.77142857142857,1540.66748046875,1952.05712890625,-1.2696189880371094,1010.6285714285714,0,481,1,0,0,21,31,38
1,110.0,0.21208666265010834,267.0,4.0,229.0,3551.0,213.91836734693865,11700.5,18.46666717529297,0.8999999761581421,14812.650390625,19.46666717529297,4.0,4.483333110809326,71.01667022705078,17915.0,2727.342857142857,0.997785747051239,25.49916648864746,255.97142857142856,1545.7109375,1926.94287109375,-1.3986666202545166,1007.6,1,481,1,0,0,21,11,35
0,146.0,0.17103762924671173,267.0,4.0,229.0,4708.0,214.85714285714266,10109.3330078125,19.200000762939453,0.6499999761581421,13125.783203125,19.450000762939453,4.199999809265137,4.583333492279053,69.0999984741211,15654.8330078125,2670.0,0.9843571186065674,25.338571548461914,256.1714285714286,1548.5421142578125,1936.1142578125,-1.2703332901000977,1005.8857142857142,2,481,1,0,0,31,10,59
1,142.0,0.0,267.0,4.0,229.0,8920.0,216.1836734693876,11904.8330078125,20.549999237060547,0.20000000298023224,12702.4833984375,18.983333587646484,4.099999904632568,4.583333492279053,67.63333129882812,16447.833984375,2639.7428571428572,1.0258095264434814,25.67654800415039,260.1714285714286,1550.391357421875,1912.94287109375,-1.399571418762207,1014.0,1,481,1,0,0,31,15,49
1,165.0,0.07525655627250671,267.0,4.0,229.0,5950.0,215.02040816326513,13981.388671875,23.455554962158203,1.7666666507720947,13888.349609375,17.533334732055664,3.9000000953674316,4.755555629730225,59.883331298828125,17299.333984375,2519.114285714286,1.0006904602050781,25.45107078552246,265.85714285714283,1552.342529296875,1899.6571044921875,-1.1773333549499512,999.9714285714285,0,481,1,0,0,42,9,55
0,192.0,0.5245153903961182,267.0,4.0,229.0,1528.0,216.48979591836715,11349.6669921875,21.683332443237305,1.5666667222976685,15698.2666015625,20.899999618530273,4.300000190734863,4.583333492279053,57.29999923706055,19559.166015625,2424.8,0.9871904850006104,25.40761947631836,273.48571428571427,1549.33203125,1855.7142333984375,-1.0820714235305786,986.4857142857143,0,481,1,0,0,31,11,79
0,187.0,0.8437856435775757,267.0,4.0,229.0,1545.0,218.1020408163263,11565.0,22.633333206176758,1.5,16519.916015625,19.516666412353516,4.300000190734863,4.483333110809326,57.21666717529297,19373.5,2397.3714285714286,0.9946666359901428,25.40333366394043,270.6857142857143,1546.0675048828125,1869.4285888671875,-0.8633333444595337,988.9714285714285,0,481,1,0,0,31,10,78
0,258.0,0.9350057244300842,267.0,4.0,229.0,1084.0,221.10204081632625,14074.5,21.766666412353516,1.4500000476837158,15879.150390625,19.350000381469727,4.199999809265137,4.5,59.58333206176758,19174.333984375,2399.885714285714,0.9954524040222168,25.39797592163086,272.7142857142857,1547.748046875,1843.4857177734375,-0.8351428508758545,988.4,0,481,1,0,0,42,35,107
1,172.27250210059842,0.09920182079076767,267.0,4.0,229.0,5685.0,223.97959183673444,9199.0,18.75,0.800000011920929,13851.599609375,18.25,3.700000047683716,4.483333110809326,67.11666870117188,16677.0,2402.6,1.013619065284729,25.53821563720703,269.0285714285714,1550.568115234375,1855.6571044921875,-0.9399523735046387,999.5428571428571,0,481,1,0,0,31,7,56
0,27.255504428739492,0.11060433089733124,267.0,4.0,229.0,7269.0,225.02040816326502,10803.3330078125,20.516666412353516,0.2666666805744171,13499.9501953125,16.899999618530273,4.0,4.800000190734863,65.36666870117188,17140.833984375,2395.8,1.0204523801803589,25.468095779418945,267.14285714285717,1555.13720703125,1873.8857421875,-0.7020714282989502,1005.2857142857143,3,481,1,0,0,31,33,8
0,223.0,0.4184720516204834,267.0,4.0,229.0,1511.0,227.7346938775507,11366.6669921875,23.53333282470703,1.9666666984558105,15400.2001953125,20.53333282470703,4.099999904632568,4.583333492279053,56.86666488647461,18353.333984375,2370.4285714285716,1.0341190099716187,25.543214797973633,276.85714285714283,1548.4678955078125,1848.228515625,-0.6525952219963074,994.4857142857143,1,481,1,0,0,24,14,78
0,199.0,0.4469783306121826,267.0,4.0,229.0,5224.0,227.7346938775507,10540.3330078125,25.866666793823242,1.5833333730697632,14242.3837890625,20.91666603088379,4.699999809265137,4.583333492279053,59.18333435058594,19492.833984375,2431.342857142857,1.0414762496948242,25.452857971191406,267.45714285714286,1535.8829345703125,1883.3143310546875,-0.5626428723335266,1002.0571428571428,0,481,1,0,0,21,35,66
0,197.0,0.26795893907546997,267.0,4.0,229.0,3126.0,227.83673469387728,12356.5,22.483333587646484,1.100000023841858,14480.6669921875,18.450000762939453,4.199999809265137,4.583333492279053,59.349998474121094,17940.833984375,2430.1714285714284,1.0320476293563843,25.452381134033203,281.74285714285713,1548.3675537109375,1826.971435546875,-0.6053809523582458,991.6571428571428,0,481,1,0,0,34,15,67
0,246.0,0.2964652180671692,267.0,4.0,229.0,3939.0,226.32653061224468,12502.3330078125,23.53333282470703,2.6500000953674316,13723.7666015625,20.183332443237305,4.199999809265137,4.599999904632568,58.03333282470703,18936.0,2526.8571428571427,1.0325714349746704,25.380237579345703,275.2857142857143,1544.69970703125,1842.05712890625,-0.48719045519828796,996.6571428571428,0,481,1,0,0,31,35,97
0,201.0,0.1961231529712677,267.0,4.0,229.0,8409.0,222.53061224489778,14363.6669921875,22.66666603088379,2.066666603088379,15190.8837890625,20.5,4.800000190734863,4.650000095367432,60.86666488647461,19250.5,2500.542857142857,1.0701667070388794,25.709285736083984,283.62857142857143,1554.9681396484375,1825.82861328125,-0.6403095126152039,1006.4285714285714,2,481,1,0,0,41,11,64
0,133.98444457117677,0.18472063541412354,267.0,4.0,229.0,10116.0,221.20408163265287,12573.0,26.700000762939453,1.1333333253860474,13207.599609375,19.566667556762695,4.400000095367432,4.5333333015441895,56.16666793823242,20498.0,2555.9142857142856,1.0747618675231934,25.72380828857422,283.37142857142857,1556.3797607421875,1827.4285888671875,-0.5657857060432434,1007.8285714285714,2,481,1,0,0,21,17,45
0,,0.07981756329536438,267.0,4.0,229.0,9060.0,222.5510204081631,12551.5,23.683332443237305,0.9333333373069763,13083.466796875,20.016666412353516,4.099999904632568,4.7833333015441895,59.599998474121094,18644.0,2636.7428571428572,1.0707619190216064,25.77619171142578,281.4,1555.783935546875,1817.6571044921875,-0.4807857275009155,1008.4857142857143,2,481,1,0,0,42,6,
0,190.0,0.3728620409965515,267.0,4.0,293.0,1165.0,222.97959183673456,11044.3330078125,26.46666717529297,1.0166666507720947,14557.400390625,21.28333282470703,4.599999904632568,4.483333110809326,53.43333435058594,20915.5,2734.2,1.065333366394043,25.66154670715332,279.3142857142857,1547.6207275390625,1849.2857666015625,-0.4318571388721466,1004.0857142857143,2,476,1,0,0,34,31,60
0,83.0,0.14367160201072693,267.0,4.0,293.0,1956.0,223.97959183673456,11994.5,23.600000381469727,0.8500000238418579,13583.4169921875,18.41666603088379,4.199999809265137,4.5,60.13333511352539,18525.5,2738.0285714285715,1.0761429071426392,25.769166946411133,281.37142857142857,1545.622802734375,1858.1142578125,-0.3800714313983917,1004.2571428571429,1,481,1,0,0,21,2,27
0,133.0,0.366020530462265,267.0,4.0,229.0,1485.0,224.32653061224474,11051.0,27.733333587646484,1.5166666507720947,17609.150390625,19.700000762939453,5.400000095367432,4.5,49.099998474121094,22944.0,2676.2,1.0438570976257324,25.51523780822754,287.45714285714286,1550.027099609375,1857.971435546875,-0.37902379035949707,992.8285714285714,5,481,1,0,0,21,4,42
0,70.70773054648203,0.21436716616153717,267.0,4.0,229.0,2777.0,225.89795918367332,10744.0,24.816667556762695,0.5,13596.93359375,19.133333206176758,5.099999904632568,4.75,49.71666717529297,21104.0,2691.4,1.0408333539962769,25.496665954589844,285.8,1546.2701416015625,1865.085693359375,-0.33869045972824097,991.2857142857143,4,481,1,0,0,31,5,26
0,76.0,0.7354618310928345,267.0,4.0,229.0,1065.0,226.87755102040802,9635.0,24.633333206176758,2.5166666507720947,15172.033203125,19.116666793823242,4.900000095367432,4.583333492279053,52.71666717529297,19379.333984375,2692.3714285714286,1.041523814201355,25.514999389648438,292.4,1561.432861328125,1854.971435546875,-0.30311906337738037,993.6571428571428,5,481,1,0,0,41,18,24
0,249.0,0.6989737749099731,267.0,4.0,229.0,2321.0,224.14285714285697,11440.5,31.116666793823242,1.3166667222976685,15189.6162109375,20.25,4.5,4.583333492279053,48.04999923706055,19964.333984375,2738.057142857143,1.0677857398986816,25.750595092773438,296.74285714285713,1559.019287109375,1855.05712890625,-0.20845238864421844,994.6,2,481,1,0,0,24,17,78
0,110.0,0.0,267.0,4.0,229.0,8267.0,222.0204081632651,10711.3330078125,24.600000381469727,0.5833333134651184,13039.18359375,20.03333282470703,4.800000190734863,4.683333396911621,57.28333282470703,19715.666015625,2785.0,1.093571424484253,25.80071449279785,287.77142857142854,1549.67919921875,1897.971435546875,-0.2080238163471222,1004.8857142857142,1,481,1,0,0,21,22,37
0,180.0,0.42873433232307434,267.0,4.0,229.0,6676.0,218.99999999999986,11101.6669921875,25.127777099609375,0.4722222089767456,14072.2783203125,18.705554962158203,4.5,4.583333492279053,55.655555725097656,20210.0,2840.542857142857,1.0837857723236084,25.746904373168945,283.3142857142857,1541.10107421875,1915.771484375,-0.06802379339933395,1001.3428571428572,3,481,1,0,0,42,6,69
0,225.0,0.46864309906959534,267.0,4.0,229.0,4285.0,216.8163265306121,10085.0,26.21666717529297,0.6833333373069763,14228.900390625,18.899999618530273,4.400000095367432,4.5,56.516666412353516,17407.0,2828.8571428571427,1.0682142972946167,25.74845314025879,291.77142857142854,1555.9798583984375,1884.4857177734375,-0.08585714548826218,997.3714285714286,1,481,1,0,0,21,3,71
1,193.0,0.09806157648563385,267.0,4.0,229.0,3066.0,216.2653061224488,10985.0,25.816667556762695,0.8166666626930237,14073.0,19.266666412353516,4.400000095367432,4.550000190734863,53.25,18419.0,2835.1714285714284,1.0616904497146606,25.71238136291504,291.0,1562.478515625,1888.857177734375,-0.1394762098789215,1000.1142857142858,2,481,1,0,0,21,13,60
0,225.0,0.5222349166870117,267.0,4.0,229.0,1431.0,214.3877551020406,9657.8330078125,25.700000762939453,1.7999999523162842,14162.0498046875,19.816667556762695,4.400000095367432,4.583333492279053,53.38333511352539,17947.5,2873.4857142857145,1.0341904163360596,25.4136905670166,289.1714285714286,1564.6099853515625,1896.971435546875,-0.316738098859787,996.2,1,481,1,0,0,31,5,84
0,241.0,0.8038768768310547,267.0,4.0,229.0,1173.0,210.9591836734692,10078.0,30.16666603088379,4.849999904632568,15305.93359375,19.899999618530273,4.400000095367432,4.583333492279053,50.016666412353516,20440.0,2914.2571428571428,1.0319048166275024,25.42500114440918,287.65714285714284,1568.3985595703125,1898.028564453125,-0.3751428425312042,1001.0571428571428,2,481,1,0,0,24,13,88
0,78.0,0.43443557620048523,267.0,4.0,229.0,1249.0,205.83673469387733,9242.1669921875,28.516666412353516,2.2166666984558105,15400.25,20.399999618530273,4.800000190734863,4.5,50.53333282470703,20042.333984375,2970.2285714285713,1.031071424484253,25.406309127807617,284.57142857142856,1571.094970703125,1899.17138671875,-0.392380952835083,1005.8857142857142,1,481,1,0,0,24,4,29
0,174.0,0.0,267.0,4.0,229.0,2734.0,203.06122448979573,11336.6669921875,30.766666412353516,2.200000047683716,15575.0498046875,21.46666717529297,5.0,4.683333396911621,48.36666488647461,20042.833984375,3135.4285714285716,1.0495952367782593,25.525358200073242,276.7142857142857,1563.8704833984375,1924.914306640625,-0.5136428475379944,1014.9142857142857,3,481,1,0,0,34,10,54
0,226.0,0.7594070434570312,267.0,4.0,229.0,1338.0,200.48979591836718,10908.5,27.383333206176758,2.25,15188.900390625,20.5,4.5,4.583333492279053,53.71666717529297,20326.833984375,3180.1714285714284,1.0427619218826294,25.529403686523438,276.57142857142856,1569.402587890625,1918.142822265625,-0.5739762187004089,1016.6571428571428,1,481,1,0,0,31,19,71
0,190.0,0.2622576951980591,267.0,4.0,229.0,1825.0,197.46938775510188,9512.0,25.549999237060547,1.4166666269302368,15957.033203125,20.072221755981445,4.566666603088379,4.583333492279053,57.03333282470703,18669.0,3396.5142857142855,1.0387142896652222,25.486547470092773,267.0857142857143,1566.4232177734375,1941.2857666015625,-0.8037143349647522,1023.3428571428572,2,481,1,0,0,24,14,65
0,201.0,0.419612318277359,267.0,4.0,229.0,5350.0,193.5510204081631,10681.0,26.850000381469727,1.399999976158142,15688.7998046875,19.883333206176758,4.900000095367432,4.550000190734863,53.70000076293945,18835.0,3522.4285714285716,1.062738060951233,25.705595016479492,260.37142857142857,1559.1016845703125,1968.05712890625,-0.9831190705299377,1034.7428571428572,2,481,1,0,0,31,12,66
0,90.14124556848411,0.15849487483501434,267.0,4.0,229.0,3063.0,189.61224489795907,10023.0,26.149999618530273,1.149999976158142,16569.06640625,19.149999618530273,4.599999904632568,4.983333110809326,53.56666564941406,20018.333984375,3533.4,1.0592857599258423,25.67892837524414,262.8285714285714,1567.2872314453125,1962.142822265625,-1.0712618827819824,1035.4,4,481,1,0,0,34,8,33
1,120.0,0.0,267.0,4.0,229.0,1957.0,184.38775510204067,14216.8330078125,27.0,3.0999999046325684,15527.6337890625,22.049999237060547,4.699999809265137,4.550000190734863,51.233333587646484,21992.5,3509.8285714285716,1.037333369255066,25.681785583496094,268.1714285714286,1588.5802001953125,1936.5142822265625,-1.2634285688400269,1036.4,1,481,1,0,0,41,35,43
0,40.18744974186763,0.5781071782112122,267.0,4.0,229.0,1416.0,174.32653061224474,10808.5,25.08333396911621,1.2166666984558105,14722.900390625,21.03333282470703,4.699999809265137,4.849999904632568,58.33333206176758,19070.5,3534.942857142857,1.0259047746658325,25.651905059814453,260.77142857142854,1580.6494140625,1927.3143310546875,-1.6306904554367065,1035.1714285714286,4,481,1,1,0,34,4,12
1,64.0,0.05131128802895546,267.0,4.0,229.0,1629.0,173.22448979591817,10850.3330078125,24.233333587646484,1.6333333253860474,12769.650390625,21.799999237060547,5.0,4.949999809265137,58.766666412353516,33319.5,3314.4285714285716,1.0329285860061646,25.770475387573242,264.2,1586.0771484375,1925.914306640625,-1.8632142543792725,1038.5142857142857,0,481,1,1,0,34,5,21
0,75.0,0.11174458265304565,267.0,4.0,229.0,1462.0,172.612244897959,13416.0,25.883333206176758,2.5333333015441895,16713.267578125,21.66666603088379,4.900000095367432,4.883333206176758,57.21666717529297,22520.333984375,2728.1714285714284,1.031833291053772,25.847379684448242,276.48571428571427,1604.9661865234375,1891.6856689453125,-1.76797616481781,1038.0285714285715,13,481,1,1,0,34,12,24
0,169.0,0.8175598382949829,267.0,4.0,229.0,1735.0,171.2857142857141,13521.1669921875,25.733333587646484,4.75,16715.716796875,22.266666412353516,5.0,4.583333492279053,55.31666564941406,19772.666015625,2484.9714285714285,1.0241904258728027,25.784761428833008,276.2,1594.79833984375,1896.82861328125,-1.72945237159729,1032.0857142857142,3,481,1,0,0,42,21,58
1,210.0,0.12428734451532364,267.0,4.0,229.0,1642.0,171.2244897959182,15527.6669921875,27.78333282470703,5.383333206176758,18645.900390625,24.41666603088379,5.5,4.650000095367432,53.43333435058594,21080.0,2418.8571428571427,1.0202618837356567,25.824403762817383,281.0285714285714,1614.432861328125,1867.971435546875,-1.7059285640716553,1038.4285714285713,2,481,1,0,0,34,33,65
0,218.0,0.052451539784669876,267.0,4.0,229.0,2430.0,169.4897959183672,10082.0,25.899999618530273,1.9500000476837158,16612.833984375,22.350000381469727,5.199999809265137,4.75,57.25,21836.888671875,2418.542857142857,1.0380713939666748,25.930238723754883,273.65714285714284,1587.51220703125,1864.8857421875,-1.778071403503418,1034.942857142857,0,481,1,0,0,21,34,72
0,165.0,0.007981755770742893,267.0,4.0,229.0,2044.0,168.67346938775498,10381.1669921875,23.850000381469727,4.833333492279053,16310.7666015625,22.0,4.699999809265137,4.800000190734863,58.33333206176758,22825.833984375,2349.2,1.0466666221618652,26.005834579467773,281.48571428571427,1601.20361328125,1831.7427978515625,-1.3606666326522827,1037.7428571428572,4,481,1,0,0,34,10,52
1,49.57617222027483,0.4241733253002167,267.0,4.0,229.0,2432.0,167.30612244897947,10952.0,25.316667556762695,1.6166666746139526,16152.466796875,23.183332443237305,6.0,5.050000190734863,57.06666564941406,21935.666015625,2295.4857142857145,1.0505475997924805,26.061904907226562,286.51428571428573,1595.304931640625,1819.3714599609375,-0.9329524040222168,1030.6285714285714,4,481,1,0,0,24,12,15
0,154.0,0.27366021275520325,267.0,4.0,229.0,1924.0,164.7346938775509,11253.3330078125,22.483333587646484,4.550000190734863,16820.466796875,22.200000762939453,4.900000095367432,4.800000190734863,59.900001525878906,20882.0,2187.3142857142857,1.041690468788147,26.0240478515625,304.14285714285717,1602.2904052734375,1789.800048828125,-0.5682619214057922,1015.0,3,481,1,0,0,31,11,53
0,111.0,0.22006841003894806,267.0,4.0,229.0,2573.0,161.20408163265296,12550.5,23.200000762939453,4.116666793823242,15643.06640625,21.71666717529297,5.599999904632568,4.883333206176758,58.66666793823242,21020.5,2119.542857142857,1.037857174873352,25.999643325805664,314.2857142857143,1605.3294677734375,1778.228515625,-0.4647381007671356,1005.5142857142857,5,481,1,0,0,34,9,36
0,,0.216647669672966,267.0,4.0,229.0,2688.0,159.2653061224489,12374.1669921875,21.5,4.099999904632568,17992.8828125,20.950000762939453,5.099999904632568,4.900000095367432,62.45000076293945,21746.333984375,1995.9142857142858,1.0335237979888916,25.988691329956055,329.74285714285713,1603.6876220703125,1763.5428466796875,-0.36900001764297485,988.8857142857142,0,481,1,0,0,24,13,
0,129.0,0.26681870222091675,267.0,4.0,229.0,6006.0,156.06122448979582,10611.0,22.866666793823242,2.0999999046325684,16436.099609375,21.25,4.400000095367432,4.849999904632568,61.5,21417.0,1801.2857142857142,1.0502856969833374,26.123214721679688,355.22857142857146,1591.1248779296875,1762.7142333984375,-0.17342855036258698,965.2571428571429,0,481,1,0,0,41,11,48
0,152.0,0.05131128802895546,267.0,4.0,229.0,2736.0,153.16326530612236,10530.3330078125,24.299999237060547,4.099999904632568,16673.6328125,20.683332443237305,4.5,4.7833333015441895,60.41666793823242,20899.333984375,1722.7142857142858,1.0350714921951294,26.034284591674805,373.22857142857146,1609.658935546875,1698.771484375,-0.1831904798746109,952.1714285714286,1,481,1,0,0,24,32,48
0,160.72568737964548,0.1413911134004593,267.0,4.0,229.0,4062.0,146.2653061224489,9939.3330078125,23.28333282470703,2.2333333492279053,16372.7998046875,19.25,4.599999904632568,4.699999809265137,61.13333511352539,21727.833984375,1640.7428571428572,1.0619761943817139,26.2691650390625,373.8285714285714,1591.296875,1742.5999755859375,-0.1646190583705902,949.4285714285714,1,481,1,0,0,34,26,60
0,88.0,0.5860889554023743,267.0,4.0,229.0,7598.0,146.2653061224489,11408.0,20.5,5.983333110809326,15534.7001953125,22.149999618530273,5.199999809265137,4.849999904632568,62.75,19874.5,1538.7142857142858,1.055309534072876,26.350833892822266,396.0857142857143,1608.9896240234375,1690.142822265625,-0.20397619903087616,934.3142857142857,3,481,1,0,0,34,8,29
0,57.0,0.2770809531211853,267.0,4.0,229.0,8651.0,138.0612244897958,10008.6669921875,21.25,7.166666507720947,16613.55078125,21.58333396911621,5.099999904632568,5.0,63.25,22253.666015625,1524.2571428571428,1.0721189975738525,26.432737350463867,395.0571428571429,1602.5216064453125,1702.6856689453125,-0.19576190412044525,937.6571428571428,3,481,1,0,0,41,18,21
0,103.0,0.6716077327728271,267.0,4.0,229.0,9176.0,136.08163265306112,9766.5,22.149999618530273,5.449999809265137,15485.400390625,20.883333206176758,4.800000190734863,4.75,63.53333282470703,20592.0,1523.9714285714285,1.0887142419815063,26.770952224731445,417.22857142857146,1622.5484619140625,1674.7142333984375,-0.20573808252811432,934.6,3,481,1,0,0,21,18,46
1,67.0,0.0,267.0,4.0,229.0,7549.0,133.25531914893605,8855.6669921875,22.733333587646484,1.4500000476837158,16719.80078125,20.53333282470703,4.199999809265137,4.800000190734863,62.150001525878906,19988.166015625,1502.5714285714287,1.123976230621338,27.0002384185791,412.25714285714287,1595.619384765625,1684.3714599609375,-0.29952380061149597,934.0285714285715,1,481,1,0,0,34,20,25
1,78.46356905122803,0.0,267.0,4.0,229.0,1968.0,129.16279069767432,9766.3330078125,22.700000762939453,1.0499999523162842,15780.81640625,19.066667556762695,4.400000095367432,5.0,61.733333587646484,21067.166015625,1555.9714285714285,1.1240952014923096,27.055952072143555,405.74285714285713,1594.60400390625,1693.5428466796875,-0.2802381217479706,941.2571428571429,2,481,1,0,0,34,16,30
0,180.0,0.7251995205879211,296.0,3.0,293.0,1156.0,225.23913043478242,13284.0,28.933332443237305,4.800000190734863,19469.93359375,22.766666412353516,4.199999809265137,4.699999809265137,48.71666717529297,22250.333984375,4738.428571428572,0.9681190252304077,26.666309356689453,173.14285714285714,1376.2933349609375,1707.05712890625,1.1088095903396606,1032.2,1,476,1,1,0,41,6,82
0,130.0,0.9623717069625854,296.0,3.0,293.0,1067.0,231.0816326530611,14027.22265625,30.088890075683594,6.099999904632568,20325.193359375,24.9777774810791,5.166666507720947,4.949999809265137,51.03888702392578,17599.888671875,4820.171428571429,0.9506190419197083,26.59940528869629,166.57142857142858,1378.30908203125,1726.05712890625,1.183642864227295,1035.8285714285714,0,476,1,1,0,42,5,59
0,268.0,0.7217788100242615,296.0,3.0,293.0,1112.0,252.7959183673468,13989.1669921875,28.383333206176758,4.75,17446.583984375,21.83333396911621,4.099999904632568,4.983333110809326,50.266666412353516,16112.0,4827.2,0.9215475916862488,26.445119857788086,165.42857142857142,1381.89697265625,1702.914306640625,1.2070237398147583,1028.4,1,476,1,0,1,42,8,125
0,307.0,0.8711516261100769,296.0,3.0,293.0,1105.0,261.7346938775508,10964.3330078125,31.766666412353516,6.816666603088379,20369.400390625,24.96666717529297,5.099999904632568,5.25,39.13333511352539,29242.666015625,4757.828571428571,0.8426428437232971,25.772857666015625,156.22857142857143,1395.21044921875,1660.6285400390625,1.1320476531982422,1016.0,0,476,1,0,1,21,22,144
0,195.0,0.7115165591239929,296.0,3.0,293.0,1239.0,252.3061224489794,12868.0,27.316667556762695,9.033333778381348,18415.833984375,21.183332443237305,4.400000095367432,5.2833333015441895,45.63333511352539,16755.666015625,4648.428571428572,0.8488333225250244,25.83119010925293,158.14285714285714,1390.193359375,1652.7427978515625,1.131500005722046,1015.1714285714286,0,476,1,0,1,21,30,91
0,240.6252913705944,0.9646522402763367,296.0,3.0,293.0,1077.0,240.4489795918366,13112.6669921875,25.983333587646484,5.2833333015441895,17106.267578125,19.133333206176758,3.5,4.683333396911621,50.16666793823242,15891.8330078125,2486.7428571428572,0.7418809533119202,24.924524307250977,180.82857142857142,1429.3729248046875,1693.6571044921875,0.4819285571575165,965.3714285714286,1,476,1,1,1,21,3,103
0,192.0,0.5359178781509399,296.0,3.0,293.0,1214.0,232.3469387755101,13763.0,26.816665649414062,5.288888931274414,17657.52734375,19.183332443237305,3.566666603088379,4.788888931274414,45.755558013916016,15529.8330078125,2334.2571428571428,0.7082856893539429,24.495595932006836,179.42857142857142,1426.182861328125,1708.4000244140625,0.4102618992328644,950.8,0,476,1,1,1,21,21,87
0,259.0,0.1151653379201889,296.0,3.0,293.0,7023.0,223.4693877551019,11855.6669921875,27.366666793823242,2.566666603088379,14703.8837890625,19.66666603088379,4.199999809265137,4.883333206176758,45.03333282470703,14912.5,2181.2,0.7323333024978638,24.673452377319336,178.28571428571428,1422.4642333984375,1744.971435546875,0.37340477108955383,958.8285714285714,1,476,1,0,0,42,9,96
0,100.0,0.12542758882045746,296.0,3.0,293.0,19857.0,216.51020408163248,10436.0,29.316667556762695,7.849999904632568,16621.333984375,19.616666793823242,3.5,4.900000095367432,44.33333206176758,17606.0,2196.885714285714,0.7497857213020325,24.813095092773438,185.82857142857142,1437.3773193359375,1741.028564453125,0.26280951499938965,964.0285714285715,0,476,1,0,0,21,8,37
0,190.0,0.21778790652751923,296.0,3.0,293.0,13396.0,210.51020408163245,11172.0,29.08333396911621,7.050000190734863,16011.1337890625,19.933332443237305,3.4000000953674316,4.7833333015441895,44.56666564941406,15602.6669921875,2181.542857142857,0.7496428489685059,24.80202293395996,184.14285714285714,1438.395263671875,1766.94287109375,0.25535714626312256,966.6285714285714,1,476,1,0,0,31,11,70
0,141.0,0.1014823243021965,296.0,3.0,293.0,3951.0,203.63265306122423,14720.3330078125,26.549999237060547,2.7666666507720947,14051.1669921875,19.683332443237305,4.099999904632568,4.800000190734863,50.18333435058594,17651.666015625,2190.7714285714287,0.7485476136207581,24.865238189697266,184.42857142857142,1439.355712890625,1793.085693359375,0.17516668140888214,964.9428571428572,1,476,1,0,0,41,6,53
0,203.0,0.3785632848739624,296.0,3.0,293.0,7803.0,197.79591836734667,13518.0,24.483333587646484,3.2666666507720947,15634.18359375,20.016666412353516,3.799999952316284,4.766666889190674,46.91666793823242,16677.666015625,2193.4,0.743071436882019,24.875118255615234,187.97142857142856,1441.04296875,1812.7142333984375,0.12073811143636703,960.2571428571429,3,476,1,0,0,41,6,77
0,111.0,0.11858608573675156,296.0,3.0,293.0,9184.0,192.16326530612216,10635.5,23.066667556762695,2.9000000953674316,13959.7998046875,19.316667556762695,3.5999999046325684,4.800000190734863,51.349998474121094,16237.5,2188.342857142857,0.7425237894058228,24.837142944335938,191.8,1443.9837646484375,1822.7142333984375,0.09609522670507431,957.7142857142857,1,476,1,0,0,34,12,42
0,137.59769505005866,0.27936145663261414,296.0,3.0,293.0,12087.0,196.1224489795916,11023.0,28.566667556762695,6.2833333015441895,15631.81640625,20.0,4.0,4.983333110809326,49.599998474121094,16728.0,2245.5142857142855,0.7529523968696594,24.803451538085938,192.4857142857143,1449.935546875,1833.94287109375,0.050809524953365326,962.9428571428572,6,476,1,0,0,31,10,56
0,145.0,0.15279361605644226,296.0,3.0,293.0,8056.0,198.59183673469363,11207.1669921875,26.983333587646484,5.894444465637207,17155.755859375,20.2722225189209,4.299999713897705,5.049999713897705,48.42222213745117,17020.833984375,2271.2285714285713,0.7633571624755859,24.947856903076172,195.22857142857143,1450.4854736328125,1838.5714111328125,0.044880952686071396,965.0285714285715,1,476,1,0,0,21,10,55
0,110.03797057116469,0.022805016487836838,296.0,3.0,293.0,15834.0,202.06122448979565,10917.6669921875,28.616666793823242,4.7833333015441895,15005.1162109375,19.08333396911621,3.700000047683716,5.0,48.016666412353516,16853.5,2300.9142857142856,0.7618095278739929,24.823333740234375,197.88571428571427,1451.9371337890625,1829.3428955078125,0.06011905148625374,962.6857142857143,1,476,1,0,0,41,17,44
0,205.0,0.11858608573675156,296.0,3.0,293.0,27183.0,206.30612244897935,14159.8330078125,25.600000381469727,3.433333396911621,15065.0498046875,18.66666603088379,4.099999904632568,4.883333206176758,48.21666717529297,16898.5,2428.1714285714284,0.7601190209388733,24.87047576904297,198.85714285714286,1455.7734375,1864.7142333984375,-0.029261909425258636,963.2,5,476,1,0,0,31,19,88
0,177.0,0.019384264945983887,296.0,3.0,293.0,22961.0,210.26530612244872,10191.6669921875,23.116666793823242,2.777777671813965,16173.921875,19.011110305786133,3.2666666507720947,4.883333206176758,52.338890075683594,16657.111328125,2450.1714285714284,0.7602142691612244,24.82345199584961,202.0857142857143,1463.3240966796875,1857.914306640625,-0.04614286497235298,964.1142857142858,1,476,1,0,0,24,3,67
0,192.0,0.3534777760505676,296.0,3.0,293.0,17521.0,220.10204081632622,16180.5,23.5,3.5333333015441895,15465.349609375,19.600000381469727,4.599999904632568,4.800000190734863,48.266666412353516,20451.0,2632.8,0.7689523696899414,24.94845199584961,194.62857142857143,1455.8458251953125,1919.4000244140625,-0.12990476191043854,970.6571428571428,1,476,1,0,0,21,27,76
0,129.00806220600825,0.21436716616153717,296.0,3.0,293.0,11402.0,220.99999999999972,12807.22265625,22.55555534362793,6.166666507720947,16267.677734375,19.66666603088379,3.566666603088379,4.900000095367432,49.66666793823242,18304.111328125,2653.9714285714285,0.7674999833106995,24.931903839111328,202.25714285714287,1466.8294677734375,1890.2572021484375,-0.16371430456638336,968.3714285714286,0,476,1,0,0,21,32,53
0,191.0,0.37514254450798035,296.0,3.0,293.0,8955.0,222.2448979591834,11536.6669921875,23.799999237060547,4.866666793823242,14367.8662109375,18.58333396911621,4.5,4.849999904632568,48.83333206176758,17795.333984375,2729.885714285714,0.7679047584533691,24.976308822631836,200.37142857142857,1461.074462890625,1868.142822265625,-0.17928571999073029,968.3714285714286,1,476,1,0,0,41,14,77
0,196.0,0.2371721714735031,296.0,3.0,293.0,15623.0,223.14285714285688,10530.0,25.883333206176758,5.4666666984558105,14713.7998046875,18.21666717529297,3.700000047683716,4.666666507720947,51.79999923706055,15564.0,2880.4,0.7669761776924133,24.93559455871582,196.2,1462.1378173828125,1880.3714599609375,-0.24016666412353516,972.4285714285714,0,476,1,0,0,21,19,76
0,133.0,0.3968072831630707,296.0,3.0,293.0,11575.0,224.14285714285694,11907.72265625,25.91666603088379,3.2055554389953613,15100.10546875,18.372222900390625,3.700000047683716,4.794444561004639,46.633331298828125,16338.72265625,2958.6857142857143,0.7674523591995239,24.885356903076172,194.68571428571428,1467.840576171875,1863.82861328125,-0.30516666173934937,977.6571428571428,2,476,1,0,0,31,16,51
0,171.0,0.40820980072021484,296.0,3.0,293.0,10850.0,225.85714285714266,15550.1669921875,25.516666412353516,3.0999999046325684,15754.93359375,20.08333396911621,4.199999809265137,4.849999904632568,46.83333206176758,17481.833984375,3072.8571428571427,0.7699047327041626,24.88702392578125,191.68571428571428,1471.8663330078125,1867.5999755859375,-0.49323809146881104,984.4857142857143,0,476,1,0,0,31,27,75
0,167.0,0.0,296.0,3.0,293.0,8022.0,227.2653061224488,13236.8330078125,27.116666793823242,2.933333396911621,16200.7001953125,19.53333282470703,3.700000047683716,5.199999809265137,46.483333587646484,17286.333984375,3280.457142857143,0.7698571085929871,24.76011848449707,185.65714285714284,1471.7178955078125,1866.3143310546875,-0.8279761672019958,990.9142857142857,4,476,1,0,0,31,16,64
0,116.0,0.23147092759609222,296.0,3.0,293.0,4238.0,230.2653061224488,12431.0,26.5,8.933333396911621,16561.19921875,20.133333206176758,4.099999904632568,5.0,41.91666793823242,18597.0,3499.3714285714286,0.7583333253860474,24.615833282470703,185.97142857142856,1473.353759765625,1847.914306640625,-1.3092143535614014,987.8285714285714,0,476,1,0,0,31,8,55
0,125.0,0.37400227785110474,296.0,3.0,293.0,9265.0,234.2448979591835,11363.8330078125,29.08888816833496,7.883333206176758,18077.916015625,23.52777862548828,5.366666793823242,4.9666666984558105,48.32222366333008,21869.4453125,3589.114285714286,0.7426666617393494,24.40250015258789,185.42857142857142,1472.3790283203125,1843.3143310546875,-1.4301190376281738,981.1428571428571,1,476,1,0,0,31,17,50
0,194.0,0.28734320402145386,296.0,3.0,293.0,4598.0,241.14285714285694,8620.5,31.616666793823242,6.266666889190674,18581.599609375,23.83333396911621,5.699999809265137,5.099999904632568,43.28333282470703,21633.0,3732.7428571428572,0.735714316368103,24.15642738342285,182.74285714285713,1480.4453125,1853.4857177734375,-1.5116190910339355,985.3714285714286,1,476,1,0,0,31,4,77
0,204.0,0.1345496028661728,296.0,3.0,293.0,2624.0,253.6326530612243,11941.0,24.350000381469727,4.349999904632568,15409.3330078125,19.433332443237305,4.099999904632568,5.199999809265137,56.61666488647461,17955.0,3998.4285714285716,0.7543095350265503,24.554166793823242,188.65714285714284,1487.652587890625,1851.05712890625,-1.2585238218307495,989.9428571428572,1,476,1,0,0,21,15,75
0,302.0,0.5689851641654968,296.0,3.0,293.0,1209.0,264.551020408163,12785.6669921875,22.433332443237305,4.566666603088379,16705.517578125,21.46666717529297,4.599999904632568,4.7833333015441895,56.233333587646484,19764.333984375,4017.7428571428572,0.7506428360939026,24.611785888671875,190.65714285714284,1490.587158203125,1849.085693359375,-1.142309546470642,985.5428571428571,1,476,1,1,0,21,22,112
0,248.0,0.7480045557022095,296.0,3.0,293.0,1507.0,257.4285714285712,15044.1669921875,21.950000762939453,7.683333396911621,18127.1328125,23.100000381469727,5.300000190734863,4.883333206176758,56.03333282470703,20211.833984375,4033.0285714285715,0.7476904988288879,24.4565486907959,190.71428571428572,1490.2122802734375,1851.971435546875,-1.101523756980896,986.3428571428572,2,476,1,1,0,31,7,93
0,1.0,0.2919042110443115,296.0,3.0,293.0,1418.0,261.4897959183671,11649.5,19.049999237060547,1.1833332777023315,14822.0166015625,18.733333587646484,3.700000047683716,4.949999809265137,63.983333587646484,18854.166015625,4056.9714285714285,0.7324047684669495,24.11618995666504,189.17142857142858,1488.947265625,1876.17138671875,-0.8824047446250916,980.7428571428571,0,476,1,1,0,42,1,
0,147.0,0.9304447174072266,296.0,3.0,191.0,1076.0,260.89795918367327,16499.333984375,23.433332443237305,1.8833333253860474,15596.7666015625,19.066667556762695,3.700000047683716,4.550000190734863,48.31666564941406,17677.666015625,3703.0,0.7934762239456177,24.64023780822754,209.65714285714284,1486.765380859375,1845.971435546875,-1.2108094692230225,976.4285714285714,1,567,1,1,0,42,27,69
0,135.0,0.9657924771308899,296.0,3.0,191.0,1049.0,254.2857142857141,11375.5,25.683332443237305,2.0333333015441895,15941.4501953125,21.549999237060547,4.099999904632568,4.583333492279053,58.78333282470703,22135.166015625,3576.4857142857145,0.7852380871772766,24.4136905670166,214.0,1494.5625,1850.94287109375,-1.1151905059814453,971.0285714285715,1,567,1,1,0,42,16,63
0,123.0,0.33409351110458374,296.0,3.0,293.0,3008.0,235.0204081632652,9415.5,27.616666793823242,1.5666667222976685,13712.9169921875,18.266666412353516,3.700000047683716,4.599999904632568,48.88333511352539,17286.0,2653.2571428571428,0.8342857360839844,24.842857360839844,234.68571428571428,1492.9752197265625,1853.8857421875,-0.8929761648178101,962.5714285714286,3,476,1,0,0,31,7,53
0,265.0,0.91904217004776,296.0,3.0,293.0,1101.0,232.9591836734693,11835.0556640625,22.016666412353516,1.4666666984558105,14270.150390625,19.78333282470703,3.799999952316284,4.333333492279053,58.849998474121094,16428.333984375,2434.6285714285714,0.8450952172279358,24.760356903076172,241.77142857142857,1501.4215087890625,1862.7142333984375,-0.8913095593452454,963.1142857142858,0,476,1,0,0,31,35,96
0,190.0,0.6191562414169312,296.0,3.0,293.0,1339.0,231.81632653061214,11578.6669921875,21.46666717529297,1.2999999523162842,13579.7998046875,18.91666603088379,3.700000047683716,4.483333110809326,63.08333206176758,16086.3330078125,2280.285714285714,0.8294761776924133,24.632976531982422,252.14285714285714,1504.344482421875,1848.3428955078125,-0.8867856860160828,949.7428571428571,2,476,1,0,0,21,23,74
0,227.0,0.583808422088623,296.0,3.0,293.0,4747.0,230.10204081632642,10026.0,23.0,0.5166666507720947,14114.6669921875,18.25,4.0,4.800000190734863,57.41666793823242,17019.333984375,2180.3714285714286,0.860619068145752,24.887619018554688,251.68571428571428,1507.770751953125,1870.3428955078125,-0.9524047374725342,959.4,2,476,1,0,0,31,11,87
0,200.0,0.13112884759902954,296.0,3.0,293.0,1540.0,227.8571428571427,11408.8330078125,24.33333396911621,0.4000000059604645,13762.716796875,19.53333282470703,3.799999952316284,4.5,60.483333587646484,16442.333984375,2232.9714285714285,0.8641428351402283,24.965118408203125,251.22857142857143,1510.973876953125,1861.800048828125,-0.9430000185966492,963.7714285714286,1,476,1,0,0,24,17,87
0,241.0,0.5370581746101379,296.0,3.0,229.0,6783.0,226.08163265306104,10292.1669921875,27.350000381469727,2.2166666984558105,14883.5,19.0,3.799999952316284,4.583333492279053,52.33333206176758,15925.6669921875,2572.2571428571428,0.8941190242767334,25.15416717529297,238.82857142857142,1509.0501708984375,1874.82861328125,-1.0852856636047363,984.6285714285714,0,481,1,0,0,41,15,95
0,135.68364981769946,0.1288483440876007,296.0,3.0,229.0,3460.0,226.08163265306104,11311.0,22.33333396911621,1.2999999523162842,13684.099609375,18.46666717529297,3.9000000953674316,4.683333396911621,58.36666488647461,16519.0,2647.3142857142857,0.8989523649215698,25.222143173217773,238.85714285714286,1513.05419921875,1872.028564453125,-1.128666639328003,987.9142857142857,1,481,1,0,0,41,14,52
0,123.0,0.09692132472991943,267.0,4.0,229.0,2143.0,224.081632653061,10477.5,19.78333282470703,1.4333332777023315,15728.3330078125,18.649999618530273,4.0,4.900000095367432,66.81666564941406,18176.833984375,2779.285714285714,0.8994523882865906,25.197500228881836,236.97142857142856,1514.3538818359375,1868.7427978515625,-1.2480475902557373,990.7142857142857,2,481,1,0,0,31,8,53
0,223.0,0.01254275906831026,267.0,4.0,229.0,2228.0,219.0408163265304,10106.1669921875,25.366666793823242,0.9833333492279053,13197.650390625,17.950000762939453,3.799999952316284,4.699999809265137,58.483333587646484,16220.5,2989.885714285714,0.906333327293396,25.168928146362305,230.28571428571428,1511.8521728515625,1886.2572021484375,-1.211642861366272,996.6571428571428,1,481,1,0,0,21,14,82
0,124.0,0.0,267.0,4.0,229.0,2083.0,216.20408163265282,11953.4814453125,21.69259262084961,2.2296295166015625,15919.5068359375,19.61111068725586,4.111111164093018,4.788888931274414,60.9555549621582,20002.40625,2964.942857142857,0.9221428632736206,25.312618255615234,227.22857142857143,1510.85009765625,1902.94287109375,-1.273571491241455,1005.3714285714286,2,481,1,0,0,21,13,42
1,110.0,0.02964652143418789,267.0,4.0,229.0,2396.0,213.93877551020387,15562.1669921875,20.46666717529297,0.550000011920929,14013.3330078125,19.266666412353516,4.0,4.383333206176758,52.41666793823242,17392.5,2754.657142857143,0.9258333444595337,25.419523239135742,241.74285714285713,1514.85595703125,1880.2857666015625,-1.3188095092773438,993.1714285714286,0,481,1,0,0,31,18,50
1,124.03017530880967,0.007981755770742893,267.0,4.0,229.0,3779.0,212.1632653061222,13377.6669921875,20.433332443237305,0.5333333611488342,15352.7998046875,18.350000381469727,3.5999999046325684,4.599999904632568,66.71666717529297,16251.6669921875,2684.2285714285713,0.9517857432365417,25.474761962890625,234.4857142857143,1510.409423828125,1920.7427978515625,-1.3361190557479858,1004.9428571428572,1,481,1,0,0,42,5,49
1,287.0,0.23831242322921753,267.0,4.0,229.0,4293.0,208.0408163265304,14833.1669921875,17.366666793823242,0.6333333253860474,14230.5,17.75,3.5,4.583333492279053,64.9000015258789,15881.1669921875,2454.6285714285714,0.9486904740333557,25.534286499023438,252.85714285714286,1515.8092041015625,1888.6285400390625,-1.4478095769882202,985.4857142857143,2,481,1,0,0,42,9,129
1,97.64538067032953,0.009122006595134735,267.0,4.0,229.0,2453.0,205.38775510204064,13891.8330078125,20.25,1.2333333492279053,14694.9501953125,19.049999237060547,4.099999904632568,4.699999809265137,68.08333587646484,16045.8330078125,2284.2571428571428,0.9565238356590271,25.46928596496582,256.54285714285714,1522.4720458984375,1909.0,-1.4962619543075562,988.9428571428572,2,481,1,0,0,31,14,39
0,195.0,0.42987456917762756,267.0,4.0,229.0,1377.0,207.63265306122435,12880.3330078125,23.066667556762695,1.2999999523162842,15919.4169921875,20.266666412353516,4.300000190734863,4.4666666984558105,60.08333206176758,17808.833984375,2236.885714285714,0.9675000309944153,25.546667098999023,257.8857142857143,1519.6810302734375,1912.6285400390625,-1.5644762516021729,987.4,1,481,1,0,0,31,14,86
0,220.0,0.5256556272506714,267.0,4.0,229.0,1571.0,207.14285714285697,11555.6669921875,23.683332443237305,0.8500000238418579,14261.25,21.633333206176758,4.300000190734863,4.550000190734863,60.11666488647461,17938.666015625,2222.6,0.9440476298332214,25.335357666015625,265.8285714285714,1517.5892333984375,1893.05712890625,-1.5988333225250244,971.6,2,481,1,0,0,31,12,97
0,156.0,0.17217788100242615,267.0,4.0,229.0,2038.0,207.71428571428555,12328.8330078125,19.950000762939453,0.6333333253860474,13534.283203125,18.350000381469727,3.5999999046325684,4.483333110809326,67.63333129882812,15773.5,2268.9142857142856,0.959761917591095,25.476070404052734,260.0285714285714,1530.1702880859375,1917.3714599609375,-1.6837142705917358,990.8857142857142,0,481,1,0,0,31,9,53
0,,0.0,267.0,4.0,229.0,6702.0,209.20408163265287,14354.166015625,22.244443893432617,1.6277778148651123,15549.3671875,19.88888931274414,4.133333206176758,4.650000095367432,64.72222137451172,18970.72265625,2185.7714285714287,0.9986190795898438,25.63226318359375,259.8857142857143,1521.77734375,1937.4857177734375,-1.683571457862854,995.4857142857143,0,481,1,0,0,31,7,
0,177.0,0.0,267.0,4.0,229.0,3331.0,210.8979591836733,12768.3330078125,19.133333206176758,7.199999809265137,16211.650390625,21.649999618530273,3.9000000953674316,4.599999904632568,67.93333435058594,21947.333984375,2153.714285714286,0.9942619204521179,25.64988136291504,267.25714285714287,1528.242431640625,1953.0,-1.4545714855194092,987.8571428571429,3,481,1,0,0,21,7,80
0,199.0,0.2702394425868988,267.0,4.0,229.0,1274.0,214.81632653061206,14600.1669921875,22.183332443237305,1.850000023841858,17173.150390625,22.75,4.900000095367432,4.7833333015441895,58.516666412353516,19397.666015625,2133.5714285714284,0.9892380833625793,25.610239028930664,273.8857142857143,1529.1475830078125,1932.3143310546875,-1.4484047889709473,979.8285714285714,2,481,1,0,0,24,15,83
0,164.0,0.3648802638053894,267.0,4.0,229.0,1717.0,214.81632653061203,14459.8330078125,20.350000381469727,1.100000023841858,15393.900390625,18.16666603088379,3.5,4.583333492279053,68.93333435058594,16574.666015625,2175.1428571428573,1.0030238628387451,25.710832595825195,264.62857142857143,1530.4039306640625,1985.0,-1.3524285554885864,993.9142857142857,4,481,1,0,0,31,17,66
0,119.0,0.0,267.0,4.0,229.0,6301.0,215.816326530612,17790.666015625,30.52777862548828,2.9944443702697754,18789.494140625,19.933334350585938,3.7333333492279053,4.75,53.63888931274414,23048.166015625,2264.0857142857144,1.0012856721878052,25.764047622680664,263.9142857142857,1524.6614990234375,1990.7142333984375,-1.2149286270141602,991.3714285714286,1,481,1,0,0,24,9,42
0,204.30261849557533,0.5815279483795166,267.0,4.0,229.0,6170.0,215.4897959183671,12137.3330078125,21.233333587646484,1.7666666507720947,14833.43359375,19.91666603088379,4.400000095367432,4.5333333015441895,61.93333435058594,16386.333984375,2444.2285714285713,0.9888571500778198,25.603334426879883,262.8285714285714,1536.0223388671875,1988.085693359375,-0.9038571119308472,994.7142857142857,1,481,1,0,0,21,10,75
0,132.0,0.6362599730491638,267.0,4.0,229.0,1416.0,214.28571428571402,11488.0,21.016666412353516,1.25,14107.18359375,20.03333282470703,4.099999904632568,4.583333492279053,64.66666412353516,17169.5,2537.9142857142856,0.9935238361358643,25.615358352661133,260.8285714285714,1541.3092041015625,1969.3428955078125,-0.9845238327980042,1003.3428571428572,3,481,1,0,0,31,11,47
0,144.0,0.42987456917762756,267.0,4.0,229.0,4526.0,213.91836734693854,11547.3330078125,18.46666717529297,0.18333333730697632,14092.8330078125,19.16666603088379,3.9000000953674316,4.483333110809326,67.71666717529297,16819.666015625,2631.5142857142855,0.9919285774230957,25.566072463989258,254.85714285714286,1542.4237060546875,1985.4571533203125,-0.8718571662902832,1008.8857142857142,2,481,1,0,0,34,9,48
0,211.0,0.7434435486793518,267.0,4.0,229.0,1465.0,213.91836734693857,11258.1669921875,23.049999237060547,2.200000047683716,14185.25,20.200000762939453,4.5,4.566666603088379,63.21666717529297,17621.333984375,2722.542857142857,0.9790952205657959,25.41131019592285,253.57142857142858,1544.2333984375,1977.1142578125,-0.8522857427597046,1005.6,1,481,1,0,0,24,17,72
0,70.0,0.3169897496700287,267.0,4.0,229.0,1178.0,213.02040816326516,12506.0,22.266666412353516,1.5499999523162842,13671.25,18.983333587646484,4.099999904632568,4.900000095367432,62.21666717529297,20645.0,2634.542857142857,0.9663095474243164,25.351428985595703,256.25714285714287,1538.8331298828125,1955.6571044921875,-0.8320714235305786,995.8285714285714,0,481,1,0,0,41,11,24
0,215.0,0.5826681852340698,267.0,4.0,229.0,3463.0,213.4693877551019,11909.5,21.266666412353516,2.066666603088379,14553.8837890625,20.649999618530273,4.300000190734863,4.583333492279053,65.38333129882812,18485.0,2634.542857142857,0.9663095474243164,25.351428985595703,256.25714285714287,1538.8331298828125,1955.6571044921875,-0.8320714235305786,995.8285714285714,2,481,1,0,0,21,11,76
0,157.0,0.3922463059425354,267.0,4.0,229.0,1742.0,215.2448979591835,13530.8330078125,21.149999618530273,1.149999976158142,13989.599609375,18.516666412353516,4.099999904632568,4.583333492279053,64.0,17083.166015625,2521.8,0.9947618842124939,25.4233341217041,263.0857142857143,1547.929931640625,1917.971435546875,-1.1083571910858154,999.7714285714286,0,481,1,0,0,21,1,53
0,49.0,0.28164196014404297,267.0,4.0,229.0,1198.0,214.04081632653046,10070.6669921875,20.766666412353516,1.350000023841858,14088.533203125,17.28333282470703,4.0,4.766666889190674,65.18333435058594,20288.0,2461.342857142857,0.981071412563324,25.29190444946289,258.14285714285717,1541.81396484375,1944.8857421875,-0.6695714592933655,997.7428571428571,0,481,1,0,0,21,29,19
0,221.0,0.26111745834350586,267.0,4.0,229.0,1929.0,214.04081632653046,12247.3330078125,22.28333282470703,0.8500000238418579,13934.6669921875,17.83333396911621,4.0,4.5333333015441895,62.16666793823242,19344.666015625,2426.542857142857,0.984499990940094,25.24916648864746,262.37142857142857,1546.7662353515625,1936.5714111328125,-0.6521666646003723,995.8,1,481,1,0,0,31,30,91
0,,0.01254275906831026,267.0,4.0,229.0,3503.0,218.1020408163263,12026.0,23.133333206176758,0.36666667461395264,14566.3662109375,18.71666717529297,3.9000000953674316,4.75,64.78333282470703,22036.666015625,2427.657142857143,1.0209286212921143,25.578929901123047,258.4,1530.91796875,1895.2857666015625,-0.8163095116615295,1001.5714285714286,0,481,1,0,0,34,20,
0,158.0,0.2645381987094879,267.0,4.0,229.0,1337.0,219.38775510204061,12626.8330078125,22.049999237060547,0.800000011920929,14133.93359375,19.33333396911621,4.199999809265137,4.5333333015441895,58.61666488647461,17653.0,2383.4,0.9947618842124939,25.444047927856445,272.6,1549.80322265625,1872.800048828125,-0.5901904702186584,988.7142857142857,0,481,1,0,0,41,10,66
0,,0.32611173391342163,267.0,4.0,229.0,6005.0,222.40816326530594,10029.5,19.016666412353516,0.8500000238418579,14202.283203125,17.366666793823242,3.5999999046325684,4.683333396911621,65.83333587646484,16908.5,2362.5142857142855,0.9972380995750427,25.41726303100586,266.65714285714284,1547.1942138671875,1904.0,-0.47480952739715576,993.4857142857143,1,481,1,0,0,24,10,
0,227.0,0.4789053499698639,267.0,4.0,229.0,11741.0,223.9795918367345,10918.1669921875,20.383333206176758,0.28333333134651184,12813.18359375,16.549999237060547,3.700000047683716,4.599999904632568,70.48332977294922,16112.1669921875,2396.657142857143,1.0107142925262451,25.471668243408203,271.1714285714286,1546.0352783203125,1873.7427978515625,-0.5317143201828003,991.5142857142857,0,481,1,0,0,42,6,72
0,188.0,0.1277080923318863,267.0,4.0,229.0,5937.0,226.55102040816297,10603.5,22.46666717529297,0.699999988079071,15355.7666015625,18.649999618530273,4.300000190734863,4.5,60.31666564941406,18476.833984375,2423.2,1.0413094758987427,25.54166603088379,268.0571428571429,1540.55419921875,1880.6285400390625,-0.6000000238418579,1001.3428571428572,0,481,1,0,0,31,14,61
0,201.0,0.0,267.0,4.0,229.0,7653.0,227.53061224489775,17076.666015625,26.133333206176758,3.8499999046325684,19460.900390625,25.566667556762695,5.199999809265137,4.683333396911621,57.79999923706055,31147.0,2444.114285714286,1.038690447807312,25.397380828857422,265.85714285714283,1534.1881103515625,1893.800048828125,-0.445333331823349,1003.0571428571428,1,481,1,0,0,24,13,66
0,71.0,0.16761687397956848,267.0,4.0,229.0,1450.0,227.83673469387728,10928.6669921875,22.25,1.3166667222976685,14139.8662109375,17.450000762939453,3.9000000953674316,4.800000190734863,60.53333282470703,19585.333984375,2479.0,1.0296190977096558,25.44797706604004,281.48571428571427,1550.039794921875,1826.085693359375,-0.5145238041877747,991.0285714285715,2,481,1,0,0,24,14,22
0,237.0,0.3249714970588684,267.0,4.0,229.0,3343.0,226.7346938775509,11120.3330078125,23.21666717529297,4.849999904632568,13060.2333984375,21.08333396911621,4.599999904632568,4.683333396911621,60.56666564941406,18332.833984375,2571.3142857142857,1.0448333024978638,25.40464210510254,271.48571428571427,1534.6883544921875,1853.5142822265625,-0.37769049406051636,997.6,0,481,1,0,0,31,35,88
0,187.0,0.22120866179466248,267.0,4.0,229.0,8597.0,223.83673469387736,11835.8330078125,24.350000381469727,1.399999976158142,13066.9169921875,20.366666793823242,4.5,4.583333492279053,55.28333282470703,19989.166015625,2644.0285714285715,1.0660713911056519,25.685237884521484,281.37142857142857,1559.935791015625,1815.800048828125,-0.4418095052242279,1008.5714285714286,1,481,1,0,0,21,6,76
0,3.0,0.0,267.0,4.0,229.0,9269.0,222.18367346938766,10693.0,23.850000381469727,0.75,18414.19921875,18.183332443237305,4.199999809265137,4.7833333015441895,58.400001525878906,20681.5,2722.285714285714,1.0664523839950562,25.76523780822754,282.2,1554.1754150390625,1803.4285888671875,-0.256119042634964,1002.4285714285714,1,481,1,0,0,31,1,1
0,145.0,0.14481185376644135,267.0,4.0,229.0,8566.0,222.46938775510196,9605.3330078125,20.766666412353516,0.3499999940395355,13017.7333984375,18.46666717529297,4.199999809265137,4.800000190734863,59.06666564941406,17629.333984375,2777.4857142857145,1.0703809261322021,25.746309280395508,278.6,1551.09716796875,1831.2572021484375,-0.23547619581222534,1006.6285714285714,1,481,1,0,0,21,14,51
0,121.0,0.011402508243918419,267.0,4.0,229.0,1576.0,222.40816326530606,10115.0,21.399999618530273,1.1666666269302368,14188.6337890625,19.16666603088379,4.5,4.7833333015441895,60.83333206176758,20422.666015625,2827.342857142857,1.0658094882965088,25.701072692871094,275.74285714285713,1548.55517578125,1850.857177734375,-0.1986190378665924,1008.1142857142858,0,481,1,0,0,42,33,38
0,,0.11402508616447449,267.0,4.0,229.0,1508.0,222.83673469387747,9631.3330078125,25.200000762939453,0.20000000298023224,12836.7333984375,17.516666412353516,3.799999952316284,4.583333492279053,53.45000076293945,17265.833984375,2790.5714285714284,1.0538095235824585,25.615238189697266,282.7142857142857,1552.976806640625,1871.5428466796875,-0.02054762654006481,1000.9714285714285,4,481,1,0,0,21,10,
0,64.0,0.21892815828323364,267.0,4.0,229.0,2688.0,223.3061224489795,11178.0,23.566667556762695,0.4000000059604645,13197.033203125,22.200000762939453,5.199999809265137,4.75,58.70000076293945,20775.0,2825.5714285714284,1.0446428060531616,25.45511817932129,279.2857142857143,1543.6995849609375,1886.6285400390625,-0.1646190583705902,998.1142857142858,0,481,1,0,0,31,13,23
0,,0.11060433089733124,267.0,4.0,229.0,1478.0,221.5102040816326,9780.0,23.350000381469727,1.600000023841858,14880.466796875,19.149999618530273,4.5,4.949999809265137,64.28333282470703,19977.666015625,2863.5714285714284,1.0471667051315308,25.516427993774414,273.9428571428571,1532.174072265625,1903.971435546875,-0.02383333072066307,997.9714285714285,2,481,1,0,0,41,10,
0,,0.39452680945396423,267.0,4.0,229.0,4015.0,221.81632653061214,10967.5,26.299999237060547,3.0166666507720947,15080.349609375,20.700000762939453,4.800000190734863,4.800000190734863,56.46666717529297,19602.833984375,2827.7714285714287,1.0579524040222168,25.63011932373047,284.51428571428573,1549.3587646484375,1892.142822265625,0.010119040496647358,998.5714285714286,0,481,1,0,0,21,10,
0,143.0,0.0,267.0,4.0,229.0,5248.0,224.14285714285697,10800.8330078125,26.566667556762695,1.100000023841858,13763.650390625,19.200000762939453,4.5,4.883333206176758,56.83333206176758,19722.833984375,2792.542857142857,1.0687142610549927,25.713571548461914,289.74285714285713,1553.0823974609375,1881.5428466796875,-0.11023810505867004,998.0,2,481,1,0,0,42,10,45
0,100.0,0.3238312304019928,267.0,4.0,229.0,11550.0,222.0204081632651,9642.5,24.683332443237305,0.7333333492279053,14069.93359375,19.28333282470703,4.099999904632568,4.583333492279053,57.08333206176758,17668.833984375,2804.7428571428572,1.0936905145645142,25.794286727905273,288.57142857142856,1550.4407958984375,1895.6285400390625,-0.10864286124706268,1003.9714285714285,0,481,1,0,0,21,20,41
0,167.0,0.28848347067832947,267.0,4.0,229.0,6974.0,216.142857142857,10731.4443359375,26.21666717529297,0.4833333194255829,13228.1943359375,19.394445419311523,4.5,4.666666507720947,54.5555534362793,19471.388671875,2833.6857142857143,1.0706428289413452,25.66666603088379,290.1714285714286,1553.0091552734375,1896.142822265625,0.03628570958971977,996.6571428571428,2,481,1,0,0,31,9,54
1,271.0,0.06385404616594315,267.0,4.0,229.0,3003.0,214.7959183673468,9522.1669921875,26.133333206176758,0.46666666865348816,13465.25,19.549999237060547,4.400000095367432,4.449999809265137,54.08333206176758,19318.833984375,2828.8571428571427,1.0682142972946167,25.74845314025879,291.77142857142854,1555.9798583984375,1884.4857177734375,-0.08585714548826218,997.3714285714286,2,481,1,0,0,31,17,89
0,87.0,0.0,267.0,4.0,229.0,3383.0,214.9183673469386,9854.0,26.066667556762695,0.8333333134651184,13717.7001953125,19.33333396911621,4.400000095367432,4.733333110809326,57.150001525878906,17419.5,2842.657142857143,1.0562618970870972,25.626190185546875,292.0285714285714,1563.27392578125,1887.5999755859375,-0.020119041204452515,996.8571428571429,4,481,1,0,0,24,1,37
0,241.0,0.285062700510025,267.0,4.0,229.0,1581.0,214.3877551020406,10690.0,27.683332443237305,1.5666667222976685,16770.69921875,21.816667556762695,4.800000190734863,4.683333396911621,50.58333206176758,19525.0,2857.342857142857,1.0364524126052856,25.46309471130371,287.0285714285714,1559.728515625,1898.857177734375,-0.27611905336380005,994.5428571428571,1,481,1,0,0,24,15,75
0,84.0,0.3797035217285156,267.0,4.0,229.0,2707.0,210.9591836734692,10297.6669921875,27.700000762939453,0.5,15095.7998046875,20.16666603088379,4.699999809265137,4.5,51.81666564941406,20164.666015625,2862.8571428571427,1.0373809337615967,25.41880989074707,287.85714285714283,1561.3499755859375,1900.6285400390625,-0.27149999141693115,996.6571428571428,2,481,1,0,0,21,1,29
0,199.0,0.0,267.0,4.0,229.0,4562.0,206.08163265306106,10815.111328125,24.366666793823242,1.9666666984558105,14776.916015625,24.44444465637207,5.0,4.688889026641846,57.5,20693.111328125,3103.0285714285715,1.0543808937072754,25.616905212402344,274.62857142857143,1557.2294921875,1904.2857666015625,-0.37935712933540344,1010.1142857142858,2,481,1,0,0,24,27,61
0,169.0,0.12314709275960922,267.0,4.0,229.0,1827.0,200.53061224489778,10552.1669921875,26.299999237060547,0.7333333492279053,13839.9833984375,19.450000762939453,4.5,4.599999904632568,54.63333511352539,18667.833984375,3156.0285714285715,1.0334285497665405,25.52083396911621,280.9428571428571,1576.159912109375,1886.3428955078125,-0.5532380938529968,1011.2571428571429,2,481,1,0,0,24,13,53
0,179.0,0.1687571257352829,267.0,4.0,229.0,1602.0,200.53061224489778,10641.1669921875,26.983333587646484,0.8666666746139526,13967.43359375,19.75,4.599999904632568,4.599999904632568,53.766666412353516,18297.166015625,3156.0285714285715,1.0334285497665405,25.52083396911621,280.9428571428571,1576.159912109375,1886.3428955078125,-0.5532380938529968,1011.2571428571429,2,481,1,0,0,24,12,56
0,179.0,0.3968072831630707,267.0,4.0,229.0,3506.0,197.40816326530594,13213.888671875,28.616666793823242,2.3611111640930176,15670.1279296875,21.899999618530273,4.833333492279053,4.80555534362793,52.588890075683594,21170.111328125,3343.714285714286,1.034833312034607,25.5240478515625,271.74285714285713,1572.792724609375,1912.4285888671875,-0.6836428642272949,1021.4857142857143,2,481,1,0,0,31,10,55
1,90.0,0.049030788242816925,267.0,4.0,229.0,2827.0,193.59183673469371,9047.8330078125,25.16666603088379,0.9333333373069763,14983.216796875,18.316667556762695,4.199999809265137,4.599999904632568,58.766666412353516,18518.666015625,3456.8,1.039023756980896,25.61214256286621,268.0,1570.185302734375,1919.028564453125,-0.7752143144607544,1026.0857142857142,2,481,1,0,0,41,18,28
0,210.0,0.41505131125450134,267.0,4.0,229.0,1615.0,189.61224489795907,11920.6669921875,25.183332443237305,1.2333333492279053,18146.30078125,19.816667556762695,4.699999809265137,4.683333396911621,57.28333282470703,19488.666015625,3523.7428571428572,1.052642822265625,25.682024002075195,267.65714285714284,1581.413330078125,1933.8857421875,-1.1128809452056885,1035.7428571428572,0,481,1,0,0,31,21,71
0,190.0,0.6670467257499695,267.0,4.0,229.0,1239.0,184.38775510204067,12300.5,24.100000381469727,2.9000000953674316,20668.81640625,21.33333396911621,4.599999904632568,4.583333492279053,55.266666412353516,20713.0,3523.7428571428572,1.052642822265625,25.682024002075195,267.65714285714284,1581.413330078125,1933.8857421875,-1.1128809452056885,1035.7428571428572,1,481,1,0,0,31,21,69
0,,0.0,267.0,4.0,229.0,2230.0,171.5510204081631,11670.5556640625,26.938888549804688,1.9888888597488403,16065.310546875,22.077777862548828,4.666666507720947,4.583333492279053,55.93333435058594,21761.388671875,2776.8571428571427,1.0261905193328857,25.77916717529297,273.0857142857143,1599.4564208984375,1872.3428955078125,-1.795023798942566,1036.2285714285715,2,481,1,1,0,34,1,
1,169.0,0.42075255513191223,267.0,4.0,229.0,2843.0,171.5510204081631,13815.5,25.03333282470703,2.883333444595337,16214.7998046875,23.21666717529297,6.099999904632568,4.483333110809326,59.099998474121094,22994.0,2692.285714285714,1.0232380628585815,25.770952224731445,276.85714285714283,1610.671875,1861.085693359375,-1.766619086265564,1037.4571428571428,0,481,1,1,0,24,30,65
0,145.0,0.7616875767707825,267.0,4.0,229.0,1164.0,171.34693877551,14379.1669921875,25.899999618530273,5.25,19092.25,22.91666603088379,5.5,4.683333396911621,53.58333206176758,21871.5,2482.342857142857,1.0126428604125977,25.746904373168945,282.1142857142857,1625.857666015625,1844.771484375,-1.6611666679382324,1039.7142857142858,2,481,1,0,0,34,31,57
1,,0.0,267.0,4.0,229.0,2122.0,171.1836734693876,10762.0,27.733333587646484,1.5166666507720947,14839.2666015625,20.899999618530273,4.5,4.900000095367432,55.56666564941406,21476.166015625,2502.0,1.0234524011611938,25.79273796081543,274.0285714285714,1600.9918212890625,1829.17138671875,-1.6443572044372559,1034.7142857142858,0,481,1,0,0,34,9,
0,185.0,0.1345496028661728,267.0,4.0,229.0,1933.0,170.0816326530611,10196.5,25.233333587646484,1.0166666507720947,14694.7666015625,21.71666717529297,4.699999809265137,4.949999809265137,59.41666793823242,23072.0,2457.0857142857144,1.0294286012649536,25.867856979370117,276.54285714285714,1597.6165771484375,1835.7427978515625,-1.6624523401260376,1033.2,2,481,1,0,0,34,7,58
1,10.0,0.0,267.0,4.0,229.0,4176.0,169.69387755102028,10367.2216796875,24.822221755981445,2.116666555404663,15227.310546875,20.700000762939453,4.9666666984558105,4.849999904632568,57.33333206176758,20956.388671875,2443.942857142857,1.062928557395935,26.05583381652832,263.4,1566.98779296875,1855.0,-1.3122856616973877,1040.0,0,481,1,0,0,34,16,
0,106.0,0.06499429792165756,267.0,4.0,229.0,5812.0,167.30612244897947,9983.0,25.600000381469727,1.0499999523162842,14890.6669921875,21.383333206176758,5.099999904632568,4.883333206176758,57.53333282470703,19371.0,2321.942857142857,1.0646904706954956,26.09535789489746,277.14285714285717,1575.79296875,1837.2857666015625,-0.7847857475280762,1033.2571428571428,0,481,1,0,0,21,24,37
0,125.0,0.24629418551921844,267.0,4.0,229.0,2828.0,164.7346938775509,11112.6669921875,24.78333282470703,2.183333396911621,17689.400390625,22.600000381469727,4.300000190734863,5.0,59.04999923706055,24116.666015625,2229.342857142857,1.0499048233032227,26.038808822631836,295.9428571428571,1589.4967041015625,1793.3143310546875,-0.5658095479011536,1017.9142857142857,1,481,1,0,0,24,21,40
1,118.0,0.0057012541219592094,267.0,4.0,229.0,3044.0,163.5306122448978,11498.6669921875,23.58333396911621,0.949999988079071,16049.150390625,22.16666603088379,4.099999904632568,4.900000095367432,61.61666488647461,22680.5,2111.285714285714,1.058571457862854,26.137380599975586,315.9428571428571,1595.696533203125,1757.6571044921875,-0.4352857172489166,1004.1428571428571,0,481,1,0,0,34,21,38
0,,0.0,267.0,4.0,229.0,3389.0,161.1020408163264,11677.6669921875,26.08333396911621,0.8500000238418579,14264.2998046875,21.5,4.800000190734863,4.949999809265137,60.18333435058594,23405.0,2049.3142857142857,1.0510714054107666,26.0865478515625,323.9142857142857,1593.488037109375,1749.3714599609375,-0.3561190664768219,992.7428571428571,1,481,1,0,0,34,9,
0,21.0,0.026225769892334938,267.0,4.0,229.0,6128.0,159.61224489795907,10174.1669921875,24.25,1.149999976158142,18299.3671875,19.950000762939453,4.199999809265137,5.0,62.81666564941406,22510.166015625,1813.6571428571428,1.061928629875183,26.139404296875,352.6,1577.726318359375,1726.3143310546875,-0.18628568947315216,963.0857142857143,1,481,1,0,0,34,15,6
0,190.0,0.21892815828323364,267.0,4.0,229.0,3949.0,153.16326530612236,9067.111328125,24.19444465637207,2.366666555404663,16768.06640625,20.133333206176758,4.366666793823242,4.694444179534912,60.96666717529297,19887.443359375,1722.7142857142858,1.0350714921951294,26.034284591674805,373.22857142857146,1609.658935546875,1698.771484375,-0.1831904798746109,952.1714285714286,0,481,1,0,0,24,34,65
0,138.0,0.02166476659476757,267.0,4.0,229.0,2382.0,146.2653061224489,9988.3330078125,20.133333206176758,4.366666793823242,14480.9501953125,19.200000762939453,4.5,4.75,63.61666488647461,19229.0,1662.8857142857144,1.0328333377838135,26.12845230102539,383.77142857142854,1617.449951171875,1679.6856689453125,-0.20604760944843292,943.7714285714286,6,481,1,0,0,34,15,44
1,,0.0,267.0,4.0,229.0,2713.0,143.9183673469387,10799.0,22.91666603088379,1.8166667222976685,15195.1337890625,20.383333206176758,4.099999904632568,4.983333110809326,58.13333511352539,21017.0,1562.7428571428572,1.0587856769561768,26.388093948364258,394.0857142857143,1606.6280517578125,1662.028564453125,-0.23992855846881866,935.9142857142857,8,481,1,0,0,41,2,
0,74.0,0.05131128802895546,267.0,4.0,229.0,1480.0,140.51020408163257,11795.77734375,20.438888549804688,6.627777576446533,15238.4833984375,21.299999237060547,5.233333110809326,5.066666603088379,61.338890075683594,21770.888671875,1526.1714285714286,1.05221426486969,26.245952606201172,406.0285714285714,1620.589111328125,1666.4857177734375,-0.234666645526886,930.2285714285714,7,481,1,0,0,21,9,30
1,130.0,0.312428742647171,267.0,4.0,229.0,5656.0,138.44897959183663,9467.5,20.933332443237305,3.200000047683716,13704.81640625,20.049999237060547,4.400000095367432,4.949999809265137,63.400001525878906,20142.666015625,1521.7142857142858,1.0767619609832764,26.60011863708496,405.14285714285717,1607.9923095703125,1662.5142822265625,-0.28576189279556274,932.6571428571428,2,481,1,0,0,42,14,61
1,54.0,0.0,267.0,4.0,229.0,7550.0,135.63829787234036,9730.1669921875,21.899999618530273,2.6666667461395264,14795.31640625,19.116666793823242,4.5,5.0,61.28333282470703,19320.333984375,1515.6,1.0953094959259033,26.69202423095703,404.6,1596.28076171875,1678.085693359375,-0.31450000405311584,934.4857142857143,1,481,1,0,0,41,6,18
1,,0.0,267.0,4.0,229.0,5024.0,129.16279069767432,9712.6669921875,22.53333282470703,1.9666666984558105,16847.283203125,19.516666412353516,4.400000095367432,4.916666507720947,61.54999923706055,19183.833984375,1502.5714285714287,1.123976230621338,27.0002384185791,412.25714285714287,1595.619384765625,1684.3714599609375,-0.29952380061149597,934.0285714285715,1,481,1,0,0,34,9,
0,,0.23831242322921753,296.0,3.0,271.0,1535.0,217.7499999999999,14570.6669921875,29.950000762939453,4.300000190734863,17917.44921875,21.41666603088379,4.300000190734863,4.699999809265137,43.61666488647461,18301.333984375,4640.828571428571,0.9835476279258728,26.744762420654297,174.97142857142856,1372.0684814453125,1686.085693359375,1.1438571214675903,1039.2857142857142,9,482,1,1,0,41,7,
0,290.0,0.6613454818725586,296.0,3.0,271.0,1330.0,217.7499999999999,13209.3330078125,29.983333587646484,12.083333015441895,17700.69921875,20.616666793823242,4.400000095367432,5.0,40.5,15790.5,4640.828571428571,0.9835476279258728,26.744762420654297,174.97142857142856,1372.0684814453125,1686.085693359375,1.1438571214675903,1039.2857142857142,0,482,1,1,0,42,31,108
0,216.0,0.9429874420166016,296.0,3.0,293.0,1049.0,252.3061224489794,12956.5,28.516666412353516,8.466666221618652,18465.75,21.91666603088379,4.599999904632568,5.150000095367432,44.04999923706055,18057.5,4648.428571428572,0.8488333225250244,25.83119010925293,158.14285714285714,1390.193359375,1652.7427978515625,1.131500005722046,1015.1714285714286,0,476,1,0,1,41,33,100
0,100.0,0.34663626551628113,296.0,3.0,293.0,1399.0,245.57142857142838,12701.5,31.5,9.933333396911621,19281.599609375,24.149999618530273,5.0,4.900000095367432,42.68333435058594,23472.0,4418.314285714286,0.8207142949104309,25.208452224731445,155.05714285714285,1380.27490234375,1679.05712890625,1.1123095750808716,1001.5428571428571,0,476,1,1,0,31,14,45
0,273.0,0.7913340926170349,296.0,3.0,293.0,1089.0,253.53061224489775,17616.166015625,27.266666412353516,11.100000381469727,17123.150390625,19.66666603088379,4.5,4.900000095367432,48.18333435058594,15801.1669921875,3905.7428571428572,0.7679523825645447,25.1391658782959,161.28571428571428,1398.015625,1666.1142578125,0.8827856779098511,984.5714285714286,2,476,1,1,0,42,21,116
0,277.0,0.6955530047416687,296.0,3.0,293.0,1035.0,251.38775510204061,14041.3330078125,26.049999237060547,12.983333587646484,15507.7998046875,19.683332443237305,3.9000000953674316,4.900000095367432,49.483333587646484,15975.0,3826.6,0.7714999914169312,25.22119140625,163.71428571428572,1406.499755859375,1657.914306640625,0.8948809504508972,988.9428571428572,1,476,1,1,0,21,27,129
0,200.0,0.7217788100242615,296.0,3.0,293.0,1114.0,251.67346938775492,13778.8330078125,29.116666793823242,10.949999809265137,17701.517578125,19.983333587646484,4.199999809265137,4.900000095367432,49.599998474121094,18783.833984375,3726.2571428571428,0.7646666765213013,25.13273811340332,166.85714285714286,1414.233642578125,1655.228515625,0.864976167678833,986.8571428571429,0,476,1,1,0,21,17,90
0,191.0,0.8985176682472229,296.0,3.0,293.0,1029.0,251.28571428571408,14941.5556640625,28.383333206176758,10.588889122009277,17437.06640625,20.922222137451172,4.233333587646484,4.7833333015441895,49.57777786254883,17972.77734375,3605.7428571428572,0.756595253944397,25.066308975219727,165.74285714285713,1417.98046875,1661.6856689453125,0.7472619414329529,983.0857142857143,0,476,1,1,0,21,22,90
0,266.0,0.8745723962783813,296.0,3.0,293.0,1085.0,243.34693877551,14265.1669921875,25.516666412353516,9.5,15694.033203125,19.399999618530273,4.0,4.75,55.71666717529297,15838.1669921875,2827.0285714285715,0.7466904520988464,25.00881004333496,180.42857142857142,1436.6082763671875,1663.1142578125,0.5679762363433838,974.3142857142857,0,476,1,1,1,41,10,125
0,202.0,0.09236031770706177,296.0,3.0,293.0,3850.0,239.32653061224474,13502.3330078125,25.066667556762695,3.4000000953674316,15579.0,18.58333396911621,3.5999999046325684,4.800000190734863,47.13333511352539,15123.1669921875,2637.0857142857144,0.7553809285163879,25.022619247436523,174.85714285714286,1426.6241455078125,1697.4571533203125,0.49557140469551086,976.6857142857143,0,476,1,0,0,42,12,81
0,192.0,0.17445838451385498,296.0,3.0,293.0,6344.0,232.10204081632637,12522.6669921875,27.316667556762695,8.899999618530273,15726.56640625,18.799999237060547,3.799999952316284,4.683333396911621,48.38333511352539,16089.1669921875,2524.114285714286,0.7586904764175415,25.02190399169922,178.0857142857143,1426.3785400390625,1702.3143310546875,0.4844285547733307,973.5428571428571,3,476,1,0,0,31,8,73
0,207.0,0.419612318277359,296.0,3.0,293.0,11221.0,223.5306122448978,10260.1669921875,26.450000762939453,7.016666889190674,16280.2333984375,21.71666717529297,3.9000000953674316,4.900000095367432,50.79999923706055,17832.833984375,2255.4857142857145,0.7331666350364685,24.574047088623047,183.34285714285716,1423.71923828125,1707.3714599609375,0.3849285840988159,957.0571428571428,1,476,1,0,0,31,4,78
0,216.0,0.5461801886558533,296.0,3.0,293.0,22124.0,218.06122448979573,9643.6669921875,25.633333206176758,10.266666412353516,18326.0,24.616666793823242,5.0,4.900000095367432,48.11666488647461,22498.0,2254.4,0.743404746055603,24.607261657714844,186.02857142857144,1432.776123046875,1718.82861328125,0.31792858242988586,962.9428571428572,4,476,1,0,0,11,5,79
0,94.0,0.15735462307929993,296.0,3.0,293.0,17991.0,212.44897959183655,13815.0,33.08333206176758,2.0,15781.3330078125,18.983333587646484,3.700000047683716,5.050000190734863,40.900001525878906,19841.666015625,2180.8,0.7480476498603821,24.694881439208984,191.74285714285713,1443.991455078125,1743.028564453125,0.20776191353797913,963.2571428571429,0,476,1,0,0,31,4,35
0,136.10759089783207,0.3181299865245819,296.0,3.0,293.0,16479.0,207.32653061224468,23166.833984375,26.233333587646484,7.4666666984558105,15999.93359375,18.266666412353516,3.9000000953674316,4.800000190734863,46.516666412353516,16794.833984375,2159.942857142857,0.7559523582458496,24.850833892822266,192.4857142857143,1443.503173828125,1757.971435546875,0.19738095998764038,963.3428571428572,2,476,1,0,0,31,19,52
0,172.0,0.16077536344528198,296.0,3.0,293.0,13261.0,199.61224489795896,24006.666015625,24.41666603088379,3.7666666507720947,13749.1669921875,19.233333587646484,3.799999952316284,4.75,47.79999923706055,15007.0,2155.457142857143,0.7526666522026062,24.89130973815918,192.57142857142858,1447.323486328125,1779.3428955078125,0.19711904227733612,964.6857142857143,1,476,1,0,0,21,34,70
0,80.0,0.19042189419269562,296.0,3.0,293.0,23243.0,197.12244897959164,10697.1669921875,27.58333396911621,4.5,15333.68359375,18.91666603088379,3.4000000953674316,5.0,48.18333435058594,15609.3330078125,2079.8571428571427,0.7599047422409058,24.877975463867188,200.88571428571427,1448.2216796875,1762.2572021484375,0.20447619259357452,959.6285714285714,1,476,1,0,0,41,2,29
0,185.0,0.09920182079076767,296.0,3.0,293.0,25340.0,197.57142857142838,10011.0,26.91666603088379,2.883333444595337,15186.0498046875,18.41666603088379,3.700000047683716,4.75,46.766666412353516,15636.5,2115.7428571428572,0.762499988079071,24.87821388244629,201.77142857142857,1450.3402099609375,1769.6285400390625,0.14530950784683228,960.8571428571429,0,476,1,0,0,41,15,71
0,169.0,0.5997719764709473,296.0,3.0,293.0,18942.0,198.44897959183652,11552.6669921875,24.71666717529297,5.75,16941.716796875,20.450000762939453,4.300000190734863,5.083333492279053,48.16666793823242,18236.833984375,2176.7714285714287,0.7619761824607849,24.860000610351562,199.57142857142858,1454.707275390625,1794.771484375,0.11192858964204788,964.0857142857143,1,476,1,0,0,31,6,65
0,121.0,0.13226909935474396,296.0,3.0,293.0,21040.0,200.44897959183652,12205.4443359375,29.10555648803711,4.505555629730225,14618.2724609375,18.850000381469727,4.166666507720947,4.933333396911621,47.5,17336.77734375,2267.1714285714284,0.7644285559654236,24.83333396911621,200.22857142857143,1454.7537841796875,1810.228515625,0.06269048154354095,963.4857142857143,1,476,1,0,0,21,10,46
0,102.0,0.0,296.0,3.0,293.0,23882.0,206.30612244897935,11472.6669921875,26.53333282470703,3.2666666507720947,16087.06640625,19.483333587646484,3.5999999046325684,5.0,51.516666412353516,15898.6669921875,2330.4,0.7719761729240417,24.984880447387695,199.65714285714284,1450.31591796875,1825.199951171875,0.043166663497686386,965.8571428571429,1,476,1,0,0,34,14,39
0,159.0,0.05587229132652283,296.0,3.0,293.0,18444.0,215.7142857142854,11022.0,25.03333282470703,3.0166666507720947,14892.5830078125,19.549999237060547,3.700000047683716,5.0,49.16666793823242,18002.5,2497.3142857142857,0.7640952467918396,24.860000610351562,197.71428571428572,1455.0694580078125,1871.5999755859375,-0.09207142144441605,965.8571428571429,2,476,1,0,0,21,4,61
0,99.0,0.019384264945983887,296.0,3.0,293.0,12342.0,210.16326530612218,10748.5,26.149999618530273,3.799999952316284,15301.7001953125,18.91666603088379,3.5999999046325684,4.900000095367432,50.04999923706055,17104.833984375,2439.6285714285714,0.7696190476417542,24.968334197998047,207.54285714285714,1464.5523681640625,1824.2857666015625,-0.06397620588541031,965.2857142857143,1,476,1,0,0,31,11,39
0,203.0,0.2234891653060913,296.0,3.0,293.0,2203.0,220.99999999999972,11842.3330078125,24.91666603088379,3.6666667461395264,15132.5,18.600000381469727,3.5999999046325684,4.7833333015441895,51.900001525878906,16105.5,2634.7714285714287,0.7629285454750061,24.888334274291992,203.05714285714285,1457.85009765625,1839.82861328125,-0.15371428430080414,962.7428571428571,1,476,1,0,0,21,12,86
0,211.0,0.2633979618549347,296.0,3.0,293.0,7513.0,215.40816326530583,11573.3330078125,24.5,3.2666666507720947,15613.1337890625,19.33333396911621,3.4000000953674316,4.699999809265137,50.61666488647461,16088.6669921875,2732.342857142857,0.7652618885040283,24.985118865966797,204.37142857142857,1463.9306640625,1835.5428466796875,-0.19178570806980133,966.6,3,476,1,0,0,31,10,98
0,124.0,0.017103763297200203,296.0,3.0,293.0,9443.0,217.22448979591812,11652.0,27.233333587646484,2.8499999046325684,15739.716796875,19.33333396911621,4.0,4.983333110809326,33.71666717529297,16727.166015625,2820.6,0.7821190357208252,25.070594787597656,201.34285714285716,1471.6566162109375,1842.6856689453125,-0.2283809632062912,980.9142857142857,0,476,1,0,0,41,4,55
0,227.0,0.27366021275520325,296.0,3.0,293.0,11867.0,224.14285714285694,11043.0,24.733333587646484,2.5333333015441895,15481.7998046875,18.566667556762695,3.9000000953674316,4.7833333015441895,44.66666793823242,15229.6669921875,2905.9142857142856,0.7673571109771729,24.867380142211914,195.17142857142858,1466.349365234375,1869.914306640625,-0.26161903142929077,975.8571428571429,2,476,1,0,0,31,25,99
0,188.0,0.1220068410038948,296.0,3.0,293.0,5616.0,219.40816326530592,12059.0,29.0,2.0333333015441895,14996.2001953125,19.866666793823242,4.099999904632568,4.800000190734863,43.46666717529297,15500.0,3046.057142857143,0.7677857279777527,24.81488037109375,191.5142857142857,1469.5062255859375,1860.5142822265625,-0.47309523820877075,984.6857142857143,0,476,1,0,0,21,3,70
0,,0.09806157648563385,296.0,3.0,293.0,5109.0,220.7755102040814,11462.0,26.399999618530273,4.449999809265137,15735.6162109375,19.21666717529297,4.300000190734863,5.0,50.25,21060.666015625,3311.657142857143,0.7685714364051819,24.755237579345703,186.05714285714285,1472.626953125,1848.82861328125,-1.0518333911895752,991.8285714285714,2,476,1,0,0,41,14,
0,235.0,0.11744584143161774,296.0,3.0,293.0,1825.0,230.2653061224488,12616.0,26.549999237060547,3.7833333015441895,16568.80078125,21.28333282470703,4.300000190734863,5.0,46.45000076293945,19294.0,3364.885714285714,0.757023811340332,24.593332290649414,183.6,1466.8577880859375,1859.5999755859375,-0.9877142906188965,985.7142857142857,0,476,1,0,0,41,11,109
0,201.0,0.04104902967810631,296.0,3.0,293.0,1675.0,226.93877551020395,12085.6669921875,26.816667556762695,8.133333206176758,18968.267578125,20.766666412353516,4.0,4.75,44.43333435058594,18733.0,3476.2571428571428,0.7633571624755859,24.679285049438477,187.05714285714285,1473.0557861328125,1837.2857666015625,-1.3249285221099854,988.4285714285714,1,476,1,0,0,31,35,75
0,126.0,0.21778790652751923,296.0,3.0,293.0,2012.0,232.8979591836733,10650.6669921875,32.5,7.366666793823242,18289.666015625,23.96666717529297,6.300000190734863,4.883333206176758,38.13333511352539,20206.666015625,3715.5714285714284,0.727571427822113,24.05368995666504,184.34285714285716,1476.52587890625,1836.5428466796875,-1.5560238361358643,978.3428571428572,1,476,1,0,0,31,11,51
0,133.0,0.5724059343338013,296.0,3.0,293.0,5440.0,253.6326530612243,9910.3330078125,31.58333396911621,5.416666507720947,18403.666015625,24.100000381469727,5.199999809265137,4.800000190734863,47.95000076293945,21352.333984375,4009.057142857143,0.7406190633773804,24.22464370727539,186.62857142857143,1485.881591796875,1852.199951171875,-1.2812142372131348,985.2,1,476,1,0,0,21,3,55
0,173.0,0.07639680802822113,296.0,3.0,293.0,2663.0,243.28571428571402,11357.0,26.766666412353516,5.800000190734863,17334.94921875,22.28333282470703,4.300000190734863,4.816666603088379,52.5,22679.0,4014.942857142857,0.7439761757850647,24.301904678344727,184.5142857142857,1487.296875,1849.085693359375,-1.2970714569091797,991.0857142857143,3,476,1,0,0,31,21,67
0,,0.0,296.0,3.0,293.0,2383.0,246.34693877550993,12620.5,28.33333396911621,4.300000190734863,15806.75,19.600000381469727,3.700000047683716,5.099999904632568,46.66666793823242,18797.333984375,4046.285714285714,0.7518095374107361,24.437618255615234,187.22857142857143,1485.6334228515625,1849.7427978515625,-1.167023777961731,990.4,12,476,1,1,0,31,5,
0,156.0,0.9543899893760681,296.0,3.0,293.0,1059.0,261.4897959183671,11927.27734375,20.072221755981445,4.433333396911621,15549.572265625,19.4777774810791,4.233333587646484,4.694444179534912,56.244441986083984,18342.443359375,4056.9714285714285,0.7324047684669495,24.11618995666504,189.17142857142858,1488.947265625,1876.17138671875,-0.8824047446250916,980.7428571428571,2,476,1,1,0,31,27,58
0,238.0,0.7115165591239929,296.0,3.0,191.0,1575.0,250.91836734693854,13488.0,21.149999618530273,2.5,14543.1669921875,19.33333396911621,3.200000047683716,4.583333492279053,53.66666793823242,16380.5,4037.3142857142857,0.7649762034416199,24.531309127807617,196.5142857142857,1492.026611328125,1859.971435546875,-0.9816428422927856,987.5142857142857,3,476,1,1,0,42,29,88
0,261.0,0.7844926118850708,296.0,3.0,191.0,1098.0,248.65306122448965,11758.6669921875,21.75,0.6666666865348816,13905.06640625,18.549999237060547,3.299999952316284,4.483333110809326,59.766666412353516,16011.0,3768.5714285714284,0.791523814201355,24.610713958740234,208.37142857142857,1494.0614013671875,1848.771484375,-1.226095199584961,982.1428571428571,3,567,1,1,0,41,25,121
0,66.0,0.44355759024620056,296.0,3.0,191.0,1707.0,232.30612244897952,10842.6669921875,24.549999237060547,1.100000023841858,14649.3662109375,19.78333282470703,4.300000190734863,4.800000190734863,54.650001525878906,18847.666015625,2929.9714285714285,0.8158095479011536,24.558570861816406,230.22857142857143,1501.5452880859375,1847.199951171875,-0.7556428909301758,968.2,4,567,1,0,0,41,6,26
0,257.0,0.052451539784669876,296.0,3.0,293.0,1758.0,228.89795918367335,10185.77734375,21.883333206176758,0.605555534362793,13705.1005859375,19.883333206176758,4.066666603088379,4.75,59.68888854980469,16833.833984375,2823.5714285714284,0.8272380828857422,24.746904373168945,233.37142857142857,1501.7779541015625,1846.2857666015625,-0.8139047622680664,969.7714285714286,2,476,1,0,0,34,17,98
0,235.0,0.530216634273529,296.0,3.0,293.0,2912.0,232.9591836734693,10024.0,21.700000762939453,0.4833333194255829,15047.7001953125,18.58333396911621,4.0,4.900000095367432,61.516666412353516,16332.5,2608.057142857143,0.8404523730278015,24.824642181396484,235.31428571428572,1506.005859375,1863.7427978515625,-0.8721190690994263,972.4571428571429,1,476,1,0,0,42,4,129
0,129.0,0.12428734451532364,296.0,3.0,293.0,2122.0,231.81632653061214,12168.833984375,22.605554580688477,0.6499999761581421,12872.166015625,18.366666793823242,3.933333396911621,4.816666603088379,58.19444274902344,16042.5,2189.1714285714284,0.8479999899864197,24.80261993408203,250.4857142857143,1510.7901611328125,1864.914306640625,-0.89897620677948,958.8571428571429,2,476,1,0,0,34,26,50
0,204.0,0.6339794993400574,296.0,3.0,293.0,1373.0,230.10204081632642,12839.6669921875,27.983333587646484,2.2166666984558105,21413.400390625,21.066667556762695,4.300000190734863,4.699999809265137,50.95000076293945,19972.833984375,2232.9714285714285,0.8641428351402283,24.965118408203125,251.22857142857143,1510.973876953125,1861.800048828125,-0.9430000185966492,963.7714285714286,2,476,1,0,0,31,7,87
0,114.0,0.27366021275520325,296.0,3.0,191.0,1445.0,224.57142857142838,11861.6669921875,24.649999618530273,0.6499999761581421,15515.9169921875,18.950000762939453,4.099999904632568,4.900000095367432,59.79999923706055,20820.0,2435.0,0.8597142696380615,24.907262802124023,246.65714285714284,1515.4158935546875,1847.914306640625,-1.1049047708511353,968.5714285714286,2,567,1,0,0,31,7,40
0,281.0,0.678449273109436,296.0,3.0,191.0,1046.0,223.6530612244896,10598.0,20.78333282470703,0.44999998807907104,12943.466796875,18.616666793823242,3.5,4.449999809265137,66.5999984741211,16732.333984375,2536.714285714286,0.8741190433502197,24.981428146362305,241.37142857142857,1517.2467041015625,1861.228515625,-1.2242857217788696,981.5714285714286,3,567,1,0,0,41,15,104
0,243.0,0.46978336572647095,296.0,3.0,229.0,1132.0,223.9183673469386,10502.0,24.28333282470703,0.8666666746139526,12952.966796875,18.883333206176758,3.9000000953674316,4.550000190734863,58.91666793823242,17444.5,2640.342857142857,0.8828095197677612,25.049165725708008,237.77142857142857,1511.234619140625,1863.028564453125,-1.2698333263397217,984.3428571428572,3,481,1,0,0,41,12,100
0,107.0,0.0,267.0,4.0,229.0,2195.0,216.97959183673453,10416.8330078125,18.08333396911621,1.25,14379.099609375,19.149999618530273,4.099999904632568,4.800000190734863,66.44999694824219,17443.5,2782.6285714285714,0.8999047875404358,25.090118408203125,233.65714285714284,1517.28173828125,1881.8857421875,-1.3345952033996582,996.0857142857143,1,481,1,0,0,21,4,39
0,,0.01824401319026947,267.0,4.0,229.0,3971.0,219.0408163265304,11870.5,24.33333396911621,0.8666666746139526,14337.150390625,18.75,4.199999809265137,4.800000190734863,62.45000076293945,16888.666015625,2882.657142857143,0.9143571257591248,25.22869110107422,234.0,1520.296142578125,1883.5428466796875,-1.3345237970352173,1000.7714285714286,1,481,1,0,0,41,2,
1,134.0,0.0,267.0,4.0,229.0,2903.0,216.20408163265282,11460.6669921875,23.116666793823242,1.4333332777023315,16829.1328125,18.299999237060547,3.5999999046325684,4.599999904632568,56.75,18890.666015625,2896.2,0.9275237917900085,25.362262725830078,230.65714285714284,1513.93505859375,1898.800048828125,-1.2901190519332886,1004.8,1,481,1,0,0,41,4,46
1,116.0,0.02508551813662052,267.0,4.0,229.0,2367.0,211.24489795918348,13604.3330078125,18.516666412353516,0.5,13503.716796875,18.866666793823242,4.199999809265137,4.5,62.099998474121094,17970.833984375,2780.4,0.9200714230537415,25.411666870117188,239.54285714285714,1510.6905517578125,1871.5999755859375,-1.3451428413391113,991.8285714285714,0,481,1,0,0,34,18,47
0,62.0,0.09806157648563385,267.0,4.0,229.0,3297.0,209.20408163265284,9870.1669921875,15.5,0.15000000596046448,14169.8837890625,18.0,3.9000000953674316,4.483333110809326,71.63333129882812,16593.0,2650.657142857143,0.9298571348190308,25.297975540161133,240.4,1516.322265625,1892.82861328125,-1.4166666269302368,994.8571428571429,0,481,1,0,0,21,9,24
1,162.0,0.07069555670022964,267.0,4.0,229.0,1420.0,208.0408163265304,11201.0,16.950000762939453,0.3333333432674408,14282.6337890625,18.066667556762695,3.5,4.5,70.61666870117188,16447.0,2497.1714285714284,0.9614999890327454,25.58547592163086,245.9142857142857,1516.400390625,1907.94287109375,-1.421142816543579,997.5428571428571,1,481,1,0,0,31,4,69
1,207.0,0.0,267.0,4.0,229.0,6618.0,205.38775510204064,14766.6669921875,20.0,0.5666666626930237,14297.966796875,19.616666793823242,4.800000190734863,4.699999809265137,62.150001525878906,16074.6669921875,2376.285714285714,0.9521904587745667,25.514286041259766,254.14285714285714,1521.102294921875,1902.085693359375,-1.5754761695861816,987.9142857142857,4,481,1,0,0,41,15,83
0,102.0,0.7023945450782776,267.0,4.0,229.0,4952.0,202.9591836734692,10954.6669921875,19.633333206176758,0.6166666746139526,12624.5166015625,17.799999237060547,3.5999999046325684,4.599999904632568,70.25,15214.8330078125,2349.8571428571427,0.9576904773712158,25.53583335876465,255.68571428571428,1525.5860595703125,1905.3143310546875,-1.6033809185028076,990.6571428571428,0,481,1,0,0,31,9,35
0,136.0,0.10262257605791092,267.0,4.0,229.0,7141.0,207.14285714285697,12544.0,20.116666793823242,0.6166666746139526,13143.0830078125,18.399999618530273,3.9000000953674316,4.483333110809326,68.5999984741211,15330.8330078125,2285.0,0.9632381200790405,25.49892807006836,256.85714285714283,1524.9415283203125,1918.7427978515625,-1.6531190872192383,991.5142857142857,0,481,1,0,0,41,12,
0,173.0,0.2633979618549347,267.0,4.0,229.0,3175.0,207.71428571428555,14343.3330078125,19.266666412353516,0.6499999761581421,13538.18359375,20.016666412353516,4.400000095367432,4.483333110809326,65.44999694824219,15612.166015625,2250.8476190475994,0.9640555381774902,25.490476608276367,262.6857142857383,1526.306884765625,1913.142822265625,-1.756658673286438,987.4666666666066,1,481,1,0,0,24,16,58
0,195.0,0.4264538288116455,267.0,4.0,229.0,1114.0,209.20408163265287,14020.3330078125,19.549999237060547,2.25,16440.6171875,19.866666793823242,4.199999809265137,4.683333396911621,70.18333435058594,17715.833984375,2236.6,0.9700238108634949,25.48452377319336,264.62857142857143,1529.5198974609375,1917.5428466796875,-1.7517380714416504,988.6857142857143,1,481,1,0,0,21,18,78
0,190.0,0.0,267.0,4.0,229.0,1978.0,210.69387755102025,11130.2216796875,21.383333206176758,0.6833333373069763,14536.14453125,18.566667556762695,3.700000047683716,4.583333492279053,69.4000015258789,15437.4443359375,2302.542857142857,0.9907143115997314,25.570714950561523,256.3142857142857,1530.646484375,1973.7142333984375,-1.454547643661499,999.8285714285714,1,481,1,0,0,42,9,84
0,171.0,0.0,267.0,4.0,229.0,2863.0,214.42857142857122,12909.3330078125,22.58333396911621,4.2833333015441895,16717.0,20.91666603088379,4.099999904632568,4.583333492279053,63.88333511352539,18318.666015625,2206.057142857143,0.9822618961334229,25.53952407836914,267.51428571428573,1534.689453125,1968.17138671875,-1.3588809967041016,986.4857142857143,1,481,1,0,0,11,16,62
1,224.0,0.04789053648710251,267.0,4.0,229.0,1880.0,214.81632653061203,12129.5,22.399999618530273,1.3166667222976685,13655.033203125,19.266666412353516,3.9000000953674316,4.550000190734863,68.76667022705078,16568.0,2272.657142857143,0.9947381019592285,25.73821449279785,265.9142857142857,1532.724853515625,1989.94287109375,-1.1860475540161133,991.6857142857143,1,481,1,0,0,31,9,77
0,110.0,0.2098061591386795,267.0,4.0,229.0,6763.0,214.7959183673467,12123.0,23.950000762939453,2.066666603088379,14556.7001953125,19.41666603088379,3.700000047683716,4.650000095367432,66.05000305175781,18707.0,2421.4285714285716,0.9845952391624451,25.59642791748047,258.74285714285713,1536.302490234375,2004.6571044921875,-0.9451190233230591,998.2285714285714,3,481,1,0,0,21,3,36
0,73.0,0.3443557620048523,267.0,4.0,229.0,7734.0,214.06122448979573,10733.3330078125,20.566667556762695,1.3333333730697632,13274.099609375,19.733333587646484,3.799999952316284,4.599999904632568,68.91666412353516,17602.666015625,2537.057142857143,0.9883095026016235,25.56940460205078,258.85714285714283,1539.3839111328125,2003.3714599609375,-0.7554523944854736,1001.9714285714285,0,481,1,0,0,41,15,23
0,52.0,0.2497149407863617,267.0,4.0,229.0,7256.0,212.81632653061203,10402.6669921875,18.549999237060547,1.1833332777023315,15224.400390625,18.299999237060547,3.799999952316284,4.949999809265137,67.73332977294922,17897.166015625,2621.7714285714287,0.9895714521408081,25.59773826599121,255.94285714285715,1543.8597412109375,2013.7427978515625,-0.5850714445114136,1006.7142857142857,1,481,1,0,0,42,8,20
0,170.0,0.28164196014404297,267.0,4.0,229.0,4461.0,212.2244897959182,11858.0,21.433332443237305,1.350000023841858,14831.0,19.100000381469727,4.5,4.683333396911621,65.68333435058594,19336.0,2707.057142857143,0.9787619113922119,25.44440460205078,253.11428571428573,1543.766357421875,1988.971435546875,-0.7477142810821533,1006.4,1,481,1,0,0,21,15,71
0,98.0,0.11630558967590332,267.0,4.0,229.0,2818.0,213.91836734693857,11276.5,17.600000381469727,2.0166666507720947,13294.099609375,18.100000381469727,3.799999952316284,4.583333492279053,71.06666564941406,16755.166015625,2722.542857142857,0.9790952205657959,25.41131019592285,253.57142857142858,1544.2333984375,1977.1142578125,-0.8522857427597046,1005.6,1,481,1,0,0,24,2,40
0,162.0,0.33409351110458374,267.0,4.0,229.0,2012.0,211.28571428571416,12752.0,21.266666412353516,1.1333333253860474,14186.349609375,19.383333206176758,4.199999809265137,4.483333110809326,63.71666717529297,16532.5,2680.885714285714,0.9656904935836792,25.40380859375,255.25714285714287,1536.4326171875,1967.4857177734375,-0.69092857837677,993.5428571428571,0,481,1,0,0,41,10,59
0,141.0,0.18700113892555237,267.0,4.0,229.0,2754.0,212.0408163265305,11459.1669921875,21.516666412353516,1.2999999523162842,12574.06640625,18.46666717529297,3.9000000953674316,4.583333492279053,63.0,15799.5,2615.2571428571428,0.9690238237380981,25.383094787597656,256.3142857142857,1539.994384765625,1965.4000244140625,-0.6618571281433105,997.1714285714286,2,481,1,0,0,41,4,55
0,,0.04104902967810631,267.0,4.0,229.0,5526.0,212.18367346938768,9441.0,20.0,0.6666666865348816,13834.599609375,18.600000381469727,4.199999809265137,4.650000095367432,65.86666870117188,19572.0,2542.7428571428572,0.9740476012229919,25.270952224731445,249.17142857142858,1544.903076171875,2007.4000244140625,-0.4880714416503906,1006.6571428571428,3,481,1,0,0,41,10,
0,96.0,0.366020530462265,267.0,4.0,229.0,3038.0,213.06122448979582,12832.3330078125,20.366666793823242,0.20000000298023224,13375.7333984375,19.600000381469727,4.099999904632568,4.599999904632568,64.46666717529297,17101.333984375,2516.457142857143,0.9751190543174744,25.32321548461914,259.77142857142854,1543.42919921875,1942.4571533203125,-0.7344523668289185,994.1428571428571,0,481,1,0,0,31,13,29
0,90.0,0.15393386781215668,267.0,4.0,229.0,4180.0,214.04081632653046,12117.1669921875,22.33333396911621,4.300000190734863,13166.533203125,17.933332443237305,4.199999809265137,4.983333110809326,60.71666717529297,19200.5,2426.542857142857,0.984499990940094,25.24916648864746,262.37142857142857,1546.7662353515625,1936.5714111328125,-0.6521666646003723,995.8,1,481,1,0,0,21,11,28
0,149.0,0.04789053648710251,267.0,4.0,229.0,2210.0,215.93877551020393,20950.5,25.133333206176758,2.0,16400.6171875,22.633333206176758,5.0,4.683333396911621,56.31666564941406,25159.5,2395.885714285714,0.992809534072876,25.3077392578125,257.1142857142857,1538.39111328125,1936.857177734375,-0.5718571543693542,998.6857142857143,1,481,1,0,0,34,10,58
1,274.0,0.37400227785110474,267.0,4.0,229.0,1163.0,219.02040816326513,11073.3330078125,19.71666717529297,0.5666666626930237,14123.2001953125,18.100000381469727,3.9000000953674316,4.483333110809326,62.56666564941406,19267.333984375,2330.0285714285715,0.9957380890846252,25.42047691345215,268.37142857142857,1550.371337890625,1923.4000244140625,-0.40776190161705017,993.2,0,481,1,0,0,41,5,109
1,273.0,0.3033067286014557,267.0,4.0,229.0,2449.0,222.40816326530594,9521.6669921875,21.58333396911621,0.4166666567325592,12707.06640625,17.733333587646484,3.700000047683716,4.483333110809326,63.45000076293945,17558.333984375,2330.0285714285715,0.9957380890846252,25.42047691345215,268.37142857142857,1550.371337890625,1923.4000244140625,-0.40776190161705017,993.2,0,481,1,0,0,41,4,93
1,255.0,0.12542758882045746,267.0,4.0,229.0,2979.0,223.0204081632651,13039.0,18.316667556762695,0.44999998807907104,13677.2001953125,17.366666793823242,4.0,4.650000095367432,68.36666870117188,19382.0,2289.4285714285716,1.0119047164916992,25.474166870117188,264.6,1534.3189697265625,1951.4285888671875,-0.3021666705608368,992.0571428571428,1,481,1,0,0,31,30,92
0,210.0,0.0057012541219592094,267.0,4.0,229.0,5158.0,225.1428571428569,11354.5,23.53333282470703,1.2999999523162842,13896.5498046875,17.71666717529297,4.199999809265137,4.583333492279053,58.93333435058594,19498.0,2262.0,1.007857084274292,25.352500915527344,270.1714285714286,1543.661376953125,1937.0,-0.24300000071525574,989.4571428571429,1,481,1,0,0,21,6,66
0,170.0,0.42303305864334106,267.0,4.0,229.0,12653.0,227.53061224489775,9525.6669921875,19.549999237060547,0.30000001192092896,12500.099609375,17.66666603088379,4.0,4.599999904632568,67.3499984741211,18665.333984375,2352.9142857142856,1.0376189947128296,25.499643325805664,268.48571428571427,1535.61279296875,1894.2857666015625,-0.35616669058799744,995.4,3,481,1,0,0,31,6,54
0,119.0,0.258836954832077,267.0,4.0,229.0,11166.0,227.83673469387742,15536.5,29.16666603088379,2.616666555404663,20381.416015625,19.66666603088379,4.5,4.7833333015441895,56.650001525878906,24801.166015625,2384.6285714285714,1.0473333597183228,25.462738037109375,269.3142857142857,1520.8994140625,1902.94287109375,-0.24683335423469543,993.8285714285714,2,481,1,0,0,31,15,39
0,273.0,0.5210946202278137,267.0,4.0,229.0,6269.0,226.28571428571416,10436.6669921875,23.5,1.7999999523162842,13771.18359375,19.350000381469727,3.9000000953674316,4.650000095367432,60.45000076293945,18420.5,2386.057142857143,1.0406428575515747,25.476308822631836,282.4,1546.1920166015625,1866.2857666015625,-0.16238094866275787,990.5714285714286,3,481,1,0,0,31,16,99
0,132.0,0.258836954832077,267.0,4.0,229.0,5285.0,223.7755102040815,12939.0,26.633333206176758,3.700000047683716,13536.533203125,21.350000381469727,5.0,5.050000190734863,60.68333435058594,21467.666015625,2567.2,1.0463809967041016,25.379762649536133,277.9428571428571,1548.083740234375,1850.3428955078125,-0.2330714464187622,997.8,1,481,1,0,0,21,13,47
0,122.0,0.22576966881752014,267.0,4.0,229.0,5158.0,221.08163265306112,9517.1669921875,25.41666603088379,3.2833333015441895,14707.9833984375,21.383333206176758,4.900000095367432,4.666666507720947,54.11666488647461,21951.666015625,2502.3142857142857,1.0431190729141235,25.54166603088379,291.77142857142854,1555.9542236328125,1789.800048828125,-0.10554761439561844,984.9142857142857,1,481,1,0,0,31,5,54
0,203.0,0.47092360258102417,267.0,4.0,229.0,1559.0,221.73469387755094,9676.6669921875,21.299999237060547,0.8999999761581421,13151.3837890625,19.766666412353516,4.199999809265137,4.583333492279053,57.78333282470703,18313.0,2649.8285714285716,1.0363810062408447,25.458690643310547,283.74285714285713,1550.268798828125,1843.4857177734375,-0.00807141326367855,990.2857142857143,2,481,1,0,0,34,30,63
0,,0.06271379441022873,267.0,4.0,229.0,5375.0,221.34693877551013,11677.0,23.75,0.1666666716337204,13230.1669921875,18.25,4.099999904632568,4.733333110809326,63.733333587646484,20036.5,2706.1714285714284,1.0446666479110718,25.50535774230957,277.74285714285713,1545.66796875,1915.17138671875,0.13623808324337006,998.1428571428571,0,481,1,0,0,42,26,
0,232.0,0.7594070434570312,267.0,4.0,229.0,1994.0,222.83673469387747,10952.6669921875,26.183332443237305,1.0166666507720947,14368.3330078125,19.299999237060547,4.400000095367432,4.483333110809326,52.599998474121094,18026.0,2802.0,1.0403333902359009,25.464405059814453,281.3142857142857,1548.61962890625,1882.5428466796875,0.03280952200293541,996.4857142857143,2,481,1,0,0,31,23,72
0,93.0,0.5484606623649597,267.0,4.0,229.0,1088.0,218.38775510204073,8894.6669921875,25.366666793823242,0.699999988079071,17743.06640625,18.950000762939453,4.300000190734863,4.983333110809326,54.95000076293945,19924.0,2756.6,1.013452410697937,25.295595169067383,288.62857142857143,1559.5433349609375,1874.2572021484375,0.14652380347251892,988.7714285714286,1,481,1,0,0,42,14,29
0,98.0,0.0,267.0,4.0,229.0,1913.0,217.69387755102028,9684.3330078125,26.91666603088379,0.550000011920929,14049.8662109375,18.66666603088379,4.300000190734863,4.849999904632568,55.150001525878906,18878.333984375,2779.8,1.0196905136108398,25.340120315551758,291.4,1550.7164306640625,1888.6856689453125,0.2837381064891815,981.0571428571428,0,481,1,0,0,41,17,33
0,45.0,0.026225769892334938,267.0,4.0,229.0,2520.0,217.4489795918366,11548.3330078125,22.616666793823242,0.6499999761581421,13775.900390625,18.549999237060547,4.0,4.900000095367432,63.900001525878906,21804.0,2796.885714285714,1.0323809385299683,25.42011833190918,290.4,1547.1387939453125,1891.17138671875,0.28614285588264465,983.4,0,481,1,0,0,21,17,16
0,164.0,0.22805017232894897,267.0,4.0,229.0,3688.0,220.7142857142856,10316.888671875,24.36111068725586,1.0277777910232544,13096.8779296875,18.399999618530273,4.400000095367432,4.722222328186035,58.738887786865234,18226.556640625,2811.5142857142855,1.0654523372650146,25.717144012451172,294.2,1558.145263671875,1876.5714111328125,0.10104761272668839,994.9428571428572,4,481,1,0,0,34,14,57
0,73.0,0.0,267.0,4.0,229.0,7104.0,218.4693877551019,9762.111328125,24.733333587646484,0.4833333492279053,14061.966796875,18.53333282470703,4.433333396911621,4.8222222328186035,58.516666412353516,18447.888671875,2819.0857142857144,1.0731428861618042,25.750356674194336,294.4,1554.2652587890625,1881.6856689453125,0.10845239460468292,994.4285714285714,2,481,1,0,0,24,21,22
0,132.0,0.32839223742485046,267.0,4.0,229.0,3436.0,213.0612244897958,11632.5,27.983333587646484,0.5666666626930237,14045.033203125,19.633333206176758,5.099999904632568,4.650000095367432,51.88333511352539,19340.0,2841.6285714285714,1.0494047403335571,25.649642944335938,300.22857142857146,1561.7691650390625,1869.8857421875,0.2111428678035736,985.2285714285714,3,481,1,0,0,24,18,42
1,143.0,0.1220068410038948,267.0,4.0,229.0,1618.0,214.7959183673468,9965.6669921875,26.350000381469727,0.4833333194255829,15660.966796875,19.683332443237305,4.800000190734863,5.0,50.81666564941406,19760.5,2844.342857142857,1.0518333911895752,25.658096313476562,295.22857142857146,1560.51171875,1880.05712890625,0.11214285343885422,991.0857142857143,1,481,1,0,0,42,17,44
1,225.0,0.0,267.0,4.0,229.0,3080.0,213.20408163265293,10222.5,23.53333282470703,0.9666666388511658,13504.099609375,19.866666793823242,4.5,4.883333206176758,54.45000076293945,19840.333984375,2886.3142857142857,1.0386428833007812,25.525833129882812,294.51428571428573,1564.808837890625,1878.82861328125,0.13671429455280304,989.8571428571429,2,481,1,0,0,41,12,70
0,221.0,0.10262257605791092,267.0,4.0,229.0,3859.0,212.30612244897944,10150.5,27.399999618530273,1.4333332777023315,13354.25,18.799999237060547,4.5,4.599999904632568,55.31666564941406,18133.5,2945.4,1.028666615486145,25.38547706604004,291.51428571428573,1569.7701416015625,1879.4571533203125,0.05516667664051056,992.2285714285714,1,481,1,0,0,34,10,69
0,175.0,0.47548460960388184,267.0,4.0,229.0,5555.0,207.04081632653046,10387.3330078125,27.850000381469727,1.2333333492279053,15338.3330078125,19.983333587646484,4.300000190734863,4.599999904632568,54.150001525878906,20049.333984375,3005.114285714286,1.0317143201828003,25.48642921447754,285.2,1572.0223388671875,1877.5428466796875,-0.263785719871521,1000.5428571428571,4,481,1,0,0,34,17,62
0,205.0,0.0,267.0,4.0,229.0,4036.0,207.04081632653046,10513.8330078125,28.516666412353516,1.899999976158142,18853.767578125,21.21666717529297,5.0,4.699999809265137,51.36666488647461,20535.0,3063.0,1.037928581237793,25.524642944335938,281.0857142857143,1570.864990234375,1879.5999755859375,-0.30188095569610596,1005.6285714285714,0,481,1,0,0,24,27,64
0,220.0,0.15393386781215668,267.0,4.0,229.0,3051.0,204.59183673469374,11402.1669921875,24.549999237060547,1.4500000476837158,14926.7333984375,19.649999618530273,4.199999809265137,4.683333396911621,56.33333206176758,20227.5,3238.657142857143,1.0293333530426025,25.45380973815918,275.6,1576.0494384765625,1868.085693359375,-0.5009047389030457,1011.6571428571428,3,481,1,0,0,31,18,76
0,62.0,0.0809578076004982,267.0,4.0,229.0,1628.0,200.53061224489778,10101.22265625,24.799999237060547,0.7333333492279053,15236.7890625,20.0,4.900000095367432,4.905555248260498,57.49444580078125,18757.943359375,3195.2571428571428,1.0369523763656616,25.438453674316406,276.0,1568.116943359375,1897.228515625,-0.5170952081680298,1012.5714285714286,3,481,1,0,0,24,17,21
1,70.0,0.020524514839053154,267.0,4.0,229.0,2398.0,198.34693877551007,11416.666015625,27.100000381469727,1.505555510520935,15156.033203125,20.327777862548828,4.666666507720947,4.75,53.21666717529297,22526.333984375,3483.0857142857144,1.0225000381469727,25.463214874267578,267.57142857142856,1577.7896728515625,1879.914306640625,-0.6316190361976624,1022.0571428571428,10,481,1,0,0,41,8,22
0,63.0,0.21778790652751923,267.0,4.0,229.0,1391.0,195.46938775510193,10357.5,27.399999618530273,0.21666666865348816,13646.6669921875,18.549999237060547,4.699999809265137,4.949999809265137,56.68333435058594,19144.833984375,3483.0857142857144,1.0225000381469727,25.463214874267578,267.57142857142856,1577.7896728515625,1879.914306640625,-0.6316190361976624,1022.0571428571428,0,481,1,0,0,31,4,23
0,120.0,0.8084378838539124,267.0,4.0,229.0,1185.0,175.10204081632637,12786.0,23.233333587646484,1.8666666746139526,15819.7998046875,21.25,4.599999904632568,4.599999904632568,56.46666717529297,19155.666015625,3583.8,1.0258809328079224,25.635953903198242,262.7142857142857,1595.0333251953125,1866.82861328125,-1.1840475797653198,1040.3142857142857,2,481,1,1,0,21,31,37
0,41.0,0.0,267.0,4.0,229.0,3407.0,171.55102040816314,12374.6669921875,24.683332443237305,2.3499999046325684,15943.9501953125,23.66666603088379,5.199999809265137,5.150000095367432,57.28333282470703,38552.16796875,2563.2,1.0280476808547974,25.86321449279785,278.62857142857143,1617.7498779296875,1830.857177734375,-1.6750714778900146,1041.2285714285715,0,481,1,0,0,41,26,12
0,152.0,0.0,267.0,4.0,229.0,1615.0,170.4693877551019,12296.5,26.566667556762695,2.75,15691.18359375,20.649999618530273,4.800000190734863,4.949999809265137,56.650001525878906,19230.666015625,2554.8571428571427,1.0119047164916992,25.697738647460938,279.7142857142857,1621.612060546875,1799.4285888671875,-1.6240237951278687,1036.5142857142857,3,481,1,0,0,24,10,53
1,120.0,0.4538198411464691,267.0,4.0,229.0,1190.0,170.0816326530611,10445.4443359375,26.900001525878906,0.7666666507720947,14573.310546875,19.794445037841797,4.633333206176758,4.788888931274414,56.511112213134766,19513.333984375,2481.8285714285716,1.0235952138900757,25.785358428955078,273.8285714285714,1596.2645263671875,1825.7142333984375,-1.625666618347168,1032.2,0,481,1,0,0,41,17,38
0,98.0,0.5267959237098694,267.0,4.0,229.0,1089.0,169.2040816326529,12827.0,26.149999618530273,2.6777777671813965,17185.099609375,23.89444351196289,5.833333492279053,4.855555534362793,57.94444274902344,21313.333984375,2445.419047619163,1.023444414138794,25.82912826538086,283.1714285714454,1619.2208251953125,1788.009521484375,-1.4015635251998901,1036.0666666667148,1,481,1,0,0,41,8,42
0,39.0,0.10604333132505417,267.0,4.0,229.0,1743.0,169.3673469387753,10994.6669921875,25.733333587646484,4.266666889190674,16657.900390625,22.183332443237305,5.0,4.800000190734863,56.46666717529297,20063.0,2330.1428571428573,1.0254523754119873,25.915477752685547,295.9428571428571,1619.5657958984375,1750.6285400390625,-0.7831190228462219,1025.8285714285714,1,481,1,0,0,21,2,12
0,152.0,0.1356898546218872,267.0,4.0,229.0,3072.0,168.93877551020393,10026.1669921875,24.733333587646484,1.7666666507720947,15573.2001953125,20.91666603088379,4.900000095367432,4.849999904632568,60.63333511352539,21759.5,2344.6857142857143,1.0293333530426025,25.905357360839844,293.54285714285714,1612.0035400390625,1750.228515625,-0.7756428718566895,1023.9714285714285,2,481,1,0,0,24,27,51
0,157.0,0.4880273640155792,267.0,4.0,229.0,1091.0,166.18367346938757,10111.5,23.233333587646484,3.566666603088379,16761.1171875,23.316667556762695,5.0,4.800000190734863,62.11666488647461,20878.5,2190.9142857142856,1.0263333320617676,25.91583251953125,312.6857142857143,1608.2821044921875,1733.5714111328125,-0.48842859268188477,1003.7714285714286,1,481,1,0,0,42,6,60
0,100.0,0.013683009892702103,267.0,4.0,229.0,2240.0,159.61224489795907,9515.611328125,25.172222137451172,1.0277777910232544,14259.52734375,18.97222328186035,4.099999904632568,4.933333396911621,60.94444274902344,19275.833984375,1944.2857142857142,1.03426194190979,26.04273796081543,336.8285714285714,1583.998046875,1722.3428955078125,-0.2156190574169159,970.6571428571428,0,481,1,0,0,34,8,34
1,207.0,0.07639680802822113,267.0,4.0,229.0,2315.0,155.14285714285703,9033.0,25.133333206176758,2.799999952316284,16323.3330078125,20.899999618530273,4.400000095367432,4.800000190734863,60.86666488647461,20625.333984375,1830.0285714285715,1.0606428384780884,26.179880142211914,352.2857142857143,1584.3916015625,1706.3714599609375,-0.19926191866397858,964.5142857142857,0,481,1,0,0,34,26,72
0,94.0,0.18814139068126678,267.0,4.0,229.0,6179.0,149.04081632653052,11412.0,23.683332443237305,0.949999988079071,15602.2666015625,24.21666717529297,5.599999904632568,5.0,59.18333435058594,24805.333984375,1664.9142857142858,1.0681904554367065,26.311548233032227,369.6,1579.75927734375,1688.7142333984375,-0.21219047904014587,946.3428571428572,4,481,1,0,0,42,6,29
0,123.0,0.20638540387153625,267.0,4.0,229.0,3721.0,143.9183673469387,12481.5,23.149999618530273,2.75,16765.1328125,21.299999237060547,4.900000095367432,4.849999904632568,58.75,22752.666015625,1586.6285714285714,1.0544047355651855,26.24845314025879,378.1142857142857,1584.2479248046875,1683.82861328125,-0.20514285564422607,936.7714285714286,0,481,1,0,0,24,31,50
0,57.0,0.1687571257352829,267.0,4.0,229.0,3192.0,140.51020408163257,12296.5556640625,20.9777774810791,5.1777777671813965,15091.8115234375,23.577777862548828,5.333333492279053,4.933333396911621,61.9444465637207,22664.5546875,1547.3142857142857,1.0452381372451782,26.28178596496582,404.2857142857143,1626.364013671875,1648.5142822265625,-0.2549523711204529,932.1714285714286,9,481,1,1,0,24,8,20
0,100.0,0.34663626551628113,267.0,4.0,229.0,5036.0,138.44897959183663,12318.0,20.03333282470703,4.683333396911621,15906.4501953125,23.28333282470703,5.099999904632568,4.900000095367432,63.36666488647461,22893.5,1546.2571428571428,1.0637381076812744,26.426191329956055,399.8857142857143,1614.7943115234375,1660.05712890625,-0.30088096857070923,936.2285714285714,7,481,1,1,0,24,12,36
0,92.0,0.07297605276107788,267.0,4.0,229.0,12681.0,138.31249999999991,9974.1669921875,20.850000381469727,3.1500000953674316,14574.8837890625,19.350000381469727,4.5,5.050000190734863,64.88333129882812,23244.833984375,1519.9142857142858,1.0797618627548218,26.48214340209961,402.8,1611.1195068359375,1679.228515625,-0.3548571467399597,936.4285714285714,3,481,1,1,0,31,14,41
1,129.0,0.11060433089733124,267.0,4.0,229.0,9567.0,134.81818181818176,9352.6669921875,20.616666793823242,3.9833333492279053,14263.2666015625,18.600000381469727,4.599999904632568,5.099999904632568,65.71666717529297,20045.666015625,1499.3428571428572,1.0955238342285156,26.614404678344727,406.9714285714286,1604.5576171875,1680.4285888671875,-0.3558095395565033,935.2571428571429,5,481,1,1,0,41,11,45
0,85.0,0.0,267.0,4.0,229.0,1660.0,131.10526315789465,10073.0,23.738889694213867,3.500000238418579,14602.5166015625,19.872222900390625,4.766666889190674,5.083333492279053,62.616668701171875,19476.5,1438.3428571428572,1.1103571653366089,26.92630958557129,428.62857142857143,1614.38916015625,1650.5142822265625,-0.3234761953353882,924.0857142857143,3,481,1,0,0,31,9,27
0,106.0,0.32839223742485046,296.0,3.0,271.0,3788.0,215.74418604651143,12731.8330078125,30.516666412353516,3.0833332538604736,16638.333984375,21.549999237060547,4.800000190734863,4.949999809265137,42.900001525878906,18405.5,4609.257142857143,0.9768809676170349,26.68904685974121,175.45714285714286,1377.874267578125,1676.5142822265625,1.2787857055664062,1042.8285714285714,1,482,1,0,0,41,10,51
0,110.0,0.9372861981391907,296.0,3.0,293.0,1057.0,242.04081632653046,10389.4443359375,29.044445037841797,6.272222518920898,15943.4169921875,20.627777099609375,4.133333206176758,4.944444179534912,46.03333282470703,15609.1669921875,4714.285714285715,0.9197618961334229,26.3266658782959,170.28571428571428,1386.7281494140625,1669.0,1.2755476236343384,1031.8,0,476,1,0,1,41,2,51
0,47.0,0.23261117935180664,296.0,3.0,293.0,2260.0,233.40816326530606,10667.5556640625,27.922222137451172,5.861111164093018,17032.93359375,20.63888931274414,3.9666666984558105,4.866666793823242,45.11111068725586,15670.0,4360.771428571428,0.8615952134132385,25.926427841186523,159.37142857142857,1379.826416015625,1660.3143310546875,1.2562142610549927,1018.4571428571429,3,476,1,1,0,31,17,20
0,180.0,0.972633957862854,296.0,3.0,293.0,1025.0,248.1632653061223,14662.0,23.33333396911621,7.75,15788.56640625,18.883333206176758,4.199999809265137,4.949999809265137,50.88333511352539,16457.333984375,3975.4857142857145,0.7855476140975952,25.3028564453125,165.28571428571428,1409.82080078125,1642.6856689453125,0.9964761734008789,994.4,1,476,1,1,0,41,27,84
0,234.0,0.6852907538414001,296.0,3.0,293.0,1620.0,246.65306122448968,13303.5,23.649999618530273,10.100000381469727,15953.650390625,18.933332443237305,4.099999904632568,4.983333110809326,57.5,13953.0,3801.057142857143,0.779785692691803,25.31357192993164,166.0857142857143,1406.8726806640625,1650.4000244140625,0.9279999732971191,990.4285714285714,1,476,1,0,0,31,19,90
0,260.0,0.30102622509002686,296.0,3.0,293.0,1765.0,246.65306122448968,13711.3330078125,23.850000381469727,11.649999618530273,18932.31640625,20.133333206176758,4.599999904632568,5.083333492279053,55.41666793823242,16769.166015625,3801.057142857143,0.779785692691803,25.31357192993164,166.0857142857143,1406.8726806640625,1650.4000244140625,0.9279999732971191,990.4285714285714,1,476,1,0,0,31,17,112
0,150.0,0.5381984114646912,296.0,3.0,293.0,1870.0,251.67346938775492,9016.6669921875,27.0,10.066666603088379,18038.283203125,25.0,4.800000190734863,4.900000095367432,45.733333587646484,22421.166015625,3654.714285714286,0.7901666760444641,25.278095245361328,160.68571428571428,1400.52685546875,1681.857177734375,0.8548809885978699,995.1142857142858,0,476,1,0,0,31,17,56
0,227.0,0.2645381987094879,296.0,3.0,293.0,8555.0,247.89795918367335,17989.5,27.08333396911621,6.983333110809326,17095.18359375,19.516666412353516,4.400000095367432,4.900000095367432,46.54999923706055,18585.833984375,3515.4285714285716,0.7997618913650513,25.33011817932129,164.5142857142857,1407.7100830078125,1679.4285888671875,0.8330238461494446,999.0857142857143,2,476,1,0,0,21,9,81
0,255.0,0.2907639741897583,296.0,3.0,293.0,3533.0,246.87755102040802,13210.666015625,25.755556106567383,5.872222423553467,15903.7060546875,20.58888816833496,3.6666667461395264,4.916666507720947,50.761112213134766,17461.666015625,3411.0,0.7784047722816467,25.24738121032715,166.5142857142857,1418.425048828125,1672.771484375,0.7655237913131714,992.1142857142858,2,476,1,0,0,31,11,115
1,269.0,0.32041049003601074,296.0,3.0,293.0,1302.0,243.34693877551,11301.3330078125,27.633333206176758,5.4666666984558105,14791.349609375,18.483333587646484,3.5999999046325684,4.550000190734863,51.56666564941406,15228.3330078125,2959.342857142857,0.7608809471130371,25.139524459838867,177.11428571428573,1429.21044921875,1665.2857666015625,0.6231666803359985,980.3428571428572,3,476,1,0,0,31,11,103
0,210.0,0.09122006595134735,296.0,3.0,293.0,12232.0,238.6938775510203,14411.0,25.399999618530273,4.388888835906982,15860.578125,18.005556106567383,3.933333396911621,4.800000190734863,56.56666564941406,16294.3330078125,2803.5714285714284,0.7986428737640381,25.29571533203125,176.4857142857143,1423.8984375,1690.2572021484375,0.5877857208251953,990.9142857142857,1,476,1,0,0,42,10,89
0,191.61512422155116,0.1014823243021965,296.0,3.0,293.0,7317.0,239.32653061224474,12300.0,25.016666412353516,3.633333444595337,15895.900390625,19.5,3.799999952316284,4.800000190734863,51.099998474121094,16696.5,2654.8571428571427,0.7729047536849976,25.12047576904297,177.37142857142857,1425.469482421875,1693.0,0.49711906909942627,980.4857142857143,3,476,1,0,0,21,6,75
0,196.0,0.3797035217285156,296.0,3.0,293.0,14213.0,232.10204081632637,12572.6669921875,28.549999237060547,4.183333396911621,15958.6669921875,18.266666412353516,3.9000000953674316,4.7833333015441895,47.483333587646484,15118.6669921875,2475.657142857143,0.7669761776924133,24.994047164916992,182.8,1421.8450927734375,1689.5428466796875,0.46016669273376465,971.2571428571429,1,476,1,0,0,31,7,70
0,166.0,0.009122006595134735,296.0,3.0,293.0,21295.0,226.0816326530611,12749.1669921875,25.899999618530273,3.5833332538604736,15935.7998046875,18.933332443237305,3.5999999046325684,4.900000095367432,48.38333511352539,16672.666015625,2327.9714285714285,0.7561904788017273,24.860118865966797,182.82857142857142,1428.7177734375,1709.4857177734375,0.36485713720321655,972.4857142857143,0,476,1,0,0,21,32,60
0,203.0,0.15849487483501434,296.0,3.0,293.0,25044.0,220.142857142857,10577.5,28.616666793823242,7.650000095367432,16864.93359375,19.399999618530273,3.799999952316284,4.800000190734863,46.68333435058594,17978.333984375,2283.057142857143,0.7470238208770752,24.623689651489258,185.28571428571428,1430.0523681640625,1714.857177734375,0.32288095355033875,964.0571428571428,0,476,1,0,0,31,8,83
0,70.0,0.1550741195678711,296.0,3.0,293.0,26028.0,214.77551020408148,10228.5,27.850000381469727,7.016666889190674,17414.833984375,19.03333282470703,3.799999952316284,4.800000190734863,47.099998474121094,16851.0,2214.0285714285715,0.7608809471130371,24.668214797973633,191.65714285714284,1439.36767578125,1723.2572021484375,0.21952380239963531,967.8857142857142,1,476,1,0,0,21,10,25
0,158.0,0.8893956542015076,296.0,3.0,293.0,25506.0,209.73469387755085,10680.0,30.633333206176758,6.583333492279053,18995.033203125,21.383333206176758,4.400000095367432,5.0,44.45000076293945,19404.166015625,2172.8285714285716,0.754976212978363,24.708213806152344,195.0857142857143,1443.4534912109375,1726.7427978515625,0.19045239686965942,963.3428571428572,2,476,1,0,0,21,22,58
0,54.0,0.11174458265304565,296.0,3.0,293.0,25577.0,202.1428571428569,10768.0,26.75,2.8333332538604736,15532.349609375,19.316667556762695,3.4000000953674316,5.0,48.96666717529297,15715.6669921875,2078.285714285714,0.757023811340332,24.792381286621094,202.4857142857143,1443.2161865234375,1737.857177734375,0.22307144105434418,955.2857142857143,0,476,1,0,0,42,17,20
0,141.0,0.37514254450798035,296.0,3.0,293.0,29862.0,200.04081632653043,10261.8330078125,26.366666793823242,4.75,15932.3837890625,20.83333396911621,4.099999904632568,4.7833333015441895,48.599998474121094,19301.333984375,2055.0285714285715,0.7612380981445312,24.846071243286133,205.8,1448.324462890625,1744.085693359375,0.18826189637184143,957.0285714285715,1,476,1,0,0,21,17,55
0,63.0,0.007981755770742893,296.0,3.0,293.0,26545.0,197.57142857142838,9012.5,27.866666793823242,2.299999952316284,16202.1669921875,18.233333587646484,3.5,5.0,48.20000076293945,16318.3330078125,2115.7428571428572,0.762499988079071,24.87821388244629,201.77142857142857,1450.3402099609375,1769.6285400390625,0.14530950784683228,960.8571428571429,1,476,1,0,0,41,8,23
0,195.0,0.26681870222091675,296.0,3.0,293.0,24361.0,198.44897959183652,10084.3330078125,30.266666412353516,10.550000190734863,16595.30078125,20.866666793823242,4.199999809265137,4.949999809265137,45.53333282470703,20150.666015625,2147.4285714285716,0.7580237984657288,24.774761199951172,201.2,1452.525634765625,1773.6571044921875,0.134547621011734,960.6571428571428,0,476,1,0,0,21,32,72
0,160.0,0.32611173391342163,296.0,3.0,293.0,27665.0,200.44897959183652,10646.3330078125,30.766666412353516,3.616666555404663,14337.0830078125,17.799999237060547,3.799999952316284,4.75,44.66666793823242,16238.0,2255.6285714285714,0.7694761753082275,24.961071014404297,204.88571428571427,1455.4010009765625,1789.857177734375,0.06319048255681992,963.3714285714286,1,476,1,0,0,31,7,66
0,175.0,0.18129988014698029,296.0,3.0,293.0,26334.0,199.87755102040802,10397.0,26.483333587646484,2.883333444595337,15171.150390625,19.116666793823242,3.700000047683716,4.800000190734863,49.400001525878906,16525.5,2237.342857142857,0.7751666903495789,24.98130989074707,212.14285714285714,1460.2666015625,1764.3143310546875,0.06878572702407837,963.2857142857143,3,476,1,0,0,31,22,75
0,118.0,0.027366019785404205,296.0,3.0,293.0,25835.0,201.5306122448978,9647.0,27.983333587646484,2.8333332538604736,16174.650390625,19.649999618530273,3.700000047683716,4.983333110809326,48.46666717529297,15559.5,2326.942857142857,0.7701190710067749,24.95702362060547,210.88571428571427,1464.5318603515625,1793.5999755859375,-0.007333347573876381,963.8571428571429,1,476,1,0,0,34,18,46
0,105.0,0.3238312304019928,296.0,3.0,293.0,14966.0,210.16326530612218,11562.3330078125,24.41666603088379,6.25,16905.599609375,19.299999237060547,3.700000047683716,5.0,51.483333587646484,17668.0,2439.6285714285714,0.7696190476417542,24.968334197998047,207.54285714285714,1464.5523681640625,1824.2857666015625,-0.06397620588541031,965.2857142857143,2,476,1,0,0,41,3,39
0,152.0,0.034207526594400406,296.0,3.0,293.0,12153.0,208.2857142857141,9269.8330078125,26.483333587646484,3.549999952316284,15718.283203125,19.350000381469727,3.5999999046325684,4.949999809265137,50.96666717529297,16675.166015625,2473.2285714285713,0.7649999856948853,24.829166412353516,208.88571428571427,1462.7977294921875,1789.199951171875,-0.09678570181131363,963.2857142857143,6,476,1,0,0,24,6,64
0,142.0,0.42759406566619873,296.0,3.0,293.0,8606.0,212.3673469387753,12235.111328125,23.733333587646484,5.083333492279053,14962.244140625,19.700000762939453,3.799999952316284,4.949999809265137,47.56666564941406,15494.6669921875,2636.114285714286,0.7691190242767334,24.896190643310547,206.54285714285714,1469.8531494140625,1799.82861328125,-0.16985714435577393,971.5142857142857,6,476,1,0,0,41,6,57
1,153.0,0.03990878164768219,296.0,3.0,293.0,12786.0,217.22448979591812,14915.6669921875,23.733333587646484,2.4833333492279053,15344.716796875,18.850000381469727,4.400000095367432,4.800000190734863,47.88333511352539,17536.5,2718.342857142857,0.7803809642791748,25.015714645385742,205.88571428571427,1471.8516845703125,1817.5714111328125,-0.19080954790115356,976.4571428571429,0,476,1,0,0,31,34,58
