floodable_forests,biomass,sur_cover,dist,nearest_mature,cec,clay,cfvo,nitro,ocd,ocs,phh2o,sand,soc,mean_soil,mean_vpd,mean_temp,mean_def,mean_srad,mean_pr,mean_pdsi,mean_aet,num_fires,ecoreg,biome,indig,protec,topography,age,sd
0,185.0,0.1961231529712677,15188.0,185.57142857142853,7502.33349609375,42.16666793823242,5.050000190734863,17680.466796875,21.33333396911621,3.700000047683716,4.683333396911621,30.633333206176758,19035.0,3735.3142857142857,0.8630238175392151,25.94333267211914,282.8857142857143,1619.5648193359375,1581.5428466796875,-0.9553571343421936,1031.1142857142856,5,508,1,0,0,31,11,78
0,123.0,0.0,21908.0,185.16326530612244,7702.27783203125,49.3055534362793,7.477777481079102,18796.078125,21.711111068725586,3.6666667461395264,4.733333110809326,15.094444274902344,18650.888671875,3780.7714285714287,0.8652142882347107,26.002975463867188,283.8,1618.01318359375,1558.5714111328125,-0.9804285764694214,1030.5714285714287,0,508,1,0,0,24,5,49
0,69.0,0.0,24146.0,183.06122448979588,10427.5,41.983333587646484,5.116666793823242,17865.900390625,21.53333282470703,3.700000047683716,5.0,28.600000381469727,19129.166015625,3844.3714285714286,0.8987143039703369,26.244762420654297,287.4,1623.6417236328125,1554.028564453125,-1.0223571062088013,1039.6,5,508,1,0,0,31,4,30
0,134.0,0.24857468903064728,23311.0,180.61224489795916,9943.8330078125,35.81666564941406,4.483333110809326,17857.650390625,20.566667556762695,3.299999952316284,4.766666889190674,42.233333587646484,18954.666015625,3942.2285714285713,0.9321666955947876,26.527618408203125,296.77142857142854,1629.5301513671875,1504.2572021484375,-1.0838571786880493,1041.8,0,508,1,0,0,31,8,58
0,145.0,0.2770809531211853,22691.0,178.55102040816325,9277.3330078125,37.86666488647461,6.983333110809326,17927.8671875,22.0,3.4000000953674316,5.0,37.21666717529297,21466.333984375,4181.342857142857,0.9017618894577026,26.128929138183594,292.8857142857143,1639.488525390625,1491.4000244140625,-1.0972380638122559,1039.2285714285715,3,508,1,0,0,21,5,55
0,173.0,0.0057012541219592094,24941.0,175.265306122449,9316.4443359375,43.46666717529297,6.400000095367432,19386.5390625,22.666667938232422,3.299999952316284,4.883333206176758,34.227779388427734,20466.833984375,4259.857142857143,0.8699761629104614,25.752023696899414,293.57142857142856,1649.9090576171875,1466.6571044921875,-1.1140000820159912,1030.4285714285713,2,508,1,0,0,41,11,66
0,129.0,0.0,28904.0,171.2448979591837,11958.1669921875,41.03333282470703,5.599999904632568,17761.650390625,23.25,3.5,4.883333206176758,36.599998474121094,20739.166015625,4518.142857142857,0.9107618927955627,26.230833053588867,297.22857142857146,1645.512939453125,1425.4571533203125,-1.2798571586608887,1032.4571428571428,4,508,1,0,0,21,5,65
0,125.0,0.0,32767.0,169.06122448979596,10788.5,41.75,5.833333492279053,20016.416015625,22.549999237060547,3.5,4.699999809265137,39.400001525878906,24632.0,4598.714285714285,0.9226904511451721,26.233572006225586,297.57142857142856,1645.3670654296875,1411.6571044921875,-1.3276666402816772,1034.6857142857143,2,508,1,0,0,31,2,56
0,182.0,0.32041049003601074,32767.0,171.24489795918362,9190.6669921875,33.266666412353516,6.650000095367432,17144.583984375,23.183332443237305,3.200000047683716,4.800000190734863,46.599998474121094,22465.666015625,4617.057142857143,0.9535952210426331,26.6540470123291,306.7142857142857,1653.1591796875,1401.82861328125,-1.3814524412155151,1041.5714285714287,1,540,1,0,0,41,14,70
0,174.0,0.2018243968486786,30412.0,167.1632653061225,8279.0,40.46666717529297,6.516666889190674,20302.900390625,23.75,3.0999999046325684,4.816666603088379,40.95000076293945,19641.0,4823.114285714286,0.9045476317405701,26.012142181396484,304.1142857142857,1659.376708984375,1368.914306640625,-1.4289047718048096,1026.6857142857143,2,540,1,0,0,31,35,67
0,,0.02508551813662052,27059.0,167.1632653061225,11015.3330078125,35.56666564941406,9.5,16857.5,22.549999237060547,3.0999999046325684,5.050000190734863,40.016666412353516,24609.666015625,4857.057142857143,0.9267857074737549,26.25238037109375,299.9714285714286,1649.8165283203125,1381.7142333984375,-1.4469047784805298,1032.6285714285714,2,540,1,0,0,42,7,
0,145.0,0.007981755770742893,26270.0,171.40816326530606,9274.0,47.41666793823242,7.666666507720947,18751.43359375,24.600000381469727,2.4000000953674316,4.699999809265137,34.36666488647461,21914.0,4912.6,0.9038571715354919,26.104881286621094,304.9714285714286,1661.08447265625,1360.7142333984375,-1.5396428108215332,1023.7428571428571,0,540,1,0,0,21,30,72
0,120.0,0.04789053648710251,22760.0,168.24489795918367,9479.0,50.04999923706055,7.25,19722.6328125,23.91666603088379,2.700000047683716,4.7166666984558105,28.649999618530273,24122.0,5031.5142857142855,0.9050000309944153,26.011072158813477,314.9428571428571,1680.426513671875,1322.6856689453125,-1.6796190738677979,1020.7714285714286,1,540,1,0,0,31,9,46
0,141.0,0.07639680802822113,17321.0,169.97959183673464,9675.111328125,48.161109924316406,6.7166666984558105,21864.48828125,25.422222137451172,2.566666603088379,4.800000190734863,30.255556106567383,21463.888671875,5222.942857142857,0.9217857122421265,26.13595199584961,316.9142857142857,1672.944580078125,1300.7427978515625,-1.7895714044570923,1020.2,2,540,1,0,0,21,8,54
0,77.0,0.20752565562725067,14428.0,170.99999999999994,9844.3330078125,40.983333587646484,6.616666793823242,17995.599609375,23.71666717529297,2.700000047683716,4.916666507720947,36.266666412353516,19497.666015625,5183.742857142857,0.9402619004249573,26.313215255737305,319.77142857142854,1679.1754150390625,1305.3428955078125,-1.833547592163086,1022.6571428571428,2,540,1,0,0,21,15,29
0,161.0,0.23945267498493195,7243.0,171.51020408163257,12889.3330078125,43.43333435058594,6.066666603088379,19067.900390625,23.733333587646484,2.799999952316284,4.900000095367432,32.733333587646484,20732.666015625,5238.714285714285,0.918666660785675,26.044404983520508,321.1714285714286,1681.0748291015625,1294.8857421875,-1.8516905307769775,1013.2285714285714,2,540,1,0,0,21,12,63
0,169.0,0.1356898546218872,4322.0,172.08163265306112,11499.0,50.733333587646484,7.2833333015441895,22138.533203125,24.866666793823242,3.0999999046325684,5.016666889190674,23.75,23971.5,5291.571428571428,0.9032142758369446,25.734405517578125,325.2,1699.28173828125,1280.4857177734375,-1.961142897605896,1012.3428571428572,1,540,1,0,0,31,26,90
0,138.0,0.02508551813662052,13173.0,172.48979591836718,9611.6669921875,53.599998474121094,9.350000381469727,22776.666015625,27.41666603088379,2.799999952316284,4.916666507720947,21.33333396911621,27046.0,5540.2,0.8999524116516113,25.597856521606445,322.3142857142857,1696.4248046875,1273.8857421875,-2.067309617996216,1006.0571428571428,1,540,1,0,0,41,7,53
0,154.0,0.5313568711280823,20248.0,172.83673469387736,10113.1669921875,48.733333587646484,10.533333778381348,21042.767578125,24.566667556762695,2.5,4.900000095367432,31.733333587646484,23691.833984375,5572.542857142857,0.9411190748214722,25.93130874633789,327.0571428571429,1691.13916015625,1273.6856689453125,-2.1907856464385986,1008.6857142857143,1,540,1,0,0,31,11,60
0,73.0,0.2428734302520752,13685.0,173.51020408163242,10367.6669921875,35.733333587646484,13.116666793823242,19904.6328125,23.366666793823242,3.299999952316284,5.300000190734863,42.66666793823242,27063.333984375,5474.142857142857,0.9836666584014893,26.387142181396484,338.7142857142857,1697.168212890625,1263.1142578125,-2.30400013923645,1012.4857142857143,2,540,1,0,0,31,27,33
0,153.0,0.05587229132652283,7142.0,173.02083333333312,11456.5,44.016666412353516,8.466666221618652,25603.44921875,25.71666717529297,3.0,5.199999809265137,34.91666793823242,23478.5,5240.4,0.9984285831451416,26.46416664123535,343.0571428571429,1701.9344482421875,1288.971435546875,-2.2994284629821777,1013.1714285714286,1,540,1,0,0,21,23,58
0,130.0,0.1014823243021965,7017.0,173.29545454545433,10588.388671875,38.0444450378418,9.355555534362793,19618.02734375,24.53333282470703,2.4666666984558105,5.083333492279053,36.866668701171875,24711.166015625,5218.028571428571,1.006357192993164,26.50928497314453,343.9142857142857,1697.6915283203125,1292.8857421875,-2.325023889541626,1011.7428571428571,1,540,1,0,0,21,9,51
1,319.0,0.2907639741897583,4158.0,292.5306122448978,,,,,,,,,,654.4571428571429,0.6852856874465942,26.36380958557129,9.6,1287.8446044921875,2664.428466796875,-0.2203809767961502,1022.2571428571429,0,505,1,1,0,42,11,112
0,335.0,0.9384264349937439,1041.0,306.1836734693875,13766.333984375,31.30555534362793,3.5166666507720947,22861.876953125,25.74444580078125,5.133333206176758,4.25,17.25,57566.0,702.1428571428571,0.6867856979370117,26.269166946411133,11.82857142857143,1304.3060302734375,2609.028564453125,-0.4576428532600403,1031.9714285714285,0,505,1,1,0,21,35,156
0,273.0,0.9498289823532104,1027.0,301.816326530612,13474.3330078125,34.483333587646484,2.9000000953674316,23070.767578125,26.149999618530273,5.099999904632568,4.349999904632568,21.25,38116.83203125,726.2285714285714,0.6977618932723999,26.332618713378906,14.057142857142857,1310.2122802734375,2581.028564453125,-0.5522381067276001,1036.0,0,505,1,1,0,21,34,127
1,438.0,0.026225769892334938,4617.0,292.30612244897947,13384.3330078125,34.266666412353516,0.5,25787.56640625,27.83333396911621,5.599999904632568,4.183333396911621,12.933333396911621,45072.33203125,813.9142857142857,0.7323333024978638,26.618690490722656,31.485714285714284,1327.8607177734375,2537.0,-0.8463809490203857,1043.1714285714286,0,505,1,1,0,31,30,178
1,384.0,0.01824401319026947,2157.0,301.40816326530586,,,,,,,,,36640.66796875,921.0571428571428,0.6219761967658997,26.39214324951172,25.428571428571427,1334.550048828125,2599.28564453125,-1.1869761943817139,1036.0285714285715,0,496,1,0,0,31,23,126
0,191.0,0.9589509963989258,1041.0,294.36734693877537,15353.6669921875,31.233333587646484,0.7166666388511658,20004.0,27.96666717529297,5.599999904632568,4.083333492279053,36.18333435058594,33686.33203125,921.6857142857143,0.5981904864311218,26.245832443237305,21.6,1326.521728515625,2612.857177734375,-1.0239523649215698,1028.942857142857,0,474,1,1,0,34,24,86
0,331.0,0.8711516261100769,1134.0,281.6938775510202,17191.0,37.53333282470703,1.600000023841858,20071.400390625,29.399999618530273,5.300000190734863,4.150000095367432,29.21666717529297,31010.666015625,953.5142857142857,0.602642834186554,26.464881896972656,23.228571428571428,1322.463623046875,2592.514404296875,-0.8784524202346802,1027.6857142857143,0,496,1,1,0,34,27,151
1,246.0,0.28164196014404297,1241.0,261.9999999999998,19511.166015625,29.366666793823242,2.049999952316284,22375.017578125,30.516666412353516,6.300000190734863,4.083333492279053,26.433332443237305,32303.833984375,1004.0285714285715,0.5985000133514404,26.55500030517578,23.914285714285715,1326.226318359375,2570.3427734375,-0.5859761834144592,1029.7714285714285,0,474,1,0,0,42,31,112
0,298.9487447608801,0.32839223742485046,1212.0,255.04081632653038,18171.5,29.450000762939453,2.0,20670.416015625,28.28333282470703,6.0,4.183333396911621,23.75,22484.333984375,1058.2285714285715,0.6019999980926514,26.61380958557129,24.34285714285714,1329.54150390625,2572.085693359375,-0.3058333396911621,1033.4857142857143,0,474,1,0,0,21,26,130
0,303.0,0.11402508616447449,12511.0,254.81632653061206,18077.166015625,28.049999237060547,2.7666666507720947,20716.716796875,27.383333206176758,5.800000190734863,4.233333110809326,24.149999618530273,32640.0,1099.4857142857143,0.614476203918457,26.76654815673828,25.942857142857143,1329.357666015625,2563.685791015625,-0.1524999886751175,1036.4857142857143,0,474,1,0,0,31,35,108
0,260.0,0.8198403716087341,1108.0,263.7142857142855,18221.666015625,27.883333206176758,3.1500000953674316,24506.982421875,32.54999923706055,5.900000095367432,4.0333333015441895,33.900001525878906,33392.83203125,1193.3142857142857,0.6035000085830688,26.66797637939453,25.285714285714285,1329.4368896484375,2577.142822265625,0.051476169377565384,1034.1142857142856,0,474,1,0,0,21,35,117
0,325.0,0.946408212184906,1223.0,264.9999999999999,17293.666015625,31.350000381469727,1.5499999523162842,21384.599609375,28.616666793823242,6.0,4.183333396911621,31.83333396911621,26405.0,1203.3714285714286,0.6046904921531677,26.67523765563965,25.457142857142856,1329.180419921875,2582.028564453125,0.09807141870260239,1034.1142857142856,0,474,1,0,0,21,35,146
0,54.0,0.9042189121246338,1051.0,281.7959183673467,19437.0,31.25,1.7666666507720947,20337.916015625,29.049999237060547,5.400000095367432,4.233333110809326,32.29999923706055,26091.333984375,1241.0857142857142,0.6083095073699951,26.71666717529297,26.514285714285716,1326.90087890625,2572.771484375,0.22630950808525085,1032.9142857142858,0,474,1,0,0,42,18,24
0,67.0,0.9680729508399963,1041.0,281.2244897959182,19272.333984375,31.450000762939453,2.8333332538604736,24481.0,31.983333587646484,5.300000190734863,4.2833333015441895,27.366666793823242,27186.666015625,1323.857142857143,0.6150237917900085,26.827024459838867,32.42857142857143,1335.864990234375,2501.60009765625,0.583380937576294,1035.9142857142858,0,474,1,0,0,42,8,30
0,275.0,0.9623717069625854,1027.0,284.6938775510203,19076.0,32.516666412353516,1.5499999523162842,19264.6328125,28.649999618530273,5.599999904632568,4.183333396911621,24.66666603088379,25314.0,1366.942857142857,0.6195476055145264,26.869762420654297,34.4,1336.189697265625,2478.571533203125,0.6705238223075867,1035.3142857142857,0,474,1,0,0,42,6,122
0,372.0,0.704675018787384,1254.0,296.020408163265,17069.666015625,32.650001525878906,1.9333332777023315,19083.732421875,25.383333206176758,4.699999809265137,4.133333206176758,25.200000762939453,19980.333984375,1452.4,0.6289761662483215,27.005475997924805,43.08571428571429,1347.150634765625,2331.085693359375,0.7812857031822205,1036.4857142857143,0,474,1,0,0,41,9,162
1,177.0,0.44925883412361145,1229.0,292.61224489795893,14529.1669921875,32.79999923706055,1.4333332777023315,18391.18359375,25.83333396911621,4.800000190734863,4.083333492279053,21.78333282470703,21395.833984375,1461.0857142857142,0.628261923789978,27.00428581237793,44.68571428571428,1349.2916259765625,2329.771484375,0.7954047918319702,1035.942857142857,0,474,1,0,0,42,19,74
1,201.0,0.05473203957080841,2069.0,283.7346938775508,22927.666015625,33.77777862548828,2.383333444595337,19721.19921875,27.011110305786133,4.866666793823242,4.166666507720947,15.59999942779541,32131.5,1504.0285714285715,0.6318333148956299,27.084524154663086,47.51428571428571,1359.614013671875,2340.314208984375,0.739642858505249,1040.857142857143,0,474,1,0,0,42,28,89
0,274.0,0.8244013786315918,1059.0,274.6734693877549,17498.0,32.349998474121094,2.183333396911621,17686.333984375,26.16666603088379,4.900000095367432,4.083333492279053,15.416666984558105,21664.0,1678.942857142857,0.6272857189178467,27.061904907226562,52.885714285714286,1389.086181640625,2403.685791015625,0.5970714092254639,1051.4571428571428,0,474,1,0,0,41,21,122
1,136.0,0.2291904240846634,1449.0,271.8775510204079,19675.833984375,38.099998474121094,1.3166667222976685,17840.666015625,24.816667556762695,4.699999809265137,4.150000095367432,19.850000381469727,22500.666015625,1637.2,0.6286190152168274,27.118452072143555,53.714285714285715,1393.01953125,2345.05712890625,0.6304285526275635,1054.7714285714285,1,474,1,0,0,31,8,54
1,279.0,0.3534777760505676,2070.0,270.93877551020387,19181.333984375,38.70000076293945,1.7833333015441895,18845.81640625,25.883333206176758,4.400000095367432,4.183333396911621,15.550000190734863,22327.333984375,1715.942857142857,0.6369524002075195,27.167142868041992,53.6,1390.246337890625,2385.971435546875,0.6280238032341003,1053.3714285714286,0,474,1,0,0,41,18,113
1,129.0,0.46978336572647095,1055.0,269.06122448979573,20645.833984375,40.25,3.066666603088379,21189.982421875,26.516666412353516,4.900000095367432,4.166666507720947,16.33333396911621,36770.5,1721.5428571428572,0.6290237903594971,27.15654754638672,51.77142857142857,1396.7109375,2358.257080078125,0.678928554058075,1058.857142857143,0,496,1,0,0,41,10,57
1,154.0,0.0057012541219592094,13457.0,243.44897959183652,18236.0,30.950000762939453,5.7166666984558105,16939.93359375,24.83333396911621,4.599999904632568,4.383333206176758,11.966666221618652,34609.83203125,1848.0857142857142,0.6806904673576355,27.36833381652832,59.17142857142857,1429.994140625,2442.742919921875,0.5985952019691467,1081.5142857142857,0,482,1,1,0,21,3,57
0,110.0,0.0,4276.0,241.5918367346936,19046.666015625,31.383333206176758,4.75,19141.833984375,25.133333206176758,4.400000095367432,4.383333206176758,10.033333778381348,30768.0,1925.8285714285714,0.7047380805015564,27.43511962890625,57.68571428571428,1430.53369140625,2485.0,0.5822857022285461,1088.942857142857,0,482,1,0,1,41,21,47
1,136.0,0.028506271541118622,7729.0,243.2040816326528,23310.666015625,30.41666603088379,6.199999809265137,23315.30078125,29.350000381469727,5.900000095367432,4.483333110809326,10.716666221618652,36050.0,1958.6857142857143,0.7129047513008118,27.475238800048828,60.714285714285715,1433.2724609375,2469.028564453125,0.5868333578109741,1089.2,0,482,1,0,0,21,2,45
1,267.0,0.4253135621547699,1434.0,243.7959183673467,19145.0,39.650001525878906,4.400000095367432,20462.05078125,23.866666793823242,5.199999809265137,4.2833333015441895,18.983333587646484,32744.5,2289.057142857143,0.7592856884002686,27.576904296875,62.2,1430.0487060546875,2484.6572265625,0.5531904697418213,1095.5142857142857,0,497,1,0,0,41,18,88
1,271.0,0.06271379441022873,2214.0,242.95918367346914,16479.666015625,34.71666717529297,3.183333396911621,18376.3671875,24.25,5.099999904632568,4.083333492279053,15.433333396911621,31800.333984375,2320.2571428571428,0.7658809423446655,27.586191177368164,63.02857142857143,1428.2177734375,2484.428466796875,0.5236666798591614,1093.7142857142858,1,497,1,0,1,21,31,103
0,,0.7286202907562256,2369.0,235.04081632653043,16501.833984375,37.28333282470703,2.9666666984558105,21398.3671875,23.566667556762695,4.699999809265137,4.083333492279053,17.200000762939453,23162.333984375,2510.4857142857145,0.7840714454650879,27.546072006225586,71.14285714285714,1414.403076171875,2467.94287109375,0.42750000953674316,1082.057142857143,0,497,1,1,0,24,2,
0,,0.7616875767707825,1093.0,234.36734693877534,14394.3330078125,41.21666717529297,0.949999988079071,18162.599609375,23.16666603088379,4.599999904632568,4.050000190734863,11.100000381469727,21278.666015625,2603.6857142857143,0.7911428809165955,27.531190872192383,77.22857142857143,1415.055908203125,2405.60009765625,0.3948095142841339,1076.5142857142857,1,497,1,1,0,24,2,
1,161.0,0.01824401319026947,2284.0,240.7346938775508,16593.0,34.46666717529297,4.866666793823242,20048.349609375,23.75,4.699999809265137,4.233333110809326,17.41666603088379,26749.5,2790.0857142857144,0.8189761638641357,27.587976455688477,81.85714285714286,1408.58837890625,2279.45703125,0.47654762864112854,1072.0,0,497,1,1,0,21,21,69
0,165.0,0.38198402523994446,1751.0,244.99999999999977,13729.1669921875,35.33333206176758,4.416666507720947,17405.55078125,22.516666412353516,4.900000095367432,4.083333492279053,24.116666793823242,22489.333984375,2831.114285714286,0.8240476250648499,27.599523544311523,82.48571428571428,1409.084716796875,2259.82861328125,0.4796428680419922,1072.5142857142857,0,497,1,1,0,31,3,73
1,191.0,0.026225769892334938,2534.0,247.93877551020387,,,,,,,,,,2858.942857142857,0.8427380919456482,27.70833396911621,85.42857142857143,1423.2171630859375,2194.82861328125,0.5229047536849976,1082.4857142857143,0,482,1,0,0,21,1,66
1,356.4791334376101,0.0034207524731755257,2898.0,252.0204081632651,18559.333984375,40.38333511352539,4.016666889190674,19691.267578125,24.46666717529297,4.800000190734863,4.183333396911621,26.266666412353516,33156.5,2874.6,0.8391190767288208,27.680118560791016,84.28571428571429,1413.8939208984375,2198.3427734375,0.5259761810302734,1077.7428571428572,0,482,1,0,0,34,1,134
1,205.0,0.32725200057029724,1740.0,259.0408163265304,14031.3330078125,35.766666412353516,4.633333206176758,16067.2666015625,22.516666412353516,4.800000190734863,4.133333206176758,30.96666717529297,21168.333984375,2943.8285714285716,0.8435476422309875,27.582738876342773,81.65714285714286,1398.4508056640625,2179.428466796875,0.5228809714317322,1070.2,0,476,1,0,0,31,8,92
1,188.0,0.0034207524731755257,2310.0,261.9387755102038,17324.0,35.68333435058594,5.616666793823242,19065.3828125,24.100000381469727,4.900000095367432,4.233333110809326,33.25,27549.666015625,2954.114285714286,0.8433095216751099,27.578332901000977,82.54285714285714,1401.162109375,2154.257080078125,0.5308095216751099,1071.0,3,476,1,0,0,31,4,87
1,48.0,0.2633979618549347,1286.0,265.5306122448977,12653.6669921875,39.93333435058594,3.3333332538604736,18702.5,23.41666603088379,4.900000095367432,4.050000190734863,28.96666717529297,19472.333984375,2980.2285714285713,0.852904736995697,27.596071243286133,83.97142857142858,1400.861083984375,2158.085693359375,0.5430952310562134,1071.6571428571428,2,476,1,1,0,31,10,23
1,290.0,0.4446978271007538,1223.0,268.6734693877549,13574.5,40.95000076293945,2.3499999046325684,15434.5830078125,23.183332443237305,4.300000190734863,4.050000190734863,35.36666488647461,17871.166015625,2963.2285714285713,0.8718571662902832,27.7115478515625,93.14285714285714,1417.7205810546875,2167.628662109375,0.5186904668807983,1076.942857142857,0,476,1,1,0,31,25,113
1,215.0,0.4116305708885193,1364.0,293.67346938775495,13548.3330078125,41.54999923706055,7.199999809265137,19176.099609375,23.866666793823242,4.800000190734863,4.099999904632568,26.58333396911621,19326.166015625,3005.1714285714284,0.8804523944854736,27.566070556640625,93.62857142857143,1384.94091796875,2293.54296875,0.4461905062198639,1058.3428571428572,1,476,1,1,0,41,18,81
0,319.0,0.5621436834335327,1165.0,305.87755102040785,11328.0,35.5,3.5333333015441895,16230.7998046875,22.983333587646484,5.0,4.199999809265137,38.43333435058594,18102.0,2932.4285714285716,0.909428596496582,27.730119705200195,105.82857142857142,1397.213623046875,2401.571533203125,0.3994523882865906,1060.8,0,476,1,0,0,31,16,156
0,208.0,0.47092360258102417,1697.0,316.7142857142855,15136.0,38.46666717529297,4.183333396911621,20309.533203125,22.33333396911621,4.300000190734863,4.183333396911621,32.75,19052.333984375,2809.885714285714,0.9072380661964417,27.639760971069336,113.74285714285715,1412.2130126953125,2386.371337890625,0.3919999897480011,1059.8285714285714,0,476,1,0,1,41,9,99
0,146.0,0.5781071782112122,1051.0,315.26530612244886,16014.3330078125,39.483333587646484,5.650000095367432,21548.267578125,24.133333206176758,4.599999904632568,4.183333396911621,33.20000076293945,30860.0,2744.1714285714284,0.8990238308906555,27.52618980407715,110.0,1400.71044921875,2366.39990234375,0.3156428337097168,1055.4857142857143,0,476,1,0,1,41,15,64
0,48.0,0.4184720516204834,1137.0,315.26530612244886,13262.6669921875,36.33333206176758,3.549999952316284,19180.400390625,24.116666793823242,4.766666889190674,4.333333492279053,36.58333206176758,24718.111328125,2744.1714285714284,0.8990238308906555,27.52618980407715,110.0,1400.71044921875,2366.39990234375,0.3156428337097168,1055.4857142857143,3,476,1,0,1,41,9,25
0,443.0,0.7537057995796204,1167.0,312.7959183673467,13574.8330078125,40.70000076293945,2.950000047683716,19091.5,23.41666603088379,4.5,4.199999809265137,30.91666603088379,20750.166015625,2494.8571428571427,0.8655475974082947,27.34000015258789,111.57142857142857,1420.5087890625,2255.085693359375,0.11216667294502258,1061.4857142857143,0,476,1,1,1,42,30,215
0,213.0,0.7502850890159607,1215.0,309.10204081632634,13008.5,38.233333587646484,3.933333396911621,17529.05078125,22.58333396911621,4.900000095367432,4.25,32.849998474121094,20659.5,2454.5142857142855,0.8590238094329834,27.305238723754883,105.4,1422.71142578125,2225.28564453125,0.1477142870426178,1067.1142857142856,0,476,1,1,1,41,28,101
1,60.0,0.02166476659476757,1630.0,306.81632653061195,11907.6669921875,38.33333206176758,3.0333333015441895,16122.5,22.78333282470703,4.699999809265137,4.25,33.233333587646484,39077.66796875,2337.4285714285716,0.8628809452056885,27.363691329956055,111.42857142857143,1466.0050048828125,2142.742919921875,0.17742858827114105,1088.6,0,476,1,1,0,31,6,27
0,262.0,0.9429874420166016,1070.0,303.2244897959181,12801.6669921875,42.78333282470703,4.183333396911621,16275.6337890625,21.96666717529297,4.400000095367432,4.183333396911621,31.433332443237305,21628.666015625,2325.9714285714285,0.850857138633728,27.231428146362305,106.91428571428571,1459.8753662109375,2113.771484375,0.19616664946079254,1085.2,0,507,1,1,1,31,33,105
0,110.0,0.5051311254501343,1085.0,299.5170068027208,,,,,,,,,,2314.6,0.8591428399085999,27.358928680419922,109.05714285714286,1473.5699462890625,2085.914306640625,0.19726189970970154,1095.1714285714286,0,476,1,1,1,31,30,49
0,285.0,0.36944127082824707,1882.0,298.81632653061195,12816.6669921875,40.733333587646484,4.449999809265137,18766.75,23.53333282470703,4.599999904632568,4.183333396911621,31.78333282470703,21591.833984375,2371.8,0.8474761843681335,27.191904067993164,94.02857142857142,1436.0233154296875,2109.3427734375,0.18540477752685547,1083.942857142857,2,507,1,0,0,31,9,114
0,322.0,0.3911060392856598,5515.0,301.9591836734691,11921.0,39.099998474121094,7.5,20226.5,27.83333396911621,5.5,4.25,31.33333396911621,24682.5,2368.7428571428572,0.8255476355552673,26.85416603088379,97.8,1440.093994140625,2151.60009765625,0.17173810303211212,1076.057142857143,3,507,1,0,0,21,3,149
0,106.0,0.285062700510025,6205.0,295.4285714285713,12107.6669921875,38.349998474121094,2.633333444595337,25244.517578125,23.399999618530273,4.5,4.349999904632568,30.299999237060547,20677.666015625,2377.4857142857145,0.8244285583496094,26.818214416503906,98.71428571428571,1437.9827880859375,2185.3427734375,0.16249999403953552,1075.0285714285715,2,507,1,0,0,21,8,46
0,297.0,0.0741163045167923,10578.0,304.20408163265284,11106.8330078125,40.11666488647461,7.166666507720947,18970.333984375,27.46666717529297,6.0,4.25,30.066667556762695,22387.0,2405.5714285714284,0.8147618770599365,26.62071418762207,96.77142857142857,1434.632080078125,2229.857177734375,0.1490476131439209,1071.0,2,507,1,0,0,31,20,111
0,233.0,0.7309008240699768,5099.0,308.40816326530586,12890.1669921875,35.266666412353516,5.316666603088379,16419.3828125,21.483333587646484,4.400000095367432,4.25,31.366666793823242,18857.0,2382.3714285714286,0.8393809795379639,27.11642837524414,108.37142857142857,1447.6536865234375,2205.71435546875,0.1036190539598465,1075.942857142857,0,507,1,0,0,31,25,87
0,187.0,0.5826681852340698,2473.0,309.612244897959,13153.0,34.45000076293945,3.2666666507720947,17688.69921875,22.28333282470703,4.599999904632568,4.199999809265137,33.21666717529297,21912.0,2438.6285714285714,0.8218571543693542,27.014404296875,115.4,1454.8365478515625,2232.142822265625,0.03690476715564728,1070.7142857142858,2,507,1,0,0,21,3,65
0,360.0,0.11858608573675156,6059.0,312.7959183673467,13021.166015625,34.75,6.599999904632568,17099.294921875,23.0,4.699999809265137,4.383333206176758,34.20000076293945,23891.111328125,2469.7714285714287,0.8217381238937378,27.04488182067871,113.11428571428571,1449.3482666015625,2232.514404296875,0.032190464437007904,1070.857142857143,1,507,1,0,0,31,6,163
0,242.0,0.7172178030014038,1722.0,320.34693877550995,13673.5,38.516666412353516,6.333333492279053,23077.56640625,22.983333587646484,4.699999809265137,4.2833333015441895,32.53333282470703,23826.0,2501.5714285714284,0.8011428713798523,26.74571418762207,111.31428571428572,1442.25048828125,2260.371337890625,0.027452364563941956,1062.5142857142857,0,507,1,0,0,21,5,100
0,212.0,0.5621436834335327,1086.0,320.38775510204056,12078.3330078125,37.04999923706055,1.7999999523162842,16995.8828125,21.983333587646484,4.5,4.300000190734863,31.066667556762695,18469.833984375,2556.7714285714287,0.7337856888771057,25.96392822265625,116.28571428571429,1443.3529052734375,2244.628662109375,0.15840475261211395,1039.6571428571428,1,507,1,0,1,41,13,109
0,147.0,0.7616875767707825,1048.0,312.3469387755099,12781.5,36.766666412353516,3.4666666984558105,17567.083984375,21.399999618530273,4.699999809265137,4.300000190734863,32.78333282470703,20728.0,2442.542857142857,0.7408809661865234,26.219881057739258,142.22857142857143,1452.0709228515625,2137.142822265625,0.18752384185791016,1023.7142857142857,0,507,1,0,1,42,7,77
0,447.0,0.6681870222091675,1194.0,305.020408163265,13016.6669921875,35.71666717529297,4.733333110809326,17949.017578125,22.866666793823242,4.699999809265137,4.2833333015441895,33.33333206176758,21214.333984375,2357.2571428571428,0.7292380928993225,26.21261978149414,163.0,1462.8804931640625,2035.800048828125,0.09128570556640625,1007.4857142857143,1,507,1,0,1,41,11,238
0,205.0,0.46294185519218445,1369.0,279.18367346938754,11463.1669921875,34.91666793823242,2.5999999046325684,16412.783203125,23.78333282470703,4.300000190734863,4.400000095367432,37.75,23334.5,2232.2,0.7049523591995239,26.094642639160156,207.2,1474.539306640625,1831.5428466796875,-0.07069050520658493,964.0857142857143,0,507,1,1,0,31,21,100
1,286.0,0.21094641089439392,1491.0,278.87755102040796,12591.5,33.266666412353516,2.866666555404663,18972.400390625,21.183332443237305,4.199999809265137,4.300000190734863,37.099998474121094,20595.0,2234.0,0.6967619061470032,26.054046630859375,208.88571428571427,1474.9844970703125,1812.4000244140625,-0.09371427446603775,960.6,4,507,1,1,0,41,8,117
0,425.0,0.4663625955581665,1076.0,269.14285714285694,9193.0,33.68333435058594,5.383333206176758,17342.94921875,22.46666717529297,4.400000095367432,4.349999904632568,41.016666412353516,18444.0,2246.4857142857145,0.6827142834663391,25.948928833007812,211.45714285714286,1465.4739990234375,1789.771484375,-0.15057140588760376,952.2571428571429,0,507,1,0,1,41,22,218
1,215.0,0.637400209903717,1161.0,269.14285714285694,10330.0,31.700000762939453,7.433333396911621,17632.466796875,22.66666603088379,4.300000190734863,4.349999904632568,41.099998474121094,17954.666015625,2241.285714285714,0.6889285445213318,26.056310653686523,214.22857142857143,1467.249755859375,1778.6571044921875,-0.17423811554908752,951.7428571428571,0,507,1,0,1,31,31,108
0,42.0,0.9236031770706177,1165.0,271.1632653061223,10080.0,33.0,5.050000190734863,17378.267578125,21.683332443237305,3.9000000953674316,4.400000095367432,41.75,19813.666015625,2312.3714285714286,0.666357159614563,25.875356674194336,222.62857142857143,1477.025634765625,1726.82861328125,-0.20749998092651367,942.6571428571428,0,507,1,0,1,21,4,21
0,205.0,0.503990888595581,1474.0,252.4081632653059,10263.6669921875,35.70000076293945,3.799999952316284,15507.1337890625,22.850000381469727,4.0,4.599999904632568,42.04999923706055,44593.33203125,2392.114285714286,0.6283571124076843,25.621904373168945,243.31428571428572,1490.267333984375,1621.94287109375,-0.6072618961334229,922.3714285714286,0,507,1,0,1,21,6,81
0,337.0,0.7115165591239929,1348.0,257.93877551020387,14254.1669921875,36.91666793823242,4.949999809265137,17204.44921875,22.41666603088379,4.699999809265137,4.383333206176758,38.91666793823242,20186.166015625,2559.9142857142856,0.6113333106040955,25.423095703125,222.4,1482.0072021484375,1720.82861328125,-0.5624762177467346,933.6857142857143,0,518,1,1,0,21,23,170
0,89.0,0.9555302262306213,1071.0,261.6530612244896,12801.6669921875,37.03333282470703,6.566666603088379,18823.93359375,22.83333396911621,4.5,4.583333492279053,38.91666793823242,24806.0,3275.8571428571427,0.6461904644966125,25.655357360839844,228.4,1507.395263671875,1819.2857666015625,-0.2509285807609558,963.1714285714286,0,518,1,1,0,42,1,45
0,139.0,0.611174464225769,1477.0,255.16326530612227,10164.0,37.16666793823242,9.183333396911621,16495.599609375,24.366666793823242,4.5,4.550000190734863,39.266666412353516,20408.0,3319.8,0.6365000009536743,25.478452682495117,222.11428571428573,1509.38916015625,1843.1142578125,0.02440476417541504,966.2,0,518,1,1,0,21,5,50
0,164.0,0.47776511311531067,2136.0,250.6530612244896,12003.6669921875,41.06666564941406,2.9166667461395264,18566.44921875,25.649999618530273,4.599999904632568,4.5,35.38333511352539,21359.833984375,3337.8,0.6405714154243469,25.43940544128418,220.8,1518.7413330078125,1873.3714599609375,0.38702377676963806,975.4571428571429,1,518,1,0,0,31,2,67
0,130.0,0.05473203957080841,3003.0,247.20408163265282,11064.6669921875,35.016666412353516,4.166666507720947,15998.56640625,22.516666412353516,4.0,4.599999904632568,41.88333511352539,21232.0,3344.1714285714284,0.6740000247955322,25.870834350585938,220.11428571428573,1516.9305419921875,1895.4285888671875,0.5588809251785278,989.8285714285714,0,518,1,0,0,31,6,53
0,141.0,0.8027365803718567,3477.0,245.48979591836712,11005.0,35.150001525878906,4.916666507720947,16279.033203125,22.483333587646484,4.400000095367432,4.550000190734863,45.599998474121094,18915.0,3336.8,0.677476167678833,25.883928298950195,221.65714285714284,1524.8470458984375,1901.8857421875,0.5385952591896057,995.1428571428571,0,518,1,0,0,31,4,57
0,236.0,0.11060433089733124,5642.0,245.71428571428547,17760.166015625,35.88333511352539,8.216666221618652,16110.8662109375,24.700000762939453,4.699999809265137,4.550000190734863,41.06666564941406,23048.666015625,3335.7428571428572,0.682523787021637,25.857500076293945,222.0,1524.1903076171875,1909.6856689453125,0.44702377915382385,996.4857142857143,0,518,1,0,0,34,4,88
0,76.0,0.2702394425868988,6250.0,250.51020408163242,13277.3330078125,39.81666564941406,2.25,18437.94921875,23.71666717529297,4.800000190734863,4.900000095367432,38.483333587646484,23985.333984375,3268.4857142857145,0.7075238227844238,26.0771427154541,222.97142857142856,1530.3753662109375,1933.4857177734375,0.4605238139629364,1011.0,2,518,1,0,0,41,5,29
0,136.0,0.2155074179172516,5023.0,253.79591836734667,9483.3330078125,33.25,6.433333396911621,19004.8671875,23.133333206176758,4.199999809265137,4.650000095367432,43.71666717529297,22775.333984375,3245.7714285714287,0.7216190695762634,26.236665725708008,227.45714285714286,1536.541748046875,1935.5714111328125,0.35461902618408203,1016.3714285714286,0,518,1,0,0,41,1,56
0,157.0,0.5336374044418335,1642.0,256.65306122448953,11085.5,32.03333282470703,7.366666793823242,17743.75,22.549999237060547,4.400000095367432,4.650000095367432,41.18333435058594,19889.833984375,3272.8,0.7130952477455139,26.184999465942383,228.14285714285714,1534.75244140625,1925.914306640625,0.2391904890537262,1010.9714285714285,0,518,1,1,0,21,9,62
0,187.0,0.9258837103843689,1056.0,261.816326530612,10388.5,36.38333511352539,5.816666603088379,19005.400390625,24.450000762939453,4.900000095367432,4.683333396911621,43.43333435058594,22646.666015625,3268.7428571428572,0.7068571448326111,26.09881019592285,227.05714285714285,1533.047119140625,1925.971435546875,0.1631428450345993,1009.0,0,518,1,1,0,31,26,93
0,104.0,0.5096921324729919,1121.0,268.5306122448978,11734.0,30.28333282470703,9.466666221618652,19996.30078125,24.066667556762695,4.400000095367432,4.683333396911621,43.61666488647461,23719.0,3253.285714285714,0.7621666789054871,26.596548080444336,230.88571428571427,1535.550537109375,1944.7427978515625,-0.27150002121925354,1030.4571428571428,3,518,1,0,0,41,6,40
0,154.0,0.6442417502403259,5416.0,261.75510204081615,13994.0,33.983333587646484,8.199999809265137,19566.150390625,24.116666793823242,4.800000190734863,4.599999904632568,41.03333282470703,27617.0,3214.9142857142856,0.7816904783248901,26.722618103027344,235.45714285714286,1547.43505859375,1948.3143310546875,-0.32569047808647156,1039.2571428571428,0,518,1,0,0,41,28,57
0,142.0,0.32611173391342163,2380.0,246.46938775510185,12172.3330078125,30.816667556762695,5.5,20602.666015625,26.03333282470703,4.5,4.599999904632568,43.71666717529297,25874.666015625,3186.9714285714285,0.7877380847930908,26.691547393798828,236.71428571428572,1553.6712646484375,1950.4285888671875,-0.3680237829685211,1042.5428571428572,0,518,1,0,0,41,29,54
0,147.0,0.352337509393692,6410.0,230.40816326530594,11083.3330078125,28.5,3.6500000953674316,18283.5,23.450000762939453,4.199999809265137,4.75,42.79999923706055,22418.666015625,3138.657142857143,0.8079761862754822,26.865238189697266,241.17142857142858,1554.0186767578125,1952.4285888671875,-0.47969046235084534,1045.8285714285714,0,518,1,0,0,41,19,61
0,102.0,0.014823260717093945,15803.0,211.8163265306121,10937.6669921875,30.0,4.599999904632568,17298.767578125,22.299999237060547,4.800000190734863,4.583333492279053,40.43333435058594,19490.666015625,3111.0285714285715,0.8225952386856079,27.037500381469727,241.8,1552.2880859375,1974.8857421875,-0.3944762051105499,1051.6285714285714,0,518,1,0,0,31,18,38
0,41.0,0.0022805016487836838,18895.0,198.51020408163248,,29.33333396911621,5.483333110809326,,21.549999237060547,4.400000095367432,4.900000095367432,43.650001525878906,,3043.8571428571427,0.8513333201408386,27.23666763305664,273.45714285714286,1608.7237548828125,1886.82861328125,-0.43323808908462524,1060.2857142857142,2,508,1,0,1,21,15,19
0,24.0,0.0022805016487836838,9237.0,187.877551020408,,,,,,,,,,3184.457142857143,0.8616904616355896,27.22678565979004,254.88571428571427,1585.15283203125,1922.199951171875,-0.5813094973564148,1067.4857142857143,1,508,1,0,1,21,9,11
0,134.0,0.5188141465187073,2985.0,173.44897959183658,11876.166015625,27.594444274902344,8.222222328186035,16717.837890625,21.538888931274414,4.4666666984558105,4.7166666984558105,44.77222442626953,18765.9453125,3320.8285714285716,0.8589285612106323,27.16297721862793,246.57142857142858,1557.1982421875,1924.5999755859375,-0.6139761805534363,1058.6857142857143,0,508,1,0,0,31,30,50
0,148.0,0.33523374795913696,7251.0,171.75510204081615,10724.6669921875,25.933332443237305,7.449999809265137,17797.599609375,22.41666603088379,4.5,4.683333396911621,44.91666793823242,19920.666015625,3354.9714285714285,0.8691666722297668,27.211191177368164,247.28571428571428,1562.276611328125,1927.028564453125,-0.6307380795478821,1064.4857142857143,0,508,1,0,0,21,16,58
0,133.0,0.4253135621547699,8638.0,175.73469387755085,26322.333984375,26.827777862548828,8.75,19121.7109375,23.061111450195312,5.0,4.888888835906982,43.46666717529297,27802.0546875,3401.1714285714284,0.8669762015342712,27.15999984741211,255.88571428571427,1573.19091796875,1885.0,-0.6254285573959351,1062.8285714285714,1,508,1,0,0,31,13,51
0,148.0,0.40820980072021484,12800.0,175.73469387755085,11703.6669921875,30.049999237060547,6.916666507720947,18485.80078125,21.433332443237305,4.599999904632568,4.900000095367432,43.18333435058594,19526.0,3451.1428571428573,0.8742142915725708,27.12154769897461,252.68571428571428,1577.36572265625,1894.857177734375,-0.6431905031204224,1070.2285714285715,1,508,1,0,0,41,10,56
0,124.0,0.06841505318880081,6568.0,191.65306122448962,8281.6669921875,32.20000076293945,7.633333206176758,19825.599609375,23.100000381469727,4.599999904632568,4.7833333015441895,42.61666488647461,22372.0,3557.4285714285716,0.8193095326423645,26.378334045410156,254.65714285714284,1599.80517578125,1852.142822265625,-0.6385714411735535,1054.057142857143,4,508,1,0,0,21,7,51
0,119.0,0.7206385135650635,8459.0,200.77551020408143,11614.0,38.33333206176758,12.583333015441895,21070.732421875,24.816667556762695,5.599999904632568,4.800000190734863,35.88333511352539,26485.666015625,3557.4285714285716,0.8193095326423645,26.378334045410156,254.65714285714284,1599.80517578125,1852.142822265625,-0.6385714411735535,1054.057142857143,1,508,1,0,0,21,9,45
0,197.0,0.36716076731681824,13952.0,206.93877551020384,7855.33349609375,35.349998474121094,4.5,18875.0,22.0,4.400000095367432,4.650000095367432,40.43333435058594,21342.0,3615.3142857142857,0.8208809494972229,26.367618560791016,248.97142857142856,1584.5433349609375,1844.5142822265625,-0.6502380967140198,1051.057142857143,0,508,1,0,0,31,9,81
0,142.7007999946151,0.40250855684280396,11410.0,211.85714285714263,8191.0,35.31666564941406,4.800000190734863,20125.400390625,24.450000762939453,4.099999904632568,4.699999809265137,34.766666412353516,20249.666015625,3632.542857142857,0.8464999794960022,26.534761428833008,258.6,1592.9837646484375,1803.971435546875,-0.7188094854354858,1055.7142857142858,2,508,1,0,0,21,6,60
0,209.0,0.32725200057029724,4182.0,223.57142857142838,10795.0,41.45000076293945,8.399999618530273,20216.6171875,26.116666793823242,4.900000095367432,4.800000190734863,34.150001525878906,26302.666015625,3689.542857142857,0.8170714378356934,26.202619552612305,262.8285714285714,1613.19287109375,1790.971435546875,-0.6812618970870972,1049.4571428571428,3,508,1,0,0,42,30,122
0,182.0,0.02508551813662052,4121.0,216.51020408163242,7293.22216796875,32.116668701171875,5.922222137451172,21336.7890625,21.572221755981445,4.199999809265137,4.766666889190674,36.35000228881836,18847.943359375,3685.2571428571428,0.8323095440864563,26.328927993774414,261.1142857142857,1603.95947265625,1784.028564453125,-0.7243571281433105,1051.8,5,508,1,0,0,31,5,69
0,156.0,0.37514254450798035,3074.0,214.75510204081607,8891.6669921875,36.16666793823242,4.633333206176758,20559.06640625,23.066667556762695,4.099999904632568,4.699999809265137,35.96666717529297,19546.333984375,3671.4857142857145,0.8415476083755493,26.35976219177246,263.34285714285716,1602.760986328125,1765.228515625,-0.7894523739814758,1050.8857142857144,0,508,1,0,0,31,18,61
0,111.0,0.026225769892334938,7731.0,210.02040816326507,7955.66650390625,33.13333511352539,7.916666507720947,20050.982421875,23.21666717529297,3.9000000953674316,4.800000190734863,37.53333282470703,21493.833984375,3622.6285714285714,0.8443809747695923,26.344165802001953,273.85714285714283,1616.15380859375,1715.7142333984375,-0.8510952591896057,1046.057142857143,1,508,1,0,0,21,19,43
0,147.0,0.06385404616594315,13952.0,210.02040816326507,7181.0,33.116668701171875,2.555555582046509,21213.482421875,22.55555534362793,3.8333334922790527,4.883333206176758,39.10555648803711,19085.66796875,3611.8571428571427,0.8837857246398926,26.655237197875977,274.9428571428571,1600.989501953125,1709.971435546875,-0.9014762043952942,1050.2857142857142,0,508,1,0,0,31,29,56
0,115.0,0.1562143713235855,11147.0,200.71428571428552,8431.3330078125,36.38333511352539,5.433333396911621,21102.93359375,23.066667556762695,3.9000000953674316,4.800000190734863,37.83333206176758,22476.0,3579.1714285714284,0.8695714473724365,26.390357971191406,272.85714285714283,1599.92529296875,1698.971435546875,-0.8821666836738586,1044.6857142857143,3,508,1,0,0,31,21,44
0,153.0,0.023945268243551254,3179.0,196.87755102040808,7857.16650390625,37.91666793823242,5.483333110809326,21061.8671875,23.816667556762695,3.9000000953674316,4.599999904632568,29.83333396911621,19775.333984375,3569.7714285714287,0.8501428365707397,25.933332443237305,281.62857142857143,1621.538330078125,1638.3143310546875,-0.869690477848053,1033.8857142857144,1,508,1,0,0,24,14,58
0,156.0,0.0,9231.0,190.08163265306112,9225.0,37.63333511352539,13.300000190734863,21482.400390625,25.483333587646484,4.0,4.800000190734863,30.766666412353516,23300.666015625,3552.6285714285714,0.8736428618431091,26.261905670166016,283.8285714285714,1616.2611083984375,1651.3714599609375,-0.8575000166893005,1039.8,0,508,1,0,0,31,16,59
0,210.0,0.5017103552818298,4296.0,188.04081632653052,8526.0,40.41666793823242,6.699999809265137,20541.966796875,23.28333282470703,3.5999999046325684,4.900000095367432,32.46666717529297,21410.0,3610.7428571428572,0.8372619152069092,25.76392936706543,283.42857142857144,1628.4097900390625,1612.7427978515625,-0.8505476117134094,1031.6285714285714,3,508,1,0,0,42,6,89
0,,0.027366019785404205,3259.0,186.44897959183666,7787.33349609375,45.33333206176758,4.683333396911621,22318.099609375,23.299999237060547,4.0,4.900000095367432,23.700000762939453,22632.333984375,3687.9142857142856,0.8370000123977661,25.851428985595703,277.9714285714286,1618.5670166015625,1597.3143310546875,-0.9056904911994934,1029.6571428571428,0,508,1,0,0,31,5,
0,200.0,0.06955530494451523,7153.0,186.44897959183666,10154.5,46.16666793823242,6.5,20050.166015625,25.08333396911621,4.400000095367432,4.599999904632568,23.41666603088379,23972.0,3716.0,0.887333333492279,26.283571243286133,283.0571428571429,1613.9749755859375,1586.6571044921875,-0.9788095355033875,1038.2285714285715,0,508,1,0,0,21,7,78
0,,0.0,16846.0,183.57142857142856,9460.0,42.81666564941406,8.216666221618652,18733.80078125,22.450000762939453,3.5999999046325684,5.099999904632568,25.483333587646484,18670.0,3726.114285714286,0.8664761781692505,25.849523544311523,291.6,1630.4847412109375,1550.4857177734375,-0.9862856864929199,1028.2285714285715,2,508,1,0,0,21,1,
0,169.0,0.01254275906831026,28024.0,180.4081632653061,8209.3330078125,42.11666488647461,5.800000190734863,17923.732421875,21.96666717529297,3.0999999046325684,4.800000190734863,26.616666793823242,18101.0,3873.457142857143,0.9122856855392456,26.33202362060547,295.0,1630.7830810546875,1511.4285888671875,-1.0664048194885254,1038.0,0,508,1,0,0,31,12,77
0,157.0,0.026225769892334938,27108.0,180.4081632653061,8634.3330078125,39.45000076293945,6.066666603088379,17975.400390625,21.233333587646484,3.299999952316284,4.566666603088379,35.36666488647461,17735.0,3873.457142857143,0.9122856855392456,26.33202362060547,295.0,1630.7830810546875,1511.4285888671875,-1.0664048194885254,1038.0,0,508,1,0,0,41,19,75
0,79.0,0.049030788242816925,22620.0,175.24489795918365,9200.6669921875,37.29999923706055,7.133333206176758,19475.93359375,20.816667556762695,3.299999952316284,5.116666793823242,41.13333511352539,17805.333984375,3995.6,0.9268333315849304,26.37821388244629,301.0571428571429,1637.068115234375,1487.3428955078125,-1.0963809490203857,1038.6857142857143,1,508,1,0,0,41,29,43
0,147.0,0.09578107297420502,19627.0,171.67346938775512,9293.1669921875,42.61666488647461,5.5333333015441895,21024.283203125,23.66666603088379,3.4000000953674316,4.900000095367432,34.13333511352539,21958.166015625,4264.828571428571,0.8688571453094482,25.73666763305664,296.57142857142856,1644.7149658203125,1438.857177734375,-1.1664762496948242,1023.6,0,508,1,0,0,21,9,58
0,167.0,0.108323834836483,23505.0,168.1836734693878,8145.66650390625,43.29999923706055,6.416666507720947,19223.517578125,22.5,3.0999999046325684,4.699999809265137,33.83333206176758,21738.166015625,4397.8,0.902571439743042,25.995595932006836,299.0571428571429,1643.0950927734375,1416.94287109375,-1.2486666440963745,1028.8,0,508,1,0,0,21,21,65
0,,0.0,32767.0,165.77551020408168,7717.66650390625,37.983333587646484,5.150000095367432,18295.732421875,21.03333282470703,3.0,5.099999904632568,43.29999923706055,20319.833984375,4597.771428571428,0.9355475902557373,26.27023696899414,303.25714285714287,1647.416015625,1387.199951171875,-1.3598570823669434,1033.7428571428572,1,508,1,0,0,21,4,
0,50.0,0.0,32767.0,164.24489795918373,9546.1669921875,36.58333206176758,7.166666507720947,18518.400390625,22.116666793823242,3.4000000953674316,4.866666793823242,44.06666564941406,23056.0,4645.085714285714,0.9526428580284119,26.447023391723633,308.14285714285717,1648.6514892578125,1375.4285888671875,-1.3978570699691772,1035.3428571428572,2,508,1,0,0,21,2,24
0,182.0,0.40820980072021484,28767.0,163.97959183673476,11470.8330078125,41.86666488647461,5.2166666984558105,19128.982421875,24.83333396911621,3.0,4.866666793823242,38.88333511352539,21985.333984375,4844.428571428572,0.9073809385299683,26.040952682495117,307.8857142857143,1660.2667236328125,1352.94287109375,-1.4747142791748047,1024.2857142857142,0,540,1,0,0,31,16,74
0,53.0,0.07639680802822113,19175.0,163.7755102040817,9837.1669921875,42.733333587646484,7.75,17681.1328125,22.799999237060547,2.799999952316284,4.949999809265137,38.31666564941406,20152.666015625,4986.8,0.9116904735565186,25.998689651489258,306.8857142857143,1663.8465576171875,1339.5428466796875,-1.5633333921432495,1025.3714285714286,7,540,1,0,0,21,6,20
0,129.0,0.05359179154038429,15937.0,167.16326530612247,8701.1669921875,43.88333511352539,7.849999904632568,18330.583984375,23.450000762939453,2.4000000953674316,4.766666889190674,35.75,21055.5,5056.457142857143,0.8950238227844238,25.866071701049805,306.9428571428571,1663.9686279296875,1333.971435546875,-1.6133333444595337,1017.5428571428571,0,540,1,0,0,31,7,50
0,,0.04446978494524956,9871.0,165.77551020408163,10337.3330078125,44.81666564941406,8.0,19213.517578125,24.08333396911621,3.0,5.016666889190674,33.016666412353516,21388.666015625,5308.914285714286,0.9340476393699646,26.176786422729492,321.9714285714286,1673.8973388671875,1277.8857421875,-1.8654524087905884,1018.1428571428571,1,540,1,0,0,31,4,
0,141.0,0.15279361605644226,10072.0,168.10204081632642,12289.0,38.54999923706055,9.633333206176758,17936.81640625,22.450000762939453,2.799999952316284,4.9666666984558105,36.5,22512.5,5295.457142857143,0.9227856993675232,26.10797691345215,320.0,1675.6072998046875,1283.199951171875,-1.8463809490203857,1017.6,1,540,1,0,0,41,4,56
0,176.0,0.13683010637760162,8346.0,170.3469387755101,11246.5,41.68333435058594,8.25,21231.349609375,26.133333206176758,2.5,5.016666889190674,35.349998474121094,22049.5,5347.6,0.9245714545249939,26.06464385986328,325.62857142857143,1688.983154296875,1270.94287109375,-1.9414523839950562,1015.7428571428571,1,540,1,0,0,31,7,72
0,119.0,0.1482326090335846,4216.0,171.61224489795902,11127.5,53.71110916137695,7.016666889190674,21607.416015625,26.105554580688477,3.0333333015441895,4.911110877990723,25.461111068725586,21982.333984375,5423.171428571429,0.9068571329116821,25.860000610351562,325.34285714285716,1693.6492919921875,1263.5428466796875,-1.9666905403137207,1012.0285714285715,1,540,1,0,0,31,15,45
0,174.0,0.49600911140441895,6186.0,172.08163265306112,11832.6669921875,45.00555419921875,7.799999713897705,21227.27734375,24.427778244018555,2.933333396911621,4.9388885498046875,32.22777557373047,22598.888671875,5335.628571428571,0.923880934715271,26.044761657714844,330.1142857142857,1691.805419921875,1268.5428466796875,-1.979619026184082,1011.5428571428571,1,540,1,0,0,42,14,66
0,158.13065632393256,0.2576966881752014,9600.0,173.2448979591835,10425.888671875,39.10555648803711,8.144444465637207,21567.5234375,24.850000381469727,2.6666667461395264,4.972222328186035,35.488887786865234,21260.556640625,5742.542857142857,0.9061904549598694,25.663095474243164,327.6,1698.09375,1241.0,-2.2010951042175293,1003.0,1,540,1,0,0,21,8,62
0,62.0,0.0057012541219592094,13618.0,173.02040816326513,12700.8330078125,27.799999237060547,9.016666412353516,19532.43359375,21.983333587646484,2.4000000953674316,5.5,50.86666488647461,21703.333984375,5608.428571428572,0.9751428365707397,26.284761428833008,339.77142857142854,1698.5701904296875,1247.142822265625,-2.3864285945892334,1010.4571428571429,0,540,1,0,0,42,17,28
0,107.0,0.05131128802895546,16125.0,173.02040816326513,12113.1669921875,38.55555725097656,6.311110973358154,23660.861328125,25.544445037841797,3.1666665077209473,5.099999904632568,37.844444274902344,25928.0,5568.257142857143,1.0005238056182861,26.513809204101562,345.48571428571427,1701.9559326171875,1244.17138671875,-2.444833278656006,1012.9428571428572,3,540,1,0,0,31,18,50
0,173.0,0.6488027572631836,1388.0,171.8749999999998,11366.77734375,40.08333206176758,7.400000095367432,20229.283203125,24.688888549804688,2.799999952316284,5.099999904632568,37.78333282470703,23040.056640625,5557.0,0.9859047532081604,26.247142791748047,345.3142857142857,1706.8751220703125,1262.199951171875,-2.4245951175689697,1010.1714285714286,0,540,1,0,0,31,30,66
0,196.0,0.21322691440582275,5080.0,173.29545454545433,9820.1669921875,41.86666488647461,7.016666889190674,20995.400390625,24.450000762939453,2.9000000953674316,5.099999904632568,36.04999923706055,22397.166015625,5407.5142857142855,1.0113571882247925,26.49845314025879,340.9428571428571,1700.6309814453125,1294.085693359375,-2.3877618312835693,1015.0285714285715,0,540,1,0,0,41,19,75
0,361.0,0.8209806084632874,1367.0,306.32653061224465,13869.6669921875,34.099998474121094,1.3666666746139526,24291.333984375,26.83333396911621,5.199999809265137,4.25,15.216666221618652,99777.1640625,767.0857142857143,0.7002857327461243,26.376310348510742,14.571428571428571,1303.9395751953125,2577.94287109375,-0.5674285888671875,1032.3428571428572,0,505,1,1,0,24,35,169
0,362.0,0.892816424369812,1175.0,299.9183673469385,14321.888671875,36.55555725097656,0.3333333432674408,23512.466796875,24.91666603088379,4.5333333015441895,4.199999809265137,24.877777099609375,23621.0,856.4857142857142,0.7204365134239197,26.46583366394043,30.142857142857142,1327.8353271484375,2545.199951171875,-0.8272777795791626,1039.0285714285715,0,505,1,1,0,21,25,169
1,383.0,0.6716077327728271,2033.0,313.57142857142816,14540.6669921875,34.38333511352539,0.25,20078.966796875,26.91666603088379,5.300000190734863,4.25,32.25,22827.333984375,920.6285714285714,0.6361666917800903,26.31761932373047,28.62857142857143,1332.26123046875,2616.8857421875,-1.327309489250183,1032.9142857142858,0,496,1,0,1,21,31,163
1,,0.2497149407863617,2661.0,260.02040816326513,17526.666015625,31.0,1.5,21285.30078125,26.866666793823242,5.400000095367432,4.050000190734863,27.016666412353516,28459.166015625,1074.0285714285715,0.6044047474861145,26.618928909301758,25.485714285714284,1328.354248046875,2557.94287109375,-0.38819047808647156,1031.6285714285714,2,474,1,0,0,31,11,
0,257.0,0.3112884759902954,2100.0,260.02040816326513,19263.166015625,33.516666412353516,2.8333332538604736,21215.349609375,30.700000762939453,5.300000190734863,4.233333110809326,22.516666412353516,28922.5,1082.5428571428572,0.6109285950660706,26.70488166809082,27.542857142857144,1333.517578125,2544.914306640625,-0.34754759073257446,1035.3142857142857,1,474,1,0,0,21,27,115
1,191.0,0.0,7166.0,258.65306122448965,16784.333984375,27.200000762939453,1.5833333730697632,22398.716796875,28.41666603088379,5.599999904632568,4.2833333015441895,20.41666603088379,32911.33203125,1092.2,0.6149523854255676,26.753808975219727,29.485714285714284,1332.5718994140625,2532.71435546875,-0.29835712909698486,1034.5428571428572,0,474,1,0,0,34,16,66
1,270.0,0.11630558967590332,9789.0,259.26530612244886,18267.0,26.08333396911621,1.2333333492279053,19499.966796875,27.399999618530273,5.300000190734863,4.183333396911621,24.28333282470703,30492.0,1107.942857142857,0.617904782295227,26.78416633605957,28.714285714285715,1332.3719482421875,2552.971435546875,-0.17352379858493805,1036.4285714285713,0,474,1,0,0,31,22,94
1,240.0,0.052451539784669876,7013.0,261.04081632653043,20561.0,29.21666717529297,0.7166666388511658,21251.80078125,28.633333206176758,6.300000190734863,4.416666507720947,25.78333282470703,31322.5,1137.2571428571428,0.6161666512489319,26.786666870117188,28.228571428571428,1333.7894287109375,2556.94287109375,-0.1236666664481163,1037.4571428571428,0,474,1,0,0,31,9,109
0,120.0,0.9714937210083008,1027.0,286.6734693877549,15851.8330078125,37.91666793823242,1.8166667222976685,26354.267578125,32.08333206176758,5.0,4.150000095367432,29.0,34728.66796875,1327.8857142857144,0.6097142696380615,26.760595321655273,30.97142857142857,1330.9779052734375,2542.05712890625,0.4537857174873352,1032.6285714285714,0,474,1,0,0,42,9,53
0,154.0,0.8050171136856079,1165.0,286.3265306122448,18086.666015625,35.91666793823242,0.46666666865348816,19512.93359375,28.33333396911621,5.900000095367432,4.083333492279053,33.03333282470703,23955.333984375,1413.4857142857143,0.6185476183891296,26.85357093811035,35.57142857142857,1335.019775390625,2467.142822265625,0.6741904616355896,1032.942857142857,0,474,1,0,0,42,25,66
0,22.0,0.972633957862854,1041.0,286.3265306122448,19751.5,28.266666412353516,3.116666555404663,20516.650390625,29.266666412353516,5.800000190734863,4.150000095367432,27.41666603088379,29671.0,1413.4857142857143,0.6185476183891296,26.85357093811035,35.57142857142857,1335.019775390625,2467.142822265625,0.6741904616355896,1032.942857142857,0,474,1,0,0,42,7,8
0,220.0,0.9486886858940125,1054.0,296.1836734693876,15488.5,33.266666412353516,1.7999999523162842,19725.25,27.149999618530273,5.099999904632568,4.083333492279053,21.549999237060547,23032.5,1509.9142857142858,0.6247618794441223,26.921905517578125,40.2,1342.2919921875,2392.085693359375,0.7087143063545227,1034.7142857142858,0,474,1,0,0,41,29,96
0,341.0,0.7662485837936401,1193.0,272.8775510204079,16626.0,31.78333282470703,1.0666667222976685,18123.732421875,26.03333282470703,5.300000190734863,4.016666889190674,16.700000762939453,24948.0,1736.4,0.6283809542655945,27.049285888671875,52.714285714285715,1383.0377197265625,2446.3427734375,0.5805237889289856,1047.3142857142857,0,474,1,0,0,31,24,148
1,208.0,0.20410490036010742,2638.0,268.9183673469385,20742.333984375,33.58333206176758,1.1666666269302368,17735.30078125,27.133333206176758,5.099999904632568,4.133333206176758,13.399999618530273,26353.666015625,1739.5428571428572,0.6438809633255005,27.21928596496582,53.97142857142857,1388.922119140625,2406.17138671875,0.6152142882347107,1054.1142857142856,0,474,1,0,0,41,21,90
1,121.0,0.3842645287513733,2582.0,268.9183673469385,20103.333984375,32.81666564941406,0.8666666746139526,17358.916015625,27.266666412353516,5.300000190734863,4.166666507720947,13.183333396911621,24109.666015625,1739.5428571428572,0.6438809633255005,27.21928596496582,53.97142857142857,1388.922119140625,2406.17138671875,0.6152142882347107,1054.1142857142856,0,474,1,0,0,31,21,51
0,154.72814455879504,0.034207526594400406,3360.0,251.85714285714266,19614.5,33.18333435058594,3.5333333015441895,23524.099609375,25.899999618530273,5.300000190734863,4.2833333015441895,16.183332443237305,34831.66796875,1931.057142857143,0.6541666388511658,27.202857971191406,55.42857142857143,1407.8341064453125,2431.8857421875,0.631690502166748,1065.2,3,497,1,1,0,41,21,56
1,317.0,0.014823260717093945,6132.0,251.85714285714266,19646.296875,34.766666412353516,6.261111259460449,20919.498046875,26.618518829345703,5.233333587646484,4.257407188415527,14.327777862548828,38649.07421875,1901.3714285714286,0.6580714583396912,27.234405517578125,55.65714285714286,1410.669677734375,2439.428466796875,0.6555476188659668,1067.7714285714285,0,497,1,1,0,31,2,129
1,55.0,0.015963511541485786,8492.0,243.2040816326528,13626.6669921875,32.20000076293945,3.25,17996.400390625,25.200000762939453,5.199999809265137,4.183333396911621,10.866666793823242,31252.0,1958.6857142857143,0.7129047513008118,27.475238800048828,60.714285714285715,1433.2724609375,2469.028564453125,0.5868333578109741,1089.2,0,482,1,0,0,21,6,18
0,219.0,0.9019384384155273,1055.0,246.48979591836707,16306.6669921875,35.56666564941406,3.116666555404663,18898.93359375,23.28333282470703,4.599999904632568,4.050000190734863,12.433333396911621,21097.333984375,2335.4,0.7563571333885193,27.49416732788086,62.25714285714286,1426.2059326171875,2491.514404296875,0.5514047741889954,1089.4285714285713,0,497,1,0,1,42,34,97
0,236.0,0.8198403716087341,1093.0,245.1836734693875,14088.6669921875,32.58333206176758,1.5499999523162842,17959.849609375,23.883333206176758,5.400000095367432,4.050000190734863,13.983333587646484,19364.5,2334.5142857142855,0.7589523792266846,27.503570556640625,63.142857142857146,1426.9217529296875,2488.05712890625,0.5254999995231628,1090.142857142857,1,497,1,0,1,42,35,76
1,192.12844801356425,0.034207526594400406,2419.0,248.85714285714263,13095.6669921875,38.266666412353516,5.2833333015441895,17256.033203125,23.233333587646484,4.800000190734863,3.9833333492279053,19.16666603088379,19983.333984375,2877.7714285714287,0.8270952701568604,27.596904754638672,81.77142857142857,1407.178955078125,2282.05712890625,0.4845000207424164,1072.9142857142858,0,482,1,1,0,21,3,91
1,260.0,0.0,2156.0,247.93877551020387,16487.666015625,36.88333511352539,4.599999904632568,17478.69921875,22.649999618530273,4.699999809265137,4.183333396911621,21.433332443237305,21900.0,2874.542857142857,0.8439285755157471,27.71857261657715,83.54285714285714,1407.0123291015625,2254.771484375,0.49604761600494385,1075.057142857143,0,482,1,1,0,41,8,109
0,238.43496870592796,0.6898517608642578,1481.0,257.2653061224488,16761.666015625,36.91666793823242,2.4833333492279053,17568.0,23.96666717529297,5.099999904632568,3.9833333492279053,29.25,21766.666015625,2924.542857142857,0.8396428823471069,27.57880973815918,82.31428571428572,1406.765869140625,2222.6572265625,0.5146904587745667,1073.3428571428572,0,476,1,0,0,31,19,112
0,251.0,0.8700113892555237,1528.0,257.2653061224488,14570.6669921875,34.25,2.316666603088379,15495.5498046875,23.733333587646484,4.900000095367432,4.0333333015441895,29.049999237060547,20582.166015625,2924.542857142857,0.8396428823471069,27.57880973815918,82.31428571428572,1406.765869140625,2222.6572265625,0.5146904587745667,1073.3428571428572,0,476,1,0,0,31,19,119
1,158.0,0.8346636295318604,2201.0,261.9387755102038,18217.0,39.88333511352539,3.8499999046325684,17108.69921875,23.700000762939453,5.599999904632568,4.133333206176758,34.766666412353516,24303.0,2961.657142857143,0.8454999923706055,27.565475463867188,81.91428571428571,1399.4879150390625,2169.485595703125,0.5313809514045715,1071.0857142857142,0,476,1,1,0,42,31,76
1,274.0,0.38198402523994446,2114.0,267.2653061224488,14226.5,43.16666793823242,2.950000047683716,16047.2001953125,22.766666412353516,4.699999809265137,4.099999904632568,28.816667556762695,55002.0,2979.3714285714286,0.868309497833252,27.633928298950195,90.11428571428571,1401.596923828125,2199.1142578125,0.5210714340209961,1068.4,0,476,1,1,0,31,27,99
0,147.0,0.8677309155464172,2154.0,274.34693877551,13931.611328125,40.511112213134766,7.67222261428833,16340.6669921875,24.14444351196289,5.200000286102295,4.088889122009277,31.14444351196289,17990.72265625,2986.5142857142855,0.8768333196640015,27.622142791748047,91.45714285714286,1395.3001708984375,2228.199951171875,0.4959999918937683,1065.6285714285714,0,476,1,1,0,34,15,66
1,93.0,0.017103763297200203,1599.0,319.7346938775508,11801.3330078125,40.016666412353516,4.150000095367432,15775.966796875,21.350000381469727,4.900000095367432,4.066666603088379,31.78333282470703,19422.333984375,2893.285714285714,0.9111905097961426,27.694047927856445,107.68571428571428,1392.8721923828125,2378.17138671875,0.39954763650894165,1055.942857142857,0,476,1,0,1,31,5,35
0,319.0,0.352337509393692,1329.0,320.36734693877537,12936.0,35.266666412353516,3.2666666507720947,15888.4501953125,21.316667556762695,4.400000095367432,4.150000095367432,35.91666793823242,17661.0,2790.0285714285715,0.9086666703224182,27.61488151550293,113.45714285714286,1404.89794921875,2382.914306640625,0.3808809518814087,1055.0285714285715,0,476,1,0,1,21,35,154
1,12.0,0.3318130075931549,1444.0,315.26530612244886,16998.0,40.25,5.483333110809326,20840.767578125,24.58333396911621,5.0,4.449999809265137,32.20000076293945,27110.5,2744.1714285714284,0.8990238308906555,27.52618980407715,110.0,1400.71044921875,2366.39990234375,0.3156428337097168,1055.4857142857143,0,476,1,0,1,41,9,4
0,204.0,0.91904217004776,1076.0,317.06122448979573,14650.1669921875,38.599998474121094,4.666666507720947,21710.349609375,23.116666793823242,4.900000095367432,4.233333110809326,36.21666717529297,20489.333984375,2660.457142857143,0.8546428680419922,26.96928596496582,108.65714285714286,1403.120849609375,2342.742919921875,0.2444523721933365,1046.4857142857143,0,476,1,0,1,31,14,111
0,275.0,0.91904217004776,1071.0,317.06122448979573,14609.72265625,36.44444274902344,4.3222222328186035,19657.1640625,22.938888549804688,4.766666412353516,4.199999809265137,36.41666793823242,22955.591796875,2660.457142857143,0.8546428680419922,26.96928596496582,108.65714285714286,1403.120849609375,2342.742919921875,0.2444523721933365,1046.4857142857143,0,476,1,0,1,31,12,149
0,277.0,0.9635119438171387,1065.0,317.0204081632652,13436.3330078125,36.66666793823242,3.25,17376.232421875,24.33333396911621,4.900000095367432,4.183333396911621,37.95000076293945,19629.333984375,2607.1714285714284,0.8608333468437195,27.09881019592285,111.88571428571429,1409.31591796875,2312.6572265625,0.1897619068622589,1050.2571428571428,0,476,1,0,1,11,35,151
0,148.0,0.46408209204673767,1074.0,312.5918367346935,,,,,,,,,21850.166015625,2463.6285714285714,0.8651428818702698,27.255714416503906,116.31428571428572,1445.718505859375,2237.3427734375,0.10521429032087326,1069.2571428571428,0,476,1,0,1,21,34,71
1,41.0,0.007981755770742893,1751.0,309.7346938775508,12199.6669921875,39.83333206176758,4.516666889190674,16963.666015625,22.649999618530273,4.599999904632568,4.683333396911621,32.33333206176758,37325.16796875,2405.285714285714,0.873452365398407,27.48476219177246,117.14285714285714,1468.1732177734375,2183.428466796875,0.14578570425510406,1087.8285714285714,7,476,1,1,0,31,6,16
0,171.0,0.8266818523406982,1107.0,308.0612244897956,13024.3330078125,40.08333206176758,4.883333206176758,16487.599609375,22.116666793823242,4.5,4.233333110809326,29.483333587646484,19759.166015625,2364.5142857142855,0.8588333129882812,27.2165470123291,106.42857142857143,1457.33056640625,2170.8857421875,0.18442857265472412,1085.2857142857142,1,507,1,1,1,31,2,92
0,252.0,0.5541619062423706,1115.0,304.79591836734664,,,,,,,,,,2381.6857142857143,0.8743809461593628,27.345476150512695,99.22857142857143,1430.0517578125,2177.257080078125,0.24078570306301117,1080.3714285714286,0,507,1,1,1,31,30,121
1,276.0,0.12314709275960922,1430.0,300.75510204081604,,,,,,,,,,2345.0,0.8598809838294983,27.336071014404297,103.22857142857143,1454.4027099609375,2117.199951171875,0.21047618985176086,1089.2571428571428,0,507,1,0,0,31,30,149
0,109.0,0.946408212184906,1054.0,300.77551020408134,15453.6669921875,38.68333435058594,2.5999999046325684,18562.400390625,24.299999237060547,5.099999904632568,4.2833333015441895,33.349998474121094,21960.833984375,2389.6857142857143,0.855571448802948,27.135356903076172,96.48571428571428,1435.787841796875,2164.0,0.20673808455467224,1081.6285714285714,2,507,1,0,1,21,3,59
0,82.0,0.5667046904563904,4805.0,301.7142857142853,14407.5,36.400001525878906,3.0999999046325684,18735.783203125,23.78333282470703,5.800000190734863,4.383333206176758,32.95000076293945,21787.0,2448.285714285714,0.8244285583496094,26.655475616455078,88.34285714285714,1420.1661376953125,2236.54296875,0.23207144439220428,1069.7142857142858,0,507,1,0,0,31,15,33
0,266.0,0.47548460960388184,6173.0,303.6122448979589,13462.3330078125,35.54999923706055,3.0833332538604736,19630.216796875,26.16666603088379,5.599999904632568,4.25,33.36666488647461,23348.166015625,2448.285714285714,0.8244285583496094,26.655475616455078,88.34285714285714,1420.1661376953125,2236.54296875,0.23207144439220428,1069.7142857142858,1,507,1,0,0,41,26,108
0,362.0,0.36830103397369385,7232.0,305.8163265306119,16348.6669921875,35.56666564941406,4.949999809265137,18996.8671875,25.16666603088379,5.400000095367432,4.25,28.766666412353516,21494.666015625,2449.7714285714287,0.7968571186065674,26.377023696899414,92.22857142857143,1426.4810791015625,2270.685791015625,0.19419048726558685,1064.5714285714287,0,507,1,0,0,31,20,137
0,85.0,0.216647669672966,8666.0,309.51020408163237,13312.6669921875,37.983333587646484,3.316666603088379,18113.232421875,24.700000762939453,5.099999904632568,4.150000095367432,32.66666793823242,20384.666015625,2458.4,0.8036666512489319,26.49488067626953,97.37142857142857,1431.5579833984375,2284.1142578125,0.1698095053434372,1066.2,4,507,1,0,0,31,3,31
0,229.0,0.22006841003894806,2211.0,315.0612244897957,13643.6669921875,35.75,2.3333332538604736,20511.232421875,22.049999237060547,4.400000095367432,4.25,32.93333435058594,20766.666015625,2497.0857142857144,0.8082380890846252,26.68000030517578,102.4,1432.4930419921875,2313.28564453125,0.11273808777332306,1064.4285714285713,4,507,1,0,0,31,9,104
0,208.35922851696523,0.8095781207084656,2278.0,317.3877551020406,15868.8330078125,37.650001525878906,5.416666507720947,34994.18359375,23.21666717529297,4.800000190734863,4.150000095367432,33.400001525878906,23236.833984375,2505.5714285714284,0.8013095259666443,26.639404296875,103.94285714285714,1432.066162109375,2305.71435546875,0.054166655987501144,1062.0285714285715,1,507,1,0,0,31,10,91
0,202.0,0.6545040011405945,1604.0,320.34693877550995,12023.6669921875,38.75,6.75,18193.25,25.700000762939453,5.199999809265137,4.183333396911621,30.53333282470703,20879.666015625,2530.3714285714286,0.758642852306366,26.119524002075195,108.94285714285714,1439.3751220703125,2275.71435546875,0.10219049453735352,1050.5142857142857,3,507,1,0,0,11,2,71
0,295.0,0.5564424395561218,1346.0,321.93877551020387,12077.5,38.66666793823242,4.116666793823242,23857.56640625,24.766666412353516,4.800000190734863,4.300000190734863,34.516666412353516,20901.666015625,2557.9714285714285,0.7302380800247192,25.827619552612305,110.51428571428572,1436.284912109375,2286.228515625,0.14464284479618073,1039.1714285714286,1,507,1,0,1,21,13,147
0,275.0,0.9224629402160645,1055.0,321.2040816326528,11441.1669921875,41.0,3.933333396911621,19158.0,26.71666717529297,5.599999904632568,4.25,30.683332443237305,22466.666015625,2553.885714285714,0.732619047164917,25.857261657714844,117.25714285714285,1441.8623046875,2279.3427734375,0.1900952309370041,1036.6,0,507,1,0,1,31,13,150
0,114.0,0.9042189121246338,1081.0,319.71428571428544,13131.0,36.20000076293945,4.233333110809326,19793.099609375,27.316667556762695,5.599999904632568,4.25,30.133333206176758,24376.0,2527.542857142857,0.7434285879135132,26.055713653564453,122.94285714285714,1442.935791015625,2255.428466796875,0.21973809599876404,1035.9714285714285,0,507,1,0,1,21,22,62
0,104.0,0.9623717069625854,1065.0,316.75510204081604,12573.1669921875,33.86666488647461,3.133333444595337,18589.099609375,24.71666717529297,5.099999904632568,4.2833333015441895,32.96666717529297,21865.166015625,2493.6857142857143,0.7283333539962769,25.86833381652832,130.11428571428573,1449.1876220703125,2204.028564453125,0.22923807799816132,1027.4285714285713,0,507,1,0,1,21,23,56
0,176.0,0.9521094560623169,1067.0,305.6734693877549,13189.3330078125,36.13333511352539,3.9833333492279053,16952.966796875,25.399999618530273,5.400000095367432,4.333333492279053,31.700000762939453,23516.166015625,2422.0857142857144,0.7328571677207947,26.054405212402344,146.4857142857143,1452.9312744140625,2137.82861328125,0.20021429657936096,1016.6857142857143,0,507,1,0,1,21,22,95
0,292.0,0.6453819870948792,1136.0,300.816326530612,13260.5,36.266666412353516,5.650000095367432,25241.099609375,22.25,4.599999904632568,4.349999904632568,37.41666793823242,23253.333984375,2353.8,0.7384523749351501,26.235713958740234,163.14285714285714,1455.0086669921875,2066.60009765625,0.12164286524057388,1005.2285714285714,0,507,1,0,1,42,14,155
0,268.0,0.6556442379951477,1288.0,296.26530612244875,13886.6669921875,35.516666412353516,5.349999904632568,26584.3671875,23.58333396911621,4.800000190734863,4.349999904632568,37.91666793823242,23525.666015625,2342.2,0.7349523901939392,26.22869110107422,166.54285714285714,1455.6280517578125,2044.8857421875,0.09480952471494675,1001.0857142857143,0,507,1,0,1,42,15,119
1,402.0,0.3922463059425354,1322.0,285.1428571428569,13067.1669921875,35.599998474121094,3.933333396911621,16799.5,21.933332443237305,4.599999904632568,4.400000095367432,38.0,21414.5,2256.8,0.7206904888153076,26.180713653564453,196.02857142857144,1461.760498046875,1896.82861328125,-0.023285718634724617,972.3714285714286,0,507,1,0,1,41,16,211
1,228.0,0.37514254450798035,1374.0,285.08163265306104,,,,,,,,,,2240.1428571428573,0.7057381272315979,26.0242862701416,203.05714285714285,1470.510009765625,1855.4571533203125,-0.054428581148386,965.6571428571428,0,507,1,0,1,31,8,116
1,266.0,0.3432154953479767,1283.0,279.18367346938754,11972.6669921875,35.06666564941406,5.849999904632568,16711.0,22.28333282470703,4.599999904632568,4.449999809265137,40.0,37935.0,2226.8571428571427,0.7058333158493042,26.117023468017578,207.97142857142856,1473.0986328125,1836.3714599609375,-0.06654763221740723,963.6571428571428,0,507,1,0,1,31,11,123
0,226.0,0.879133403301239,1094.0,270.7959183673467,11568.0,41.20000076293945,3.9166667461395264,20637.30078125,29.299999237060547,5.599999904632568,4.349999904632568,29.766666412353516,27897.0,2256.2285714285713,0.6867142915725708,25.80368995666504,199.0,1458.02392578125,1850.6571044921875,-0.06652382761240005,959.1142857142858,0,507,1,0,1,21,12,116
0,134.0,0.9019384384155273,1097.0,274.0408163265305,12856.5556640625,32.594444274902344,3.8777778148651123,19273.427734375,23.100000381469727,4.166666507720947,4.316666603088379,39.10555648803711,32035.22265625,2291.342857142857,0.6875476241111755,25.97011947631836,211.8,1465.0791015625,1788.3428955078125,-0.13192854821681976,952.0857142857143,0,507,1,0,1,31,12,68
0,276.0,0.5997719764709473,1128.0,271.1632653061223,9941.6669921875,32.483333587646484,4.583333492279053,16382.0,21.399999618530273,4.400000095367432,4.383333206176758,41.099998474121094,20327.833984375,2313.7428571428572,0.6702380776405334,25.91535758972168,225.8,1479.7576904296875,1726.4000244140625,-0.22711902856826782,942.8857142857142,0,507,1,0,1,21,11,135
1,386.0,0.12656784057617188,2495.0,273.6530612244895,11721.6669921875,32.233333587646484,3.4000000953674316,16195.7998046875,21.616666793823242,4.300000190734863,4.483333110809326,39.83333206176758,18417.0,2336.1714285714284,0.6715714335441589,25.8896427154541,224.14285714285714,1476.0035400390625,1728.914306640625,-0.25545236468315125,943.1714285714286,0,507,1,0,1,34,14,195
0,113.0,0.12656784057617188,3751.0,254.48979591836712,10083.6669921875,35.70000076293945,7.016666889190674,17590.80078125,25.83333396911621,4.699999809265137,4.699999809265137,39.21666717529297,52728.0,2366.1714285714284,0.6352857351303101,25.67761993408203,244.31428571428572,1492.7205810546875,1642.771484375,-0.5779285430908203,923.9142857142857,0,507,1,0,1,21,6,42
0,152.0,0.3192702531814575,4182.0,253.9795918367345,11213.0,33.20000076293945,4.800000190734863,18070.650390625,22.91666603088379,4.300000190734863,5.0,42.599998474121094,22121.0,2366.1714285714284,0.6352857351303101,25.67761993408203,244.31428571428572,1492.7205810546875,1642.771484375,-0.5779285430908203,923.9142857142857,0,507,1,0,1,21,6,57
1,293.0,0.07981756329536438,1538.0,258.83673469387736,12832.8330078125,34.766666412353516,3.566666603088379,17345.05078125,23.03333282470703,4.199999809265137,4.449999809265137,37.31666564941406,19466.833984375,2547.4,0.6098095178604126,25.386308670043945,223.45714285714286,1483.232421875,1722.5428466796875,-0.5465952754020691,932.3714285714286,0,518,1,1,0,34,35,127
0,365.0,0.9623717069625854,1069.0,260.7346938775508,13203.3330078125,36.95000076293945,4.916666507720947,19391.6171875,26.233333587646484,5.300000190734863,4.449999809265137,39.25,24805.333984375,2630.057142857143,0.6018571257591248,25.245952606201172,218.17142857142858,1484.7042236328125,1765.5428466796875,-0.5787619352340698,935.7142857142857,0,518,1,1,0,21,2,182
0,342.0,0.9407069683074951,1076.0,260.93877551020387,11109.6669921875,40.04999923706055,3.5333333015441895,18435.900390625,24.16666603088379,4.599999904632568,4.349999904632568,36.16666793823242,20472.0,2733.0,0.5976428389549255,25.171072006225586,211.94285714285715,1482.344970703125,1805.971435546875,-0.5985475778579712,940.0571428571428,0,518,1,1,0,21,32,172
0,,0.8346636295318604,1189.0,257.877551020408,11616.0,33.91666793823242,6.616666793823242,17365.5,23.683332443237305,4.199999809265137,4.483333110809326,45.41666793823242,18909.0,3269.8,0.6476666331291199,25.645713806152344,228.11428571428573,1508.715576171875,1818.4571533203125,-0.20392857491970062,964.6285714285714,0,518,1,1,0,31,4,
0,321.0,0.623717188835144,1268.0,255.16326530612227,10607.0,38.21666717529297,8.766666412353516,16604.267578125,22.549999237060547,4.400000095367432,4.483333110809326,37.56666564941406,20511.5,3319.8,0.6365000009536743,25.478452682495117,222.11428571428573,1509.38916015625,1843.1142578125,0.02440476417541504,966.2,1,518,1,1,0,41,21,116
0,138.0,0.0,3386.0,245.53061224489778,9920.5,34.41666793823242,4.333333492279053,16852.25,22.549999237060547,4.400000095367432,4.583333492279053,42.0,19215.5,3322.0857142857144,0.6671904921531677,25.74761962890625,223.5142857142857,1522.1287841796875,1866.085693359375,0.24747619032859802,987.2857142857143,0,518,1,0,0,21,3,54
0,180.0,0.473204106092453,1632.0,241.93877551020384,10820.5,35.56666564941406,8.716666221618652,17048.06640625,22.516666412353516,4.300000190734863,4.583333492279053,40.91666793823242,19548.0,3337.4857142857145,0.6664999723434448,25.776071548461914,221.4857142857143,1514.7757568359375,1873.6856689453125,0.43057140707969666,983.9142857142857,1,518,1,0,0,21,8,76
0,172.0,0.10604333132505417,6449.0,243.6258503401358,11325.2783203125,37.28888702392578,5.633333206176758,16261.677734375,21.816667556762695,4.599999904632568,4.650000095367432,41.42222213745117,20597.9453125,3358.342857142857,0.6768571138381958,25.8174991607666,220.4,1527.051025390625,1898.94287109375,0.4812857210636139,996.5714285714286,0,518,1,0,0,21,4,70
0,198.0,0.19726340472698212,7475.0,240.5102040816324,10150.6669921875,35.28333282470703,5.2166666984558105,16766.666015625,22.366666793823242,4.5,4.683333396911621,42.650001525878906,19577.0,3344.0,0.6935238242149353,26.01119041442871,224.68571428571428,1530.8134765625,1898.5142822265625,0.437666654586792,1001.6285714285714,0,518,1,0,0,31,3,91
0,106.0,0.23831242322921753,5399.0,243.22448979591812,8538.0,35.983333587646484,7.5333333015441895,18271.732421875,23.366666793823242,4.099999904632568,4.683333396911621,40.95000076293945,19862.0,3366.8285714285716,0.6966428756713867,25.962738037109375,221.94285714285715,1533.9053955078125,1917.7427978515625,0.27878570556640625,1009.4,0,518,1,0,0,41,6,41
0,142.0,0.2622576951980591,5201.0,252.77551020408134,9366.0,33.70000076293945,5.4666666984558105,19464.5,22.850000381469727,4.300000190734863,4.5,44.78333282470703,22491.5,3311.4,0.7170476317405701,26.170713424682617,227.4,1538.3382568359375,1916.914306640625,0.2435000091791153,1014.9428571428572,2,518,1,0,0,21,9,60
0,221.0,0.6134549379348755,1078.0,251.38775510204053,10268.5,34.68333435058594,4.900000095367432,16781.43359375,22.516666412353516,4.599999904632568,4.5,40.66666793823242,19318.5,3340.885714285714,0.7085000276565552,26.156429290771484,226.85714285714286,1526.565185546875,1906.0,0.1081666648387909,1005.4857142857143,1,518,1,1,0,31,20,97
0,139.0,0.9646522402763367,1065.0,263.3061224489794,10987.6669921875,40.43333435058594,10.066666603088379,22888.650390625,28.0,4.800000190734863,4.483333110809326,39.0,28287.833984375,3353.0285714285715,0.7155238389968872,26.11988067626953,222.28571428571428,1524.228759765625,1920.3428955078125,-0.12302382290363312,1011.5142857142857,0,518,1,1,0,11,26,70
0,218.0,0.5507411360740662,6628.0,264.4489795918366,11301.3330078125,35.150001525878906,4.833333492279053,19789.06640625,26.100000381469727,4.699999809265137,4.650000095367432,41.599998474121094,25869.333984375,3322.6285714285714,0.7497618794441223,26.32583236694336,228.94285714285715,1538.5126953125,1927.6571044921875,-0.34880951046943665,1026.7142857142858,0,518,1,0,0,31,5,95
0,120.0,0.2713797092437744,3561.0,261.75510204081615,10186.6669921875,33.31666564941406,8.333333015441895,17575.6328125,23.71666717529297,4.800000190734863,4.599999904632568,44.599998474121094,23479.0,3227.4,0.7720237970352173,26.676786422729492,234.77142857142857,1543.654296875,1947.800048828125,-0.2899523973464966,1034.5428571428572,0,518,1,0,0,31,1,47
0,92.0,0.03192702308297157,3749.0,245.42857142857125,11679.8330078125,32.599998474121094,5.5,24815.3828125,26.233333587646484,4.800000190734863,4.699999809265137,43.900001525878906,23837.5,3198.7714285714287,0.7991428375244141,26.735713958740234,235.34285714285716,1555.0150146484375,1952.1142578125,-0.47152379155158997,1047.9714285714285,0,518,1,0,0,41,33,34
0,101.0,0.34777650237083435,4200.0,230.40816326530594,11564.888671875,30.9777774810791,4.627777576446533,20255.150390625,24.83888816833496,4.866666793823242,4.699999809265137,41.42222213745117,25328.333984375,3138.657142857143,0.8079761862754822,26.865238189697266,241.17142857142858,1554.0186767578125,1952.4285888671875,-0.47969046235084534,1045.8285714285714,1,518,1,0,0,41,12,43
0,115.0,0.05929304286837578,10933.0,214.83673469387736,11193.8330078125,26.200000762939453,3.433333396911621,18755.1328125,23.399999618530273,4.099999904632568,4.566666603088379,46.36666488647461,19116.666015625,3109.942857142857,0.8100476264953613,26.842857360839844,245.0,1563.7977294921875,1913.3143310546875,-0.5473333597183228,1047.4285714285713,0,518,1,0,0,41,24,46
0,138.0,0.1345496028661728,15051.0,201.55102040816308,8615.0,28.766666412353516,4.083333492279053,18379.19921875,22.983333587646484,4.0,4.599999904632568,46.099998474121094,21791.0,3071.714285714286,0.8103095293045044,26.859880447387695,256.1142857142857,1584.32275390625,1882.085693359375,-0.49371427297592163,1047.7428571428572,0,508,1,0,0,21,22,53
0,,0.0,12181.0,192.08163265306106,9515.8330078125,29.183332443237305,7.633333206176758,15950.349609375,21.366666793823242,4.199999809265137,4.699999809265137,45.016666412353516,19559.833984375,3193.2571428571428,0.8527619242668152,27.15226173400879,253.57142857142858,1575.8525390625,1905.1142578125,-0.5945952534675598,1058.6285714285714,1,508,1,0,1,41,4,
0,133.0,0.108323834836483,5690.0,182.59183673469371,12719.9443359375,27.71666717529297,6.883333206176758,18101.328125,22.61111068725586,4.433333396911621,4.661110877990723,43.35555648803711,19158.443359375,3282.6,0.8487619161605835,27.119524002075195,250.28571428571428,1564.3291015625,1902.8857421875,-0.6419285535812378,1055.2,0,508,1,0,0,21,13,50
0,146.0,0.34663626551628113,4872.0,171.75510204081615,12220.3330078125,27.899999618530273,6.366666793823242,19628.267578125,21.83333396911621,4.900000095367432,4.650000095367432,43.56666564941406,18574.5,3312.2,0.8591190576553345,27.167381286621094,249.94285714285715,1561.7431640625,1907.771484375,-0.6271904706954956,1057.6857142857143,1,508,1,0,0,41,14,57
0,56.0,0.16077536344528198,5476.0,178.7959183673468,10576.0,32.266666412353516,8.383333206176758,20006.94921875,21.066667556762695,4.400000095367432,4.699999809265137,43.016666412353516,17787.666015625,3407.4857142857145,0.8622857332229614,27.090713500976562,256.8285714285714,1574.14892578125,1856.6285400390625,-0.6295714378356934,1059.4,0,508,1,0,0,41,17,21
0,35.0,0.017103763297200203,14714.0,185.30612244897944,12954.111328125,27.127777099609375,6.349999904632568,21512.943359375,22.455554962158203,4.366666793823242,4.816666603088379,44.21666717529297,19285.111328125,3484.6857142857143,0.8723571300506592,27.044525146484375,255.34285714285716,1580.236572265625,1870.771484375,-0.6704285740852356,1067.057142857143,2,508,1,0,0,31,3,13
0,171.0,0.5416191816329956,9038.0,191.65306122448962,12981.666015625,30.91111183166504,10.188888549804688,19743.810546875,22.97222328186035,4.666666507720947,4.733333110809326,46.72777557373047,24043.77734375,3499.8,0.8626428842544556,26.94476318359375,262.34285714285716,1593.1229248046875,1836.971435546875,-0.6555952429771423,1063.142857142857,0,508,1,1,0,41,16,65
0,187.0,0.7799316048622131,4509.0,198.79591836734667,9542.8330078125,40.150001525878906,8.733333587646484,23529.583984375,27.649999618530273,5.699999809265137,4.800000190734863,35.11666488647461,26828.833984375,3557.2285714285713,0.8128095269203186,26.311071395874023,260.25714285714287,1609.0396728515625,1810.6856689453125,-0.647857129573822,1050.0857142857142,3,508,1,0,0,11,19,72
0,136.0,0.5769669413566589,7474.0,202.5918367346936,12278.3330078125,34.63333511352539,6.833333492279053,20219.0,22.399999618530273,4.800000190734863,4.699999809265137,42.08333206176758,19803.333984375,3547.3714285714286,0.8431428670883179,26.642976760864258,268.22857142857146,1610.4366455078125,1788.6571044921875,-0.6884285807609558,1056.6,0,508,1,0,0,21,31,61
0,91.0,0.30102622509002686,4215.0,205.73469387755074,8093.77783203125,34.877777099609375,8.355555534362793,22366.912109375,27.16111183166504,5.266666412353516,4.599999904632568,36.81111145019531,24321.4453125,3609.114285714286,0.8314762115478516,26.2884521484375,262.37142857142857,1600.228759765625,1777.028564453125,-0.7359761595726013,1047.3428571428572,1,508,1,0,0,21,11,36
0,160.0,0.02508551813662052,10089.0,209.9591836734691,7292.83349609375,38.11666488647461,5.9666666984558105,25036.3671875,23.149999618530273,4.400000095367432,4.800000190734863,32.33333206176758,21347.666015625,3655.6857142857143,0.8378333449363708,26.33761978149414,260.0571428571429,1595.99169921875,1771.5999755859375,-0.7704047560691833,1049.857142857143,2,508,1,0,0,21,4,62
0,154.0,0.0,5191.0,212.20408163265284,11886.0,40.483333587646484,7.0,20144.166015625,24.483333587646484,4.800000190734863,4.800000190734863,34.21666717529297,23954.666015625,3667.2285714285713,0.8074285984039307,25.872262954711914,262.0,1608.3394775390625,1739.771484375,-0.8175952434539795,1038.142857142857,5,508,1,0,0,31,13,74
0,202.0,0.19840364158153534,5852.0,209.55102040816308,8230.0,32.349998474121094,7.683333396911621,20810.80078125,23.08333396911621,3.9000000953674316,4.800000190734863,34.08333206176758,20203.333984375,3631.1714285714284,0.8462142944335938,26.281665802001953,273.22857142857146,1612.0548095703125,1708.8857421875,-0.8650952577590942,1044.0857142857142,2,508,1,0,0,41,10,105
0,145.1884616481601,0.05929304286837578,6881.0,205.4285714285713,8649.22265625,37.488887786865234,7.349999904632568,20244.611328125,24.66666603088379,3.9000000953674316,4.983333110809326,36.594444274902344,23460.0,3622.9142857142856,0.8471666574478149,26.356189727783203,274.8285714285714,1612.942626953125,1705.2857666015625,-0.8679285645484924,1043.7428571428572,2,508,1,0,0,21,4,55
0,204.0,0.19384264945983887,16958.0,201.46938775510193,8877.0,33.75,10.766666412353516,21294.916015625,24.266666412353516,4.099999904632568,4.800000190734863,40.46666717529297,20064.5,3605.5714285714284,0.8730714321136475,26.433095932006836,279.3142857142857,1610.436767578125,1681.5999755859375,-0.9078571200370789,1045.2285714285715,4,508,1,0,0,21,16,78
0,129.0,0.1277080923318863,10763.0,199.48979591836726,8810.888671875,35.344444274902344,5.577777862548828,19585.123046875,22.127777099609375,3.3333334922790527,4.9666666984558105,37.81111145019531,19035.77734375,3574.0285714285715,0.8969047665596008,26.497976303100586,288.2,1621.1768798828125,1648.3714599609375,-0.913261890411377,1048.0857142857142,2,508,1,0,0,31,9,54
0,41.0,0.0,7663.0,196.87755102040808,8296.5,35.099998474121094,10.783333778381348,21893.0,22.08333396911621,3.799999952316284,4.883333206176758,37.099998474121094,19409.0,3578.285714285714,0.908214271068573,26.604642868041992,283.37142857142857,1616.734375,1670.3143310546875,-0.9207381010055542,1054.4571428571428,1,508,1,0,0,42,26,17
0,157.0,0.31470924615859985,7037.0,191.16326530612236,9922.0,32.599998474121094,10.016666412353516,18987.25,22.100000381469727,3.5999999046325684,4.900000095367432,39.79999923706055,21186.5,3583.342857142857,0.9036428928375244,26.469524383544922,290.9428571428571,1625.4637451171875,1607.5142822265625,-0.9362619519233704,1044.8,1,508,1,0,0,11,10,60
0,117.0,0.15735462307929993,4287.0,191.16326530612236,9443.1669921875,36.21666717529297,7.616666793823242,21309.56640625,23.0,3.5999999046325684,4.933333396911621,30.616666793823242,24115.333984375,3608.8285714285716,0.8765237927436829,26.11214256286621,285.77142857142854,1623.1962890625,1609.1142578125,-0.9459523558616638,1038.1142857142856,2,508,1,0,0,21,9,51
0,181.0,0.16533637046813965,3484.0,186.44897959183666,9391.0,44.43333435058594,4.666666507720947,22280.1171875,24.75,3.9000000953674316,4.75,29.91666603088379,23047.333984375,3703.0857142857144,0.8263095021247864,25.636308670043945,283.65714285714284,1628.2940673828125,1566.94287109375,-0.9540476202964783,1023.2,2,508,1,0,0,24,2,69
0,212.0,0.006841504946351051,7117.0,186.44897959183666,10290.5,42.81666564941406,6.099999904632568,19644.25,23.433332443237305,3.9000000953674316,4.75,25.700000762939453,19350.666015625,3722.5142857142855,0.8501666784286499,25.854761123657227,282.9714285714286,1616.0316162109375,1566.971435546875,-0.9856666922569275,1025.8,0,508,1,0,0,21,20,89
0,,0.0,26528.0,180.79591836734687,11388.8330078125,34.78333282470703,8.600000381469727,19899.716796875,20.899999618530273,3.5,5.016666889190674,33.41666793823242,19441.166015625,3726.5142857142855,0.9066190719604492,26.194286346435547,297.54285714285714,1626.778076171875,1505.2857666015625,-1.1049761772155762,1032.0857142857142,0,508,1,0,0,31,2,
0,155.0,0.07297605276107788,27397.0,180.4081632653061,9169.6669921875,40.400001525878906,5.2833333015441895,20192.517578125,21.733333587646484,3.200000047683716,4.900000095367432,29.266666412353516,19686.666015625,3738.6285714285714,0.9022856950759888,26.197023391723633,295.4,1623.7076416015625,1512.3714599609375,-1.0751667022705078,1032.2857142857142,0,508,1,0,0,31,11,69
0,126.0,0.0,15826.0,174.2244897959183,11304.0,42.68333435058594,6.066666603088379,18330.5,22.016666412353516,4.5,5.0,37.03333282470703,20282.333984375,3922.6285714285714,0.9276666641235352,26.30500030517578,300.0,1639.8702392578125,1487.4000244140625,-1.1148333549499512,1040.7142857142858,0,508,1,0,0,24,7,63
0,156.0,0.25427594780921936,8343.0,171.63265306122446,10485.666015625,41.016666412353516,5.266666889190674,19977.72265625,23.372220993041992,3.799999952316284,4.983333110809326,40.17222213745117,23539.666015625,3965.8,0.9065952301025391,26.029523849487305,309.2,1648.129638671875,1449.5999755859375,-1.1472618579864502,1027.7714285714285,0,508,1,0,0,21,32,61
0,,0.0,13890.0,168.44897959183672,8102.0,45.82777786254883,4.450000286102295,19725.5234375,21.794445037841797,2.9666666984558105,4.933333396911621,34.46666717529297,19794.5546875,4272.714285714285,0.8829047679901123,25.79488182067871,297.7142857142857,1642.5650634765625,1424.7142333984375,-1.205119013786316,1025.057142857143,1,508,1,0,0,31,4,
0,156.0,0.06499429792165756,24582.0,168.1836734693878,10440.0,41.79999923706055,7.916666507720947,19382.8828125,22.566667556762695,3.299999952316284,5.0,34.79999923706055,21101.666015625,4520.114285714286,0.8985000252723694,25.840356826782227,294.2857142857143,1647.8052978515625,1416.800048828125,-1.2900713682174683,1031.0285714285715,0,508,1,0,0,42,5,69
0,139.0,0.0,32767.0,162.10204081632654,9353.0,36.349998474121094,5.2166666984558105,18566.6328125,22.266666412353516,2.5999999046325684,5.016666889190674,43.81666564941406,20100.0,4595.085714285714,0.9416428804397583,26.2978572845459,306.25714285714287,1645.7725830078125,1374.3714599609375,-1.3864524364471436,1031.2571428571428,0,508,1,0,0,41,4,54
0,171.0,0.0,29761.0,160.3877551020408,9260.3330078125,30.233333587646484,7.233333110809326,17982.1328125,22.450000762939453,3.0,5.0,49.349998474121094,21490.333984375,4776.8,0.9570237994194031,26.43619155883789,309.8285714285714,1650.9931640625,1353.4285888671875,-1.5057381391525269,1033.857142857143,0,540,1,0,0,21,8,65
0,151.0,0.04104902967810631,27060.0,160.0204081632653,9785.6669921875,37.04999923706055,6.150000095367432,17920.232421875,23.100000381469727,2.5,5.0,43.96666717529297,20235.0,4819.857142857143,0.9234047532081604,26.113927841186523,311.45714285714286,1660.1414794921875,1339.2857666015625,-1.5205237865447998,1025.142857142857,4,540,1,0,0,31,6,78
0,172.0,0.4139110743999481,10697.0,160.22448979591834,8900.5,45.54999923706055,7.316666603088379,20778.650390625,24.616666793823242,2.5999999046325684,5.0,33.233333587646484,21141.0,5183.0,0.8924523591995239,25.70880889892578,307.6,1664.6170654296875,1306.5999755859375,-1.6992380619049072,1015.5142857142857,0,540,1,0,0,21,20,67
0,193.0,0.12998859584331512,4706.0,164.08163265306123,11489.3330078125,39.75,8.850000381469727,17789.43359375,22.983333587646484,2.4000000953674316,5.099999904632568,40.150001525878906,20240.666015625,5272.371428571429,0.927142858505249,26.080238342285156,317.54285714285714,1670.7845458984375,1285.6856689453125,-1.7952380180358887,1018.6857142857143,0,540,1,0,0,41,10,76
0,109.0,0.3865450322628021,5801.0,165.77551020408163,8910.3330078125,44.11666488647461,6.083333492279053,19718.533203125,24.633333206176758,2.299999952316284,4.866666793823242,34.099998474121094,22100.5,5352.971428571429,0.9450476169586182,26.287500381469727,328.34285714285716,1679.107666015625,1257.82861328125,-1.9286190271377563,1018.2285714285714,2,540,1,0,0,31,22,43
0,78.0,0.16647662222385406,2808.0,166.85714285714275,11410.8330078125,34.46666717529297,8.699999809265137,21479.583984375,23.983333587646484,2.299999952316284,5.016666889190674,42.349998474121094,27179.166015625,5505.314285714286,0.9400476217269897,26.209880828857422,326.65714285714284,1681.366455078125,1251.7427978515625,-2.009690523147583,1016.6285714285714,7,540,1,0,0,41,3,30
0,160.0,0.5667046904563904,3306.0,170.3469387755101,11057.833984375,41.116668701171875,8.227777481079102,19285.677734375,24.161109924316406,2.5999999046325684,5.066666603088379,33.77222442626953,22403.83203125,5501.371428571429,0.9025000333786011,25.75083351135254,325.48571428571427,1690.578857421875,1251.0,-1.997071385383606,1007.6,3,540,1,0,0,31,8,63
0,204.0,0.8209806084632874,1253.0,171.61224489795902,13478.0,46.38333511352539,9.949999809265137,20322.333984375,25.200000762939453,2.5999999046325684,4.916666507720947,31.549999237060547,24112.666015625,5631.4857142857145,0.8928571343421936,25.633689880371094,330.14285714285717,1697.716552734375,1233.7427978515625,-2.062357187271118,1002.8857142857142,2,540,1,0,0,41,4,79
0,131.0,0.08551881462335587,1794.0,172.71428571428555,8875.5,46.661109924316406,8.088889122009277,20848.466796875,24.46666717529297,2.2666666507720947,5.0,31.97222328186035,21171.833984375,5746.257142857143,0.8783809542655945,25.41428565979004,317.14285714285717,1686.667236328125,1254.6856689453125,-2.0641191005706787,1003.4,2,540,1,0,0,42,30,73
0,179.0,0.8107183575630188,1374.0,173.91836734693865,11112.8330078125,43.31666564941406,10.850000381469727,20145.916015625,24.816667556762695,2.5999999046325684,5.0,32.03333282470703,24121.666015625,5874.857142857143,0.9242380857467651,25.863571166992188,336.62857142857143,1698.51806640625,1207.0,-2.3060712814331055,1001.3142857142857,1,540,1,0,0,31,5,87
0,82.0,0.013683009892702103,6526.0,173.04081632653046,11784.6669921875,37.099998474121094,9.483333587646484,22160.400390625,24.700000762939453,2.5,5.300000190734863,40.45000076293945,26140.0,5790.428571428572,0.997785747051239,26.479881286621094,353.3142857142857,1709.1783447265625,1210.4571533203125,-2.481952428817749,1009.2571428571429,2,540,1,0,0,41,24,31
0,50.0,0.06157354637980461,7345.0,172.02040816326516,12116.8330078125,35.29999923706055,11.149999618530273,20401.982421875,24.366666793823242,2.700000047683716,5.300000190734863,41.03333282470703,23291.833984375,5883.342857142857,0.9906428456306458,26.310237884521484,345.85714285714283,1701.0318603515625,1225.5999755859375,-2.5523810386657715,1008.0,1,540,1,0,0,42,8,20
0,167.0,0.45724058151245117,5061.0,169.97916666666654,9725.0,42.400001525878906,8.666666984558105,23657.267578125,25.700000762939453,3.200000047683716,4.900000095367432,33.33333206176758,27422.333984375,5887.971428571429,0.97602379322052,26.028095245361328,345.9142857142857,1709.521240234375,1242.6285400390625,-2.5954761505126953,1006.2571428571429,0,540,1,0,0,21,28,63
0,137.0,0.7309008240699768,12532.0,169.40476190476178,10704.3330078125,42.31666564941406,6.800000190734863,22617.44921875,26.883333206176758,3.0,5.0,31.950000762939453,25791.833984375,5957.171428571429,0.9416666626930237,25.596786499023438,338.9428571428571,1716.5540771484375,1253.17138671875,-2.532738208770752,1003.6857142857143,2,540,1,0,0,21,15,56
1,333.0,0.42987456917762756,2512.0,292.9591836734692,14321.1669921875,30.316667556762695,2.316666603088379,25029.18359375,27.78333282470703,6.199999809265137,4.25,11.983333587646484,73393.3359375,675.8571428571429,0.6806190609931946,26.338214874267578,10.142857142857142,1293.6649169921875,2669.314208984375,-0.1955714225769043,1022.8285714285714,0,505,1,1,0,31,29,118
0,344.0,0.972633957862854,1030.0,308.44897959183646,13847.0,38.70000076293945,1.5833333730697632,23874.900390625,25.483333587646484,5.199999809265137,4.150000095367432,19.266666412353516,78364.5,760.4857142857143,0.6924999952316284,26.30261993408203,14.542857142857143,1310.859130859375,2578.8857421875,-0.541785717010498,1033.7142857142858,0,505,1,1,0,41,35,161
0,305.0,0.8905358910560608,1167.0,299.9183673469385,15962.5,36.41666793823242,0.21666666865348816,25334.94921875,25.799999237060547,4.900000095367432,4.183333396911621,25.649999618530273,29578.0,874.2,0.7165952324867249,26.41988182067871,29.571428571428573,1332.5013427734375,2543.71435546875,-0.7984523773193359,1040.0,0,505,1,1,0,31,25,143
0,367.0,0.9361459612846375,1071.0,302.3673469387752,13919.8330078125,33.79999923706055,0.699999988079071,22949.8671875,25.350000381469727,5.199999809265137,4.2833333015441895,31.299999237060547,26285.5,894.4571428571429,0.713357150554657,26.362857818603516,29.37142857142857,1329.5723876953125,2547.142822265625,-0.8468095064163208,1036.942857142857,0,505,1,1,0,21,25,172
0,308.0,0.9361459612846375,1084.0,300.3265306122447,17729.666015625,37.0,0.13333334028720856,25138.43359375,25.266666412353516,5.0,4.199999809265137,34.38333511352539,29512.833984375,960.3142857142857,0.6814047694206238,26.18488121032715,31.142857142857142,1331.1080322265625,2601.914306640625,-1.1793333292007446,1031.4,0,505,1,0,0,41,29,144
1,406.0,0.7879133224487305,3454.0,310.7346938775507,14174.0,36.5,0.75,21225.017578125,27.149999618530273,5.5,4.199999809265137,29.350000381469727,25021.833984375,957.1428571428571,0.6521666646003723,26.414880752563477,32.05714285714286,1335.801513671875,2624.971435546875,-1.3913333415985107,1033.0,0,496,1,0,1,42,15,170
0,361.0,0.9133409261703491,1051.0,284.6734693877548,14763.1669921875,32.21666717529297,0.30000001192092896,18019.666015625,28.433332443237305,4.699999809265137,4.25,34.516666412353516,21909.666015625,1007.9142857142857,0.6047381162643433,26.38857078552246,25.285714285714285,1326.491455078125,2596.914306640625,-0.9820238351821899,1026.4571428571428,0,496,1,1,0,21,26,163
1,231.0,0.4104903042316437,1121.0,263.77551020408146,16070.5,29.733333587646484,1.1333333253860474,22869.466796875,30.149999618530273,5.400000095367432,4.133333206176758,27.266666412353516,32388.333984375,1037.7142857142858,0.5944523811340332,26.496665954589844,26.914285714285715,1326.746826171875,2569.3427734375,-0.6692380905151367,1024.9142857142858,0,496,1,0,0,21,31,106
1,194.0,0.026225769892334938,6754.0,263.65306122448965,18018.22265625,31.066667556762695,2.605555534362793,19864.5390625,28.200000762939453,5.766666889190674,4.194444179534912,26.511112213134766,26784.5,1089.1714285714286,0.6058571338653564,26.63678550720215,26.885714285714286,1334.5179443359375,2562.742919921875,-0.4381190538406372,1033.9142857142858,0,474,1,0,0,31,19,79
1,38.0,0.0,6867.0,263.408163265306,21847.833984375,30.08333396911621,3.4833333492279053,23920.5,29.33333396911621,5.400000095367432,4.75,26.149999618530273,55183.33203125,1092.3142857142857,0.6190714240074158,26.733928680419922,24.857142857142858,1334.94091796875,2585.94287109375,-0.4033333361148834,1040.6285714285714,0,474,1,0,0,24,8,16
1,35.0,0.019384264945983887,10216.0,263.06122448979573,16743.5,27.149999618530273,0.6666666865348816,24562.599609375,28.149999618530273,5.300000190734863,4.183333396911621,22.66666603088379,25694.5,1134.4,0.6066190600395203,26.69333267211914,30.457142857142856,1326.920166015625,2539.54296875,-0.267214298248291,1026.6,0,474,1,0,0,42,3,12
1,362.0,0.19726340472698212,4475.0,264.6326530612243,15461.6669921875,25.838890075683594,0.25,22248.533203125,28.58333396911621,5.133333206176758,4.333333492279053,24.994443893432617,27354.22265625,1163.4571428571428,0.6062856912612915,26.703453063964844,29.97142857142857,1328.9569091796875,2557.314208984375,-0.13099999725818634,1029.6285714285714,0,474,1,0,0,42,9,164
0,334.0,0.7662485837936401,1511.0,286.7551020408161,17100.333984375,36.25,3.6500000953674316,19414.06640625,26.883333206176758,4.699999809265137,4.116666793823242,23.799999237060547,22956.0,1480.6,0.6168571710586548,26.813215255737305,35.65714285714286,1335.8572998046875,2479.8857421875,0.6399523615837097,1032.7428571428572,0,474,1,0,0,21,25,147
0,238.0,0.6624857187271118,1282.0,292.26530612244875,16213.3330078125,35.43333435058594,3.5999999046325684,20860.232421875,27.233333587646484,5.099999904632568,4.349999904632568,20.383333206176758,27644.333984375,1556.6571428571428,0.6213809251785278,26.8653564453125,37.77142857142857,1335.2247314453125,2448.371337890625,0.6784047484397888,1030.5714285714287,0,474,1,0,0,31,31,94
0,64.0,0.6316989660263062,1382.0,294.4285714285713,16001.0,28.799999237060547,2.5999999046325684,21203.783203125,27.950000762939453,5.5,4.166666507720947,21.91666603088379,28504.0,1536.8285714285714,0.6257380843162537,26.935832977294922,37.05714285714286,1335.18896484375,2439.8857421875,0.7123333215713501,1033.7714285714285,0,474,1,0,0,31,2,23
0,124.0,0.9156214594841003,1049.0,295.3877551020405,16372.1669921875,34.36111068725586,1.7666666507720947,19170.2109375,25.74444580078125,5.133333206176758,4.127777576446533,22.411109924316406,23111.27734375,1580.8,0.6250476241111755,26.905357360839844,40.34285714285714,1345.0394287109375,2425.800048828125,0.6985952258110046,1035.4,0,474,1,0,0,42,18,52
0,105.0,0.892816424369812,1034.0,295.4693877551018,15925.0,33.71666717529297,1.9833333492279053,20798.55078125,27.483333587646484,4.800000190734863,4.083333492279053,20.433332443237305,23106.0,1564.7714285714285,0.6246904730796814,26.925119400024414,40.22857142857143,1344.360107421875,2410.82861328125,0.7210476398468018,1035.942857142857,0,474,1,0,0,42,14,40
0,71.0,0.8711516261100769,1069.0,292.408163265306,17707.0,29.78333282470703,1.2999999523162842,18180.716796875,26.683332443237305,4.5,3.9833333492279053,19.649999618530273,22187.666015625,1588.9142857142858,0.6274762153625488,26.95964241027832,45.34285714285714,1355.6488037109375,2386.82861328125,0.741095244884491,1037.942857142857,0,474,1,0,0,42,8,23
1,317.0,0.45952108502388,1277.0,282.8775510204079,16278.27734375,33.72222137451172,1.7000000476837158,19204.73828125,26.938888549804688,5.300000190734863,4.083333492279053,14.327777862548828,22734.4453125,1707.5714285714287,0.6295952200889587,27.035715103149414,47.4,1360.1380615234375,2431.571533203125,0.5680952668190002,1038.7714285714285,0,474,1,0,0,21,26,139
0,267.0,0.46864309906959534,1142.0,275.79591836734664,18612.0,32.28333282470703,3.200000047683716,19095.25,25.66666603088379,4.400000095367432,4.199999809265137,14.583333015441895,22072.5,1757.4,0.6322619318962097,27.075952529907227,52.08571428571429,1379.0767822265625,2484.28564453125,0.5439524054527283,1045.6857142857143,0,474,1,0,0,21,20,118
1,245.0,0.14367160201072693,1925.0,274.285714285714,17107.166015625,39.599998474121094,2.1500000953674316,21831.482421875,26.41666603088379,5.0,4.150000095367432,13.733333587646484,23316.666015625,1744.8,0.6287857294082642,27.046903610229492,51.02857142857143,1379.7005615234375,2478.085693359375,0.5565476417541504,1047.2,0,474,1,0,0,31,16,105
0,163.0,0.7571265697479248,1086.0,272.4897959183671,17653.666015625,33.93333435058594,2.0333333015441895,19057.80078125,26.649999618530273,4.5,4.099999904632568,14.699999809265137,24673.0,1760.9142857142858,0.631595253944397,27.078094482421875,52.371428571428574,1380.5606689453125,2473.228515625,0.5727857351303101,1046.9714285714285,0,474,1,0,0,31,15,72
1,255.0,0.38996580243110657,1243.0,270.2244897959182,17352.77734375,34.06666564941406,1.7777777910232544,21067.22265625,25.46666717529297,4.266666889190674,4.099999904632568,12.477777481079102,26573.333984375,1814.6285714285714,0.6401190757751465,27.137619018554688,53.2,1381.765625,2480.371337890625,0.5580952167510986,1048.6285714285714,1,474,1,0,0,21,1,105
1,238.0,0.46408209204673767,4831.0,253.55102040816303,16362.0,33.16666793823242,0.5666666626930237,16071.9501953125,23.383333206176758,5.0,4.183333396911621,19.133333206176758,42131.0,1976.857142857143,0.657880961894989,27.232261657714844,56.34285714285714,1409.6514892578125,2419.05712890625,0.6171190738677979,1066.3142857142857,0,496,1,0,1,31,23,88
0,9.0,0.0,14835.0,244.40816326530592,,,,,,,,,,1978.6857142857143,0.6847857236862183,27.384523391723633,61.25714285714286,1420.199951171875,2421.971435546875,0.5433095097541809,1073.4571428571428,0,496,1,0,1,34,1,3
1,243.0,0.0,17438.0,246.99999999999983,17275.0,28.700000762939453,3.4833333492279053,15293.1337890625,24.616666793823242,4.800000190734863,4.266666889190674,22.316667556762695,40085.66796875,1932.6857142857143,0.6764761805534363,27.333690643310547,59.857142857142854,1421.7667236328125,2428.0,0.5865476131439209,1074.7142857142858,0,496,1,0,0,31,17,80
0,265.0,0.6043329238891602,4473.0,243.91836734693854,21580.833984375,35.61666488647461,4.933333396911621,18456.69921875,23.983333587646484,5.199999809265137,4.183333396911621,19.0,26832.166015625,1988.142857142857,0.701285719871521,27.409404754638672,64.91428571428571,1433.568115234375,2418.8857421875,0.5060714483261108,1080.7428571428572,1,497,1,0,0,21,4,89
0,268.0,0.7092360258102417,2503.0,243.91836734693854,19573.333984375,32.83333206176758,1.5166666507720947,18450.3828125,24.08333396911621,4.900000095367432,4.099999904632568,12.816666603088379,21251.0,2010.3428571428572,0.7003333568572998,27.361785888671875,63.02857142857143,1431.791259765625,2424.228515625,0.5098094940185547,1080.4285714285713,1,497,1,0,0,21,1,112
0,168.0,0.6841505169868469,1351.0,248.28571428571405,14644.8330078125,31.383333206176758,2.816666603088379,18588.05078125,23.183332443237305,4.300000190734863,4.0333333015441895,11.783333778381348,19199.333984375,2317.0,0.7550237774848938,27.518451690673828,64.11428571428571,1430.6646728515625,2476.257080078125,0.5612381100654602,1090.1142857142856,0,497,1,0,1,31,31,74
0,69.0,0.8027365803718567,1134.0,248.18367346938751,15524.4443359375,35.238887786865234,4.1777777671813965,20684.421875,22.827777862548828,4.433333396911621,4.044444561004639,11.866666793823242,17592.333984375,2318.2571428571428,0.7541904449462891,27.50881004333496,63.0,1431.0032958984375,2481.17138671875,0.5701904892921448,1091.5142857142857,0,497,1,0,1,42,8,29
0,242.0,0.7126567959785461,1089.0,251.26530612244875,12526.6669921875,36.08333206176758,2.6500000953674316,16964.982421875,23.266666412353516,5.0,3.933333396911621,14.516666412353516,18547.166015625,2814.2571428571428,0.8207857012748718,27.573095321655273,81.68571428571428,1407.0147705078125,2352.485595703125,0.4132857322692871,1071.5428571428572,1,497,1,0,1,42,2,113
1,145.0,0.0809578076004982,4228.0,251.26530612244875,,,,,,,,,,2827.6,0.8264999985694885,27.652856826782227,84.71428571428571,1414.82568359375,2334.428466796875,0.4463333189487457,1074.6,0,482,1,0,1,31,21,60
1,57.0,0.030786773189902306,1925.0,253.7959183673467,,,,,,,,,,2885.457142857143,0.8304047584533691,27.62738037109375,83.82857142857142,1417.822509765625,2290.571533203125,0.4774523675441742,1077.857142857143,0,482,1,1,0,31,1,19
1,299.0,0.0,3494.0,256.14285714285694,14334.6669921875,32.38333511352539,3.7166666984558105,18441.6328125,22.633333206176758,4.5,4.133333206176758,21.350000381469727,21210.333984375,2899.6285714285714,0.8346666693687439,27.630714416503906,83.45714285714286,1413.922119140625,2280.571533203125,0.47938093543052673,1076.2571428571428,0,482,1,1,0,21,3,105
1,240.0,0.013683009892702103,1793.0,258.5102040816325,12890.3330078125,38.516666412353516,4.333333492279053,16167.099609375,22.850000381469727,5.400000095367432,4.050000190734863,28.53333282470703,22554.333984375,2915.942857142857,0.8384047746658325,27.595476150512695,83.37142857142857,1405.645751953125,2268.71435546875,0.49704763293266296,1071.2285714285715,0,476,1,0,0,21,16,89
1,338.0,0.11402508616447449,2277.0,263.142857142857,15346.8330078125,39.71666717529297,4.449999809265137,17493.650390625,23.100000381469727,5.099999904632568,4.0333333015441895,32.13333511352539,22741.333984375,2978.6857142857143,0.859666645526886,27.6153564453125,85.68571428571428,1402.345947265625,2202.971435546875,0.5117619037628174,1069.8285714285714,1,476,1,1,0,41,30,162
1,96.0,0.0057012541219592094,1765.0,263.55102040816314,13920.3330078125,40.25,2.383333444595337,16444.55078125,24.33333396911621,4.300000190734863,4.183333396911621,35.650001525878906,24131.666015625,2973.1714285714284,0.8713809251785278,27.681072235107422,90.17142857142858,1410.4593505859375,2179.39990234375,0.5213809609413147,1073.6857142857143,0,476,1,1,0,21,2,34
1,295.0,0.0,2483.0,320.408163265306,13436.6669921875,42.06666564941406,3.1500000953674316,18025.150390625,22.316667556762695,4.599999904632568,4.183333396911621,27.28333282470703,22070.666015625,2873.1714285714284,0.9145238399505615,27.699167251586914,107.88571428571429,1393.3804931640625,2360.800048828125,0.3955000042915344,1054.6571428571428,1,476,1,0,0,31,18,132
1,217.0,0.24059292674064636,1815.0,317.3877551020406,13841.1669921875,40.96666717529297,3.049999952316284,16238.5,23.316667556762695,4.699999809265137,4.083333492279053,32.20000076293945,19663.0,2698.4285714285716,0.8994523882865906,27.456546783447266,112.05714285714286,1400.1068115234375,2355.0,0.3002857267856598,1050.9714285714285,0,476,1,0,1,41,3,92
0,416.0,0.8836944103240967,1042.0,316.8571428571426,12373.1669921875,37.78333282470703,2.700000047683716,17983.216796875,22.850000381469727,4.599999904632568,4.183333396911621,33.150001525878906,20538.0,2563.2,0.871833324432373,27.157499313354492,114.8,1409.995849609375,2303.742919921875,0.1997142881155014,1049.6,0,476,1,0,1,21,35,227
0,96.0,0.8996579051017761,1058.0,317.1632653061222,18018.0,35.099998474121094,4.516666889190674,18914.69921875,22.649999618530273,4.599999904632568,4.183333396911621,33.45000076293945,22500.5,2522.457142857143,0.8775476217269897,27.20142936706543,115.48571428571428,1408.7333984375,2294.742919921875,0.1806190460920334,1048.2285714285715,0,476,1,0,0,11,34,53
0,313.0,0.9315849542617798,1081.0,315.3877551020406,14598.6669921875,40.41666793823242,4.800000190734863,17308.033203125,22.633333206176758,4.400000095367432,4.233333110809326,30.5,21146.166015625,2516.5142857142855,0.880047619342804,27.29488182067871,112.31428571428572,1407.2220458984375,2288.8857421875,0.13247619569301605,1052.3714285714286,0,476,1,1,1,41,35,153
0,229.0,0.5119726061820984,1167.0,312.5918367346935,11138.0,39.21666717529297,4.983333110809326,17487.1171875,25.933332443237305,5.300000190734863,4.2833333015441895,31.03333282470703,56887.5,2466.8285714285716,0.8621904850006104,27.200237274169922,114.54285714285714,1429.970703125,2251.628662109375,0.11071427911520004,1059.857142857143,0,476,1,1,1,11,35,105
0,279.0,0.8038768768310547,1188.0,311.30612244897935,13131.3330078125,44.29999923706055,8.300000190734863,18190.6328125,26.649999618530273,5.099999904632568,4.2833333015441895,28.766666412353516,19099.333984375,2473.8285714285716,0.8566428422927856,27.1488094329834,106.54285714285714,1414.2769775390625,2264.39990234375,0.14533331990242004,1057.4571428571428,0,476,1,1,1,41,4,152
0,168.39401920116467,0.42759406566619873,1135.0,306.9183673469385,11459.22265625,40.43333053588867,2.905555486679077,16617.087890625,23.866666793823242,4.799999713897705,4.233333110809326,32.56111145019531,43115.66796875,2389.885714285714,0.8798571228981018,27.36571502685547,99.42857142857143,1429.072021484375,2188.971435546875,0.2359047681093216,1080.6,1,507,1,1,1,31,30,67
0,183.0,0.6476624608039856,1195.0,302.6530612244895,17485.5,35.900001525878906,5.366666793823242,17729.30078125,22.766666412353516,4.800000190734863,4.233333110809326,36.88333511352539,22933.166015625,2394.1428571428573,0.8690237998962402,27.23904800415039,98.31428571428572,1432.9898681640625,2182.514404296875,0.19738095998764038,1080.6,0,507,1,1,1,21,5,72
0,130.0,0.7468643188476562,1086.0,302.8571428571425,14545.3330078125,37.81666564941406,4.683333396911621,26363.56640625,23.08333396911621,5.099999904632568,4.25,30.46666717529297,20602.333984375,2413.342857142857,0.8494523763656616,26.92095184326172,96.45714285714286,1432.5335693359375,2206.028564453125,0.20902380347251892,1074.7142857142858,1,507,1,0,1,21,4,71
0,391.0,0.5404788851737976,3896.0,301.7142857142853,12052.6669921875,37.150001525878906,4.449999809265137,18758.150390625,27.899999618530273,5.800000190734863,4.25,31.433332443237305,23818.5,2425.4,0.8630714416503906,27.195594787597656,93.88571428571429,1425.5718994140625,2200.857177734375,0.20752382278442383,1080.2857142857142,0,507,1,0,0,31,20,191
0,248.0,0.8449258804321289,4694.0,303.6122448979589,15397.0,37.08333206176758,4.699999809265137,18005.19921875,23.483333587646484,4.400000095367432,4.25,31.899999618530273,17682.0,2457.0,0.8396190404891968,26.87928581237793,90.22857142857143,1419.7083740234375,2250.571533203125,0.2323095202445984,1074.2571428571428,0,507,1,0,0,31,28,110
0,166.0,0.6898517608642578,1142.0,307.6734693877547,14976.5,34.86666488647461,4.366666793823242,18829.166015625,25.516666412353516,5.0,4.183333396911621,34.56666564941406,24092.833984375,2467.0285714285715,0.8470714092254639,26.996667861938477,97.05714285714286,1428.0052490234375,2288.857177734375,0.23011907935142517,1074.2285714285715,0,507,1,0,0,42,35,68
0,167.0,0.049030788242816925,2042.0,310.8367346938771,13697.0,36.77777862548828,2.73888897895813,19173.298828125,22.883333206176758,4.900000095367432,4.316666603088379,35.155555725097656,23197.22265625,2494.1428571428573,0.8215476274490356,26.674365997314453,94.96190476190476,1422.0037841796875,2330.71435546875,0.2512698173522949,1067.2190476190476,1,507,1,0,0,11,21,81
0,252.0,0.7947548627853394,1044.0,315.0612244897957,15474.6669921875,36.06666564941406,7.683333396911621,21084.732421875,26.483333587646484,5.300000190734863,4.199999809265137,32.91666793823242,21773.666015625,2487.0857142857144,0.7978095412254333,26.465238571166992,101.22857142857143,1434.0325927734375,2318.971435546875,0.16554759442806244,1063.142857142857,2,507,1,0,0,21,12,99
0,301.0,0.758266806602478,1148.0,320.1632653061221,14211.8330078125,35.25,4.566666603088379,18814.25,22.700000762939453,4.599999904632568,4.25,31.016666412353516,21078.166015625,2547.5142857142855,0.7657619118690491,26.25083351135254,119.17142857142858,1440.662841796875,2315.6572265625,0.22464285790920258,1044.0285714285715,1,507,1,0,1,31,12,164
0,366.0,0.9258837103843689,1065.0,318.53061224489767,11252.0,36.16666793823242,6.666666507720947,19142.8671875,28.233333587646484,5.400000095367432,4.333333492279053,31.616666793823242,22965.333984375,2528.2285714285713,0.7340714335441589,25.854642868041992,122.77142857142857,1442.105224609375,2273.971435546875,0.2190714329481125,1031.5714285714287,0,507,1,0,1,31,21,199
1,433.0,0.14595210552215576,1563.0,299.42857142857116,12681.5,33.516666412353516,3.7833333015441895,17510.083984375,22.200000762939453,4.699999809265137,4.383333206176758,37.96666717529297,21698.166015625,2347.3142857142857,0.7423571348190308,26.23369026184082,163.77142857142857,1454.4830322265625,2083.628662109375,0.12730954587459564,1004.7142857142857,0,507,1,0,1,42,5,231
1,279.0,0.0,2458.0,294.4489795918365,11567.1669921875,30.08333396911621,5.183333396911621,16092.6669921875,21.950000762939453,4.099999904632568,4.349999904632568,40.86666488647461,18163.166015625,2326.542857142857,0.744523823261261,26.2886905670166,169.4857142857143,1456.2825927734375,2058.257080078125,0.10385715216398239,1001.0,0,507,1,0,1,34,1,149
0,298.0,0.597491443157196,1375.0,288.67346938775484,11924.8330078125,34.82777786254883,4.044444561004639,17452.966796875,22.672222137451172,4.5333333015441895,4.349999904632568,36.35555648803711,21517.72265625,2287.6,0.7281190752983093,26.198928833007812,183.94285714285715,1455.9381103515625,1958.971435546875,0.03588095307350159,983.1142857142858,1,507,1,0,1,31,10,150
1,377.0,0.49714937806129456,1086.0,277.6734693877549,12765.5,34.08333206176758,4.016666889190674,15804.9501953125,21.83333396911621,4.300000190734863,4.483333110809326,37.349998474121094,45132.5,2241.342857142857,0.7240952253341675,26.18059539794922,199.97142857142856,1457.667724609375,1876.2572021484375,-0.03440478816628456,965.7428571428571,0,507,1,0,1,41,30,177
0,307.0,0.5963512063026428,1313.0,273.1836734693876,11354.111328125,32.27777862548828,6.255555629730225,15901.0556640625,22.883333206176758,4.199999809265137,4.394444465637207,36.79999923706055,50308.22265625,2241.5714285714284,0.7291666865348816,26.2257137298584,198.9142857142857,1455.981689453125,1877.085693359375,-0.03130953013896942,967.7714285714286,3,507,1,0,1,31,6,120
0,200.0,0.8893956542015076,1027.0,269.14285714285694,11022.8330078125,39.516666412353516,6.5,18734.80078125,27.433332443237305,7.300000190734863,4.349999904632568,32.79999923706055,24383.5,2264.8,0.6763571500778198,25.653213500976562,199.94285714285715,1457.739501953125,1844.0,-0.05142856389284134,952.6285714285714,0,507,1,0,1,21,22,86
1,412.0,0.13683010637760162,2647.0,273.6530612244895,11667.6669921875,31.566667556762695,3.3499999046325684,16444.833984375,21.816667556762695,4.099999904632568,4.483333110809326,40.54999923706055,18183.0,2336.1714285714284,0.6715714335441589,25.8896427154541,224.14285714285714,1476.0035400390625,1728.914306640625,-0.25545236468315125,943.1714285714286,0,507,1,0,1,34,14,208
0,157.0,0.8574686646461487,1139.0,254.48979591836712,11373.3330078125,32.95000076293945,4.266666889190674,16884.666015625,21.78333282470703,4.400000095367432,4.583333492279053,40.53333282470703,21244.666015625,2357.4,0.6330237984657288,25.630714416503906,239.97142857142856,1489.7056884765625,1660.6285400390625,-0.5586904883384705,925.6285714285714,0,507,1,0,1,41,10,75
0,393.0,0.9281641840934753,1067.0,254.5510204081631,11693.0,39.983333587646484,4.366666793823242,19833.30078125,25.78333282470703,5.5,4.449999809265137,36.66666793823242,25654.0,2434.285714285714,0.6128095388412476,25.42976188659668,229.5142857142857,1479.3870849609375,1684.857177734375,-0.5841428637504578,923.5714285714286,0,518,1,1,0,11,17,190
0,409.0,0.9007982015609741,1117.0,258.83673469387736,11242.5,38.79999923706055,3.633333444595337,19102.650390625,24.733333587646484,4.5,4.550000190734863,35.43333435058594,24352.0,2588.7428571428572,0.6065475940704346,25.25881004333496,222.0857142857143,1486.408203125,1758.0,-0.5889047980308533,934.0,0,518,1,1,0,11,21,206
1,238.0,0.06841505318880081,2021.0,266.7755102040815,13467.6669921875,33.63333511352539,5.766666889190674,16947.75,23.616666793823242,4.300000190734863,4.5333333015441895,39.099998474121094,19340.333984375,3163.114285714286,0.640999972820282,25.621070861816406,232.45714285714286,1497.2652587890625,1743.5999755859375,-0.5150713920593262,946.0857142857143,0,518,1,1,0,31,9,97
0,221.0,0.45724058151245117,1034.0,247.12244897959155,10797.5,37.41666793823242,6.25,16725.416015625,22.049999237060547,4.300000190734863,4.550000190734863,40.25,18791.333984375,3261.8,0.6533095240592957,25.66857147216797,228.0857142857143,1519.213134765625,1824.3714599609375,-0.015261904336512089,975.4,0,518,1,0,0,21,3,83
0,104.0,0.8882554173469543,1159.0,241.83673469387728,10926.6669921875,37.31666564941406,3.2333333492279053,17549.966796875,23.28333282470703,4.5,4.583333492279053,39.11666488647461,24717.0,3319.2,0.6596428751945496,25.647737503051758,223.2,1514.972412109375,1852.3428955078125,0.1750476360321045,979.8285714285714,0,518,1,0,0,21,4,51
0,256.0,0.48232612013816833,5821.0,238.34693877550987,10754.388671875,36.86111068725586,5.7166666984558105,16677.1328125,22.494443893432617,4.166666507720947,4.550000190734863,38.43333435058594,19529.5,3337.657142857143,0.6589761972427368,25.60547637939453,222.11428571428573,1518.3729248046875,1861.5142822265625,0.24235711991786957,981.7142857142857,0,518,1,0,0,42,2,102
0,241.0,0.06385404616594315,2645.0,235.89795918367312,10077.0,35.54999923706055,1.850000023841858,17173.30078125,22.549999237060547,4.300000190734863,4.550000190734863,43.099998474121094,18532.0,3370.714285714286,0.6803809404373169,25.891071319580078,221.34285714285716,1519.084228515625,1877.7427978515625,0.32461902499198914,992.0571428571428,0,518,1,0,0,21,8,127
0,150.0,0.28050172328948975,12711.0,236.26530612244866,9624.3330078125,39.849998474121094,5.0333333015441895,21088.30078125,26.799999237060547,4.900000095367432,4.583333492279053,34.900001525878906,25630.0,3405.3714285714286,0.6779761910438538,25.74464225769043,221.85714285714286,1527.9029541015625,1878.5428466796875,0.14447619020938873,995.7428571428571,0,518,1,0,0,21,8,70
0,206.0,0.02508551813662052,15415.0,238.5714285714283,10870.8330078125,33.66666793823242,4.016666889190674,18233.232421875,21.96666717529297,4.400000095367432,4.5,41.983333587646484,24379.0,3431.7428571428572,0.6993333101272583,25.986547470092773,223.34285714285716,1531.552978515625,1887.82861328125,0.06404759734869003,1007.1142857142858,0,518,1,0,0,34,21,80
0,224.0,0.03192702308297157,2746.0,242.32653061224462,8863.6669921875,33.772220611572266,6.305555820465088,17968.767578125,23.89444351196289,4.366666793823242,4.644444465637207,44.43888854980469,22697.666015625,3453.457142857143,0.6986904740333557,25.951547622680664,223.8,1529.6788330078125,1883.5428466796875,-0.0682142898440361,1005.0857142857143,1,518,1,0,0,41,9,109
0,253.0,0.34891676902770996,1194.0,244.65306122448956,11383.1669921875,37.25,9.600000381469727,16769.25,22.03333282470703,4.400000095367432,4.599999904632568,40.18333435058594,20575.0,3411.6285714285714,0.7074999809265137,26.079761505126953,226.14285714285714,1536.051513671875,1894.3714599609375,-0.01454761903733015,1009.7714285714286,0,518,1,0,0,21,3,109
0,207.0,0.9498289823532104,1051.0,254.51020408163245,13795.6669921875,37.0,4.266666889190674,16829.43359375,21.883333206176758,4.5,4.483333110809326,37.04999923706055,20227.166015625,3409.457142857143,0.7323095202445984,26.324880599975586,226.88571428571427,1532.0888671875,1901.82861328125,-0.26397618651390076,1017.5142857142857,0,518,1,1,0,31,33,104
0,203.88790833070314,0.8323830962181091,1076.0,257.38775510204067,12826.8330078125,32.0,5.866666793823242,17698.033203125,23.016666412353516,4.699999809265137,4.483333110809326,42.766666412353516,20887.166015625,3416.885714285714,0.735785722732544,26.350357055664062,225.25714285714287,1530.03662109375,1906.4857177734375,-0.31385716795921326,1019.2857142857143,0,518,1,1,0,21,33,102
0,239.0,0.3534777760505676,1898.0,256.3877551020406,8773.0,34.849998474121094,3.0,18196.1171875,24.58333396911621,4.400000095367432,4.599999904632568,43.53333282470703,22405.833984375,3491.2,0.7496428489685059,26.382381439208984,226.17142857142858,1535.745849609375,1893.228515625,-0.4308333396911621,1025.7714285714285,1,518,1,0,0,11,2,91
0,199.0,0.29532498121261597,8087.0,253.6530612244896,10827.5,33.349998474121094,4.300000190734863,20219.333984375,23.683332443237305,4.300000190734863,4.566666603088379,42.04999923706055,24393.333984375,3352.8,0.7665714025497437,26.5334529876709,229.5142857142857,1541.3212890625,1924.5142822265625,-0.3900476396083832,1034.8,0,518,1,0,0,31,6,79
0,121.0,0.34093499183654785,3577.0,249.6326530612243,10268.0,32.28333282470703,3.683333396911621,19718.6328125,25.066667556762695,4.099999904632568,4.550000190734863,42.516666412353516,24541.333984375,3330.8,0.7762143015861511,26.589523315429688,229.94285714285715,1545.6907958984375,1922.5714111328125,-0.4264761805534363,1040.2,1,518,1,0,0,31,6,46
0,156.0,0.38996580243110657,1474.0,245.42857142857125,9870.3330078125,33.81666564941406,4.400000095367432,22133.8671875,25.0,4.699999809265137,4.683333396911621,42.95000076293945,24894.333984375,3271.057142857143,0.7851190567016602,26.652738571166992,234.2,1551.5972900390625,1921.971435546875,-0.44364285469055176,1041.8285714285714,2,518,1,0,0,21,12,71
0,138.0,0.3169897496700287,6773.0,230.36734693877534,8728.8330078125,32.53333282470703,5.349999904632568,20519.1171875,25.899999618530273,4.400000095367432,4.650000095367432,44.96666717529297,25318.833984375,3176.6285714285714,0.7962619066238403,26.647380828857422,239.65714285714284,1558.16162109375,1917.7427978515625,-0.5289523601531982,1042.3714285714286,1,518,1,0,0,31,31,55
0,157.0,0.49714937806129456,3958.0,212.9591836734692,10646.3330078125,30.450000762939453,4.7833333015441895,23358.56640625,23.16666603088379,4.800000190734863,4.599999904632568,44.31666564941406,23989.0,3146.114285714286,0.8086190223693848,26.773691177368164,243.88571428571427,1559.2725830078125,1894.085693359375,-0.5545000433921814,1043.1142857142856,0,518,1,0,0,21,6,60
1,89.0,0.25427594780921936,11471.0,202.3265306122447,9051.6669921875,25.71666717529297,6.449999809265137,19092.716796875,22.58333396911621,4.300000190734863,4.849999904632568,44.86666488647461,18457.333984375,3083.0285714285715,0.8279047608375549,27.007143020629883,255.54285714285714,1580.1356201171875,1869.82861328125,-0.5237380862236023,1050.5142857142857,3,518,1,0,0,31,8,34
0,170.0,0.05359179154038429,13954.0,195.42857142857127,14132.3330078125,31.983333587646484,8.533333778381348,18054.583984375,22.933332443237305,4.800000190734863,4.683333396911621,39.91666793823242,22179.166015625,3164.3714285714286,0.8666666746139526,27.228214263916016,255.68571428571428,1569.1668701171875,1871.800048828125,-0.6000000238418579,1056.2857142857142,0,508,1,0,1,11,14,84
0,104.0,0.24743443727493286,4653.0,188.91836734693862,11494.5,29.58333396911621,7.566666603088379,17859.849609375,23.28333282470703,4.699999809265137,4.599999904632568,45.266666412353516,23066.0,3259.942857142857,0.8401428461074829,27.013809204101562,248.85714285714286,1561.58203125,1883.5714111328125,-0.6280952095985413,1050.142857142857,0,508,1,0,0,41,10,39
1,97.0,0.08437856286764145,11679.0,183.40816326530597,10623.0,28.53333282470703,6.733333110809326,19381.099609375,21.41666603088379,4.699999809265137,4.599999904632568,42.983333587646484,18906.166015625,3352.0857142857144,0.8717142939567566,27.155834197998047,256.0285714285714,1573.622802734375,1862.3714599609375,-0.6405476331710815,1060.6,3,508,1,0,0,31,17,37
0,150.0,0.05017103627324104,13110.0,185.0816326530611,10712.6669921875,28.933332443237305,7.0,18987.166015625,21.600000381469727,4.699999809265137,4.449999809265137,44.16666793823242,18020.666015625,3416.0857142857144,0.8729047775268555,27.12047576904297,259.0285714285714,1578.241943359375,1839.3143310546875,-0.6534523963928223,1061.2857142857142,1,508,1,0,0,34,16,59
0,92.0,0.21094641089439392,8635.0,190.4489795918366,11419.1669921875,27.766666412353516,5.900000095367432,19668.81640625,21.299999237060547,4.5,4.766666889190674,43.28333282470703,20046.166015625,3499.057142857143,0.8693333268165588,26.989404678344727,257.1142857142857,1577.2178955078125,1838.4285888671875,-0.6952381134033203,1060.942857142857,1,508,1,0,0,21,7,36
0,146.0,0.3181299865245819,11038.0,192.34693877550998,9032.0,28.91666603088379,4.633333206176758,18830.333984375,21.883333206176758,4.199999809265137,4.666666507720947,42.650001525878906,17894.666015625,3532.657142857143,0.86814284324646,26.89023780822754,257.14285714285717,1580.719482421875,1831.2857666015625,-0.7046190500259399,1061.3714285714286,2,508,1,0,0,21,5,56
0,55.0,0.0,3107.0,199.97959183673444,9583.1669921875,29.08333396911621,3.933333396911621,18997.75,21.66666603088379,4.199999809265137,4.949999809265137,43.11666488647461,17830.833984375,3545.6285714285714,0.8754285573959351,26.8509521484375,265.0571428571429,1590.4005126953125,1786.8857421875,-0.7485952377319336,1059.142857142857,3,508,1,0,0,21,3,21
0,147.0,0.0,6745.0,200.95918367346917,8691.1669921875,29.116666793823242,8.833333015441895,19352.1171875,20.683332443237305,4.199999809265137,4.650000095367432,40.233333587646484,17270.833984375,3588.2,0.857285737991333,26.63785743713379,263.48571428571427,1591.482421875,1778.2857666015625,-0.748452365398407,1053.1142857142856,1,508,1,0,0,21,16,56
0,135.0,0.10376282781362534,3919.0,205.73469387755074,11220.1669921875,32.96666717529297,9.733333587646484,18891.75,22.399999618530273,5.099999904632568,4.900000095367432,41.81666564941406,23948.666015625,3588.2,0.857285737991333,26.63785743713379,263.48571428571427,1591.482421875,1778.2857666015625,-0.748452365398407,1053.1142857142856,1,508,1,0,0,31,17,51
0,160.0,0.3933865427970886,7785.0,205.04081632653043,11182.6669921875,32.77777862548828,4.47777795791626,20399.455078125,23.77777862548828,4.833333492279053,4.699999809265137,33.70000076293945,23090.4453125,3562.942857142857,0.8539761900901794,26.477262496948242,276.74285714285713,1620.0008544921875,1730.771484375,-0.7689048051834106,1051.5428571428572,1,508,1,0,0,21,2,71
0,178.0,0.2223489135503769,13409.0,206.85714285714272,9784.4443359375,35.93333435058594,8.050000190734863,20746.48828125,22.766666412353516,3.9000000953674316,4.883333206176758,39.18333435058594,19769.72265625,3603.4857142857145,0.8410714268684387,26.243452072143555,275.74285714285713,1618.064453125,1711.4285888671875,-0.838357150554657,1043.9142857142858,4,508,1,0,0,41,8,69
0,89.0,0.0741163045167923,18700.0,204.1224489795917,9290.57421875,36.3814811706543,7.224073886871338,21212.71875,23.994443893432617,4.422222137451172,4.937036991119385,35.640743255615234,23030.111328125,3582.0,0.8854047656059265,26.502737045288086,283.4,1614.8321533203125,1672.8857421875,-0.8804523944854736,1047.2,2,508,1,0,0,31,12,34
0,138.0,0.0,16796.0,205.4285714285713,7123.66650390625,34.81666564941406,4.166666507720947,19944.732421875,21.883333206176758,3.799999952316284,4.699999809265137,37.03333282470703,19072.0,3605.5714285714284,0.8730714321136475,26.433095932006836,279.3142857142857,1610.436767578125,1681.5999755859375,-0.9078571200370789,1045.2285714285715,2,508,1,0,0,21,14,57
0,192.35291889608376,0.1425313502550125,14760.0,201.46938775510193,8461.6669921875,36.400001525878906,7.400000095367432,22360.533203125,24.28333282470703,4.300000190734863,4.816666603088379,35.0,19067.666015625,3623.9142857142856,0.8703095316886902,26.338809967041016,276.0857142857143,1602.881103515625,1680.085693359375,-0.9245237708091736,1041.4,0,508,1,0,0,21,16,73
0,178.0,0.0,8481.0,196.85714285714283,7377.16650390625,37.650001525878906,8.533333778381348,20825.099609375,21.633333206176758,3.9000000953674316,4.699999809265137,36.71666717529297,18096.5,3610.7428571428572,0.870023787021637,26.3219051361084,281.7142857142857,1612.1695556640625,1651.2572021484375,-0.9240952134132385,1040.5428571428572,4,508,1,0,0,21,5,68
0,179.0,0.23147092759609222,6748.0,199.48979591836726,9096.0,39.099998474121094,6.583333492279053,21911.8671875,26.41666603088379,4.199999809265137,4.900000095367432,33.650001525878906,23481.166015625,3603.657142857143,0.8711904883384705,26.12392807006836,284.0857142857143,1617.4578857421875,1630.05712890625,-0.9273809194564819,1037.3142857142857,3,508,1,0,0,11,8,83
0,171.0,0.2827822268009186,9167.0,191.16326530612236,10905.6669921875,38.68333435058594,6.9666666984558105,21993.44921875,26.933332443237305,3.9000000953674316,4.900000095367432,28.96666717529297,22170.833984375,3606.4857142857145,0.8821428418159485,26.19845199584961,290.0285714285714,1623.7640380859375,1595.5999755859375,-0.9838333129882812,1036.6,0,508,1,0,0,21,20,66
0,88.0,0.4389965832233429,11437.0,185.32653061224477,8739.6669921875,36.016666412353516,6.583333492279053,21490.8671875,24.33333396911621,4.099999904632568,4.900000095367432,33.5,22776.0,3645.7714285714287,0.8597618937492371,25.77452278137207,291.6857142857143,1629.5107421875,1554.3143310546875,-1.0036427974700928,1025.3428571428572,0,508,1,0,0,21,21,34
0,95.0,0.19270239770412445,9434.0,182.55102040816314,9033.8330078125,35.849998474121094,6.983333110809326,18797.18359375,22.299999237060547,3.5,4.900000095367432,36.56666564941406,20702.666015625,3630.8571428571427,0.874833345413208,25.952381134033203,297.34285714285716,1635.29443359375,1542.857177734375,-1.0038095712661743,1029.0,3,508,1,0,0,21,21,39
0,176.0,0.0011402508243918419,15463.0,179.91836734693862,10345.22265625,35.64444351196289,6.433333396911621,19780.888671875,23.255556106567383,3.9666666984558105,4.94444465637207,36.849998474121094,20037.666015625,3682.0285714285715,0.8321904540061951,25.51357078552246,291.57142857142856,1634.9422607421875,1533.5714111328125,-0.9690952301025391,1016.5428571428571,3,508,1,0,0,34,11,99
0,161.0,0.08893956989049911,27700.0,176.8367346938774,10020.5556640625,35.38333511352539,5.066666603088379,19408.73828125,22.58333396911621,3.700000047683716,4.800000190734863,36.45000076293945,22449.111328125,3687.8476190476185,0.88570636510849,25.839643478393555,298.59999999998655,1630.3165283203125,1497.5428466796875,-1.1217539310455322,1024.1619047618924,1,508,1,0,0,31,11,61
0,157.0,0.2519954442977905,20148.0,173.04081632653046,9063.0,35.33333206176758,9.033333778381348,17987.30078125,22.08333396911621,3.5999999046325684,4.800000190734863,38.849998474121094,19085.333984375,3715.885714285714,0.9412142634391785,26.36964225769043,306.54285714285714,1628.3623046875,1474.05712890625,-1.1658095121383667,1032.2571428571428,1,508,1,0,0,21,8,60
0,86.0,0.0,10084.0,170.55102040816317,10801.8330078125,31.850000381469727,6.383333206176758,16868.400390625,19.450000762939453,3.5999999046325684,5.0,41.733333587646484,17603.833984375,3883.9714285714285,0.9421666860580444,26.40035629272461,308.2857142857143,1636.540283203125,1460.2572021484375,-1.1768571138381958,1034.8857142857144,7,508,1,0,0,21,14,39
0,104.0,0.43557581305503845,4689.0,167.81632653061217,9407.3330078125,37.25,5.5,19276.900390625,22.483333587646484,3.5999999046325684,4.800000190734863,39.45000076293945,20660.0,4192.542857142857,0.8664761781692505,25.546667098999023,298.54285714285714,1648.0626220703125,1429.228515625,-1.1913809776306152,1020.2285714285714,1,508,1,0,0,42,10,40
0,95.0,0.0,13043.0,164.36734693877543,8412.3330078125,39.33333206176758,7.916666507720947,18935.1171875,22.350000381469727,3.0999999046325684,4.900000095367432,35.20000076293945,21765.0,4326.628571428571,0.9155714511871338,26.014047622680664,304.9714285714286,1643.6937255859375,1390.4857177734375,-1.3093810081481934,1023.7428571428571,2,508,1,0,0,21,2,44
0,134.0,0.0,18720.0,161.36734693877546,8633.5,37.54999923706055,4.583333492279053,19646.5,22.58333396911621,3.200000047683716,4.900000095367432,40.66666793823242,21497.333984375,4405.914285714286,0.9199047684669495,26.009523391723633,308.77142857142854,1646.6448974609375,1373.5142822265625,-1.364119052886963,1023.2571428571429,2,508,1,0,0,31,22,51
0,126.0,0.11174458265304565,29404.0,158.6530612244897,8562.6669921875,41.349998474121094,7.050000190734863,19713.19921875,21.91666603088379,3.299999952316284,4.900000095367432,37.71666717529297,23352.666015625,4683.4857142857145,0.9043333530426025,25.751310348510742,302.14285714285717,1649.5133056640625,1360.4285888671875,-1.4251428842544556,1020.8857142857142,0,508,1,0,0,31,8,48
0,135.0,0.019384264945983887,32767.0,157.48979591836724,8347.3330078125,38.75,6.116666793823242,19034.1328125,23.28333282470703,3.0,4.900000095367432,34.43333435058594,24308.0,4777.0,0.9157381057739258,25.891189575195312,298.85714285714283,1641.9127197265625,1363.028564453125,-1.4364523887634277,1024.4285714285713,1,508,1,0,0,21,21,54
0,190.0,0.312428742647171,20625.0,157.57142857142844,9735.0,33.61666488647461,10.183333396911621,18576.232421875,24.58333396911621,2.700000047683716,4.916666507720947,43.78333282470703,21383.0,4973.685714285714,0.9049285650253296,25.847261428833008,315.0285714285714,1667.2637939453125,1309.6571044921875,-1.6595475673675537,1016.3142857142857,3,540,1,0,0,21,4,95
0,159.0,0.6852907538414001,9591.0,157.93877551020393,8155.0,41.54999923706055,4.900000095367432,20668.599609375,24.450000762939453,2.700000047683716,5.0,38.483333587646484,20167.333984375,5223.228571428572,0.8953095078468323,25.630952835083008,314.85714285714283,1671.176025390625,1279.82861328125,-1.764285683631897,1012.5142857142857,2,540,1,0,0,31,4,61
0,181.0,0.22576966881752014,6458.0,161.38775510204073,9762.1669921875,39.900001525878906,6.75,19144.083984375,25.03333282470703,2.5999999046325684,4.949999809265137,37.75,20505.5,5299.914285714286,0.8869524002075195,25.602975845336914,313.0285714285714,1674.82666015625,1278.771484375,-1.7730475664138794,1009.9428571428572,2,540,1,0,0,21,11,88
0,205.0,0.6932725310325623,1199.0,159.65306122448968,13230.6669921875,30.616666793823242,5.550000190734863,19733.333984375,23.600000381469727,3.0,5.0,47.29999923706055,20611.0,5528.314285714286,0.9163809418678284,25.924047470092773,329.1142857142857,1683.15234375,1230.5142822265625,-2.011047601699829,1009.9428571428572,3,540,1,1,0,31,23,80
0,165.0,0.9361459612846375,1136.0,166.85714285714275,11526.77734375,37.2055549621582,6.416666507720947,21980.171875,24.00555419921875,3.0333333015441895,4.97777795791626,39.96666717529297,22041.166015625,5545.4,0.9134761691093445,25.90166664123535,327.6,1686.88525390625,1239.028564453125,-2.010833263397217,1010.7428571428571,2,540,1,1,0,21,1,63
0,163.0,0.7331812977790833,2102.0,174.18367346938766,12132.1669921875,30.96666717529297,9.233333587646484,23232.43359375,23.5,2.9000000953674316,5.050000190734863,47.81666564941406,22725.666015625,5904.4,0.9691904783248901,26.225000381469727,356.6857142857143,1707.4468994140625,1174.028564453125,-2.4994285106658936,997.3714285714286,2,540,1,1,0,21,2,62
0,89.0,0.1425313502550125,5646.0,172.65306122448968,12691.3330078125,29.44444465637207,6.705555438995361,21057.716796875,24.46666717529297,2.200000047683716,5.099999904632568,50.92777633666992,25551.5,6205.942857142857,0.9951428771018982,26.368572235107422,353.0857142857143,1697.8118896484375,1176.6856689453125,-2.6095237731933594,1000.8,0,540,1,1,0,21,4,34
0,123.0,0.38768529891967773,12643.0,171.3333333333332,10824.1669921875,38.11666488647461,13.25,22499.982421875,25.450000762939453,3.0,5.0,41.95000076293945,24735.666015625,6337.228571428572,0.9828333258628845,26.074642181396484,347.1714285714286,1701.6888427734375,1191.228515625,-2.6108572483062744,1003.7142857142857,2,540,1,0,0,11,22,47
0,179.0,0.37628278136253357,9055.0,168.99999999999991,11961.0,28.866666793823242,9.105555534362793,19164.8671875,23.2722225189209,3.0,5.144444465637207,48.405555725097656,22402.72265625,6218.4857142857145,0.9886428713798523,26.15095329284668,344.7142857142857,1702.1680908203125,1211.5714111328125,-2.607642889022827,1007.4285714285714,2,540,1,0,0,21,4,68
0,94.0,0.10604333132505417,8586.0,167.82499999999987,10736.8330078125,31.399999618530273,9.199999809265137,17602.31640625,21.366666793823242,2.5999999046325684,5.5,47.38333511352539,19464.333984375,6408.942857142857,1.0078095197677612,26.129762649536133,347.34285714285716,1712.0828857421875,1218.7427978515625,-2.705571413040161,1008.0857142857143,5,540,1,0,0,31,15,36
0,356.0,0.9623717069625854,1041.0,304.0408163265304,15115.5,32.233333587646484,0.6499999761581421,22406.333984375,25.0,5.199999809265137,4.199999809265137,28.950000762939453,24205.333984375,920.8285714285714,0.7116190195083618,26.359880447387695,29.228571428571428,1331.3475341796875,2554.971435546875,-0.8204285502433777,1036.6285714285714,0,505,1,1,0,21,25,168
1,262.0,0.13226909935474396,3364.0,303.3673469387753,14707.5,33.95000076293945,0.20000000298023224,24005.6171875,25.200000762939453,5.199999809265137,4.233333110809326,20.799999237060547,46635.16796875,931.5142857142857,0.7206666469573975,26.501785278320312,31.02857142857143,1331.4638671875,2546.1142578125,-0.864976167678833,1039.0,0,505,1,1,0,41,31,93
0,146.0,0.9509692192077637,1041.0,268.0612244897957,20694.666015625,31.25,3.7166666984558105,21977.19921875,30.0,6.0,4.183333396911621,30.200000762939453,39085.66796875,1044.2571428571428,0.5918809771537781,26.317975997924805,26.057142857142857,1320.9249267578125,2598.94287109375,-0.8776666522026062,1018.4857142857143,0,474,1,1,0,42,15,67
0,283.0,0.9532496929168701,1041.0,262.8571428571427,19248.333984375,29.21666717529297,1.25,22581.966796875,27.983333587646484,5.800000190734863,4.183333396911621,36.349998474121094,27357.666015625,1069.1714285714286,0.5932142734527588,26.423213958740234,30.37142857142857,1323.012939453125,2571.28564453125,-0.7942380905151367,1016.8571428571429,0,474,1,0,1,42,29,130
0,321.0,0.8301026225090027,1939.0,265.2857142857141,17117.0,25.21666717529297,1.899999976158142,20644.5,28.983333587646484,5.599999904632568,4.25,34.56666564941406,28502.333984375,1108.3142857142857,0.600690484046936,26.572023391723633,30.914285714285715,1327.086181640625,2556.514404296875,-0.5385714173316956,1022.6285714285714,0,474,1,0,0,24,35,124
0,86.0,0.6442417502403259,1435.0,263.65306122448965,19887.166015625,29.71666717529297,2.133333444595337,22465.55078125,28.566667556762695,5.199999809265137,4.25,29.433332443237305,30706.666015625,1087.0857142857142,0.5958333015441895,26.54916763305664,28.62857142857143,1327.244873046875,2555.94287109375,-0.4908333420753479,1024.0285714285715,0,474,1,0,0,41,16,39
1,238.0,0.21208666265010834,10775.0,267.28571428571416,,31.700000762939453,3.616666555404663,,30.766666412353516,5.599999904632568,4.133333206176758,26.149999618530273,,1134.4,0.6066190600395203,26.69333267211914,30.457142857142856,1326.920166015625,2539.54296875,-0.267214298248291,1026.6,0,474,1,0,0,42,26,84
1,260.0,0.1892816424369812,4646.0,267.28571428571416,17974.611328125,31.53333282470703,0.8500000238418579,20902.078125,27.63888931274414,6.066666603088379,4.27222204208374,25.033334732055664,24344.22265625,1161.3714285714286,0.607285737991333,26.694881439208984,31.428571428571427,1327.5523681640625,2547.228515625,-0.2234523892402649,1026.3714285714286,0,474,1,0,0,42,25,106
1,248.0,0.3169897496700287,2018.0,295.06122448979585,19807.5,30.53333282470703,1.600000023841858,19586.599609375,30.28333282470703,5.400000095367432,4.2833333015441895,27.53333282470703,24088.0,1454.5428571428572,0.6139285564422607,26.794048309326172,35.142857142857146,1325.25439453125,2556.228515625,0.40528571605682373,1024.8285714285714,0,474,1,0,0,31,18,99
1,311.0,0.0,1980.0,291.36734693877537,18652.5,35.88333511352539,0.3166666626930237,19329.93359375,29.28333282470703,5.400000095367432,4.183333396911621,18.933332443237305,24720.0,1451.3714285714286,0.6176666617393494,26.837976455688477,35.142857142857146,1327.8067626953125,2532.514404296875,0.5003571510314941,1027.9714285714285,0,474,1,0,0,31,35,114
0,220.0,0.9669327139854431,1027.0,287.32653061224477,16968.333984375,37.91666793823242,2.4000000953674316,21078.716796875,27.71666717529297,5.0,4.183333396911621,23.03333282470703,32872.5,1559.4285714285713,0.6165000200271606,26.825239181518555,36.77142857142857,1334.25390625,2486.45703125,0.6185476183891296,1029.5142857142857,0,474,1,0,0,42,19,97
0,81.0,0.9509692192077637,1078.0,290.4897959183672,17478.166015625,37.650001525878906,2.633333444595337,21484.30078125,27.75,5.599999904632568,4.183333396911621,22.433332443237305,23512.166015625,1624.3142857142857,0.6225000023841858,26.83868980407715,36.91428571428571,1336.7550048828125,2485.628662109375,0.6585714221000671,1032.0285714285715,0,474,1,0,0,42,9,28
0,329.0,0.9669327139854431,1030.0,292.4285714285712,16891.333984375,34.81666564941406,2.4000000953674316,18725.517578125,26.41666603088379,5.599999904632568,4.050000190734863,23.933332443237305,21661.166015625,1629.6285714285714,0.6223571300506592,26.84559440612793,37.08571428571429,1337.5968017578125,2478.914306640625,0.6683333516120911,1032.4,0,474,1,0,0,42,19,140
0,259.0,0.6180159449577332,1071.0,273.1020408163264,18488.166015625,39.36666488647461,2.7666666507720947,19063.6328125,24.733333587646484,4.5,4.099999904632568,21.316667556762695,22708.833984375,1813.142857142857,0.6299047470092773,27.007619857788086,51.285714285714285,1376.376220703125,2513.05712890625,0.53852379322052,1043.0285714285715,0,474,1,0,0,21,21,107
1,311.0,0.2497149407863617,1428.0,273.1020408163264,19213.333984375,37.95000076293945,1.5333333015441895,27744.966796875,24.899999618530273,5.0,4.199999809265137,21.28333282470703,23376.166015625,1819.7428571428572,0.6329047679901123,27.054405212402344,51.4,1377.525390625,2523.0,0.5399523973464966,1044.6857142857143,0,474,1,0,0,21,27,132
1,262.0,0.2702394425868988,2031.0,271.20408163265296,20026.666015625,36.38333511352539,2.116666555404663,21117.19921875,28.133333206176758,5.099999904632568,4.183333396911621,11.966666221618652,23378.333984375,1800.7142857142858,0.6339285969734192,27.085952758789062,51.17142857142857,1376.2347412109375,2517.742919921875,0.5508809685707092,1044.7714285714285,0,474,1,0,0,42,21,116
1,198.0,0.0,14434.0,246.0204081633606,19605.111328125,33.47222137451172,1.350000023841858,19135.72265625,26.755556106567383,5.233333110809326,4.199999809265137,15.688888549804688,33238.33203125,2024.3142857142857,0.6807619333267212,27.326904296875,61.17142857142857,1414.9224853515625,2404.742919921875,0.5241904854774475,1067.8857142857144,0,496,1,0,1,34,17,80
1,144.0,0.0,13228.0,247.28571428571408,21175.5,32.61666488647461,0.9666666388511658,19969.81640625,24.133333206176758,5.099999904632568,4.2833333015441895,16.983333587646484,39184.0,1980.9142857142858,0.6855476498603821,27.393571853637695,60.8,1418.4815673828125,2423.085693359375,0.5486666560173035,1073.2,0,496,1,0,1,34,33,48
1,84.0,0.011402508243918419,14045.0,244.40816326530592,26414.5,34.16666793823242,6.0333333015441895,30577.732421875,29.46666717529297,5.699999809265137,4.650000095367432,14.933333396911621,35860.33203125,1975.7714285714285,0.6847857236862183,27.35333251953125,62.22857142857143,1425.0445556640625,2421.771484375,0.538690447807312,1075.0857142857142,0,496,1,0,1,31,32,32
0,181.0,0.5404788851737976,2716.0,243.9591836734691,13436.6669921875,32.21666717529297,1.4666666984558105,18613.349609375,22.21666717529297,4.400000095367432,4.083333492279053,17.933332443237305,18590.333984375,2001.2857142857142,0.6850476264953613,27.253334045410156,64.97142857142858,1433.089111328125,2400.514404296875,0.4682142734527588,1075.1142857142856,2,497,1,0,1,21,4,63
1,89.0,0.17901939153671265,2406.0,245.8775510204079,17144.333984375,37.70000076293945,2.183333396911621,19230.06640625,23.66666603088379,4.599999904632568,4.183333396911621,20.633333206176758,26393.0,2057.7428571428572,0.6888333559036255,27.292024612426758,64.85714285714286,1427.43408203125,2394.71435546875,0.4561428427696228,1072.5142857142857,0,497,1,0,0,31,13,36
0,182.0,0.25313568115234375,1785.0,248.9387755102039,15293.5,34.18333435058594,3.200000047683716,18230.05078125,23.66666603088379,4.300000190734863,4.050000190734863,9.300000190734863,20994.833984375,2327.3142857142857,0.7541666626930237,27.487499237060547,64.42857142857143,1432.5528564453125,2461.800048828125,0.5250238180160522,1090.6285714285714,0,497,1,0,1,31,33,79
0,89.0,0.3979475498199463,1359.0,248.28571428571405,15676.1669921875,34.016666412353516,2.0999999046325684,18741.267578125,23.5,4.699999809265137,4.083333492279053,10.300000190734863,19702.333984375,2335.714285714286,0.7574999928474426,27.511547088623047,64.11428571428571,1428.9976806640625,2472.800048828125,0.5569285750389099,1089.6571428571428,0,497,1,0,1,42,31,38
0,138.0,0.6978335380554199,1097.0,249.87755102040796,12838.6669921875,45.766666412353516,2.816666603088379,17388.833984375,22.933332443237305,4.699999809265137,3.950000047683716,22.616666793823242,23109.666015625,2478.714285714286,0.7937856912612915,27.590476989746094,74.2,1420.8782958984375,2501.257080078125,0.4708095192909241,1081.2,2,497,1,0,1,24,2,51
0,77.0,0.8129988312721252,1203.0,248.02040816326507,15971.3330078125,40.56666564941406,2.5166666507720947,17961.599609375,23.049999237060547,4.800000190734863,3.9833333492279053,19.96666717529297,22990.0,2618.457142857143,0.8048571348190308,27.59940528869629,76.6,1413.69189453125,2492.771484375,0.4533095359802246,1076.6285714285714,0,497,1,0,1,42,18,27
1,,0.0057012541219592094,3710.0,250.57142857142836,17319.833984375,33.31666564941406,2.0833332538604736,16710.166015625,23.049999237060547,4.5,4.050000190734863,28.899999618530273,20702.0,2726.6285714285714,0.8144047856330872,27.587142944335938,82.02857142857142,1414.3677978515625,2456.742919921875,0.441738098859787,1073.3428571428572,1,497,1,0,1,34,2,
1,82.0,0.0,3989.0,252.10204081632637,13345.6669921875,32.733333587646484,3.7333333492279053,18310.06640625,23.633333206176758,4.800000190734863,4.083333492279053,26.016666412353516,23545.0,2777.657142857143,0.8320476412773132,27.700714111328125,85.28571428571429,1417.2115478515625,2433.771484375,0.4234761893749237,1074.7428571428572,1,482,1,0,1,21,3,37
1,270.0,0.0,3447.0,253.42857142857125,16211.6669921875,31.316667556762695,3.9000000953674316,17868.93359375,24.96666717529297,5.0,4.349999904632568,21.799999237060547,29433.833984375,2808.6857142857143,0.820976197719574,27.653690338134766,87.0,1419.884765625,2352.742919921875,0.44630953669548035,1073.2,0,482,1,0,0,34,26,94
1,195.0,0.19384264945983887,2318.0,253.7959183673467,14256.6669921875,38.43333435058594,3.5333333015441895,19937.482421875,22.066667556762695,4.400000095367432,4.083333492279053,22.299999237060547,23980.166015625,2873.1428571428573,0.8262618780136108,27.581071853637695,84.31428571428572,1416.94970703125,2322.257080078125,0.4669285714626312,1074.8,0,482,1,1,0,31,11,91
0,192.2039801281622,0.3318130075931549,1402.0,256.14285714285694,12229.3330078125,33.66666793823242,6.383333206176758,18586.06640625,23.5,4.900000095367432,4.0333333015441895,19.899999618530273,18187.333984375,2909.6285714285714,0.8329523801803589,27.5771427154541,83.0,1408.520751953125,2302.1142578125,0.47976192831993103,1072.4285714285713,0,482,1,0,0,42,12,69
1,163.0,0.47092360258102417,1081.0,267.89795918367344,13529.1669921875,33.25,2.9166667461395264,16003.56640625,21.649999618530273,5.5,3.950000047683716,32.54999923706055,19867.833984375,2985.8571428571427,0.8719285726547241,27.474761962890625,91.4,1392.2689208984375,2248.628662109375,0.5052856802940369,1058.4857142857143,1,476,1,1,0,41,19,69
0,200.0,0.5233751535415649,1469.0,325.87755102040796,11499.5,35.233333587646484,2.75,15364.1162109375,21.233333587646484,4.699999809265137,4.083333492279053,33.733333587646484,17303.166015625,2773.5714285714284,0.9151904582977295,27.60285758972168,113.62857142857143,1400.1298828125,2366.800048828125,0.38990476727485657,1051.9714285714285,0,476,1,0,1,31,23,106
1,170.0,0.40935006737709045,1565.0,318.8979591836731,14790.5,36.21666717529297,4.4666666984558105,16666.94921875,21.28333282470703,5.0,4.2833333015441895,36.68333435058594,21120.5,2677.4285714285716,0.91009521484375,27.514047622680664,109.48571428571428,1391.1231689453125,2361.0,0.30226191878318787,1048.5714285714287,0,476,1,0,1,41,2,70
0,151.0,0.7491447925567627,1241.0,317.8979591836732,13934.0,36.43333435058594,2.7833333015441895,26058.19921875,24.950000762939453,5.0,4.183333396911621,31.516666412353516,20356.0,2507.3142857142857,0.8846666812896729,27.27059555053711,115.45714285714286,1405.728759765625,2294.60009765625,0.16552381217479706,1048.0,0,476,1,0,0,21,2,79
0,281.0,0.37400227785110474,1195.0,317.9387755102038,13101.0,41.38333511352539,3.0833332538604736,20338.6171875,22.450000762939453,4.800000190734863,4.183333396911621,31.96666717529297,20245.0,2505.114285714286,0.8806904554367065,27.18297576904297,112.0,1402.7489013671875,2299.228515625,0.1504523903131485,1047.6571428571428,1,476,1,0,0,41,21,143
0,92.0,0.4173318147659302,1235.0,315.3877551020406,13603.4443359375,40.11111068725586,3.0722222328186035,18719.37890625,24.149999618530273,4.666666507720947,4.150000095367432,30.08888816833496,20753.22265625,2499.8,0.8822380900382996,27.288808822631836,113.62857142857143,1408.276611328125,2283.6572265625,0.13376189768314362,1051.2571428571428,0,476,1,0,0,31,26,42
1,335.0,0.0877993181347847,2097.0,314.99999999999983,,39.06666564941406,4.366666793823242,,21.899999618530273,5.0,4.183333396911621,35.03333282470703,,2465.7428571428572,0.8743095397949219,27.254167556762695,116.57142857142857,1423.642333984375,2255.485595703125,0.11514286696910858,1056.1714285714286,0,476,1,1,1,31,30,138
0,196.0,0.6396807432174683,1369.0,306.816326530612,13839.1669921875,36.733333587646484,4.150000095367432,15770.4833984375,22.683332443237305,4.699999809265137,4.2833333015441895,33.5,19871.5,2413.1714285714284,0.8828571438789368,27.25154685974121,102.11428571428571,1427.8038330078125,2233.085693359375,0.19840475916862488,1075.6857142857143,1,507,1,0,1,21,6,107
0,297.0,0.8187001347541809,1121.0,303.89795918367315,14141.8330078125,35.33333206176758,3.7666666507720947,18003.900390625,23.766666412353516,4.400000095367432,4.199999809265137,34.29999923706055,19890.166015625,2448.457142857143,0.8646904826164246,27.092975616455078,92.82857142857142,1420.3570556640625,2239.371337890625,0.19538095593452454,1076.0285714285715,1,507,1,0,1,31,11,149
0,86.0,0.13911060988903046,4181.0,303.9999999999996,13378.6669921875,36.099998474121094,2.866666555404663,20175.1328125,23.899999618530273,5.0,4.25,31.483333587646484,19890.666015625,2424.0285714285715,0.8618333339691162,26.99250030517578,99.25714285714285,1430.9732666015625,2230.05712890625,0.20697620511054993,1074.2285714285715,2,507,1,0,0,11,15,34
0,168.0,0.27936145663261414,1695.0,305.93877551020375,12384.1669921875,33.95000076293945,4.900000095367432,17206.55078125,21.983333587646484,4.400000095367432,4.2833333015441895,30.866666793823242,19594.5,2424.0285714285715,0.8723571300506592,27.219404220581055,104.05714285714286,1435.234130859375,2249.60009765625,0.2460714429616928,1080.9142857142858,2,507,1,0,0,42,11,86
0,84.0,0.18358038365840912,2271.0,307.6734693877547,11996.1669921875,36.13333511352539,3.633333444595337,17421.93359375,21.5,4.300000190734863,4.25,31.049999237060547,20341.666015625,2424.0285714285715,0.8723571300506592,27.219404220581055,104.05714285714286,1435.234130859375,2249.60009765625,0.2460714429616928,1080.9142857142858,1,507,1,0,0,31,23,39
0,100.0,0.4446978271007538,1881.0,310.8367346938771,14274.3330078125,37.16666793823242,3.25,19162.333984375,22.66666603088379,4.599999904632568,4.199999809265137,35.66666793823242,19263.5,2505.457142857143,0.8338333368301392,26.820714950561523,94.02857142857142,1421.0157470703125,2340.771484375,0.2742857038974762,1070.057142857143,2,507,1,0,0,31,5,37
0,316.0,0.7035347819328308,1415.0,314.0612244897956,11906.1669921875,35.71666717529297,3.2666666507720947,20207.150390625,24.066667556762695,5.5,4.150000095367432,31.933332443237305,21192.5,2504.6857142857143,0.7860000133514404,26.191667556762695,100.6,1431.6875,2362.82861328125,0.2675238251686096,1057.9714285714285,1,507,1,0,0,31,3,157
0,68.0,0.8950968980789185,1084.0,317.2448979591835,13377.6669921875,37.36666488647461,3.5,18128.43359375,22.766666412353516,4.400000095367432,4.183333396911621,31.41666603088379,18847.833984375,2522.8285714285716,0.8035714030265808,26.46047592163086,105.77142857142857,1431.9722900390625,2422.028564453125,0.3495238125324249,1057.6,3,507,1,0,1,21,3,37
0,181.0,0.6738882660865784,1107.0,320.3877551020406,12011.6669921875,38.06666564941406,2.133333444595337,18315.466796875,21.866666793823242,4.099999904632568,4.25,32.88333511352539,18249.666015625,2557.4857142857145,0.776285707950592,26.295238494873047,111.48571428571428,1432.963134765625,2368.8857421875,0.24857144057750702,1048.6285714285714,1,507,1,0,1,41,9,78
0,298.3955496215619,0.8586089015007019,1104.0,319.1836734693875,15572.77734375,35.9555549621582,3.799999952316284,19240.494140625,24.072221755981445,4.933333396911621,4.2166666984558105,30.294445037841797,20500.611328125,2544.9142857142856,0.771309494972229,26.285715103149414,119.91428571428571,1438.5718994140625,2338.428466796875,0.233071431517601,1043.142857142857,0,507,1,0,1,31,13,163
1,339.0,0.49714937806129456,1223.0,304.1020408163263,14027.3330078125,34.36666488647461,4.050000190734863,16613.43359375,22.133333206176758,4.599999904632568,4.300000190734863,36.20000076293945,20915.333984375,2390.6,0.748452365398407,26.163572311401367,153.88571428571427,1449.72607421875,2162.685791015625,0.18778572976589203,1011.4285714285714,0,507,1,0,1,41,22,183
0,215.0,0.6020524501800537,2963.0,294.1224489795916,12825.3330078125,30.71666717529297,4.699999809265137,15104.7666015625,22.5,4.300000190734863,4.349999904632568,39.88333511352539,18303.166015625,2319.942857142857,0.7421666383743286,26.266427993774414,171.37142857142857,1454.4552001953125,2047.4857177734375,0.09107142686843872,997.2571428571429,0,507,1,0,1,31,20,115
0,287.0,0.9361459612846375,1041.0,283.10204081632634,12772.8330078125,39.11666488647461,3.1500000953674316,21130.94921875,27.983333587646484,5.5,4.383333206176758,31.75,26586.666015625,2261.4,0.7189761996269226,26.04035758972168,190.68571428571428,1453.8499755859375,1942.228515625,0.015476169995963573,972.3714285714286,0,507,1,0,1,11,13,152
1,352.0,0.0,1915.0,274.0204081632652,11657.1669921875,32.21666717529297,6.366666793823242,15815.5166015625,22.049999237060547,4.400000095367432,4.349999904632568,38.95000076293945,41542.83203125,2243.6857142857143,0.727904736995697,26.170238494873047,195.54285714285714,1455.4427490234375,1890.3714599609375,0.020690474659204483,969.5428571428571,2,507,1,0,1,41,8,169
0,339.0,0.9452679753303528,1054.0,281.34693877550995,13058.07421875,36.459259033203125,3.4537038803100586,16981.744140625,21.92037010192871,4.277777671813965,4.337037086486816,35.37963104248047,19556.57421875,2327.942857142857,0.6924523711204529,25.942262649536133,209.9142857142857,1465.10498046875,1797.8857421875,-0.10304760932922363,954.6,0,507,1,0,1,31,18,174
0,239.0,0.4857468605041504,2139.0,271.1428571428569,11541.6298828125,29.350000381469727,3.485185146331787,16251.4814453125,21.507408142089844,4.044444561004639,4.388888835906982,42.0555534362793,19872.8515625,2324.885714285714,0.6767619252204895,25.874643325805664,227.37142857142857,1477.94189453125,1744.5428466796875,-0.29240474104881287,943.8285714285714,0,507,1,0,1,31,24,121
1,291.0,0.05815279483795166,3493.0,253.99999999999977,11498.0,32.68333435058594,5.116666793823242,17409.833984375,21.850000381469727,4.599999904632568,4.599999904632568,40.766666412353516,20395.333984375,2350.0285714285715,0.639214277267456,25.675357818603516,240.9142857142857,1490.6649169921875,1677.5999755859375,-0.5782381296157837,926.5428571428571,0,518,1,0,1,41,6,108
0,124.0,0.05587229132652283,4332.0,238.1836734693875,10720.0,35.03333282470703,4.433333396911621,16586.93359375,21.75,4.0,4.550000190734863,39.516666412353516,19053.333984375,3316.6857142857143,0.6541666388511658,25.62226104736328,222.45714285714286,1516.1815185546875,1835.6571044921875,0.004428566433489323,978.8,2,518,1,0,0,41,2,45
0,114.0,0.36944127082824707,1313.0,234.285714285714,9164.0,34.61666488647461,7.083333492279053,17202.466796875,20.383333206176758,4.0,4.483333110809326,41.08333206176758,18328.0,3337.7428571428572,0.6682142615318298,25.755952835083008,223.34285714285716,1519.545654296875,1845.199951171875,0.028619056567549706,985.5142857142857,3,518,1,0,0,21,3,41
0,201.0,0.15735462307929993,6146.0,231.020408163265,9366.0,35.06666564941406,4.366666793823242,17133.400390625,21.53333282470703,4.0,4.550000190734863,41.766666412353516,16986.0,3395.4857142857145,0.6855476498603821,25.8651180267334,222.02857142857144,1525.09814453125,1865.3714599609375,0.01983335241675377,997.0285714285715,1,518,1,0,0,21,8,76
0,196.0,0.2907639741897583,19361.0,230.551020408163,9239.6669921875,33.03333282470703,5.733333110809326,16749.94921875,21.0,3.799999952316284,4.5,42.650001525878906,18405.833984375,3439.7714285714287,0.6918571591377258,25.913095474243164,222.82857142857142,1525.6065673828125,1864.2572021484375,-0.05276191234588623,1000.9142857142857,1,518,1,0,0,21,8,75
0,154.0,0.2234891653060913,12468.0,238.5714285714283,9557.5,36.349998474121094,5.300000190734863,18932.8671875,24.41666603088379,4.599999904632568,4.650000095367432,39.53333282470703,22908.833984375,3474.7714285714287,0.6932142972946167,25.862499237060547,224.28571428571428,1532.093505859375,1875.228515625,-0.07011906057596207,1003.9428571428572,0,518,1,0,0,11,2,66
0,175.00161933812842,0.22462941706180573,6301.0,235.8367346938773,10969.3330078125,38.53333282470703,5.733333110809326,20720.283203125,24.700000762939453,5.0,4.699999809265137,37.33333206176758,22571.833984375,3521.9142857142856,0.698023796081543,25.917142868041992,223.0,1532.805419921875,1873.857177734375,-0.166976198554039,1007.8,0,518,1,0,0,21,4,81
0,256.0,0.8985176682472229,1085.0,237.34693877550998,8649.5,30.883333206176758,6.433333396911621,18347.69921875,22.149999618530273,4.099999904632568,4.650000095367432,43.96666717529297,18996.0,3519.542857142857,0.7130476236343384,26.131427764892578,226.05714285714285,1524.259033203125,1864.82861328125,-0.3674761950969696,1007.0,0,518,1,1,0,42,33,128
0,141.0,0.38882553577423096,1892.0,247.081632653061,9494.8330078125,30.100000381469727,3.2166666984558105,17656.43359375,22.983333587646484,4.199999809265137,4.699999809265137,44.233333587646484,20133.5,3488.5142857142855,0.7386428713798523,26.32559585571289,226.37142857142857,1531.7056884765625,1888.05712890625,-0.4109524190425873,1018.9714285714285,1,518,1,0,0,31,2,59
0,108.0,0.7696693539619446,6021.0,245.73469387755077,9642.1669921875,35.88333511352539,5.266666889190674,20643.68359375,25.633333206176758,4.599999904632568,4.599999904632568,38.36666488647461,21917.333984375,3510.5142857142855,0.7525238394737244,26.33202362060547,227.68571428571428,1540.96630859375,1884.857177734375,-0.4617142975330353,1027.7714285714285,1,518,1,0,0,21,12,42
0,150.0,0.09350056946277618,4559.0,253.6530612244896,9581.8330078125,32.849998474121094,6.133333206176758,20994.06640625,23.03333282470703,4.400000095367432,4.650000095367432,41.233333587646484,22300.333984375,3447.6285714285714,0.7645952105522156,26.477262496948242,227.8,1543.3131103515625,1899.857177734375,-0.45219045877456665,1034.2571428571428,1,518,1,0,0,42,8,70
0,125.0,0.08893956989049911,3969.0,249.6326530612243,10322.5,33.16666793823242,3.633333444595337,19900.44921875,23.683332443237305,4.199999809265137,4.599999904632568,41.599998474121094,23800.166015625,3363.9714285714285,0.7827380895614624,26.64047622680664,228.9142857142857,1548.1441650390625,1907.1142578125,-0.4708571434020996,1042.6,0,518,1,0,0,21,13,48
0,202.0,0.5678449273109436,1203.0,227.97959183673444,10664.1669921875,32.900001525878906,3.683333396911621,23879.1328125,26.049999237060547,4.5,4.683333396911621,37.45000076293945,20967.0,3257.342857142857,0.8086904883384705,26.825119018554688,240.54285714285714,1560.501708984375,1879.7142333984375,-0.5563095211982727,1046.0,0,518,1,0,0,31,8,96
0,,0.28620296716690063,2954.0,217.4081632653059,11913.8330078125,30.200000762939453,4.199999809265137,18134.93359375,22.433332443237305,4.099999904632568,4.599999904632568,42.83333206176758,20436.166015625,3212.2,0.8111428618431091,26.795713424682617,244.57142857142858,1565.528076171875,1877.5999755859375,-0.5744524002075195,1045.6285714285714,0,518,1,0,0,21,5,
0,204.0,0.5758267045021057,8804.0,207.22448979591815,10519.5,25.883333206176758,3.2666666507720947,19802.767578125,22.200000762939453,4.599999904632568,4.699999809265137,45.11666488647461,21203.5,3157.8571428571427,0.8240238428115845,26.932737350463867,245.42857142857142,1557.352783203125,1876.5142822265625,-0.5903571248054504,1045.0,0,518,1,0,0,21,10,87
0,171.0,0.530216634273529,13738.0,198.97959183673447,10656.0,28.399999618530273,3.7833333015441895,19602.400390625,21.5,4.099999904632568,4.699999809265137,46.483333587646484,20329.0,3113.2285714285713,0.8433095216751099,27.0334529876709,252.4,1570.873046875,1869.3714599609375,-0.6192380785942078,1052.0857142857142,0,518,1,0,0,31,12,73
0,153.0,0.33409351110458374,22232.0,194.3265306122447,11836.72265625,30.7722225189209,9.0,23318.85546875,25.922222137451172,4.833333492279053,4.766666889190674,40.772220611572266,26061.16796875,3178.5714285714284,0.8299523591995239,26.921310424804688,252.6,1572.395263671875,1845.4857177734375,-0.6300714015960693,1047.0285714285715,0,518,1,0,0,31,9,58
0,178.0,0.4789053499698639,10178.0,188.91836734693862,11366.0,27.049999237060547,6.766666889190674,18039.517578125,21.266666412353516,4.400000095367432,4.599999904632568,44.88333511352539,18780.166015625,3251.542857142857,0.8606666922569275,27.117977142333984,254.54285714285714,1572.9696044921875,1865.05712890625,-0.6340952515602112,1057.0,1,508,1,0,0,31,26,90
0,139.0,0.052451539784669876,17993.0,187.30612244897944,10848.3330078125,24.149999618530273,6.566666603088379,18973.482421875,21.299999237060547,4.699999809265137,4.666666507720947,45.11666488647461,18266.5,3355.3142857142857,0.878166675567627,27.174285888671875,258.74285714285713,1584.7958984375,1838.17138671875,-0.6664047837257385,1065.5428571428572,0,508,1,0,0,31,9,54
0,94.0,0.013683009892702103,7229.0,188.4489795918366,11593.3330078125,28.516666412353516,6.4666666984558105,21771.3828125,22.116666793823242,4.599999904632568,4.583333492279053,39.33333206176758,19886.166015625,3462.5714285714284,0.8878095149993896,27.11321449279785,260.0285714285714,1586.3912353515625,1818.4571533203125,-0.7227380871772766,1068.3428571428572,2,508,1,0,0,21,4,43
0,101.0,0.0,7413.0,190.4489795918366,10706.8330078125,28.549999237060547,5.816666603088379,19269.916015625,21.41666603088379,4.199999809265137,4.75,43.63333511352539,17215.0,3496.3714285714286,0.8803809285163879,27.062618255615234,260.2857142857143,1583.3133544921875,1827.5714111328125,-0.6985476016998291,1064.3142857142857,0,508,1,0,0,34,9,42
0,143.0,0.042189281433820724,1730.0,195.99999999999983,10784.0,26.433332443237305,6.5,19631.43359375,22.133333206176758,4.199999809265137,4.699999809265137,40.13333511352539,18218.0,3522.6285714285714,0.8560000061988831,26.832380294799805,266.22857142857146,1596.5567626953125,1773.8857421875,-0.7060952186584473,1055.2,0,508,1,0,0,21,10,58
0,102.93864657605117,0.05815279483795166,5046.0,198.87755102040796,9419.8330078125,29.21666717529297,6.566666603088379,19671.05078125,21.066667556762695,4.099999904632568,4.699999809265137,41.81666564941406,16527.0,3562.057142857143,0.8606904745101929,26.81869125366211,258.77142857142854,1586.7640380859375,1798.8857421875,-0.7352619171142578,1059.0285714285715,2,508,1,0,0,31,8,41
0,177.0,0.5381984114646912,11301.0,198.57142857142838,13299.0,30.933332443237305,6.400000095367432,20842.533203125,23.933332443237305,4.699999809265137,4.75,46.18333435058594,20355.333984375,3535.5142857142855,0.8861666917800903,26.85523796081543,271.48571428571427,1592.3587646484375,1739.5142822265625,-0.8190000057220459,1054.4,1,508,1,0,0,31,15,67
0,153.0,0.0034207524731755257,10734.0,202.30612244897938,8525.0,33.5,6.183333396911621,21935.5,24.616666793823242,4.400000095367432,4.800000190734863,43.53333282470703,21628.5,3539.285714285714,0.8697618842124939,26.66023826599121,281.54285714285714,1619.8189697265625,1717.0,-0.7664762139320374,1053.0285714285715,2,508,1,0,0,21,24,62
0,133.0,0.0057012541219592094,18189.0,200.4285714285713,9161.5,31.700000762939453,6.25,19312.05078125,21.549999237060547,4.199999809265137,4.7166666984558105,41.16666793823242,17893.166015625,3579.057142857143,0.8931190371513367,26.725357055664062,272.9714285714286,1594.5902099609375,1727.771484375,-0.8637619018554688,1053.5142857142857,6,508,1,0,0,31,10,54
0,38.0,0.0,15499.0,206.85714285714272,8043.83349609375,33.46666717529297,8.166666984558105,20483.966796875,21.83333396911621,3.9000000953674316,4.699999809265137,42.36666488647461,17130.5,3575.114285714286,0.87971431016922,26.596904754638672,282.0571428571429,1615.102783203125,1702.4857177734375,-0.8675476312637329,1050.057142857143,0,508,1,0,0,21,25,17
0,142.0,0.16533637046813965,21697.0,200.08163265306112,9518.5,32.33333206176758,6.933333396911621,20957.81640625,25.71666717529297,4.699999809265137,4.699999809265137,40.516666412353516,20276.666015625,3582.2571428571428,0.8866666555404663,26.571666717529297,283.2857142857143,1614.78173828125,1684.142822265625,-0.8735476136207581,1048.857142857143,4,508,1,0,0,31,18,65
0,105.0,0.40250855684280396,13670.0,198.04081632653057,12631.0,32.25,6.983333110809326,21920.05078125,25.266666412353516,4.300000190734863,4.900000095367432,42.61666488647461,20288.833984375,3573.1714285714284,0.8928095102310181,26.562856674194336,289.22857142857146,1621.28125,1652.4571533203125,-0.9088333249092102,1047.6,4,508,1,0,0,41,6,43
0,109.0,0.4047890603542328,7623.0,197.89795918367344,11232.0556640625,38.83333206176758,7.777778148651123,23398.1875,25.69444465637207,4.699999809265137,5.0,35.75,26571.77734375,3601.657142857143,0.8558333516120911,26.145000457763672,285.6857142857143,1627.7784423828125,1645.4000244140625,-0.9242380857467651,1038.6,2,508,1,0,0,21,21,43
0,136.0,0.01824401319026947,5875.0,194.89795918367344,11099.0,29.83333396911621,9.649999618530273,18489.900390625,22.733333587646484,4.0,5.083333492279053,42.18333435058594,18017.0,3610.5142857142855,0.8764285445213318,26.241548538208008,291.9142857142857,1626.20751953125,1605.6571044921875,-0.9756190776824951,1036.1714285714286,5,508,1,0,0,31,5,57
0,145.0,0.04332953318953514,9022.0,192.51020408163254,7747.0,36.83333206176758,7.2833333015441895,20024.80078125,22.950000762939453,4.0,5.0,41.516666412353516,20588.0,3623.5714285714284,0.8618571162223816,25.879642486572266,291.74285714285713,1631.43505859375,1586.5428466796875,-0.9644523859024048,1031.857142857143,6,508,1,0,0,21,7,61
0,115.0,0.014823260717093945,15608.0,187.95918367346925,8988.6669921875,38.29999923706055,6.550000190734863,21125.1484375,23.7277774810791,4.200000286102295,4.983333110809326,32.233333587646484,21285.888671875,3638.457142857143,0.859928548336029,25.855833053588867,293.74285714285713,1632.1715087890625,1565.3428955078125,-1.0278809070587158,1028.1142857142856,3,508,1,0,0,31,13,49
0,110.0,0.015963511541485786,16373.0,184.142857142857,9029.6669921875,36.46666717529297,5.550000190734863,20136.69921875,23.149999618530273,4.199999809265137,4.900000095367432,36.733333587646484,21060.0,3635.942857142857,0.8680475950241089,25.80738067626953,295.62857142857143,1633.1494140625,1545.8857421875,-1.0535953044891357,1025.7142857142858,1,508,1,0,0,21,21,42
0,161.0,0.0,21648.0,180.34693877551004,8544.3330078125,31.66666603088379,4.683333396911621,18212.93359375,21.383333206176758,3.5999999046325684,4.800000190734863,37.93333435058594,19428.666015625,3629.7428571428572,0.8793333172798157,25.950475692749023,302.8857142857143,1637.0418701171875,1521.5428466796875,-1.0784285068511963,1025.9714285714285,2,508,1,0,0,21,19,63
0,87.0,0.18015962839126587,29261.0,176.77551020408143,13156.5,33.18333435058594,7.650000095367432,22260.18359375,25.866666793823242,4.599999904632568,5.0,51.016666412353516,22416.333984375,3666.6,0.8427143096923828,25.431903839111328,299.42857142857144,1646.7359619140625,1497.4857177734375,-1.1075952053070068,1016.0857142857143,0,508,1,0,0,24,12,45
0,198.0,0.009122006595134735,29487.0,172.63265306122426,10126.0,37.04999923706055,5.916666507720947,18679.19921875,24.399999618530273,3.5999999046325684,4.883333206176758,39.733333587646484,23738.333984375,3655.0857142857144,0.8679285645484924,25.700000762939453,303.9428571428571,1641.2265625,1487.3143310546875,-1.1097619533538818,1018.1714285714286,0,508,1,0,0,42,20,79
0,106.0,0.29304447770118713,24974.0,168.73469387755085,7489.66650390625,38.70000076293945,4.416666507720947,20674.650390625,24.28333282470703,4.099999904632568,4.699999809265137,38.5,21134.833984375,3666.6,0.9046666622161865,26.00511932373047,305.2857142857143,1631.4024658203125,1472.5142822265625,-1.1830238103866577,1022.2857142857143,1,508,1,0,0,11,21,46
0,178.0,0.0,13313.0,166.34693877551007,8335.1669921875,37.0,7.150000095367432,17347.6328125,20.25,3.0999999046325684,4.800000190734863,39.733333587646484,19606.666015625,3883.285714285714,0.9179285764694214,26.02511978149414,309.4,1643.2872314453125,1437.5999755859375,-1.2316666841506958,1026.7142857142858,1,508,1,0,0,31,5,87
0,167.0,0.0,7718.0,163.65306122448965,8291.5,35.29999923706055,9.433333396911621,18682.232421875,21.883333206176758,2.799999952316284,5.0,46.233333587646484,18321.333984375,4053.6285714285714,0.9184523820877075,25.995237350463867,309.14285714285717,1641.955322265625,1417.085693359375,-1.2454761266708374,1025.6,0,508,1,0,0,41,19,64
0,130.0,0.0,15349.0,159.95918367346925,8250.0,31.33333396911621,5.349999904632568,17338.232421875,21.350000381469727,2.9000000953674316,5.099999904632568,46.29999923706055,19467.0,4340.228571428572,0.9040476083755493,25.833213806152344,307.3142857142857,1651.8551025390625,1387.8857421875,-1.3235000371932983,1022.7142857142857,0,508,1,0,0,42,5,53
0,131.0,0.14481185376644135,23278.0,157.40816326530597,8224.1669921875,40.43333435058594,7.5333333015441895,20343.8828125,22.366666793823242,3.4000000953674316,5.016666889190674,40.41666793823242,20524.5,4531.428571428572,0.8848095536231995,25.521190643310547,305.9714285714286,1656.2049560546875,1358.199951171875,-1.3935952186584473,1016.1714285714286,2,508,1,0,0,21,9,51
0,156.0,0.2770809531211853,25861.0,157.40816326530597,11749.5,37.36666488647461,6.866666793823242,22125.849609375,23.883333206176758,3.700000047683716,5.0,41.21666717529297,23257.833984375,4617.114285714286,0.9016904830932617,25.69071388244629,306.8,1653.4541015625,1352.971435546875,-1.4307142496109009,1019.0,0,508,1,0,0,21,21,67
0,124.0,0.09122006595134735,28151.0,157.48979591836724,9234.6669921875,34.16666793823242,6.166666507720947,18415.533203125,23.233333587646484,3.200000047683716,4.949999809265137,45.71666717529297,20962.666015625,4847.742857142857,0.9586666822433472,26.309165954589844,312.54285714285714,1648.83544921875,1323.771484375,-1.621000051498413,1027.4285714285713,0,508,1,0,0,31,32,50
0,101.0,0.0045610032975673676,19275.0,157.57142857142844,12418.5,27.46666717529297,8.916666984558105,20387.8671875,23.549999237060547,2.9000000953674316,5.266666889190674,49.66666793823242,24230.833984375,4953.342857142857,0.9614047408103943,26.310237884521484,313.45714285714286,1654.763916015625,1317.228515625,-1.6923333406448364,1028.1714285714286,4,540,1,0,0,21,6,42
0,96.0,0.1425313502550125,11412.0,157.93877551020393,8768.0,40.25,6.733333110809326,19551.099609375,22.83333396911621,2.5999999046325684,4.9666666984558105,39.88333511352539,20824.666015625,5136.2,0.91823810338974,25.82726287841797,319.8,1670.9091796875,1275.5142822265625,-1.7872142791748047,1013.4857142857143,4,540,1,0,0,31,7,37
0,150.0,0.6955530047416687,1170.0,155.67346938775495,13607.0,30.133333206176758,10.716666221618652,21847.25,24.866666793823242,3.799999952316284,5.0,48.06666564941406,23647.166015625,5295.371428571429,0.9290952682495117,25.987262725830078,336.74285714285713,1687.77880859375,1218.94287109375,-2.017523765563965,1008.8571428571429,5,540,1,1,0,41,7,59
0,231.91160861112974,0.9144811630249023,1142.0,162.85714285714272,12499.6669921875,37.20000076293945,6.816666603088379,21881.533203125,25.83333396911621,3.299999952316284,5.099999904632568,41.61666488647461,25230.0,5684.428571428572,0.9180238246917725,25.910594940185547,332.62857142857143,1687.107666015625,1209.2572021484375,-2.127333402633667,1007.4571428571429,3,540,1,1,0,31,21,90
0,219.0,0.7696693539619446,1215.0,158.46938775510188,12058.4443359375,30.7277774810791,7.1777777671813965,19315.689453125,23.683332443237305,3.1666667461395264,5.016666412353516,49.738887786865234,22670.0,5688.628571428571,0.9093809723854065,25.734880447387695,334.45714285714286,1683.6629638671875,1184.800048828125,-2.215380907058716,997.6,1,540,1,1,0,31,9,94
0,199.0,0.9566704630851746,1058.0,172.04081632653046,10724.1669921875,36.56111145019531,6.72777795791626,20428.9453125,23.983333587646484,2.799999952316284,5.011111259460449,42.43333435058594,22304.22265625,5857.657142857143,0.9136428833007812,25.61404800415039,352.8285714285714,1700.239013671875,1140.6856689453125,-2.4238810539245605,981.4285714285714,0,540,1,1,0,21,14,98
0,209.0,0.7354618310928345,1042.0,174.18367346938766,10985.0,31.316667556762695,8.983333587646484,19883.43359375,23.21666717529297,3.0999999046325684,4.900000095367432,49.266666412353516,23274.666015625,6255.285714285715,0.9353095293045044,25.772499084472656,348.45714285714286,1700.9730224609375,1161.4571533203125,-2.508333444595337,991.9714285714285,2,540,1,1,0,21,2,88
0,120.0,0.16419611871242523,1936.0,170.1836734693876,12644.1669921875,25.399999618530273,8.600000381469727,20476.033203125,22.03333282470703,2.299999952316284,5.066666603088379,57.983333587646484,22399.166015625,6268.571428571428,0.9944047927856445,26.33928680419922,362.1142857142857,1696.3009033203125,1143.5999755859375,-2.652880907058716,991.8571428571429,5,540,1,1,0,41,2,51
0,133.0,0.023945268243551254,11666.0,171.3333333333332,11629.3330078125,35.16666793823242,6.150000095367432,20724.232421875,23.183332443237305,2.5999999046325684,5.116666793823242,41.46666717529297,22772.0,6419.257142857143,0.991690456867218,26.196666717529297,351.22857142857146,1698.405029296875,1176.5142822265625,-2.6486427783966064,1001.1714285714286,0,540,1,0,0,42,19,50
0,146.0,0.0,10947.0,167.3999999999999,11603.6669921875,40.0,10.383333206176758,22443.982421875,25.83333396911621,2.9000000953674316,5.199999809265137,35.233333587646484,30574.0,6587.885714285714,0.9695952534675598,25.81142807006836,340.9714285714286,1700.7772216796875,1194.1142578125,-2.659595251083374,1002.8571428571429,2,540,1,0,0,31,3,65
0,145.0,0.006841504946351051,10115.0,168.99999999999991,14337.3330078125,28.933332443237305,6.9666666984558105,19866.8671875,23.600000381469727,2.299999952316284,5.2166666984558105,48.68333435058594,21982.666015625,6516.085714285714,1.0126667022705078,26.238094329833984,348.22857142857146,1700.5404052734375,1196.6285400390625,-2.708214282989502,1007.1142857142858,2,540,1,0,0,31,7,55
1,411.0,0.18814139068126678,3263.0,298.24489795918345,,,,,,,,,,695.9714285714285,0.6698809266090393,26.281190872192383,11.0,1295.179443359375,2682.314208984375,-0.07940476387739182,1018.2285714285714,0,505,1,0,0,42,15,161
0,195.0,0.9532496929168701,1085.0,302.0204081632651,14480.6669921875,27.53333282470703,0.3166666626930237,22768.767578125,24.366666793823242,5.099999904632568,4.099999904632568,38.33333206176758,22525.833984375,960.4,0.7084047794342041,26.36511993408203,30.6,1330.8260498046875,2563.685791015625,-0.8798094987869263,1035.942857142857,0,505,1,1,0,24,34,92
0,327.0,0.8586089015007019,1181.0,297.65306122448953,15019.8330078125,37.28333282470703,0.15000000596046448,21917.56640625,24.350000381469727,5.0,4.25,31.33333396911621,28085.833984375,1046.2285714285715,0.6717857122421265,26.29059600830078,30.62857142857143,1340.7889404296875,2707.0,-1.4197618961334229,1036.7714285714285,0,496,1,0,1,21,35,154
0,308.49054839427873,0.9703534841537476,1058.0,293.18367346938743,16153.1669921875,32.70000076293945,2.1666667461395264,21536.5,27.0,5.400000095367432,4.25,37.03333282470703,28920.166015625,1042.142857142857,0.6087142825126648,26.206785202026367,27.37142857142857,1326.2054443359375,2620.45703125,-1.1256904602050781,1021.0285714285715,0,474,1,1,0,21,27,143
1,247.92810948229194,0.46408209204673767,1246.0,271.1428571428569,17511.833984375,35.93333435058594,3.3499999046325684,20240.900390625,28.566667556762695,6.099999904632568,4.199999809265137,30.399999618530273,32449.0,1096.5714285714287,0.5998333096504211,26.30130958557129,29.8,1319.6181640625,2593.628662109375,-0.9624761343002319,1013.9428571428572,0,474,1,1,0,31,24,115
1,223.0,0.01824401319026947,2144.0,260.97959183673447,16924.5,29.350000381469727,1.9666666984558105,21845.267578125,27.366666793823242,5.400000095367432,4.266666889190674,25.850000381469727,24030.833984375,1128.3142857142857,0.6012856960296631,26.53928565979004,33.714285714285715,1325.3538818359375,2551.800048828125,-0.7302857041358948,1017.6285714285714,1,474,1,0,1,31,9,85
0,270.0,0.37514254450798035,1835.0,262.26530612244875,16608.666015625,31.46666717529297,2.5333333015441895,21488.966796875,25.649999618530273,5.0,4.233333110809326,32.96666717529297,22603.333984375,1115.2,0.5991666913032532,26.519285202026367,32.0,1325.338623046875,2558.17138671875,-0.6831666827201843,1018.8857142857142,0,474,1,0,1,42,2,102
1,308.0,0.12542758882045746,6093.0,264.85714285714266,16979.666015625,29.700000762939453,1.5499999523162842,20178.44921875,28.266666412353516,5.599999904632568,4.25,22.766666412353516,53526.83203125,1126.4,0.6046666502952576,26.61618995666504,32.6,1330.51416015625,2549.17138671875,-0.5370952486991882,1024.1142857142856,0,474,1,0,0,31,8,115
1,321.0,0.26795893907546997,8293.0,267.4897959183672,17610.666015625,29.03333282470703,1.2000000476837158,20297.75,26.600000381469727,5.300000190734863,4.183333396911621,26.950000762939453,38616.66796875,1134.2571428571428,0.6039047837257385,26.62309455871582,32.714285714285715,1329.6533203125,2546.39990234375,-0.4941428601741791,1023.4285714285714,0,474,1,0,0,31,24,111
1,302.0,0.3021664619445801,1253.0,271.4897959183671,20635.333984375,27.21666717529297,0.5166666507720947,20663.31640625,29.433332443237305,5.599999904632568,4.166666507720947,33.599998474121094,25347.666015625,1217.0857142857142,0.5978333353996277,26.544523239135742,31.142857142857142,1321.8448486328125,2575.257080078125,-0.2679523825645447,1018.7142857142857,0,474,1,0,0,21,25,123
1,146.0,0.4481185972690582,1310.0,271.4897959183671,20160.666015625,28.149999618530273,0.9833333492279053,20022.1171875,28.16666603088379,5.099999904632568,4.233333110809326,33.03333282470703,23817.166015625,1190.857142857143,0.6027857065200806,26.624881744384766,31.82857142857143,1323.9783935546875,2560.82861328125,-0.2766190469264984,1021.4571428571429,0,474,1,0,0,31,19,51
0,228.0,0.5119726061820984,1253.0,295.06122448979585,19220.166015625,35.11666488647461,2.0,19197.083984375,27.08333396911621,5.300000190734863,4.2833333015441895,28.350000381469727,26127.666015625,1454.5428571428572,0.6139285564422607,26.794048309326172,35.142857142857146,1325.25439453125,2556.228515625,0.40528571605682373,1024.8285714285714,0,474,1,0,0,41,22,99
0,273.0576851605206,0.6681870222091675,1104.0,290.71428571428544,19329.0,35.91666793823242,1.0666667222976685,21410.267578125,26.21666717529297,5.599999904632568,4.233333110809326,29.58333396911621,27271.0,1570.5714285714287,0.6174286007881165,26.803571701049805,36.65714285714286,1330.1527099609375,2552.085693359375,0.41921427845954895,1026.0857142857142,0,474,1,0,0,31,26,122
0,218.22881955619238,0.5906499624252319,1114.0,290.26530612244875,17143.333984375,30.516666412353516,0.44999998807907104,19817.400390625,28.233333587646484,5.300000190734863,4.0333333015441895,18.616666793823242,25369.333984375,1742.2285714285715,0.6277142763137817,26.928333282470703,41.8,1344.354736328125,2483.971435546875,0.6215952634811401,1032.4571428571428,0,474,1,0,0,21,25,96
0,300.0,0.8985176682472229,1223.0,288.6326530612243,17231.833984375,31.850000381469727,0.20000000298023224,19647.283203125,26.566667556762695,5.300000190734863,4.083333492279053,19.066667556762695,26897.0,1698.2285714285715,0.6237618923187256,26.90678596496582,42.371428571428574,1345.02197265625,2451.428466796875,0.6407380700111389,1031.7142857142858,0,474,1,0,0,21,25,132
1,195.0,0.46408209204673767,1158.0,276.8367346938774,16912.5,33.03333282470703,4.366666793823242,20420.68359375,27.816667556762695,4.800000190734863,4.133333206176758,14.783333778381348,26720.166015625,1841.4857142857143,0.633476197719574,27.01702308654785,49.57142857142857,1367.1676025390625,2485.54296875,0.5613571405410767,1039.8285714285714,0,474,1,0,0,21,32,86
1,273.0,0.5735461711883545,1104.0,275.2244897959182,15510.1669921875,34.33333206176758,2.0999999046325684,19713.44921875,27.116666793823242,5.0,4.0,18.233333587646484,22905.666015625,1832.0285714285715,0.6320475935935974,27.020475387573242,50.6,1372.07568359375,2505.228515625,0.5314523577690125,1041.3428571428572,0,474,1,0,0,31,29,120
1,306.0,0.28734320402145386,2195.0,269.18367346938766,22174.0,35.0,6.2166666984558105,21136.666015625,26.950000762939453,4.800000190734863,4.349999904632568,14.25,28113.33203125,1894.6857142857143,0.6368095278739929,27.080238342285156,51.885714285714286,1379.40673828125,2556.05712890625,0.5304762125015259,1045.7142857142858,0,474,1,0,0,21,31,133
0,218.0,0.19156214594841003,9427.0,243.26530612244875,17427.333984375,31.78333282470703,1.9333332777023315,17032.732421875,26.58333396911621,5.0,4.2166666984558105,15.583333015441895,44545.33203125,2051.5142857142855,0.6730238199234009,27.272380828857422,62.51428571428571,1409.7689208984375,2398.54296875,0.5135475993156433,1061.4285714285713,0,496,1,0,1,21,2,77
1,183.0,0.36716076731681824,11065.0,243.26530612244875,17532.833984375,32.849998474121094,3.3333332538604736,18220.75,25.850000381469727,5.400000095367432,4.233333110809326,16.733333587646484,22509.5,2041.4857142857143,0.6653571128845215,27.210237503051758,59.94285714285714,1405.7906494140625,2409.771484375,0.5263571739196777,1059.4,0,496,1,0,1,21,2,65
1,247.0,0.0,19359.0,241.99999999999977,18707.833984375,34.93333435058594,1.7999999523162842,17889.18359375,25.366666793823242,5.400000095367432,4.266666889190674,16.299999237060547,28166.833984375,2039.8857142857144,0.6778095364570618,27.295595169067383,62.857142857142854,1418.3104248046875,2400.228515625,0.5033571124076843,1067.4285714285713,0,496,1,0,1,41,18,90
0,267.0,0.42987456917762756,1055.0,242.55102040816308,23080.0,30.516666412353516,3.5333333015441895,19144.916015625,26.5,6.300000190734863,4.483333110809326,18.96666717529297,38926.33203125,2048.542857142857,0.6831904649734497,27.27833366394043,62.34285714285714,1417.0556640625,2408.39990234375,0.47066664695739746,1067.1714285714286,0,496,1,0,1,21,6,100
0,256.0,0.4994298815727234,1457.0,245.0612244897957,13542.8330078125,29.66666603088379,1.3833333253860474,18611.55078125,22.983333587646484,4.300000190734863,4.083333492279053,18.299999237060547,19997.0,2032.9714285714285,0.6916428804397583,27.340356826782227,67.82857142857142,1432.5706787109375,2372.257080078125,0.413357138633728,1073.6285714285714,0,497,1,0,1,31,12,91
1,309.0,0.03876852989196777,1689.0,246.38775510204064,19691.9453125,34.31111145019531,1.744444489479065,17993.482421875,24.594444274902344,4.900000095367432,4.238889217376709,22.005556106567383,24171.22265625,2063.5714285714284,0.6921428442001343,27.31380844116211,65.74285714285715,1427.4578857421875,2384.771484375,0.41716665029525757,1072.3142857142857,0,497,1,0,1,31,30,105
1,184.0,0.1151653379201889,2307.0,245.8775510204079,16145.5,36.75,4.166666507720947,18668.466796875,24.183332443237305,5.099999904632568,4.349999904632568,23.266666412353516,58295.83203125,2057.7428571428572,0.6888333559036255,27.292024612426758,64.85714285714286,1427.43408203125,2394.71435546875,0.4561428427696228,1072.5142857142857,0,497,1,0,0,21,8,64
0,256.0,0.5849486589431763,1134.0,248.8367346938774,14356.0,31.08333396911621,2.116666555404663,17685.8671875,24.21666717529297,4.699999809265137,3.883333444595337,14.083333015441895,21958.833984375,2330.2571428571428,0.7495952248573303,27.461666107177734,67.22857142857143,1422.516845703125,2434.82861328125,0.5763809680938721,1080.8285714285714,0,497,1,0,1,41,31,106
0,275.0,0.57012540102005,1069.0,248.8367346938774,14912.0,29.616666793823242,2.200000047683716,18336.099609375,24.16666603088379,4.5,3.9000000953674316,14.516666412353516,22626.333984375,2330.2571428571428,0.7495952248573303,27.461666107177734,67.22857142857143,1422.516845703125,2434.82861328125,0.5763809680938721,1080.8285714285714,0,497,1,0,1,41,33,117
1,62.0,0.8415051102638245,1115.0,248.9387755102039,15002.2216796875,31.133333206176758,2.4388887882232666,17774.64453125,24.0,4.633333206176758,4.0333333015441895,13.59999942779541,24144.443359375,2329.7714285714287,0.7529761791229248,27.474285125732422,65.14285714285714,1426.478759765625,2455.71435546875,0.5132619142532349,1086.3714285714286,1,497,1,0,1,42,31,27
0,,0.3090079724788666,1499.0,249.87755102040796,17482.22265625,45.7611083984375,4.066666603088379,20321.333984375,24.0222225189209,4.933333396911621,3.950000047683716,20.872222900390625,25627.166015625,2478.714285714286,0.7937856912612915,27.590476989746094,74.2,1420.8782958984375,2501.257080078125,0.4708095192909241,1081.2,2,497,1,0,1,34,2,
0,,0.5028506517410278,1275.0,249.87755102040796,17556.833984375,45.33333206176758,3.5333333015441895,19610.150390625,24.33333396911621,4.900000095367432,3.950000047683716,21.816667556762695,25740.666015625,2478.714285714286,0.7937856912612915,27.590476989746094,74.2,1420.8782958984375,2501.257080078125,0.4708095192909241,1081.2,2,497,1,0,1,24,2,
1,95.0,0.2554161846637726,1547.0,252.63265306122432,16886.666015625,37.96666717529297,3.7666666507720947,24199.533203125,24.33333396911621,5.0,4.083333492279053,26.549999237060547,25320.5,2689.3714285714286,0.8130000233650208,27.596309661865234,78.42857142857143,1411.4779052734375,2496.39990234375,0.4504047632217407,1074.6571428571428,0,497,1,0,1,42,18,39
1,135.0,0.3432154953479767,1781.0,252.99999999999983,14725.1669921875,39.29999923706055,3.133333444595337,19723.283203125,23.649999618530273,4.900000095367432,4.099999904632568,17.483333587646484,21083.5,2726.8285714285716,0.81935715675354,27.619403839111328,77.74285714285715,1407.874267578125,2507.54296875,0.4639047384262085,1073.5142857142857,0,497,1,0,1,42,18,57
1,276.0,0.09122006595134735,2873.0,254.2857142857141,15895.5,40.88333511352539,5.566666603088379,19621.80078125,25.233333587646484,5.199999809265137,4.0,21.71666717529297,27564.0,2755.0285714285715,0.8258809447288513,27.640953063964844,80.28571428571429,1410.8905029296875,2494.05712890625,0.4638095200061798,1073.8857142857144,1,482,1,0,1,31,17,120
0,191.0,0.6875712871551514,1363.0,255.97959183673453,14177.1669921875,40.31666564941406,2.133333444595337,17851.80078125,23.149999618530273,4.599999904632568,4.083333492279053,27.03333282470703,18519.333984375,2828.714285714286,0.8264762163162231,27.587142944335938,82.05714285714286,1404.7235107421875,2454.800048828125,0.4251190423965454,1067.3142857142857,2,482,1,0,0,21,1,87
0,126.0,0.6043329238891602,1588.0,257.7346938775509,15473.6669921875,41.70000076293945,1.850000023841858,17670.19921875,23.75,4.900000095367432,4.083333492279053,26.350000381469727,19863.166015625,2828.714285714286,0.8264762163162231,27.587142944335938,82.05714285714286,1404.7235107421875,2454.800048828125,0.4251190423965454,1067.3142857142857,0,482,1,0,0,42,3,44
1,244.0,0.10718358308076859,1623.0,265.44897959183663,17107.666015625,33.20000076293945,8.550000190734863,18894.982421875,24.733333587646484,4.699999809265137,4.383333206176758,23.950000762939453,48228.66796875,2944.6857142857143,0.8470714092254639,27.605953216552734,84.8,1404.2760009765625,2316.428466796875,0.49266666173934937,1069.7142857142858,0,476,1,0,0,42,31,85
1,148.0,0.2770809531211853,2442.0,265.44897959183663,14988.888671875,38.161109924316406,6.883333683013916,17720.48828125,22.705554962158203,4.566666603088379,4.150000095367432,27.133333206176758,37548.0,2931.6857142857143,0.8473571538925171,27.636072158813477,86.22857142857143,1408.0289306640625,2304.742919921875,0.4887857139110565,1070.6285714285714,1,476,1,0,0,31,7,59
1,228.0,0.25997719168663025,1295.0,262.75510204081627,17454.333984375,40.733333587646484,2.933333396911621,19859.3828125,21.96666717529297,4.5,4.25,30.91666603088379,45200.0,2984.5714285714284,0.8694999814033508,27.619285583496094,89.4,1402.402099609375,2221.800048828125,0.5178809762001038,1066.942857142857,0,476,1,1,0,21,30,90
1,98.0,0.23147092759609222,2222.0,314.7142857142854,12845.6669921875,42.099998474121094,2.8499999046325684,17145.81640625,22.016666412353516,4.599999904632568,4.099999904632568,25.28333282470703,17529.833984375,2864.714285714286,0.9223095178604126,27.704999923706055,109.14285714285714,1389.0716552734375,2323.085693359375,0.3663333058357239,1049.3142857142857,0,476,1,0,1,41,16,48
0,165.0,0.8871151804924011,1081.0,323.4897959183671,14633.3330078125,36.25,3.9666666984558105,37604.83203125,26.233333587646484,5.099999904632568,4.2833333015441895,37.03333282470703,19601.666015625,2717.885714285714,0.8908095359802246,27.19952392578125,111.25714285714285,1391.21240234375,2374.8857421875,0.3588571548461914,1039.057142857143,1,476,1,0,1,21,21,79
0,250.0,0.6898517608642578,1167.0,320.1632653061221,13617.5,36.21666717529297,2.883333444595337,19502.849609375,22.866666793823242,4.800000190734863,4.150000095367432,33.79999923706055,19594.5,2627.2285714285713,0.917119026184082,27.429880142211914,114.0,1392.9183349609375,2340.685791015625,0.28514283895492554,1043.6,1,476,1,0,1,31,21,127
0,121.0,0.8107183575630188,1134.0,319.59183673469363,14606.5,40.06666564941406,4.366666793823242,33233.69921875,23.66666603088379,4.900000095367432,4.183333396911621,32.18333435058594,22758.5,2623.2571428571428,0.8957381248474121,27.226667404174805,107.85714285714286,1387.72998046875,2346.17138671875,0.2642619013786316,1041.4285714285713,0,476,1,0,1,42,23,66
0,121.0,0.678449273109436,2156.0,319.18367346938754,12792.7216796875,37.0,2.972222089767456,18516.14453125,24.044445037841797,5.266666889190674,4.194444179534912,34.2611083984375,22497.388671875,2504.942857142857,0.8738571405410767,27.012500762939453,114.11428571428571,1399.5421142578125,2310.54296875,0.16330954432487488,1041.4857142857143,0,476,1,0,0,21,21,54
0,292.0,0.9418472051620483,1051.0,319.77551020408134,13564.0,37.41666793823242,2.2166666984558105,17553.400390625,23.766666412353516,5.5,4.2833333015441895,34.86666488647461,20820.0,2465.4,0.886738121509552,27.193571090698242,119.77142857142857,1411.0321044921875,2276.228515625,0.1398095339536667,1046.3428571428572,0,476,1,0,0,42,3,159
0,137.0,0.5256556272506714,1208.0,319.5306122448977,,,,,,,,,,2435.457142857143,0.8902618885040283,27.395713806152344,123.57142857142857,1433.8802490234375,2237.142822265625,0.11542858183383942,1059.1142857142856,0,476,1,0,0,31,17,55
0,244.0,0.9236031770706177,1051.0,311.91836734693845,14155.3330078125,39.099998474121094,3.7666666507720947,15957.3662109375,21.433332443237305,4.199999809265137,4.2833333015441895,31.633333206176758,20966.0,2404.4285714285716,0.8834047317504883,27.243690490722656,104.82857142857142,1428.2259521484375,2235.428466796875,0.21959522366523743,1073.1142857142856,1,507,1,0,1,31,2,123
0,255.0,0.5142531394958496,1389.0,308.5510204081629,13796.3330078125,37.79999923706055,3.366666555404663,15823.599609375,22.41666603088379,4.5,4.25,33.21666717529297,19334.0,2418.714285714286,0.8800952434539795,27.22464370727539,100.8,1425.808349609375,2236.3427734375,0.1492142677307129,1075.1142857142856,2,507,1,0,1,21,3,139
0,363.0,0.42987456917762756,3246.0,304.67346938775484,15398.0,36.25,3.116666555404663,16333.25,22.049999237060547,4.5,4.25,30.066667556762695,20072.0,2428.057142857143,0.8791905045509338,27.160594940185547,101.02857142857142,1427.3956298828125,2254.45703125,0.18599998950958252,1075.0857142857142,2,507,1,0,1,31,20,147
0,154.0,0.6830102801322937,7357.0,304.32653061224465,13278.1669921875,32.46666717529297,3.133333444595337,17612.31640625,22.433332443237305,4.900000095367432,4.300000190734863,36.900001525878906,19912.666015625,2458.3142857142857,0.878261923789978,27.109046936035156,96.31428571428572,1420.193359375,2274.39990234375,0.20654763281345367,1075.7714285714285,3,507,1,0,0,31,3,73
0,262.0,0.10604333132505417,1821.0,304.6734693877549,14015.0,33.96666717529297,3.316666603088379,24304.267578125,22.08333396911621,4.599999904632568,4.349999904632568,35.650001525878906,22053.0,2448.4,0.8863333463668823,27.206666946411133,101.77142857142857,1420.9327392578125,2292.82861328125,0.25685712695121765,1072.7714285714285,2,507,1,0,0,31,15,115
0,174.0,0.2976054847240448,2895.0,306.32653061224465,13498.8330078125,34.28333282470703,3.2166666984558105,15992.216796875,22.96666717529297,4.699999809265137,4.199999809265137,36.33333206176758,17972.333984375,2473.2,0.8604761958122253,26.959524154663086,100.68571428571428,1423.2911376953125,2344.085693359375,0.34361904859542847,1068.8,2,507,1,0,0,21,16,84
0,17.0,0.6522234678268433,1074.0,308.4489795918365,13701.6669921875,32.11666488647461,4.0,30132.44921875,22.58333396911621,4.300000190734863,4.199999809265137,31.96666717529297,20918.166015625,2490.8,0.8457381129264832,26.86321449279785,101.34285714285714,1427.506103515625,2377.485595703125,0.33642858266830444,1067.6857142857143,4,507,1,0,0,42,3,8
0,218.0,0.4982896149158478,1097.0,316.2653061224488,11467.888671875,34.70000076293945,3.038888931274414,18241.404296875,22.19444465637207,4.066666603088379,4.25,34.69444274902344,21767.388671875,2517.7714285714287,0.8114523887634277,26.507143020629883,107.25714285714285,1435.9107666015625,2447.085693359375,0.36242857575416565,1060.4285714285713,2,507,1,0,1,21,8,105
0,215.0,0.557582676410675,1094.0,315.7346938775508,13924.0,33.70000076293945,5.416666507720947,22415.05078125,23.399999618530273,4.900000095367432,4.349999904632568,30.600000381469727,23808.0,2497.4285714285716,0.7781428694725037,26.352975845336914,130.02857142857144,1444.1392822265625,2354.142822265625,0.2495238035917282,1036.7428571428572,3,507,1,0,1,41,4,116
0,100.0,0.5553021430969238,1134.0,312.55102040816297,12641.3330078125,37.13333511352539,3.299999952316284,18029.55078125,21.133333206176758,4.400000095367432,4.25,33.71666717529297,20295.0,2464.6285714285714,0.7742142677307129,26.350238800048828,137.34285714285716,1446.0045166015625,2324.742919921875,0.21571427583694458,1030.1714285714286,0,507,1,0,1,31,4,54
1,356.0,0.2291904240846634,1829.0,278.0816326530611,12400.6669921875,34.83333206176758,3.7833333015441895,16580.6328125,21.316667556762695,4.599999904632568,4.400000095367432,36.66666793823242,19341.333984375,2274.942857142857,0.7388095259666443,26.211427688598633,188.9142857142857,1450.304443359375,1913.4285888671875,0.024047615006566048,975.8285714285714,0,507,1,0,1,41,31,155
1,393.0,0.27251994609832764,1202.0,275.75510204081615,12533.0,32.016666412353516,3.9000000953674316,14684.3662109375,21.366666793823242,4.5,4.383333206176758,36.83333206176758,22097.666015625,2252.8,0.7321190237998962,26.1632137298584,193.8,1454.63330078125,1899.0,0.02519046515226364,971.3142857142857,0,507,1,0,1,41,18,195
0,327.0,0.8540478944778442,1132.0,271.0612244897958,11422.22265625,30.627777099609375,6.394444465637207,16158.216796875,21.899999618530273,4.4666666984558105,4.344444274902344,37.33333206176758,18591.333984375,2256.0857142857144,0.7053095102310181,25.946428298950195,199.68571428571428,1453.7572021484375,1867.5428466796875,-5.000081728212535E-4,963.7714285714286,1,507,1,0,1,31,10,170
0,338.0,0.6864309906959534,1142.0,281.6326530612243,11792.0,32.06666564941406,3.3333332538604736,16472.0,20.616666793823242,4.0,4.349999904632568,38.66666793823242,17962.0,2307.657142857143,0.6983571648597717,25.863332748413086,203.4,1463.3212890625,1838.5999755859375,-0.035523828119039536,962.6,1,507,1,0,1,31,10,164
0,390.0,0.9122006893157959,1075.0,281.9387755102038,12520.0,36.20000076293945,2.366666555404663,16680.166015625,23.700000762939453,4.300000190734863,4.300000190734863,36.349998474121094,21732.833984375,2339.3714285714286,0.6961666941642761,25.89797592163086,206.8,1464.473388671875,1821.17138671875,-0.10099998861551285,957.5714285714286,0,507,1,0,1,21,15,200
1,336.0,0.1277080923318863,3256.0,253.081632653061,,,,,,,,,,2327.1428571428573,0.6414523720741272,25.67892837524414,237.97142857142856,1487.52587890625,1700.2857666015625,-0.5675237774848938,928.0857142857143,0,507,1,0,1,31,25,143
0,331.0,0.7924743294715881,1068.0,253.10204081632634,9737.5,29.516666412353516,4.349999904632568,18016.099609375,22.91666603088379,4.199999809265137,4.400000095367432,42.56666564941406,20010.166015625,2481.3714285714286,0.6119999885559082,25.315357208251953,223.17142857142858,1482.7135009765625,1760.0,-0.6259047985076904,932.8857142857142,0,518,1,1,0,31,35,162
0,210.0,0.44241732358932495,1622.0,267.9591836734692,11563.0,34.79999923706055,4.2833333015441895,19927.94921875,23.549999237060547,4.599999904632568,4.483333110809326,38.0,26777.833984375,3157.114285714286,0.649738073348999,25.683095932006836,225.97142857142856,1497.0484619140625,1753.7427978515625,-0.40661904215812683,956.7142857142857,0,518,1,1,0,31,13,64
0,107.0,0.09920182079076767,3505.0,241.61224489795893,8976.1669921875,36.21666717529297,2.683333396911621,18575.75,23.683332443237305,4.099999904632568,4.516666889190674,40.983333587646484,18300.5,3221.7714285714287,0.6527142524719238,25.554523468017578,224.05714285714285,1518.9005126953125,1817.028564453125,-0.2149762064218521,976.2571428571429,2,518,1,0,0,31,8,38
0,260.0,0.6351197361946106,1305.0,238.1836734693875,9939.3330078125,36.06666564941406,4.050000190734863,16991.1171875,21.766666412353516,4.099999904632568,4.5,40.31666564941406,18753.333984375,3238.6285714285714,0.6565714478492737,25.609880447387695,226.14285714285714,1513.9718017578125,1815.771484375,-0.16883334517478943,973.4571428571429,1,518,1,0,0,41,8,98
0,50.0,0.36830103397369385,9323.0,232.8367346938773,10485.3330078125,33.650001525878906,6.400000095367432,21160.533203125,24.983333587646484,4.699999809265137,4.616666793823242,39.766666412353516,24381.333984375,3319.6857142857143,0.666690468788147,25.58440399169922,224.05714285714285,1523.608154296875,1842.142822265625,-0.11914283782243729,983.8571428571429,2,518,1,0,0,31,8,20
0,171.0,0.3648802638053894,11878.0,228.38775510204056,10658.3330078125,36.96666717529297,6.550000190734863,19819.3671875,23.883333206176758,4.599999904632568,4.650000095367432,38.93333435058594,23692.0,3388.1428571428573,0.6775237917900085,25.673690795898438,219.11428571428573,1527.1282958984375,1862.228515625,-0.21085713803768158,997.4571428571429,2,518,1,0,0,31,6,68
0,172.0,0.48460662364959717,11927.0,226.4693877551018,9394.8330078125,35.06666564941406,9.383333206176758,20615.93359375,22.71666717529297,4.0,4.75,39.61666488647461,19400.5,3382.285714285714,0.6876904964447021,25.79773712158203,224.71428571428572,1532.58740234375,1851.971435546875,-0.35123810172080994,999.6,0,518,1,0,0,31,11,69
0,164.0,0.38768529891967773,7347.0,232.57142857142833,9310.3330078125,35.150001525878906,8.166666984558105,19183.599609375,22.799999237060547,4.099999904632568,4.583333492279053,41.04999923706055,21214.5,3510.7714285714287,0.6984285712242126,25.91583251953125,225.54285714285714,1535.6536865234375,1861.94287109375,-0.24830952286720276,1006.7428571428571,2,518,1,0,0,31,19,77
0,120.0,0.06385404616594315,4354.0,228.89795918367327,9992.3330078125,32.08333206176758,8.050000190734863,19109.8828125,23.316667556762695,4.199999809265137,4.599999904632568,42.28333282470703,21164.666015625,3470.885714285714,0.6959523558616638,25.825952529907227,225.71428571428572,1537.9091796875,1855.5714111328125,-0.3646666407585144,1005.3142857142857,1,518,1,0,0,31,6,45
0,166.0,0.03648802638053894,1715.0,229.87755102040796,8604.0,31.950000762939453,7.433333396911621,19325.400390625,22.266666412353516,4.099999904632568,4.599999904632568,41.04999923706055,21762.0,3417.6,0.7282142639160156,26.203332901000977,233.11428571428573,1536.1287841796875,1839.2857666015625,-0.5175714492797852,1010.9714285714285,1,518,1,0,0,41,4,70
0,122.0,0.5826681852340698,1124.0,233.44897959183652,10640.6669921875,30.633333206176758,6.866666793823242,18799.6328125,21.71666717529297,4.300000190734863,4.683333396911621,41.0,18031.5,3488.057142857143,0.7461666464805603,26.434999465942383,228.9142857142857,1530.582763671875,1862.3714599609375,-0.5404999852180481,1018.1428571428571,2,518,1,1,0,31,35,49
0,154.0,0.5267959237098694,1089.0,235.51020408163242,10841.1669921875,29.866666793823242,7.900000095367432,16457.482421875,21.733333587646484,4.0,4.633333206176758,43.31666564941406,18140.166015625,3497.4,0.746404767036438,26.424285888671875,227.37142857142857,1530.9356689453125,1863.5428466796875,-0.5542142987251282,1019.7142857142857,0,518,1,1,0,42,9,64
0,107.0,0.22120866179466248,8406.0,234.7142857142855,11204.5,24.96666717529297,7.599999904632568,20374.099609375,23.600000381469727,4.300000190734863,4.583333492279053,41.099998474121094,24777.5,3420.7428571428572,0.7905238270759583,26.633214950561523,231.57142857142858,1548.708740234375,1877.4571533203125,-0.6081428527832031,1040.3428571428572,2,518,1,0,0,31,12,55
0,190.0,0.28848347067832947,10027.0,230.51020408163248,12461.0,28.33333396911621,9.0,21237.0,23.28333282470703,4.800000190734863,4.733333110809326,43.43333435058594,26064.0,3440.714285714286,0.7882381081581116,26.674524307250977,233.31428571428572,1547.7469482421875,1873.5714111328125,-0.566428542137146,1037.8857142857144,1,518,1,0,0,41,14,95
0,59.0,0.24059292674064636,10746.0,237.1020408163263,10518.6669921875,32.25,5.766666889190674,21463.232421875,24.183332443237305,4.800000190734863,4.699999809265137,37.5,23601.666015625,3405.1714285714284,0.7864285707473755,26.630237579345703,233.4,1550.111328125,1881.3714599609375,-0.5214523673057556,1038.8857142857144,1,518,1,0,0,31,33,28
0,167.0,0.03648802638053894,7352.0,218.7959183673467,9163.0,28.399999618530273,3.816666603088379,20114.349609375,22.483333587646484,4.099999904632568,4.599999904632568,45.150001525878906,20811.5,3268.9142857142856,0.7998571395874023,26.73773765563965,239.05714285714285,1555.640869140625,1870.199951171875,-0.5464761853218079,1040.6285714285714,1,518,1,0,0,31,8,63
0,161.0,0.3648802638053894,4754.0,210.1224489795916,10643.3330078125,30.049999237060547,5.0333333015441895,23708.0,24.649999618530273,5.300000190734863,4.699999809265137,41.13333511352539,32597.833984375,3257.342857142857,0.8086904883384705,26.825119018554688,240.54285714285714,1560.501708984375,1879.7142333984375,-0.5563095211982727,1046.0,1,518,1,0,0,11,6,66
0,153.0,0.24857468903064728,10863.0,207.22448979591815,10881.0,29.883333206176758,5.983333110809326,22200.900390625,25.116666793823242,4.699999809265137,4.650000095367432,40.29999923706055,23839.5,3155.2285714285713,0.8149523735046387,26.791547775268555,244.9142857142857,1564.175537109375,1876.05712890625,-0.6011666655540466,1045.6,1,518,1,0,0,31,10,61
0,72.0,0.2782212197780609,21974.0,195.42857142857125,11853.0,27.149999618530273,4.5,20517.55078125,22.399999618530273,4.300000190734863,4.800000190734863,40.75,19002.5,3138.7714285714287,0.8332856893539429,26.864761352539062,248.0857142857143,1560.1912841796875,1852.771484375,-0.6438095569610596,1045.2285714285715,3,518,1,0,0,41,13,28
0,145.0,0.020524514839053154,26995.0,192.04081632653043,9079.6669921875,28.46666717529297,7.300000190734863,16855.166015625,20.21666717529297,4.5,4.75,42.38333511352539,18293.0,3161.6857142857143,0.8452857136726379,26.965951919555664,252.02857142857144,1569.9251708984375,1839.6856689453125,-0.643666684627533,1050.5142857142857,0,518,1,0,0,21,8,55
0,104.0,0.0,22770.0,190.1632653061223,10324.5,26.75,4.300000190734863,19575.083984375,20.549999237060547,4.199999809265137,4.599999904632568,42.5,19594.333984375,3299.4857142857145,0.8768333196640015,27.132976531982422,256.54285714285714,1574.2315673828125,1824.94287109375,-0.7182142734527588,1059.857142857143,3,508,1,0,0,24,3,40
0,119.0,0.35575827956199646,21702.0,189.14285714285697,12220.6669921875,26.766666412353516,5.816666603088379,21312.0,20.96666717529297,4.300000190734863,4.699999809265137,42.58333206176758,17488.0,3319.0857142857144,0.8642857074737549,27.048690795898438,256.1714285714286,1575.5677490234375,1829.085693359375,-0.6661190390586853,1056.6857142857143,0,508,1,0,0,21,15,46
0,119.0,0.0,7342.0,190.87755102040802,11370.1669921875,29.066667556762695,4.833333492279053,19966.716796875,20.883333206176758,4.5,4.5,41.04999923706055,18719.166015625,3422.342857142857,0.8896190524101257,27.08785629272461,254.82857142857142,1576.82470703125,1820.142822265625,-0.7583571076393127,1067.6571428571428,4,508,1,0,0,21,9,47
0,69.0,0.6453819870948792,1152.0,195.42857142857125,10689.5,28.683332443237305,6.633333206176758,22716.416015625,22.03333282470703,4.900000095367432,4.599999904632568,43.54999923706055,21213.833984375,3473.1714285714284,0.8654047846794128,26.953691482543945,266.2,1587.4954833984375,1786.199951171875,-0.6927857398986816,1054.1714285714286,0,508,1,0,0,21,35,31
0,159.0,0.23489168286323547,6589.0,200.0408163265304,12424.1669921875,28.46666717529297,3.066666603088379,19799.6171875,22.71666717529297,4.099999904632568,4.650000095367432,40.28333282470703,18952.0,3524.6,0.8819999694824219,26.870952606201172,266.8285714285714,1585.523681640625,1744.82861328125,-0.8543333411216736,1053.0,1,508,1,0,0,21,8,61
0,90.0,0.0,16067.0,198.71428571428552,11523.7783203125,28.827777862548828,5.872221946716309,21578.83203125,21.91111183166504,4.0333333015441895,4.949999809265137,42.2611083984375,18359.77734375,3501.8285714285716,0.9116666913032532,26.992380142211914,274.2857142857143,1591.2520751953125,1722.142822265625,-0.9083809852600098,1056.7714285714285,1,508,1,0,0,41,13,37
0,114.0,0.3318130075931549,19040.0,198.73469387755088,8991.5,28.03333282470703,7.266666889190674,18839.6171875,21.316667556762695,4.0,4.683333396911621,43.45000076293945,16442.333984375,3540.1428571428573,0.9043571352958679,26.918928146362305,274.8,1592.6900634765625,1728.5142822265625,-0.8273571133613586,1056.2285714285715,1,508,1,0,0,21,15,43
0,101.0,0.0,26120.0,198.4489795918366,9918.0,30.266666412353516,9.783333778381348,19316.599609375,21.28333282470703,4.300000190734863,4.599999904632568,43.45000076293945,16551.0,3540.7714285714287,0.9125000238418579,26.915119171142578,277.0857142857143,1603.0146484375,1709.228515625,-0.8935714364051819,1057.3142857142857,1,508,1,0,0,31,8,39
0,141.0,0.03306727483868599,25678.0,201.89795918367335,9816.3330078125,32.21666717529297,5.616666793823242,20263.400390625,23.149999618530273,4.0,4.849999904632568,43.41666793823242,23980.333984375,3573.2,0.916857123374939,26.802738189697266,281.0,1610.9793701171875,1689.4857177734375,-0.9104047417640686,1058.0,3,508,1,0,0,31,12,70
0,131.0,0.19726340472698212,23839.0,196.6326530612244,12041.8330078125,35.21666717529297,8.383333206176758,21045.93359375,22.549999237060547,4.599999904632568,4.833333492279053,46.016666412353516,22343.833984375,3558.9714285714285,0.9251190423965454,26.872617721557617,290.8285714285714,1616.005615234375,1642.6571044921875,-0.9917380809783936,1050.3428571428572,2,508,1,0,0,21,32,50
0,152.0,0.052451539784669876,13439.0,194.91836734693874,13889.5,32.21666717529297,12.199999809265137,20957.849609375,23.316667556762695,4.199999809265137,5.0,46.483333587646484,20797.5,3583.5714285714284,0.9125714302062988,26.71821403503418,292.1714285714286,1618.185546875,1627.914306640625,-1.003190517425537,1046.7714285714285,0,508,1,0,0,41,17,58
0,146.0,0.01254275906831026,7984.0,193.79591836734693,8271.0,36.400001525878906,5.349999904632568,20822.75,23.683332443237305,4.300000190734863,4.849999904632568,42.11666488647461,21014.5,3634.0,0.9074047803878784,26.56595230102539,292.0571428571429,1617.10693359375,1603.4571533203125,-1.0334762334823608,1042.2285714285715,3,508,1,0,0,21,19,73
0,,0.03192702308297157,10108.0,193.24489795918362,9547.0,35.08333206176758,10.699999809265137,21333.666015625,23.766666412353516,4.300000190734863,5.0,43.66666793823242,22913.166015625,3634.0,0.9074047803878784,26.56595230102539,292.0571428571429,1617.10693359375,1603.4571533203125,-1.0334762334823608,1042.2285714285715,3,508,1,0,0,41,23,
0,156.0,0.21094641089439392,14688.0,190.6938775510203,9172.8330078125,30.883333206176758,9.899999618530273,18582.05078125,22.266666412353516,3.799999952316284,4.933333396911621,44.150001525878906,21458.5,3656.4285714285716,0.9211666584014893,26.521190643310547,294.8,1616.8057861328125,1590.17138671875,-1.089404821395874,1041.4857142857143,2,508,1,0,0,21,19,74
0,148.0,0.05473203957080841,18668.0,186.55102040816317,12142.6669921875,34.70000076293945,7.300000190734863,21510.150390625,25.41666603088379,4.0,5.199999809265137,43.46666717529297,23107.5,3645.5714285714284,0.8878333568572998,26.0674991607666,303.8285714285714,1641.814697265625,1544.914306640625,-1.079976201057434,1032.3428571428572,3,508,1,0,0,31,31,70
0,178.0,0.34663626551628113,30686.0,183.4374999999998,10813.3330078125,26.016666412353516,9.783332824707031,18251.666015625,21.677778244018555,4.0,5.055555820465088,48.20000076293945,19438.22265625,3638.0857142857144,0.9345238208770752,26.438215255737305,316.37142857142857,1641.0184326171875,1506.5142822265625,-1.1728094816207886,1032.8857142857144,1,567,1,0,0,21,22,68
0,,0.022805016487836838,27239.0,179.48936170212747,8194.1669921875,34.71666717529297,4.833333492279053,19042.517578125,23.299999237060547,3.700000047683716,5.0,49.5,20627.833984375,3634.0285714285715,0.9007619023323059,26.021190643310547,311.1714285714286,1651.897216796875,1502.3428955078125,-1.1294761896133423,1031.0857142857142,4,567,1,0,0,21,3,
0,168.0,0.1961231529712677,32767.0,175.71739130434761,9449.3330078125,30.433332443237305,7.150000095367432,20884.599609375,24.983333587646484,4.099999904632568,5.0,57.0,22660.333984375,3643.285714285714,0.8437619209289551,25.382619857788086,312.1714285714286,1673.8753662109375,1475.800048828125,-1.0953094959259033,1017.4571428571429,0,508,1,0,0,21,9,64
0,197.0,0.0,32767.0,172.63265306122426,9838.388671875,34.57221984863281,8.283333778381348,17723.734375,22.427778244018555,3.5999999046325684,4.983333110809326,48.72777557373047,19958.16796875,3613.3142857142857,0.8658571243286133,25.686548233032227,317.2,1665.384521484375,1460.4285888671875,-1.114976167678833,1017.2285714285714,1,508,1,0,0,42,19,83
0,144.0,0.216647669672966,23592.0,166.9565217391303,10087.6669921875,37.75,5.883333206176758,21706.1328125,25.383333206176758,4.199999809265137,4.949999809265137,39.733333587646484,25652.666015625,3810.9142857142856,0.9047142863273621,25.799047470092773,310.57142857142856,1642.8289794921875,1431.5142822265625,-1.2446666955947876,1019.5714285714286,0,508,1,0,0,21,6,57
0,165.0,0.03648802638053894,20771.0,163.9565217391303,8903.1669921875,36.233333587646484,5.733333110809326,17221.1328125,21.866666793823242,3.299999952316284,4.9666666984558105,49.43333435058594,20981.833984375,3963.9714285714285,0.9265952110290527,26.02964210510254,317.2857142857143,1650.3548583984375,1404.199951171875,-1.2834523916244507,1024.5142857142857,0,508,1,0,0,31,24,83
0,,0.0,15707.0,160.99999999999986,9344.6669921875,33.88333511352539,4.133333206176758,18692.80078125,20.600000381469727,3.299999952316284,5.099999904632568,44.56666564941406,19349.333984375,4038.7428571428572,0.9242857098579407,26.006786346435547,315.1142857142857,1651.2974853515625,1403.0,-1.2935713529586792,1024.857142857143,2,508,1,0,0,21,3,
0,111.0,0.1356898546218872,17553.0,157.42553191489344,10270.5,38.45000076293945,5.516666889190674,19513.94921875,23.233333587646484,3.4000000953674316,5.0,45.95000076293945,21891.0,4276.5142857142855,0.8766428828239441,25.463333129882812,304.9714285714286,1653.861083984375,1381.4857177734375,-1.320452332496643,1016.5714285714286,0,508,1,0,0,21,3,44
0,176.0,0.1550741195678711,26050.0,157.40816326530597,8355.8330078125,34.43333435058594,7.5333333015441895,19128.166015625,22.633333206176758,3.299999952316284,4.9666666984558105,45.61666488647461,29541.666015625,4528.228571428572,0.905738115310669,25.689523696899414,307.42857142857144,1649.265380859375,1352.4857177734375,-1.433904767036438,1018.3142857142857,2,508,1,0,0,31,8,67
0,86.0,0.0,29390.0,154.51020408163248,9468.2783203125,28.89444351196289,5.355555534362793,16489.544921875,21.60555648803711,2.7666666507720947,5.099999904632568,45.099998474121094,18329.888671875,4655.8,0.9426190257072449,26.056190490722656,314.8285714285714,1653.8045654296875,1331.2572021484375,-1.5401428937911987,1025.857142857143,1,508,1,0,0,21,5,40
0,57.0,0.020524514839053154,23857.0,148.28571428571416,9363.3330078125,27.933332443237305,10.0,19779.732421875,23.183332443237305,2.700000047683716,5.2166666984558105,50.483333587646484,20314.0,4774.6,0.9558571577072144,26.122737884521484,310.57142857142856,1652.372802734375,1331.4000244140625,-1.6066190004348755,1031.3428571428572,0,508,1,0,0,41,14,22
0,121.0,0.22690992057323456,11452.0,153.55102040816308,9583.1669921875,31.03333282470703,5.766666889190674,17898.43359375,22.133333206176758,2.5,5.0,49.233333587646484,20335.666015625,5111.942857142857,0.9308809638023376,25.86404800415039,322.3142857142857,1668.9034423828125,1265.857177734375,-1.8212381601333618,1012.0857142857143,0,540,1,0,0,21,8,57
0,109.0,0.028506271541118622,4787.0,147.93877551020395,11226.8330078125,36.81666564941406,8.050000190734863,17029.599609375,21.899999618530273,3.0999999046325684,5.099999904632568,43.96666717529297,20748.5,4953.685714285714,0.9306190609931946,25.83464241027832,325.0857142857143,1667.0908203125,1247.3714599609375,-1.881333351135254,1006.6,6,540,1,0,0,21,24,51
0,133.0,0.4070695638656616,2136.0,155.67346938775495,9854.0,30.683332443237305,6.316666603088379,22094.55078125,25.16666603088379,3.200000047683716,5.099999904632568,47.86666488647461,22570.5,5225.228571428572,0.9250714182853699,25.907499313354492,332.54285714285714,1682.1943359375,1228.5999755859375,-1.9429047107696533,1008.0857142857143,5,540,1,1,0,31,6,52
0,119.0,0.8426454067230225,1089.0,152.0204081632652,11258.3330078125,37.71666717529297,4.833333492279053,21898.93359375,26.16666603088379,3.299999952316284,4.900000095367432,43.93333435058594,23980.0,5120.314285714286,0.8810476064682007,25.3219051361084,334.6,1691.2103271484375,1198.4285888671875,-2.029428482055664,992.8,5,540,1,1,0,21,2,64
0,200.0,0.9293044209480286,1085.0,166.75510204081618,13650.4443359375,37.766666412353516,12.622221946716309,23482.98828125,25.855554580688477,3.0999999046325684,4.944444179534912,41.58888626098633,29142.443359375,4730.2,0.8950476050376892,25.282142639160156,362.2,1700.7474365234375,1128.228515625,-2.2510952949523926,966.5714285714286,2,540,1,1,0,31,9,84
0,88.0,0.2554161846637726,1551.0,168.99999999999983,12439.1669921875,24.450000762939453,9.066666603088379,18570.083984375,22.516666412353516,2.799999952316284,5.0,58.58333206176758,21357.0,5183.8,0.9716904759407043,26.11833381652832,379.6857142857143,1698.6700439453125,1113.800048828125,-2.495666742324829,970.9428571428572,2,540,1,1,0,31,4,37
0,143.0,0.8631699085235596,1589.0,169.77551020408146,12096.0,27.100000381469727,9.466666221618652,19621.416015625,20.933332443237305,2.4000000953674316,5.0,55.31666564941406,21514.666015625,5226.685714285714,0.9784523844718933,26.157499313354492,380.0857142857143,1698.84619140625,1112.914306640625,-2.5120952129364014,971.7428571428571,0,540,1,1,0,42,3,56
0,111.0,0.0,7141.0,169.47916666666652,11140.3330078125,27.100000381469727,8.966666221618652,19853.966796875,21.53333282470703,2.5,5.0,53.733333587646484,21470.166015625,5495.6,0.965571403503418,25.93047523498535,367.22857142857146,1695.6943359375,1127.2572021484375,-2.526095151901245,976.3714285714286,2,540,1,0,0,31,5,43
0,64.0,0.011402508243918419,11270.0,169.47916666666652,14076.6669921875,27.33333396911621,9.083333015441895,18621.767578125,21.649999618530273,2.9000000953674316,5.266666889190674,51.25,21729.333984375,6190.657142857143,0.9953571557998657,26.201904296875,364.8,1699.7635498046875,1146.4285888671875,-2.677452325820923,990.1714285714286,7,540,1,0,0,21,14,24
0,101.0,0.16533637046813965,13808.0,168.51111111111095,10357.388671875,32.05000305175781,8.688888549804688,19487.828125,22.494443893432617,2.633333206176758,5.150000095367432,49.4555549621582,22183.111328125,5535.942857142857,0.9977856874465942,26.054166793823242,378.65714285714284,1713.091064453125,1132.82861328125,-2.6287381649017334,979.3428571428572,4,540,1,0,0,21,3,38
0,416.0,0.9315849542617798,1058.0,310.6585365853656,16171.0,30.100000381469727,1.6333333253860474,29014.166015625,23.91666603088379,5.300000190734863,4.050000190734863,27.5,24966.5,821.3142857142857,0.6546904444694519,26.133451461791992,11.542857142857143,1274.636962890625,2729.8857421875,0.3268571197986603,996.6571428571428,0,505,1,0,0,31,26,192
1,333.0,0.4401368200778961,2850.0,311.63265306122423,25039.0,36.516666412353516,3.2166666984558105,31521.8671875,29.149999618530273,6.199999809265137,4.25,14.066666603088379,46511.83203125,897.4857142857143,0.7049523591995239,26.3896427154541,22.62857142857143,1326.578369140625,2547.571533203125,-0.6848809719085693,1037.4571428571428,0,505,1,1,0,31,21,145
1,393.0,0.16077536344528198,2425.0,306.22448979591815,13793.3330078125,34.31666564941406,0.9666666388511658,22587.75,26.78333282470703,5.5,4.349999904632568,19.96666717529297,36304.83203125,955.6571428571428,0.7158809304237366,26.4280948638916,30.8,1336.818359375,2542.800048828125,-0.8230476379394531,1039.5714285714287,0,505,1,1,0,31,27,141
0,243.0,0.8779931664466858,1055.0,297.65306122448953,14754.0,40.516666412353516,0.10000000149011612,21338.19921875,24.5,5.0,4.25,28.53333282470703,28515.0,1046.2285714285715,0.6717857122421265,26.29059600830078,30.62857142857143,1340.7889404296875,2707.0,-1.4197618961334229,1036.7714285714285,0,496,1,0,1,21,35,115
1,376.0,0.4652223587036133,1295.0,293.06122448979573,17241.0,36.766666412353516,0.3499999940395355,19635.93359375,26.83333396911621,5.0,4.199999809265137,31.399999618530273,23578.333984375,1098.3428571428572,0.6337618827819824,26.350238800048828,33.34285714285714,1337.5343017578125,2633.771484375,-1.3411190509796143,1027.0,0,496,1,1,0,21,35,135
0,350.0,0.7730900645256042,1042.0,283.0408163265305,18548.666015625,34.099998474121094,0.7833333611488342,21680.400390625,25.450000762939453,5.900000095367432,4.150000095367432,39.20000076293945,25194.333984375,1124.942857142857,0.6090476512908936,26.246070861816406,30.0,1321.69775390625,2612.6572265625,-1.121000051498413,1016.0,0,474,1,1,0,31,24,161
0,260.0,0.18586088716983795,3030.0,260.4693877551018,17795.27734375,34.272220611572266,2.8111109733581543,21647.666015625,26.038888931274414,5.133333206176758,4.161111354827881,28.877777099609375,23573.833984375,1136.5714285714287,0.5981428623199463,26.469642639160156,35.25714285714286,1327.6220703125,2558.485595703125,-0.8538333177566528,1015.6571428571428,0,474,1,0,1,41,8,115
1,241.0,0.3511972725391388,1310.0,261.7346938775508,18466.333984375,32.349998474121094,0.5833333134651184,21730.3671875,26.53333282470703,5.599999904632568,4.050000190734863,24.21666717529297,25369.0,1141.4857142857143,0.5981190204620361,26.48452377319336,35.31428571428572,1327.6229248046875,2549.971435546875,-0.7993809580802917,1015.8571428571429,0,474,1,0,1,41,17,99
1,229.0,0.0,11421.0,267.51020408163237,17447.333984375,28.600000381469727,0.25,21768.93359375,30.41666603088379,5.300000190734863,4.183333396911621,25.399999618530273,26737.0,1159.6285714285714,0.6030714511871338,26.557262420654297,33.8,1327.1239013671875,2556.514404296875,-0.6290237903594971,1019.1714285714286,0,474,1,0,0,41,21,96
1,305.0,0.019384264945983887,8789.0,267.51020408163237,17203.0,33.68333435058594,1.75,22521.5,30.600000381469727,5.699999809265137,4.25,26.683332443237305,31753.0,1183.9714285714285,0.6014999747276306,26.56166648864746,34.74285714285714,1323.703369140625,2559.54296875,-0.5865952372550964,1016.1714285714286,0,474,1,0,0,31,18,106
0,225.0,0.8677309155464172,1218.0,273.6122448979589,17882.5,25.83333396911621,1.9666666984558105,20102.099609375,29.399999618530273,5.199999809265137,4.316666603088379,41.650001525878906,26711.5,1227.4857142857143,0.5960714221000671,26.490951538085938,31.2,1323.14599609375,2580.971435546875,-0.332404762506485,1018.0,1,474,1,0,0,31,14,82
0,352.0,0.3774230182170868,1321.0,288.5510204081631,17942.833984375,31.433332443237305,4.633333206176758,20474.93359375,29.116666793823242,5.5,4.233333110809326,28.899999618530273,26669.333984375,1402.4571428571428,0.6047142744064331,26.69261932373047,36.97142857142857,1326.07861328125,2571.857177734375,0.18845239281654358,1019.2,0,474,1,0,0,21,26,158
0,219.0,0.7708095908164978,1075.0,288.6326530612243,15494.8330078125,32.79999923706055,0.9833333492279053,18826.93359375,27.08333396911621,5.300000190734863,3.9833333492279053,19.450000762939453,26999.5,1750.942857142857,0.6265714168548584,26.90464210510254,42.4,1343.8179931640625,2481.571533203125,0.6163095235824585,1030.9714285714285,0,474,1,0,0,31,25,97
1,287.2383950462639,0.2622576951980591,1524.0,267.2244897959182,18962.666015625,39.099998474121094,0.5,19611.732421875,27.566667556762695,5.400000095367432,4.183333396911621,16.799999237060547,25478.666015625,1924.1142857142856,0.6402142643928528,27.110000610351562,50.94285714285714,1373.09716796875,2602.71435546875,0.5021904706954956,1043.7428571428572,0,474,1,0,0,21,24,127
1,259.0,0.39566704630851746,1123.0,262.67346938775495,22381.666015625,37.41666793823242,2.9166667461395264,20165.083984375,27.883333206176758,5.5,4.199999809265137,16.049999237060547,24671.5,1932.7714285714285,0.6397619247436523,27.082500457763672,50.82857142857143,1376.644775390625,2611.82861328125,0.5046904683113098,1045.5428571428572,1,474,1,0,0,41,8,111
0,212.0,0.8939566612243652,1162.0,248.67346938775498,17653.0,32.36666488647461,0.6833333373069763,19101.1171875,28.433332443237305,5.699999809265137,4.0,15.75,24925.833984375,2047.3714285714286,0.6443333625793457,27.048809051513672,55.94285714285714,1394.0780029296875,2429.857177734375,0.5153571367263794,1050.6285714285714,0,496,1,0,1,31,30,94
1,209.0,0.034207526594400406,6625.0,242.87755102040796,19306.0,33.61666488647461,1.9833333492279053,19321.0,25.83333396911621,4.800000190734863,4.2833333015441895,13.416666984558105,22208.0,2076.714285714286,0.659928560256958,27.15785789489746,60.91428571428571,1397.666015625,2411.71435546875,0.46566665172576904,1052.0,0,496,1,0,1,41,9,92
1,285.0,0.3386545181274414,5246.0,244.8571428571426,20838.666015625,36.31666564941406,1.600000023841858,18194.400390625,27.883333206176758,5.599999904632568,4.099999904632568,14.166666984558105,22678.0,2058.285714285714,0.6565952301025391,27.156904220581055,58.25714285714286,1397.27197265625,2414.199951171875,0.5233095288276672,1053.9714285714285,0,496,1,0,1,42,18,118
1,255.0,0.0,12113.0,243.26530612244875,22137.333984375,35.400001525878906,1.2166666984558105,21079.94921875,24.866666793823242,5.0,4.266666889190674,15.333333015441895,35246.66796875,2052.4285714285716,0.6810952425003052,27.31511878967285,63.65714285714286,1411.8565673828125,2397.628662109375,0.5000238418579102,1063.4857142857143,0,496,1,0,1,34,24,87
1,236.0,0.0,15882.0,241.26530612244875,21308.166015625,29.366666793823242,0.9166666865348816,18470.8671875,24.46666717529297,4.800000190734863,4.366666793823242,16.366666793823242,22829.166015625,2086.342857142857,0.685619056224823,27.31404685974121,66.42857142857143,1415.34423828125,2382.39990234375,0.4819999933242798,1063.1142857142856,0,496,1,0,1,41,35,80
1,260.0,0.09007981419563293,2001.0,243.97959183673447,18588.888671875,29.133333206176758,2.6611111164093018,18514.689453125,23.983333587646484,4.4666666984558105,4.2833333015441895,15.350000381469727,22550.443359375,2080.285714285714,0.6764761805534363,27.234046936035156,64.97142857142858,1416.578369140625,2388.0,0.44990476965904236,1062.5142857142857,0,496,1,0,1,41,18,116
0,168.0,0.18814139068126678,2358.0,248.6530612244896,16031.3330078125,38.38333511352539,1.4833333492279053,18241.1171875,23.316667556762695,4.099999904632568,4.233333110809326,23.766666412353516,20554.833984375,2090.9714285714285,0.6917142868041992,27.280834197998047,65.4,1417.563720703125,2376.71435546875,0.39430952072143555,1065.4571428571428,0,497,1,0,0,21,4,77
1,152.0,0.2303306758403778,3045.0,246.38775510204064,18530.0,36.150001525878906,3.8499999046325684,21233.767578125,24.549999237060547,4.599999904632568,4.366666793823242,20.799999237060547,22448.5,2091.2,0.6938809752464294,27.307262420654297,64.77142857142857,1420.325439453125,2385.771484375,0.39876189827919006,1068.6,0,497,1,0,0,21,16,52
0,202.0,0.5381984114646912,1075.0,248.81632653061217,13230.3330078125,25.78333282470703,1.7000000476837158,17869.333984375,22.516666412353516,4.5,4.083333492279053,14.25,19360.0,2317.885714285714,0.7412142753601074,27.412857055664062,69.8,1425.319091796875,2391.17138671875,0.5563571453094482,1077.1714285714286,1,497,1,0,1,41,26,70
0,185.0,0.18700113892555237,1211.0,247.9999999999999,14403.3330078125,29.616666793823242,5.016666889190674,25241.416015625,26.133333206176758,4.699999809265137,4.083333492279053,13.199999809265137,26097.0,2317.057142857143,0.7418095469474792,27.42440414428711,68.48571428571428,1423.79541015625,2414.39990234375,0.559166669845581,1078.4571428571428,3,497,1,0,1,31,24,63
0,107.0,0.48460662364959717,1097.0,248.8367346938774,14529.1669921875,30.433332443237305,2.950000047683716,25356.6328125,25.28333282470703,4.699999809265137,4.083333492279053,15.133333206176758,22365.833984375,2330.2571428571428,0.7495952248573303,27.461666107177734,67.22857142857143,1422.516845703125,2434.82861328125,0.5763809680938721,1080.8285714285714,1,497,1,0,1,41,25,35
0,228.0,0.47092360258102417,1947.0,257.1224489795917,15856.8330078125,32.78333282470703,2.9000000953674316,18528.166015625,23.566667556762695,5.099999904632568,4.0,26.78333282470703,21248.5,2697.4285714285716,0.8141666650772095,27.616546630859375,77.65714285714286,1413.8988037109375,2519.28564453125,0.45976191759109497,1075.1142857142856,0,497,1,0,1,31,35,103
0,293.0,0.597491443157196,2428.0,257.1224489795917,15100.0,32.75,2.75,18032.849609375,24.100000381469727,5.099999904632568,4.050000190734863,27.549999237060547,19533.333984375,2710.657142857143,0.8221190571784973,27.67047691345215,79.74285714285715,1416.827392578125,2512.28564453125,0.46509525179862976,1076.7428571428572,0,482,1,0,1,31,33,133
1,101.0,0.3774230182170868,1669.0,257.2653061224488,16294.3330078125,40.66666793823242,7.633333206176758,25292.3828125,26.649999618530273,4.900000095367432,4.183333396911621,19.78333282470703,39868.0,2734.3142857142857,0.8213809728622437,27.64202308654785,81.48571428571428,1416.9664306640625,2504.28564453125,0.4668571352958679,1074.5142857142857,0,497,1,0,1,41,3,37
1,153.0,0.030786773189902306,3669.0,255.97959183673453,14445.0,39.11666488647461,3.7833333015441895,18241.900390625,23.33333396911621,4.599999904632568,4.150000095367432,20.016666412353516,28546.0,2788.9714285714285,0.8404285907745361,27.72142791748047,83.37142857142857,1414.510986328125,2481.742919921875,0.4405714273452759,1075.3714285714286,0,482,1,0,0,42,25,65
0,132.0,0.18700113892555237,2810.0,260.28571428571416,14088.2216796875,39.75,6.633333206176758,18370.005859375,23.66666603088379,4.900000095367432,4.083333492279053,25.116666793823242,24304.888671875,2810.657142857143,0.8376666903495789,27.681903839111328,80.77142857142857,1407.0863037109375,2511.39990234375,0.4437619149684906,1071.942857142857,0,482,1,0,0,41,9,45
1,194.0,0.3648802638053894,1373.0,257.7346938775509,15566.0,41.81666564941406,6.050000190734863,19215.93359375,24.649999618530273,4.800000190734863,4.083333492279053,30.08333396911621,20046.333984375,2828.714285714286,0.8264762163162231,27.587142944335938,82.05714285714286,1404.7235107421875,2454.800048828125,0.4251190423965454,1067.3142857142857,0,476,1,0,0,42,13,80
0,69.0,0.40820980072021484,1962.0,266.4693877551019,12468.6669921875,32.88333511352539,4.75,17933.93359375,23.183332443237305,4.599999904632568,4.050000190734863,24.78333282470703,21015.5,2908.6,0.8391190767288208,27.59476089477539,83.31428571428572,1402.6787109375,2408.314208984375,0.44723808765411377,1066.3142857142857,2,476,1,0,0,41,3,31
0,229.0,0.5929304361343384,1861.0,267.42176870739706,13599.4443359375,40.655555725097656,3.366666793823242,18431.10546875,23.9777774810791,4.866666793823242,4.088889122009277,22.494443893432617,19143.166015625,2934.5714285714284,0.8444285988807678,27.6200008392334,85.11428571428571,1406.94921875,2367.17138671875,0.4591428339481354,1068.5714285714287,1,476,1,0,0,21,3,100
1,281.0,0.28620296716690063,2959.0,264.3469387755101,14576.6669921875,31.46666717529297,5.833333492279053,17292.267578125,23.116666793823242,5.300000190734863,3.9833333492279053,21.58333396911621,47705.66796875,2931.0285714285715,0.8425000309944153,27.621904373168945,84.91428571428571,1406.9447021484375,2337.45703125,0.47600001096725464,1070.6857142857143,0,476,1,0,0,42,8,99
0,330.0,0.3774230182170868,1494.0,267.0816326530611,12154.0,31.850000381469727,2.75,16626.599609375,23.78333282470703,5.300000190734863,4.0,32.483333587646484,19684.0,2961.114285714286,0.8573333621025085,27.65380859375,85.02857142857142,1399.4189453125,2308.45703125,0.49580952525138855,1068.3142857142857,0,476,1,0,0,31,30,149
0,129.0,0.5279361605644226,1133.0,267.0816326530611,12975.3330078125,38.29999923706055,2.433333396911621,14543.400390625,21.983333587646484,4.699999809265137,4.099999904632568,29.08333396911621,38400.0,2968.8285714285716,0.8567380905151367,27.62583351135254,84.6,1396.6856689453125,2303.428466796875,0.4969523549079895,1066.3714285714286,3,476,1,0,0,31,15,50
0,219.0,0.29304447770118713,1454.0,263.4897959183672,12938.0,37.56666564941406,3.549999952316284,16321.0830078125,23.71666717529297,4.5,4.150000095367432,31.116666793823242,52415.5,2962.342857142857,0.868404746055603,27.68130874633789,91.0,1412.752197265625,2244.314208984375,0.5208571553230286,1072.0,0,476,1,1,0,21,17,95
1,174.0,0.3181299865245819,1296.0,260.81632653061206,16586.0,43.96666717529297,3.2333333492279053,17838.166015625,22.683332443237305,4.300000190734863,4.300000190734863,29.233333587646484,28075.166015625,2972.7428571428572,0.8714523911476135,27.628929138183594,92.54285714285714,1407.9481201171875,2233.6572265625,0.5257619023323059,1067.057142857143,0,476,1,1,0,31,12,64
0,274.0,0.9372861981391907,1134.0,322.9387755102038,13580.3330078125,34.099998474121094,3.2166666984558105,15086.7333984375,23.149999618530273,4.699999809265137,4.150000095367432,35.70000076293945,18307.333984375,2683.1428571428573,0.8977142572402954,27.161785125732422,112.97142857142858,1391.74609375,2355.28564453125,0.33923810720443726,1036.8,2,476,1,0,1,21,30,149
0,118.0,0.6750285029411316,1114.0,322.9387755102038,14161.5,31.41666603088379,3.7333333492279053,26580.06640625,24.100000381469727,4.699999809265137,4.199999809265137,37.0,20933.0,2636.657142857143,0.9107857346534729,27.27107048034668,118.37142857142857,1398.140380859375,2335.54296875,0.3176666498184204,1038.857142857143,0,476,1,0,1,21,29,53
0,317.0,0.8916761875152588,1075.0,321.7551020408161,13690.8330078125,36.06666564941406,3.7166666984558105,15738.0498046875,22.316667556762695,4.599999904632568,4.183333396911621,35.53333282470703,18276.166015625,2629.5714285714284,0.914738118648529,27.332738876342773,117.88571428571429,1394.4674072265625,2337.0,0.3166666626930237,1038.6285714285714,0,476,1,0,1,21,35,173
0,148.0,0.8187001347541809,1142.0,320.1632653061221,13313.0,33.81666564941406,3.700000047683716,15799.7001953125,22.649999618530273,4.699999809265137,4.150000095367432,35.20000076293945,18541.666015625,2627.2285714285713,0.917119026184082,27.429880142211914,114.0,1392.9183349609375,2340.685791015625,0.28514283895492554,1043.6,0,476,1,0,1,42,19,81
0,323.0,0.839224636554718,1300.0,319.55102040816314,13531.0,35.33333206176758,4.916666507720947,17314.93359375,21.25,4.400000095367432,4.183333396911621,36.16666793823242,17948.0,2531.657142857143,0.899476170539856,27.223928451538086,117.11428571428571,1399.685302734375,2309.742919921875,0.22821427881717682,1039.1714285714286,2,476,1,0,0,42,21,175
0,345.0,0.7628278136253357,1142.0,320.63265306122423,11765.8330078125,33.83333206176758,4.733333110809326,19454.966796875,26.21666717529297,5.900000095367432,4.199999809265137,37.36666488647461,20197.0,2519.057142857143,0.8909285664558411,27.153810501098633,115.28571428571429,1396.8956298828125,2310.257080078125,0.18747617304325104,1038.6,0,476,1,0,0,42,15,177
0,146.0,0.7833523154258728,1180.0,319.18367346938754,13528.1669921875,40.0,3.133333444595337,17109.6328125,25.483333587646484,5.599999904632568,4.183333396911621,34.46666717529297,21200.166015625,2507.8571428571427,0.8808095455169678,27.085952758789062,115.25714285714285,1399.34326171875,2307.199951171875,0.1811666637659073,1038.4571428571428,0,476,1,0,0,21,15,62
0,239.0,0.5963512063026428,1879.0,322.0408163265303,13992.3330078125,37.16666793823242,2.700000047683716,17179.6171875,23.366666793823242,4.699999809265137,4.199999809265137,32.83333206176758,20232.166015625,2451.6857142857143,0.9066190719604492,27.375118255615234,125.22857142857143,1427.6497802734375,2252.1142578125,0.16295237839221954,1053.2,0,476,1,0,0,41,23,96
1,,0.32041049003601074,1308.0,322.6326530612242,,35.13333511352539,4.383333206176758,,22.516666412353516,4.699999809265137,4.300000190734863,34.36666488647461,,2430.0857142857144,0.906333327293396,27.447500228881836,126.88571428571429,1435.069580078125,2233.771484375,0.12521429359912872,1057.7142857142858,0,476,1,0,1,31,8,
0,349.0,0.6476624608039856,1202.0,321.9183673469384,13684.1669921875,36.983333587646484,6.75,17376.482421875,22.649999618530273,4.699999809265137,4.199999809265137,33.41666793823242,21483.833984375,2442.3714285714286,0.8890714049339294,27.227262496948242,120.28571428571429,1412.8743896484375,2279.971435546875,0.12138095498085022,1046.3428571428572,0,507,1,1,1,31,28,191
0,200.0,0.9635119438171387,1026.0,318.77551020408134,13912.77734375,32.57222366333008,5.116666793823242,37815.6328125,22.766666412353516,4.333333492279053,4.25,31.794445037841797,19837.888671875,2427.114285714286,0.8764047622680664,27.073333740234375,111.6,1418.1541748046875,2279.428466796875,0.137690469622612,1056.5428571428572,1,507,1,1,1,41,21,109
0,201.0,0.8244013786315918,1081.0,304.67346938775484,14120.3330078125,37.81666564941406,2.8499999046325684,17179.833984375,25.016666412353516,5.099999904632568,4.25,30.299999237060547,20266.666015625,2420.4285714285716,0.8758333325386047,27.10011863708496,102.74285714285715,1431.808837890625,2265.314208984375,0.1670714020729065,1074.6857142857143,0,507,1,0,1,21,2,80
0,376.0,0.7947548627853394,2247.0,304.32653061224465,14129.6669921875,32.61666488647461,3.799999952316284,16906.666015625,23.133333206176758,4.699999809265137,4.25,34.61666488647461,19891.666015625,2439.8571428571427,0.883476197719574,27.168689727783203,102.2,1425.89599609375,2279.571533203125,0.2151428461074829,1074.2,1,507,1,0,0,42,9,155
0,260.0,0.3511972725391388,1764.0,303.3061224489795,15268.6669921875,36.03333282470703,3.316666603088379,19881.466796875,23.08333396911621,4.400000095367432,4.199999809265137,33.96666717529297,19007.333984375,2468.4857142857145,0.876380980014801,27.041786193847656,101.6,1419.7099609375,2361.257080078125,0.3386666476726532,1068.7142857142858,0,507,1,0,0,21,32,125
0,95.0,0.15051311254501343,2896.0,304.51020408163254,13578.5,36.983333587646484,3.0333333015441895,16957.033203125,22.383333206176758,4.400000095367432,4.099999904632568,34.11666488647461,20040.333984375,2468.4857142857145,0.876380980014801,27.041786193847656,101.6,1419.7099609375,2361.257080078125,0.3386666476726532,1068.7142857142858,4,507,1,0,0,31,31,38
0,191.0,0.7137970328330994,1175.0,316.69387755102014,13317.5,37.95000076293945,2.5833332538604736,23148.833984375,24.58333396911621,5.800000190734863,4.233333110809326,30.149999618530273,19948.333984375,2520.714285714286,0.7833809852600098,26.28261947631836,123.91428571428571,1441.1064453125,2445.82861328125,0.30164283514022827,1040.3142857142857,1,507,1,0,1,41,13,103
0,176.0,0.29532498121261597,2065.0,280.8775510204079,12429.8330078125,32.266666412353516,4.883333206176758,16912.099609375,22.616666793823242,4.699999809265137,4.300000190734863,38.86666488647461,18333.0,2280.457142857143,0.7326428294181824,26.112499237060547,190.0857142857143,1450.267822265625,1917.914306640625,0.025333335623145103,973.2857142857143,0,507,1,0,1,41,9,85
0,225.0,0.7012542486190796,2456.0,281.89795918367327,12659.0,28.933332443237305,3.7166666984558105,19271.30078125,21.46666717529297,4.199999809265137,4.2833333015441895,41.46666717529297,17212.666015625,2347.2,0.7020952105522156,25.93321418762207,204.45714285714286,1463.5303955078125,1831.3428955078125,-0.10014286637306213,961.2,0,507,1,0,1,34,15,113
0,162.51358125033627,0.5929304361343384,1193.0,278.75510204081615,11942.3330078125,30.616666793823242,3.25,17354.732421875,21.049999237060547,4.300000190734863,4.2833333015441895,39.88333511352539,17994.333984375,2344.5714285714284,0.6933571696281433,25.81833267211914,209.2,1467.3531494140625,1823.7427978515625,-0.1125476285815239,955.0285714285715,0,507,1,0,1,21,9,76
0,277.0,0.9452679753303528,1089.0,272.2448979591835,13475.1669921875,33.31666564941406,4.150000095367432,16757.400390625,21.183332443237305,4.0,4.383333206176758,38.95000076293945,17040.833984375,2356.2,0.6905476450920105,25.859642028808594,216.17142857142858,1474.298095703125,1804.6856689453125,-0.2096666544675827,953.6857142857143,0,507,1,0,1,42,35,142
0,257.0,0.34891676902770996,1733.0,264.5714285714284,11215.8330078125,30.933332443237305,5.016666889190674,17382.25,22.28333282470703,4.400000095367432,4.383333206176758,38.766666412353516,17886.333984375,2355.8571428571427,0.6797381043434143,25.838571548461914,222.0,1473.468994140625,1773.82861328125,-0.3364047706127167,946.7714285714286,0,507,1,0,1,21,35,130
0,267.0,0.7787913084030151,1118.0,260.4897959183672,12494.6669921875,32.0,3.8333332538604736,16081.033203125,21.75,4.199999809265137,4.300000190734863,40.849998474121094,17517.333984375,2349.3142857142857,0.6567381024360657,25.611547470092773,223.02857142857144,1475.818603515625,1766.4000244140625,-0.5020000338554382,940.4571428571429,0,507,1,0,1,41,35,135
0,312.0,0.9635119438171387,1051.0,257.63265306122435,12301.1669921875,30.600000381469727,3.700000047683716,15639.9501953125,22.200000762939453,4.199999809265137,4.349999904632568,40.483333587646484,17520.333984375,2349.3142857142857,0.6567381024360657,25.611547470092773,223.02857142857144,1475.818603515625,1766.4000244140625,-0.5020000338554382,940.4571428571429,0,507,1,0,1,21,35,158
0,231.0,0.9019384384155273,2502.0,252.53061224489778,11307.3330078125,31.950000762939453,3.2333333492279053,15857.533203125,22.200000762939453,4.199999809265137,4.400000095367432,39.400001525878906,20327.666015625,2334.9142857142856,0.649142861366272,25.668928146362305,233.31428571428572,1487.112548828125,1739.3714599609375,-0.6031666398048401,934.0,0,507,1,0,1,21,15,113
0,385.0,0.7514253258705139,1044.0,253.10204081632634,9540.77734375,29.161109924316406,4.922222137451172,18576.87890625,22.916667938232422,4.400000095367432,4.433333396911621,40.82222366333008,19290.33203125,2481.3714285714286,0.6119999885559082,25.315357208251953,223.17142857142858,1482.7135009765625,1760.0,-0.6259047985076904,932.8857142857142,0,518,1,1,0,24,35,185
0,324.0012822880494,0.7251995205879211,1075.0,264.24489795918345,11414.8330078125,32.58333206176758,4.2166666984558105,17083.400390625,21.883333206176758,4.0,4.483333110809326,40.78333282470703,20061.833984375,3153.3714285714286,0.6430000066757202,25.58738136291504,227.02857142857144,1498.1875,1750.971435546875,-0.3885476291179657,953.8285714285714,0,518,1,1,0,21,6,163
0,143.0,0.45039910078048706,1285.0,257.8775510204079,10110.0,31.46666717529297,5.083333492279053,17003.849609375,22.433332443237305,4.300000190734863,4.550000190734863,39.70000076293945,19300.5,3145.4857142857145,0.6425952315330505,25.559999465942383,229.62857142857143,1501.481689453125,1753.7142333984375,-0.3693571388721466,956.0857142857143,5,518,1,1,0,42,8,47
0,84.0,0.9612314701080322,1044.0,253.57142857142833,11333.1669921875,34.20000076293945,5.633333206176758,19164.3828125,24.850000381469727,4.599999904632568,4.550000190734863,41.5,19802.0,3145.5714285714284,0.6403809785842896,25.45880889892578,225.11428571428573,1499.5135498046875,1774.0,-0.36690473556518555,958.1142857142858,3,518,1,1,0,42,3,42
0,190.0,0.16533637046813965,4372.0,243.16326530612224,10279.3330078125,34.63333511352539,7.316666603088379,17292.666015625,22.41666603088379,4.099999904632568,4.650000095367432,40.78333282470703,20129.0,3160.1714285714284,0.6634523868560791,25.6200008392334,223.68571428571428,1516.385009765625,1812.857177734375,-0.39335715770721436,978.0,0,518,1,0,0,41,13,78
0,179.0,0.28734320402145386,4383.0,243.16326530612224,12176.5,33.5,8.883333206176758,18800.69921875,22.75,4.300000190734863,4.599999904632568,39.33333206176758,20580.5,3160.1714285714284,0.6634523868560791,25.6200008392334,223.68571428571428,1516.385009765625,1812.857177734375,-0.39335715770721436,978.0,1,518,1,0,0,21,11,69
0,146.0,0.006841504946351051,8833.0,232.8367346938773,8961.0,35.28333282470703,6.400000095367432,17037.482421875,22.016666412353516,3.9000000953674316,4.599999904632568,42.03333282470703,18659.166015625,3277.7714285714287,0.6719762086868286,25.678333282470703,222.25714285714287,1517.650146484375,1837.199951171875,-0.23916666209697723,984.7142857142857,0,518,1,0,0,21,9,70
0,107.0,0.11288483440876007,5983.0,228.61224489795896,12363.8330078125,37.733333587646484,3.4000000953674316,18854.05078125,24.049999237060547,4.5,4.666666507720947,35.36666488647461,20686.666015625,3294.657142857143,0.6642380952835083,25.515356063842773,221.97142857142856,1523.7301025390625,1844.6856689453125,-0.34073808789253235,984.4,0,518,1,0,0,21,7,39
0,151.0,0.07069555670022964,4059.0,225.02040816326507,11312.6669921875,35.31666564941406,9.716666221618652,19725.1328125,22.683332443237305,4.099999904632568,4.699999809265137,37.95000076293945,21242.0,3331.342857142857,0.680904746055603,25.705120086669922,223.85714285714286,1528.427001953125,1849.800048828125,-0.40142858028411865,994.1142857142858,0,518,1,0,0,42,6,74
0,167.0,0.1151653379201889,12324.0,223.10204081632625,9457.77734375,38.05555725097656,3.9777779579162598,20583.12109375,26.255556106567383,4.900000095367432,4.599999904632568,38.32222366333008,22850.0,3338.942857142857,0.6830238103866577,25.565834045410156,222.85714285714286,1532.8955078125,1850.5142822265625,-0.5385000109672546,996.6571428571428,1,518,1,0,0,31,7,63
0,,0.0022805016487836838,6310.0,228.89795918367327,11914.3330078125,31.066667556762695,8.100000381469727,24768.216796875,22.549999237060547,4.5,4.800000190734863,39.13333511352539,25599.666015625,3419.2285714285713,0.7334523797035217,26.217857360839844,231.17142857142858,1542.396484375,1850.6571044921875,-0.48759526014328003,1017.9428571428572,3,518,1,0,0,31,4,
0,,0.09236031770706177,4166.0,221.61224489795893,10612.4443359375,30.622222900390625,6.799999713897705,17255.85546875,21.4777774810791,4.733333110809326,4.599999904632568,40.488887786865234,20232.833984375,3385.5714285714284,0.7283809781074524,26.115833282470703,232.94285714285715,1539.387451171875,1842.3143310546875,-0.5820714235305786,1011.7428571428571,0,518,1,0,0,21,4,
0,185.0,0.41505131125450134,6058.0,221.22448979591812,10281.6669921875,30.03333282470703,6.933333396911621,18657.732421875,21.733333587646484,4.099999904632568,4.650000095367432,42.81666564941406,18459.333984375,3347.8,0.7416428327560425,26.256309509277344,235.42857142857142,1536.4794921875,1839.3714599609375,-0.6927618980407715,1012.3428571428572,1,518,1,0,0,21,18,99
0,175.0,0.4925883710384369,1358.0,221.5306122448977,9692.5,30.883333206176758,6.766666889190674,19092.482421875,22.75,4.0,4.75,39.08333206176758,19982.333984375,3385.714285714286,0.7400476336479187,26.229642868041992,231.88571428571427,1539.81640625,1844.6571044921875,-0.6807619333267212,1016.4571428571429,1,518,1,0,0,41,8,76
0,146.0,0.19156214594841003,3284.0,222.7346938775508,12027.8330078125,30.983333587646484,2.8499999046325684,17890.033203125,22.366666793823242,4.400000095367432,4.599999904632568,41.150001525878906,22238.333984375,3395.714285714286,0.7498809695243835,26.332380294799805,231.4857142857143,1540.3223876953125,1849.5999755859375,-0.6767619252204895,1021.0,0,518,1,0,0,21,10,55
0,167.0,0.4675028622150421,4626.0,221.83673469387736,10388.5,29.516666412353516,4.183333396911621,29118.44921875,23.83333396911621,4.699999809265137,4.599999904632568,38.29999923706055,26461.0,3443.942857142857,0.7632142901420593,26.427499771118164,228.9142857142857,1543.1663818359375,1864.3714599609375,-0.6207380890846252,1030.0857142857142,0,518,1,0,0,21,4,83
0,123.0,0.28848347067832947,7532.0,217.73469387755085,11239.0,30.399999618530273,3.9666666984558105,19938.3671875,23.883333206176758,4.5,4.683333396911621,41.28333282470703,21110.333984375,3355.1428571428573,0.7823571562767029,26.540000915527344,234.42857142857142,1551.8067626953125,1863.142822265625,-0.6233333349227905,1035.942857142857,1,518,1,0,0,41,13,46
0,188.0,0.38084378838539124,8298.0,214.10204081632637,11164.0,25.83333396911621,3.4000000953674316,18237.93359375,21.433332443237305,4.800000190734863,4.599999904632568,45.28333282470703,21376.333984375,3288.8,0.8004047870635986,26.705833435058594,236.77142857142857,1554.6849365234375,1859.228515625,-0.6004999876022339,1040.7142857142858,1,518,1,0,0,21,20,78
0,167.0,0.16419611871242523,11590.0,208.95918367346917,11273.5,32.45000076293945,5.083333492279053,23931.349609375,24.433332443237305,4.5,4.599999904632568,38.38333511352539,21809.5,3266.0,0.8030238151550293,26.708690643310547,235.8,1556.3338623046875,1866.94287109375,-0.5830714106559753,1044.142857142857,1,518,1,0,0,31,12,64
0,110.0,0.15279361605644226,15403.0,210.1224489795916,8271.1669921875,31.366666793823242,4.900000095367432,18597.099609375,22.366666793823242,4.199999809265137,4.699999809265137,41.71666717529297,19840.166015625,3176.4857142857145,0.7961905002593994,26.581666946411133,242.42857142857142,1557.9007568359375,1857.17138671875,-0.5872618556022644,1035.4857142857143,2,518,1,0,0,31,1,42
0,126.0,0.09350056946277618,12701.0,202.32653061224474,9352.0,28.616666793823242,9.016666412353516,16510.666015625,21.549999237060547,4.099999904632568,4.650000095367432,40.71666717529297,17479.666015625,3104.4285714285716,0.819595217704773,26.746191024780273,244.68571428571428,1563.090576171875,1843.6571044921875,-0.640071451663971,1043.2,1,518,1,0,0,41,17,48
0,131.0,0.09236031770706177,28754.0,191.51020408163254,9629.0,27.5,5.666666507720947,19266.93359375,23.433332443237305,4.800000190734863,4.599999904632568,46.71666717529297,22027.0,3115.7714285714287,0.8586190342903137,27.04166603088379,254.9142857142857,1574.3343505859375,1831.5999755859375,-0.6634047627449036,1053.8,1,518,1,0,0,41,3,55
0,55.0,0.1619156152009964,29318.0,192.04081632653043,12859.6669921875,27.149999618530273,6.5333333015441895,19805.3671875,22.516666412353516,4.599999904632568,4.666666507720947,41.75,23133.333984375,3134.4,0.8562856912612915,27.046428680419922,254.62857142857143,1575.678955078125,1838.4000244140625,-0.6575000286102295,1054.4857142857143,0,518,1,0,0,31,2,22
0,159.0,0.14709235727787018,25800.0,190.1632653061223,9561.3330078125,27.66666603088379,4.316666603088379,17894.19921875,21.350000381469727,4.199999809265137,4.483333110809326,39.983333587646484,19790.0,3278.657142857143,0.8781190514564514,27.11833381652832,256.54285714285714,1575.5992431640625,1819.800048828125,-0.7248809337615967,1060.2857142857142,0,508,1,0,0,21,8,65
0,99.0,0.21892815828323364,18248.0,190.48979591836724,14263.6669921875,25.183332443237305,8.366666793823242,18852.3671875,21.850000381469727,5.0,4.699999809265137,43.5,22802.0,3284.2,0.897595226764679,27.249881744384766,259.2857142857143,1579.398193359375,1812.4571533203125,-0.7549285888671875,1066.0857142857142,1,508,1,0,0,21,8,38
0,84.0,0.01254275906831026,14424.0,189.14285714285697,11380.0,30.933332443237305,5.7833333015441895,18835.232421875,22.350000381469727,4.400000095367432,4.699999809265137,40.5,18983.833984375,3348.942857142857,0.8916190266609192,27.172975540161133,258.54285714285714,1577.4185791015625,1813.05712890625,-0.7562381029129028,1064.2857142857142,1,508,1,0,0,42,6,40
0,124.0,0.543899655342102,1551.0,196.95918367346923,8625.9443359375,31.51666831970215,6.238888740539551,22152.19921875,21.594444274902344,4.133333206176758,4.733333110809326,43.22222137451172,17447.0,3364.6857142857143,0.9046905040740967,27.203214645385742,270.14285714285717,1584.3404541015625,1762.4857177734375,-0.8150951862335205,1057.6,5,508,1,1,0,31,25,52
0,102.0,0.1277080923318863,1440.0,198.71428571428555,11574.388671875,29.144445419311523,7.894444465637207,19932.60546875,22.605554580688477,4.733333110809326,4.816666603088379,43.227779388427734,20222.388671875,3399.657142857143,0.8629523515701294,26.873571395874023,276.51428571428573,1607.7103271484375,1729.17138671875,-0.7773571610450745,1049.8,1,508,1,1,0,31,15,39
0,46.0,0.0057012541219592094,6651.0,200.0408163265304,9158.4443359375,27.688888549804688,4.516666412353516,19744.64453125,20.672222137451172,4.133333206176758,4.599999904632568,45.57221984863281,18225.666015625,3500.6857142857143,0.899571418762207,26.98904800415039,268.8,1579.03369140625,1742.971435546875,-0.8815714120864868,1052.9142857142858,0,508,1,0,0,21,26,17
0,80.0,0.057012543082237244,10401.0,198.3673469387753,9158.3330078125,28.91666603088379,5.25,20513.166015625,20.91666603088379,4.099999904632568,4.550000190734863,45.599998474121094,16286.0,3483.657142857143,0.9101904630661011,27.04892921447754,268.6857142857143,1584.2037353515625,1742.94287109375,-0.9037857055664062,1058.8,1,508,1,0,0,31,19,30
0,84.0,0.47776511311531067,23880.0,197.8163265306121,10058.5,27.433332443237305,7.199999809265137,19961.599609375,21.700000762939453,4.5,4.550000190734863,43.08333206176758,17718.333984375,3483.0285714285715,0.913023829460144,26.930952072143555,278.2,1597.4791259765625,1693.17138671875,-0.9705952405929565,1051.9142857142858,4,508,1,0,0,21,2,42
1,105.0,0.4937286078929901,30657.0,196.77551020408148,9608.0,28.266666412353516,7.449999809265137,20084.44921875,21.71666717529297,4.199999809265137,4.599999904632568,43.516666412353516,18199.0,3501.3142857142857,0.9135952591896057,26.948928833007812,280.37142857142857,1604.9302978515625,1686.5714111328125,-0.9493571519851685,1054.4857142857143,1,508,1,0,0,31,29,40
0,58.0,0.060433294624090195,32767.0,196.2857142857142,10197.0,29.049999237060547,6.2166666984558105,21115.30078125,22.633333206176758,4.5,4.650000095367432,42.38333511352539,20058.0,3518.6857142857143,0.9235714077949524,26.964405059814453,288.8285714285714,1615.0498046875,1654.3428955078125,-0.9769523739814758,1051.9714285714285,2,508,1,0,0,21,32,22
1,142.0,0.0,32767.0,195.06122448979585,13875.22265625,29.633333206176758,9.23888874053955,21807.015625,24.511112213134766,4.099999904632568,5.094444274902344,47.516666412353516,21161.611328125,3475.4857142857145,0.9362857341766357,27.045120239257812,303.62857142857143,1636.9481201171875,1601.2572021484375,-0.9956904649734497,1052.6857142857143,0,518,1,0,0,24,5,60
0,,0.0,25339.0,194.80272108847447,11184.8330078125,33.005558013916016,9.327777862548828,18370.966796875,22.39444351196289,4.0,4.800000190734863,46.42777633666992,17872.888671875,3578.657142857143,0.9314761757850647,26.94011878967285,292.8,1616.003662109375,1625.7427978515625,-1.030142903327942,1049.5714285714287,0,508,1,0,0,24,3,
0,121.0,0.011402508243918419,15772.0,193.79591836734693,11107.3330078125,34.63333511352539,9.5,18766.06640625,22.5,4.199999809265137,4.949999809265137,44.93333435058594,16900.0,3602.2571428571428,0.9129999876022339,26.69928550720215,294.8,1624.0865478515625,1612.771484375,-1.0283571481704712,1044.6571428571428,4,508,1,0,0,31,13,47
0,135.0,0.1755986362695694,20954.0,192.42857142857136,10752.0,33.016666412353516,7.550000190734863,17730.6171875,21.183332443237305,4.0,5.0,41.28333282470703,17417.833984375,3682.9142857142856,0.9502618908882141,26.832141876220703,295.74285714285713,1623.0546875,1593.17138671875,-1.1378809213638306,1053.0285714285715,4,508,1,0,0,31,11,58
0,124.0,0.0,21485.0,189.87499999999991,11102.0,29.75,12.216666221618652,18274.19921875,22.116666793823242,3.799999952316284,5.0,41.46666717529297,19211.666015625,3672.5142857142855,0.9300000071525574,26.59583282470703,302.0285714285714,1625.6458740234375,1563.82861328125,-1.1044762134552002,1040.7428571428572,5,508,1,0,0,21,10,55
0,111.0,0.04332953318953514,30204.0,186.38297872340414,10044.1669921875,25.866666793823242,5.949999809265137,16908.783203125,21.46666717529297,3.9000000953674316,5.0,53.18333435058594,18342.833984375,3668.942857142857,0.9291666746139526,26.515356063842773,314.0,1644.20361328125,1523.2572021484375,-1.1740952730178833,1036.1714285714286,3,508,1,0,0,21,11,61
0,80.0,0.007981755770742893,32767.0,182.53333333333322,10246.1669921875,28.200000762939453,6.300000190734863,17728.583984375,22.08333396911621,4.099999904632568,5.183333396911621,47.04999923706055,23010.0,3686.7714285714287,0.9444761872291565,26.483572006225586,311.25714285714287,1639.3929443359375,1514.05712890625,-1.1863571405410767,1038.7142857142858,4,567,1,0,0,21,9,33
0,168.0,0.3226909935474396,32767.0,179.48936170212747,8750.1669921875,30.299999237060547,3.950000047683716,17470.767578125,21.233333587646484,3.4000000953674316,5.099999904632568,47.46666717529297,21166.666015625,3657.0285714285715,0.9209523797035217,26.253095626831055,312.9714285714286,1642.845703125,1501.82861328125,-1.1732380390167236,1031.6,1,567,1,0,0,31,21,78
0,82.0,0.0,32767.0,174.34146341463398,10652.8330078125,29.149999618530273,5.883333206176758,19977.8828125,22.983333587646484,3.299999952316284,5.099999904632568,53.53333282470703,22462.666015625,3641.6285714285714,0.9311666488647461,26.246904373168945,324.1142857142857,1651.640625,1449.142822265625,-1.2162381410598755,1024.7714285714285,2,567,1,0,0,21,12,42
0,105.0,0.023945268243551254,32767.0,171.15217391304327,10164.5,30.71666717529297,5.650000095367432,17962.3671875,22.483333587646484,3.5,5.199999809265137,49.88333511352539,22034.833984375,3614.5714285714284,0.899738073348999,25.88511848449707,324.8857142857143,1673.0977783203125,1441.4000244140625,-1.1547619104385376,1024.5428571428572,5,508,1,0,0,21,20,44
0,59.0,0.0045610032975673676,32767.0,164.7749999999999,9032.0,29.53333282470703,9.25,18119.900390625,21.03333282470703,3.5,5.166666507720947,49.41666793823242,19838.333984375,3745.942857142857,0.8994523882865906,25.630596160888672,313.22857142857146,1646.8265380859375,1426.4571533203125,-1.2574762105941772,1014.7714285714286,3,508,1,0,0,34,2,23
0,154.0,0.10718358308076859,27451.0,161.0487804878047,14386.3330078125,31.116666793823242,6.25,18241.05078125,21.16666603088379,3.700000047683716,5.116666793823242,41.400001525878906,20732.833984375,4011.457142857143,0.9390000104904175,25.977500915527344,313.74285714285713,1647.38525390625,1405.2572021484375,-1.3588809967041016,1028.057142857143,3,508,1,0,0,31,8,67
0,53.0,0.01824401319026947,26433.0,157.26190476190462,7851.0,34.099998474121094,6.0333333015441895,19935.966796875,21.866666793823242,3.700000047683716,5.199999809265137,44.516666412353516,20761.0,4193.857142857143,0.911476194858551,25.650117874145508,311.0285714285714,1651.9764404296875,1378.7142333984375,-1.3667142391204834,1018.6,3,508,1,0,0,21,16,22
0,134.0,0.18129988014698029,28156.0,153.47727272727252,10384.9443359375,40.72222137451172,5.5722222328186035,19235.306640625,22.461111068725586,3.8333332538604736,5.099999904632568,41.005558013916016,22182.72265625,4320.342857142857,0.8963571190834045,25.48690414428711,303.85714285714283,1647.025146484375,1373.5428466796875,-1.4109286069869995,1016.3714285714286,2,508,1,0,0,31,6,67
0,81.0,0.02166476659476757,30383.0,154.20833333333314,9705.3330078125,30.75,8.816666603088379,17535.216796875,21.049999237060547,2.9000000953674316,5.150000095367432,45.849998474121094,17930.666015625,4428.342857142857,0.944857120513916,26.012975692749023,311.51428571428573,1650.181396484375,1355.2572021484375,-1.4658571481704712,1028.0857142857142,1,508,1,0,0,41,19,32
0,125.0,0.4002280533313751,22870.0,145.60416666666652,10257.6669921875,40.86666488647461,5.583333492279053,20641.69921875,25.899999618530273,3.5,5.0,37.41666793823242,25926.666015625,4743.371428571429,0.9279285669326782,25.72333335876465,306.0285714285714,1645.9813232421875,1330.142822265625,-1.579023838043213,1022.6,4,567,1,0,0,11,10,49
0,119.0,0.006841504946351051,18742.0,148.28571428571416,8811.0,32.04999923706055,9.183333396911621,16447.80078125,20.549999237060547,2.700000047683716,5.099999904632568,49.06666564941406,17932.0,4722.314285714286,0.959761917591095,26.107738494873047,318.3142857142857,1657.9603271484375,1302.8857421875,-1.7023571729660034,1022.4857142857143,1,567,1,0,0,31,16,46
0,54.0,0.01254275906831026,12015.0,142.7755102040815,11141.0,28.100000381469727,8.533333778381348,15395.2666015625,21.483333587646484,2.9000000953674316,5.25,50.29999923706055,18810.0,4584.771428571428,0.9709523916244507,26.2261905670166,326.42857142857144,1660.78564453125,1281.7142333984375,-1.7812857627868652,1018.9428571428572,2,508,1,0,0,21,13,28
0,131.0,0.6488027572631836,1624.0,147.93877551020395,10847.5,28.58333396911621,8.300000190734863,22117.767578125,23.53333282470703,3.5,5.099999904632568,51.733333587646484,24282.0,4607.2,0.9296904802322388,25.938810348510742,345.25714285714287,1687.2021484375,1213.2572021484375,-1.9256428480148315,999.6285714285714,3,540,1,1,0,21,35,53
0,137.0,0.851767361164093,1085.0,147.93877551020395,11861.6669921875,28.049999237060547,7.633333206176758,20304.216796875,23.633333206176758,3.0999999046325684,5.099999904632568,51.03333282470703,20882.333984375,4607.2,0.9296904802322388,25.938810348510742,345.25714285714287,1687.2021484375,1213.2572021484375,-1.9256428480148315,999.6285714285714,3,540,1,1,0,31,12,56
0,135.0,0.7274800539016724,1236.0,148.15217391304336,11861.3330078125,27.183332443237305,4.916666507720947,18097.099609375,22.433332443237305,2.5,5.0,54.78333282470703,19657.0,3733.7428571428572,0.9087619185447693,25.552261352539062,363.85714285714283,1678.716552734375,1162.4000244140625,-1.9510952234268188,965.2571428571429,3,567,1,1,0,41,4,52
0,102.0,0.6864309906959534,1531.0,167.5116279069766,11462.5,25.016666412353516,7.900000095367432,16677.732421875,19.950000762939453,2.700000047683716,5.0,58.96666717529297,19642.0,4040.542857142857,0.9669047594070435,26.058691024780273,396.1714285714286,1693.771484375,1094.4000244140625,-2.302166700363159,951.3428571428572,7,540,1,1,0,31,3,38
0,162.0,0.516533613204956,10133.0,169.77551020408146,10735.0,29.683332443237305,6.349999904632568,17564.75,22.066667556762695,2.200000047683716,5.050000190734863,55.983333587646484,18989.5,4799.4857142857145,0.965404748916626,25.936904907226562,380.8,1695.2119140625,1111.2857666015625,-2.449000120162964,963.9714285714285,1,540,1,0,0,21,7,74
0,70.0,0.03192702308297157,14401.0,169.47916666666652,14454.3330078125,29.133333206176758,6.5333333015441895,18260.416015625,21.950000762939453,2.4000000953674316,5.0,53.983333587646484,20534.5,5011.5142857142855,0.9666904807090759,25.84238052368164,371.65714285714284,1694.643310546875,1125.5428466796875,-2.432857036590576,970.7714285714286,2,540,1,0,0,21,13,27
0,86.0,0.07753705978393555,6716.0,166.4473684210525,14940.22265625,22.69444465637207,8.722222328186035,19653.900390625,21.69444465637207,2.4666666984558105,5.300000190734863,59.122222900390625,22179.111328125,4729.590476190477,1.0162936449050903,26.23634910583496,389.51428571428573,1700.3641357421875,1120.3524169921875,-2.471658706665039,969.7714285714286,4,540,1,0,0,31,6,34
0,353.0,0.91904217004776,1146.0,313.33333333333314,14824.3330078125,33.10000228881836,1.5555555820465088,29502.138671875,25.488887786865234,5.366666793823242,4.077777862548828,25.938888549804688,24750.888671875,841.4857142857143,0.6532618999481201,26.11833381652832,11.514285714285714,1275.60009765625,2725.971435546875,0.3173333406448364,996.9142857142857,0,505,1,0,0,31,26,164
1,285.0,0.6020524501800537,1651.0,308.38775510204044,11766.6669921875,33.46666717529297,2.0333333015441895,26331.767578125,25.66666603088379,5.900000095367432,4.150000095367432,16.866666793823242,36967.66796875,768.4857142857143,0.6594523787498474,26.191904067993164,11.942857142857143,1291.4193115234375,2690.428466796875,0.021261900663375854,1010.6571428571428,1,505,1,1,0,21,4,105
0,371.0,0.7822120785713196,1193.0,313.8163265306119,16683.33203125,34.877777099609375,2.316666603088379,23055.322265625,25.200000762939453,5.099999904632568,4.305555820465088,26.088890075683594,24682.166015625,839.1428571428571,0.6712619066238403,26.174285888671875,14.971428571428572,1308.9261474609375,2603.257080078125,-0.4539523720741272,1021.5142857142857,0,505,1,1,0,21,33,174
1,376.0,0.2770809531211853,2510.0,316.18367346938754,14609.3330078125,33.983333587646484,2.25,24395.56640625,26.866666793823242,5.199999809265137,4.349999904632568,18.316667556762695,34852.66796875,993.3142857142857,0.7117618918418884,26.380596160888672,29.685714285714287,1336.968505859375,2535.428466796875,-0.8209047317504883,1037.3142857142857,0,505,1,1,0,42,8,137
0,388.0,0.9555302262306213,1068.0,293.6530612244895,18020.0,38.516666412353516,1.0499999523162842,22001.533203125,25.116666793823242,5.699999809265137,4.150000095367432,27.200000762939453,28115.333984375,1110.8857142857144,0.6631428599357605,26.226428985595703,29.428571428571427,1337.108154296875,2761.800048828125,-1.4229047298431396,1032.3714285714286,0,505,1,0,1,41,24,183
0,295.0,0.9669327139854431,1042.0,288.75510204081627,18397.056640625,36.766666412353516,0.3444444537162781,20587.65625,25.127779006958008,6.300000190734863,4.238888740539551,35.31666564941406,25129.27734375,1127.4285714285713,0.6197381019592285,26.138214111328125,31.571428571428573,1328.22998046875,2646.3427734375,-1.3077380657196045,1017.6571428571428,0,474,1,1,0,21,35,138
0,319.0,0.9543899893760681,1034.0,286.8775510204081,16516.5546875,37.82222366333008,0.10000000149011612,19573.6875,25.738889694213867,5.5333333015441895,4.150000095367432,36.27777862548828,23207.22265625,1152.6857142857143,0.6134999990463257,26.164880752563477,32.51428571428571,1328.586181640625,2627.571533203125,-1.2128334045410156,1015.6571428571428,0,474,1,1,0,41,35,149
1,266.0,0.0,9329.0,264.2448979591834,15772.1669921875,34.31666564941406,1.399999976158142,21497.232421875,27.28333282470703,5.099999904632568,4.083333492279053,28.149999618530273,25224.166015625,1178.2857142857142,0.604619026184082,26.494403839111328,36.34285714285714,1322.27880859375,2558.6572265625,-0.857119083404541,1011.9428571428572,0,474,1,0,1,41,9,115
1,211.0,0.027366019785404205,10884.0,264.2448979591834,18804.666015625,32.766666412353516,1.1833332777023315,22486.43359375,27.08333396911621,5.300000190734863,4.083333492279053,27.383333206176758,25048.666015625,1178.2857142857142,0.604619026184082,26.494403839111328,36.34285714285714,1322.27880859375,2558.6572265625,-0.857119083404541,1011.9428571428572,0,474,1,0,1,41,27,95
1,299.0,0.0,4125.0,271.8367346938773,22484.166015625,31.049999237060547,2.5,21248.416015625,29.5,5.300000190734863,4.183333396911621,31.78333282470703,31035.833984375,1200.8,0.6007142663002014,26.533809661865234,35.25714285714286,1321.0594482421875,2564.71435546875,-0.6313095092773438,1012.8571428571429,0,474,1,0,0,34,17,138
0,228.0,0.5416191816329956,1275.0,271.8367346938773,15482.0,32.33333206176758,2.8499999046325684,20590.30078125,27.03333282470703,4.800000190734863,4.233333110809326,32.20000076293945,23387.0,1212.6571428571428,0.6005714535713196,26.544523239135742,34.628571428571426,1324.2003173828125,2571.28564453125,-0.5426666736602783,1015.7428571428571,0,474,1,0,0,31,17,102
0,232.0,0.36944127082824707,1549.0,275.87755102040796,17852.0,30.399999618530273,1.9888888597488403,20334.12890625,27.75,4.9666666984558105,4.183333396911621,32.133331298828125,25185.5,1221.857142857143,0.5987619161605835,26.50273895263672,34.74285714285714,1323.8836669921875,2572.6572265625,-0.4962618947029114,1015.0,0,474,1,0,0,31,13,84
