floodable_forests,biomass,sur_cover,quarter_biomass,quarter,ecoreg_biomass,dist,nearest_mature,cec,clay,cfvo,nitro,ocd,ocs,phh2o,sand,soc,mean_soil,mean_vpd,mean_temp,mean_def,mean_srad,mean_pr,mean_pdsi,mean_aet,num_fires,ecoreg,biome,indig,protec,topography,age,sd
0,,0.0,296.0,3.0,272.0,2211.0,243.83673469387733,17260.5,31.183332443237305,1.2999999523162842,19289.099609375,24.383333206176758,4.599999904632568,4.599999904632568,25.28333282470703,23704.333984375,3106.6285714285714,0.6798095107078552,26.40011978149414,110.0,1383.8299560546875,2297.085693359375,-0.5865952372550964,982.1428571428571,4,497,1,1,1,34,4,
0,93.0,0.405929297208786,296.0,3.0,272.0,1558.0,244.7959183673468,16262.8330078125,27.78333282470703,1.0166666507720947,18930.599609375,22.866666793823242,4.199999809265137,4.383333206176758,26.299999237060547,19789.833984375,3093.6,0.6926904916763306,26.45059585571289,113.28571428571429,1390.9178466796875,2287.971435546875,-0.5914285778999329,986.9714285714285,0,497,1,1,1,34,35,31
1,143.0,0.6624857187271118,296.0,3.0,272.0,1194.0,242.40816326530594,15339.0,26.83333396911621,1.3333333730697632,15870.2666015625,21.133333206176758,4.0,4.099999904632568,32.70000076293945,17046.666015625,2951.4857142857145,0.6652619242668152,26.27618980407715,122.8,1402.0775146484375,2252.82861328125,-0.6326190829277039,975.4,0,497,1,1,1,42,7,66
0,167.0,0.4184720516204834,296.0,3.0,272.0,2982.0,239.55102040816308,16076.8330078125,26.850000381469727,2.799999952316284,15037.349609375,21.75,4.099999904632568,4.199999809265137,34.29999923706055,15543.0,2896.657142857143,0.6641428470611572,26.257143020629883,126.65714285714286,1407.010498046875,2243.314208984375,-0.654785692691803,973.8,3,497,1,0,0,21,5,59
0,129.0,0.5655644536018372,296.0,3.0,272.0,1894.0,237.1020408163264,15465.5,26.016666412353516,0.9833333492279053,16023.150390625,23.816667556762695,4.199999809265137,4.199999809265137,35.66666793823242,15636.0,2877.4857142857145,0.6621666550636292,26.236785888671875,127.48571428571428,1408.010498046875,2240.228515625,-0.6619285345077515,972.9142857142857,1,497,1,0,0,21,3,44
0,224.0,0.24173317849636078,296.0,3.0,272.0,1333.0,235.408163265306,14174.1669921875,27.983333587646484,1.7666666507720947,14802.43359375,21.383333206176758,4.199999809265137,4.183333396911621,33.04999923706055,16386.5,2871.942857142857,0.6661666631698608,26.252975463867188,125.85714285714286,1406.77978515625,2250.3427734375,-0.7010476589202881,975.0285714285715,1,497,1,0,0,21,35,76
0,,0.0,296.0,3.0,272.0,4125.0,234.51020408163257,20640.333984375,27.41666603088379,2.6666667461395264,17146.80078125,23.516666412353516,5.400000095367432,4.75,26.53333282470703,25392.0,2862.6285714285714,0.680571436882019,26.33119010925293,118.28571428571429,1399.8585205078125,2285.371337890625,-0.7139999866485596,981.8285714285714,13,497,1,0,0,34,2,
0,78.0,0.6738882660865784,296.0,3.0,272.0,2120.0,234.34693877551013,16288.3330078125,28.133333206176758,1.1833332777023315,16465.517578125,20.950000762939453,4.699999809265137,4.383333206176758,31.899999618530273,16112.1669921875,2816.0285714285715,0.6846428513526917,26.3223819732666,127.62857142857143,1401.52001953125,2251.3427734375,-0.713190495967865,973.2571428571429,2,497,1,0,1,42,2,28
0,151.0,0.16305586695671082,296.0,3.0,272.0,1942.0,235.16326530612233,16363.5,29.28333282470703,1.8333333730697632,15141.650390625,21.366666793823242,4.199999809265137,4.2833333015441895,33.66666793823242,15503.0,2792.0857142857144,0.6530237793922424,26.152023315429688,130.85714285714286,1405.093994140625,2239.257080078125,-0.6884523630142212,964.3428571428572,0,497,1,0,1,34,6,53
0,111.0,0.3101482391357422,296.0,3.0,272.0,2501.0,236.97959183673458,16036.6669921875,24.516666412353516,1.9833333492279053,17022.43359375,21.516666412353516,4.300000190734863,4.133333206176758,37.733333587646484,16466.333984375,2792.0857142857144,0.6530237793922424,26.152023315429688,130.85714285714286,1405.093994140625,2239.257080078125,-0.6884523630142212,964.3428571428572,0,497,1,0,1,41,3,45
0,279.0,0.6716077327728271,296.0,3.0,272.0,1115.0,242.67346938775495,15603.0,30.5,1.0833333730697632,15115.1337890625,20.58333396911621,3.799999952316284,4.083333492279053,34.41666793823242,15571.0,2847.6,0.6467142701148987,26.136547088623047,134.8,1418.1483154296875,2213.28564453125,-0.6704524159431458,965.1428571428571,0,497,1,0,0,31,11,115
0,123.18244407244143,0.9110604524612427,296.0,3.0,272.0,1046.0,249.22448979591823,14699.611328125,28.883333206176758,2.9555554389953613,20796.833984375,22.10555648803711,4.433333396911621,4.183333396911621,40.53889083862305,20180.333984375,2892.342857142857,0.647261917591095,26.11642837524414,136.4,1420.2138671875,2210.800048828125,-0.6742857098579407,964.6285714285714,0,497,1,0,1,31,5,53
1,304.0,0.11288483440876007,296.0,3.0,272.0,2249.0,251.81632653061212,,29.91666603088379,2.683333396911621,,21.633333206176758,4.300000190734863,4.199999809265137,43.33333206176758,,2938.657142857143,0.659761905670166,26.1634521484375,134.34285714285716,1423.7784423828125,2216.971435546875,-0.7012619376182556,970.5428571428571,0,497,1,0,0,41,21,107
0,273.0,0.49600911140441895,296.0,3.0,272.0,1176.0,255.63265306122435,16335.0,28.21666717529297,3.049999952316284,14303.3330078125,22.08333396911621,4.5,4.2833333015441895,42.53333282470703,19282.166015625,2961.8571428571427,0.665238082408905,26.19095230102539,130.42857142857142,1419.622802734375,2207.028564453125,-0.6957619190216064,972.3428571428572,1,476,1,0,1,31,7,103
0,246.0,0.7594070434570312,296.0,3.0,293.0,1091.0,258.2040816326529,16727.0,27.08333396911621,6.433333396911621,17474.69921875,21.183332443237305,4.300000190734863,4.199999809265137,43.0,18968.666015625,3004.9714285714285,0.6570237874984741,26.08738136291504,129.97142857142856,1418.818603515625,2210.60009765625,-0.7344285845756531,969.4285714285714,1,482,1,0,0,21,3,113
0,285.0,0.060433294624090195,296.0,3.0,293.0,2410.0,260.28571428571405,14371.6669921875,23.733333587646484,2.1666667461395264,13425.7001953125,21.700000762939453,4.599999904632568,4.199999809265137,41.650001525878906,42275.83203125,3010.714285714286,0.6596666574478149,26.092975616455078,127.42857142857143,1416.8538818359375,2203.314208984375,-0.7273571491241455,971.4285714285714,0,482,1,0,0,21,1,118
0,263.8794311493172,0.5210946202278137,296.0,3.0,293.0,1583.0,262.3265306122446,15996.22265625,32.45000076293945,3.1277778148651123,18412.955078125,21.505556106567383,4.0333333015441895,4.044444561004639,39.06111145019531,17175.888671875,3038.714285714286,0.6620476245880127,26.037738800048828,126.48571428571428,1417.398193359375,2191.857177734375,-0.7408333420753479,972.4571428571429,1,476,1,0,0,31,11,106
0,109.0,0.20752565562725067,296.0,3.0,293.0,1995.0,264.5102040816324,13615.0,35.11666488647461,1.7666666507720947,16131.2001953125,21.483333587646484,3.799999952316284,4.333333492279053,34.28333282470703,18673.0,3050.1714285714284,0.6693333387374878,26.140357971191406,125.08571428571429,1415.7528076171875,2191.428466796875,-0.7377381324768066,975.1428571428571,2,482,1,0,0,31,2,43
0,58.0,0.6841505169868469,296.0,3.0,293.0,1097.0,266.9387755102039,16038.2216796875,32.63888931274414,2.6500000953674316,15999.8115234375,20.03333282470703,4.5,4.038888931274414,43.355552673339844,16849.111328125,3083.980952380952,0.6612777709960938,25.988849639892578,124.4095238095238,1417.4864501953125,2196.1904296875,-0.740746021270752,974.0285714285715,0,476,1,0,1,42,20,22
1,,0.2428734302520752,296.0,3.0,293.0,1304.0,267.1428571428569,17468.388671875,24.52777862548828,1.9833333492279053,23837.099609375,24.105554580688477,4.933333396911621,4.416666507720947,48.027774810791016,26100.5546875,3094.7714285714287,0.6642618775367737,25.99547576904297,124.42857142857143,1416.50341796875,2198.71435546875,-0.7444047331809998,974.0571428571428,0,476,1,0,1,34,22,
0,166.0,0.15735462307929993,296.0,3.0,293.0,1402.0,265.14285714285694,15008.1669921875,24.933332443237305,1.899999976158142,15953.06640625,21.516666412353516,4.300000190734863,4.050000190734863,52.53333282470703,17863.666015625,3102.6285714285714,0.6704285740852356,26.011310577392578,125.0,1416.5035400390625,2199.28564453125,-0.750166654586792,974.3142857142857,0,476,1,0,1,34,6,74
0,78.0,0.9099201560020447,296.0,3.0,293.0,1147.0,262.20408163265284,17358.5,24.58333396911621,1.5333333015441895,14125.349609375,21.133333206176758,5.5,4.0333333015441895,60.06666564941406,17681.0,2987.4285714285716,0.6809762120246887,26.0478572845459,128.88571428571427,1419.98095703125,2189.8857421875,-0.7471428513526917,974.7428571428571,0,476,1,0,1,41,1,36
0,115.0,0.45952108502388,296.0,3.0,293.0,1071.0,261.8571428571427,15498.5,31.96666717529297,3.0166666507720947,18372.083984375,21.799999237060547,4.300000190734863,4.050000190734863,50.79999923706055,21235.333984375,2983.4,0.695976197719574,26.136667251586914,129.4857142857143,1417.6553955078125,2217.199951171875,-0.5606904625892639,976.9714285714285,0,476,1,1,0,41,10,53
0,107.16947597097578,0.5119726061820984,296.0,3.0,293.0,1097.0,260.85714285714266,18285.0,27.200000762939453,1.9500000476837158,15017.5498046875,20.33333396911621,5.0,4.183333396911621,53.20000076293945,22652.0,2930.1714285714284,0.6929285526275635,26.091428756713867,129.11428571428573,1420.0645751953125,2219.54296875,-0.6939047574996948,979.6857142857143,0,476,1,1,0,42,32,49
1,170.0,0.839224636554718,296.0,3.0,293.0,1287.0,258.5306122448977,18168.666015625,36.29999923706055,2.9666666984558105,17372.31640625,21.766666412353516,4.5,4.050000190734863,42.483333587646484,22350.333984375,2873.9714285714285,0.699571430683136,26.11321449279785,129.28571428571428,1422.550537109375,2272.742919921875,-0.5935952663421631,979.4857142857143,0,476,1,1,0,42,14,63
1,203.0,0.3922463059425354,296.0,3.0,293.0,1132.0,259.1020408163263,16473.666015625,31.91666603088379,2.3499999046325684,13122.966796875,20.08333396911621,4.5,4.083333492279053,47.13333511352539,16236.1669921875,2956.8,0.71019047498703,26.197738647460938,129.0857142857143,1424.2825927734375,2302.142822265625,-0.5176904797554016,983.4285714285714,0,476,1,1,0,41,6,89
0,79.0,0.47776511311531067,296.0,3.0,293.0,3085.0,259.1020408163263,16788.166015625,32.53333282470703,1.399999976158142,15904.783203125,21.53333282470703,4.400000095367432,4.25,38.08333206176758,18418.5,3041.285714285714,0.7407380938529968,26.312143325805664,118.88571428571429,1411.31103515625,2384.45703125,-0.5089285969734192,995.4571428571429,0,476,1,1,0,31,6,31
0,254.7813826478976,0.6271379590034485,296.0,3.0,293.0,1410.0,274.5306122448977,18590.166015625,40.733333587646484,1.2333333492279053,14887.150390625,21.483333587646484,4.599999904632568,4.0333333015441895,38.53333282470703,18225.0,3062.714285714286,0.7152143120765686,26.099761962890625,128.0857142857143,1421.0916748046875,2380.60009765625,-0.4366428554058075,985.2571428571429,0,476,1,1,0,21,6,112
0,175.0,0.3363740146160126,296.0,3.0,293.0,3166.0,266.14285714285694,15758.5,36.11666488647461,2.5166666507720947,14415.7001953125,21.866666793823242,4.400000095367432,4.25,45.849998474121094,18658.0,3085.942857142857,0.7337619066238403,26.271547317504883,125.85714285714286,1418.971435546875,2393.800048828125,-0.5210238099098206,988.7428571428571,0,476,1,0,1,21,9,80
0,200.0,0.26567843556404114,296.0,3.0,293.0,1436.0,278.3061224489793,17841.333984375,34.95000076293945,1.7333333492279053,17094.849609375,21.683332443237305,4.300000190734863,3.9833333492279053,43.54999923706055,18633.333984375,3135.942857142857,0.7250476479530334,26.20404815673828,126.0,1418.7572021484375,2421.514404296875,-0.49619048833847046,986.3714285714286,0,476,1,0,1,31,8,84
0,213.0,0.6624857187271118,296.0,3.0,293.0,1110.0,273.81632653061206,15807.5,34.766666412353516,3.5166666507720947,16776.650390625,21.58333396911621,4.0,4.083333492279053,40.63333511352539,19432.0,3174.7714285714287,0.7160952091217041,25.99440574645996,126.31428571428572,1420.791259765625,2434.685791015625,-0.5489524006843567,983.7428571428571,0,476,1,0,0,21,10,87
0,129.0,0.48916763067245483,296.0,3.0,293.0,1196.0,285.0408163265303,19745.0,32.66666793823242,0.9666666388511658,15258.7333984375,21.08333396911621,5.0,4.083333492279053,44.81666564941406,19448.666015625,3203.9142857142856,0.7215476036071777,26.09666633605957,126.97142857142858,1424.2127685546875,2458.94287109375,-0.5711190700531006,987.4,2,476,1,0,0,41,9,63
0,146.0,0.9122006893157959,296.0,3.0,293.0,1034.0,289.9387755102038,16002.6669921875,35.20000076293945,3.2333333492279053,16538.017578125,21.866666793823242,4.599999904632568,4.183333396911621,36.650001525878906,22390.0,3275.5142857142855,0.7372857332229614,26.10178565979004,123.57142857142857,1415.88037109375,2500.0,-0.6357619166374207,988.6,0,476,1,0,1,21,6,54
0,110.0,0.7286202907562256,296.0,3.0,293.0,1226.0,304.91836734693845,16949.333984375,29.811111450195312,2.633333444595337,18065.34375,22.08888816833496,5.0,4.172222137451172,41.627777099609375,20251.888671875,3344.342857142857,0.7499762177467346,26.257143020629883,126.45714285714286,1422.942626953125,2494.199951171875,-0.5327619314193726,994.1142857142858,0,476,1,0,0,41,35,39
1,221.0,0.19840364158153534,296.0,3.0,293.0,1298.0,311.63265306122423,,,,,,,,,,3376.457142857143,0.761738121509552,26.384523391723633,127.0,1424.0919189453125,2490.485595703125,-0.4605238139629364,997.2571428571429,2,476,1,0,1,42,5,108
1,415.0,0.33523374795913696,296.0,3.0,293.0,1561.0,318.34693877550995,17625.0,36.483333587646484,3.9000000953674316,14633.1669921875,22.149999618530273,4.900000095367432,4.083333492279053,40.36666488647461,45786.83203125,3410.0285714285715,0.7621190547943115,26.313095092773438,127.42857142857143,1423.9100341796875,2480.28564453125,-0.3405952453613281,995.7714285714286,0,476,1,0,1,42,22,201
0,329.0,0.5986316800117493,296.0,3.0,293.0,1082.0,334.6122448979588,15738.5556640625,35.57222366333008,2.1499998569488525,14685.2001953125,21.127777099609375,4.199999809265137,4.016666889190674,37.78333282470703,18805.77734375,3456.2571428571428,0.7957618832588196,26.472381591796875,133.02857142857144,1420.566162109375,2369.514404296875,-0.1964999884366989,995.8,0,476,1,0,1,41,13,156
0,214.0,0.5028506517410278,296.0,3.0,293.0,1210.0,329.4897959183671,19771.0,24.072221755981445,1.3166667222976685,15187.078125,21.7722225189209,3.866666555404663,4.050000190734863,41.983333587646484,17802.16796875,3490.457142857143,0.8181904554367065,26.5238094329834,135.0857142857143,1426.581298828125,2229.142822265625,0.4071666896343231,1002.3142857142857,0,476,1,0,0,42,5,93
1,230.0,0.6716077327728271,296.0,3.0,293.0,1248.0,323.65306122448953,17624.5,30.46666717529297,1.2166666984558105,15765.650390625,22.16666603088379,4.5,4.050000190734863,43.95000076293945,17156.0,3497.114285714286,0.8244524002075195,26.54892921447754,132.74285714285713,1426.4075927734375,2193.628662109375,2.245166778564453,1005.6857142857143,0,476,1,0,1,31,8,111
1,81.0,0.023945268243551254,296.0,3.0,293.0,1598.0,319.34693877550984,15581.3330078125,33.36666488647461,1.0499999523162842,14557.1669921875,21.200000762939453,4.699999809265137,4.166666507720947,45.31666564941406,17854.0,3459.3142857142857,0.8461666703224182,26.67011833190918,137.68571428571428,1427.2872314453125,2148.514404296875,3.639690399169922,1006.6285714285714,0,476,1,0,1,34,6,41
0,69.0,0.4139110743999481,296.0,3.0,293.0,1168.0,293.1632653061223,12014.3330078125,31.633333206176758,1.3333333730697632,18992.599609375,22.03333282470703,5.0,4.349999904632568,46.93333435058594,20475.333984375,3314.4,0.8480952382087708,26.16797637939453,154.31428571428572,1427.811767578125,2169.05712890625,2.9267380237579346,989.2,2,476,1,0,1,41,13,26
0,339.0,0.9657924771308899,296.0,3.0,293.0,1071.0,284.18367346938743,12565.0,28.200000762939453,1.9333332777023315,15682.7666015625,21.350000381469727,4.300000190734863,4.133333206176758,42.483333587646484,18253.666015625,3282.342857142857,0.8851666450500488,26.613691329956055,160.25714285714287,1435.35693359375,2161.199951171875,2.8499763011932373,997.2285714285714,0,476,1,0,1,41,35,177
0,249.0,0.6077536940574646,296.0,3.0,293.0,1354.0,261.2040816326528,11790.3330078125,28.700000762939453,2.683333396911621,16404.69921875,21.899999618530273,4.300000190734863,4.183333396911621,48.33333206176758,21600.333984375,3262.4285714285716,0.9081190228462219,26.602262496948242,165.22857142857143,1438.9296875,2176.914306640625,2.492619037628174,1002.1142857142858,0,476,1,1,1,21,4,125
0,7.0,0.7594070434570312,296.0,3.0,293.0,1097.0,251.3265306122447,12770.5,30.46666717529297,2.4166667461395264,19244.400390625,22.883333206176758,4.300000190734863,4.150000095367432,44.900001525878906,25500.0,3229.9142857142856,0.9101190567016602,26.439523696899414,162.8,1439.1651611328125,2216.17138671875,2.255833387374878,1003.3714285714286,0,476,1,1,1,42,6,3
0,298.0,0.216647669672966,296.0,3.0,293.0,3177.0,259.2244897959182,13986.0,30.41666603088379,1.850000023841858,17731.166015625,21.5,4.300000190734863,4.2833333015441895,39.900001525878906,44336.0,3084.457142857143,0.9691666960716248,26.933334350585938,170.74285714285713,1444.577880859375,2208.228515625,1.974500060081482,1015.2571428571429,0,476,1,1,0,21,22,120
1,150.0,0.30672746896743774,296.0,3.0,293.0,1190.0,267.612244897959,,,,,,,,,23175.833984375,3074.4,0.9735000133514404,26.850475311279297,175.31428571428572,1453.3245849609375,2181.685791015625,1.9102381467819214,1016.1428571428571,0,476,1,1,0,31,1,81
0,277.0,0.7753705978393555,296.0,3.0,283.0,1122.0,271.7346938775507,15122.3330078125,31.733333587646484,4.599999904632568,18767.232421875,25.549999237060547,5.5,4.5,38.36666488647461,28145.166015625,2879.285714285714,1.0491666793823242,26.30559539794922,200.37142857142857,1462.1337890625,2161.800048828125,0.6982142925262451,1034.9714285714285,0,481,1,0,0,21,10,105
0,190.0,0.798175573348999,296.0,3.0,283.0,1144.0,266.5714285714284,15695.8330078125,27.46666717529297,2.75,20354.333984375,26.25,5.5,4.433333396911621,35.099998474121094,26652.833984375,2896.7714285714287,1.045547604560852,26.05666732788086,200.28571428571428,1453.356201171875,2186.199951171875,0.635523796081543,1031.3714285714286,1,507,1,0,0,21,18,71
0,291.0,0.785632848739624,296.0,3.0,283.0,1194.0,265.2857142857141,15929.3330078125,31.233333587646484,10.350000381469727,22213.232421875,28.5,6.5,4.650000095367432,39.96666717529297,32444.666015625,2885.5714285714284,1.0492857694625854,26.153810501098633,203.14285714285714,1457.1317138671875,2186.71435546875,0.6555237770080566,1033.7142857142858,1,507,1,0,0,21,21,127
0,238.0,0.5245153903961182,296.0,3.0,283.0,1130.0,262.2653061224488,13286.6669921875,28.16666603088379,2.9666666984558105,17824.982421875,22.866666793823242,4.800000190734863,4.583333492279053,46.0,22913.666015625,2677.5142857142855,1.0736666917800903,26.54297637939453,213.5142857142857,1458.9864501953125,2189.485595703125,0.6585476398468018,1035.3142857142857,1,507,1,0,1,21,14,101
0,176.0,0.3500570058822632,296.0,3.0,283.0,2096.0,262.1224489795915,13565.0,33.400001525878906,1.9833333492279053,18012.267578125,25.299999237060547,5.599999904632568,4.483333110809326,39.66666793823242,27428.666015625,2599.2285714285713,1.1032381057739258,26.68642807006836,218.11428571428573,1460.4757080078125,2205.17138671875,0.5929762125015259,1040.142857142857,0,507,1,0,1,21,10,66
0,106.0,0.6328392028808594,296.0,3.0,283.0,1599.0,260.1020408163263,12986.3330078125,29.883333206176758,2.133333444595337,17167.767578125,21.816667556762695,4.199999809265137,4.5,45.099998474121094,21611.5,2530.285714285714,1.1223809719085693,26.829404830932617,223.11428571428573,1462.3873291015625,2210.94287109375,0.5540714263916016,1042.0285714285715,4,507,1,0,1,41,11,42
0,276.0,0.4937286078929901,296.0,3.0,283.0,1291.0,257.9387755102038,12892.1669921875,29.200000762939453,2.75,17450.833984375,22.483333587646484,4.699999809265137,4.483333110809326,46.08333206176758,21646.666015625,2509.9714285714285,1.125595211982727,26.825714111328125,226.94285714285715,1464.0318603515625,2211.571533203125,0.5634762048721313,1041.4,1,507,1,0,1,31,7,142
0,140.0,0.12314709275960922,296.0,3.0,283.0,5613.0,258.30612244897935,11656.0,29.383333206176758,1.2000000476837158,15483.7998046875,21.266666412353516,4.099999904632568,4.5,45.83333206176758,18054.0,2569.114285714286,1.1403332948684692,26.931428909301758,226.4857142857143,1465.334228515625,2222.771484375,0.5218809247016907,1047.057142857143,2,507,1,0,1,31,1,56
0,204.0,0.20752565562725067,296.0,3.0,283.0,4837.0,251.10204081632634,13225.3330078125,31.866666793823242,3.866666555404663,17275.216796875,23.700000762939453,4.400000095367432,4.683333396911621,41.75,22885.833984375,2649.3714285714286,1.1504285335540771,26.890594482421875,218.14285714285714,1461.051513671875,2253.17138671875,0.4621666669845581,1054.857142857143,4,507,1,0,0,31,7,77
0,265.0,0.026225769892334938,296.0,3.0,283.0,10989.0,247.85714285714266,12621.3330078125,27.933332443237305,2.066666603088379,17052.599609375,23.08333396911621,4.199999809265137,4.75,48.56666564941406,21936.666015625,2706.6857142857143,1.1391667127609253,26.798690795898438,220.54285714285714,1463.38525390625,2251.82861328125,0.4521428644657135,1050.057142857143,5,507,1,0,0,21,3,131
0,,0.0,296.0,3.0,283.0,13640.0,246.2040816326529,14101.1669921875,32.41666793823242,2.6500000953674316,20565.783203125,22.616666793823242,5.0,4.583333492279053,45.93333435058594,25334.333984375,2777.657142857143,1.1646428108215332,26.968095779418945,218.68571428571428,1464.0455322265625,2256.71435546875,0.38335713744163513,1059.7714285714285,7,507,1,0,0,31,4,
0,,0.022805016487836838,296.0,3.0,283.0,16378.0,244.142857142857,12815.888671875,30.744443893432617,5.411111354827881,20290.3671875,22.88888931274414,4.366666793823242,4.5,40.650001525878906,25338.77734375,2843.0,1.1583571434020996,26.906904220581055,216.45714285714286,1461.0516357421875,2252.742919921875,0.36916667222976685,1061.8285714285714,6,507,1,0,0,31,7,
0,75.0,0.7673888206481934,296.0,3.0,283.0,7609.0,249.61224489795902,13568.6669921875,28.433332443237305,6.266666889190674,20735.033203125,26.299999237060547,5.599999904632568,4.650000095367432,40.88333511352539,25909.0,2879.942857142857,1.1121429204940796,26.43940544128418,210.54285714285714,1458.9783935546875,2226.82861328125,0.401928573846817,1054.3428571428572,2,507,1,0,0,21,12,36
0,259.0,0.9213227033615112,296.0,3.0,283.0,1100.0,248.51020408163245,12271.1669921875,33.21666717529297,5.650000095367432,19689.31640625,26.28333282470703,5.400000095367432,4.650000095367432,37.13333511352539,23572.833984375,2873.7714285714287,1.1156190633773804,26.714641571044922,216.74285714285713,1469.417236328125,2183.1142578125,0.36854758858680725,1055.4,0,507,1,0,0,11,25,116
0,61.0,0.7673888206481934,296.0,3.0,283.0,1249.0,253.08163265306106,13848.1669921875,29.100000381469727,3.450000047683716,16408.716796875,22.96666717529297,4.900000095367432,4.7833333015441895,48.31666564941406,19065.666015625,2910.3142857142857,1.1093809604644775,26.727500915527344,218.4,1479.26025390625,2140.05712890625,0.3125952482223511,1059.8285714285714,0,507,1,0,0,24,4,30
0,148.0,0.73204106092453,296.0,3.0,283.0,1130.0,259.26530612244886,13815.0,26.961111068725586,3.605555534362793,15856.9609375,22.005556106567383,4.400000095367432,4.672222137451172,47.17777633666992,19735.833984375,2918.2,1.110285758972168,26.771190643310547,218.4,1478.8526611328125,2128.05712890625,0.2936190664768219,1060.2857142857142,1,507,1,0,0,21,5,60
0,214.0,0.45952108502388,267.0,4.0,283.0,2085.0,223.0612244897958,13404.0,27.266666412353516,2.0166666507720947,15181.56640625,21.46666717529297,4.5,4.7166666984558105,47.150001525878906,19190.666015625,3100.0,0.9473333358764648,26.223928451538086,216.25714285714287,1512.6456298828125,2047.228515625,-0.10638096928596497,1042.0857142857142,0,507,1,1,0,41,14,90
0,147.0,0.5005701184272766,267.0,4.0,283.0,1940.0,219.63265306122432,12379.1669921875,27.350000381469727,2.366666555404663,15352.1162109375,22.21666717529297,4.599999904632568,4.683333396911621,45.71666717529297,19464.0,3100.0,0.9473333358764648,26.223928451538086,216.25714285714287,1512.6456298828125,2047.228515625,-0.10638096928596497,1042.0857142857142,1,507,1,1,0,31,22,54
0,209.0,0.8107183575630188,267.0,4.0,283.0,1056.0,222.7551020408161,15587.1669921875,25.566667556762695,3.6666667461395264,17098.982421875,22.866666793823242,5.0,4.9666666984558105,43.733333587646484,20254.5,3071.0285714285715,0.8832142949104309,26.014760971069336,239.37142857142857,1577.4605712890625,2021.6285400390625,0.017999999225139618,1046.0857142857142,0,518,1,1,0,21,20,78
0,254.0,0.8312428593635559,267.0,4.0,260.0,1107.0,208.89795918367332,14178.6669921875,26.450000762939453,7.616666793823242,18066.650390625,24.299999237060547,4.599999904632568,4.9666666984558105,40.58333206176758,22754.5,3068.6,0.8270952105522156,25.632976531982422,249.28571428571428,1615.0589599609375,1938.3714599609375,-0.5994285941123962,1045.6285714285714,0,518,1,1,0,21,27,117
0,224.0,0.2234891653060913,267.0,4.0,260.0,1255.0,197.5102040816325,12526.3330078125,25.91666603088379,5.866666793823242,16475.599609375,23.08333396911621,4.5,5.116666793823242,40.93333435058594,22500.333984375,3065.542857142857,0.8286428451538086,25.64345359802246,256.25714285714287,1626.9029541015625,1932.2857666015625,-0.6229285597801208,1045.4571428571428,3,518,1,1,0,34,4,86
0,127.0,0.5324971675872803,267.0,4.0,260.0,1160.0,197.5102040816325,12939.6669921875,26.0,6.7166666984558105,14887.93359375,22.66666603088379,4.599999904632568,4.949999809265137,42.016666412353516,21013.5,3065.542857142857,0.8286428451538086,25.64345359802246,256.25714285714287,1626.9029541015625,1932.2857666015625,-0.6229285597801208,1045.4571428571428,3,518,1,1,0,31,9,47
0,204.0,0.4116305708885193,267.0,4.0,260.0,1770.0,183.0612244897958,12944.6669921875,28.433332443237305,4.5,18374.267578125,25.58333396911621,6.300000190734863,4.800000190734863,50.983333587646484,28446.333984375,2965.6285714285714,0.826714277267456,25.547618865966797,260.8857142857143,1620.1058349609375,1932.5999755859375,-0.5862857103347778,1035.7428571428572,0,518,1,0,0,31,29,78
0,99.0,0.013683009892702103,267.0,4.0,229.0,2450.0,176.42857142857127,10477.3330078125,24.116666793823242,3.4666666984558105,15240.7998046875,22.383333206176758,4.699999809265137,4.933333396911621,46.70000076293945,20739.333984375,2936.6285714285714,0.8354047536849976,25.660715103149414,259.65714285714284,1600.4085693359375,1936.4571533203125,-0.6040475964546204,1029.5142857142857,2,481,1,0,0,21,21,36
0,97.0,0.3911060392856598,267.0,4.0,229.0,1163.0,169.81632653061214,13770.5,23.883333206176758,5.699999809265137,22227.650390625,26.383333206176758,5.800000190734863,5.0,43.099998474121094,27044.5,2872.6857142857143,0.8314762115478516,25.686189651489258,262.65714285714284,1611.40185546875,1928.8857421875,-0.6041666865348816,1032.3142857142857,2,518,1,1,0,21,7,36
0,144.0,0.34777650237083435,267.0,4.0,260.0,7332.0,165.02040816326524,13548.5,27.649999618530273,7.666666507720947,19921.583984375,27.133333206176758,5.699999809265137,4.7833333015441895,39.233333587646484,25330.166015625,2782.942857142857,0.8154285550117493,25.31166648864746,257.37142857142857,1563.59326171875,1954.6571044921875,-0.5902618765830994,1002.2857142857143,2,518,1,0,0,31,14,67
0,96.0,0.6556442379951477,267.0,4.0,260.0,1487.0,160.14285714285705,11660.5556640625,27.577777862548828,5.794444561004639,18215.48828125,26.327777862548828,5.666666507720947,4.777777671813965,38.11111068725586,24755.111328125,2720.8285714285716,0.8156904578208923,25.26892852783203,255.94285714285715,1558.1033935546875,1956.4571533203125,-0.6034761667251587,1001.8285714285714,3,518,1,0,0,31,10,40
0,82.0,0.01824401319026947,267.0,4.0,229.0,1678.0,152.77551020408157,12012.888671875,27.19444465637207,3.5999999046325684,16556.25,22.9777774810791,5.0333333015441895,4.933333396911621,44.0111083984375,21758.888671875,2604.7428571428572,0.8458571434020996,25.709524154663086,264.3142857142857,1563.781494140625,1936.4571533203125,-0.6729523539543152,1012.4857142857143,5,518,1,0,0,31,4,35
0,84.0,0.027366019785404205,267.0,4.0,229.0,1611.0,152.77551020408157,12349.5,24.316667556762695,4.683333396911621,14921.400390625,22.21666717529297,4.599999904632568,4.866666793823242,47.46666717529297,17990.833984375,2604.7428571428572,0.8458571434020996,25.709524154663086,264.3142857142857,1563.781494140625,1936.4571533203125,-0.6729523539543152,1012.4857142857143,4,518,1,0,0,31,9,35
0,72.0,0.04104902967810631,267.0,4.0,260.0,11409.0,139.08163265306115,12091.3330078125,25.299999237060547,4.183333396911621,17397.1328125,23.850000381469727,5.199999809265137,5.0,43.36666488647461,21761.333984375,2531.6285714285714,0.8528333306312561,25.52166748046875,268.77142857142854,1562.2650146484375,1934.142822265625,-0.668833315372467,1008.5142857142857,2,518,1,0,0,31,9,26
0,87.0,0.0,267.0,4.0,229.0,9678.0,137.5306122448979,11552.3330078125,28.399999618530273,5.733333110809326,15529.7333984375,21.41666603088379,4.599999904632568,5.083333492279053,40.43333435058594,21024.333984375,2506.4285714285716,0.8570476174354553,25.571666717529297,272.0,1563.3807373046875,1940.228515625,-0.6513095498085022,1007.9714285714285,7,481,1,0,0,34,4,35
0,98.0,0.1151653379201889,267.0,4.0,229.0,13087.0,135.7959183673469,12734.1669921875,26.566667556762695,6.050000190734863,17599.30078125,24.33333396911621,5.099999904632568,4.933333396911621,41.650001525878906,25310.0,2446.114285714286,0.8750714063644409,25.95642852783203,286.48571428571427,1586.66357421875,1900.142822265625,-0.6393095254898071,1017.4857142857143,5,481,1,0,0,31,12,38
0,128.0,0.1345496028661728,267.0,4.0,229.0,15776.0,133.59183673469383,11844.1669921875,22.366666793823242,5.099999904632568,14472.400390625,21.383333206176758,4.599999904632568,4.983333110809326,47.96666717529297,20117.0,2418.885714285714,0.8910714387893677,26.113452911376953,287.8285714285714,1573.2635498046875,1903.4571533203125,-0.6461904644966125,1014.1714285714286,1,481,1,0,0,34,16,58
0,105.0,0.0011402508243918419,267.0,4.0,229.0,17629.0,136.9183673469387,12743.0,25.633333206176758,4.733333110809326,14002.7001953125,20.950000762939453,4.5,4.983333110809326,48.349998474121094,18856.0,2356.542857142857,0.8965714573860168,26.13749885559082,291.74285714285713,1580.431640625,1896.5428466796875,-0.6434285640716553,1014.6285714285714,1,481,1,0,0,21,13,40
0,104.0,0.42759406566619873,267.0,4.0,229.0,15843.0,134.9374999999999,11220.0,24.600000381469727,4.150000095367432,14327.0166015625,21.03333282470703,4.400000095367432,4.983333110809326,47.150001525878906,17477.333984375,2169.8,0.9129523634910583,26.244285583496094,306.1714285714286,1583.85546875,1886.2857666015625,-0.5988571643829346,1006.7428571428571,5,518,1,0,0,41,15,44
0,103.0,0.03990878164768219,267.0,4.0,229.0,21384.0,136.60975609756082,11304.8330078125,24.483333587646484,3.616666555404663,14636.4833984375,20.5,4.400000095367432,4.833333492279053,48.0,17129.333984375,2099.457142857143,0.9300000071525574,26.29916763305664,309.77142857142854,1569.9215087890625,1894.4000244140625,-0.6094762086868286,999.4,4,481,1,0,0,34,14,47
0,121.0,0.009122006595134735,267.0,4.0,229.0,11380.0,119.99999999999986,9323.77734375,27.5,5.955555438995361,17150.31640625,23.52777671813965,4.766666889190674,5.183333396911621,35.4555549621582,20687.77734375,2024.8,0.9557380676269531,26.13226318359375,337.8857142857143,1598.46337890625,1840.4285888671875,-0.5129761695861816,990.5428571428571,3,481,1,0,0,31,26,46
0,94.0,0.15963512659072876,267.0,4.0,229.0,11210.0,119.99999999999986,9927.3330078125,31.233333587646484,5.699999809265137,16791.25,23.03333282470703,4.599999904632568,5.0,35.849998474121094,19798.166015625,2024.8,0.9557380676269531,26.13226318359375,337.8857142857143,1598.46337890625,1840.4285888671875,-0.5129761695861816,990.5428571428571,3,481,1,0,0,31,21,34
1,81.0,0.0,267.0,4.0,229.0,32767.0,121.3023255813952,12302.5,29.700000762939453,3.816666603088379,18646.06640625,22.233333587646484,4.699999809265137,5.0,40.63333511352539,21823.333984375,2123.2,1.0117380619049072,26.410594940185547,322.8,1593.56884765625,1846.800048828125,-0.6063095331192017,1015.1428571428571,5,481,1,0,0,42,10,37
0,58.0,0.0,267.0,4.0,229.0,32767.0,121.82608695652158,14684.6669921875,27.466665267944336,9.01111125946045,16161.900390625,21.5,5.0,5.0,38.21110916137695,18488.22265625,2092.9714285714285,1.0073095560073853,26.319881439208984,324.6857142857143,1597.34228515625,1849.0,-0.6237381100654602,1013.3142857142857,4,481,1,0,0,24,7,27
0,95.0,0.0,267.0,4.0,229.0,32767.0,121.3023255813952,11972.0,26.600000381469727,6.050000190734863,15866.599609375,21.566667556762695,4.599999904632568,5.199999809265137,40.400001525878906,19446.666015625,2007.0,0.9589047431945801,25.862260818481445,329.77142857142854,1603.8592529296875,1836.6285400390625,-0.5840238332748413,994.8571428571429,2,481,1,0,0,41,8,35
1,77.0,0.0,267.0,4.0,229.0,32767.0,122.52777777777763,9627.6669921875,26.299999237060547,8.149999618530273,16754.3671875,22.850000381469727,4.699999809265137,5.099999904632568,39.45000076293945,20707.666015625,1892.4857142857143,0.930404782295227,25.48047637939453,336.0857142857143,1621.181640625,1825.914306640625,-0.5862380862236023,985.4571428571429,4,481,1,0,0,31,18,33
0,289.0,0.9122006893157959,286.0,2.0,313.0,1061.0,299.91666666666646,18478.666015625,38.28333282470703,2.5166666507720947,17669.916015625,22.899999618530273,4.099999904632568,4.683333396911621,27.816667556762695,21438.333984375,1676.6571428571428,0.7044761776924133,25.587261199951172,79.02857142857142,1385.1561279296875,1847.1142578125,-0.8081666827201843,990.3428571428572,0,505,1,0,1,42,18,152
0,412.0,0.23261117935180664,286.0,2.0,313.0,1565.0,296.4888888888886,17767.5,31.16666603088379,1.1666666269302368,18200.5,22.883333206176758,4.199999809265137,4.75,29.133333206176758,23225.666015625,1651.4857142857143,0.6819047331809998,25.591190338134766,75.88571428571429,1378.78076171875,1909.4000244140625,-0.7859761714935303,986.5428571428571,1,505,1,0,1,31,17,192
0,218.0,0.7309008240699768,286.0,2.0,313.0,1107.0,292.6249999999997,15379.3330078125,34.36666488647461,1.8666666746139526,17339.1328125,23.5,4.099999904632568,4.583333492279053,27.399999618530273,18754.666015625,1636.942857142857,0.6831904649734497,25.574403762817383,77.62857142857143,1378.9273681640625,1905.8857421875,-0.7843095064163208,984.7142857142857,1,505,1,0,1,21,1,114
0,327.0,0.5256556272506714,286.0,2.0,313.0,1524.0,284.6122448979589,15440.0,32.099998474121094,0.4166666567325592,18852.80078125,21.816667556762695,4.199999809265137,4.583333492279053,27.133333206176758,23018.0,1587.7714285714285,0.6597142815589905,25.50904655456543,77.2,1369.1646728515625,1955.199951171875,-0.8344047665596008,975.4571428571429,1,505,1,0,0,42,7,167
0,235.0,0.9247434139251709,286.0,2.0,313.0,1113.0,286.20408163265284,16890.666015625,30.899999618530273,0.5,16895.1328125,23.233333587646484,3.9000000953674316,4.5,26.91666603088379,18393.0,1572.2571428571428,0.6613571643829346,25.496904373168945,79.0,1375.8477783203125,1950.914306640625,-0.8606428503990173,977.8857142857142,0,505,1,0,1,31,16,123
0,309.0,0.704675018787384,286.0,2.0,313.0,1241.0,283.7551020408161,16175.5,29.850000381469727,2.5,18451.75,22.566667556762695,4.300000190734863,4.483333110809326,31.16666603088379,19922.0,1568.2,0.6463333368301392,25.44095230102539,79.54285714285714,1373.6806640625,1979.800048828125,-0.9103333353996277,973.4857142857143,1,505,1,0,1,31,9,134
0,241.0,0.44925883412361145,286.0,2.0,313.0,1490.0,279.97959183673436,18423.72265625,31.322221755981445,0.5333333611488342,19944.828125,23.33888816833496,4.400000095367432,4.583333492279053,29.005556106567383,23636.388671875,1580.2285714285715,0.637333333492279,25.348451614379883,81.82857142857142,1370.7890625,1998.8857421875,-0.9498571157455444,967.2,2,505,1,0,0,21,2,96
0,227.0,0.6054732203483582,286.0,2.0,313.0,1633.0,277.75510204081604,17860.833984375,31.816667556762695,0.6166666746139526,17887.482421875,23.200000762939453,4.699999809265137,4.75,28.66666603088379,22840.833984375,1588.7428571428572,0.6284523606300354,25.357261657714844,81.05714285714286,1373.5941162109375,2022.05712890625,-0.9506190419197083,969.3428571428572,1,505,1,0,0,21,4,106
0,271.0,0.8711516261100769,286.0,2.0,313.0,1102.0,282.59183673469363,13900.3330078125,29.433332443237305,1.1166666746139526,18091.349609375,22.149999618530273,4.300000190734863,4.683333396911621,27.450000762939453,18153.333984375,1606.0,0.6280238032341003,25.36297607421875,87.11428571428571,1368.41552734375,1990.971435546875,-0.9922381043434143,960.5714285714286,2,469,1,0,0,42,13,101
0,180.0,0.8187001347541809,286.0,2.0,302.0,1055.0,282.59183673469363,22914.333984375,31.383333206176758,0.44999998807907104,22722.400390625,23.78333282470703,4.900000095367432,4.7833333015441895,28.350000381469727,33267.33203125,1616.8857142857144,0.6251190304756165,25.339643478393555,86.65714285714286,1357.1895751953125,1982.5428466796875,-0.9964761734008789,955.0285714285715,6,469,1,0,0,42,9,84
0,304.0,0.7548460364341736,286.0,2.0,302.0,1226.0,282.5714285714283,18525.333984375,29.950000762939453,0.4000000059604645,17683.166015625,22.616666793823242,4.300000190734863,4.5,28.016666412353516,20363.5,1629.3142857142857,0.6092619299888611,25.293214797973633,85.54285714285714,1365.8135986328125,1984.6856689453125,-0.9854285717010498,957.4,1,469,1,0,0,42,12,157
0,311.0,0.9270239472389221,286.0,2.0,313.0,1093.0,291.8571428571426,17931.0,30.53333282470703,0.949999988079071,20772.666015625,23.25,4.099999904632568,4.683333396911621,26.733333587646484,27470.666015625,1621.2,0.6153809428215027,25.269166946411133,90.97142857142858,1365.86376953125,1934.82861328125,-1.0039762258529663,952.9428571428572,0,505,1,1,0,31,20,161
0,224.0,0.5530216693878174,286.0,2.0,313.0,1536.0,318.87755102040796,13132.6669921875,24.866666793823242,0.6333333253860474,17625.80078125,22.450000762939453,3.4000000953674316,4.400000095367432,29.700000762939453,20308.666015625,1653.5142857142857,0.5990238189697266,25.126667022705078,88.11428571428571,1355.7076416015625,1873.4000244140625,-0.8452619314193726,944.6,1,505,1,0,1,31,26,114
0,307.0,0.5564424395561218,286.0,2.0,313.0,1828.0,318.87755102040796,15493.3330078125,26.350000381469727,1.100000023841858,18041.56640625,23.233333587646484,3.4000000953674316,4.400000095367432,31.049999237060547,18152.333984375,1653.5142857142857,0.5990238189697266,25.126667022705078,88.11428571428571,1355.7076416015625,1873.4000244140625,-0.8452619314193726,944.6,1,505,1,0,1,41,3,158
0,389.0,0.8437856435775757,286.0,2.0,313.0,1064.0,325.4081632653059,11464.0,26.33333396911621,2.75,18900.6171875,23.116666793823242,3.299999952316284,4.800000190734863,27.46666717529297,27344.0,1665.2857142857142,0.5891428589820862,25.052738189697266,86.85714285714286,1357.27490234375,1871.8857421875,-0.7505238056182861,944.5142857142857,1,505,1,0,1,42,14,179
0,381.0,0.9509692192077637,296.0,3.0,313.0,1030.0,331.22448979591815,14063.3330078125,29.616666793823242,1.3833333253860474,17336.3828125,22.83333396911621,3.200000047683716,4.849999904632568,24.91666603088379,22321.5,1676.9142857142858,0.5855714082717896,25.00261878967285,84.77142857142857,1355.20068359375,1874.3428955078125,-0.7343094944953918,944.2571428571429,1,505,1,0,1,42,12,190
1,420.0,0.5598631501197815,296.0,3.0,313.0,1354.0,341.30612244897935,13904.0,29.616666793823242,2.1666667461395264,18790.900390625,23.183332443237305,3.5999999046325684,4.800000190734863,27.899999618530273,21159.333984375,1717.3428571428572,0.5813571214675903,24.940357208251953,80.85714285714286,1351.1937255859375,1884.4285888671875,-0.554023802280426,944.0,0,505,1,1,0,31,32,204
0,222.0,0.7708095908164978,296.0,3.0,313.0,1166.0,341.30612244897935,14962.3330078125,27.53333282470703,0.949999988079071,17705.666015625,23.066667556762695,3.799999952316284,4.7833333015441895,26.08333396911621,19292.0,1728.3142857142857,0.5793333053588867,24.903928756713867,79.22857142857143,1349.581787109375,1892.028564453125,-0.5145000219345093,943.9142857142857,0,505,1,1,0,31,10,113
0,138.0,0.47092360258102417,296.0,3.0,313.0,1515.0,336.22448979591826,14506.3330078125,27.616666793823242,1.4500000476837158,17393.798828125,20.91666603088379,3.5999999046325684,4.7166666984558105,32.58333206176758,18936.22265625,1886.6285714285714,0.5804047584533691,24.96821403503418,63.628571428571426,1347.8804931640625,2045.771484375,-0.18597617745399475,960.3142857142857,0,505,1,0,0,31,5,52
1,162.0,0.17331813275814056,296.0,3.0,313.0,4259.0,334.0816326530611,17538.333984375,26.933332443237305,1.0,18337.06640625,22.100000381469727,3.799999952316284,4.800000190734863,30.71666717529297,22656.0,1939.5142857142857,0.5819761753082275,25.01654815673828,56.48571428571429,1339.00732421875,2115.371337890625,-0.18823808431625366,963.3428571428572,0,505,1,0,0,31,13,69
0,216.0,0.42189282178878784,296.0,3.0,313.0,1231.0,332.6326530612244,15761.5,29.049999237060547,2.3499999046325684,19279.30078125,21.450000762939453,4.099999904632568,4.7833333015441895,28.91666603088379,26548.5,1956.2,0.581333339214325,24.9424991607666,56.22857142857143,1343.327880859375,2129.085693359375,-0.1862381100654602,965.2857142857143,2,505,1,0,0,41,6,99
0,202.0,0.149372860789299,296.0,3.0,313.0,5027.0,331.9795918367346,15706.888671875,24.911109924316406,1.5500000715255737,18254.388671875,22.133333206176758,3.4666666984558105,4.983333110809326,34.97222137451172,19852.22265625,2031.8,0.5791428685188293,25.000118255615234,48.457142857142856,1335.8447265625,2220.514404296875,-0.23592858016490936,969.4571428571429,2,505,1,0,0,31,13,75
0,181.0,0.42303305864334106,296.0,3.0,313.0,4177.0,330.6530612244897,16673.166015625,30.299999237060547,1.100000023841858,19095.900390625,22.866666793823242,3.5999999046325684,4.800000190734863,30.633333206176758,22027.0,2076.3714285714286,0.5730714201927185,24.8846435546875,48.77142857142857,1342.9967041015625,2237.39990234375,-0.1827143132686615,970.8,1,505,1,0,0,31,15,72
0,208.0,0.5803877115249634,296.0,3.0,313.0,1638.0,331.22448979591815,16875.333984375,30.16666603088379,1.100000023841858,19236.8671875,22.566667556762695,3.9000000953674316,4.800000190734863,32.5,22408.833984375,2115.2,0.5763333439826965,24.918453216552734,49.17142857142857,1350.0382080078125,2252.514404296875,-0.11128570139408112,975.6571428571428,1,505,1,1,0,21,2,88
0,273.0,0.7115165591239929,296.0,3.0,313.0,1881.0,322.36734693877537,15482.5,33.5,1.7000000476837158,18556.650390625,21.03333282470703,3.5,4.7833333015441895,24.633333206176758,18101.0,2188.4285714285716,0.5829285979270935,24.917381286621094,59.48571428571429,1346.111083984375,2227.428466796875,0.08914285898208618,964.4571428571429,4,505,1,0,0,31,13,102
1,172.0,0.2896237075328827,296.0,3.0,302.0,2921.0,322.36734693877537,15492.8330078125,37.78333282470703,0.5,20679.75,22.33333396911621,5.199999809265137,4.800000190734863,22.049999237060547,53551.0,2201.9714285714285,0.5925714373588562,25.048809051513672,62.48571428571429,1342.921630859375,2226.8857421875,0.10335714370012283,963.0571428571428,0,469,1,0,0,31,14,64
0,76.0,0.23489168286323547,296.0,3.0,313.0,3833.0,317.77551020408146,15784.0,35.33333206176758,1.2833333015441895,20644.3828125,21.049999237060547,3.700000047683716,4.5,18.433332443237305,24839.333984375,2242.3714285714286,0.6038095355033875,25.070476531982422,70.42857142857143,1347.474853515625,2240.257080078125,0.13947618007659912,960.0285714285715,4,505,1,0,0,31,2,29
0,173.0,0.149372860789299,296.0,3.0,313.0,1277.0,310.938775510204,13610.3330078125,34.28333282470703,1.7000000476837158,22906.849609375,20.950000762939453,3.5,4.550000190734863,18.799999237060547,17420.833984375,2318.1714285714284,0.5924761891365051,24.88511848449707,73.22857142857143,1342.4608154296875,2237.71435546875,0.20219047367572784,949.8285714285714,4,505,1,0,0,42,10,64
0,184.0,0.8050171136856079,296.0,3.0,313.0,1490.0,310.938775510204,17537.333984375,33.233333587646484,1.3666666746139526,20024.43359375,21.266666412353516,3.5,4.699999809265137,19.46666717529297,24287.666015625,2323.6857142857143,0.5899524092674255,24.901784896850586,73.88571428571429,1347.473388671875,2238.428466796875,0.2212619036436081,952.0285714285715,1,505,1,0,0,31,15,68
0,232.0,0.8483466506004333,296.0,3.0,313.0,1070.0,308.28571428571416,14730.8330078125,34.11666488647461,0.6000000238418579,21317.56640625,21.366666793823242,3.9000000953674316,4.5,15.25,16916.5,2393.3142857142857,0.5899524092674255,24.929643630981445,74.17142857142858,1353.918212890625,2244.685791015625,0.21866664290428162,956.5142857142857,1,505,1,0,0,31,26,97
0,365.0,0.972633957862854,296.0,3.0,313.0,1030.0,304.8571428571427,15389.6669921875,35.54999923706055,1.2999999523162842,20176.099609375,22.516666412353516,5.099999904632568,4.449999809265137,17.950000762939453,20060.333984375,2469.2285714285713,0.5912142992019653,24.922618865966797,73.22857142857143,1349.66015625,2278.60009765625,0.2269762009382248,955.5714285714286,0,505,1,0,0,31,22,181
1,344.0,0.0022805016487836838,296.0,3.0,313.0,2073.0,303.77551020408146,14469.3330078125,40.56666564941406,0.75,22066.333984375,21.200000762939453,3.5,4.349999904632568,19.66666603088379,19449.666015625,2538.6857142857143,0.5967857241630554,25.007856369018555,72.57142857142857,1342.2509765625,2292.800048828125,0.33361902832984924,954.4571428571429,4,505,1,0,0,31,7,127
0,315.0,0.9657924771308899,296.0,3.0,313.0,1093.0,321.7142857142855,15140.5,35.266666412353516,0.5,23018.06640625,21.149999618530273,3.799999952316284,4.2833333015441895,23.78333282470703,19611.333984375,2834.114285714286,0.5934523940086365,24.98452377319336,86.0,1345.807373046875,2281.0,0.4454762041568756,946.1714285714286,0,505,1,0,0,42,35,156
0,289.0,0.8164196014404297,296.0,3.0,313.0,1132.0,323.0612244897957,13619.0,29.266666412353516,0.25,16538.017578125,20.899999618530273,3.799999952316284,4.2833333015441895,25.133333206176758,18439.166015625,2888.2285714285713,0.5958095192909241,25.122024536132812,92.88571428571429,1348.15087890625,2237.371337890625,0.45673808455467224,941.7142857142857,0,505,1,0,1,31,29,143
1,70.0,0.6066134572029114,296.0,3.0,285.0,1221.0,340.3265306122445,23869.833984375,28.46666717529297,2.633333444595337,15668.31640625,21.78333282470703,4.699999809265137,4.150000095367432,32.13333511352539,17295.166015625,2829.5714285714284,0.6103333234786987,25.44499969482422,105.6,1351.6064453125,2168.028564453125,0.45240476727485657,938.7428571428571,0,496,1,0,1,42,1,28
0,388.0,0.7947548627853394,296.0,3.0,296.0,1077.0,324.61224489795893,16588.166015625,29.566667556762695,5.266666889190674,19546.44921875,22.133333206176758,4.599999904632568,4.083333492279053,28.633333206176758,19321.0,2856.0857142857144,0.6169285774230957,25.47464370727539,110.02857142857142,1351.85546875,2165.914306640625,0.42047619819641113,938.6285714285714,1,474,1,0,1,42,15,147
0,350.0,0.5005701184272766,296.0,3.0,296.0,1755.0,324.61224489795893,16384.0,28.75,1.3666666746139526,19423.80078125,22.799999237060547,4.800000190734863,4.050000190734863,29.200000762939453,21070.0,2851.342857142857,0.6201666593551636,25.529285430908203,110.91428571428571,1348.5338134765625,2166.39990234375,0.4349047541618347,937.3714285714286,0,474,1,0,1,41,26,133
1,329.0,0.15165336430072784,296.0,3.0,272.0,1452.0,304.69387755102014,,,,,,,,,,2855.285714285714,0.6320475935935974,25.705833435058594,113.77142857142857,1354.3948974609375,2170.54296875,0.4860475957393646,942.7142857142857,0,497,1,0,0,31,12,155
0,235.0,0.530216634273529,296.0,3.0,272.0,2699.0,296.5510204081631,13152.1669921875,29.33333396911621,1.2833333015441895,14997.75,21.850000381469727,4.699999809265137,4.150000095367432,27.03333282470703,30452.5,2834.4857142857145,0.6399285793304443,25.822738647460938,114.05714285714286,1352.780517578125,2170.314208984375,0.4865952432155609,944.7714285714286,1,496,1,0,0,41,12,92
0,298.0,0.6408209800720215,296.0,3.0,272.0,1271.0,304.9795918367343,14330.4443359375,27.52777671813965,1.855555534362793,16097.294921875,21.238889694213867,4.233333587646484,3.950000047683716,31.005556106567383,17100.72265625,3023.5142857142855,0.6664285659790039,26.089284896850586,110.11428571428571,1370.1767578125,2157.94287109375,0.37597620487213135,968.1714285714286,0,497,1,0,1,31,10,145
0,253.0,0.8871151804924011,296.0,3.0,272.0,1114.0,306.5918367346935,14452.1669921875,32.733333587646484,1.0499999523162842,24928.69921875,24.950000762939453,4.300000190734863,4.050000190734863,25.899999618530273,17500.333984375,3035.885714285714,0.6794523596763611,26.212142944335938,117.57142857142857,1370.86376953125,2161.800048828125,0.1577381044626236,966.3142857142857,0,497,1,0,1,42,9,121
0,338.0,0.7160775661468506,296.0,3.0,272.0,1188.0,295.2448979591834,16452.666015625,37.31666564941406,2.133333444595337,17268.517578125,21.58333396911621,4.0,4.050000190734863,29.75,19589.5,3006.942857142857,0.6898571252822876,26.391666412353516,124.51428571428572,1371.7291259765625,2218.800048828125,0.0031666727736592293,963.8285714285714,0,497,1,0,1,31,35,160
1,172.0,0.3181299865245819,296.0,3.0,285.0,1161.0,296.9591836734691,,,,,,,,,34607.0,3030.714285714286,0.7001428604125977,26.451309204101562,129.71428571428572,1379.6829833984375,2180.39990234375,0.02171429432928562,966.9714285714285,0,496,1,0,1,31,3,63
0,251.0,0.8631699085235596,296.0,3.0,272.0,1032.0,281.36734693877526,14484.1669921875,35.20000076293945,0.8833333253860474,18621.533203125,21.366666793823242,3.9000000953674316,4.083333492279053,27.700000762939453,23065.5,3061.5142857142855,0.6952857375144958,26.41428565979004,122.05714285714286,1381.1414794921875,2209.39990234375,-0.17542855441570282,974.1714285714286,0,497,1,0,1,41,4,118
1,368.0,0.47092360258102417,296.0,3.0,272.0,1618.0,270.816326530612,13979.5,34.75,0.7333333492279053,17005.150390625,21.566667556762695,3.9000000953674316,3.9833333492279053,26.733333587646484,16010.5,3063.3142857142857,0.6968333125114441,26.43857192993164,119.65714285714286,1384.9996337890625,2231.60009765625,-0.24704763293266296,978.7142857142857,0,497,1,0,1,42,33,172
1,273.0,0.3318130075931549,296.0,3.0,272.0,1157.0,270.816326530612,15919.3330078125,30.633333206176758,1.4666666984558105,17000.94921875,22.266666412353516,4.300000190734863,4.183333396911621,28.08333396911621,17178.0,3061.9714285714285,0.6986190676689148,26.473094940185547,121.11428571428571,1385.9556884765625,2231.71435546875,-0.2796190679073334,978.2285714285714,0,497,1,0,1,41,25,128
1,136.0,0.6043329238891602,296.0,3.0,272.0,1194.0,256.30612244897935,22768.0,29.5,2.9833333492279053,16235.5166015625,21.700000762939453,3.9000000953674316,4.083333492279053,30.200000762939453,18674.0,3091.6285714285714,0.6957619190216064,26.471786499023438,117.45714285714286,1392.00927734375,2245.428466796875,-0.41945239901542664,984.5142857142857,0,497,1,0,1,41,35,63
1,215.0,0.19840364158153534,296.0,3.0,272.0,1487.0,256.10204081632634,16512.5,29.299999237060547,1.1166666746139526,44000.53515625,23.766666412353516,4.5,4.083333492279053,30.46666717529297,30654.666015625,3111.3142857142857,0.6933809518814087,26.44440460205078,118.31428571428572,1391.722412109375,2234.05712890625,-0.4133809506893158,984.0857142857143,0,497,1,0,1,42,8,100
0,270.0,0.8825541734695435,296.0,3.0,272.0,1081.0,252.44897959183646,15705.0,26.649999618530273,0.7833333611488342,17211.5,24.0,4.199999809265137,4.083333492279053,33.25,17169.666015625,3122.7428571428572,0.685452401638031,26.382619857788086,116.62857142857143,1384.5511474609375,2247.1142578125,-0.4751666784286499,978.8,0,497,1,0,1,42,18,125
0,222.47399997296625,0.35575827956199646,296.0,3.0,272.0,1948.0,249.14285714285688,15362.6669921875,27.866666793823242,1.4833333492279053,18623.732421875,22.5,4.099999904632568,4.183333396911621,33.33333206176758,21189.666015625,3131.5714285714284,0.6887142658233643,26.396190643310547,118.57142857142857,1390.11328125,2235.71435546875,-0.4973571300506592,980.9142857142857,1,497,1,1,0,34,4,90
0,96.26217638136495,0.8232611417770386,296.0,3.0,272.0,1672.0,246.7959183673467,14424.5,28.316667556762695,0.8666666746139526,16912.400390625,21.816667556762695,4.5,4.150000095367432,34.06666564941406,17220.0,3125.2285714285713,0.685619056224823,26.369524002075195,119.88571428571429,1393.2401123046875,2235.314208984375,-0.4941428601741791,980.6,0,497,1,1,0,21,3,41
0,190.0,0.5598631501197815,296.0,3.0,272.0,1219.0,244.7959183673468,16319.0,27.299999237060547,0.7833333611488342,15335.849609375,22.200000762939453,4.199999809265137,4.183333396911621,31.66666603088379,17789.5,3057.2571428571428,0.6805238127708435,26.364999771118164,119.34285714285714,1393.5140380859375,2254.800048828125,-0.5872142910957336,978.7714285714286,0,497,1,1,1,41,34,70
0,276.0,0.8939566612243652,296.0,3.0,272.0,1142.0,242.40816326530594,15355.0,26.16666603088379,0.7666666507720947,15766.2001953125,24.0,4.400000095367432,4.050000190734863,37.08333206176758,18479.0,2957.342857142857,0.6661190390586853,26.263809204101562,124.08571428571429,1403.1385498046875,2246.685791015625,-0.633809506893158,975.0857142857143,0,497,1,1,1,42,10,128
1,116.0,0.015963511541485786,296.0,3.0,272.0,1529.0,239.55102040816308,15320.888671875,25.394445419311523,0.8666666746139526,16372.1337890625,23.733333587646484,4.333333492279053,4.172222137451172,35.233333587646484,18102.388671875,2922.4285714285716,0.6672857403755188,26.28714370727539,126.68571428571428,1405.28857421875,2235.685791015625,-0.6484524011611938,974.4857142857143,0,497,1,1,1,42,13,54
0,177.0,0.46864309906959534,296.0,3.0,272.0,3571.0,237.1020408163264,15275.1669921875,29.850000381469727,1.649999976158142,15861.8837890625,21.75,4.599999904632568,4.150000095367432,32.78333282470703,17185.333984375,2885.9714285714285,0.6623809337615967,26.23107147216797,128.0,1408.0152587890625,2238.371337890625,-0.668666660785675,973.1714285714286,3,497,1,0,0,41,17,72
0,131.0,0.07981756329536438,296.0,3.0,272.0,4329.0,235.408163265306,15041.0,27.28333282470703,1.5499999523162842,19453.0,24.21666717529297,3.799999952316284,4.449999809265137,25.350000381469727,21412.333984375,2884.714285714286,0.6690714359283447,26.25452423095703,125.2,1409.8359375,2250.54296875,-0.6974047422409058,978.4571428571429,3,497,1,0,0,34,6,51
0,236.0,0.6875712871551514,296.0,3.0,272.0,1393.0,234.0612244897958,14671.1669921875,27.75,1.6833332777023315,15097.849609375,20.950000762939453,4.599999904632568,4.183333396911621,32.599998474121094,16583.666015625,2854.9714285714285,0.6551904678344727,26.164167404174805,133.9142857142857,1413.731201171875,2226.371337890625,-0.6863095164299011,967.3714285714286,0,497,1,0,1,42,8,109
0,133.0,0.7559863328933716,296.0,3.0,272.0,1117.0,236.04081632653046,13560.3330078125,25.75,1.0833333730697632,15529.93359375,21.116666793823242,4.699999809265137,4.183333396911621,34.650001525878906,17426.333984375,2864.0285714285715,0.6528809666633606,26.11964225769043,135.05714285714285,1412.2899169921875,2222.314208984375,-0.6956190466880798,964.6,0,497,1,0,1,42,13,52
0,158.0,0.690991997718811,296.0,3.0,272.0,1161.0,236.69387755102028,13718.333984375,25.894445419311523,1.600000023841858,14457.966796875,20.566667556762695,4.333333492279053,4.2166666984558105,35.261112213134766,16198.111328125,2823.8,0.6528333425521851,26.136547088623047,135.71428571428572,1413.3212890625,2226.1142578125,-0.6912381052970886,963.9428571428572,0,497,1,0,1,41,12,62
1,317.0,0.2291904240846634,296.0,3.0,272.0,5560.0,248.28571428571416,15596.8330078125,27.816667556762695,1.4500000476837158,15450.4501953125,20.516666412353516,4.699999809265137,4.300000190734863,41.56666564941406,16035.1669921875,2847.285714285714,0.658380925655365,26.211666107177734,139.25714285714287,1420.2421875,2217.71435546875,-0.6765238046646118,965.0857142857143,0,497,1,0,1,31,19,138
1,241.0,0.37400227785110474,296.0,3.0,272.0,4021.0,252.99999999999986,14018.6669921875,26.399999618530273,2.5833332538604736,15217.31640625,20.816667556762695,4.300000190734863,4.183333396911621,41.56666564941406,15395.5,2859.285714285714,0.6504999995231628,26.15095329284668,139.11428571428573,1418.9696044921875,2208.742919921875,-0.6835952401161194,962.2571428571429,0,497,1,0,0,42,18,93
1,311.0,0.7605473399162292,296.0,3.0,272.0,1228.0,249.22448979591823,17859.0,27.950000762939453,2.7333333492279053,15900.25,21.883333206176758,4.300000190734863,4.199999809265137,41.11666488647461,16439.5,2892.342857142857,0.647261917591095,26.11642837524414,136.4,1420.2138671875,2210.800048828125,-0.6742857098579407,964.6285714285714,0,497,1,0,1,42,30,142
0,136.0,0.23489168286323547,296.0,3.0,272.0,1490.0,251.81632653061212,14579.6669921875,32.016666412353516,3.366666555404663,16779.05078125,22.183332443237305,4.199999809265137,4.199999809265137,38.66666793823242,17327.0,2936.542857142857,0.6517381072044373,26.077381134033203,136.22857142857143,1425.328369140625,2221.085693359375,-0.7026904821395874,967.7142857142857,1,476,1,0,0,41,16,51
0,163.0,0.7126567959785461,296.0,3.0,272.0,1149.0,255.63265306122435,16382.6669921875,30.25555419921875,3.7555556297302246,16292.3779296875,23.322221755981445,4.400000095367432,4.166666507720947,42.75,17264.611328125,2938.657142857143,0.659761905670166,26.1634521484375,134.34285714285716,1423.7784423828125,2216.971435546875,-0.7012619376182556,970.5428571428571,1,476,1,0,1,41,13,58
0,188.0,0.6180159449577332,296.0,3.0,293.0,1204.0,265.6938775510202,17801.0,27.25,2.0166666507720947,19845.583984375,21.433332443237305,4.699999809265137,4.083333492279053,46.11666488647461,18641.666015625,3014.1714285714284,0.649476170539856,26.008333206176758,129.6,1421.3487548828125,2218.142822265625,-0.7301190495491028,969.2285714285714,4,476,1,0,0,31,3,71
0,268.0,0.8563283681869507,296.0,3.0,293.0,3948.0,267.65306122448953,17105.0,24.355554580688477,1.138888955116272,13850.078125,20.46666717529297,4.4666666984558105,4.144444465637207,52.63333511352539,15851.3330078125,3034.8380952379985,0.6478968262672424,25.958293914794922,127.3904761904855,1417.6259765625,2218.295166015625,-0.7466745972633362,968.3714285714248,2,476,1,0,0,41,16,121
0,151.0,0.486887127161026,296.0,3.0,293.0,1384.0,262.3265306122446,16633.0546875,24.36111068725586,1.350000023841858,14673.85546875,20.96666717529297,4.866666793823242,4.183333396911621,48.97222137451172,18103.666015625,3053.0,0.6487857103347778,25.949880599975586,125.54285714285714,1415.1920166015625,2213.314208984375,-0.756428599357605,968.6571428571428,1,476,1,0,0,42,11,61
1,36.0,0.16077536344528198,296.0,3.0,271.0,1584.0,272.1632653061222,14426.5,29.950000762939453,2.5166666507720947,15197.2333984375,20.75,4.300000190734863,4.300000190734863,42.266666412353516,16235.0,3077.3714285714286,0.6610952615737915,26.040237426757812,124.71428571428571,1414.8316650390625,2202.82861328125,-0.7770952582359314,972.2857142857143,0,482,1,0,0,21,5,15
0,91.0,0.8768529295921326,296.0,3.0,293.0,1169.0,274.26530612244875,16535.77734375,25.60555648803711,1.5888888835906982,16182.06640625,21.755556106567383,4.433333396911621,4.127778053283691,50.78333282470703,17558.0,3115.457142857143,0.6690000295639038,25.993690490722656,124.68571428571428,1416.29345703125,2206.17138671875,-0.7652142643928528,974.1714285714286,0,476,1,0,1,42,17,34
0,77.0,0.009122006595134735,296.0,3.0,293.0,1570.0,272.26530612244875,17016.9453125,27.61111068725586,1.9666666984558105,19007.18359375,22.122222900390625,4.5,4.150000095367432,48.44444274902344,22229.5,3113.6,0.6687856912612915,25.979047775268555,124.28571428571429,1416.4149169921875,2217.82861328125,-0.7817619442939758,975.9714285714285,0,476,1,0,1,41,35,34
0,222.0,0.19840364158153534,296.0,3.0,293.0,1424.0,270.02040816326513,15156.0,33.93333435058594,1.5666667222976685,15414.06640625,21.566667556762695,4.800000190734863,4.150000095367432,49.46666717529297,19554.666015625,3083.285714285714,0.6717619299888611,25.997024536132812,124.51428571428572,1417.9854736328125,2215.028564453125,-0.7690476179122925,978.2571428571429,0,476,1,0,1,41,5,103
1,111.0,0.6898517608642578,296.0,3.0,293.0,1115.0,260.85714285714266,16893.333984375,29.16666603088379,1.0,16188.1337890625,20.58333396911621,5.099999904632568,4.133333206176758,50.38333511352539,18615.833984375,2901.9142857142856,0.6897857189178467,26.066308975219727,128.8,1423.4730224609375,2220.94287109375,-0.7135952711105347,980.8571428571429,0,476,1,1,0,42,5,47
1,83.0,0.10604333132505417,296.0,3.0,293.0,1665.0,249.71428571428552,14452.6669921875,29.91666603088379,3.5833332538604736,14301.3662109375,20.733333587646484,4.599999904632568,4.150000095367432,44.95000076293945,16573.666015625,2829.8571428571427,0.7073571681976318,26.153451919555664,128.0857142857143,1425.6788330078125,2298.94287109375,-0.5611428618431091,983.7714285714286,0,476,1,1,0,41,31,29
0,85.0,0.16077536344528198,296.0,3.0,293.0,3580.0,248.3673469387753,17166.9453125,30.983333587646484,2.5222222805023193,15371.861328125,22.072221755981445,4.5,4.650000095367432,42.099998474121094,20385.22265625,2992.114285714286,0.7504047751426697,26.357738494873047,118.85714285714286,1410.4940185546875,2382.085693359375,-0.5425000190734863,995.3142857142857,0,476,1,1,0,34,10,30
0,,0.03876852989196777,296.0,3.0,293.0,11114.0,250.22448979591823,27055.5,23.899999618530273,2.116666555404663,19108.599609375,26.200000762939453,5.300000190734863,4.650000095367432,31.483333587646484,29087.833984375,3018.5142857142855,0.7720714211463928,26.4424991607666,113.71428571428571,1405.1903076171875,2426.028564453125,-0.5115476250648499,1004.6857142857143,5,476,1,1,0,24,3,
0,159.0,0.5872291922569275,296.0,3.0,293.0,3963.0,266.14285714285694,14788.1669921875,36.233333587646484,1.6333333253860474,16343.150390625,23.08333396911621,4.699999809265137,4.25,39.099998474121094,19168.166015625,3073.285714285714,0.7568333148956299,26.405237197875977,120.0,1413.3670654296875,2418.54296875,-0.5201666951179504,996.9714285714285,0,476,1,1,0,41,34,60
0,104.0,0.16647662222385406,296.0,3.0,293.0,6099.0,259.877551020408,17827.666015625,38.70000076293945,3.5166666507720947,24210.05078125,23.566667556762695,4.5,4.349999904632568,41.53333282470703,20411.666015625,3157.657142857143,0.760023832321167,26.332857131958008,119.17142857142858,1413.9814453125,2451.54296875,-0.5249285697937012,1002.2571428571429,4,476,1,0,1,24,33,37
0,162.0,0.4515393376350403,296.0,3.0,293.0,1219.0,275.9591836734692,16678.333984375,39.28333282470703,2.366666555404663,17300.232421875,23.366666793823242,4.300000190734863,4.150000095367432,35.900001525878906,19601.333984375,3204.3714285714286,0.7227619290351868,26.016071319580078,126.6,1423.7808837890625,2419.628662109375,-0.5410237908363342,986.7428571428571,0,476,1,0,1,31,5,72
0,149.0,0.44355759024620056,296.0,3.0,293.0,1147.0,275.9591836734692,15680.6669921875,34.900001525878906,0.949999988079071,14077.7666015625,20.75,4.0,4.183333396911621,45.233333587646484,16496.333984375,3221.8285714285716,0.7223571538925171,26.050832748413086,126.97142857142858,1425.856201171875,2419.800048828125,-0.5527619123458862,987.9142857142857,0,476,1,0,1,31,5,60
0,101.0,0.8814139366149902,296.0,3.0,293.0,1166.0,285.4081632653059,15387.0,40.33333206176758,3.7166666984558105,17826.3671875,24.266666412353516,5.300000190734863,4.150000095367432,33.93333435058594,22039.833984375,3283.1714285714284,0.7310237884521484,26.062856674194336,125.97142857142858,1421.4248046875,2448.485595703125,-0.6380714178085327,988.1142857142858,0,476,1,0,1,21,35,36
0,326.0,0.9532496929168701,296.0,3.0,293.0,1067.0,317.42857142857116,16883.833984375,37.61666488647461,2.933333396911621,18731.767578125,27.71666717529297,5.800000190734863,4.183333396911621,28.83333396911621,23761.0,3422.8571428571427,0.7511666417121887,26.145238876342773,127.8,1424.374267578125,2455.82861328125,-0.3662857115268707,991.5428571428571,0,476,1,0,1,11,26,148
0,176.0,0.42873433232307434,296.0,3.0,293.0,1248.0,330.06122448979573,,,,,,,,,,3490.0857142857144,0.8233333230018616,26.525714874267578,137.68571428571428,1425.2349853515625,2199.8857421875,0.6322619318962097,999.2,0,476,1,0,1,31,26,75
0,278.0,0.9441276788711548,296.0,3.0,293.0,1121.0,306.1428571428568,16018.8330078125,31.5,4.050000190734863,17510.416015625,21.366666793823242,4.400000095367432,4.099999904632568,44.18333435058594,18082.5,3375.0857142857144,0.8284047842025757,26.149761199951172,146.57142857142858,1429.4635009765625,2132.914306640625,3.098237991333008,991.6571428571428,0,476,1,0,1,31,2,143
0,127.0,0.7434435486793518,296.0,3.0,293.0,1097.0,303.7142857142854,14238.5,29.566667556762695,3.133333444595337,16895.966796875,21.600000381469727,4.199999809265137,4.133333206176758,45.16666793823242,18364.833984375,3365.6857142857143,0.8304286003112793,26.147857666015625,147.5142857142857,1429.776123046875,2133.257080078125,3.1001429557800293,991.0857142857143,0,476,1,0,1,42,2,65
0,233.0,0.8939566612243652,296.0,3.0,293.0,1067.0,294.22448979591815,11724.0,27.0,1.7666666507720947,16998.69921875,22.08333396911621,4.699999809265137,4.25,47.349998474121094,20040.666015625,3329.7714285714287,0.8428571224212646,26.137500762939453,153.94285714285715,1430.802734375,2145.82861328125,2.962904691696167,990.0857142857143,0,476,1,0,1,21,8,121
0,209.0,0.46864309906959534,296.0,3.0,293.0,1103.0,293.1632653061223,12014.3330078125,31.633333206176758,1.3333333730697632,18992.599609375,22.03333282470703,5.0,4.349999904632568,46.93333435058594,20475.333984375,3314.4,0.8480952382087708,26.16797637939453,154.31428571428572,1427.811767578125,2169.05712890625,2.9267380237579346,989.2,1,476,1,0,1,31,15,88
0,154.0,0.8027365803718567,296.0,3.0,293.0,1642.0,262.55102040816314,14063.0,25.266666412353516,2.0,18994.150390625,23.816667556762695,4.800000190734863,4.199999809265137,34.86666488647461,22050.0,3279.0,0.9082381129264832,26.602262496948242,165.6,1438.959228515625,2152.771484375,2.5605714321136475,1002.1142857142858,0,476,1,1,1,21,4,57
0,308.0,0.8939566612243652,296.0,3.0,293.0,1092.0,257.2448979591835,12952.833984375,31.855554580688477,3.1000001430511475,19287.1171875,24.28333282470703,5.366666793823242,4.183333396911621,48.85555648803711,27325.77734375,3279.9142857142856,0.8962619304656982,26.278810501098633,163.57142857142858,1439.10595703125,2169.485595703125,2.4118094444274902,1000.4,0,476,1,1,1,21,12,120
1,200.0,0.0045610032975673676,296.0,3.0,293.0,1557.0,264.142857142857,15151.3330078125,30.049999237060547,1.0833333730697632,17980.349609375,21.41666603088379,4.5,4.133333206176758,40.04999923706055,19758.833984375,3104.7428571428572,0.9718095064163208,26.810476303100586,174.34285714285716,1449.8592529296875,2178.257080078125,1.917380928993225,1014.2857142857143,0,476,1,1,0,31,6,78
0,127.0,0.5826681852340698,296.0,3.0,283.0,2194.0,265.2857142857141,18386.111328125,32.372222900390625,5.599999904632568,21473.64453125,28.344444274902344,6.800000190734863,4.550000190734863,39.56111145019531,29468.5546875,2895.9523809523807,1.0429999828338623,26.031429290771484,201.96190476190475,1455.94189453125,2190.0,0.6291983723640442,1032.6095238095238,1,507,1,0,0,21,22,47
0,136.0,0.6613454818725586,296.0,3.0,283.0,2684.0,262.32653061224465,16482.0,29.799999237060547,8.050000190734863,19812.19921875,28.700000762939453,6.300000190734863,4.400000095367432,40.83333206176758,32145.0,2879.6285714285714,1.0456666946411133,25.860118865966797,202.4,1452.7711181640625,2202.628662109375,0.5311428308486938,1033.2857142857142,0,507,1,0,0,21,25,53
0,272.0,0.8996579051017761,296.0,3.0,283.0,1091.0,262.2857142857141,14369.3330078125,34.650001525878906,1.3166667222976685,16497.017578125,22.08333396911621,4.800000190734863,4.383333206176758,34.68333435058594,23019.0,2773.885714285714,1.082619071006775,26.510238647460938,210.9142857142857,1458.8975830078125,2191.28564453125,0.5808095335960388,1039.5142857142857,0,507,1,0,0,41,22,140
0,251.38231058999926,0.6875712871551514,296.0,3.0,283.0,1093.0,262.2653061224488,14648.111328125,32.94999694824219,2.4111111164093018,17828.921875,24.416667938232422,4.9666666984558105,4.5333333015441895,38.366668701171875,23804.166015625,2708.542857142857,1.086547613143921,26.539642333984375,213.57142857142858,1459.7069091796875,2199.60009765625,0.5792381167411804,1039.2,1,507,1,0,1,21,13,128
0,171.0,0.26111745834350586,296.0,3.0,283.0,2402.0,262.1224489795915,12570.5,28.866666793823242,1.6166666746139526,16084.75,21.46666717529297,4.199999809265137,4.5,49.38333511352539,21128.833984375,2611.5142857142855,1.1234524250030518,26.828214645385742,218.2,1461.3369140625,2205.71435546875,0.508738100528717,1046.2571428571428,0,507,1,0,1,42,7,66
0,140.0,0.108323834836483,296.0,3.0,283.0,1822.0,257.08163265306104,13043.2216796875,29.327777862548828,2.049999952316284,19769.822265625,25.97222137451172,5.233333110809326,4.5333333015441895,42.43888854980469,28434.22265625,2513.885714285714,1.1514761447906494,26.941190719604492,228.85714285714286,1464.178955078125,2215.05712890625,0.46080949902534485,1046.1714285714286,2,507,1,0,1,21,7,54
0,283.0,0.19156214594841003,296.0,3.0,283.0,1850.0,253.57142857142836,12344.6669921875,30.616666793823242,2.066666603088379,16631.099609375,21.200000762939453,4.0,4.433333396911621,48.099998474121094,18793.0,2591.057142857143,1.1573333740234375,26.962738037109375,226.6,1466.899169921875,2225.142822265625,0.4389047622680664,1051.4857142857143,0,507,1,0,1,41,9,111
0,179.0,0.2645381987094879,296.0,3.0,283.0,7219.0,245.20408163265293,12319.6669921875,29.366666793823242,5.166666507720947,18621.6328125,23.96666717529297,4.5,4.699999809265137,38.41666793823242,22996.833984375,2731.0285714285715,1.1483333110809326,26.621070861816406,222.57142857142858,1465.551025390625,2244.257080078125,0.38985714316368103,1057.3428571428572,2,507,1,0,0,31,4,89
0,,0.03762827813625336,296.0,3.0,283.0,8421.0,242.95918367346923,13545.5,33.54999923706055,5.150000095367432,20577.19921875,23.866666793823242,4.5,4.550000190734863,40.41666793823242,26352.166015625,2791.2285714285713,1.1868809461593628,27.08571434020996,215.5142857142857,1468.943115234375,2268.71435546875,0.3559523820877075,1072.6857142857143,0,507,1,0,0,42,1,
0,148.0,0.2919042110443115,296.0,3.0,283.0,11734.0,240.73469387755085,13375.5,29.71666717529297,2.450000047683716,16931.650390625,22.116666793823242,4.5,4.550000190734863,48.266666412353516,23200.5,2812.6,1.1781666278839111,27.021547317504883,219.28571428571428,1466.101806640625,2247.371337890625,0.34842854738235474,1066.6857142857143,2,507,1,0,0,31,10,56
0,,0.25313568115234375,296.0,3.0,283.0,6460.0,242.36734693877534,14287.0,28.5,2.4000000953674316,18007.900390625,22.983333587646484,4.699999809265137,4.633333206176758,44.20000076293945,23147.0,2870.8,1.1625714302062988,26.879880905151367,219.82857142857142,1467.6424560546875,2218.28564453125,0.305904746055603,1065.1142857142856,3,507,1,0,0,42,6,
0,,0.15279361605644226,296.0,3.0,283.0,2440.0,245.63265306122432,12926.5,34.63333511352539,4.566666603088379,19345.216796875,22.16666603088379,4.599999904632568,4.583333492279053,42.66666793823242,23389.0,2905.6285714285714,1.1411904096603394,26.772499084472656,219.97142857142856,1469.8294677734375,2177.17138671875,0.27985715866088867,1061.3142857142857,2,507,1,0,0,21,9,
0,152.82508351587722,0.3318130075931549,296.0,3.0,283.0,3168.0,250.22448979591823,10948.6669921875,36.18333435058594,6.066666603088379,19350.6328125,26.75,5.599999904632568,4.633333206176758,34.86666488647461,22946.666015625,2930.4285714285716,1.121809482574463,26.65250015258789,218.74285714285713,1473.6585693359375,2147.1142578125,0.27214282751083374,1060.4,6,507,1,0,0,11,6,54
0,281.0,0.7708095908164978,286.3333333349818,3.3333333332764896,283.0,1241.0,256.9183673469386,12694.1669921875,28.433334350585938,2.738888740539551,16385.828125,21.466665267944336,4.766666889190674,4.544444561004639,47.22777557373047,19250.22265625,2954.885714285714,1.117642879486084,26.80500030517578,221.62857142857143,1483.9693603515625,2104.028564453125,0.2615714371204376,1064.7142857142858,1,507,1,1,0,21,2,141
0,211.0,0.5028506517410278,296.0,3.0,283.0,1113.0,265.1836734693875,12647.5,28.983333587646484,2.383333444595337,16725.599609375,22.133333206176758,4.699999809265137,4.683333396911621,42.68333435058594,19820.333984375,3115.885714285714,0.9973809719085693,26.079404830932617,205.28571428571428,1483.0159912109375,2032.914306640625,-0.01742858812212944,1051.5714285714287,0,507,1,1,0,41,6,90
0,242.0,0.9304447174072266,296.0,3.0,283.0,1107.0,259.6734693877549,11983.0,27.71666717529297,2.9166667461395264,16792.05078125,21.91666603088379,4.699999809265137,4.633333206176758,44.78333282470703,18990.0,3115.885714285714,0.9973809719085693,26.079404830932617,205.28571428571428,1483.0159912109375,2032.914306640625,-0.01742858812212944,1051.5714285714287,0,507,1,1,0,41,20,98
1,118.0,0.3249714970588684,267.0,4.0,283.0,2231.0,238.71428571428547,13795.6669921875,25.03333282470703,2.9166667461395264,14721.2666015625,21.683332443237305,4.599999904632568,4.733333110809326,50.33333206176758,17960.333984375,3128.657142857143,0.9998809695243835,26.35440444946289,207.31428571428572,1506.0323486328125,2019.5714111328125,-0.7659286260604858,1061.4285714285713,0,507,1,1,0,21,13,56
0,125.0,0.9418472051620483,267.0,4.0,283.0,1051.0,213.93877551020393,11822.5,27.983333587646484,4.566666603088379,19993.69921875,25.366666793823242,5.5,4.983333110809326,36.18333435058594,25717.5,3143.0857142857144,0.9399523735046387,25.916786193847656,224.6,1520.828857421875,2047.94287109375,-0.028404753655195236,1037.942857142857,0,507,1,1,0,21,35,60
0,91.0,0.5484606623649597,267.0,4.0,260.0,2152.0,200.97959183673453,11491.5556640625,29.072223663330078,7.711111068725586,21636.15625,28.91666603088379,6.4666666984558105,4.666666507720947,29.549999237060547,32882.890625,3023.0857142857144,0.7976666688919067,25.032024383544922,249.54285714285714,1585.985595703125,1964.6285400390625,-0.6625714302062988,1011.6,1,518,1,1,0,21,15,38
0,153.0,0.3090079724788666,267.0,4.0,229.0,3416.0,177.12244897959172,11966.0,27.133333206176758,5.349999904632568,20928.767578125,25.933332443237305,5.5,4.800000190734863,38.16666793823242,24508.5,2945.657142857143,0.8463095426559448,25.735952377319336,261.2,1592.695556640625,1939.771484375,-0.5985952615737915,1027.0857142857142,1,518,1,0,0,21,35,63
0,69.0,0.5917901992797852,267.0,4.0,229.0,8235.0,169.99999999999991,14202.1669921875,25.299999237060547,3.5999999046325684,15477.216796875,22.116666793823242,4.800000190734863,4.866666793823242,47.18333435058594,22266.5,2928.5714285714284,0.8643333315849304,25.872499465942383,260.37142857142857,1569.635498046875,1949.3143310546875,-0.6046428680419922,1020.6285714285714,1,481,1,0,0,31,12,26
0,107.0,0.19384264945983887,267.0,4.0,260.0,1857.0,163.08163265306112,14251.72265625,23.544445037841797,7.877778053283691,15766.3994140625,23.13888931274414,4.933333396911621,4.883333206176758,43.633331298828125,20934.0546875,2815.657142857143,0.8475476503372192,25.662023544311523,264.9428571428571,1579.9378662109375,1940.4285888671875,-0.595214307308197,1015.0571428571428,2,518,1,0,0,31,9,39
0,109.0,0.0034207524731755257,267.0,4.0,260.0,2970.0,158.57142857142847,13017.5,28.33333396911621,3.9166667461395264,16968.150390625,22.41666603088379,4.900000095367432,4.733333110809326,43.81666564941406,21307.5,2780.3714285714286,0.8500476479530334,25.677261352539062,263.57142857142856,1567.3876953125,1946.8857421875,-0.5948333144187927,1010.0,2,518,1,0,0,21,6,41
0,55.0,0.0,267.0,4.0,229.0,10454.0,154.408163265306,11464.0,27.950000762939453,4.2166666984558105,16063.900390625,24.149999618530273,5.300000190734863,5.0,45.41666793823242,20651.0,2678.885714285714,0.8383095264434814,25.524524688720703,260.8285714285714,1554.637939453125,1948.82861328125,-0.628761887550354,1004.5142857142857,4,481,1,0,0,21,2,20
0,109.0,0.0946408212184906,267.0,4.0,229.0,9688.0,149.61224489795907,11838.3330078125,33.150001525878906,4.483333110809326,15650.5,26.75,5.599999904632568,4.916666507720947,38.266666412353516,24510.666015625,2678.885714285714,0.8383095264434814,25.524524688720703,260.8285714285714,1554.637939453125,1948.82861328125,-0.628761887550354,1004.5142857142857,4,481,1,0,0,21,5,41
0,67.0,0.17901939153671265,267.0,4.0,260.0,8819.0,145.40816326530606,11746.1669921875,25.799999237060547,7.683333396911621,20950.56640625,27.883333206176758,5.900000095367432,4.883333206176758,37.68333435058594,26963.166015625,2620.3714285714286,0.7796666622161865,24.65273666381836,256.1142857142857,1549.0269775390625,1966.6285400390625,-0.6329285502433777,983.0571428571428,4,518,1,0,0,31,2,37
0,,0.22690992057323456,267.0,4.0,260.0,10648.0,140.48979591836726,12516.6669921875,25.683332443237305,6.516666889190674,20900.19921875,25.183332443237305,5.800000190734863,5.0,38.83333206176758,25311.333984375,2572.942857142857,0.7804523706436157,24.61142921447754,260.3142857142857,1564.785400390625,1948.2572021484375,-0.645809531211853,987.7142857142857,9,518,1,0,0,31,2,
0,,0.0,267.0,4.0,260.0,9128.0,137.38775510204076,12490.8330078125,24.950000762939453,5.083333492279053,17375.150390625,24.850000381469727,5.300000190734863,5.099999904632568,47.56666564941406,24631.666015625,2481.285714285714,0.8482857346534729,25.472620010375977,275.57142857142856,1568.82568359375,1925.6856689453125,-0.6612619161605835,1003.4571428571429,5,518,1,0,0,31,3,
0,122.0,0.19384264945983887,267.0,4.0,229.0,3514.0,135.40816326530606,12737.3330078125,24.183332443237305,7.616666793823242,15089.2333984375,23.066667556762695,4.5,4.983333110809326,46.43333435058594,20378.666015625,2414.6857142857143,0.866428554058075,25.798213958740234,287.54285714285714,1587.742919921875,1901.4285888671875,-0.6426428556442261,1011.5714285714286,4,481,1,0,0,31,26,45
0,85.0,0.0,267.0,4.0,229.0,9432.0,133.46938775510196,16492.0,23.483333587646484,5.7833333015441895,17538.033203125,21.950000762939453,4.599999904632568,4.983333110809326,48.650001525878906,22395.333984375,2340.5142857142855,0.9003333449363708,26.115476608276367,293.2,1569.25439453125,1908.6856689453125,-0.6209523677825928,1005.2285714285714,5,481,1,0,0,41,16,37
0,92.0,0.045610032975673676,267.0,4.0,229.0,13340.0,133.59183673469383,12605.0,27.16666603088379,5.349999904632568,14523.5166015625,21.633333206176758,4.300000190734863,4.883333206176758,47.233333587646484,17754.0,2285.5714285714284,0.904285728931427,26.156309127807617,300.0571428571429,1580.126953125,1895.4000244140625,-0.6181904673576355,1006.2285714285714,3,481,1,0,0,21,4,35
0,71.0,0.07867731153964996,267.0,4.0,229.0,14230.0,131.51020408163257,14464.6669921875,25.66666603088379,4.616666793823242,15755.0830078125,21.883333206176758,4.900000095367432,4.983333110809326,44.18333435058594,18696.166015625,2204.1428571428573,0.9220714569091797,26.274999618530273,305.8285714285714,1582.33935546875,1893.4285888671875,-0.6226904988288879,1006.8857142857142,10,481,1,0,0,34,10,29
0,90.0,0.0,267.0,4.0,229.0,22738.0,131.68085106382966,13293.0,26.316667556762695,3.8499999046325684,15674.1669921875,21.016666412353516,4.0,5.050000190734863,44.016666412353516,18252.333984375,2155.6285714285714,0.9187619090080261,26.2785701751709,307.1142857142857,1579.8433837890625,1890.3714599609375,-0.6347857117652893,1004.2571428571429,7,481,1,0,0,34,5,39
0,59.0,0.0,267.0,4.0,229.0,27519.0,131.68085106382966,11892.111328125,25.705556869506836,5.1777777671813965,14556.416015625,21.633333206176758,4.233333587646484,4.916666507720947,49.405555725097656,19117.0,2055.2095238095235,0.9331905245780945,26.331310272216797,315.56190476190477,1573.18798828125,1890.5523681640625,-0.6169999837875366,995.8571428571429,4,481,1,0,0,41,15,24
0,88.0,0.22805017232894897,267.0,4.0,229.0,22006.0,119.2222222222221,9252.888671875,28.366666793823242,6.866666793823242,15715.6884765625,22.116666793823242,4.400000095367432,5.083333492279053,36.333335876464844,17484.22265625,1965.142857142857,0.968666672706604,26.17440414428711,342.0,1591.5848388671875,1851.914306640625,-0.5504999756813049,986.3714285714286,6,481,1,0,0,21,16,39
0,109.0,0.36944127082824707,267.0,4.0,229.0,19827.0,119.28205128205114,8588.1669921875,27.299999237060547,6.683333396911621,17159.68359375,21.78333282470703,4.5,5.099999904632568,36.28333282470703,18884.0,2006.4285714285713,0.9605952501296997,25.995119094848633,337.1714285714286,1592.379638671875,1852.4285888671875,-0.536642849445343,987.2,2,481,1,0,0,21,16,42
0,73.0,0.2234891653060913,267.0,4.0,229.0,32767.0,120.18421052631562,11668.0,23.71666717529297,6.916666507720947,14500.9501953125,21.91666603088379,4.099999904632568,5.050000190734863,40.66666793823242,19139.5,2092.6857142857143,1.002500057220459,26.32131004333496,334.34285714285716,1604.4442138671875,1826.857177734375,-0.6014285683631897,1007.5142857142857,4,481,1,0,0,34,16,33
1,34.0,0.1220068410038948,267.0,4.0,229.0,32767.0,120.48837209302309,9920.22265625,25.822221755981445,10.133333206176758,14579.6552734375,21.11111068725586,3.9666666984558105,5.011111259460449,41.38888931274414,16318.888671875,2055.6857142857143,1.002238154411316,26.301071166992188,335.6857142857143,1600.7056884765625,1828.8857421875,-0.5974761843681335,1004.0,5,481,1,0,0,41,6,12
0,125.0,0.3568985164165497,267.0,4.0,229.0,32767.0,121.3023255813952,12256.0,26.899999618530273,9.216666221618652,14734.1337890625,20.75,4.300000190734863,5.050000190734863,40.733333587646484,18370.666015625,1964.9142857142858,0.9559285640716553,25.81940460205078,330.9428571428571,1602.716796875,1835.5428466796875,-0.5852857232093811,991.5428571428571,4,481,1,0,0,21,18,52
0,95.0,0.2371721714735031,267.0,4.0,229.0,32767.0,121.3023255813952,12070.8330078125,27.266666412353516,7.616666793823242,16300.1669921875,21.633333206176758,4.300000190734863,5.199999809265137,39.78333282470703,19940.0,1922.3428571428572,0.9566904902458191,25.84428596496582,336.34285714285716,1608.8433837890625,1828.94287109375,-0.5793809294700623,990.3142857142857,2,481,1,0,0,41,15,36
0,339.0,0.8620296716690063,286.0,2.0,313.0,1111.0,294.9772727272724,18825.0,31.25,0.3333333432674408,17922.583984375,22.0,4.0,4.7833333015441895,31.549999237060547,20652.833984375,1625.4,0.6910476088523865,25.542024612426758,81.57142857142857,1392.41162109375,1872.4857177734375,-0.8150952458381653,989.3142857142857,0,505,1,0,1,21,3,178
0,327.0,0.8563283681869507,286.0,2.0,313.0,1189.0,294.9772727272724,20558.833984375,30.483333587646484,2.0,21378.716796875,24.83333396911621,5.400000095367432,5.133333206176758,29.78333282470703,25984.5,1616.2285714285715,0.6933333277702332,25.51952362060547,84.82857142857142,1402.8243408203125,1853.3428955078125,-0.822952389717102,993.5428571428571,0,505,1,0,1,21,4,172
0,317.0,0.6818699836730957,286.0,2.0,313.0,1406.0,284.0816326530609,18479.0,27.28333282470703,0.21666666865348816,18845.916015625,22.316667556762695,4.400000095367432,4.699999809265137,26.5,19273.666015625,1559.2,0.664904773235321,25.47035789489746,85.62857142857143,1374.420654296875,1925.914306640625,-0.9675238132476807,970.2,0,505,1,0,1,31,13,144
0,153.0,0.516533613204956,286.0,2.0,313.0,1487.0,284.0816326530609,19178.666015625,29.816667556762695,1.7333333492279053,18142.849609375,23.41666603088379,4.599999904632568,4.800000190734863,25.28333282470703,21384.5,1570.857142857143,0.659500002861023,25.465715408325195,86.25714285714285,1374.07861328125,1941.8857421875,-1.0112619400024414,968.8285714285714,2,505,1,0,1,21,2,59
0,282.0,0.3192702531814575,286.0,2.0,302.0,2480.0,282.9591836734691,16751.166015625,29.133333206176758,2.116666555404663,17729.3828125,22.816667556762695,4.599999904632568,4.699999809265137,29.049999237060547,21834.5,1590.6,0.645809531211853,25.421072006225586,84.2,1363.027099609375,1983.6285400390625,-0.9981428384780884,962.5714285714286,0,469,1,0,0,41,24,117
0,283.0,0.12656784057617188,286.0,2.0,302.0,1514.0,280.6326530612241,16400.5,32.25,0.36666667461395264,16760.25,22.41666603088379,4.599999904632568,4.800000190734863,28.71666717529297,43719.5,1590.4,0.645380973815918,25.44952392578125,86.65714285714286,1378.60693359375,1980.228515625,-1.0264047384262085,970.3428571428572,0,469,1,0,0,41,3,112
0,221.0,0.8973774313926697,286.0,2.0,313.0,1346.0,282.59183673469363,16575.5,30.350000381469727,1.2166666984558105,18384.833984375,21.25,4.5,4.583333492279053,28.5,19554.0,1600.2857142857142,0.633738100528717,25.35678482055664,88.2,1374.4129638671875,1967.914306640625,-1.020119071006775,963.5142857142857,1,469,1,0,0,34,2,84
0,273.0,0.8939566612243652,286.0,2.0,313.0,1262.0,289.1020408163263,14664.666015625,28.55000114440918,0.9833333492279053,17252.6328125,22.172222137451172,3.7666666507720947,4.483333110809326,25.66111183166504,20835.0,1594.1714285714286,0.638452410697937,25.317737579345703,93.45714285714286,1374.186279296875,1903.914306640625,-1.0591905117034912,957.8857142857142,1,505,1,1,0,21,4,130
0,312.0,0.8905358910560608,286.0,2.0,313.0,1173.0,298.10204081632634,13380.0,25.899999618530273,1.5499999523162842,20358.732421875,22.516666412353516,3.799999952316284,4.5,24.08333396911621,19011.333984375,1614.2285714285715,0.6139761805534363,25.219404220581055,94.11428571428571,1366.4364013671875,1899.3143310546875,-1.0334047079086304,950.5142857142857,1,505,1,1,0,21,27,161
0,367.0,0.9156214594841003,286.0,2.0,313.0,1114.0,301.65306122448953,15832.0,28.049999237060547,0.9166666865348816,21031.166015625,23.91666603088379,3.9000000953674316,4.599999904632568,26.58333396911621,26472.666015625,1613.7142857142858,0.6143333315849304,25.170713424682617,95.11428571428571,1370.3228759765625,1877.4857177734375,-1.0394524335861206,952.4,0,505,1,1,0,42,16,190
0,356.0,0.852907657623291,286.0,2.0,313.0,1207.0,312.2040816326529,17042.0,31.566667556762695,2.4166667461395264,18971.400390625,22.950000762939453,3.700000047683716,4.800000190734863,24.66666603088379,19626.333984375,1639.8285714285714,0.602404773235321,25.11726188659668,91.94285714285714,1359.9169921875,1862.94287109375,-0.9106190204620361,943.5142857142857,1,505,1,0,1,31,18,183
0,136.0,0.39566704630851746,296.0,3.0,313.0,2041.0,340.28571428571405,15581.2216796875,32.099998474121094,0.5722222328186035,21637.755859375,23.761110305786133,3.633333444595337,4.800000190734863,22.91111183166504,28886.33203125,1707.942857142857,0.5927619338035583,24.938451766967773,84.2,1353.2706298828125,1865.6285400390625,-0.6086904406547546,943.1142857142858,0,505,1,1,0,41,12,54
0,301.0,0.516533613204956,296.0,3.0,313.0,1156.0,340.28571428571405,14360.0,30.516666412353516,2.133333444595337,19767.6171875,23.649999618530273,3.4000000953674316,5.0,25.96666717529297,18413.666015625,1716.2857142857142,0.5914762020111084,24.894166946411133,83.28571428571429,1353.137939453125,1872.05712890625,-0.5744761824607849,943.0,1,505,1,1,0,31,4,113
0,406.0,0.6476624608039856,296.0,3.0,313.0,1197.0,339.1020408163264,12269.8330078125,27.866666793823242,1.399999976158142,16721.216796875,21.933332443237305,3.700000047683716,4.800000190734863,30.633333206176758,18490.833984375,1842.8285714285714,0.5919286012649536,24.97083282470703,70.77142857142857,1358.0799560546875,1980.4857177734375,-0.2891428470611572,959.9428571428572,2,505,1,1,0,42,20,160
0,336.0,0.46180158853530884,296.0,3.0,313.0,1874.0,339.1020408163264,13620.888671875,31.544445037841797,0.9833333492279053,17435.521484375,21.83333396911621,3.9666666984558105,4.7166666984558105,30.2277774810791,20060.0,1859.6571428571428,0.5884285569190979,24.979286193847656,68.0,1352.8045654296875,2006.1142578125,-0.2519761919975281,959.6857142857143,0,505,1,1,0,31,14,155
0,431.0,0.8426454067230225,296.0,3.0,313.0,2880.0,336.22448979591826,14972.22265625,27.205554962158203,1.2388888597488403,17402.65625,22.011110305786133,3.799999952316284,4.849999904632568,28.4777774810791,18027.111328125,1888.2571428571428,0.5813571214675903,24.948213577270508,64.6,1353.9151611328125,2039.6571044921875,-0.18204762041568756,962.9714285714285,2,505,1,1,0,31,14,174
0,314.0,0.5758267045021057,296.0,3.0,313.0,2041.0,334.7959183673467,16031.5,28.0,3.0166666507720947,20587.599609375,22.366666793823242,4.099999904632568,4.7166666984558105,33.0,23225.833984375,1933.6857142857143,0.5762380957603455,24.832738876342773,61.91428571428571,1353.5914306640625,2081.54296875,-0.1637618988752365,963.2,1,505,1,0,0,21,14,123
0,158.0,0.3854047954082489,296.0,3.0,313.0,1497.0,332.6326530612244,15703.6669921875,30.41666603088379,1.100000023841858,19538.06640625,22.25,4.199999809265137,4.699999809265137,28.866666793823242,21868.666015625,1953.3714285714286,0.5773095488548279,24.898096084594727,58.142857142857146,1348.4302978515625,2116.45703125,-0.16404761373996735,965.0857142857143,2,505,1,0,0,42,4,59
0,173.0,0.6294184923171997,296.0,3.0,313.0,1597.0,331.8367346938775,15372.0,28.0,2.1500000953674316,19372.232421875,22.08333396911621,3.5,4.849999904632568,33.38333511352539,23575.0,1994.057142857143,0.5742142796516418,24.85178565979004,56.82857142857143,1355.2569580078125,2149.1142578125,-0.15283334255218506,969.3714285714286,1,505,1,0,0,41,17,69
0,149.0,0.7890536189079285,296.0,3.0,313.0,4317.0,329.9183673469386,14133.0,27.08333396911621,2.049999952316284,17828.43359375,21.21666717529297,3.9000000953674316,4.800000190734863,28.03333282470703,22387.5,2075.2571428571428,0.5855714082717896,24.9809513092041,54.2,1344.789794921875,2187.971435546875,-0.08390478044748306,969.3142857142857,3,505,1,0,0,42,4,55
0,336.0,0.45724058151245117,296.0,3.0,313.0,4489.0,329.36734693877537,15680.6669921875,28.766666412353516,0.28333333134651184,19985.1328125,21.78333282470703,4.199999809265137,4.800000190734863,26.5,21440.166015625,2094.285714285714,0.5849761962890625,25.00107192993164,53.22857142857143,1345.884521484375,2213.514404296875,-0.08807142078876495,971.4857142857143,4,505,1,0,0,21,20,139
0,212.0,0.6795895099639893,296.0,3.0,313.0,1032.0,325.65306122448965,15282.4443359375,34.372222900390625,0.6166666746139526,23953.60546875,23.005556106567383,3.9000000953674316,4.888888835906982,22.716665267944336,24403.0,2162.8666666665404,0.5793253779411316,24.841310501098633,58.22857142855172,1354.2056884765625,2206.914306640625,0.0623650997877121,968.5809523809654,1,505,1,0,0,41,15,102
0,342.0,0.37628278136253357,296.0,3.0,313.0,3438.0,322.38775510204067,14874.0,33.766666412353516,0.800000011920929,18450.8671875,21.21666717529297,3.5999999046325684,4.550000190734863,23.766666412353516,33345.0,2198.9142857142856,0.5919047594070435,25.01178550720215,62.51428571428571,1347.1773681640625,2210.314208984375,0.1377619057893753,964.4285714285714,2,469,1,0,0,31,25,167
1,,0.27366021275520325,296.0,3.0,302.0,4544.0,318.9795918367346,14617.0,36.03333282470703,2.5333333015441895,21865.900390625,23.149999618530273,4.0,4.683333396911621,23.016666412353516,38352.66796875,2218.8,0.5898571610450745,24.98607063293457,63.885714285714286,1345.1680908203125,2211.685791015625,0.1490475982427597,961.4285714285714,1,469,1,0,0,41,2,
0,214.0,0.5473204255104065,296.0,3.0,313.0,1232.0,315.26530612244886,14444.0,32.016666412353516,1.0,24705.30078125,21.350000381469727,3.700000047683716,4.683333396911621,18.816667556762695,21702.333984375,2253.457142857143,0.5879762172698975,24.889999389648438,66.17142857142858,1351.6279296875,2213.45703125,0.16626189649105072,961.6,1,469,1,0,0,41,7,92
0,330.0,0.9315849542617798,296.0,3.0,313.0,1110.0,311.53061224489784,13821.8330078125,31.33333396911621,1.7999999523162842,20769.732421875,21.516666412353516,3.9000000953674316,4.683333396911621,17.066667556762695,16687.5,2310.3714285714286,0.5871666669845581,24.844762802124023,72.28571428571429,1350.8294677734375,2222.6572265625,0.22216668725013733,954.4285714285714,0,505,1,0,0,41,4,123
0,248.0,0.020524514839053154,296.0,3.0,313.0,2034.0,310.938775510204,15984.0,34.03333282470703,1.6666666269302368,23047.267578125,22.183332443237305,4.199999809265137,4.550000190734863,18.53333282470703,21415.0,2343.4,0.5892857313156128,24.852262496948242,70.34285714285714,1338.6405029296875,2239.8857421875,0.22788096964359283,949.6285714285714,6,505,1,0,0,41,8,105
0,283.0,0.9156214594841003,296.0,3.0,313.0,1197.0,306.2857142857142,15592.6669921875,36.95000076293945,1.350000023841858,18724.56640625,20.649999618530273,3.700000047683716,4.583333492279053,13.216666221618652,17519.5,2435.285714285714,0.5905476212501526,24.867023468017578,73.6,1349.8992919921875,2237.3427734375,0.286809504032135,954.2285714285714,0,505,1,0,0,31,16,107
0,371.0,0.932725191116333,296.0,3.0,313.0,1072.0,304.40816326530603,13308.6669921875,29.83333396911621,0.3499999940395355,20683.732421875,20.883333206176758,4.099999904632568,4.583333492279053,19.049999237060547,15625.6669921875,2467.6285714285714,0.5889999866485596,24.8507137298584,74.22857142857143,1354.042236328125,2253.0,0.33742856979370117,955.8285714285714,0,505,1,0,0,21,23,184
0,292.0,0.8836944103240967,296.0,3.0,313.0,1091.0,303.77551020408146,15445.1669921875,36.983333587646484,0.4000000059604645,17046.833984375,20.566667556762695,3.4000000953674316,4.449999809265137,17.516666412353516,16432.333984375,2563.114285714286,0.5961904525756836,24.96821403503418,72.88571428571429,1342.653564453125,2288.228515625,0.34854763746261597,953.4285714285714,1,505,1,0,0,21,18,126
1,252.0,0.43671607971191406,296.0,3.0,313.0,2101.0,302.9795918367345,16299.388671875,36.45000076293945,0.10000000149011612,20598.283203125,20.549999237060547,3.566666603088379,4.405555248260498,20.5222225189209,17895.27734375,2614.5142857142855,0.5966904759407043,24.953571319580078,72.57142857142857,1348.113037109375,2280.028564453125,0.4180000126361847,957.1142857142858,8,505,1,0,0,41,11,110
0,218.0,0.9543899893760681,296.0,3.0,313.0,1044.0,302.4285714285712,17309.888671875,33.983333587646484,2.450000047683716,18529.333984375,21.688888549804688,4.266666889190674,4.627778053283691,19.627777099609375,18247.888671875,2653.085714285714,0.5887460708618164,24.816905975341797,73.19047619047619,1351.3087158203125,2291.895263671875,0.3994523882865906,955.5999999999999,0,505,1,0,0,31,26,109
0,167.0,0.9635119438171387,296.0,3.0,313.0,1054.0,304.1836734693875,16162.7216796875,37.67222213745117,1.494444489479065,17612.310546875,22.69444465637207,4.0333333015441895,4.483333110809326,17.566665649414062,17519.5,2779.342857142857,0.5927143096923828,24.885713577270508,72.28571428571429,1350.807861328125,2334.800048828125,0.3003571331501007,959.0857142857143,0,505,1,0,0,42,22,83
0,298.0,0.9372861981391907,296.0,3.0,313.0,1130.0,319.7755102040814,13989.8330078125,33.20000076293945,0.8500000238418579,21923.982421875,21.0,4.400000095367432,4.2833333015441895,25.21666717529297,19377.166015625,2910.657142857143,0.5896904468536377,24.950714111328125,87.25714285714285,1356.081787109375,2269.71435546875,0.44959524273872375,951.0,0,505,1,0,0,31,3,148
0,190.0,0.8141391277313232,296.0,3.0,313.0,1128.0,320.38775510204056,15814.3330078125,30.950000762939453,2.1500000953674316,18207.30078125,20.799999237060547,3.5999999046325684,4.383333206176758,26.53333282470703,19945.0,2940.657142857143,0.5952857136726379,25.077260971069336,89.48571428571428,1351.494873046875,2248.571533203125,0.44121429324150085,946.3714285714286,0,505,1,0,1,31,21,94
0,386.0,0.7936145663261414,296.0,3.0,296.0,1082.0,337.38775510204056,14703.5,31.350000381469727,0.949999988079071,16269.93359375,21.03333282470703,3.5,4.300000190734863,27.633333206176758,15808.0,2929.8,0.5998095273971558,25.218690872192383,100.51428571428572,1353.6136474609375,2184.228515625,0.4700952470302582,940.0857142857143,0,474,1,0,0,41,12,191
0,386.0,0.8015963435173035,296.0,3.0,296.0,1072.0,340.551020408163,16797.333984375,31.78333282470703,4.4666666984558105,17107.767578125,22.450000762939453,4.5,4.199999809265137,27.516666412353516,18697.666015625,2951.5714285714284,0.6054047346115112,25.318096160888672,103.94285714285714,1351.5118408203125,2163.39990234375,0.4660000205039978,938.3142857142857,0,474,1,0,1,41,7,190
0,346.0,0.9669327139854431,296.0,3.0,296.0,1032.0,342.18367346938754,14571.3330078125,30.33333396911621,1.8833333253860474,16606.19921875,20.41666603088379,4.5,4.050000190734863,30.516666412353516,24743.333984375,2941.3714285714286,0.6079285740852356,25.34238052368164,106.34285714285714,1350.7528076171875,2159.6572265625,0.47026193141937256,936.3714285714286,0,474,1,0,1,41,20,169
0,212.0,0.5940706729888916,296.0,3.0,285.0,1371.0,341.3061224489793,15065.3330078125,27.316667556762695,3.4166667461395264,16488.267578125,21.149999618530273,4.400000095367432,4.199999809265137,28.683332443237305,16879.5,2928.6,0.6123095154762268,25.41607093811035,108.54285714285714,1353.5465087890625,2156.3427734375,0.4766428470611572,937.8285714285714,1,496,1,0,1,31,1,104
0,201.0,0.6339794993400574,296.0,3.0,285.0,1072.0,337.18367346938743,14689.6669921875,31.683332443237305,3.8499999046325684,18134.099609375,21.899999618530273,4.5,4.099999904632568,31.316667556762695,18771.5,2906.885714285714,0.614476203918457,25.44761848449707,112.82857142857142,1362.8468017578125,2144.8857421875,0.40942856669425964,940.6,0,496,1,0,1,41,18,76
0,412.0,0.9635119438171387,296.0,3.0,296.0,1093.0,324.61224489795893,14411.0,31.200000762939453,1.2833333015441895,17862.75,21.28333282470703,4.199999809265137,4.083333492279053,27.899999618530273,18682.166015625,2869.8,0.6201428771018982,25.54035758972168,112.85714285714286,1349.365478515625,2161.428466796875,0.45319047570228577,935.9428571428572,0,474,1,0,1,42,5,201
0,360.0,0.8768529295921326,296.0,3.0,296.0,1081.0,310.02040816326496,14775.3330078125,31.483333587646484,2.5166666507720947,17534.900390625,21.66666603088379,4.599999904632568,4.0,24.433332443237305,18654.333984375,2890.9714285714285,0.6205952167510986,25.537261962890625,113.4,1355.2197265625,2164.54296875,0.46157142519950867,938.9714285714285,0,474,1,0,1,21,25,175
0,247.0,0.785632848739624,296.0,3.0,272.0,1364.0,299.5102040816323,14837.3330078125,31.69444465637207,3.0722222328186035,16914.427734375,21.333332061767578,4.599999904632568,4.116666793823242,28.14444351196289,18630.77734375,2904.1428571428573,0.6381190419197083,25.790952682495117,115.71428571428571,1357.1077880859375,2161.228515625,0.4960714280605316,944.4285714285714,0,474,1,0,0,31,21,97
1,111.0,0.32725200057029724,296.0,3.0,285.0,3592.0,290.9795918367344,13777.0,31.683332443237305,3.7666666507720947,18094.56640625,22.25,4.300000190734863,4.349999904632568,29.883333206176758,31814.166015625,2912.8285714285716,0.6417856812477112,25.82345199584961,115.85714285714286,1352.3170166015625,2157.71435546875,0.49235713481903076,942.6,0,496,1,0,0,41,20,42
0,130.0,0.9635119438171387,296.0,3.0,285.0,1032.0,283.2857142857141,16322.8330078125,26.266666412353516,0.9833333492279053,17120.533203125,21.41666603088379,4.900000095367432,4.050000190734863,30.133333206176758,19044.0,2961.9142857142856,0.6421190500259399,25.780475616455078,114.34285714285714,1357.5615234375,2168.085693359375,0.4472857117652893,947.0857142857143,0,496,1,1,0,41,3,63
0,286.0,0.026225769892334938,296.0,3.0,272.0,1481.0,294.6326530612243,16190.0,30.33333396911621,2.566666603088379,16056.349609375,21.133333206176758,4.099999904632568,4.099999904632568,34.266666412353516,17176.0,3007.0,0.6548095345497131,25.91452407836914,111.57142857142857,1365.09716796875,2162.6572265625,0.3895714581012726,959.3714285714286,5,497,1,0,1,34,8,128
0,278.0,0.05017103627324104,296.0,3.0,272.0,1430.0,300.1224489795915,15087.8330078125,29.683332443237305,1.5666667222976685,16389.666015625,21.83333396911621,3.9000000953674316,3.950000047683716,34.13333511352539,18539.5,3013.6285714285714,0.6571905016899109,25.94285774230957,111.74285714285715,1363.7894287109375,2159.371337890625,0.4220952093601227,959.1142857142858,1,497,1,0,1,21,26,125
1,291.0,0.5245153903961182,296.0,3.0,272.0,1158.0,307.0408163265304,14443.6669921875,28.399999618530273,2.2833333015441895,18945.583984375,22.516666412353516,4.199999809265137,3.933333396911621,30.0,19782.0,3080.5142857142855,0.6821666955947876,26.207143783569336,115.0,1370.222900390625,2117.314208984375,0.27204763889312744,969.5142857142857,1,497,1,0,1,42,19,140
0,163.0,0.6453819870948792,296.0,3.0,272.0,1082.0,308.3877551020406,14482.5,31.75,1.899999976158142,15670.2998046875,22.016666412353516,4.800000190734863,4.0333333015441895,28.799999237060547,17552.5,3055.3714285714286,0.6812857389450073,26.19523811340332,118.91428571428571,1370.5941162109375,2138.8857421875,0.15738096833229065,965.6571428571428,0,497,1,0,1,41,1,78
0,186.0,0.57012540102005,296.0,3.0,272.0,1077.0,305.97959183673436,13714.8330078125,33.849998474121094,1.0,14224.56640625,20.866666793823242,4.5,4.050000190734863,31.766666412353516,18769.333984375,3055.3714285714286,0.6812857389450073,26.19523811340332,118.91428571428571,1370.5941162109375,2138.8857421875,0.15738096833229065,965.6571428571428,0,497,1,0,1,41,6,89
1,334.0,0.7867730855941772,296.0,3.0,272.0,1207.0,307.48979591836707,12619.5,30.633333206176758,0.9166666865348816,16002.5166015625,21.200000762939453,4.199999809265137,4.099999904632568,34.29999923706055,16159.1669921875,3064.6,0.6991666555404663,26.394285202026367,128.05714285714285,1371.382080078125,2141.142822265625,0.09316665679216385,962.5428571428571,2,497,1,0,1,31,20,156
1,196.0,0.2713797092437744,296.0,3.0,285.0,3102.0,296.9591836734691,12686.0,27.399999618530273,1.600000023841858,16282.349609375,22.850000381469727,4.400000095367432,4.099999904632568,41.36666488647461,19007.5,3045.114285714286,0.6992142796516418,26.413572311401367,130.42857142857142,1375.6851806640625,2159.54296875,0.005500012077391148,963.1142857142858,1,496,1,0,1,41,9,67
0,204.0,0.8221208453178406,296.0,3.0,272.0,1130.0,290.2040816326528,13585.3330078125,33.41666793823242,1.8666666746139526,16426.19921875,21.200000762939453,4.099999904632568,4.0,33.266666412353516,14965.3330078125,3080.8285714285716,0.6994761824607849,26.393571853637695,125.11428571428571,1382.3856201171875,2172.228515625,-0.1112857311964035,972.3428571428572,0,497,1,0,1,42,23,95
0,143.0,0.8072975873947144,296.0,3.0,272.0,1082.0,290.2040816326528,13585.3330078125,33.41666793823242,1.8666666746139526,16426.19921875,21.200000762939453,4.099999904632568,4.0,33.266666412353516,14965.3330078125,3080.8285714285716,0.6994761824607849,26.393571853637695,125.11428571428571,1382.3856201171875,2172.228515625,-0.1112857311964035,972.3428571428572,0,497,1,0,1,42,25,66
0,193.0,0.5005701184272766,296.0,3.0,272.0,1641.0,283.32653061224465,13164.72265625,32.844444274902344,1.0888888835906982,17707.134765625,22.127779006958008,3.6666665077209473,4.150000095367432,29.566665649414062,15943.1669921875,3114.6285714285714,0.7024523615837097,26.380475997924805,124.05714285714286,1382.8343505859375,2160.314208984375,-0.1895238161087036,974.0571428571428,0,497,1,0,1,41,12,90
0,66.0,0.7753705978393555,296.0,3.0,272.0,1148.0,273.2653061224488,16189.6669921875,29.383333206176758,1.2999999523162842,14986.5166015625,22.28333282470703,4.599999904632568,4.050000190734863,25.933332443237305,16411.5,3143.2285714285713,0.7006904482841492,26.37690544128418,121.42857142857143,1387.12548828125,2178.28564453125,-0.26954761147499084,978.8,0,497,1,0,1,41,6,31
0,56.0,0.8346636295318604,296.0,3.0,272.0,1144.0,263.6326530612243,15490.0,33.36666488647461,0.8166666626930237,17119.44921875,23.16666603088379,4.199999809265137,4.183333396911621,23.600000381469727,18349.5,3167.6285714285714,0.6974047422409058,26.355953216552734,121.71428571428571,1392.3909912109375,2169.17138671875,-0.33476191759109497,980.4571428571429,0,497,1,0,1,34,6,26
1,129.35361775167897,0.6442417502403259,296.0,3.0,272.0,1144.0,256.10204081632634,16206.3330078125,31.71666717529297,1.8833333253860474,16773.033203125,24.116666793823242,4.400000095367432,4.183333396911621,28.58333396911621,19238.333984375,3134.0857142857144,0.6943095326423645,26.401548385620117,120.97142857142858,1390.943603515625,2198.971435546875,-0.39485713839530945,980.0857142857143,0,497,1,0,1,41,31,57
1,152.0,0.17787913978099823,296.0,3.0,272.0,1437.0,256.1224489795916,15105.0,32.55740737915039,1.1425925493240356,15049.3994140625,20.883333206176758,4.066666603088379,4.075926303863525,30.070369720458984,15445.92578125,3138.1428571428573,0.6914523839950562,26.405475616455078,120.11428571428571,1389.1158447265625,2211.685791015625,-0.43690478801727295,979.4285714285714,0,497,1,0,1,42,8,70
0,175.0,0.36944127082824707,296.0,3.0,272.0,1427.0,249.14285714285688,15371.8330078125,27.516666412353516,1.25,17670.083984375,22.733333587646484,4.199999809265137,4.183333396911621,33.849998474121094,17233.333984375,3141.1714285714284,0.687833309173584,26.3700008392334,119.37142857142857,1394.9332275390625,2223.71435546875,-0.4783095419406891,982.8857142857142,1,497,1,1,0,34,4,74
0,127.0,0.6066134572029114,296.0,3.0,272.0,3348.0,247.44897959183652,14476.8330078125,30.366666793823242,1.4666666984558105,19133.716796875,23.866666793823242,4.199999809265137,4.333333492279053,30.0,18285.166015625,3154.3714285714286,0.7005000114440918,26.443214416503906,116.65714285714286,1396.8138427734375,2241.94287109375,-0.5239048004150391,989.9428571428572,0,497,1,1,1,31,34,49
0,178.0,0.9486886858940125,296.0,3.0,272.0,1067.0,243.75510204081613,21719.833984375,26.5,0.800000011920929,13743.966796875,21.233333587646484,4.199999809265137,3.9833333492279053,33.849998474121094,17799.166015625,3053.285714285714,0.6735238432884216,26.28571319580078,124.17142857142858,1401.5625,2220.228515625,-0.5666904449462891,977.2285714285714,0,497,1,1,1,42,13,82
0,171.0,0.6898517608642578,296.0,3.0,272.0,1074.0,237.04081632653043,18094.666015625,23.011110305786133,1.066666603088379,14141.5390625,20.35555648803711,3.8333332538604736,4.183333396911621,37.75555419921875,15425.0556640625,2965.2571428571428,0.6674523949623108,26.2353572845459,127.48571428571428,1410.0626220703125,2221.085693359375,-0.6000238656997681,976.9428571428572,1,497,1,1,1,41,13,67
0,128.0,0.32725200057029724,296.0,3.0,272.0,1307.0,238.28571428571414,13401.1669921875,27.78333282470703,2.200000047683716,18021.3671875,21.5,3.9000000953674316,4.25,35.516666412353516,16263.3330078125,2919.0857142857144,0.6643095016479492,26.217857360839844,128.71428571428572,1408.73046875,2228.3427734375,-0.6335952281951904,973.2285714285714,2,497,1,0,0,31,2,43
0,165.0,0.23489168286323547,296.0,3.0,272.0,1394.0,236.0816326530611,16447.0,27.183332443237305,2.9666666984558105,20064.166015625,21.700000762939453,4.599999904632568,4.083333492279053,35.25,17847.333984375,2891.6,0.6645476222038269,26.217500686645508,129.57142857142858,1410.336669921875,2229.371337890625,-0.6661666631698608,973.4,1,497,1,0,0,21,18,65
0,156.0,0.21436716616153717,296.0,3.0,272.0,2102.0,234.26530612244883,14179.8330078125,28.450000762939453,1.850000023841858,15908.533203125,20.700000762939453,4.099999904632568,4.183333396911621,32.95000076293945,17307.833984375,2894.114285714286,0.6660714149475098,26.22357177734375,129.0,1412.1551513671875,2234.314208984375,-0.6670714020729065,975.3714285714286,2,497,1,0,0,31,13,67
0,255.0,0.6567844748497009,296.0,3.0,272.0,1155.0,234.0612244897958,13607.3330078125,26.28333282470703,3.0333333015441895,18998.849609375,21.58333396911621,3.9000000953674316,4.183333396911621,37.81666564941406,20362.5,2880.8285714285716,0.651023805141449,26.13035774230957,134.54285714285714,1413.16162109375,2222.0,-0.6622857451438904,965.6285714285714,0,497,1,0,1,42,8,107
0,259.0,0.0,296.0,3.0,272.0,3036.0,248.28571428571416,15111.8330078125,28.58333396911621,1.4500000476837158,15777.966796875,20.75,4.199999809265137,4.300000190734863,36.03333282470703,17248.666015625,2880.7714285714287,0.6554285883903503,26.186784744262695,138.02857142857144,1415.3682861328125,2218.314208984375,-0.6723809242248535,963.4,0,497,1,0,1,34,16,95
1,304.0,0.0,296.0,3.0,272.0,5705.0,248.28571428571416,14725.0,31.566667556762695,1.3833333253860474,16508.1328125,20.96666717529297,4.5,4.300000190734863,35.21666717529297,18853.0,2857.8571428571427,0.6650000214576721,26.255001068115234,139.2,1418.8009033203125,2213.8857421875,-0.6771904826164246,965.8285714285714,0,497,1,0,1,24,16,107
0,116.0,0.6362599730491638,296.0,3.0,272.0,3687.0,259.8775510204081,13353.0,32.58333206176758,2.75,15155.2666015625,20.950000762939453,4.0,4.183333396911621,37.733333587646484,15466.0,2933.714285714286,0.6416904926300049,26.065357208251953,137.34285714285716,1413.0386962890625,2227.54296875,-0.649309515953064,958.8285714285714,0,476,1,0,0,41,31,43
0,139.0,0.7901938557624817,296.0,3.0,293.0,1077.0,256.2244897959183,14169.5,29.78333282470703,1.7833333015441895,14650.6669921875,20.21666717529297,4.300000190734863,4.183333396911621,39.43333435058594,16178.3330078125,2949.057142857143,0.6393095254898071,25.971071243286133,135.62857142857143,1420.25927734375,2237.39990234375,-0.6657619476318359,962.4,3,482,1,0,1,42,11,56
0,155.0,0.6773090362548828,296.0,3.0,293.0,1096.0,259.877551020408,17477.166015625,26.33333396911621,1.7333333492279053,16462.666015625,20.850000381469727,4.300000190734863,4.0333333015441895,45.20000076293945,17888.333984375,2969.1714285714284,0.6370238065719604,25.94333267211914,135.71428571428572,1425.5162353515625,2238.914306640625,-0.6996904611587524,964.6285714285714,1,476,1,0,1,42,14,72
0,258.0,0.6955530047416687,296.0,3.0,293.0,1105.0,276.63265306122423,17568.666015625,27.66666603088379,5.5,16125.716796875,21.03333282470703,4.800000190734863,4.083333492279053,48.150001525878906,16527.333984375,3037.2,0.6371428370475769,25.89047622680664,131.71428571428572,1424.201171875,2243.71435546875,-0.6932619214057922,965.8857142857142,0,476,1,0,1,41,11,119
0,358.0,0.6830102801322937,296.0,3.0,293.0,1074.0,276.63265306122423,17517.666015625,29.633333206176758,3.183333396911621,17674.349609375,21.149999618530273,4.699999809265137,4.083333492279053,46.5,17309.0,3037.2,0.6371428370475769,25.89047622680664,131.71428571428572,1424.201171875,2243.71435546875,-0.6932619214057922,965.8857142857142,1,476,1,0,1,31,9,166
0,284.0,0.6145952343940735,296.0,3.0,293.0,1113.0,269.67346938775484,17127.0,28.149999618530273,1.6333333253860474,16484.25,24.350000381469727,4.699999809265137,4.199999809265137,47.70000076293945,17762.666015625,3061.6285714285714,0.6473333239555359,25.924047470092773,126.14285714285714,1414.17333984375,2226.142822265625,-0.7428333163261414,967.6285714285714,1,476,1,0,0,24,2,132
0,187.0,0.23831242322921753,296.0,3.0,293.0,1974.0,272.1632653061222,16822.0,27.049999237060547,2.683333396911621,14464.099609375,22.233333587646484,4.0,4.349999904632568,41.599998474121094,38216.66796875,3089.285714285714,0.6569285988807678,25.97892951965332,125.94285714285714,1416.51025390625,2222.199951171875,-0.7379761934280396,970.8,0,476,1,0,0,34,11,72
0,290.4094807473109,0.5917901992797852,296.0,3.0,293.0,2219.0,280.6326530612243,17813.666015625,33.20000076293945,3.7333333492279053,14734.783203125,20.5,4.199999809265137,4.2833333015441895,45.016666412353516,56464.33203125,3105.714285714286,0.6598571538925171,26.0141658782959,127.02857142857142,1420.3975830078125,2228.82861328125,-0.7443333268165588,973.3714285714286,0,476,1,0,0,41,9,126
1,152.0,0.045610032975673676,296.0,3.0,293.0,1504.0,270.02040816326513,15103.3330078125,27.549999237060547,2.0166666507720947,18024.732421875,22.049999237060547,4.400000095367432,4.25,51.150001525878906,20688.5,3046.4,0.668833315372467,25.951904296875,125.31428571428572,1424.0880126953125,2218.142822265625,-0.7579761743545532,981.0571428571428,0,476,1,0,1,41,31,66
0,143.0,0.2976054847240448,296.0,3.0,293.0,3698.0,241.99999999999983,15406.3330078125,29.46666717529297,1.5666667222976685,18062.966796875,21.950000762939453,4.199999809265137,4.349999904632568,37.91666793823242,20920.0,2813.942857142857,0.735880970954895,26.253572463989258,124.4,1418.0118408203125,2348.914306640625,-0.45476189255714417,991.2,0,476,1,1,0,21,33,50
0,43.0,0.1687571257352829,296.0,3.0,293.0,5737.0,241.99999999999983,14519.6669921875,28.183332443237305,0.9666666388511658,17604.3671875,23.016666412353516,4.599999904632568,4.2833333015441895,32.46666717529297,20463.666015625,2882.285714285714,0.7546428442001343,26.36142921447754,116.65714285714286,1413.0157470703125,2393.800048828125,-0.4169761836528778,1001.6571428571428,6,476,1,1,0,34,33,16
0,136.0,0.3911060392856598,296.0,3.0,293.0,12552.0,255.7346938775509,17319.5,27.649999618530273,1.5499999523162842,18380.8828125,24.183332443237305,4.900000095367432,4.333333492279053,34.766666412353516,23708.333984375,3068.4285714285716,0.7647619247436523,26.42761993408203,117.34285714285714,1411.56494140625,2433.971435546875,-0.4944285750389099,1001.2857142857143,1,476,1,1,0,31,10,64
0,141.0,0.27366021275520325,296.0,3.0,293.0,7686.0,253.20408163265296,18669.111328125,37.39444351196289,2.2666666507720947,23618.521484375,26.483333587646484,5.266666889190674,4.416666507720947,34.41111373901367,30331.333984375,3157.457142857143,0.7681190371513367,26.332141876220703,118.45714285714286,1414.7706298828125,2458.39990234375,-0.4555237889289856,1004.5142857142857,3,476,1,0,1,21,5,54
0,159.0,0.052451539784669876,296.0,3.0,293.0,3147.0,261.9999999999999,15536.5,33.45000076293945,1.4833333492279053,16465.75,21.96666717529297,4.300000190734863,4.233333110809326,41.96666717529297,19288.666015625,3201.942857142857,0.7530238032341003,26.231548309326172,123.25714285714285,1421.298095703125,2437.8857421875,-0.4619999825954437,999.5142857142857,0,476,1,0,1,24,6,71
0,77.0,0.19954389333724976,296.0,3.0,293.0,1435.0,275.9591836734692,15937.1669921875,31.433332443237305,3.933333396911621,14741.06640625,21.46666717529297,4.199999809265137,4.083333492279053,43.516666412353516,17209.333984375,3227.8571428571427,0.736047625541687,26.11297607421875,127.02857142857142,1424.790283203125,2420.028564453125,-0.48780950903892517,990.3142857142857,0,476,1,0,1,21,8,31
0,192.0,0.8061573505401611,296.0,3.0,293.0,1061.0,321.5918367346937,15862.2216796875,32.75555419921875,1.388888955116272,13842.56640625,20.816665649414062,4.233333110809326,4.016666412353516,43.877777099609375,16748.888671875,3458.657142857143,0.7621666789054871,26.206310272216797,132.9142857142857,1426.0203857421875,2414.771484375,-0.2946428656578064,990.2285714285714,0,476,1,0,1,42,4,97
0,231.0,0.8688711524009705,296.0,3.0,293.0,1089.0,327.73469387755074,17144.166015625,30.366666793823242,1.2166666984558105,14854.6337890625,22.383333206176758,4.800000190734863,4.183333396911621,44.28333282470703,17385.166015625,3486.0857142857144,0.8259761929512024,26.534286499023438,139.65714285714284,1426.9342041015625,2177.3427734375,1.0697143077850342,999.9428571428572,0,476,1,0,1,31,28,86
0,145.0,0.8688711524009705,296.0,3.0,293.0,1085.0,293.7551020408162,12865.0,32.96666717529297,2.2833333015441895,16514.349609375,21.016666412353516,4.199999809265137,4.150000095367432,44.63333511352539,18431.0,3349.1428571428573,0.8465476036071777,26.203214645385742,153.85714285714286,1430.530517578125,2128.17138671875,3.0374763011932373,991.0857142857143,0,476,1,0,1,31,2,75
0,152.0,0.285062700510025,296.0,3.0,293.0,1219.0,253.95918367346917,14186.6669921875,34.45000076293945,2.3333332538604736,19494.80078125,22.08333396911621,5.099999904632568,4.449999809265137,41.83333206176758,22435.5,3260.057142857143,0.9332857131958008,26.72702407836914,169.45714285714286,1446.4119873046875,2145.17138671875,2.2586429119110107,1008.5714285714286,1,476,1,1,1,31,16,65
0,281.0,0.4743443429470062,296.0,3.0,293.0,1375.0,253.95918367346917,14788.2216796875,33.96111297607422,6.099999904632568,19867.876953125,24.100000381469727,5.633333206176758,4.25,40.21666717529297,23884.833984375,3260.057142857143,0.9332857131958008,26.72702407836914,169.45714285714286,1446.4119873046875,2145.17138671875,2.2586429119110107,1008.5714285714286,0,476,1,1,1,41,11,133
0,53.0,0.052451539784669876,296.0,3.0,293.0,3301.0,271.38775510204056,,,,,,,,,,3123.5714285714284,0.9897857308387756,26.908809661865234,176.37142857142857,1452.818603515625,2140.8857421875,1.8100237846374512,1019.0857142857143,6,476,1,1,0,21,6,27
0,118.0,0.40136829018592834,296.0,3.0,293.0,1640.0,271.38775510204056,12193.8330078125,26.78333282470703,1.3666666746139526,18051.232421875,21.766666412353516,4.599999904632568,4.25,43.79999923706055,19969.0,3102.7428571428572,0.9845714569091797,26.8608341217041,175.8,1448.067626953125,2164.8857421875,1.8083571195602417,1015.4285714285714,0,476,1,1,0,34,7,54
0,,0.17217788100242615,296.0,3.0,229.0,1352.0,262.9183673469386,12485.1669921875,30.866666793823242,3.3499999046325684,19239.083984375,21.96666717529297,4.599999904632568,4.650000095367432,49.71666717529297,24079.166015625,2942.6285714285714,0.9775952696800232,25.891666412353516,181.4857142857143,1446.548828125,2210.05712890625,1.007428526878357,1016.6571428571428,0,481,1,1,0,34,32,
0,90.0,0.8996579051017761,296.0,3.0,283.0,1809.0,262.32653061224465,15752.77734375,30.27777671813965,4.688889026641846,17794.072265625,25.955556869506836,6.199999809265137,4.444444179534912,37.6944465637207,26192.611328125,2829.8,1.0770238637924194,26.316429138183594,207.4857142857143,1457.4774169921875,2195.857177734375,0.520809531211853,1040.2285714285715,0,507,1,0,0,31,2,46
0,136.0,0.9293044209480286,296.0,3.0,283.0,1081.0,260.3877551020406,15050.8330078125,30.75,6.683333396911621,19635.650390625,27.049999237060547,6.400000095367432,4.550000190734863,40.86666488647461,26127.666015625,2741.9142857142856,1.076380968093872,26.25773811340332,212.4857142857143,1461.4739990234375,2203.514404296875,0.48264285922050476,1039.4,0,507,1,0,0,31,24,69
0,77.0,0.40820980072021484,296.0,3.0,283.0,1100.0,260.7959183673467,13033.8330078125,28.03333282470703,2.2166666984558105,17741.80078125,22.149999618530273,4.0,4.5,47.33333206176758,22256.0,2630.942857142857,1.1335476636886597,26.803333282470703,221.11428571428573,1464.2880859375,2212.17138671875,0.44788095355033875,1048.5428571428572,3,507,1,0,1,31,2,32
0,102.0,0.258836954832077,296.0,3.0,283.0,1359.0,258.6938775510202,12753.388671875,29.566667556762695,2.0166666507720947,16354.9501953125,21.5,3.9000000953674316,4.5,44.33333206176758,21717.83203125,2576.6857142857143,1.1498571634292603,26.83380889892578,224.88571428571427,1465.049560546875,2214.228515625,0.39930951595306396,1048.9142857142858,1,507,1,0,1,21,4,39
0,185.0,0.12086658924818039,296.0,3.0,283.0,1495.0,256.77551020408146,13261.888671875,35.29999923706055,0.949999988079071,19683.35546875,22.350000381469727,4.099999904632568,4.349999904632568,42.93333435058594,23647.9453125,2539.7047619047494,1.1620714664459229,26.92817497253418,228.5619047619076,1467.890625,2217.20947265625,0.3769523799419403,1050.7904761904647,2,507,1,0,1,41,18,82
0,119.0,0.5929304361343384,296.0,3.0,283.0,1375.0,253.57142857142836,14590.5,26.91666603088379,2.200000047683716,16740.349609375,22.03333282470703,4.199999809265137,4.483333110809326,49.28333282470703,21138.5,2606.0,1.1696428060531616,26.939167022705078,229.9142857142857,1470.0887451171875,2223.3427734375,0.3899761736392975,1052.7714285714285,1,507,1,0,1,31,7,54
0,79.0,0.14367160201072693,296.0,3.0,283.0,1655.0,247.85714285714275,12478.6669921875,30.83333396911621,3.566666603088379,17718.05078125,22.516666412353516,4.599999904632568,4.5,42.88333511352539,21464.0,2700.342857142857,1.1643095016479492,26.841785430908203,226.62857142857143,1466.59033203125,2233.6572265625,0.34340476989746094,1055.942857142857,1,507,1,0,0,21,10,36
0,98.0,0.47548460960388184,296.0,3.0,283.0,1226.0,243.69387755102028,12224.0,30.883333206176758,3.4555556774139404,17462.66015625,22.655555725097656,4.4666666984558105,4.650000095367432,42.16666793823242,21927.0546875,2700.342857142857,1.1643095016479492,26.841785430908203,226.62857142857143,1466.59033203125,2233.6572265625,0.34340476989746094,1055.942857142857,1,507,1,0,0,21,12,36
0,,0.36145952343940735,296.0,3.0,283.0,1383.0,240.83673469387742,12756.3330078125,28.483333587646484,3.5999999046325684,17493.466796875,22.16666603088379,4.300000190734863,4.599999904632568,45.16666793823242,21981.666015625,2798.4857142857145,1.1925475597381592,27.080713272094727,220.14285714285714,1469.6427001953125,2248.571533203125,0.2931428551673889,1074.1714285714286,6,507,1,0,0,31,5,
0,290.0,0.2713797092437744,296.0,3.0,283.0,2684.0,240.04081632653046,13920.8330078125,31.383333206176758,3.2833333015441895,17151.55078125,23.83333396911621,4.699999809265137,4.683333396911621,40.28333282470703,22160.5,2878.4285714285716,1.1666429042816162,26.910594940185547,223.22857142857143,1471.9658203125,2202.800048828125,0.25021427869796753,1066.9142857142858,1,507,1,0,0,21,14,116
0,246.0,0.31470924615859985,296.0,3.0,283.0,3601.0,240.04081632653046,14050.22265625,29.700000762939453,5.0722222328186035,15183.3662109375,24.05555534362793,4.699999809265137,4.938889026641846,40.05555725097656,23369.4453125,2880.7428571428572,1.1597380638122559,26.85011863708496,223.6,1474.0294189453125,2189.17138671875,0.2766190469264984,1065.4,2,507,1,0,0,21,2,120
0,40.97393031534196,0.39452680945396423,296.0,3.0,283.0,1133.0,245.63265306122432,12210.1669921875,33.68333435058594,2.433333396911621,15955.150390625,21.633333206176758,4.199999809265137,4.483333110809326,44.75,18675.833984375,2910.0857142857144,1.1394761800765991,26.74785614013672,221.11428571428573,1473.7786865234375,2166.257080078125,0.26397618651390076,1062.2571428571428,5,507,1,0,0,31,7,15
0,178.0,0.3785632848739624,267.0,4.0,283.0,1226.0,247.55102040816314,13944.6669921875,32.733333587646484,4.683333396911621,19079.083984375,23.883333206176758,5.099999904632568,4.683333396911621,36.483333587646484,26003.0,2968.6,1.144785761833191,26.76249885559082,220.6,1478.0174560546875,2136.571533203125,0.17500001192092896,1070.1714285714286,2,507,1,0,0,31,2,68
0,90.0,0.8015963435173035,296.0,3.0,283.0,4907.0,256.9183673469386,14672.5,31.133333206176758,5.916666507720947,17767.8671875,25.450000762939453,5.699999809265137,4.666666507720947,35.45000076293945,25638.333984375,2961.6857142857143,1.1231905221939087,26.73178482055664,220.88571428571427,1477.4156494140625,2113.914306640625,0.23052379488945007,1062.5142857142857,3,507,1,0,0,11,1,45
0,202.0,0.799315869808197,267.0,4.0,283.0,1913.0,213.16326530612227,12683.1669921875,26.866666793823242,3.866666555404663,17344.900390625,25.649999618530273,5.400000095367432,4.816666603088379,35.58333206176758,23908.166015625,3176.0857142857144,0.9454047679901123,25.807737350463867,229.65714285714284,1512.680908203125,2056.60009765625,-0.008452377282083035,1028.7714285714285,0,507,1,1,0,31,8,72
1,93.0,0.1014823243021965,267.0,4.0,260.0,1885.0,179.6326530612244,14260.8330078125,24.766666412353516,8.383333206176758,16824.783203125,23.883333206176758,5.300000190734863,4.949999809265137,41.58333206176758,23797.166015625,2941.1714285714284,0.8590952157974243,25.86988067626953,266.14285714285717,1603.758056640625,1934.6571044921875,-0.596833348274231,1033.2857142857142,0,518,1,0,0,42,5,45
0,130.0,0.108323834836483,267.0,4.0,260.0,4512.0,177.12244897959172,10337.6669921875,28.03333282470703,4.949999809265137,16052.900390625,21.950000762939453,4.5,4.7833333015441895,44.53333282470703,18172.666015625,2939.885714285714,0.8644285798072815,25.867618560791016,258.2,1557.6536865234375,1956.028564453125,-0.6035952568054199,1015.7428571428571,1,518,1,0,0,31,31,47
1,171.0,0.25997719168663025,267.0,4.0,229.0,8558.0,169.99999999999991,13348.6669921875,24.100000381469727,5.2166666984558105,15541.8662109375,21.78333282470703,4.599999904632568,4.883333206176758,43.78333282470703,20460.666015625,2897.6285714285714,0.8682143092155457,25.905000686645508,263.48571428571427,1574.939697265625,1944.142822265625,-0.6011666655540466,1022.1142857142858,3,481,1,0,0,31,12,83
0,155.0,0.216647669672966,267.0,4.0,229.0,5695.0,163.08163265306112,13296.3330078125,27.566667556762695,5.566666603088379,16692.099609375,22.25,4.900000095367432,4.883333206176758,43.63333511352539,19889.333984375,2831.3714285714286,0.8697618842124939,25.864166259765625,261.62857142857143,1558.6583251953125,1953.3143310546875,-0.586642861366272,1014.4285714285714,2,481,1,0,0,31,8,56
0,97.0,0.5290763974189758,267.0,4.0,229.0,2615.0,158.57142857142847,14130.6669921875,25.988889694213867,7.994444370269775,19892.556640625,24.80555534362793,5.599999904632568,4.883333206176758,42.27777862548828,24763.888671875,2729.6,0.8439523577690125,25.51547622680664,269.45714285714286,1596.619873046875,1930.771484375,-0.5866190195083618,1018.5714285714286,1,518,1,0,0,21,12,36
0,128.0,0.020524514839053154,267.0,4.0,229.0,10421.0,154.408163265306,11922.8330078125,24.899999618530273,2.799999952316284,15280.8662109375,23.483333587646484,5.199999809265137,4.883333206176758,47.68333435058594,22806.833984375,2668.1714285714284,0.8508333563804626,25.64321517944336,264.7142857142857,1558.9110107421875,1942.028564453125,-0.6216428875923157,1007.2,2,481,1,0,0,31,9,53
0,166.0,0.0,267.0,4.0,229.0,7080.0,146.08163265306112,12886.3330078125,27.71666717529297,7.366666793823242,15912.7333984375,22.633333206176758,4.599999904632568,4.883333206176758,47.81666564941406,18329.166015625,2631.7428571428572,0.8504762053489685,25.645952224731445,270.22857142857146,1560.0670166015625,1938.4285888671875,-0.5927380919456482,1003.1142857142858,5,481,1,0,0,41,10,63
0,98.0,0.0,267.0,4.0,229.0,6435.0,142.673469387755,11434.8330078125,28.08333396911621,1.7999999523162842,15370.7333984375,23.200000762939453,4.900000095367432,4.849999904632568,43.29999923706055,20514.666015625,2560.5714285714284,0.8621666431427002,25.631786346435547,272.42857142857144,1562.644775390625,1932.142822265625,-0.588023841381073,1007.8,4,481,1,0,0,31,14,40
0,101.0,0.3432154953479767,267.0,4.0,260.0,13423.0,140.48979591836726,13374.4443359375,27.377777099609375,9.211111068725586,19380.5390625,27.144445419311523,5.800000190734863,4.911111354827881,43.43333435058594,27342.056640625,2515.7428571428572,0.8463571667671204,25.490238189697266,274.8857142857143,1561.511962890625,1930.4857177734375,-0.653333306312561,999.5142857142857,6,518,1,0,0,41,3,42
0,151.0,0.5199543833732605,267.0,4.0,260.0,1911.0,135.85714285714278,11972.0,25.16666603088379,6.449999809265137,16636.80078125,23.116666793823242,5.0,4.949999809265137,49.18333435058594,21885.333984375,2379.714285714286,0.8624761700630188,25.66797637939453,291.4,1590.95263671875,1902.5714111328125,-0.630214273929596,1006.3714285714286,7,518,1,0,0,41,2,64
0,137.0,0.0,267.0,4.0,260.0,3253.0,134.40816326530606,11570.3330078125,24.46666717529297,4.683333396911621,16116.716796875,20.950000762939453,4.099999904632568,4.9666666984558105,51.83333206176758,17453.5,2288.0,0.8933333158493042,26.05238151550293,296.4,1574.00732421875,1904.2572021484375,-0.6405952572822571,1000.8571428571429,3,518,1,0,0,24,13,62
0,114.0,0.05815279483795166,267.0,4.0,260.0,1969.0,132.79591836734684,12099.8330078125,26.66666603088379,5.983333110809326,15763.849609375,21.633333206176758,4.5,5.083333492279053,43.79999923706055,20508.333984375,2308.8285714285716,0.8913571238517761,26.026548385620117,299.7142857142857,1595.228759765625,1888.8857421875,-0.6357142925262451,1009.9714285714285,3,518,1,0,0,34,12,51
0,87.0,0.0,267.0,4.0,229.0,7983.0,130.87755102040805,11849.1669921875,25.066667556762695,5.433333396911621,15898.599609375,20.950000762939453,4.400000095367432,4.833333492279053,53.150001525878906,18215.5,2177.285714285714,0.9171666502952576,26.19499969482422,303.8285714285714,1565.0809326171875,1905.4571533203125,-0.6159523725509644,996.4285714285714,5,518,1,0,0,34,21,39
0,79.0,0.3090079724788666,267.0,4.0,229.0,13861.0,130.408163265306,10323.888671875,23.02777862548828,5.550000190734863,13723.3662109375,20.327777862548828,4.266666889190674,4.955555438995361,52.58888626098633,18365.388671875,2054.057142857143,0.9210952520370483,26.251190185546875,315.0,1573.4044189453125,1891.4857177734375,-0.6440714597702026,991.7714285714286,6,518,1,0,0,31,8,31
0,74.0,0.03306727483868599,267.0,4.0,229.0,18780.0,131.68085106382966,11279.3330078125,23.950000762939453,3.144444465637207,14115.8330078125,21.183334350585938,4.233333110809326,5.011111259460449,49.5444450378418,17626.4453125,2092.0857142857144,0.9300000071525574,26.274763107299805,309.65714285714284,1571.692626953125,1900.8857421875,-0.6490952372550964,998.6285714285714,7,481,1,0,0,31,7,30
0,84.0,0.03876852989196777,267.0,4.0,260.0,16910.0,130.06521739130423,12697.0,24.100000381469727,5.0,15116.3837890625,23.933332443237305,4.900000095367432,5.099999904632568,50.349998474121094,19911.833984375,1969.6285714285714,0.9269523620605469,26.266429901123047,326.22857142857146,1592.9329833984375,1876.085693359375,-0.6304047703742981,992.8857142857142,5,518,1,0,0,21,7,38
0,60.0,0.0,267.0,4.0,260.0,31450.0,118.06060606060595,10491.111328125,28.97222328186035,4.683333396911621,14089.98828125,21.583332061767578,4.233333587646484,5.1777777671813965,39.238887786865234,16764.333984375,1915.142857142857,0.9956428408622742,26.434165954589844,342.77142857142854,1582.7320556640625,1859.82861328125,-0.5486904978752136,990.7142857142857,1,518,1,0,0,34,9,27
1,26.0,0.0,267.0,4.0,229.0,32767.0,120.0,11984.7783203125,24.549999237060547,5.199999809265137,15758.3388671875,21.25,4.300000190734863,5.183333396911621,40.96666717529297,17664.22265625,2061.8285714286967,0.9754524230957031,26.0638484954834,334.5999999999978,1611.411376953125,1817.4285888671875,-0.588007926940918,1002.5333333333879,7,481,1,0,0,41,8,9
0,63.0,0.0,267.0,4.0,229.0,32767.0,120.17499999999984,11005.6669921875,26.78333282470703,4.616666793823242,15644.1669921875,23.883333206176758,5.099999904632568,5.083333492279053,39.61666488647461,19397.166015625,2034.3714285714286,0.9573095440864563,25.870357513427734,336.9142857142857,1613.5408935546875,1816.971435546875,-0.5928094983100891,994.6,7,481,1,0,0,21,16,30
0,104.0,0.014823260717093945,267.0,4.0,229.0,32767.0,120.34999999999982,10705.3330078125,26.399999618530273,6.650000095367432,17745.466796875,25.549999237060547,5.400000095367432,4.983333110809326,38.0,22904.666015625,1903.2857142857142,0.8991904854774475,25.1247615814209,342.54285714285714,1629.3878173828125,1810.5142822265625,-0.5422142744064331,970.0857142857143,2,481,1,0,0,21,18,49
0,85.0,0.034207526594400406,267.0,4.0,229.0,32767.0,120.39999999999985,9064.0,27.41666603088379,5.233333110809326,16016.81640625,24.883333206176758,4.699999809265137,5.150000095367432,43.68333435058594,21985.666015625,1903.2857142857142,0.8991904854774475,25.1247615814209,342.54285714285714,1629.3878173828125,1810.5142822265625,-0.5422142744064331,970.0857142857143,5,481,1,0,0,31,10,38
0,411.0,0.9053592085838318,286.0,2.0,313.0,1144.0,294.9772727272724,17624.666015625,28.183332443237305,1.0833333730697632,20502.5,23.450000762939453,4.599999904632568,4.883333206176758,32.099998474121094,26160.166015625,1613.6,0.6979047656059265,25.46285629272461,85.68571428571428,1402.275390625,1839.05712890625,-0.8305952548980713,993.0857142857143,0,505,1,0,1,31,3,216
0,406.0,0.9498289823532104,286.0,2.0,313.0,1038.0,294.95454545454515,15450.1669921875,30.75,1.0,20911.732421875,23.383333206176758,4.0,4.483333110809326,26.766666412353516,19289.833984375,1591.9142857142858,0.6894523501396179,25.461666107177734,84.6,1376.560791015625,1869.085693359375,-0.8794047832489014,975.8,0,505,1,0,1,42,27,213
0,236.21332576245598,0.8620296716690063,286.0,2.0,313.0,1074.0,290.3958333333331,15390.5,31.649999618530273,0.30000001192092896,20875.267578125,24.03333282470703,4.0,4.7833333015441895,30.016666412353516,23590.833984375,1550.2,0.6858333349227905,25.511428833007812,88.65714285714286,1379.9962158203125,1866.4857177734375,-0.9559047818183899,974.0285714285715,0,505,1,0,1,42,2,124
0,270.0,0.8494868874549866,286.0,2.0,313.0,1114.0,286.40816326530586,16711.0,29.066667556762695,1.25,17343.94921875,21.78333282470703,3.700000047683716,4.483333110809326,27.816667556762695,18347.333984375,1552.1714285714286,0.6753333210945129,25.49809455871582,86.48571428571428,1374.7021484375,1897.05712890625,-0.9649999737739563,971.3142857142857,1,505,1,0,1,31,12,130
0,300.0,0.45610034465789795,286.0,2.0,313.0,1958.0,288.4285714285712,18323.166015625,30.450000762939453,1.0166666507720947,17778.69921875,23.183332443237305,4.199999809265137,4.900000095367432,27.383333206176758,23120.166015625,1564.2,0.6717143058776855,25.502262115478516,90.2,1377.26611328125,1891.94287109375,-1.0336190462112427,968.8,1,469,1,0,1,31,2,118
0,256.0,0.3386545181274414,286.0,2.0,302.0,2200.0,282.9591836734691,15988.0,29.21666717529297,1.2000000476837158,18184.033203125,23.799999237060547,4.699999809265137,4.800000190734863,27.950000762939453,25742.333984375,1571.142857142857,0.663023829460144,25.477619171142578,89.14285714285714,1373.8941650390625,1919.199951171875,-1.0459047555923462,966.6,0,469,1,0,1,31,25,100
0,318.0,0.9224629402160645,286.0,2.0,313.0,1156.0,283.65306122448953,19585.666015625,28.766666412353516,0.7666666507720947,16890.166015625,22.366666793823242,4.099999904632568,4.483333110809326,25.316667556762695,18102.666015625,1577.5142857142857,0.6523809432983398,25.4084529876709,90.8,1377.38037109375,1923.2857666015625,-1.0836666822433472,965.5428571428571,0,505,1,0,0,41,18,119
0,324.0,0.8802736401557922,286.0,2.0,313.0,1154.0,285.5102040816324,17328.5,28.78333282470703,0.4000000059604645,17341.849609375,22.633333206176758,4.0,4.833333492279053,27.233333587646484,20881.5,1592.1142857142856,0.6388333439826965,25.308452606201172,92.17142857142858,1371.8543701171875,1912.142822265625,-1.0680713653564453,957.4285714285714,1,505,1,0,0,31,17,121
0,336.0,0.9338654279708862,286.0,2.0,313.0,1081.0,292.85714285714266,17389.5,29.21666717529297,0.2666666805744171,18326.30078125,22.733333587646484,3.799999952316284,4.599999904632568,24.899999618530273,19562.0,1581.6571428571428,0.642214298248291,25.26357078552246,98.34285714285714,1373.3658447265625,1850.1142578125,-1.0882381200790405,952.1428571428571,1,505,1,0,0,42,17,147
0,173.0,0.8802736401557922,286.0,2.0,313.0,1111.0,304.7551020408161,17366.5,31.96666717529297,0.21666666865348816,19436.25,23.049999237060547,4.300000190734863,4.800000190734863,27.233333587646484,28397.0,1591.142857142857,0.6372143030166626,25.213809967041016,98.74285714285715,1367.5635986328125,1841.5428466796875,-1.0699048042297363,947.0285714285715,1,505,1,1,0,31,2,90
0,317.0,0.9270239472389221,286.0,2.0,313.0,1038.0,318.91836734693857,15138.6669921875,30.600000381469727,2.066666603088379,17780.083984375,22.08333396911621,5.199999809265137,4.699999809265137,27.96666717529297,29856.833984375,1623.6285714285714,0.6152142882347107,25.071189880371094,96.31428571428572,1373.48095703125,1832.028564453125,-1.006523847579956,948.0,1,505,1,0,1,31,17,163
0,292.0,0.8996579051017761,296.0,3.0,313.0,1072.0,334.34693877550995,18325.333984375,29.399999618530273,3.0,27767.1328125,24.383333206176758,3.799999952316284,5.066666603088379,23.850000381469727,20096.0,1684.4857142857143,0.6014761924743652,24.87714195251465,88.77142857142857,1360.6048583984375,1836.914306640625,-0.696404755115509,943.1714285714286,0,505,1,1,0,42,15,149
0,202.0,0.4982896149158478,296.0,3.0,313.0,1261.0,338.0408163265304,15456.3330078125,30.5,1.600000023841858,18741.732421875,23.233333587646484,4.099999904632568,5.0,22.649999618530273,18314.0,1696.6857142857143,0.5941428542137146,24.894166946411133,87.08571428571429,1362.9378662109375,1852.6856689453125,-0.6352142691612244,945.6,0,505,1,1,0,42,27,80
0,323.0,0.6419612169265747,296.0,3.0,313.0,2812.0,340.3061224489794,14326.6669921875,29.350000381469727,0.4000000059604645,16119.9501953125,21.616666793823242,3.799999952316284,4.7833333015441895,33.400001525878906,20319.833984375,1818.2857142857142,0.6014285683631897,25.019046783447266,73.02857142857142,1346.8515625,1948.914306640625,-0.3299761712551117,953.0571428571428,1,505,1,0,0,21,18,140
0,400.0,0.7685290575027466,296.0,3.0,313.0,1161.0,340.3061224489794,14715.1669921875,29.133333206176758,0.8999999761581421,19242.232421875,21.75,3.799999952316284,4.866666793823242,32.150001525878906,20328.333984375,1818.2857142857142,0.6014285683631897,25.019046783447266,73.02857142857142,1346.8515625,1948.914306640625,-0.3299761712551117,953.0571428571428,2,505,1,0,0,31,18,157
0,261.0,0.8346636295318604,296.0,3.0,313.0,1250.0,339.34693877551,14676.5,29.516666412353516,1.6333333253860474,16641.0,22.16666603088379,3.5999999046325684,4.599999904632568,32.68333435058594,18455.166015625,1857.9714285714285,0.5902143120765686,24.901071548461914,70.77142857142857,1360.086669921875,1989.5428466796875,-0.20895236730575562,960.3714285714286,3,505,1,0,0,31,10,98
0,75.0,0.6875712871551514,296.0,3.0,313.0,1677.0,336.89795918367327,13015.5,30.75,2.183333396911621,17601.267578125,21.399999618530273,4.0,4.699999809265137,33.06666564941406,19507.5,1900.6857142857143,0.5798095464706421,24.820476531982422,65.91428571428571,1355.857421875,2039.5142822265625,-0.1724761724472046,960.6571428571428,0,505,1,0,0,42,3,33
0,144.0,0.36145952343940735,296.0,3.0,313.0,1393.0,332.71428571428544,16475.5,29.433332443237305,2.116666555404663,20496.43359375,21.78333282470703,3.799999952316284,5.099999904632568,27.450000762939453,23601.166015625,2019.6857142857143,0.5887143015861511,24.90095329284668,60.142857142857146,1355.438720703125,2128.8857421875,-0.087714284658432,968.9714285714285,2,505,1,0,0,31,3,70
0,257.0,0.7080957889556885,296.0,3.0,313.0,3392.0,330.0408163265304,15288.3330078125,29.08333396911621,0.8666666746139526,19937.333984375,21.766666412353516,3.799999952316284,4.883333206176758,23.78333282470703,18228.0,2038.8285714285714,0.5928571224212646,24.924285888671875,62.65714285714286,1356.016845703125,2123.94287109375,-0.055261898785829544,967.5714285714286,1,505,1,0,0,21,4,106
0,164.0,0.6590650081634521,296.0,3.0,313.0,1966.0,327.63265306122435,15100.0,28.53333282470703,0.10000000149011612,17162.56640625,21.933332443237305,3.5,4.800000190734863,27.350000381469727,16403.333984375,2111.885714285714,0.5822619199752808,24.87821388244629,58.48571428571429,1355.7935791015625,2179.742919921875,-0.024880951270461082,969.8857142857142,1,505,1,0,0,42,10,77
0,217.0,0.7833523154258728,296.0,3.0,313.0,1148.0,325.65306122448965,15810.0,31.049999237060547,0.6499999761581421,18437.416015625,21.66666603088379,3.299999952316284,4.900000095367432,24.066667556762695,16769.833984375,2155.6285714285714,0.5825238227844238,24.85952377319336,58.542857142857144,1357.073974609375,2193.17138671875,0.03392859175801277,970.8285714285714,2,505,1,0,0,42,12,108
0,115.0,0.38882553577423096,296.0,3.0,302.0,5397.0,318.9795918367346,14962.0,32.599998474121094,0.3166666626930237,19950.216796875,21.799999237060547,3.700000047683716,4.7833333015441895,22.91666603088379,31587.166015625,2209.5142857142855,0.5948095321655273,25.015714645385742,62.57142857142857,1345.7427978515625,2205.60009765625,0.13833333551883698,964.3142857142857,2,469,1,0,0,31,4,55
0,189.0,0.8643101453781128,296.0,3.0,302.0,2794.0,315.4285714285712,16569.77734375,34.20000076293945,0.20000000298023224,18657.412109375,22.0222225189209,3.700000047683716,4.699999809265137,21.41666603088379,20183.333984375,2224.6857142857143,0.5875476002693176,24.909286499023438,65.42857142857143,1352.45361328125,2201.142822265625,0.1788809597492218,962.8571428571429,2,469,1,0,0,42,5,79
0,171.0,0.6852907538414001,296.0,3.0,313.0,2488.0,315.26530612244886,15848.1669921875,32.56666564941406,1.4500000476837158,22367.783203125,21.383333206176758,4.199999809265137,4.699999809265137,17.58333396911621,18140.833984375,2295.5714285714284,0.5883809328079224,24.882143020629883,69.51428571428572,1354.4796142578125,2211.142822265625,0.2764762043952942,960.0571428571428,2,505,1,0,0,31,4,78
0,187.0,0.879133403301239,296.0,3.0,313.0,2769.0,311.53061224489784,18055.333984375,30.516666412353516,0.21666666865348816,17934.033203125,21.25,3.700000047683716,4.699999809265137,14.383333206176758,17313.833984375,2343.457142857143,0.585261881351471,24.78416633605957,72.54285714285714,1356.0567626953125,2216.028564453125,0.3200238347053528,956.3142857142857,1,505,1,0,0,42,13,78
0,191.0,0.30102622509002686,296.0,3.0,313.0,5699.0,308.2244897959182,14313.0,34.599998474121094,0.44999998807907104,21429.75,20.5,3.200000047683716,4.449999809265137,16.08333396911621,20523.0,2403.942857142857,0.5895714163780212,24.866546630859375,72.05714285714286,1347.3717041015625,2229.54296875,0.3258809447288513,953.9714285714285,2,505,1,0,0,42,8,80
0,329.0,0.7388825416564941,296.0,3.0,313.0,1278.0,302.73469387755074,14578.6669921875,35.33333206176758,1.6166666746139526,18611.93359375,21.03333282470703,3.5,4.699999809265137,16.66666603088379,15938.0,2513.8571428571427,0.5928571224212646,24.807262420654297,72.37142857142857,1345.836181640625,2242.82861328125,0.40364283323287964,952.4571428571429,0,505,1,0,0,42,8,122
0,403.0,0.20638540387153625,296.0,3.0,313.0,1540.0,304.40816326530603,13977.1669921875,35.18333435058594,0.5,24551.05078125,21.883333206176758,3.5,4.5,15.233333587646484,18614.666015625,2520.1714285714284,0.5923095345497131,24.8367862701416,72.25714285714285,1348.7706298828125,2250.371337890625,0.3673333525657654,954.8285714285714,6,505,1,0,0,42,15,166
0,326.0,0.7502850890159607,296.0,3.0,313.0,1680.0,301.9591836734691,14442.6669921875,34.29999923706055,0.3166666626930237,19521.033203125,20.83888816833496,3.4000000953674316,4.5,14.783333778381348,16398.22265625,2615.9142857142856,0.5961428284645081,24.903928756713867,73.08571428571429,1353.650634765625,2268.39990234375,0.4083809554576874,958.8857142857142,2,505,1,0,0,41,8,120
0,409.0,0.6431014537811279,296.0,3.0,313.0,1971.0,302.9795918367345,15353.6669921875,35.91666793823242,0.30000001192092896,20104.8671875,20.41666603088379,3.5,4.433333396911621,17.53333282470703,18760.333984375,2614.5142857142855,0.5966904759407043,24.953571319580078,72.57142857142857,1348.113037109375,2280.028564453125,0.4180000126361847,957.1142857142858,1,505,1,0,0,31,9,189
0,283.0,0.9635119438171387,296.0,3.0,313.0,1047.0,303.2653061224487,16597.0,39.54999923706055,1.75,21525.30078125,22.5,4.5,4.583333492279053,24.53333282470703,18010.166015625,2878.285714285714,0.5879285931587219,24.770118713378906,73.4,1356.3699951171875,2334.628662109375,0.30626189708709717,959.1428571428571,2,505,1,0,0,42,11,141
1,320.0,0.45039910078048706,296.0,3.0,296.0,1642.0,330.7142857142854,13896.5,29.75,1.2333333492279053,16104.68359375,20.883333206176758,4.400000095367432,4.099999904632568,29.983333587646484,17212.0,2928.3714285714286,0.6175476312637329,25.51785659790039,113.77142857142857,1359.841064453125,2148.05712890625,0.40652379393577576,940.2571428571429,0,496,1,0,1,41,12,142
0,419.5687277300226,0.5096921324729919,296.0,3.0,296.0,1189.0,330.7142857142854,15517.0,31.899999618530273,3.116666555404663,18562.533203125,22.266666412353516,4.400000095367432,4.150000095367432,27.766666412353516,18670.0,2923.942857142857,0.6191190481185913,25.520357131958008,114.57142857142857,1359.25341796875,2147.857177734375,0.4420476257801056,939.4,0,496,1,0,1,31,30,190
0,163.0,0.6328392028808594,296.0,3.0,272.0,1172.0,294.3265306122446,14570.6669921875,32.08333206176758,2.683333396911621,19129.533203125,22.16666603088379,5.099999904632568,4.099999904632568,22.566667556762695,18110.0,2946.1714285714284,0.6307619214057922,25.69416618347168,116.6,1356.6654052734375,2159.085693359375,0.49730953574180603,940.4571428571429,1,474,1,0,1,31,4,72
1,288.0,0.11060433089733124,296.0,3.0,272.0,5120.0,299.5102040816323,14083.6669921875,32.733333587646484,1.6166666746139526,19439.033203125,22.91666603088379,4.599999904632568,4.25,29.0,33995.0,2925.0,0.6371904611587524,25.781904220581055,117.34285714285714,1358.088134765625,2153.742919921875,0.5082380771636963,942.7142857142857,0,496,1,0,0,21,21,120
0,128.0,0.26567843556404114,296.0,3.0,272.0,1501.0,279.0612244897957,12699.0,27.649999618530273,0.75,14930.7001953125,21.049999237060547,4.599999904632568,4.0,32.400001525878906,18307.0,2986.3142857142857,0.6407856941223145,25.742856979370117,115.94285714285714,1363.0355224609375,2160.82861328125,0.4654761850833893,948.0857142857143,0,497,1,1,0,24,3,62
0,129.0,0.24515393376350403,296.0,3.0,272.0,1873.0,278.4897959183671,13194.3330078125,29.28333282470703,1.1666666269302368,17545.18359375,21.799999237060547,4.0,4.150000095367432,28.450000762939453,18805.166015625,3044.2,0.6556428670883179,25.838333129882812,113.62857142857143,1356.5615234375,2165.685791015625,0.4157380759716034,950.9428571428572,1,497,1,1,0,21,17,60
1,307.0,0.7251995205879211,296.0,3.0,272.0,1160.0,304.14285714285694,13951.0,30.41666603088379,0.9833333492279053,19276.30078125,22.450000762939453,4.099999904632568,3.950000047683716,29.883333206176758,18596.333984375,3122.1714285714284,0.6789761781692505,26.120119094848633,114.22857142857143,1368.728759765625,2088.8857421875,0.32671430706977844,967.5714285714286,0,497,1,0,1,42,23,149
0,147.0,0.7890536189079285,296.0,3.0,272.0,1111.0,310.8775510204079,16151.0,28.316667556762695,3.7666666507720947,18644.30078125,21.83333396911621,4.099999904632568,4.099999904632568,39.41666793823242,18164.0,3116.3714285714286,0.6937142610549927,26.26309585571289,122.2,1372.753173828125,2084.742919921875,0.16030950844287872,966.5428571428571,0,497,1,0,1,42,28,70
0,422.0,0.7172178030014038,296.0,3.0,272.0,1223.0,307.48979591836707,15587.3330078125,27.950000762939453,4.650000095367432,16346.599609375,21.58333396911621,4.300000190734863,4.099999904632568,40.650001525878906,15514.5,3090.0857142857144,0.6996190547943115,26.36107063293457,125.65714285714286,1371.2210693359375,2120.0,0.08995240181684494,964.6285714285714,0,497,1,0,1,21,2,200
0,122.0,0.7844926118850708,296.0,3.0,272.0,1047.0,293.22448979591815,13542.6669921875,31.683332443237305,1.7166666984558105,15204.533203125,22.183332443237305,4.300000190734863,4.083333492279053,34.483333587646484,16941.166015625,3133.285714285714,0.7040238380432129,26.370595932006836,127.68571428571428,1381.7633056640625,2123.428466796875,-0.11938093602657318,969.5142857142857,1,497,1,0,1,34,2,56
0,136.0,0.15051311254501343,296.0,3.0,272.0,1862.0,285.4897959183671,14771.3330078125,32.75,1.5166666507720947,16883.81640625,24.016666412353516,4.599999904632568,4.199999809265137,30.21666717529297,16612.333984375,3139.5142857142855,0.7059999704360962,26.380475997924805,127.11428571428571,1382.110107421875,2127.314208984375,-0.14885713160037994,970.6571428571428,0,497,1,0,1,41,12,63
0,185.0,0.2964652180671692,296.0,3.0,272.0,1261.0,277.5714285714283,14781.8330078125,34.41666793823242,3.8333332538604736,19198.75,23.350000381469727,3.799999952316284,4.050000190734863,30.58333396911621,20659.333984375,3140.7428571428572,0.704547643661499,26.394046783447266,124.82857142857142,1386.8427734375,2148.914306640625,-0.23342856764793396,975.7142857142857,1,497,1,0,1,31,2,86
1,307.0,0.15165336430072784,296.0,3.0,272.0,1517.0,274.6938775510202,14883.0,31.622222900390625,1.5333333015441895,14976.19921875,21.633333206176758,4.366666793823242,4.183333396911621,31.483333587646484,15855.9443359375,3159.342857142857,0.7081905007362366,26.43535804748535,126.14285714285714,1389.6865234375,2136.771484375,-0.24226191639900208,977.0,0,497,1,0,1,34,2,143
0,60.0,0.7559863328933716,296.0,3.0,272.0,1184.0,263.6326530612243,16258.5,34.81666564941406,0.8666666746139526,18008.599609375,23.83333396911621,4.5,4.183333396911621,23.299999237060547,18765.0,3167.6285714285714,0.6974047422409058,26.355953216552734,121.71428571428571,1392.3909912109375,2169.17138671875,-0.33476191759109497,980.4571428571429,0,497,1,0,1,34,5,27
0,243.0,0.6932725310325623,296.0,3.0,272.0,1245.0,261.63265306122423,14949.111328125,37.588890075683594,4.838889122009277,16268.578125,21.52777862548828,3.566666603088379,4.027778148651123,29.422222137451172,19674.83203125,3166.657142857143,0.6953095197677612,26.34940528869629,121.82857142857142,1391.2891845703125,2171.742919921875,-0.3778333365917206,979.1142857142858,0,497,1,0,1,21,17,113
0,92.0,0.6009122133255005,296.0,3.0,272.0,1089.0,261.63265306122423,14820.0,30.816667556762695,1.4333332777023315,16828.1328125,23.766666412353516,4.300000190734863,4.25,24.233333587646484,18271.333984375,3191.4857142857145,0.7005714178085327,26.359046936035156,122.68571428571428,1387.244384765625,2145.514404296875,-0.37388095259666443,976.4857142857143,1,497,1,0,1,42,9,32
1,252.0,0.4173318147659302,296.0,3.0,272.0,1229.0,251.61224489795893,16669.5,27.850000381469727,1.25,15875.9501953125,22.66666603088379,4.599999904632568,4.183333396911621,29.899999618530273,16650.666015625,3160.657142857143,0.6894761919975281,26.347143173217773,123.94285714285714,1400.1639404296875,2178.571533203125,-0.44630950689315796,980.8571428571429,0,497,1,0,1,42,14,118
0,204.0,0.8802736401557922,296.0,3.0,272.0,1054.0,242.8979591836733,13561.0,26.366666793823242,0.9833333492279053,14014.033203125,21.049999237060547,3.9000000953674316,4.083333492279053,34.13333511352539,15070.6669921875,3090.457142857143,0.6782143115997314,26.29190444946289,124.88571428571429,1404.8531494140625,2204.17138671875,-0.5257857441902161,979.5142857142857,1,497,1,1,1,24,1,95
0,132.0,0.7787913084030151,296.0,3.0,272.0,1100.0,240.34693877551007,15941.0,32.29999923706055,3.1666667461395264,14598.93359375,20.983333587646484,4.0,4.099999904632568,32.349998474121094,18060.666015625,3038.4857142857145,0.6712856888771057,26.22940444946289,127.77142857142857,1408.082763671875,2202.028564453125,-0.5540000200271606,976.1142857142858,2,497,1,1,1,42,6,61
0,224.0,0.6852907538414001,296.0,3.0,272.0,1117.0,237.97959183673458,16117.1669921875,28.683332443237305,2.0833332538604736,15367.8662109375,20.950000762939453,4.400000095367432,4.183333396911621,35.18333435058594,17559.833984375,3006.542857142857,0.6723095178604126,26.252975463867188,126.62857142857143,1407.0079345703125,2207.371337890625,-0.5880952477455139,977.3142857142857,1,497,1,1,1,42,10,95
0,53.0,0.39566704630851746,296.0,3.0,272.0,3371.0,237.04081632653043,18996.0,26.600000381469727,3.4833333492279053,16743.80078125,20.950000762939453,4.599999904632568,4.150000095367432,38.71666717529297,19164.0,2956.285714285714,0.6687856912612915,26.242143630981445,127.88571428571429,1411.59130859375,2216.028564453125,-0.6081666946411133,977.7428571428571,3,497,1,0,0,31,1,21
1,182.0,0.0034207524731755257,296.0,3.0,272.0,3435.0,235.2448979591835,13573.5,26.049999237060547,2.0333333015441895,17483.05078125,20.75,4.300000190734863,4.433333396911621,32.86666488647461,17782.0,2919.2571428571428,0.6706904768943787,26.229761123657227,126.88571428571429,1412.884033203125,2234.028564453125,-0.6606666445732117,979.5142857142857,4,497,1,0,0,34,13,67
0,81.0,0.8734321594238281,296.0,3.0,272.0,1040.0,234.26530612244883,14286.5,25.200000762939453,1.5166666507720947,15536.533203125,20.516666412353516,4.400000095367432,4.183333396911621,42.18333435058594,17298.0,2903.6,0.6564761996269226,26.15333366394043,133.77142857142857,1418.645751953125,2214.228515625,-0.6313571333885193,971.6285714285714,1,497,1,0,0,34,3,33
0,81.0,0.6282781958580017,296.0,3.0,272.0,1326.0,234.9387755102039,16220.5,24.850000381469727,1.2833333015441895,13763.599609375,21.03333282470703,4.699999809265137,4.2833333015441895,42.150001525878906,17906.5,2924.7714285714287,0.6560238003730774,26.13428497314453,133.0857142857143,1417.9696044921875,2215.628662109375,-0.6485238075256348,971.9714285714285,1,497,1,0,1,41,7,29
0,210.0,0.9509692192077637,296.0,3.0,272.0,1082.0,239.59183673469374,13809.5,29.866666793823242,1.2333333492279053,15089.0498046875,20.799999237060547,4.699999809265137,4.133333206176758,41.78333282470703,17068.0,2926.9714285714285,0.6487380862236023,26.083213806152344,135.54285714285714,1420.7401123046875,2215.71435546875,-0.6460238099098206,968.4571428571429,0,497,1,0,1,42,11,97
1,332.0,0.0045610032975673676,296.0,3.0,272.0,2856.0,245.42857142857127,17126.333984375,29.383333206176758,2.049999952316284,16126.400390625,21.149999618530273,4.099999904632568,4.2833333015441895,36.75,16095.3330078125,2945.8285714285716,0.6521904468536377,26.177499771118164,137.34285714285716,1416.185302734375,2217.1142578125,-0.647761881351471,965.2571428571429,0,497,1,0,1,41,20,122
0,263.0,0.0,296.0,3.0,272.0,3744.0,250.71428571428555,13793.1669921875,31.266666412353516,3.4000000953674316,14703.783203125,22.97222137451172,5.166666507720947,4.605555534362793,32.511112213134766,35098.66796875,2940.1809523808915,0.6553332805633545,26.163808822631836,138.09523809524114,1416.35107421875,2214.86669921875,-0.6527698636054993,964.6666666666749,0,497,1,0,1,31,10,96
1,274.0640889865133,0.01254275906831026,296.0,3.0,272.0,5487.0,253.67346938775498,14718.3330078125,29.266666412353516,2.8333332538604736,14267.599609375,21.21666717529297,4.199999809265137,4.2833333015441895,42.599998474121094,14560.5,2940.0,0.6441904902458191,26.0865478515625,138.8,1418.7652587890625,2224.800048828125,-0.6426666975021362,961.6857142857143,0,476,1,0,0,31,11,102
0,201.0,0.7651083469390869,296.0,3.0,293.0,1061.0,263.1224489795917,15934.6669921875,28.350000381469727,1.600000023841858,15028.93359375,20.83333396911621,4.300000190734863,3.9833333492279053,38.733333587646484,17138.166015625,2991.6857142857143,0.6339523792266846,25.912738800048828,135.2,1416.9141845703125,2249.54296875,-0.6179285645484924,960.0857142857143,0,476,1,0,1,42,15,89
0,90.0,0.18586088716983795,296.0,3.0,293.0,1600.0,268.75510204081615,14403.3330078125,24.899999618530273,1.7333333492279053,14210.099609375,20.566667556762695,4.099999904632568,4.199999809265137,42.25,15426.0,3015.714285714286,0.6298094987869263,25.87607192993164,135.25714285714287,1419.035400390625,2258.8857421875,-0.6399285793304443,959.7142857142857,6,476,1,0,1,41,11,33
0,136.0,0.4583808481693268,296.0,3.0,293.0,1219.0,274.85714285714266,15636.0,30.08333396911621,1.5499999523162842,13893.2666015625,20.28333282470703,4.199999809265137,4.083333492279053,42.983333587646484,15847.3330078125,3021.457142857143,0.6293095350265503,25.876785278320312,134.34285714285716,1420.4237060546875,2260.05712890625,-0.6575714349746704,961.0571428571428,2,476,1,0,1,42,11,51
0,261.05338668622977,0.9007982015609741,296.0,3.0,293.0,1089.0,278.83673469387736,17721.5,26.33333396911621,5.733333110809326,14500.3662109375,21.28333282470703,4.5,3.9833333492279053,48.18333435058594,16948.5,3044.9714285714285,0.6257380843162537,25.80202293395996,134.62857142857143,1424.263916015625,2269.514404296875,-0.6494285464286804,960.6571428571428,2,476,1,0,1,41,14,123
0,238.0,0.8848346471786499,296.0,3.0,293.0,1042.0,280.65306122448953,15779.3330078125,20.866666793823242,3.3333332538604736,12913.349609375,20.08333396911621,4.099999904632568,4.050000190734863,43.88333511352539,16030.0,3069.114285714286,0.6308571696281433,25.830951690673828,132.6,1427.2449951171875,2272.914306640625,-0.6522856950759888,965.6571428571428,1,476,1,0,1,42,15,111
0,299.0,0.7970353364944458,296.0,3.0,293.0,1106.0,286.9387755102038,16477.833984375,31.0,2.5999999046325684,14354.099609375,23.733333587646484,4.5,4.0333333015441895,43.81666564941406,18085.833984375,3099.0857142857144,0.6413809657096863,25.852262496948242,128.88571428571427,1422.1312255859375,2265.60009765625,-0.681238055229187,968.8285714285714,0,476,1,0,1,42,7,139
0,207.0,0.5074116587638855,296.0,3.0,293.0,1144.0,284.85714285714266,17316.333984375,29.450000762939453,1.2166666984558105,16712.19921875,19.933332443237305,3.9000000953674316,4.083333492279053,52.766666412353516,16985.0,3141.285714285714,0.6613571643829346,25.963809967041016,125.88571428571429,1424.8203125,2244.82861328125,-0.7299047708511353,977.2571428571429,0,476,1,0,0,41,10,93
0,193.0,0.8301026225090027,296.0,3.0,293.0,1130.0,284.85714285714266,18072.77734375,32.02777862548828,3.905555486679077,15316.599609375,20.450000762939453,4.300000190734863,4.050000190734863,51.33888626098633,18170.0,3082.3714285714286,0.6608095169067383,25.893571853637695,124.8,1424.1395263671875,2238.685791015625,-0.737761914730072,976.8571428571429,0,476,1,0,1,31,2,90
0,172.0,0.3500570058822632,296.0,3.0,293.0,1535.0,282.3877551020406,14857.3330078125,31.91666603088379,2.9166667461395264,15064.7333984375,20.299999237060547,4.400000095367432,4.183333396911621,50.0,18695.333984375,3042.5142857142855,0.6636666655540466,25.8992862701416,123.77142857142857,1420.83740234375,2255.857177734375,-0.729190468788147,979.7142857142857,0,476,1,0,1,41,6,74
0,89.0,0.8734321594238281,296.0,3.0,293.0,1249.0,250.93877551020387,16027.6669921875,28.03333282470703,2.566666603088379,16385.31640625,22.03333282470703,4.599999904632568,4.183333396911621,49.650001525878906,20774.333984375,2631.0,0.7086190581321716,26.079166412353516,124.34285714285714,1415.29541015625,2328.82861328125,-0.4097142815589905,984.8,0,476,1,1,0,42,31,38
0,22.0,0.08665906637907028,296.0,3.0,293.0,6998.0,244.1020408163263,16957.333984375,27.799999237060547,5.75,24397.166015625,25.850000381469727,4.599999904632568,4.433333396911621,26.683332443237305,31504.333984375,2725.1714285714284,0.7268333435058594,26.191070556640625,116.65714285714286,1411.5360107421875,2372.428466796875,-0.4248095452785492,995.8857142857142,6,476,1,1,0,34,4,10
0,95.0,0.1220068410038948,296.0,3.0,293.0,6931.0,240.0612244897957,27909.666015625,23.71666717529297,2.816666603088379,23385.56640625,26.700000762939453,5.099999904632568,4.483333110809326,40.900001525878906,38034.0,2838.8285714285716,0.7557619214057922,26.31011962890625,112.31428571428572,1407.5523681640625,2413.8857421875,-0.32059523463249207,1004.9142857142857,5,476,1,1,0,34,14,35
0,122.0,0.42987456917762756,296.0,3.0,293.0,3752.0,240.46938775510182,15630.22265625,29.788888931274414,1.5111111402511597,15359.3388671875,21.077777862548828,4.433333396911621,4.222221851348877,50.2944450378418,18778.556640625,2941.904761904762,0.7239285707473755,26.11567497253418,122.57142857142856,1418.8797607421875,2414.323974609375,-0.21717460453510284,992.6571428571428,0,476,1,0,1,24,31,52
0,6.0,0.11060433089733124,296.0,3.0,293.0,2862.0,245.1836734693876,17407.5,33.43333435058594,1.100000023841858,17891.599609375,23.616666793823242,4.400000095367432,4.650000095367432,40.599998474121094,19676.0,3007.342857142857,0.7364524006843567,26.18642807006836,118.34285714285714,1416.8511962890625,2437.142822265625,-0.24461902678012848,1000.0285714285715,2,476,1,0,1,34,2,3
0,156.0,0.3705815374851227,296.0,3.0,293.0,4948.0,250.57142857142844,15764.3330078125,36.56666564941406,0.7666666507720947,17885.8828125,23.233333587646484,4.800000190734863,4.2833333015441895,41.53333282470703,20003.166015625,3103.9142857142856,0.7400952577590942,26.150238037109375,117.91428571428571,1417.4656982421875,2450.6572265625,-0.26564285159111023,1000.9142857142857,1,476,1,0,1,42,5,64
0,178.0,0.18015962839126587,296.0,3.0,293.0,9553.0,261.9999999999999,18846.333984375,36.650001525878906,1.5833333730697632,25617.3828125,24.08333396911621,4.599999904632568,4.366666793823242,38.68333435058594,31326.833984375,3191.1714285714284,0.7615476250648499,26.27559471130371,119.54285714285714,1419.6544189453125,2454.857177734375,-0.34802383184432983,1005.0285714285715,0,476,1,0,1,21,35,63
0,112.0,0.5324971675872803,296.0,3.0,293.0,4572.0,274.24489795918356,15346.6669921875,35.400001525878906,1.1666666269302368,15962.31640625,22.116666793823242,4.800000190734863,4.183333396911621,40.79999923706055,18714.666015625,3271.4,0.7642619013786316,26.26095199584961,119.65714285714286,1419.113525390625,2459.428466796875,-0.3924523890018463,1003.6285714285714,0,476,1,0,1,34,6,42
0,115.0,0.624857485294342,296.0,3.0,293.0,1480.0,283.3061224489794,14784.8330078125,38.71666717529297,1.8333333730697632,16069.2666015625,21.549999237060547,4.0,4.150000095367432,41.70000076293945,19034.166015625,3301.4,0.7367857098579407,25.99738121032715,125.71428571428571,1423.3831787109375,2428.1142578125,-0.3248095214366913,991.4857142857143,0,476,1,0,1,31,35,44
0,329.0,0.825541615486145,296.0,3.0,293.0,1308.0,292.77551020408146,15339.1669921875,40.266666412353516,1.9666666984558105,15915.6162109375,20.950000762939453,3.799999952316284,4.183333396911621,33.79999923706055,18533.166015625,3341.057142857143,0.7239999771118164,25.888214111328125,127.11428571428571,1422.9940185546875,2415.6572265625,-0.33995237946510315,984.8571428571429,0,476,1,1,0,21,6,157
0,179.0,0.9486886858940125,296.0,3.0,293.0,1061.0,308.6938775510202,16468.666015625,36.41666793823242,3.6500000953674316,18377.466796875,24.266666412353516,4.300000190734863,4.083333492279053,25.600000381469727,20208.5,3435.1714285714284,0.7426905035972595,26.05261993408203,130.34285714285716,1426.143798828125,2418.428466796875,-0.35483333468437195,987.9142857142857,1,476,1,0,1,11,16,91
0,263.0,0.9144811630249023,296.0,3.0,293.0,1040.0,312.2448979591834,16723.443359375,33.42222213745117,1.2944444417953491,15366.6005859375,21.71666717529297,3.9666666984558105,4.0611114501953125,36.86666488647461,16824.27734375,3458.4,0.7538571357727051,26.136310577392578,133.42857142857142,1422.8740234375,2398.39990234375,-0.3612380921840668,986.2,0,476,1,0,0,21,10,110
0,234.0,0.7936145663261414,296.0,3.0,293.0,1210.0,293.7551020408162,13089.6669921875,27.816667556762695,5.25,15589.1337890625,21.733333587646484,4.800000190734863,4.2833333015441895,42.11666488647461,19517.833984375,3352.8,0.8445714116096497,26.157499313354492,155.57142857142858,1432.8729248046875,2121.571533203125,3.0392143726348877,990.9714285714285,0,476,1,0,1,31,2,121
0,242.0,0.8711516261100769,296.0,3.0,293.0,1047.0,276.2857142857141,12386.6669921875,30.566667556762695,1.5833333730697632,17211.69921875,21.933332443237305,4.5,4.183333396911621,44.91666793823242,20865.666015625,3318.6,0.8768333196640015,26.23642921447754,162.5142857142857,1438.924072265625,2132.971435546875,2.6742618083953857,997.7142857142857,0,476,1,0,1,31,1,126
0,,0.4515393376350403,296.0,3.0,293.0,1612.0,263.8163265306121,13109.5,27.233333587646484,2.616666555404663,18659.5,22.899999618530273,5.099999904632568,4.400000095367432,45.88333511352539,23676.166015625,3306.6,0.9013095498085022,26.328927993774414,166.02857142857144,1441.5411376953125,2123.771484375,2.4430713653564453,1000.8285714285714,0,476,1,1,1,31,6,
0,31.0,0.312428742647171,296.0,3.0,293.0,1754.0,259.71428571428555,14051.8330078125,30.96666717529297,1.399999976158142,17006.833984375,22.200000762939453,4.0,4.2833333015441895,44.58333206176758,21612.0,3286.2285714285713,0.9382619261741638,26.664880752563477,171.2,1449.1019287109375,2102.142822265625,2.2483808994293213,1011.1142857142858,1,476,1,1,1,42,15,15
0,105.0,0.19042189419269562,296.0,3.0,293.0,2925.0,271.38775510204056,14755.3330078125,29.316667556762695,2.3499999046325684,18302.43359375,22.233333587646484,5.199999809265137,4.25,45.516666412353516,20780.833984375,3126.6,0.9870952367782593,26.789047241210938,175.0,1448.4227294921875,2146.60009765625,1.7291427850723267,1017.2,3,476,1,1,0,21,2,59
0,93.0,0.04446978494524956,296.0,3.0,293.0,4010.0,271.38775510204056,14396.0,31.383333206176758,3.2666666507720947,18196.6171875,21.66666603088379,4.900000095367432,4.233333110809326,42.04999923706055,20306.666015625,3126.6,0.9870952367782593,26.789047241210938,175.0,1448.4227294921875,2146.60009765625,1.7291427850723267,1017.2,3,476,1,1,0,31,1,52
0,69.0,0.9338654279708862,296.0,3.0,293.0,1038.0,274.16326530612224,13062.6669921875,29.100000381469727,3.1500000953674316,16499.6328125,21.616666793823242,4.5,4.183333396911621,46.650001525878906,19328.0,3085.714285714286,0.9959523677825928,26.8459529876709,180.71428571428572,1453.78173828125,2122.54296875,1.6302143335342407,1021.0,0,476,1,1,0,42,4,36
0,25.0,0.972633957862854,296.0,3.0,229.0,1047.0,269.4489795918365,14722.1669921875,29.58333396911621,2.2166666984558105,17711.833984375,22.200000762939453,4.0,4.233333110809326,50.33333206176758,20396.5,2896.657142857143,1.0218809843063354,26.60285758972168,190.62857142857143,1452.268310546875,2148.05712890625,1.1227619647979736,1019.4285714285714,1,481,1,1,0,24,35,10
0,285.0,0.6579247713088989,296.0,3.0,283.0,1138.0,260.7959183673467,12138.0,32.95000076293945,12.833333015441895,22940.466796875,27.950000762939453,6.199999809265137,4.75,32.28333282470703,31212.666015625,2674.2285714285713,1.0587856769561768,25.687381744384766,216.4,1463.65234375,2222.60009765625,0.4286428689956665,1034.0857142857142,0,507,1,0,0,15,7,156
0,173.0,0.6225769519805908,296.0,3.0,229.0,1184.0,256.4285714285712,14159.0,32.95000076293945,10.183333396911621,24681.283203125,30.78333282470703,6.5,4.683333396911621,34.75,32543.666015625,2591.942857142857,1.1494286060333252,26.6969051361084,228.85714285714286,1469.102783203125,2208.428466796875,0.3225238025188446,1051.6857142857143,0,481,1,0,0,15,15,77
0,93.0,0.5119726061820984,296.0,3.0,283.0,1172.0,256.77551020408146,14653.3330078125,32.849998474121094,5.833333492279053,16583.083984375,24.950000762939453,4.699999809265137,4.583333492279053,42.68333435058594,25354.833984375,2582.457142857143,1.1608572006225586,26.792261123657227,226.2,1467.0130615234375,2225.94287109375,0.34316664934158325,1055.1714285714286,1,507,1,0,1,21,3,36
0,222.0,0.5461801886558533,296.0,3.0,283.0,1232.0,246.16326530612233,13503.6669921875,28.66666603088379,4.766666889190674,18240.80078125,23.450000762939453,4.599999904632568,4.699999809265137,40.099998474121094,24657.333984375,2646.1714285714284,1.1825714111328125,26.98345184326172,233.11428571428573,1474.2095947265625,2211.142822265625,0.2877380847930908,1058.2571428571428,5,507,1,0,1,31,7,88
0,,0.045610032975673676,296.0,3.0,283.0,3525.0,239.12244897959172,14619.6669921875,32.20000076293945,2.4833333492279053,18742.43359375,23.316667556762695,4.599999904632568,4.550000190734863,40.983333587646484,23874.666015625,2812.8571428571427,1.2110952138900757,27.072738647460938,227.82857142857142,1477.8756103515625,2210.05712890625,0.16921429336071014,1078.5428571428572,6,507,1,0,0,31,6,
1,212.0,0.149372860789299,296.0,3.0,283.0,4048.0,236.32653061224477,13700.0,34.25555419921875,4.655555248260498,17172.734375,23.627777099609375,4.599999904632568,4.650000095367432,38.13333511352539,19979.0,2831.542857142857,1.1994285583496094,27.079524993896484,224.62857142857143,1473.8621826171875,2215.0,0.24478571116924286,1074.2571428571428,1,507,1,0,0,41,12,85
0,74.0,0.0,296.0,3.0,283.0,1464.0,240.04081632653046,12888.888671875,34.2055549621582,4.861111164093018,21684.3671875,23.622222900390625,4.866666793823242,4.494444370269775,37.738887786865234,25301.66796875,2893.457142857143,1.1518571376800537,26.737619400024414,224.34285714285716,1476.162353515625,2174.94287109375,0.22950001060962677,1065.857142857143,2,507,1,0,0,21,6,28
0,57.0,0.32041049003601074,267.0,4.0,283.0,1130.0,244.51020408163248,12694.6669921875,33.599998474121094,3.066666603088379,16452.033203125,22.649999618530273,4.900000095367432,4.7833333015441895,34.66666793823242,19838.833984375,2970.457142857143,1.1449761390686035,26.72083282470703,224.25714285714287,1481.8375244140625,2122.685791015625,0.15104761719703674,1068.7428571428572,1,507,1,0,0,31,9,20
0,118.0,0.8608893752098083,267.0,4.0,283.0,1423.0,238.68027210884088,12176.0,24.061111450195312,5.672222137451172,14905.7705078125,21.072221755981445,4.633333206176758,4.877777576446533,51.661109924316406,19266.240234375,3156.5142857142855,1.0199999809265137,26.382858276367188,212.28571428571428,1507.3834228515625,2011.7427978515625,-0.8667142987251282,1062.9142857142858,3,507,1,1,0,24,2,56
0,209.0,0.9509692192077637,267.0,4.0,283.0,1326.0,213.16326530612227,12086.0,27.83333396911621,4.0,17857.900390625,25.483333587646484,5.300000190734863,4.766666889190674,34.849998474121094,23974.333984375,3176.0857142857144,0.9454047679901123,25.807737350463867,229.65714285714284,1512.680908203125,2056.60009765625,-0.008452377282083035,1028.7714285714285,0,507,1,1,0,21,8,105
0,204.0,0.798175573348999,267.0,4.0,283.0,1607.0,207.53061224489778,11424.6669921875,30.21666717529297,4.416666507720947,19197.732421875,27.799999237060547,6.099999904632568,4.983333110809326,32.766666412353516,34340.33203125,3155.657142857143,0.9398571252822876,25.99190330505371,241.6,1551.8883056640625,2036.771484375,0.007857142947614193,1040.5428571428572,0,507,1,1,0,21,19,79
0,135.0,0.9076396822929382,267.0,4.0,283.0,1061.0,207.2448979591835,11955.5,24.483333587646484,5.266666889190674,19267.44921875,25.5,5.800000190734863,4.983333110809326,38.08333206176758,24117.333984375,3129.942857142857,0.9203809499740601,25.861547470092773,237.62857142857143,1546.394775390625,2036.5714111328125,-0.043571434915065765,1035.3714285714286,0,507,1,1,0,31,8,64
1,290.0,0.01254275906831026,267.0,4.0,283.0,1768.0,215.28571428571402,,,,,,,,,,3001.457142857143,0.9241904616355896,26.123332977294922,247.77142857142857,1591.6593017578125,2007.971435546875,-0.07566667348146439,1057.3142857142857,0,518,1,0,0,34,20,122
0,294.0,0.37514254450798035,267.0,4.0,229.0,3016.0,222.9183673469386,11143.5,30.516666412353516,9.233333587646484,19368.05078125,26.133333206176758,6.199999809265137,4.75,30.25,27403.0,3062.4285714285716,0.8337380886077881,25.062856674194336,233.37142857142857,1550.1033935546875,2027.6571044921875,-0.21466666460037231,1016.0,0,481,1,1,0,41,33,128
0,13.0,0.2428734302520752,267.0,4.0,260.0,6182.0,191.85714285714272,11862.8330078125,28.08333396911621,6.233333110809326,17952.833984375,22.28333282470703,5.099999904632568,5.116666793823242,36.56666564941406,20929.5,2924.542857142857,0.8467381000518799,25.537738800048828,263.8285714285714,1603.8116455078125,1944.1142578125,-0.6416666507720947,1027.057142857143,17,518,1,1,0,31,35,7
1,144.0,0.45610034465789795,267.0,4.0,260.0,3924.0,182.97959183673458,14739.1669921875,26.21666717529297,6.066666603088379,16729.44921875,24.53333282470703,5.099999904632568,4.983333110809326,42.43333435058594,23486.833984375,2902.057142857143,0.8748809695243835,25.84940528869629,263.0285714285714,1574.3792724609375,1949.6856689453125,-0.641952395439148,1022.4285714285714,3,518,1,0,0,41,5,51
0,68.0,0.0,267.0,4.0,260.0,3554.0,175.24489795918356,12166.0,29.633333206176758,5.099999904632568,16432.30078125,25.133333206176758,5.699999809265137,5.0,41.96666717529297,20925.0,2875.3714285714286,0.8708571195602417,25.832500457763672,263.8,1570.3865966796875,1952.771484375,-0.5954047441482544,1018.1142857142858,4,518,1,0,0,34,3,25
0,19.0,0.0,267.0,4.0,260.0,1796.0,167.9999999999999,12717.5,27.71666717529297,6.599999904632568,14449.75,23.46666717529297,5.199999809265137,4.949999809265137,42.31666564941406,22986.5,2890.3142857142857,0.8599047660827637,25.747499465942383,266.37142857142857,1597.2353515625,1940.6571044921875,-0.5854285359382629,1027.057142857143,3,518,1,0,0,24,6,7
0,76.0,0.11060433089733124,267.0,4.0,229.0,4265.0,161.6122448979591,10193.0,27.649999618530273,6.066666603088379,14643.150390625,20.883333206176758,4.5,4.883333206176758,42.96666717529297,20075.833984375,2831.057142857143,0.8810714483261108,25.929285049438477,266.8,1572.923828125,1944.4285888671875,-0.6060476303100586,1020.6285714285714,3,481,1,0,0,21,18,29
0,142.0,0.009122006595134735,267.0,4.0,229.0,3557.0,155.28571428571416,14161.0,29.149999618530273,5.666666507720947,16766.900390625,22.08333396911621,4.900000095367432,4.800000190734863,44.53333282470703,18825.0,2814.3142857142857,0.8795714378356934,25.86380958557129,266.1142857142857,1569.5767822265625,1950.17138671875,-0.6006666421890259,1017.8571428571429,3,481,1,0,0,41,10,56
0,87.0,0.7673888206481934,267.0,4.0,260.0,2853.0,151.75510204081618,10030.1669921875,32.71666717529297,8.533333778381348,18746.69921875,26.200000762939453,6.0,4.699999809265137,31.866666793823242,32594.166015625,2750.8571428571427,0.8066666722297668,24.88892936706543,263.8285714285714,1587.7279052734375,1944.971435546875,-0.5693809390068054,1003.5142857142857,3,518,1,0,0,21,7,32
0,121.0,0.0,267.0,4.0,229.0,10565.0,150.3265306122448,13443.3330078125,26.883333206176758,3.9666666984558105,17240.533203125,23.799999237060547,5.400000095367432,5.0333333015441895,43.36666488647461,22670.5,2660.1714285714284,0.869690477848053,25.801191329956055,269.8857142857143,1571.0198974609375,1929.085693359375,-0.5988571643829346,1015.7142857142857,4,481,1,0,0,24,5,47
0,141.0,0.028506271541118622,267.0,4.0,229.0,10585.0,146.08163265306112,12794.5556640625,29.855554580688477,2.8388888835906982,14897.2666015625,21.52777862548828,5.0,4.816666603088379,44.755558013916016,18803.9453125,2660.1714285714284,0.869690477848053,25.801191329956055,269.8857142857143,1571.0198974609375,1929.085693359375,-0.5988571643829346,1015.7142857142857,4,481,1,0,0,41,9,52
0,63.0,0.0,267.0,4.0,229.0,1760.0,142.95918367346925,10833.5,30.5,1.7833333015441895,16406.31640625,22.266666412353516,4.699999809265137,5.0,42.56666564941406,21706.0,2535.4857142857145,0.8644999861717224,25.70916748046875,279.57142857142856,1580.5625,1914.6571044921875,-0.5846666693687439,1012.7428571428571,3,481,1,0,0,21,2,25
0,103.0,0.0022805016487836838,267.0,4.0,260.0,7400.0,138.40816326530603,11575.3330078125,29.03333282470703,7.0,14869.2001953125,23.33333396911621,4.800000190734863,4.900000095367432,42.38333511352539,19897.666015625,2476.2285714285713,0.8871904611587524,25.9853572845459,283.0285714285714,1567.506103515625,1920.085693359375,-0.6648571491241455,1010.7428571428571,7,518,1,0,0,41,6,40
0,109.0,0.06157354637980461,267.0,4.0,260.0,3636.0,135.85714285714278,11258.5,24.200000762939453,4.733333110809326,16110.349609375,22.549999237060547,4.800000190734863,4.900000095367432,50.38333511352539,22567.0,2357.5714285714284,0.8809285759925842,25.892620086669922,292.2857142857143,1575.68603515625,1905.971435546875,-0.6369761824607849,1003.2857142857143,4,518,1,0,0,41,9,40
0,90.0,0.07297605276107788,267.0,4.0,260.0,2745.0,134.71428571428564,12136.3330078125,25.016666412353516,5.349999904632568,15188.466796875,24.28333282470703,5.0,4.900000095367432,49.0,19397.166015625,2245.2285714285713,0.9028571248054504,26.110952377319336,303.22857142857146,1573.0350341796875,1901.6285400390625,-0.6281904578208923,996.8,4,518,1,0,0,21,2,41
0,125.0,0.11972633749246597,267.0,4.0,260.0,7762.0,132.87755102040805,13476.6669921875,29.46666717529297,6.016666889190674,14279.599609375,22.649999618530273,5.0,4.933333396911621,45.20000076293945,23106.333984375,2243.7714285714287,0.8950952291488647,26.062618255615234,302.42857142857144,1582.969482421875,1897.3714599609375,-0.6334047913551331,1000.5142857142857,3,518,1,0,0,41,9,56
0,117.0,0.0,267.0,4.0,229.0,2926.0,130.87755102040805,12029.0,26.33333396911621,6.483333110809326,15265.06640625,20.53333282470703,4.699999809265137,5.099999904632568,49.16666793823242,18594.5,2159.2,0.902904748916626,26.128570556640625,312.2,1593.833984375,1880.5999755859375,-0.627476155757904,1000.0285714285715,4,481,1,0,0,41,19,50
0,34.0,0.1413911134004593,267.0,4.0,229.0,6132.0,128.81632653061214,12789.3330078125,26.816667556762695,4.5333333015441895,13950.533203125,23.133333206176758,4.800000190734863,4.883333206176758,48.36666488647461,18824.0,2015.8857142857144,0.9268333315849304,26.265594482421875,323.54285714285714,1582.7669677734375,1883.2857666015625,-0.6202142834663391,989.7428571428571,3,481,1,0,0,21,2,12
0,52.0,0.36716076731681824,267.0,4.0,260.0,14527.0,130.06521739130423,10846.1669921875,26.683332443237305,6.9666666984558105,14500.283203125,21.96666717529297,4.5,4.983333110809326,50.29999923706055,17793.666015625,1937.3142857142857,0.9285714030265808,26.239524841308594,330.54285714285714,1588.05419921875,1878.8857421875,-0.6181190609931946,985.4285714285714,7,518,1,0,0,31,3,21
0,83.71386380480676,0.16305586695671082,267.0,4.0,229.0,17756.0,131.128205128205,12232.3330078125,27.116666793823242,4.9666666984558105,15996.1669921875,23.883333206176758,4.599999904632568,5.083333492279053,49.13333511352539,18605.333984375,1903.6571428571428,0.9347857236862183,26.257381439208984,331.57142857142856,1580.1431884765625,1883.5714111328125,-0.6065476536750793,981.5714285714286,6,481,1,0,0,21,4,36
0,87.0,0.08323831111192703,267.0,4.0,229.0,32767.0,115.55555555555543,12205.5,27.549999237060547,6.0333333015441895,14999.6669921875,22.600000381469727,4.199999809265137,5.099999904632568,44.233333587646484,20880.0,1856.0,0.9834523797035217,26.36273765563965,348.62857142857143,1584.61669921875,1855.228515625,-0.538095235824585,981.4571428571429,0,518,1,0,0,41,10,41
0,89.0,0.010262257419526577,267.0,4.0,229.0,32767.0,119.67567567567552,10848.0,25.266666412353516,7.449999809265137,14512.7998046875,21.066667556762695,4.5,5.050000190734863,45.63333511352539,17440.0,1969.8857142857144,0.9523095488548279,25.90226173400879,348.85714285714283,1626.101806640625,1799.5999755859375,-0.5323571562767029,987.2571428571429,3,481,1,0,0,21,14,44
0,103.0,0.0011402508243918419,267.0,4.0,229.0,32767.0,119.67567567567552,10301.5,25.950000762939453,4.2166666984558105,16193.400390625,25.766666412353516,5.5,5.199999809265137,38.349998474121094,19692.833984375,1916.6857142857143,0.9365237951278687,25.671785354614258,350.0,1622.9949951171875,1802.4571533203125,-0.5275000333786011,976.4,7,481,1,0,0,21,10,46
0,61.0,0.013683009892702103,267.0,4.0,229.0,32767.0,119.6363636363635,10757.6669921875,25.433332443237305,5.316666603088379,16647.75,24.116666793823242,4.800000190734863,5.133333206176758,37.650001525878906,19895.0,1905.2,0.9112856984138489,25.273452758789062,340.85714285714283,1613.7073974609375,1814.05712890625,-0.5423333048820496,968.0285714285715,3,481,1,0,0,31,9,24
0,241.0,0.8939566612243652,286.0,2.0,313.0,1072.0,292.04255319148905,13948.1669921875,34.95000076293945,0.8999999761581421,16998.3671875,22.03333282470703,3.700000047683716,4.699999809265137,28.0,17587.333984375,1541.3142857142857,0.6917142868041992,25.503808975219727,91.37142857142857,1387.9752197265625,1844.82861328125,-0.9728809595108032,976.8571428571429,0,505,1,0,1,31,7,126
0,327.0,0.6453819870948792,286.0,2.0,313.0,1344.0,293.2499999999998,16674.166015625,28.66666603088379,1.2333333492279053,20806.599609375,23.41666603088379,3.9000000953674316,4.800000190734863,27.433332443237305,28237.166015625,1515.4857142857143,0.6976190209388733,25.513214111328125,97.54285714285714,1384.69677734375,1812.0,-1.0229047536849976,969.7714285714286,0,505,1,0,1,31,14,145
1,92.0,0.06841505318880081,286.0,2.0,313.0,2326.0,287.67346938775484,16367.5,30.600000381469727,0.6166666746139526,16670.166015625,23.633333206176758,5.199999809265137,4.800000190734863,27.950000762939453,58359.33203125,1552.4857142857143,0.67935711145401,25.512500762939453,93.02857142857142,1379.15234375,1865.82861328125,-1.052404761314392,968.4857142857143,0,469,1,0,0,41,12,35
0,245.0,0.5496008992195129,286.0,2.0,302.0,1593.0,292.9183673469386,14601.5,32.08333206176758,1.0333333015441895,15194.7392578125,23.066665649414062,4.400000095367432,4.699999809265137,28.172222137451172,47443.83203125,1525.4857142857143,0.6906904578208923,25.54142951965332,100.57142857142857,1384.43115234375,1812.5714111328125,-1.1070475578308105,966.4,1,469,1,0,0,41,13,93
0,255.0,0.8415051102638245,286.0,2.0,313.0,1147.0,288.26530612244875,14454.5,32.20000076293945,0.44999998807907104,19604.75,21.316667556762695,3.9000000953674316,4.699999809265137,28.53333282470703,28627.0,1561.4285714285713,0.658047616481781,25.374643325805664,96.88571428571429,1379.7513427734375,1866.2572021484375,-1.101261854171753,960.8857142857142,0,505,1,0,0,21,7,96
0,315.0,0.9270239472389221,286.0,2.0,313.0,1045.0,294.3877551020406,14604.5,28.66666603088379,2.049999952316284,25892.80078125,24.433332443237305,4.199999809265137,4.633333206176758,26.71666717529297,18638.0,1559.4857142857143,0.6595476269721985,25.346786499023438,98.22857142857143,1378.0316162109375,1844.142822265625,-1.1118571758270264,958.4571428571429,0,505,1,0,0,42,24,165
0,329.0,0.932725191116333,286.0,2.0,313.0,1061.0,292.85714285714266,19524.666015625,28.16666603088379,2.0999999046325684,19037.767578125,22.96666717529297,4.099999904632568,4.699999809265137,27.549999237060547,21566.0,1578.7142857142858,0.644428551197052,25.246904373168945,97.68571428571428,1377.2142333984375,1853.3428955078125,-1.0967142581939697,955.3428571428572,1,505,1,0,0,42,16,172
0,202.0,0.7411630749702454,296.0,3.0,313.0,1430.0,307.53061224489767,16207.1669921875,29.96666717529297,1.8333333730697632,19485.43359375,21.649999618530273,3.5999999046325684,4.800000190734863,23.433332443237305,19913.666015625,1579.6285714285714,0.6417381167411804,25.198928833007812,101.02857142857142,1371.319580078125,1824.0,-1.0815000534057617,947.2857142857143,2,505,1,0,0,31,5,76
0,373.0,0.9578106999397278,296.0,3.0,313.0,1038.0,320.8979591836732,16523.5,33.95000076293945,2.049999952316284,20247.267578125,24.066667556762695,3.9000000953674316,5.099999904632568,21.799999237060547,22706.166015625,1608.5428571428572,0.6270952224731445,25.039880752563477,98.85714285714286,1378.769775390625,1797.800048828125,-0.9910237789154053,949.9142857142857,1,505,1,0,1,21,30,194
0,448.0,0.9452679753303528,296.0,3.0,313.0,1052.0,330.77551020408134,19605.333984375,34.45000076293945,6.583333492279053,22455.93359375,26.350000381469727,4.800000190734863,5.0,19.566667556762695,24676.666015625,1661.942857142857,0.6100476384162903,24.837142944335938,92.42857142857143,1373.0108642578125,1816.4571533203125,-0.7213809490203857,947.0,1,505,1,1,0,31,15,231
0,254.0,0.48916763067245483,296.0,3.0,313.0,2648.0,339.08163265306104,14132.5,27.299999237060547,0.25,17746.083984375,20.75,3.700000047683716,4.699999809265137,30.549999237060547,19272.0,1770.857142857143,0.6083571314811707,25.006427764892578,78.34285714285714,1348.7718505859375,1908.8857421875,-0.38202381134033203,949.4285714285714,0,505,1,0,0,42,6,102
0,330.0,0.25997719168663025,296.0,3.0,313.0,2334.0,340.93877551020387,14277.2216796875,29.616666793823242,2.383333444595337,18013.0546875,21.299999237060547,3.6666665077209473,4.55555534362793,29.78333282470703,27082.333984375,1782.0857142857142,0.6040714383125305,24.97702407836914,77.02857142857142,1344.4462890625,1918.94287109375,-0.3845714330673218,947.2,0,505,1,0,0,42,6,132
0,383.0,0.8187001347541809,296.0,3.0,313.0,1100.0,338.77551020408134,13057.0,30.183332443237305,0.9666666388511658,16839.267578125,21.399999618530273,3.5999999046325684,4.650000095367432,36.75,17990.666015625,1831.8,0.5950000286102295,24.843809127807617,74.25714285714285,1359.7982177734375,1962.028564453125,-0.259380966424942,956.8,0,505,1,0,0,41,21,194
0,241.0,0.8449258804321289,296.0,3.0,313.0,1106.0,338.77551020408134,13118.0,30.433332443237305,1.3166667222976685,16780.099609375,21.28333282470703,3.5999999046325684,4.699999809265137,35.56666564941406,19321.0,1831.8,0.5950000286102295,24.843809127807617,74.25714285714285,1359.7982177734375,1962.028564453125,-0.259380966424942,956.8,1,505,1,0,0,41,29,122
0,353.0,0.9669327139854431,296.0,3.0,313.0,1044.0,336.93877551020387,14480.8330078125,29.049999237060547,1.7000000476837158,17305.583984375,22.566667556762695,3.5999999046325684,4.75,33.233333587646484,19848.333984375,1895.857142857143,0.5862143039703369,24.732500076293945,68.94285714285714,1364.96337890625,2019.5428466796875,-0.13023808598518372,962.3428571428572,0,505,1,0,0,31,30,178
0,304.0,0.9236031770706177,296.0,3.0,313.0,1072.0,335.5918367346935,15593.1669921875,30.850000381469727,1.5666667222976685,19822.833984375,21.866666793823242,3.5,4.7833333015441895,25.316667556762695,19470.166015625,1936.2,0.5880714058876038,24.847976684570312,67.45714285714286,1366.0455322265625,2059.28564453125,-0.12388096004724503,966.8,0,505,1,0,0,21,32,148
0,167.0,0.3968072831630707,296.0,3.0,313.0,1761.0,332.71428571428544,13774.888671875,28.088890075683594,1.0,17376.466796875,21.72222328186035,3.7333333492279053,4.833333492279053,28.116666793823242,16632.888671875,1988.8857142857144,0.590666651725769,24.912738800048828,63.48571428571429,1359.478759765625,2097.8857421875,-0.09102382510900497,968.4,1,505,1,0,0,31,2,62
0,247.0,0.9680729508399963,296.0,3.0,313.0,1038.0,326.5306122448977,15319.8330078125,30.71666717529297,0.5,18619.017578125,22.049999237060547,3.799999952316284,4.7833333015441895,25.16666603088379,19693.166015625,2084.457142857143,0.5881428718566895,24.80583381652832,64.45714285714286,1357.0020751953125,2125.857177734375,-0.008380967192351818,964.0285714285715,0,505,1,0,0,42,7,124
0,348.0,0.8563283681869507,296.0,3.0,313.0,1435.0,326.5306122448977,15336.0,31.933332443237305,0.20000000298023224,18075.19921875,22.766666412353516,3.799999952316284,4.75,22.41666603088379,18858.666015625,2085.8,0.5846666693687439,24.801666259765625,62.77142857142857,1359.937255859375,2138.085693359375,-0.02342856302857399,966.9714285714285,1,505,1,0,0,42,13,172
0,205.0,0.3055872321128845,296.0,3.0,313.0,1891.0,322.8367346938773,14320.3330078125,32.63333511352539,0.6833333373069763,22417.75,20.350000381469727,3.4000000953674316,4.599999904632568,21.5,19007.666015625,2153.2285714285713,0.5954762101173401,24.934404373168945,65.34285714285714,1356.9935302734375,2151.39990234375,0.0989999994635582,966.3428571428572,0,505,1,0,0,31,31,78
0,179.0,0.44355759024620056,296.0,3.0,302.0,3034.0,318.8979591836732,16516.388671875,29.19444465637207,1.7111111879348755,17067.30078125,21.383333206176758,3.933333396911621,4.75,19.71666717529297,49028.22265625,2218.2571428571428,0.5963333249092102,24.926071166992188,68.0,1355.1507568359375,2167.05712890625,0.20764285326004028,962.7142857142857,0,469,1,0,0,41,7,77
0,367.0,0.8768529295921326,296.0,3.0,313.0,1082.0,315.755102040816,15687.5,30.149999618530273,2.366666555404663,16769.6171875,21.25,4.300000190734863,4.599999904632568,23.700000762939453,18763.166015625,2249.2,0.5942381024360657,24.83976173400879,70.05714285714286,1355.8275146484375,2166.28564453125,0.2403571456670761,959.8571428571429,1,469,1,0,0,21,6,142
0,158.0,0.9087799191474915,296.0,3.0,313.0,1055.0,312.53061224489767,14942.77734375,27.288888931274414,0.6333333253860474,17945.34375,21.16111183166504,3.7666666507720947,4.650000095367432,20.922222137451172,16402.333984375,2332.0285714285715,0.5902857184410095,24.793094635009766,70.6,1353.904296875,2197.371337890625,0.37559524178504944,957.8285714285714,3,505,1,0,0,42,9,79
0,330.0,0.9133409261703491,296.0,3.0,313.0,1047.0,308.6938775510202,14367.5,31.549999237060547,0.23333333432674408,16982.69921875,20.91666603088379,4.0,4.583333492279053,18.816667556762695,17498.5,2346.6285714285714,0.5893809795379639,24.80904769897461,71.48571428571428,1356.0032958984375,2205.685791015625,0.3813571631908417,958.4285714285714,5,505,1,0,0,42,4,164
0,294.0,0.9635119438171387,296.0,3.0,313.0,1045.0,305.30612244897924,13188.5,32.61666488647461,1.350000023841858,19102.31640625,21.549999237060547,3.9000000953674316,4.599999904632568,15.016666412353516,15860.0,2479.0,0.5896666646003723,24.772737503051758,73.51428571428572,1351.0738525390625,2221.771484375,0.45445236563682556,953.2,0,505,1,0,0,31,31,137
0,350.0,0.8472064137458801,296.0,3.0,313.0,4034.0,304.3469387755099,14284.6669921875,35.54999923706055,0.4000000059604645,18368.466796875,21.266666412353516,3.299999952316284,4.599999904632568,17.66666603088379,16011.3330078125,2534.6857142857143,0.5929999947547913,24.812143325805664,71.54285714285714,1340.53369140625,2244.085693359375,0.43754762411117554,950.1142857142858,0,505,1,0,0,31,15,152
0,331.0,0.8038768768310547,296.0,3.0,313.0,1061.0,303.83673469387725,12289.8330078125,34.38333511352539,0.10000000149011612,17805.849609375,20.96666717529297,3.299999952316284,4.650000095367432,15.833333015441895,16196.3330078125,2579.0,0.5949761867523193,24.835237503051758,72.22857142857143,1344.3079833984375,2243.6572265625,0.4522380828857422,952.7142857142857,0,505,1,0,0,42,7,122
1,223.0,0.3534777760505676,296.0,3.0,313.0,2434.0,302.75510204081604,15045.8330078125,38.78333282470703,0.6499999761581421,22982.416015625,21.25,3.700000047683716,4.449999809265137,14.183333396911621,18677.5,2628.4857142857145,0.598547637462616,24.908689498901367,73.08571428571429,1345.8243408203125,2255.742919921875,0.44316667318344116,954.5142857142857,0,505,1,0,0,31,15,87
0,284.0,0.5986316800117493,296.0,3.0,313.0,1254.0,299.42857142857116,14075.6669921875,35.75,2.2833333015441895,19110.533203125,21.733333587646484,4.199999809265137,4.599999904632568,16.25,18356.333984375,2736.457142857143,0.5939047336578369,24.824167251586914,75.54285714285714,1345.9862060546875,2276.257080078125,0.4337380826473236,950.3142857142857,2,505,1,0,0,21,21,112
0,329.0,0.38768529891967773,296.0,3.0,313.0,1117.0,299.42857142857116,15277.3330078125,32.61666488647461,2.183333396911621,18763.517578125,21.366666793823242,4.199999809265137,4.5,16.383333206176758,19886.166015625,2736.457142857143,0.5939047336578369,24.824167251586914,75.54285714285714,1345.9862060546875,2276.257080078125,0.4337380826473236,950.3142857142857,3,505,1,0,0,42,11,137
0,144.0,0.8768529295921326,296.0,3.0,313.0,1147.0,306.12244897959147,15065.6669921875,33.16666793823242,1.0499999523162842,24321.533203125,22.08333396911621,4.300000190734863,4.650000095367432,25.766666412353516,20200.0,2912.7428571428572,0.5871190428733826,24.74678611755371,73.68571428571428,1353.334228515625,2340.514404296875,0.2923571467399597,956.7428571428571,0,505,1,0,0,31,32,72
0,353.0,0.9566704630851746,296.0,3.0,313.0,1072.0,317.8571428571427,15558.6669921875,29.5,1.4833333492279053,18688.982421875,22.883333206176758,4.699999809265137,4.400000095367432,28.816667556762695,20044.666015625,3074.114285714286,0.5937142968177795,25.00702476501465,90.51428571428572,1359.5440673828125,2213.1142578125,0.4269285798072815,950.0857142857143,0,505,1,0,0,31,31,175
0,392.0,0.9350057244300842,296.0,3.0,313.0,1067.0,320.408163265306,14549.3330078125,30.233333587646484,0.800000011920929,19537.267578125,20.616666793823242,3.5999999046325684,4.300000190734863,27.566667556762695,16471.0,3072.6,0.5953094959259033,25.04083251953125,92.77142857142857,1358.9830322265625,2196.228515625,0.435476154088974,947.7142857142857,0,505,1,0,0,21,35,194
0,250.0,0.9133409261703491,296.0,3.0,313.0,1047.0,331.14285714285694,15040.8330078125,32.650001525878906,2.799999952316284,16884.6171875,20.883333206176758,3.799999952316284,4.2833333015441895,28.316667556762695,18190.166015625,3066.8285714285716,0.6054762005805969,25.218929290771484,100.51428571428572,1357.8629150390625,2164.45703125,0.45116665959358215,944.4857142857143,0,505,1,0,0,21,15,123
0,258.0,0.7958950996398926,296.0,3.0,296.0,1165.0,339.04081632653043,15142.27734375,28.183332443237305,2.299999952316284,15887.8056640625,21.133333206176758,4.800000190734863,4.2833333015441895,34.04999923706055,15457.611328125,3044.0285714285715,0.6055952310562134,25.254642486572266,103.54285714285714,1354.4893798828125,2155.45703125,0.4839523732662201,939.9714285714285,0,474,1,0,0,31,26,127
0,324.0,0.6750285029411316,296.0,3.0,296.0,1163.0,339.04081632653043,13779.6669921875,30.683332443237305,2.4166667461395264,17165.31640625,21.950000762939453,4.400000095367432,4.25,29.91666603088379,18162.833984375,3043.942857142857,0.6045238375663757,25.2261905670166,103.88571428571429,1355.8614501953125,2152.485595703125,0.4709523916244507,940.3428571428572,0,474,1,0,1,42,19,159
1,248.0,0.5461801886558533,296.0,3.0,296.0,1219.0,339.30612244897935,16441.5,31.46666717529297,0.75,15540.4501953125,20.516666412353516,4.0,4.199999809265137,28.08333396911621,17287.666015625,3043.6285714285714,0.6075714230537415,25.291427612304688,106.51428571428572,1363.0274658203125,2144.914306640625,0.4931190609931946,944.1714285714286,1,474,1,0,1,31,21,110
0,331.0834497959678,0.5541619062423706,296.0,3.0,296.0,1202.0,317.48979591836707,14642.888671875,32.2055549621582,4.255555629730225,17991.517578125,22.316667556762695,5.0,4.105555534362793,25.583332061767578,19037.666015625,2956.0857142857144,0.6190476417541504,25.479761123657227,115.34285714285714,1361.0538330078125,2155.45703125,0.4779762029647827,939.1142857142858,0,496,1,0,1,31,8,125
1,383.0,0.3090079724788666,296.0,3.0,285.0,1556.0,300.5714285714283,14444.666015625,36.733333587646484,4.827777862548828,22832.2890625,22.78333282470703,5.066666603088379,4.199999809265137,24.69444465637207,19364.0,2945.2285714285713,0.6269524097442627,25.653451919555664,118.42857142857143,1361.1397705078125,2148.857177734375,0.503000020980835,940.2571428571429,1,496,1,0,1,31,3,159
0,194.0,0.38084378838539124,296.0,3.0,296.0,3228.0,294.3265306122446,17533.666015625,34.25,1.7333333492279053,17711.216796875,22.5,4.5,4.150000095367432,29.816667556762695,19165.833984375,2966.3714285714286,0.640666663646698,25.77642822265625,118.82857142857142,1357.72705078125,2152.71435546875,0.5049523711204529,941.9428571428572,3,496,1,0,0,31,5,72
0,90.0,0.419612318277359,296.0,3.0,285.0,5625.0,279.93877551020387,14877.3330078125,31.149999618530273,3.1666667461395264,17597.30078125,22.850000381469727,4.5,4.300000190734863,26.46666717529297,18259.666015625,2983.5142857142855,0.6473809480667114,25.79511833190918,120.88571428571429,1361.3909912109375,2145.800048828125,0.5271190404891968,943.5714285714286,0,496,1,0,0,41,4,37
0,102.0,0.36031925678253174,296.0,3.0,285.0,1176.0,275.3265306122447,13976.8330078125,34.31666564941406,0.5666666626930237,17844.6328125,21.633333206176758,4.699999809265137,4.183333396911621,26.399999618530273,19826.833984375,3036.9714285714285,0.6509047746658325,25.783214569091797,116.08571428571429,1361.993408203125,2161.314208984375,0.45054760575294495,950.0285714285715,1,496,1,0,0,31,2,39
0,204.0,0.29304447770118713,296.0,3.0,285.0,1521.0,273.4693877551019,12432.3330078125,28.78333282470703,2.7666666507720947,15786.3330078125,21.866666793823242,4.5,4.083333492279053,33.983333587646484,15590.6669921875,3036.3714285714286,0.6505237817764282,25.75988006591797,119.4,1364.8040771484375,2147.085693359375,0.48092857003211975,947.7142857142857,2,496,1,0,0,41,2,84
0,214.0,0.8107183575630188,296.0,3.0,272.0,1392.0,276.40816326530603,14337.0,27.799999237060547,1.9666666984558105,15628.2666015625,20.899999618530273,4.300000190734863,3.950000047683716,30.049999237060547,16527.0,3077.6,0.6512619256973267,25.77559471130371,116.34285714285714,1364.6998291015625,2140.28564453125,0.4230714440345764,951.5142857142857,0,497,1,0,0,31,24,104
0,275.0,0.503990888595581,296.0,3.0,272.0,1239.0,281.938775510204,14574.8330078125,25.71666717529297,1.5,16540.056640625,21.294445037841797,4.299999713897705,4.0722222328186035,35.97777557373047,17318.443359375,3106.1428571427987,0.6608571410179138,25.873214721679688,117.7333333333342,1366.1553955078125,2120.37158203125,0.41815873980522156,954.4095238095314,1,497,1,0,0,42,3,108
0,246.0,0.571265697479248,296.0,3.0,272.0,1671.0,288.48979591836724,13735.1669921875,27.33333396911621,1.3166667222976685,15170.466796875,20.700000762939453,4.0,4.0,38.93333435058594,16174.1669921875,3131.1428571428573,0.6713095307350159,25.95642852783203,115.45714285714286,1362.033203125,2108.857177734375,0.4023095369338989,958.1142857142858,0,497,1,0,0,31,5,111
0,288.0,0.23261117935180664,296.0,3.0,272.0,1804.0,288.48979591836724,13121.111328125,31.761110305786133,1.4833333492279053,16224.505859375,22.33888816833496,4.433333396911621,4.116666793823242,29.516666412353516,16583.0,3121.3714285714286,0.6680238246917725,25.94797706604004,114.82857142857142,1363.17041015625,2114.05712890625,0.41066667437553406,958.2857142857143,0,497,1,0,0,21,3,112
0,210.9945682812056,0.47662484645843506,296.0,3.0,272.0,1941.0,294.2040816326529,13891.0,27.899999618530273,0.9666666388511658,14892.6337890625,21.83333396911621,4.599999904632568,4.150000095367432,41.78333282470703,16388.166015625,3127.6,0.6700952649116516,25.977619171142578,116.2,1370.5023193359375,2100.914306640625,0.4132857024669647,962.9142857142857,1,497,1,0,0,24,1,102
0,166.0,0.17331813275814056,296.0,3.0,272.0,1387.0,300.3469387755099,12080.8330078125,28.53333282470703,0.6499999761581421,15063.4501953125,21.116666793823242,4.699999809265137,3.950000047683716,41.733333587646484,15126.1669921875,3119.542857142857,0.6720238327980042,26.02059555053711,115.2,1366.9224853515625,2099.17138671875,0.41254761815071106,962.4857142857143,1,497,1,0,1,41,11,70
0,292.0,0.9338654279708862,296.0,3.0,272.0,1061.0,310.9387755102039,16491.16796875,24.2277774810791,4.027777671813965,14691.4501953125,22.644445419311523,3.799999952316284,4.133333206176758,43.11111068725586,18298.83203125,3161.2571428571428,0.6952142715454102,26.226428985595703,120.08571428571429,1373.239990234375,2041.142822265625,0.191571444272995,968.8571428571429,0,497,1,0,1,21,35,139
0,369.0,0.9635119438171387,296.0,3.0,272.0,1030.0,307.020408163265,14718.0,25.233333587646484,1.600000023841858,15166.6337890625,21.799999237060547,4.800000190734863,4.083333492279053,44.58333206176758,16975.0,3123.3714285714286,0.7018571496009827,26.313690185546875,129.62857142857143,1378.0084228515625,2091.485595703125,0.046857159584760666,964.2285714285714,0,497,1,0,1,24,35,174
1,214.0,0.32041049003601074,296.0,3.0,272.0,1445.0,303.3877551020406,13873.1669921875,25.47222137451172,2.5722222328186035,16371.48828125,21.811111450195312,4.0333333015441895,4.188889026641846,47.88888931274414,16271.9443359375,3142.342857142857,0.7147142887115479,26.403928756713867,131.85714285714286,1377.2015380859375,2062.6572265625,-0.002952398732304573,964.8285714285714,2,497,1,0,1,42,8,100
0,56.0,0.5655644536018372,296.0,3.0,272.0,1200.0,295.2448979591834,13080.3330078125,30.549999237060547,1.9166666269302368,14705.8662109375,21.91666603088379,3.9000000953674316,4.150000095367432,37.83333206176758,15489.0,3153.457142857143,0.7090476155281067,26.357738494873047,128.25714285714287,1378.2322998046875,2090.514404296875,-0.08430951088666916,967.8,0,497,1,0,1,42,8,25
0,139.0,0.8859749436378479,296.0,3.0,272.0,1096.0,280.42857142857116,12551.5,28.799999237060547,1.5666667222976685,16390.69921875,21.566667556762695,4.300000190734863,4.050000190734863,30.83333396911621,16550.5,3166.714285714286,0.7146666646003723,26.388690948486328,130.28571428571428,1386.72216796875,2082.45703125,-0.16078568994998932,971.7428571428571,0,497,1,0,1,42,12,65
0,194.0,0.8244013786315918,296.0,3.0,272.0,1070.0,275.816326530612,14402.1669921875,34.20000076293945,1.4333332777023315,15377.5166015625,21.383333206176758,4.199999809265137,4.0,36.5,16316.8330078125,3167.4857142857145,0.711642861366272,26.405595779418945,128.68571428571428,1390.4959716796875,2099.54296875,-0.19628572463989258,975.4571428571429,0,497,1,0,1,41,32,90
0,300.0,0.7594070434570312,296.0,3.0,272.0,1702.0,265.24489795918345,14118.5,30.366666793823242,0.8833333253860474,15257.400390625,21.483333587646484,4.199999809265137,4.25,26.133333206176758,15295.5,3204.057142857143,0.7055714130401611,26.400476455688477,121.34285714285714,1384.129638671875,2147.257080078125,-0.3321666717529297,977.7142857142857,0,497,1,0,1,34,34,139
0,105.0,0.5541619062423706,296.0,3.0,272.0,1077.0,261.63265306122423,15132.3330078125,28.28333282470703,1.5499999523162842,16705.517578125,24.383333206176758,5.300000190734863,4.183333396911621,25.516666412353516,19159.5,3191.4857142857145,0.7005714178085327,26.359046936035156,122.68571428571428,1387.244384765625,2145.514404296875,-0.37388095259666443,976.4857142857143,0,497,1,0,1,42,6,38
1,342.0,0.2633979618549347,296.0,3.0,272.0,1489.0,250.55102040816314,16218.5,30.816667556762695,1.8333333730697632,16126.599609375,22.016666412353516,4.599999904632568,4.25,31.066667556762695,16787.0,3162.942857142857,0.6913333535194397,26.328214645385742,126.2,1400.3818359375,2153.0,-0.4253809452056885,978.1428571428571,0,497,1,0,1,42,8,159
0,191.0,0.8814139366149902,296.0,3.0,272.0,1097.0,250.55102040816314,15373.0,29.83333396911621,0.949999988079071,14259.25,20.766666412353516,3.9000000953674316,4.083333492279053,33.33333206176758,15090.0,3155.9142857142856,0.6879761815071106,26.29857063293457,126.05714285714286,1404.1500244140625,2165.6572265625,-0.4493809640407562,979.6857142857143,0,497,1,1,1,42,8,89
0,195.0,0.6088939309120178,296.0,3.0,272.0,1552.0,248.08163265306112,15428.8330078125,28.549999237060547,2.7333333492279053,15936.2001953125,21.433332443237305,4.099999904632568,4.099999904632568,37.25,17299.0,3151.9714285714285,0.6893571615219116,26.32023811340332,124.54285714285714,1400.2335205078125,2174.800048828125,-0.4619523584842682,979.6857142857143,0,497,1,1,1,41,12,90
0,144.0,0.6009122133255005,296.0,3.0,272.0,1435.0,244.04081632653055,16268.0,22.450000762939453,0.75,15103.31640625,20.883333206176758,4.0,4.183333396911621,36.03333282470703,14670.0,3077.457142857143,0.6825000047683716,26.258214950561523,126.54285714285714,1404.720947265625,2169.628662109375,-0.5013095140457153,978.0857142857143,1,497,1,1,1,42,7,60
0,127.0,0.5564424395561218,296.0,3.0,272.0,1130.0,239.30612244897952,14798.0,24.266666412353516,3.933333396911621,15981.2666015625,21.53333282470703,4.199999809265137,4.2833333015441895,34.56666564941406,18748.333984375,3015.9714285714285,0.6721428632736206,26.225357055664062,129.37142857142857,1411.875732421875,2196.94287109375,-0.5465238094329834,976.8857142857142,1,497,1,1,1,42,7,42
0,35.0,0.42189282178878784,296.0,3.0,272.0,2087.0,237.97959183673458,15422.6669921875,25.116666793823242,1.2000000476837158,19067.06640625,21.850000381469727,3.700000047683716,4.2833333015441895,31.883333206176758,18717.666015625,3008.2571428571428,0.6729761958122253,26.234046936035156,126.11428571428571,1404.4710693359375,2200.685791015625,-0.5751190185546875,975.8571428571429,6,497,1,0,0,31,7,11
0,162.0,0.42873433232307434,296.0,3.0,272.0,4894.0,238.2448979591836,14090.0,29.149999618530273,1.25,14391.0,20.649999618530273,3.700000047683716,4.233333110809326,32.650001525878906,15384.5,2966.0,0.6745476126670837,26.217618942260742,122.6,1410.3006591796875,2218.1142578125,-0.6068809628486633,983.4571428571429,1,497,1,0,0,21,2,60
0,86.0,0.0,296.0,3.0,272.0,1836.0,237.44897959183663,12818.6669921875,30.633333206176758,1.0666667222976685,15323.2001953125,20.71666717529297,4.099999904632568,4.383333206176758,32.266666412353516,17335.666015625,2896.6,0.683571457862854,26.264524459838867,123.74285714285715,1412.017333984375,2227.228515625,-0.6457619071006775,984.9428571428572,2,497,1,0,0,34,6,37
0,155.0,0.4139110743999481,296.0,3.0,272.0,1236.0,237.142857142857,15593.8330078125,31.483333587646484,1.7166666984558105,15635.349609375,20.350000381469727,4.199999809265137,4.183333396911621,38.11666488647461,17280.166015625,2883.4,0.6558809280395508,26.114286422729492,133.5142857142857,1418.203857421875,2201.05712890625,-0.6345476508140564,971.2285714285714,2,497,1,0,0,31,17,61
0,53.0,0.23375143110752106,296.0,3.0,272.0,1287.0,234.9387755102039,16125.7783203125,26.622222900390625,1.4388889074325562,15886.2666015625,20.7277774810791,4.300000190734863,4.2833333015441895,37.64444351196289,19268.111328125,2937.2571428571428,0.6550714373588562,26.123689651489258,128.6,1418.489990234375,2224.1142578125,-0.6599999666213989,976.6857142857143,3,497,1,0,1,31,4,20
0,179.0,0.8072975873947144,296.0,3.0,272.0,2707.0,242.57142857142838,14056.0,32.08333206176758,2.883333444595337,13919.25,20.21666717529297,3.9000000953674316,4.150000095367432,36.88333511352539,14276.5,2913.9142857142856,0.6490238308906555,26.106189727783203,136.05714285714285,1416.6107177734375,2208.0,-0.6808333396911621,966.3142857142857,0,497,1,0,0,21,29,71
1,320.0,0.0,296.0,3.0,272.0,7814.0,254.2040816326529,15953.6669921875,33.983333587646484,1.899999976158142,15306.900390625,20.683332443237305,4.0,4.300000190734863,37.06666564941406,15241.0,2933.0,0.6533571481704712,26.179880142211914,139.0,1419.6849365234375,2216.60009765625,-0.6411428451538086,965.4,0,497,1,0,1,24,18,136
1,308.0,0.009122006595134735,296.0,3.0,272.0,10913.0,254.2040816326529,14450.0,32.18333435058594,3.2666666507720947,13876.75,20.83333396911621,4.099999904632568,4.183333396911621,38.08333206176758,39847.66796875,2935.3142857142857,0.649404764175415,26.14821434020996,140.9142857142857,1420.4676513671875,2214.257080078125,-0.6341428756713867,962.6,0,497,1,0,1,24,20,125
0,198.0,0.38198402523994446,296.0,3.0,293.0,4938.0,260.3061224489794,15233.6669921875,31.75,1.5333333015441895,16429.716796875,20.0,4.0,4.183333396911621,43.95000076293945,17003.5,2966.942857142857,0.6450714468955994,26.022619247436523,137.17142857142858,1415.9947509765625,2235.085693359375,-0.6262381076812744,960.8,0,476,1,0,0,41,9,71
0,79.0,0.31356897950172424,296.0,3.0,293.0,5103.0,266.5102040816324,13525.0,29.41666603088379,1.399999976158142,15580.7001953125,20.183332443237305,4.0,4.349999904632568,45.0,17758.5,2992.0,0.6360238194465637,25.917142868041992,135.31428571428572,1416.321044921875,2250.857177734375,-0.604523777961731,960.0285714285715,4,476,1,0,0,41,3,36
0,273.0,0.7434435486793518,296.0,3.0,293.0,1130.0,272.26530612244875,15947.3330078125,29.483333587646484,1.3333333730697632,14295.4501953125,20.53333282470703,4.099999904632568,4.083333492279053,48.29999923706055,16453.0,3015.714285714286,0.6298094987869263,25.87607192993164,135.25714285714287,1419.035400390625,2258.8857421875,-0.6399285793304443,959.7142857142857,0,476,1,0,1,41,15,127
0,152.0,0.5427594184875488,296.0,3.0,293.0,1327.0,278.8367346938773,14735.3330078125,27.96666717529297,2.183333396911621,14670.31640625,21.016666412353516,4.699999809265137,4.083333492279053,45.71666717529297,17433.5,3043.6857142857143,0.6257619261741638,25.82607078552246,133.37142857142857,1418.2672119140625,2273.6572265625,-0.6530952453613281,959.4285714285714,4,476,1,0,1,42,2,56
0,241.0,0.5062713623046875,296.0,3.0,293.0,1070.0,283.20408163265284,15453.0,27.633333206176758,2.4000000953674316,16428.099609375,20.66666603088379,4.0,4.133333206176758,44.36666488647461,16249.5,3053.7428571428572,0.6249762177467346,25.79857063293457,132.65714285714284,1419.9229736328125,2278.857177734375,-0.6489523649215698,960.4857142857143,1,476,1,0,1,31,3,91
0,80.0,0.5553021430969238,296.0,3.0,293.0,1189.0,284.9999999999998,15905.0,31.266666412353516,1.8333333730697632,17951.533203125,22.149999618530273,3.700000047683716,4.050000190734863,45.91666793823242,18849.0,3079.6,0.6274523735046387,25.78416633605957,132.25714285714287,1423.614501953125,2284.142822265625,-0.652571439743042,963.0285714285715,8,476,1,0,0,21,7,37
0,37.0,0.9007982015609741,296.0,3.0,293.0,1038.0,286.9387755102038,18449.833984375,35.88333511352539,3.7833335399627686,16922.888671875,23.794445037841797,4.4666666984558105,4.111111164093018,40.14999771118164,28065.0,3099.7714285714287,0.6406428813934326,25.83464241027832,129.88571428571427,1421.6134033203125,2277.428466796875,-0.6824762225151062,967.2285714285714,0,476,1,0,1,42,2,17
0,52.0,0.9452679753303528,296.0,3.0,293.0,1233.0,291.73469387755085,15162.4443359375,31.05555534362793,2.9444446563720703,15898.6884765625,22.05555534362793,4.5,4.066666603088379,49.56666564941406,15744.8330078125,3120.0857142857144,0.6496666669845581,25.836666107177734,127.22857142857143,1424.209716796875,2278.771484375,-0.6670238375663757,973.0571428571428,0,476,1,0,0,42,17,19
0,357.0,0.2702394425868988,296.0,3.0,293.0,3754.0,289.5714285714284,15322.3330078125,35.11666488647461,3.25,14032.466796875,20.733333587646484,4.300000190734863,4.050000190734863,48.18333435058594,17265.0,3133.457142857143,0.6555238366127014,25.84476089477539,124.88571428571429,1422.98779296875,2276.514404296875,-0.7095952033996582,975.1428571428571,1,476,1,0,0,31,4,165
0,301.0,0.1892816424369812,296.0,3.0,293.0,3390.0,289.5714285714284,14857.1669921875,30.96666717529297,2.7666666507720947,13331.3837890625,20.266666412353516,4.300000190734863,4.050000190734863,51.38333511352539,16929.166015625,3133.457142857143,0.6555238366127014,25.84476089477539,124.88571428571429,1422.98779296875,2276.514404296875,-0.7095952033996582,975.1428571428571,1,476,1,0,0,34,4,139
0,256.0,0.405929297208786,296.0,3.0,293.0,1458.0,287.02040816326513,15756.8330078125,33.68333435058594,3.2833333015441895,13536.6162109375,19.549999237060547,4.400000095367432,4.133333206176758,45.06666564941406,16476.0,3011.5142857142855,0.665404736995697,25.89630889892578,125.11428571428571,1423.9178466796875,2271.39990234375,-0.6899762153625488,977.5714285714286,0,476,1,0,0,24,4,111
0,194.0,0.5530216693878174,296.0,3.0,293.0,1264.0,281.4489795918365,16439.0,34.71666717529297,2.6000001430511475,16218.9775390625,20.644445419311523,4.233333587646484,4.083333492279053,51.2055549621582,17298.166015625,2935.657142857143,0.668404757976532,25.879165649414062,123.51428571428572,1423.463134765625,2265.28564453125,-0.7388809323310852,982.4,0,476,1,0,1,42,4,78
0,80.0,0.6898517608642578,296.0,3.0,293.0,1329.0,264.53061224489767,16673.5,27.33333396911621,1.4500000476837158,14186.5498046875,20.53333282470703,4.400000095367432,4.183333396911621,52.70000076293945,17289.0,2733.3714285714286,0.7090238332748413,26.07154655456543,119.54285714285714,1417.050537109375,2319.28564453125,-0.4920714497566223,991.6571428571428,0,476,1,1,0,31,35,32
0,177.0,0.571265697479248,296.0,3.0,293.0,1709.0,252.91836734693854,15538.5,35.650001525878906,1.3833333253860474,15317.599609375,20.83333396911621,4.0,4.183333396911621,41.599998474121094,19947.666015625,2643.5714285714284,0.7128095030784607,26.092737197875977,121.14285714285714,1413.97119140625,2342.39990234375,-0.36266666650772095,988.4285714285714,0,476,1,1,0,41,27,73
0,92.0,0.24173317849636078,296.0,3.0,293.0,10030.0,240.0612244897957,19144.443359375,29.816667556762695,6.666666507720947,25239.400390625,28.58333396911621,5.199999809265137,4.333333492279053,32.28333282470703,33790.0,2776.2285714285713,0.7587618827819824,26.32535743713379,111.31428571428572,1405.6922607421875,2403.8857421875,-0.31842857599258423,1005.7142857142857,2,476,1,1,0,41,6,43
0,66.0,0.09350056946277618,296.0,3.0,293.0,11559.0,240.71428571428552,30450.333984375,18.016666412353516,2.4166667461395264,18995.966796875,25.83333396911621,5.0,4.4666666984558105,29.450000762939453,38803.66796875,2776.2285714285713,0.7587618827819824,26.32535743713379,111.31428571428572,1405.6922607421875,2403.8857421875,-0.31842857599258423,1005.7142857142857,5,476,1,1,0,34,5,24
0,129.0,0.36944127082824707,296.0,3.0,293.0,1556.0,240.46938775510182,15398.8330078125,31.200000762939453,0.7666666507720947,13393.9833984375,19.799999237060547,3.799999952316284,4.083333492279053,49.16666793823242,16025.3330078125,2922.9714285714285,0.7151666879653931,26.037975311279297,125.94285714285714,1421.1707763671875,2397.771484375,-0.1751904934644699,987.4571428571429,0,476,1,0,1,42,11,46
0,158.0,0.4469783306121826,296.0,3.0,293.0,1452.0,245.1836734693876,17002.5,32.016666412353516,0.949999988079071,15798.0498046875,21.75,4.699999809265137,4.150000095367432,45.349998474121094,17632.5,3033.114285714286,0.7136190533638,26.012380599975586,122.74285714285715,1418.94775390625,2414.8857421875,-0.19247615337371826,989.8,0,476,1,0,1,31,35,62
0,143.0,0.2839224636554718,296.0,3.0,293.0,2870.0,250.57142857142844,15815.3330078125,34.099998474121094,1.75,16268.0,23.200000762939453,4.5,4.333333492279053,42.33333206176758,18033.0,3091.7428571428572,0.7199761867523193,26.020713806152344,120.14285714285714,1419.4163818359375,2433.71435546875,-0.2023095339536667,994.2,1,476,1,0,1,31,6,65
0,111.0,0.15165336430072784,296.0,3.0,293.0,6744.0,260.5306122448978,17672.333984375,39.16666793823242,1.2166666984558105,16351.927734375,21.86111068725586,4.400000095367432,4.244444370269775,37.27777862548828,17995.833984375,3271.8,0.7467619180679321,26.05500030517578,114.8,1411.3271484375,2471.371337890625,-0.19866667687892914,999.9428571428572,0,476,1,0,1,31,5,55
0,,0.06271379441022873,296.0,3.0,293.0,7181.0,273.14285714285694,18492.83203125,37.49444580078125,1.9222222566604614,19106.2265625,22.461111068725586,4.400000095367432,4.505555629730225,35.56666564941406,21492.27734375,3291.0285714285715,0.7536428570747375,26.083690643310547,115.77142857142857,1413.8243408203125,2471.628662109375,-0.20733332633972168,1001.6571428571428,4,476,1,0,1,24,12,
0,114.0,0.3728620409965515,296.0,3.0,293.0,3790.0,286.46258503341534,14984.1669921875,35.63888931274414,1.6666667461395264,14680.6337890625,20.766666412353516,3.8333334922790527,4.22777795791626,45.86666488647461,16452.5,3328.1714285714284,0.7405952215194702,26.036428451538086,125.28571428571429,1422.3624267578125,2433.571533203125,-0.27297618985176086,992.0857142857143,0,476,1,1,0,24,35,46
0,182.0,0.7628278136253357,296.0,3.0,293.0,2972.0,290.8571428571427,14652.6669921875,34.733333587646484,0.8833333253860474,13870.349609375,20.933332443237305,4.099999904632568,4.183333396911621,46.86666488647461,16150.3330078125,3328.1714285714284,0.7405952215194702,26.036428451538086,125.28571428571429,1422.3624267578125,2433.571533203125,-0.27297618985176086,992.0857142857143,0,476,1,1,0,41,6,69
0,263.0,0.6659064888954163,296.0,3.0,293.0,1143.0,296.8571428571427,15502.6669921875,39.28333282470703,1.850000023841858,14933.900390625,21.316667556762695,4.300000190734863,4.083333492279053,37.81666564941406,19084.0,3357.9714285714285,0.7425952553749084,26.026784896850586,131.4,1427.1856689453125,2402.54296875,-0.26992857456207275,988.2571428571429,0,476,1,1,0,41,33,114
1,328.0,0.4481185972690582,296.0,3.0,293.0,1161.0,307.69387755102014,15190.5,32.71666717529297,1.4166666269302368,14319.5498046875,21.149999618530273,4.199999809265137,4.150000095367432,43.766666412353516,15744.5,3449.4285714285716,0.7489523887634277,26.102975845336914,133.22857142857143,1423.6202392578125,2390.857177734375,-0.35571426153182983,984.8571428571429,0,476,1,0,0,31,31,148
0,410.0,0.4743443429470062,296.0,3.0,293.0,1279.0,331.3061224489793,16012.3330078125,35.650001525878906,4.099999904632568,16021.2001953125,21.516666412353516,4.300000190734863,4.300000190734863,44.0,18795.166015625,3492.1714285714284,0.7833095192909241,26.266786575317383,144.85714285714286,1429.2265625,2295.771484375,-0.4154999852180481,984.8,0,476,1,0,1,31,31,200
0,312.0,0.8962371945381165,296.0,3.0,293.0,1053.0,337.38775510204056,15021.8330078125,30.46666717529297,1.0333333015441895,14809.150390625,20.399999618530273,4.0,4.166666507720947,48.68333435058594,16587.833984375,3476.114285714286,0.788023829460144,26.165237426757812,150.17142857142858,1428.389404296875,2243.228515625,-0.40059521794319153,979.8,1,476,1,0,1,31,30,160
0,249.0,0.8985176682472229,296.0,3.0,293.0,1189.0,300.69387755102014,14800.2783203125,32.622222900390625,2.633333444595337,15555.73828125,20.86111068725586,3.700000047683716,4.183333396911621,39.32222366333008,16637.833984375,3395.542857142857,0.857452392578125,26.504762649536133,156.8,1435.247314453125,2115.742919921875,3.0437142848968506,996.0571428571428,0,476,1,0,1,41,35,128
0,97.0,0.8061573505401611,296.0,3.0,293.0,1077.0,283.75510204081615,12550.8330078125,35.349998474121094,1.350000023841858,17127.6171875,21.799999237060547,4.800000190734863,4.300000190734863,35.78333282470703,18837.5,3351.657142857143,0.8694999814033508,26.346904754638672,162.42857142857142,1440.5740966796875,2098.914306640625,2.9695475101470947,994.1428571428571,0,476,1,0,1,41,8,36
0,45.0,0.17103762924671173,296.0,3.0,293.0,1427.0,273.408163265306,13062.611328125,31.261110305786133,1.566666603088379,17575.0,23.433334350585938,5.366666793823242,4.233333110809326,46.49444580078125,23516.77734375,3333.0,0.8835238218307495,26.289167404174805,163.71428571428572,1438.015380859375,2108.514404296875,2.6593570709228516,997.5714285714286,0,476,1,0,1,21,7,17
0,272.0,0.9019384384155273,296.0,3.0,293.0,1093.0,262.57142857142844,13602.8330078125,29.21666717529297,4.416666507720947,17830.43359375,23.21666717529297,5.0,4.25,33.900001525878906,25050.166015625,3318.8571428571427,0.8832380771636963,25.894285202026367,165.14285714285714,1445.059814453125,2116.39990234375,2.318333387374878,999.3142857142857,0,476,1,1,1,21,4,115
0,192.0,0.3295325040817261,296.0,3.0,293.0,1778.0,262.42857142857116,14518.1669921875,30.799999237060547,2.0,16945.267578125,21.600000381469727,4.900000095367432,4.25,47.650001525878906,38100.83203125,3209.4285714285716,0.967285692691803,26.701309204101562,173.0857142857143,1449.9073486328125,2117.6572265625,1.854690432548523,1016.1142857142858,0,481,1,1,0,34,1,77
0,120.74349187105814,0.6841505169868469,296.0,3.0,293.0,7522.0,267.85714285714266,14582.0,31.483333587646484,1.2999999523162842,16911.25,21.700000762939453,4.699999809265137,4.233333110809326,44.71666717529297,22401.0,3186.6285714285714,0.9831666946411133,26.643451690673828,175.37142857142857,1451.7679443359375,2121.257080078125,1.7110952138900757,1020.4571428571429,0,481,1,1,0,21,7,46
0,194.0,0.02508551813662052,296.0,3.0,293.0,2606.0,271.93877551020387,12328.6669921875,30.883333206176758,2.75,17587.466796875,22.28333282470703,4.900000095367432,4.2833333015441895,46.983333587646484,21365.333984375,3145.0285714285715,1.0146428346633911,26.953571319580078,182.8,1460.162109375,2083.1142578125,1.6055238246917725,1027.5428571428572,0,481,1,1,0,21,23,81
0,,0.5906499624252319,296.0,3.0,229.0,1232.0,261.6530612244896,12629.388671875,30.294445037841797,3.8999998569488525,16769.345703125,21.03333282470703,4.400000095367432,4.349999904632568,51.60555648803711,19010.27734375,2890.342857142857,1.0435237884521484,26.413095474243164,195.85714285714286,1456.916259765625,2160.71435546875,0.7793571352958679,1029.857142857143,5,481,1,1,0,41,6,
0,1.0,0.6339794993400574,296.0,3.0,229.0,1188.0,260.99999999999983,13275.6669921875,31.183332443237305,1.2999999523162842,16852.19921875,21.733333587646484,4.400000095367432,4.483333110809326,46.53333282470703,22025.666015625,2890.342857142857,1.0435237884521484,26.413095474243164,195.85714285714286,1456.916259765625,2160.71435546875,0.7793571352958679,1029.857142857143,4,481,1,1,0,41,6,
0,99.0,0.8323830962181091,296.0,3.0,229.0,1236.0,261.95918367346917,13851.0,29.399999618530273,3.7333333492279053,17592.333984375,23.350000381469727,4.699999809265137,4.449999809265137,46.266666412353516,24714.333984375,2877.942857142857,1.0242856740951538,26.16857147216797,196.17142857142858,1459.3111572265625,2167.199951171875,0.7059523463249207,1025.2571428571428,0,481,1,1,0,41,12,37
0,323.83676105887236,0.9258837103843689,296.0,3.0,229.0,1093.0,257.8163265306121,15547.6669921875,30.649999618530273,3.6500000953674316,19151.56640625,22.149999618530273,4.699999809265137,4.599999904632568,41.08333206176758,23728.333984375,2953.2,1.0922619104385376,26.134166717529297,206.22857142857143,1465.664794921875,2180.28564453125,0.2113809585571289,1040.8,0,481,1,0,0,31,35,167
0,91.99576886143193,0.3637400269508362,296.0,3.0,283.0,2098.0,254.081632653061,11850.1669921875,33.45000076293945,4.266666889190674,26251.30078125,27.399999618530273,5.800000190734863,4.733333110809326,33.54999923706055,26729.0,2636.0857142857144,1.0974524021148682,25.87154769897461,221.9142857142857,1464.5908203125,2225.3427734375,0.30807140469551086,1042.0,1,481,1,0,0,31,12,36
0,261.0,0.48346635699272156,296.0,3.0,283.0,1372.0,252.61224489795896,13389.1669921875,32.63333511352539,9.233333587646484,19386.8671875,25.0,5.400000095367432,4.599999904632568,37.96666717529297,23801.333984375,2642.9142857142856,1.1533094644546509,26.354286193847656,230.14285714285714,1470.0504150390625,2218.771484375,0.22816666960716248,1054.6857142857143,2,507,1,0,0,31,17,100
0,37.0,0.4104903042316437,296.0,3.0,283.0,1054.0,251.0612244897958,12196.0,32.13333511352539,3.200000047683716,18355.19921875,24.233333587646484,4.599999904632568,4.7833333015441895,37.983333587646484,22853.166015625,2651.5714285714284,1.177476167678833,26.756427764892578,231.65714285714284,1476.2177734375,2210.571533203125,0.24438096582889557,1060.7428571428572,1,507,1,0,1,31,4,15
0,112.0,0.5689851641654968,296.0,3.0,283.0,4482.0,239.93877551020393,11800.6669921875,32.39999771118164,4.564815044403076,16981.927734375,23.375926971435547,4.900000095367432,4.812963008880615,35.56296157836914,23617.908203125,2781.8857142855677,1.2107222080230713,26.94635009765625,232.68571428572508,1479.2662353515625,2193.0,0.11905555427074432,1073.7809523809503,0,507,1,0,0,21,1,59
0,165.0,0.3580387830734253,296.0,3.0,283.0,1971.0,239.12244897959172,12383.1669921875,31.983333587646484,3.049999952316284,17595.083984375,22.600000381469727,4.300000190734863,4.583333492279053,40.13333511352539,21420.0,2812.8571428571427,1.2110952138900757,27.072738647460938,227.82857142857142,1477.8756103515625,2210.05712890625,0.16921429336071014,1078.5428571428572,1,507,1,0,0,42,3,62
0,,0.10262257605791092,296.0,3.0,283.0,5665.0,234.1020408163264,11380.3330078125,32.86666488647461,3.883333444595337,14770.400390625,23.016666412353516,4.699999809265137,4.683333396911621,40.36666488647461,20254.333984375,2851.4857142857145,1.206071376800537,26.99892807006836,232.97142857142856,1483.2998046875,2171.028564453125,0.13699999451637268,1075.5428571428572,4,507,1,0,0,31,4,
0,176.0,0.6123147010803223,267.0,4.0,283.0,2355.0,237.06122448979573,10125.6669921875,31.83333396911621,13.633333206176758,18360.482421875,25.799999237060547,6.199999809265137,4.933333396911621,33.25,25125.666015625,2975.3142857142857,1.1561905145645142,26.533571243286133,226.74285714285713,1482.5985107421875,2129.742919921875,0.07569047808647156,1069.4857142857143,3,507,1,0,0,11,9,67
0,201.0,0.1562143713235855,267.0,4.0,283.0,1308.0,244.51020408163248,14969.388671875,33.127777099609375,4.811110973358154,20058.494140625,24.899999618530273,5.233333110809326,4.761111259460449,37.68888854980469,23745.333984375,2983.5714285714284,1.1495238542556763,26.721784591674805,223.9142857142857,1480.2452392578125,2124.199951171875,0.10995236039161682,1069.2571428571428,1,507,1,0,0,31,13,77
0,156.0,0.3705815374851227,267.0,4.0,283.0,2121.0,251.97959183673453,10995.3330078125,29.75,1.5666667222976685,16827.43359375,21.46666717529297,4.199999809265137,4.633333206176758,45.41666793823242,19553.833984375,3119.1428571428573,1.1457856893539429,26.80500030517578,224.28571428571428,1486.09375,2035.228515625,0.019666671752929688,1073.4857142857143,1,507,1,0,0,31,8,61
0,260.0,0.7822120785713196,267.0,4.0,229.0,1100.0,222.408163265306,13520.0,29.25,5.199999809265137,18213.69921875,24.53333282470703,5.800000190734863,4.933333396911621,35.0,26488.0,3059.285714285714,0.8636428713798523,25.610952377319336,242.02857142857144,1561.40625,1998.771484375,-0.32069048285484314,1027.0285714285715,0,481,1,1,0,31,1,114
0,125.0,0.3169897496700287,267.0,4.0,260.0,3965.0,186.6530612244896,11592.5,32.79999923706055,4.316666603088379,15691.6669921875,23.816667556762695,5.199999809265137,4.949999809265137,35.41666793823242,22000.0,2917.2285714285713,0.8491190671920776,25.450952529907227,262.3142857142857,1589.9635009765625,1954.4285888671875,-0.6275714039802551,1020.9714285714285,2,518,1,0,0,21,30,45
0,206.0,0.01824401319026947,267.0,4.0,260.0,7660.0,182.97959183673458,14060.0,25.233333587646484,7.133333206176758,19129.150390625,24.433332443237305,5.699999809265137,5.0,40.41666793823242,23584.5,2893.1428571428573,0.8747380971908569,25.829166412353516,266.0571428571429,1591.323974609375,1943.1142578125,-0.6444047689437866,1028.942857142857,0,518,1,0,0,21,29,79
0,190.0,0.3717217743396759,267.0,4.0,260.0,1725.0,170.61224489795907,12455.3330078125,27.28333282470703,5.449999809265137,16907.81640625,25.28333282470703,5.5,4.900000095367432,36.46666717529297,24194.333984375,2845.9714285714285,0.8666190505027771,25.72142791748047,266.74285714285713,1581.351318359375,1946.3714599609375,-0.5839285850524902,1018.6571428571428,2,518,1,0,0,21,24,67
0,136.0,0.0,267.0,4.0,260.0,3650.0,164.0204081632652,12626.0,29.58333396911621,2.133333444595337,16106.2998046875,21.366666793823242,4.5,4.933333396911621,44.38333511352539,19578.0,2812.057142857143,0.8767380714416504,25.75154685974121,265.0285714285714,1562.001708984375,1957.4285888671875,-0.5854285955429077,1012.5714285714286,3,518,1,0,0,41,10,56
0,69.00507736628168,0.5917901992797852,267.0,4.0,229.0,2122.0,158.40816326530597,10230.3330078125,27.649999618530273,8.433333396911621,19574.232421875,29.399999618530273,6.900000095367432,4.933333396911621,37.54999923706055,35103.16796875,2791.6,0.8573809266090393,25.592023849487305,263.74285714285713,1570.6966552734375,1945.3714599609375,-0.5970714688301086,1013.3714285714286,2,481,1,0,0,11,21,27
0,127.0,0.5621436834335327,267.0,4.0,229.0,3394.0,152.69387755102025,12382.3330078125,31.600000381469727,2.883333444595337,17664.94921875,24.233333587646484,5.199999809265137,4.7166666984558105,41.099998474121094,22985.333984375,2749.2571428571428,0.8675952553749084,25.60904884338379,263.62857142857143,1542.2298583984375,1964.085693359375,-0.5649762153625488,1001.2,4,481,1,0,0,31,10,48
0,66.0,0.22462941706180573,267.0,4.0,260.0,6282.0,149.59183673469377,9816.6669921875,30.016666412353516,7.633333206176758,18844.80078125,26.91666603088379,6.300000190734863,4.949999809265137,33.849998474121094,29661.333984375,2730.2,0.7921904921531677,24.64047622680664,260.51428571428573,1568.689453125,1955.5714111328125,-0.5713333487510681,991.2285714285714,5,518,1,0,0,21,3,25
0,145.0,0.09920182079076767,267.0,4.0,260.0,10429.0,147.204081632653,12179.8330078125,27.633333206176758,2.6666667461395264,16413.19921875,22.433332443237305,5.099999904632568,5.099999904632568,37.516666412353516,22586.0,2648.457142857143,0.850523829460144,25.56011962890625,277.4,1590.802490234375,1917.4285888671875,-0.5838095545768738,1013.8857142857142,4,518,1,0,0,21,3,54
0,131.0,0.36259976029396057,267.0,4.0,260.0,11101.0,145.85714285714275,11657.7216796875,25.450000762939453,2.211111068725586,15610.9501953125,23.311111450195312,5.099999904632568,4.94444465637207,40.088890075683594,20459.666015625,2624.0952380954304,0.8655872941017151,25.73821449279785,275.92380952379017,1586.5592041015625,1914.8095703125,-0.5985634922981262,1019.4380952380764,3,518,1,0,0,31,6,49
0,116.0,0.0,267.0,4.0,229.0,4337.0,141.83673469387742,11273.3330078125,30.149999618530273,3.133333444595337,15862.2333984375,23.200000762939453,4.699999809265137,5.0,41.43333435058594,21032.333984375,2510.542857142857,0.8869524002075195,25.972143173217773,287.45714285714286,1588.4173583984375,1901.6285400390625,-0.600857138633728,1017.1714285714286,6,481,1,0,0,31,10,41
0,86.0,0.010262257419526577,267.0,4.0,229.0,4649.0,139.1020408163264,10167.1669921875,24.961111068725586,3.4111111164093018,14586.2109375,22.0,4.233333110809326,4.866666793823242,45.2055549621582,19602.4453125,2434.7428571428572,0.9020000100135803,26.081666946411133,291.2857142857143,1581.596923828125,1903.971435546875,-0.5962380766868591,1015.4285714285714,7,481,1,0,0,34,3,32
0,110.0,0.0,267.0,4.0,229.0,4184.0,135.44897959183663,11374.5,29.2722225189209,3.827777862548828,14591.40625,25.172222137451172,4.866666793823242,5.016666412353516,44.00555419921875,20486.556640625,2365.285714285714,0.9092381000518799,26.115476608276367,295.4,1566.5924072265625,1908.3714599609375,-0.6418571472167969,1005.5714285714286,9,481,1,0,0,41,7,45
0,106.0,0.011402508243918419,267.0,4.0,229.0,10466.0,133.81632653061212,13311.6669921875,26.46666717529297,2.0166666507720947,14811.0,22.933332443237305,4.599999904632568,4.883333206176758,44.53333282470703,20555.0,2275.5714285714284,0.9267380833625793,26.23880958557129,298.0285714285714,1554.55322265625,1915.2857666015625,-0.6332619190216064,998.2857142857143,3,481,1,0,0,24,5,47
0,146.0,0.022805016487836838,267.0,4.0,260.0,5219.0,131.81632653061212,11280.8330078125,26.28333282470703,3.433333396911621,13962.0,21.83333396911621,4.400000095367432,4.883333206176758,46.849998474121094,18809.166015625,2114.4857142857145,0.9228571653366089,26.224285125732422,315.51428571428573,1583.5411376953125,1889.6285400390625,-0.617976188659668,996.2857142857143,2,518,1,0,0,24,9,68
1,126.0,0.0,267.0,4.0,229.0,9353.0,129.1836734693876,10915.3330078125,22.883333206176758,3.433333396911621,15640.7998046875,21.96666717529297,4.599999904632568,4.900000095367432,49.20000076293945,18389.0,2115.8,0.9424285888671875,26.35416603088379,318.1142857142857,1578.1334228515625,1885.3714599609375,-0.6523809432983398,996.3142857142857,8,518,1,0,0,34,12,50
0,57.0,0.0,267.0,4.0,229.0,8891.0,129.1836734693876,10616.6669921875,24.899999618530273,2.9166667461395264,14786.7998046875,22.78333282470703,4.400000095367432,4.983333110809326,54.70000076293945,19607.0,2064.7428571428572,0.9310476183891296,26.244047164916992,319.65714285714284,1579.059326171875,1888.914306640625,-0.6230952143669128,991.1428571428571,5,518,1,0,0,24,2,21
0,103.0,0.017103763297200203,267.0,4.0,229.0,9369.0,125.99999999999987,11901.8330078125,26.933332443237305,4.949999809265137,14578.43359375,23.100000381469727,4.5,4.900000095367432,47.38333511352539,19179.0,1970.6857142857143,0.9260476231575012,26.262975692749023,331.25714285714287,1596.3192138671875,1867.94287109375,-0.6075476408004761,989.1714285714286,4,481,1,0,0,41,8,44
0,35.0,0.042189281433820724,267.0,4.0,229.0,32767.0,119.67567567567552,10473.3330078125,25.366666793823242,5.25,15848.3662109375,20.78333282470703,4.099999904632568,5.099999904632568,44.849998474121094,17910.166015625,1974.1714285714286,0.9565714597702026,25.95892906188965,348.14285714285717,1620.7237548828125,1798.914306640625,-0.5190476179122925,986.2285714285714,3,481,1,0,0,21,1,13
0,51.0,0.009122006595134735,267.0,4.0,229.0,32767.0,119.542857142857,10452.8330078125,24.91666603088379,5.133333206176758,16880.767578125,24.91666603088379,5.300000190734863,5.083333492279053,38.66666793823242,21749.0,1962.0,0.9409762024879456,25.758214950561523,347.62857142857143,1615.09326171875,1799.6285400390625,-0.5182142853736877,976.3142857142857,3,481,1,0,0,21,9,19
0,40.0,0.19270239770412445,267.0,4.0,229.0,32767.0,119.542857142857,9593.1669921875,22.899999618530273,7.166666507720947,15875.2998046875,21.78333282470703,4.5,5.183333396911621,40.5,18911.333984375,1890.2571428571428,0.9350714683532715,25.65166664123535,353.4,1623.424560546875,1793.1142578125,-0.5196666717529297,971.6571428571428,2,481,1,0,0,41,23,16
0,271.0,0.9623717069625854,286.0,2.0,313.0,1053.0,298.2954545454543,15751.6669921875,30.766666412353516,1.100000023841858,17583.19921875,22.41666603088379,3.9000000953674316,5.099999904632568,27.616666793823242,20184.0,1500.5428571428572,0.7094047665596008,25.4759521484375,99.71428571428571,1391.927001953125,1781.4571533203125,-1.001023769378662,973.0,0,505,1,0,1,42,22,143
0,381.0,0.7958950996398926,286.0,2.0,313.0,1319.0,298.2954545454543,15502.5,32.150001525878906,0.75,17958.69921875,21.633333206176758,3.5999999046325684,4.800000190734863,28.28333282470703,18874.833984375,1500.5428571428572,0.7094047665596008,25.4759521484375,99.71428571428571,1391.927001953125,1781.4571533203125,-1.001023769378662,973.0,0,505,1,0,1,41,15,202
0,239.0,0.8312428593635559,286.0,2.0,302.0,1546.0,297.59183673469363,16906.0,31.71666717529297,0.8166666626930237,17139.93359375,22.28333282470703,3.9000000953674316,4.900000095367432,27.016666412353516,20953.0,1516.4285714285713,0.6993095278739929,25.552143096923828,99.97142857142858,1377.92578125,1793.4000244140625,-1.079047679901123,963.8571428571429,0,469,1,0,1,21,7,91
1,237.0,0.20410490036010742,286.0,2.0,313.0,2035.0,297.59183673469363,16783.0,30.616666793823242,1.1166666746139526,16343.7001953125,21.383333206176758,4.900000095367432,5.0,27.600000381469727,41795.0,1502.8285714285714,0.7054762244224548,25.574642181396484,104.62857142857143,1379.538330078125,1763.4285888671875,-1.1122380495071411,961.4285714285714,0,469,1,0,0,34,33,97
0,239.0,0.6898517608642578,286.0,2.0,313.0,1276.0,297.8979591836732,15905.6669921875,30.016666412353516,1.3166667222976685,17799.650390625,23.66666603088379,4.0,4.900000095367432,27.633333206176758,20484.833984375,1507.5428571428572,0.6915476322174072,25.46392822265625,106.6,1384.35546875,1765.7142333984375,-1.1633809804916382,959.1428571428571,0,469,1,0,0,31,10,124
0,315.0,0.9578106999397278,296.0,3.0,313.0,1061.0,296.89795918367327,15567.3330078125,32.099998474121094,1.0666667222976685,17534.599609375,21.600000381469727,3.700000047683716,4.599999904632568,24.683332443237305,18688.333984375,1559.7142857142858,0.6531428694725037,25.226308822631836,101.2,1377.6873779296875,1813.3714599609375,-1.1206190586090088,952.5428571428571,0,505,1,0,0,41,27,165
0,243.0,0.42189282178878784,296.0,3.0,313.0,1847.0,307.53061224489767,14930.5,29.016666412353516,1.6166666746139526,18139.55078125,23.33333396911621,3.700000047683716,4.699999809265137,25.316667556762695,17164.0,1573.2,0.6478095054626465,25.222976684570312,101.68571428571428,1366.194580078125,1807.2572021484375,-1.0898571014404297,944.7142857142857,1,505,1,0,0,42,4,96
0,264.0,0.41505131125450134,296.0,3.0,313.0,2216.0,310.1836734693874,14914.0,33.58333206176758,1.4666666984558105,18770.44921875,22.399999618530273,3.5,4.800000190734863,25.933332443237305,22010.5,1570.0285714285715,0.6495476365089417,25.195714950561523,102.77142857142857,1371.9984130859375,1787.771484375,-1.0889761447906494,946.9714285714285,0,505,1,0,0,41,5,109
0,147.0,0.6944127678871155,296.0,3.0,313.0,1081.0,335.73469387755074,16822.833984375,33.46666717529297,2.366666555404663,21420.05078125,22.933332443237305,3.799999952316284,5.300000190734863,25.91666603088379,20127.333984375,1660.7142857142858,0.6200000047683716,24.83464241027832,92.45714285714286,1373.16796875,1807.0,-0.6331428289413452,948.5142857142857,1,505,1,0,1,42,3,76
0,258.0,0.8232611417770386,296.0,3.0,313.0,1219.0,336.67346938775484,15366.6669921875,31.183332443237305,1.4166666269302368,19414.3671875,21.83333396911621,3.700000047683716,5.099999904632568,22.366666793823242,19495.333984375,1680.4285714285713,0.62371426820755,24.967500686645508,90.65714285714286,1365.8475341796875,1825.94287109375,-0.5631428360939026,948.2,0,505,1,1,0,41,12,126
0,236.0,0.7970353364944458,296.0,3.0,313.0,1697.0,336.67346938775484,16870.0,32.45000076293945,1.5499999523162842,17806.6328125,21.71666717529297,3.700000047683716,5.050000190734863,25.683332443237305,19473.666015625,1692.8,0.6243333220481873,25.015357971191406,88.37142857142857,1361.222412109375,1840.7427978515625,-0.5203571319580078,948.6285714285714,0,505,1,1,0,42,7,112
1,312.0,0.23831242322921753,296.0,3.0,313.0,2747.0,336.32653061224465,12169.8330078125,29.100000381469727,1.149999976158142,17299.716796875,20.633333206176758,3.9000000953674316,4.699999809265137,27.883333206176758,19311.833984375,1726.142857142857,0.6190237998962402,25.022024154663086,83.08571428571429,1352.468017578125,1872.6571044921875,-0.46964284777641296,948.0285714285715,0,505,1,0,0,42,14,118
0,337.0,0.9384264349937439,296.0,3.0,313.0,1081.0,337.02040816326496,15110.8330078125,28.633333206176758,1.7999999523162842,16978.69921875,22.41666603088379,3.5,4.900000095367432,24.766666412353516,17443.333984375,1818.6285714285714,0.5993809700012207,24.746904373168945,75.71428571428571,1370.3260498046875,1944.7427978515625,-0.24792855978012085,960.0571428571428,0,505,1,0,0,41,16,171
0,383.0,0.9566704630851746,296.0,3.0,313.0,1044.0,336.93877551020387,16358.0,28.149999618530273,2.1666667461395264,18078.267578125,22.549999237060547,4.0,4.866666793823242,28.549999237060547,19633.0,1922.6285714285714,0.5910476446151733,24.800594329833984,68.74285714285715,1363.233642578125,2037.6571044921875,-0.12514284253120422,963.2857142857143,0,505,1,0,0,42,29,193
0,363.0,0.6453819870948792,296.0,3.0,313.0,1519.0,333.3265306122446,14773.6669921875,29.96666717529297,1.100000023841858,16824.6328125,21.78333282470703,3.9000000953674316,4.800000190734863,32.08333206176758,17152.5,1978.4,0.6012619137763977,24.974882125854492,68.0,1362.3328857421875,2072.857177734375,-0.05983332544565201,967.7714285714286,1,505,1,0,0,21,3,142
0,144.0,0.7354618310928345,296.0,3.0,313.0,1410.0,332.57142857142827,17259.833984375,28.899999618530273,0.8666666746139526,16496.283203125,21.516666412353516,3.5999999046325684,4.7833333015441895,25.316667556762695,16985.833984375,1970.6571428571428,0.6032857298851013,24.873689651489258,71.57142857142857,1360.5076904296875,2044.800048828125,-0.018214281648397446,961.2,1,505,1,0,0,41,2,71
0,325.0,0.8015963435173035,296.0,3.0,313.0,1101.0,329.42857142857116,13650.0,30.53333282470703,2.1666667461395264,21710.466796875,22.16666603088379,3.5999999046325684,4.800000190734863,26.799999237060547,22091.333984375,2054.2285714285713,0.6037619113922119,24.875713348388672,70.2,1358.2684326171875,2079.60009765625,0.01502380333840847,961.8857142857142,0,505,1,0,0,42,21,163
0,252.0,0.8403648734092712,296.0,3.0,313.0,1200.0,325.46938775510176,14103.6669921875,31.016666412353516,0.10000000149011612,17212.599609375,21.766666412353516,3.5999999046325684,4.75,28.28333282470703,17465.333984375,2111.114285714286,0.6056190729141235,24.931190490722656,68.82857142857142,1355.621826171875,2101.371337890625,0.057904746383428574,962.8285714285714,1,505,1,0,0,41,5,114
0,190.0,0.6453819870948792,296.0,3.0,313.0,1343.0,322.8367346938773,15646.0556640625,29.016666412353516,1.3833333253860474,19576.783203125,20.83888816833496,3.8333332538604736,4.566666603088379,22.794445037841797,21481.611328125,2137.3714285714286,0.5964285731315613,24.903451919555664,65.11428571428571,1350.5367431640625,2139.314208984375,0.06592854857444763,962.4571428571429,3,505,1,0,0,42,8,77
0,403.0,0.9247434139251709,296.0,3.0,302.0,1600.0,315.4693877551017,15824.1669921875,27.83333396911621,2.4166667461395264,17693.75,21.566667556762695,4.0,4.800000190734863,18.883333206176758,19213.666015625,2227.1714285714284,0.6013095378875732,24.913570404052734,70.37142857142857,1354.433837890625,2150.771484375,0.22245237231254578,960.5428571428571,0,469,1,0,0,41,17,201
0,205.0,0.8301026225090027,296.0,3.0,313.0,1067.0,315.4693877551017,14701.0,27.39444351196289,0.5666666626930237,16535.521484375,20.794445037841797,3.5333333015441895,4.5333333015441895,16.327777862548828,16240.27734375,2293.657142857143,0.5961428880691528,24.764404296875,72.28571428571429,1357.6783447265625,2154.800048828125,0.3638571500778198,957.8571428571429,1,505,1,0,0,31,6,81
0,283.0,0.8871151804924011,296.0,3.0,313.0,1100.0,312.53061224489767,16042.6669921875,30.899999618530273,0.25,16921.80078125,21.566667556762695,3.9000000953674316,4.599999904632568,17.766666412353516,15984.5,2310.1714285714284,0.5899761915206909,24.751785278320312,71.54285714285714,1353.4696044921875,2181.17138671875,0.3596666753292084,955.5142857142857,2,505,1,0,0,31,16,113
0,324.0,0.9099201560020447,296.0,3.0,313.0,1168.0,307.57142857142827,14551.6669921875,31.683332443237305,1.3333333730697632,17817.3828125,21.016666412353516,3.700000047683716,4.699999809265137,18.03333282470703,16090.8330078125,2483.4,0.6009523868560791,24.858810424804688,75.22857142857143,1350.220703125,2201.199951171875,0.5265952348709106,953.3714285714286,3,505,1,0,0,31,7,147
0,422.0,0.8814139366149902,296.0,3.0,313.0,1055.0,306.0612244897956,14248.8330078125,34.29999923706055,1.1833332777023315,21363.25,21.78333282470703,3.799999952316284,4.699999809265137,18.41666603088379,19019.833984375,2582.2571428571428,0.598642885684967,24.826190948486328,75.54285714285714,1347.53662109375,2218.742919921875,0.5134285688400269,951.2571428571429,1,505,1,0,0,41,19,162
0,353.0,0.8141391277313232,296.0,3.0,313.0,1147.0,303.83673469387725,14464.3330078125,32.33333206176758,0.4000000059604645,18867.099609375,20.96666717529297,3.700000047683716,4.699999809265137,13.399999618530273,16422.0,2590.6285714285714,0.5972142815589905,24.839881896972656,73.82857142857142,1349.315185546875,2236.028564453125,0.4812619090080261,954.3714285714286,2,505,1,0,0,31,14,162
0,161.0,0.8643101453781128,296.0,3.0,313.0,1062.0,302.2244897959181,13956.0,31.600000381469727,0.30000001192092896,17417.232421875,21.383333206176758,3.700000047683716,4.900000095367432,15.766666412353516,16591.0,2682.4857142857145,0.5929523706436157,24.749643325805664,74.4,1355.268798828125,2247.45703125,0.45557141304016113,955.6,0,505,1,0,0,31,21,80
0,278.0,0.7411630749702454,296.0,3.0,313.0,1438.0,300.51020408163237,12723.666015625,35.80000305175781,1.755555510520935,17287.216796875,21.183332443237305,3.433333396911621,4.449999809265137,17.549999237060547,17188.888671875,2711.4285714285716,0.5945000052452087,24.84833335876465,75.31428571428572,1346.418212890625,2266.54296875,0.44349998235702515,951.3142857142857,2,505,1,0,0,31,9,111
0,236.0,0.4321550726890564,296.0,3.0,313.0,1090.0,299.42857142857116,15725.8330078125,33.81666564941406,2.2833333015441895,18676.517578125,21.71666717529297,4.099999904632568,4.583333492279053,15.633333206176758,18869.333984375,2736.457142857143,0.5939047336578369,24.824167251586914,75.54285714285714,1345.9862060546875,2276.257080078125,0.4337380826473236,950.3142857142857,2,505,1,0,0,31,17,88
0,146.0,0.6328392028808594,296.0,3.0,313.0,1320.0,298.02040816326513,12426.3330078125,37.516666412353516,2.549999952316284,24063.30078125,21.983333587646484,4.0,4.483333110809326,15.316666603088379,20995.666015625,2853.0,0.5911904573440552,24.755001068115234,75.85714285714286,1355.402587890625,2300.685791015625,0.4180000126361847,955.1428571428571,4,505,1,0,0,41,12,54
0,375.0,0.7331812977790833,296.0,3.0,313.0,1295.0,304.4897959183672,14116.3330078125,37.25,1.7666666507720947,21528.767578125,22.883333206176758,4.699999809265137,4.583333492279053,16.83333396911621,19961.666015625,2995.057142857143,0.595714271068573,24.848215103149414,75.77142857142857,1353.6517333984375,2348.45703125,0.3365476131439209,958.4,0,505,1,0,0,21,4,182
0,277.0,0.8472064137458801,296.0,3.0,313.0,1184.0,312.95918367346917,15690.8330078125,36.900001525878906,1.7000000476837158,19522.533203125,21.75,4.199999809265137,4.550000190734863,18.03333282470703,18540.833984375,3028.0857142857144,0.5946666598320007,24.87738037109375,76.68571428571428,1351.830810546875,2328.314208984375,0.3246428668498993,957.8285714285714,1,505,1,0,0,42,5,115
0,414.0,0.9646522402763367,296.0,3.0,313.0,1030.0,314.87755102040796,18090.333984375,41.06666564941406,1.100000023841858,20432.650390625,21.883333206176758,4.5,4.650000095367432,18.200000762939453,17240.833984375,3011.4857142857145,0.5902142524719238,24.83785629272461,77.8,1353.92724609375,2320.45703125,0.34697622060775757,957.4857142857143,0,505,1,0,0,41,20,206
0,316.0,0.920182466506958,296.0,3.0,313.0,1110.0,315.0408163265304,13607.3330078125,33.483333587646484,1.899999976158142,17146.68359375,21.600000381469727,4.599999904632568,4.449999809265137,25.116666793823242,17353.5,3065.8285714285716,0.5816190242767334,24.69202423095703,84.2,1356.2696533203125,2254.914306640625,0.3837142884731293,950.2857142857143,0,505,1,0,0,41,21,158
0,322.0,0.9714937210083008,296.0,3.0,313.0,1038.0,317.8571428571427,14410.22265625,30.061111450195312,0.8055555820465088,25706.15625,21.066665649414062,3.9666666984558105,4.349999904632568,33.150001525878906,19859.5,3092.5714285714284,0.5940238237380981,24.986665725708008,90.4,1359.408203125,2209.05712890625,0.4197857081890106,949.5142857142857,0,505,1,0,0,41,30,160
1,258.0,0.0,296.0,3.0,296.0,3324.0,283.9591836734692,11617.6669921875,31.78333282470703,2.9166667461395264,17906.68359375,23.03333282470703,4.900000095367432,4.383333206176758,27.066667556762695,35553.66796875,2987.8571428571427,0.6477380990982056,25.757261276245117,118.11428571428571,1354.682861328125,2160.0,0.5072857141494751,941.8857142857142,0,496,1,0,0,41,18,101
1,209.0,0.1425313502550125,296.0,3.0,285.0,6207.0,279.93877551020387,,,,,,,,,,2983.5142857142855,0.6473809480667114,25.79511833190918,120.88571428571429,1361.3909912109375,2145.800048828125,0.5271190404891968,943.5714285714286,1,496,1,0,0,31,16,82
0,,0.0,296.0,3.0,285.0,4081.0,268.7959183673467,14423.5,29.950000762939453,2.25,18118.767578125,21.450000762939453,4.099999904632568,4.150000095367432,31.299999237060547,20102.166015625,3057.6857142857143,0.6622142791748047,25.83761978149414,119.22857142857143,1365.2684326171875,2152.39990234375,0.4993095099925995,952.0857142857143,2,496,1,0,0,34,8,
0,243.0,0.1961231529712677,296.0,3.0,285.0,1698.0,268.7959183673467,14007.9443359375,32.25,1.0333333015441895,17171.361328125,21.16666603088379,4.0,4.0722222328186035,33.116668701171875,18769.22265625,3057.6857142857143,0.6622142791748047,25.83761978149414,119.22857142857143,1365.2684326171875,2152.39990234375,0.4993095099925995,952.0857142857143,1,496,1,0,0,31,25,114
0,244.33227999318535,0.7537057995796204,296.0,3.0,272.0,2977.0,268.20408163265284,14666.6669921875,32.03333282470703,1.2166666984558105,15590.7001953125,21.366666793823242,4.300000190734863,4.0,34.86666488647461,16340.6669921875,3093.657142857143,0.6560952663421631,25.806785583496094,120.17142857142858,1369.0999755859375,2124.45703125,0.47276192903518677,951.9428571428572,1,497,1,0,0,42,2,114
0,238.0,0.5769669413566589,296.0,3.0,272.0,1132.0,271.8979591836733,15310.1669921875,28.58333396911621,0.8999999761581421,16055.9169921875,22.233333587646484,4.5,3.950000047683716,33.93333435058594,16441.0,3117.342857142857,0.6626666784286499,25.856428146362305,118.68571428571428,1365.02978515625,2116.800048828125,0.4330238401889801,953.4,1,497,1,0,0,34,8,110
0,129.0,0.0057012541219592094,296.0,3.0,272.0,6267.0,278.12244897959164,14658.2783203125,32.372222900390625,1.0166666507720947,17162.44921875,21.2722225189209,4.733333110809326,4.22777795791626,27.86111068725586,18524.443359375,3165.457142857143,0.685452401638031,25.991666793823242,114.08571428571429,1372.49267578125,2121.3427734375,0.3816428780555725,969.0571428571428,1,497,1,0,0,24,6,51
0,205.0,0.6864309906959534,296.0,3.0,272.0,11675.0,285.26530612244875,14387.6669921875,36.21666717529297,1.100000023841858,16348.0498046875,21.450000762939453,4.199999809265137,4.0,25.450000762939453,15400.0,3181.5714285714284,0.682285726070404,25.958572387695312,114.31428571428572,1370.7408447265625,2103.485595703125,0.4147856831550598,967.0571428571428,0,497,1,0,0,21,5,74
0,245.0,0.47092360258102417,296.0,3.0,272.0,6869.0,294.2040816326529,13579.0,33.54999923706055,1.3333333730697632,15884.8330078125,21.78333282470703,4.199999809265137,4.050000190734863,32.71666717529297,17378.666015625,3143.657142857143,0.6754999756813049,26.002500534057617,115.68571428571428,1365.0809326171875,2100.971435546875,0.41585713624954224,961.5714285714286,1,497,1,0,0,21,6,91
0,222.0,0.6339794993400574,296.0,3.0,272.0,1061.0,299.9183673469385,14537.6669921875,31.483333587646484,1.2833333015441895,16693.033203125,21.866666793823242,4.599999904632568,3.9833333492279053,36.599998474121094,16716.166015625,3168.342857142857,0.6726666688919067,25.967618942260742,116.02857142857142,1365.191162109375,2069.1142578125,0.398333340883255,960.2,2,497,1,0,0,31,2,80
1,239.55453898204553,0.6602052450180054,296.0,3.0,272.0,1139.0,301.14285714285694,12831.4443359375,31.2722225189209,3.094444513320923,15071.322265625,20.72222328186035,4.099999904632568,4.0,42.64444351196289,16559.66796875,3179.285714285714,0.6787381172180176,26.039167404174805,115.85714285714286,1365.1356201171875,2057.742919921875,0.3748333156108856,962.6857142857143,1,497,1,0,1,31,21,116
0,219.0,0.9270239472389221,296.0,3.0,272.0,1113.0,303.81632653061206,13164.6669921875,29.21666717529297,1.350000023841858,16041.2001953125,21.316667556762695,4.900000095367432,3.9833333492279053,35.33333206176758,15750.0,3229.1714285714284,0.6883571147918701,26.070951461791992,117.71428571428571,1370.4422607421875,2014.3143310546875,0.3089523911476135,966.0571428571428,0,497,1,0,1,42,11,105
0,229.0,0.7639680504798889,296.0,3.0,272.0,1119.0,303.81632653061206,15761.77734375,26.738887786865234,3.049999952316284,16233.85546875,21.655555725097656,4.099999904632568,3.9833333492279053,44.21666717529297,16530.888671875,3230.5142857142855,0.6900476217269897,26.083690643310547,118.05714285714286,1372.067138671875,2007.1142578125,0.2839285731315613,967.1142857142858,1,497,1,0,1,41,2,107
0,262.0,0.9372861981391907,296.0,3.0,272.0,1168.0,309.1632653061223,15031.0,24.816667556762695,3.683333396911621,16325.349609375,21.46666717529297,3.700000047683716,4.083333492279053,45.900001525878906,17779.5,3205.7714285714287,0.6932619214057922,26.11166763305664,120.68571428571428,1377.0914306640625,2004.3143310546875,0.20628570020198822,968.4,0,497,1,0,1,21,35,125
0,307.0,0.9270239472389221,296.0,3.0,272.0,1064.0,314.59183673469363,14716.3330078125,27.516666412353516,1.0833333730697632,14561.81640625,21.683332443237305,4.0,4.050000190734863,40.79999923706055,15281.5,3183.2571428571428,0.699833333492279,26.219881057739258,122.91428571428571,1372.8369140625,2032.5714111328125,0.13297617435455322,966.5428571428571,0,497,1,0,1,31,35,146
0,360.0,0.8266818523406982,296.0,3.0,272.0,1755.0,316.7755102040813,14305.5,30.58333396911621,4.116666793823242,16330.0,21.16666603088379,3.700000047683716,4.199999809265137,43.43333435058594,17706.0,3183.6857142857143,0.7175238132476807,26.400833129882812,130.82857142857142,1376.143798828125,2010.800048828125,0.13852384686470032,965.8,0,497,1,0,1,41,26,170
1,264.0,0.5895096659660339,296.0,3.0,272.0,1136.0,295.7142857142855,14584.5,22.78333282470703,1.6833332777023315,15080.75,24.066667556762695,3.9000000953674316,4.0333333015441895,50.03333282470703,16500.0,3152.942857142857,0.7204999923706055,26.39797592163086,134.8,1387.7490234375,2037.7142333984375,-0.02811906486749649,968.8857142857142,0,497,1,0,1,41,21,124
0,212.0,0.8358038663864136,296.0,3.0,272.0,1729.0,275.816326530612,12626.0,29.866666793823242,1.2833333015441895,13343.5498046875,20.733333587646484,3.9000000953674316,4.150000095367432,38.70000076293945,15752.5,3173.3714285714286,0.7144523859024048,26.40488052368164,130.62857142857143,1397.86279296875,2088.39990234375,-0.1961190402507782,978.2285714285714,0,497,1,0,1,21,8,98
0,214.0,0.7844926118850708,296.0,3.0,272.0,1168.0,266.3061224489794,13432.0,33.20000076293945,1.5333333015441895,14806.150390625,20.633333206176758,4.300000190734863,4.25,24.91666603088379,15750.5,3230.885714285714,0.721833348274231,26.45916748046875,117.42857142857143,1389.150146484375,2152.228515625,-0.3547380864620209,989.3428571428572,0,497,1,0,1,41,35,100
0,179.0,0.09692132472991943,296.0,3.0,272.0,2596.0,263.7346938775508,17896.333984375,31.850000381469727,3.316666603088379,48199.46484375,24.399999618530273,4.5,4.699999809265137,27.41666603088379,22907.666015625,3240.8285714285716,0.739214301109314,26.53631019592285,115.94285714285714,1387.42236328125,2160.971435546875,-0.3782142996788025,993.9428571428572,1,497,1,0,1,34,5,74
0,160.0,0.5096921324729919,296.0,3.0,272.0,1067.0,260.79591836734676,12435.888671875,27.83333396911621,1.5611110925674438,14686.283203125,21.14444351196289,3.5999999046325684,4.083333492279053,32.78888702392578,15019.77734375,3205.542857142857,0.7282381057739258,26.4613094329834,123.68571428571428,1392.7479248046875,2118.742919921875,-0.3688095211982727,985.6285714285714,0,497,1,0,1,41,34,65
0,101.0,0.8814139366149902,296.0,3.0,272.0,1051.0,251.69387755102028,14052.5,34.28333282470703,2.299999952316284,15306.7998046875,21.633333206176758,4.0,4.150000095367432,30.683332443237305,15602.8330078125,3167.285714285714,0.6986904740333557,26.312976837158203,129.28571428571428,1403.546142578125,2110.971435546875,-0.4306190609931946,978.8571428571429,1,497,1,1,1,42,4,46
0,200.0,0.7753705978393555,296.0,3.0,272.0,1093.0,250.55102040816314,14115.5,33.75,3.450000047683716,14041.56640625,20.683332443237305,3.799999952316284,4.150000095367432,27.383333206176758,14943.3330078125,3158.0,0.6885714530944824,26.28261947631836,126.62857142857143,1404.2034912109375,2148.17138671875,-0.4406190514564514,979.1142857142858,0,497,1,1,1,41,12,94
0,176.0,0.6157354712486267,296.0,3.0,272.0,1280.0,248.5918367346938,13845.3330078125,26.883333206176758,1.5499999523162842,15547.150390625,21.899999618530273,3.700000047683716,4.166666507720947,31.933332443237305,15979.5,3121.6,0.6859762072563171,26.26785659790039,126.85714285714286,1405.9349365234375,2157.485595703125,-0.4648095369338989,978.9714285714285,1,497,1,1,1,42,6,77
0,40.0,0.22576966881752014,296.0,3.0,272.0,1728.0,244.28571428571422,14000.6669921875,25.71666717529297,1.2666666507720947,15126.349609375,21.233333587646484,3.5999999046325684,4.25,32.38333511352539,15701.3330078125,3057.285714285714,0.6890714168548584,26.274999618530273,124.48571428571428,1405.60205078125,2173.28564453125,-0.5078571438789368,982.2285714285714,5,497,1,1,1,41,2,14
0,74.0,0.7423033118247986,296.0,3.0,272.0,1326.0,240.71428571428567,14238.8330078125,23.950000762939453,1.3833333253860474,13942.8837890625,21.33333396911621,4.099999904632568,4.2833333015441895,34.5,16941.666015625,3050.7714285714287,0.680404782295227,26.24785804748535,127.62857142857143,1405.1514892578125,2172.82861328125,-0.5051190853118896,976.6857142857143,2,497,1,1,1,42,8,35
0,155.0,0.611174464225769,296.0,3.0,272.0,6281.0,240.14285714285705,15225.5,33.06666564941406,2.700000047683716,15522.25,20.450000762939453,3.9000000953674316,4.183333396911621,30.96666717529297,19367.5,2944.0,0.6754047870635986,26.212499618530273,129.11428571428573,1410.15625,2183.3427734375,-0.5486428737640381,976.1714285714286,5,497,1,0,0,42,6,56
0,115.0,0.18358038365840912,296.0,3.0,272.0,10058.0,240.14285714285705,13086.0,33.75,1.7000000476837158,16639.533203125,20.899999618530273,4.099999904632568,4.25,30.683332443237305,16909.333984375,2914.114285714286,0.6766666769981384,26.198213577270508,126.45714285714286,1410.2359619140625,2189.914306640625,-0.585095226764679,979.4571428571429,2,497,1,0,0,31,5,39
0,150.0,0.11402508616447449,296.0,3.0,272.0,5558.0,239.7142857142856,13848.1669921875,26.616666793823242,0.6333333253860474,19490.0,23.28333282470703,4.300000190734863,4.349999904632568,30.066667556762695,21400.333984375,2873.942857142857,0.685952365398407,26.27559471130371,119.48571428571428,1408.91650390625,2225.228515625,-0.6783095002174377,988.1714285714286,6,497,1,0,0,31,13,58
0,212.0,0.3979475498199463,296.0,3.0,272.0,2480.0,240.59183673469377,15711.3330078125,29.600000381469727,1.5666667222976685,16294.900390625,21.03333282470703,4.0,4.183333396911621,33.516666412353516,16770.0,2863.657142857143,0.6703095436096191,26.229047775268555,131.5142857142857,1412.5299072265625,2194.514404296875,-0.6297857165336609,973.8571428571429,0,497,1,0,0,21,19,85
0,100.0,0.24515393376350403,296.0,3.0,293.0,8859.0,241.7959183673468,13002.6669921875,26.41666603088379,0.9833333492279053,16843.466796875,22.399999618530273,4.199999809265137,4.300000190734863,31.28333282470703,17781.333984375,2920.4,0.6684523820877075,26.215713500976562,123.34285714285714,1406.32470703125,2233.485595703125,-0.690761923789978,978.4857142857143,2,476,1,0,0,31,15,41
0,132.0,0.07981756329536438,296.0,3.0,293.0,11842.0,247.08163265306104,15083.8330078125,30.116666793823242,1.649999976158142,16367.25,20.83333396911621,4.099999904632568,4.199999809265137,34.53333282470703,17490.0,2923.542857142857,0.673119068145752,26.163333892822266,128.11428571428573,1416.9564208984375,2238.971435546875,-0.6740000247955322,979.3714285714286,2,476,1,0,0,41,14,55
0,87.0,0.10604333132505417,296.0,3.0,293.0,9969.0,249.6734693877549,13869.3330078125,30.299999237060547,1.5833333730697632,15075.900390625,20.21666717529297,4.199999809265137,4.25,41.266666412353516,15015.0,2920.3142857142857,0.6657142639160156,26.193096160888672,134.62857142857143,1423.438720703125,2227.428466796875,-0.6711904406547546,975.6857142857143,2,476,1,0,0,21,9,39
0,142.0,0.718358039855957,296.0,3.0,293.0,1067.0,258.02040816326513,13929.3330078125,31.53333282470703,1.7166666984558105,15363.349609375,20.816667556762695,3.9000000953674316,4.150000095367432,40.68333435058594,16050.5,2938.2285714285713,0.646142840385437,26.018095016479492,138.8,1416.9525146484375,2221.94287109375,-0.600595235824585,960.8571428571429,5,496,1,0,0,42,3,53
0,159.7593944473496,0.4047890603542328,296.0,3.0,293.0,4355.0,260.3061224489794,14837.0,30.816667556762695,1.8666666746139526,14946.099609375,21.049999237060547,4.099999904632568,4.083333492279053,36.88333511352539,14678.0,2964.2285714285713,0.6400476098060608,25.979047775268555,136.68571428571428,1412.5849609375,2235.028564453125,-0.6114047765731812,957.8571428571429,2,476,1,0,0,31,3,60
0,256.0,0.4378563165664673,296.0,3.0,293.0,9096.0,269.0204081632652,14380.1669921875,29.866666793823242,2.1666667461395264,13280.0830078125,21.71666717529297,4.199999809265137,4.133333206176758,42.900001525878906,15214.0,3011.542857142857,0.6330952644348145,25.872737884521484,131.9142857142857,1413.2713623046875,2267.82861328125,-0.6112380623817444,961.0571428571428,2,476,1,0,0,42,3,92
0,201.0,0.5746864080429077,296.0,3.0,293.0,3544.0,274.2448979591835,14434.0,34.78333282470703,2.25,14847.2001953125,21.483333587646484,4.0,4.083333492279053,41.766666412353516,16267.5,3027.0285714285715,0.6255714297294617,25.81940460205078,134.94285714285715,1420.4925537109375,2272.05712890625,-0.580642819404602,959.9714285714285,3,476,1,0,0,42,3,82
0,179.0,0.8506271243095398,296.0,3.0,293.0,2792.0,281.12244897959164,15121.6669921875,29.100000381469727,2.200000047683716,13222.4833984375,20.350000381469727,3.9000000953674316,4.050000190734863,42.900001525878906,16879.666015625,3057.714285714286,0.6240000128746033,25.78761863708496,132.6,1420.04931640625,2286.628662109375,-0.612500011920929,960.8857142857142,1,476,1,0,0,21,1,66
0,150.0,0.4789053499698639,296.0,3.0,293.0,1284.0,285.9591836734692,14407.0,28.33333396911621,2.799999952316284,13680.43359375,19.433332443237305,3.799999952316284,4.050000190734863,45.68333435058594,14721.8330078125,3083.942857142857,0.6223333477973938,25.748809814453125,131.34285714285716,1422.7457275390625,2297.8857421875,-0.6218095421791077,962.5142857142857,4,476,1,0,0,31,2,57
0,272.0,0.10034207254648209,296.0,3.0,293.0,3042.0,288.3265306122447,17009.166015625,29.41666603088379,1.5166666507720947,13106.8330078125,20.21666717529297,4.099999904632568,4.0333333015441895,42.650001525878906,16402.5,3107.2571428571428,0.623619019985199,25.74380874633789,131.65714285714284,1421.7117919921875,2301.857177734375,-0.6256666779518127,961.7142857142857,1,476,1,0,0,31,1,127
0,183.0,0.9384264349937439,296.0,3.0,293.0,1454.0,291.4897959183671,17584.333984375,31.016666412353516,2.066666603088379,14672.1162109375,22.383333206176758,4.5,3.9833333492279053,44.41666793823242,16970.5,3114.5714285714284,0.6232143044471741,25.741310119628906,130.68571428571428,1422.0460205078125,2303.628662109375,-0.6269047856330872,962.5142857142857,1,476,1,0,0,21,1,85
0,170.0,0.785632848739624,296.0,3.0,293.0,1067.0,294.89795918367327,17546.166015625,30.149999618530273,5.016666889190674,15466.9501953125,20.33333396911621,4.199999809265137,4.050000190734863,46.61666488647461,16039.8330078125,3099.9714285714285,0.6421904563903809,25.77511978149414,130.74285714285713,1429.3775634765625,2306.1142578125,-0.6385714411735535,970.0285714285715,0,476,1,0,1,42,13,80
0,169.0,0.6932725310325623,296.0,3.0,293.0,1104.0,294.89795918367327,17539.5,31.399999618530273,4.949999809265137,16880.216796875,20.183332443237305,4.099999904632568,4.050000190734863,46.29999923706055,17747.166015625,3099.9714285714285,0.6421904563903809,25.77511978149414,130.74285714285713,1429.3775634765625,2306.1142578125,-0.6385714411735535,970.0285714285715,0,476,1,0,1,42,13,78
0,113.0,0.46294185519218445,296.0,3.0,293.0,1479.0,291.3673469387753,15553.4443359375,33.78333282470703,3.194444417953491,15517.14453125,19.872220993041992,4.699999809265137,4.25,45.650001525878906,16877.0546875,3119.285714285714,0.6503809690475464,25.803810119628906,125.48571428571428,1424.0894775390625,2291.1142578125,-0.663690447807312,974.1142857142858,2,476,1,0,0,42,8,41
0,202.0,0.41619154810905457,296.0,3.0,293.0,1386.0,292.9387755102038,16909.5,27.616666793823242,3.116666555404663,14498.4169921875,20.316667556762695,4.800000190734863,4.083333492279053,48.58333206176758,16611.0,3037.457142857143,0.6571905016899109,25.798213958740234,124.65714285714286,1424.4603271484375,2300.05712890625,-0.6848571300506592,975.9142857142857,0,476,1,0,0,31,35,91
0,277.0,0.25313568115234375,296.0,3.0,293.0,1443.0,287.02040816326513,16105.3330078125,30.33333396911621,3.433333396911621,13340.6669921875,19.450000762939453,4.099999904632568,4.083333492279053,50.0,15984.6669921875,3011.5142857142855,0.665404736995697,25.89630889892578,125.11428571428571,1423.9178466796875,2271.39990234375,-0.6899762153625488,977.5714285714286,0,476,1,0,0,21,4,124
0,166.0,0.3055872321128845,296.0,3.0,293.0,1343.0,284.10204081632634,16666.5,29.25,1.5666667222976685,12835.533203125,20.149999618530273,4.0,4.083333492279053,52.45000076293945,18547.333984375,2915.4857142857145,0.6705714464187622,25.876428604125977,123.74285714285715,1425.419921875,2282.71435546875,-0.7116666436195374,980.2285714285714,0,476,1,0,0,34,4,79
0,,0.06841505318880081,296.0,3.0,293.0,6724.0,266.9795918367344,17678.333984375,31.08333396911621,1.75,17982.099609375,24.46666717529297,4.699999809265137,4.5333333015441895,36.21666717529297,23273.0,2775.5142857142855,0.7340952157974243,26.199642181396484,107.48571428571428,1409.731689453125,2367.39990234375,-0.4939047694206238,1006.7714285714286,0,476,1,1,0,41,17,
0,69.94422322737273,0.05473203957080841,296.0,3.0,293.0,6628.0,254.75510204081613,27727.833984375,24.46666717529297,1.4166666269302368,16970.30078125,24.100000381469727,4.900000095367432,4.5333333015441895,37.25,30187.0,2674.542857142857,0.742976188659668,26.210237503051758,112.22857142857143,1414.1282958984375,2375.60009765625,-0.36140474677085876,1005.7142857142857,2,476,1,1,0,41,10,32
0,47.0,0.02166476659476757,296.0,3.0,293.0,11768.0,242.7142857142855,15435.6669921875,27.25,1.4833333492279053,17538.083984375,25.200000762939453,5.099999904632568,4.633333206176758,33.900001525878906,20733.5,2800.8285714285716,0.7564523816108704,26.24011993408203,106.65714285714286,1403.8956298828125,2427.05712890625,-0.21802380681037903,1007.4571428571429,4,476,1,1,0,41,4,16
0,,0.05473203957080841,296.0,3.0,293.0,10864.0,242.7142857142855,21863.388671875,27.572223663330078,9.466667175292969,30367.927734375,26.899999618530273,4.800000190734863,4.4666666984558105,33.650001525878906,34752.33203125,2847.6285714285714,0.7504047751426697,26.175952911376953,107.17142857142858,1403.1495361328125,2436.17138671875,-0.14004762470722198,1005.4857142857143,5,476,1,1,0,21,17,
0,113.0,0.5644241571426392,296.0,3.0,293.0,2651.0,246.9183673469386,14504.3330078125,30.183332443237305,1.350000023841858,15039.7998046875,21.75,4.599999904632568,4.183333396911621,46.900001525878906,17360.0,2966.0857142857144,0.7419523596763611,26.117380142211914,114.57142857142857,1410.3870849609375,2445.199951171875,-0.07438094168901443,999.2857142857143,0,476,1,0,1,34,6,42
0,146.0,0.6009122133255005,296.0,3.0,293.0,1289.0,246.9183673469386,16551.333984375,30.233333587646484,1.7999999523162842,14157.716796875,20.71666717529297,4.0,4.133333206176758,50.599998474121094,17220.333984375,2974.942857142857,0.7141904830932617,25.91535758972168,126.17142857142858,1420.658935546875,2406.428466796875,-0.06566666811704636,987.0,0,476,1,0,1,21,31,58
0,,0.08323831111192703,296.0,3.0,293.0,2779.0,274.26530612244886,17476.888671875,38.30555725097656,2.366666555404663,16938.76171875,20.827777862548828,3.7333333492279053,4.616666793823242,35.844444274902344,19625.111328125,3256.542857142857,0.7226428389549255,25.884761810302734,122.62857142857143,1420.761474609375,2437.60009765625,-0.10428571701049805,989.9428571428572,8,476,1,0,1,31,3,
0,91.0,0.34777650237083435,296.0,3.0,293.0,6362.0,282.5510204081631,16046.0,35.25,5.266666889190674,16428.30078125,22.03333282470703,4.5,4.383333206176758,46.16666793823242,19754.0,3325.285714285714,0.7568809390068054,26.11750030517578,121.68571428571428,1421.60400390625,2453.60009765625,-0.17319047451019287,1000.7428571428571,1,476,1,0,0,21,6,42
0,163.0,0.8996579051017761,296.0,3.0,293.0,1110.0,288.71428571428555,16817.833984375,37.883331298828125,1.4388889074325562,14331.75,20.011110305786133,3.566666603088379,4.133333206176758,46.61111068725586,14734.5556640625,3285.4285714285716,0.7285000085830688,25.92547607421875,127.82857142857142,1420.351806640625,2421.571533203125,-0.05402382090687752,986.1142857142858,0,476,1,0,1,42,34,60
0,297.0,0.07753705978393555,296.0,3.0,293.0,2707.0,296.8571428571427,14756.8330078125,35.266666412353516,3.1666667461395264,15437.5166015625,21.899999618530273,4.599999904632568,4.083333492279053,46.0,19788.0,3361.885714285714,0.7467619180679321,26.0530948638916,132.94285714285715,1422.979736328125,2396.54296875,-0.261595219373703,984.2571428571429,0,476,1,1,0,41,28,151
0,206.0,0.5667046904563904,296.0,3.0,293.0,2468.0,297.9387755102038,15565.0,32.63888931274414,0.9777777791023254,15137.099609375,22.077777862548828,4.266666412353516,4.105555534362793,49.96111297607422,16225.2216796875,3361.0,0.7503571510314941,26.098690032958984,134.82857142857142,1423.31884765625,2388.94287109375,-0.2611904740333557,983.9428571428572,0,476,1,0,0,31,35,104
0,62.0,0.624857485294342,296.0,3.0,293.0,1589.0,302.8979591836732,13657.5,30.683332443237305,1.3666666746139526,14341.849609375,21.0,3.700000047683716,4.183333396911621,50.21666717529297,15638.5,3383.4857142857145,0.7480714321136475,25.99785614013672,138.6,1421.7093505859375,2354.05712890625,-0.41278573870658875,978.1714285714286,0,476,1,0,1,41,9,23
1,372.0,0.24743443727493286,296.0,3.0,293.0,1354.0,307.4081632653059,16912.0,32.13333511352539,1.8833333253860474,18982.25,21.683332443237305,4.400000095367432,4.150000095367432,49.04999923706055,19498.833984375,3415.4,0.7566666603088379,26.08785629272461,141.22857142857143,1421.373779296875,2333.05712890625,-0.42445236444473267,977.3142857142857,1,476,1,0,1,42,20,189
0,234.0,0.8278221487998962,296.0,3.0,293.0,1144.0,300.69387755102014,15451.0,34.483333587646484,3.0166666507720947,15538.5498046875,21.91666603088379,4.0,4.2166666984558105,39.96666717529297,17342.666015625,3395.542857142857,0.857452392578125,26.504762649536133,156.8,1435.247314453125,2115.742919921875,3.0437142848968506,996.0571428571428,0,476,1,0,1,31,2,118
0,138.0,0.8437856435775757,296.0,3.0,229.0,1090.0,274.4285714285713,13360.5,37.54999923706055,2.0333333015441895,18192.150390625,23.866666793823242,4.900000095367432,4.199999809265137,37.099998474121094,20616.166015625,3353.8571428571427,0.8610714077949524,25.97702407836914,162.82857142857142,1439.9268798828125,2086.742919921875,2.6029999256134033,991.4571428571429,0,481,1,0,1,31,2,69
0,374.0,0.8722919225692749,296.0,3.0,293.0,1366.0,259.142857142857,14325.3330078125,30.21666717529297,3.2833333015441895,17778.333984375,24.316667556762695,5.400000095367432,4.150000095367432,48.83333206176758,24974.0,3295.714285714286,0.9276905059814453,26.214284896850586,169.28571428571428,1448.0557861328125,2095.371337890625,1.9496428966522217,1008.6,0,476,1,1,1,21,2,164
0,241.0,0.8836944103240967,296.0,3.0,293.0,1257.0,264.9387755102039,12684.0,29.96666717529297,3.5,16991.482421875,24.100000381469727,5.699999809265137,4.25,35.45000076293945,21706.833984375,3233.057142857143,0.9498571157455444,26.269643783569336,177.25714285714287,1458.472900390625,2078.17138671875,1.725928544998169,1013.9142857142857,0,476,1,1,0,21,4,103
0,123.60430202229834,0.09920182079076767,296.0,3.0,293.0,2892.0,271.93877551020387,13709.3330078125,33.016666412353516,1.5,16340.3662109375,22.266666412353516,4.900000095367432,4.183333396911621,38.56666564941406,21623.333984375,3178.8,1.0059285163879395,26.82452392578125,177.6,1454.7015380859375,2111.17138671875,1.621666669845581,1026.0,1,481,1,1,0,31,7,47
0,137.0,0.42987456917762756,296.0,3.0,229.0,3598.0,271.408163265306,11922.8330078125,29.850000381469727,2.683333396911621,15592.7666015625,22.649999618530273,5.099999904632568,4.449999809265137,45.099998474121094,21014.5,3180.8,1.0113333463668823,26.83761978149414,180.8,1457.878662109375,2078.8857421875,1.5164285898208618,1026.142857142857,0,481,1,1,0,21,6,54
0,,0.8472064137458801,296.0,3.0,229.0,1114.0,259.5510204081631,15048.72265625,29.233333587646484,3.9166667461395264,16176.2783203125,21.549999237060547,4.4666666984558105,4.550000190734863,44.47222137451172,20813.0,2923.657142857143,1.1088571548461914,26.639047622680664,209.14285714285714,1467.4996337890625,2152.371337890625,0.3568571209907532,1042.2285714285715,3,481,1,0,0,41,7,
0,224.0,0.9042189121246338,296.0,3.0,283.0,1189.0,252.61224489795896,13888.1669921875,29.41666603088379,6.75,20267.482421875,27.266666412353516,5.800000190734863,4.599999904632568,36.08333206176758,26782.166015625,2642.9142857142856,1.1533094644546509,26.354286193847656,230.14285714285714,1470.0504150390625,2218.771484375,0.22816666960716248,1054.6857142857143,1,481,1,0,0,31,22,88
0,212.0,0.8996579051017761,296.0,3.0,283.0,1061.0,248.85714285714272,13003.3330078125,36.20000076293945,13.233333587646484,21853.833984375,27.766666412353516,6.199999809265137,4.833333492279053,31.683332443237305,29299.0,2680.0,1.1693094968795776,26.484880447387695,230.65714285714284,1473.5362548828125,2212.628662109375,0.1851428747177124,1060.5142857142857,0,507,1,0,0,21,26,80
0,5.0,0.20068414509296417,296.0,3.0,283.0,3710.0,244.3265306122448,12130.0,32.68333435058594,3.700000047683716,18128.333984375,22.5,4.099999904632568,4.583333492279053,41.58333206176758,23298.666015625,2733.7714285714287,1.2111667394638062,26.963451385498047,232.22857142857143,1480.7608642578125,2200.314208984375,0.11942856758832932,1075.3428571428572,7,507,1,0,0,24,8,2
0,168.0,0.352337509393692,296.0,3.0,229.0,5905.0,237.69387755102022,13066.0,36.71666717529297,13.183333396911621,21909.06640625,28.316667556762695,6.5,4.683333396911621,31.53333282470703,30071.333984375,2834.5142857142855,1.201880931854248,26.610595703125,227.11428571428573,1471.3914794921875,2204.685791015625,0.06023808941245079,1071.942857142857,0,481,1,0,0,31,12,64
0,42.0,0.05359179154038429,296.0,3.0,283.0,7220.0,233.18367346938763,10836.0,34.38333511352539,3.116666555404663,17837.966796875,22.66666603088379,4.800000190734863,4.7833333015441895,35.349998474121094,24331.666015625,2809.4857142857145,1.2130237817764282,26.848928451538086,232.0857142857143,1478.3643798828125,2190.0,0.08802381902933121,1074.7714285714285,4,507,1,0,0,31,8,20
0,127.0,0.34891676902770996,296.0,3.0,283.0,4552.0,229.85714285714272,13082.0,36.29999923706055,3.7333333492279053,18884.333984375,22.149999618530273,4.5,4.75,37.33333206176758,23417.333984375,2870.9142857142856,1.2273333072662354,27.070953369140625,230.2,1478.4300537109375,2175.800048828125,0.035690467804670334,1081.0,2,507,1,0,0,31,3,48
0,67.0,0.0,296.0,3.0,283.0,3432.0,230.7551020408162,12157.3330078125,34.08333206176758,3.5,18588.5,23.483333587646484,4.5,4.583333492279053,36.900001525878906,23558.0,2881.342857142857,1.2130000591278076,27.014524459838867,230.97142857142856,1480.40380859375,2160.485595703125,0.0768333375453949,1078.4857142857143,5,507,1,0,0,31,2,28
0,211.0,0.26111745834350586,267.0,4.0,283.0,4306.0,232.30612244897947,12317.6669921875,31.96666717529297,5.666666507720947,17588.900390625,23.58333396911621,4.699999809265137,4.733333110809326,36.766666412353516,22768.666015625,2961.542857142857,1.198523759841919,26.941072463989258,226.2,1479.1485595703125,2149.571533203125,0.0321904681622982,1080.7142857142858,4,507,1,0,0,21,12,86
0,151.0,0.38996580243110657,267.0,4.0,283.0,1266.0,240.75510204081615,13690.8330078125,30.25555419921875,5.377778053283691,16321.72265625,23.58888816833496,5.066666603088379,4.816666603088379,41.03333282470703,20057.0,2999.7428571428572,1.1606667041778564,26.810237884521484,229.71428571428572,1497.17138671875,2093.914306640625,0.04969048127532005,1077.142857142857,0,507,1,0,0,21,7,59
0,106.0,0.2896237075328827,267.0,4.0,283.0,4537.0,240.4897959183672,12982.6669921875,29.066667556762695,1.5666667222976685,16692.19921875,22.25,4.599999904632568,4.7833333015441895,47.46666717529297,21181.666015625,3077.7714285714287,1.1644047498703003,26.8125,223.77142857142857,1481.2098388671875,2083.228515625,-0.012761901132762432,1075.1142857142856,0,507,1,0,0,31,9,38
0,120.0,0.6225769519805908,267.0,4.0,283.0,1044.0,251.97959183673453,12216.27734375,29.266666412353516,1.9555555582046509,16845.2890625,21.53333282470703,4.566666603088379,4.616666793823242,45.588890075683594,20652.5,3112.7714285714287,1.1466666460037231,26.74571418762207,221.45714285714286,1480.8719482421875,2058.1142578125,0.006809530314058065,1072.6,2,507,1,0,0,31,1,45
0,222.0,0.91904217004776,267.0,4.0,283.0,1168.0,258.6938775510203,10801.0,27.233333587646484,6.4666666984558105,17855.599609375,23.91666603088379,5.5,4.583333492279053,39.11666488647461,22420.5,3162.5714285714284,1.0818809270858765,26.324642181396484,225.31428571428572,1501.465576171875,1937.4571533203125,-0.10216666013002396,1065.5714285714287,0,507,1,1,0,21,35,83
0,178.0,0.8472064137458801,267.0,4.0,283.0,1456.0,215.34693877551004,11829.8330078125,24.633333206176758,2.2333333492279053,15800.68359375,22.03333282470703,4.599999904632568,4.833333492279053,51.599998474121094,19963.833984375,3220.2571428571428,1.020285725593567,26.35523796081543,231.34285714285716,1519.8419189453125,2046.800048828125,-0.1537380814552307,1052.5428571428572,0,507,1,1,0,41,30,66
0,160.0,0.8859749436378479,267.0,4.0,283.0,1054.0,202.77551020408143,10674.3330078125,25.933332443237305,4.766666889190674,17543.80078125,22.950000762939453,5.199999809265137,4.933333396911621,37.81666564941406,22586.666015625,3085.6285714285714,0.9203333258628845,25.86380958557129,241.71428571428572,1559.406982421875,2020.6285400390625,-0.15947619080543518,1037.1714285714286,0,507,1,1,0,41,35,75
0,134.0,0.6590650081634521,267.0,4.0,229.0,2144.0,191.4081632653059,12739.0,31.383333206176758,8.366666793823242,19804.150390625,25.25,6.300000190734863,4.800000190734863,26.649999618530273,27018.166015625,2943.5714285714284,0.81721431016922,24.973928451538086,260.0,1589.54345703125,1971.5999755859375,-0.5927380919456482,1010.6285714285714,1,481,1,0,0,31,7,60
0,130.0,0.8015963435173035,267.0,4.0,229.0,1242.0,181.7959183673467,14351.5,34.29999923706055,7.650000095367432,19226.0,25.366666793823242,6.0,4.800000190734863,30.183332443237305,24973.833984375,2917.4,0.8337857127189636,25.21714210510254,264.7142857142857,1592.50048828125,1957.6571044921875,-0.6130714416503906,1015.1142857142858,1,481,1,0,0,31,8,58
0,144.0,0.46864309906959534,267.0,4.0,260.0,1813.0,173.65306122448962,13075.6669921875,30.383333206176758,8.383333206176758,19947.666015625,27.399999618530273,6.699999809265137,4.800000190734863,34.28333282470703,29457.666015625,2880.7428571428572,0.8445000052452087,25.3266658782959,266.62857142857143,1596.5618896484375,1951.1142578125,-0.6134999990463257,1019.6,0,518,1,0,0,21,2,64
1,161.0,0.03876852989196777,267.0,4.0,229.0,1509.0,166.71428571428555,12912.3330078125,27.28333282470703,6.5,15486.0,23.049999237060547,5.0,5.0,40.266666412353516,19422.666015625,2823.4285714285716,0.8861904740333557,25.914880752563477,270.77142857142854,1588.0106201171875,1935.6856689453125,-0.5816666483879089,1025.7714285714285,0,518,1,0,0,41,28,63
0,106.0,0.04104902967810631,267.0,4.0,229.0,3792.0,160.40816326530594,11470.1669921875,26.71666717529297,2.383333444595337,14561.7998046875,26.183332443237305,5.699999809265137,4.800000190734863,49.93333435058594,22023.333984375,2812.7714285714287,0.8977857232093811,25.954999923706055,272.85714285714283,1581.711669921875,1938.82861328125,-0.5904285907745361,1023.7714285714286,1,518,1,0,0,34,11,43
0,184.0,0.7787913084030151,267.0,4.0,229.0,6785.0,155.67346938775492,12227.0,32.91666793823242,4.900000095367432,16340.900390625,24.266666412353516,5.5,5.0,34.11666488647461,21469.666015625,2739.8571428571427,0.875,25.75428581237793,275.42857142857144,1588.9090576171875,1928.4285888671875,-0.58304762840271,1017.4571428571429,2,481,1,0,0,31,14,64
0,50.0,0.0022805016487836838,267.0,4.0,229.0,4586.0,150.46938775510188,12454.5,32.88333511352539,2.7166666984558105,18073.166015625,25.816667556762695,5.599999904632568,5.0,35.849998474121094,25562.0,2726.2285714285713,0.8909285664558411,25.844762802124023,269.34285714285716,1550.47802734375,1952.82861328125,-0.5691190361976624,1008.2571428571429,8,481,1,0,0,21,5,20
0,101.0,0.23147092759609222,267.0,4.0,229.0,2084.0,147.67346938775495,14118.6669921875,30.100000381469727,2.450000047683716,17749.80078125,27.683332443237305,5.900000095367432,4.933333396911621,34.599998474121094,28308.666015625,2650.057142857143,0.8717857003211975,25.596904754638672,276.2857142857143,1561.0943603515625,1936.6571044921875,-0.5706190466880798,1002.7142857142857,3,481,1,0,0,21,9,37
0,100.0,0.5051311254501343,267.0,4.0,229.0,1774.0,145.36734693877537,12825.0,28.266666412353516,3.816666603088379,19164.166015625,24.133333206176758,5.699999809265137,4.900000095367432,38.68333435058594,26853.333984375,2675.3714285714286,0.8253571391105652,25.054643630981445,269.8285714285714,1569.1375732421875,1943.5999755859375,-0.5684524178504944,995.8,3,481,1,0,0,21,4,39
0,182.0,0.5667046904563904,267.0,4.0,260.0,2269.0,143.0612244897958,14102.6669921875,29.299999237060547,9.133333206176758,19759.099609375,23.28333282470703,5.599999904632568,5.0,39.93333435058594,24396.666015625,2564.9714285714285,0.868071436882019,25.72249984741211,288.0857142857143,1601.5006103515625,1901.3428955078125,-0.5799999833106995,1015.9142857142857,3,518,1,0,0,41,3,77
0,150.0,0.0,267.0,4.0,229.0,3145.0,141.83673469387742,10332.0,24.71666717529297,3.9166667461395264,15367.93359375,21.0,4.699999809265137,4.883333206176758,42.04999923706055,18098.833984375,2467.285714285714,0.9054047465324402,26.12071418762207,292.8857142857143,1587.2418212890625,1897.857177734375,-0.60230952501297,1017.1714285714286,6,481,1,0,0,41,13,55
0,60.12347841049286,0.31356897950172424,267.0,4.0,229.0,2595.0,136.83673469387745,11456.6669921875,25.950000762939453,2.9666666984558105,16385.56640625,22.08333396911621,5.5,5.0,45.78333282470703,21430.666015625,2429.8285714285716,0.9116666913032532,26.146190643310547,295.34285714285716,1589.6160888671875,1893.4571533203125,-0.5894047617912292,1019.0,6,518,1,0,0,31,7,25
1,142.0,0.02508551813662052,267.0,4.0,260.0,5884.0,134.14285714285703,10052.3330078125,23.683332443237305,2.9166667461395264,15011.400390625,20.78333282470703,4.599999904632568,4.933333396911621,46.400001525878906,18952.666015625,2384.942857142857,0.9310952425003052,26.24142837524414,292.6857142857143,1557.4866943359375,1917.857177734375,-0.6013809442520142,1007.4571428571429,5,518,1,0,0,34,5,59
0,170.0,0.0,267.0,4.0,229.0,6073.0,133.1224489795917,12088.0,25.733333587646484,3.450000047683716,16212.650390625,23.03333282470703,4.599999904632568,4.883333206176758,42.650001525878906,19881.333984375,2275.2285714285713,0.9304524064064026,26.28999900817871,305.25714285714287,1569.19775390625,1895.199951171875,-0.6318333148956299,1000.2857142857143,5,518,1,0,0,41,19,67
0,107.0,0.0,267.0,4.0,229.0,5327.0,131.81632653061212,12034.0,24.71666717529297,3.2166666984558105,14626.400390625,21.816667556762695,4.400000095367432,4.883333206176758,49.650001525878906,18048.666015625,2198.9142857142856,0.923119068145752,26.197975158691406,307.0285714285714,1567.6771240234375,1903.199951171875,-0.6273333430290222,994.9142857142857,6,481,1,0,0,41,12,47
0,120.0,0.4880273640155792,267.0,4.0,260.0,3576.0,128.81632653061212,10309.5,24.66666603088379,7.266666889190674,14228.033203125,22.46666717529297,4.5,4.983333110809326,47.68333435058594,18668.666015625,2149.7428571428572,0.927309513092041,26.292261123657227,319.3142857142857,1587.1995849609375,1875.028564453125,-0.6486666798591614,995.1714285714286,3,518,1,0,0,31,35,50
0,80.0,0.15393386781215668,267.0,4.0,229.0,10905.0,127.22448979591823,10890.6669921875,25.016666412353516,2.5999999046325684,14279.75,22.016666412353516,4.800000190734863,4.900000095367432,50.63333511352539,19572.833984375,2041.142857142857,0.931857168674469,26.285476684570312,324.8,1586.8885498046875,1876.4571533203125,-0.619690477848053,991.3428571428572,5,481,1,0,0,31,30,29
1,72.0,0.0,267.0,4.0,260.0,5271.0,125.73913043478247,10787.6669921875,26.983333587646484,3.133333444595337,15347.400390625,21.549999237060547,4.0,4.983333110809326,47.78333282470703,18627.0,2003.2571428571428,0.9413809776306152,26.36618995666504,334.45714285714286,1588.4281005859375,1865.228515625,-0.636738121509552,985.3714285714286,5,518,1,0,0,34,3,33
0,94.0,0.0,267.0,4.0,229.0,7842.0,125.73913043478247,10516.27734375,22.75,3.722222328186035,15279.7392578125,22.97222137451172,4.4666666984558105,4.861111164093018,46.4555549621582,19210.888671875,1971.8857142857144,0.9396428465843201,26.346309661865234,336.77142857142854,1590.284912109375,1862.800048828125,-0.6406905055046082,983.7142857142857,5,481,1,0,0,24,6,42
1,68.0,0.13112884759902954,267.0,4.0,229.0,32767.0,119.542857142857,9029.1669921875,24.566667556762695,6.616666793823242,17525.017578125,22.633333206176758,4.699999809265137,5.199999809265137,48.766666412353516,23619.333984375,1928.5428571428572,0.9104047417640686,25.38059425354004,347.85714285714283,1625.1099853515625,1789.5999755859375,-0.5146428346633911,968.3428571428572,8,481,1,0,0,41,10,25
0,64.0,0.12314709275960922,267.0,4.0,229.0,32767.0,118.9555555555588,9037.77734375,26.58888816833496,6.155555725097656,17409.421875,22.60555648803711,4.633333206176758,5.0722222328186035,46.31666564941406,20662.111328125,1928.5428571428572,0.9104047417640686,25.38059425354004,347.85714285714283,1625.1099853515625,1789.5999755859375,-0.5146428346633911,968.3428571428572,1,481,1,0,0,31,30,26
0,216.0,0.8711516261100769,286.0,2.0,313.0,1106.0,298.2954545454543,14703.0,30.450000762939453,0.699999988079071,17462.0,21.71666717529297,3.700000047683716,4.849999904632568,28.633333206176758,19131.666015625,1483.5142857142857,0.7168333530426025,25.48821449279785,103.45714285714286,1394.5589599609375,1760.7142333984375,-1.0323809385299683,972.3142857142857,1,505,1,0,1,21,3,115
