floodable_forests,biomass,sur_cover,dist,nearest_mature,cec,clay,cfvo,nitro,ocd,ocs,phh2o,sand,soc,mean_soil,mean_vpd,mean_temp,mean_def,mean_srad,mean_pr,mean_pdsi,mean_aet,num_fires,ecoreg,biome,indig,protec,topography,age,sd
1,90.0,0.010262257419526577,5132.0,224.18367346938757,13447.5,36.61666488647461,2.1666667461395264,19012.666015625,22.950000762939453,4.900000095367432,4.25,11.733333587646484,21382.0,2232.3714285714286,0.7576190233230591,27.38428497314453,101.17142857142858,1413.237548828125,2238.94287109375,0.3648809492588043,1047.2571428571428,2,497,1,0,0,31,12,36
1,58.0,0.03192702308297157,2635.0,226.32653061224468,12535.1669921875,36.70000076293945,0.8999999761581421,19883.283203125,22.049999237060547,4.699999809265137,4.183333396911621,10.433333396911621,20006.166015625,2294.057142857143,0.7577618956565857,27.368213653564453,102.57142857142857,1416.7266845703125,2226.085693359375,0.3803809881210327,1047.7142857142858,2,497,1,0,0,31,2,23
1,210.0,0.034207526594400406,13382.0,229.67346938775492,11824.8330078125,40.20000076293945,2.0,19558.150390625,22.700000762939453,5.599999904632568,4.199999809265137,15.766666412353516,27979.0,2322.9714285714285,0.7638571262359619,27.39023780822754,102.45714285714286,1409.923583984375,2239.28564453125,0.390500009059906,1045.9142857142858,0,497,1,0,0,31,17,95
1,229.0,0.33409351110458374,6149.0,230.75510204081613,13016.3330078125,33.18333435058594,2.683333396911621,22444.099609375,22.950000762939453,4.599999904632568,4.199999809265137,17.133333206176758,24583.333984375,2440.6285714285714,0.7745476365089417,27.42547607421875,98.85714285714286,1409.2784423828125,2237.6572265625,0.436857134103775,1051.5714285714287,1,497,1,0,0,41,7,96
0,147.0,0.4401368200778961,2649.0,231.2244897959183,12379.8330078125,34.36666488647461,4.633333206176758,18350.75,24.299999237060547,5.099999904632568,4.050000190734863,20.08333396911621,23440.0,2450.0,0.7701666951179504,27.361665725708008,94.74285714285715,1405.58203125,2263.82861328125,0.4444047510623932,1051.8285714285714,0,497,1,0,0,21,21,57
1,145.0,0.23261117935180664,2560.0,230.4489795918366,11432.3330078125,32.16666793823242,3.683333396911621,18114.732421875,22.91666603088379,5.0,4.75,22.399999618530273,21593.0,2504.3142857142857,0.7800714373588562,27.388334274291992,92.77142857142857,1404.51953125,2273.17138671875,0.45359525084495544,1055.1142857142856,1,497,1,0,0,21,20,54
0,152.0,0.45039910078048706,1486.0,227.06122448979585,13886.0,35.11666488647461,4.800000190734863,21668.75,24.600000381469727,4.900000095367432,4.183333396911621,17.299999237060547,28380.5,2485.2285714285713,0.7760952115058899,27.350357055664062,94.45714285714286,1406.2220458984375,2267.628662109375,0.4718095362186432,1053.9142857142858,0,497,1,0,0,31,12,63
1,233.0,0.017103763297200203,3654.0,216.51020408163254,16881.0,34.04999923706055,2.8499999046325684,18725.81640625,24.133333206176758,6.0,4.400000095367432,17.316667556762695,26942.0,2559.2,0.7927619218826294,27.42119026184082,91.05714285714286,1405.8798828125,2274.142822265625,0.479023814201355,1061.3428571428572,0,497,1,0,0,21,18,90
0,159.0,0.06613454967737198,2932.0,216.51020408163254,14653.0,35.81666564941406,5.25,20382.533203125,21.91666603088379,5.0,4.2833333015441895,16.516666412353516,23029.0,2537.6857142857143,0.7936190366744995,27.423095703125,92.31428571428572,1409.050537109375,2272.82861328125,0.47583332657814026,1062.4571428571428,0,497,1,0,0,21,4,69
0,136.0,0.38084378838539124,7796.0,208.61224489795907,15659.5,33.599998474121094,4.650000095367432,20622.25,23.25,5.300000190734863,4.2833333015441895,18.016666412353516,30492.333984375,2672.885714285714,0.8063095211982727,27.48107147216797,87.4,1407.52490234375,2299.8857421875,0.4881666600704193,1069.4857142857143,2,497,1,0,0,21,2,56
0,176.0,0.3990877866744995,8817.0,209.7755102040816,15076.5,33.43333435058594,2.633333444595337,16821.18359375,23.78333282470703,5.900000095367432,4.099999904632568,28.41666603088379,27756.833984375,2802.8,0.8173571228981018,27.49309539794922,85.42857142857143,1404.83349609375,2339.3427734375,0.47230949997901917,1073.057142857143,0,497,1,0,0,21,26,90
1,91.0,0.26567843556404114,9355.0,203.59183673469377,15377.5,33.63333511352539,3.799999952316284,18935.716796875,21.933332443237305,4.800000190734863,4.2833333015441895,13.766666412353516,23568.166015625,2981.5714285714284,0.8335000276565552,27.566667556762695,92.37142857142857,1413.4705810546875,2292.257080078125,0.46104761958122253,1076.2571428571428,1,482,1,0,0,42,13,34
1,118.0,0.0,9193.0,203.59183673469377,16011.5,40.33333206176758,2.933333396911621,19733.767578125,23.516666412353516,4.699999809265137,4.483333110809326,9.083333015441895,33418.16796875,2974.6285714285714,0.8418809771537781,27.647619247436523,94.57142857142857,1417.5745849609375,2277.914306640625,0.45859524607658386,1077.8,1,476,1,0,0,34,13,45
1,75.0,0.12656784057617188,3339.0,205.7755102040815,16084.8330078125,34.43333435058594,2.883333444595337,20352.1171875,24.0,5.0,4.2833333015441895,13.666666984558105,31866.333984375,3115.0857142857144,0.8426428437232971,27.614643096923828,88.62857142857143,1401.7745361328125,2334.6572265625,0.4808333218097687,1075.2,1,476,1,1,0,21,3,32
0,145.0,0.19042189419269562,14863.0,209.30612244897952,10489.1669921875,37.83333206176758,2.816666603088379,18143.18359375,22.08333396911621,5.099999904632568,4.183333396911621,18.616666793823242,25481.333984375,3287.9714285714285,0.8620238304138184,27.688928604125977,91.22857142857143,1408.8443603515625,2309.257080078125,0.42914286255836487,1081.4571428571428,2,476,1,0,0,21,5,56
1,138.0,0.13911060988903046,16137.0,215.18367346938768,,,,,,,,,,3271.285714285714,0.8500714302062988,27.646190643310547,94.88571428571429,1417.8663330078125,2282.514404296875,0.4334523677825928,1080.6285714285714,0,482,1,0,0,21,18,52
0,11.0,0.0,7204.0,223.02040816326516,19879.166015625,35.0,4.183333396911621,20852.099609375,23.41666603088379,4.599999904632568,4.599999904632568,11.800000190734863,28581.333984375,3390.114285714286,0.8647618889808655,27.685714721679688,98.57142857142857,1415.772216796875,2259.857177734375,0.4144761860370636,1079.8285714285714,0,482,1,0,0,42,3,5
0,168.0,0.03306727483868599,6641.0,223.71428571428558,13206.0,41.46666717529297,2.5999999046325684,17894.94921875,22.600000381469727,4.699999809265137,4.199999809265137,24.149999618530273,23314.0,3454.3714285714286,0.8678333163261414,27.706310272216797,102.45714285714286,1426.75,2216.257080078125,0.3987142741680145,1083.2285714285715,1,482,1,0,0,21,29,64
0,205.0249100196092,0.3249714970588684,6143.0,229.9387755102039,12202.111328125,41.46111297607422,3.1666665077209473,16837.833984375,22.877779006958008,4.933333396911621,4.150000095367432,27.16666603088379,18295.666015625,3509.4857142857145,0.8582381010055542,27.586666107177734,94.31428571428572,1400.865234375,2276.085693359375,0.3958333134651184,1072.4285714285713,0,476,1,0,0,31,33,85
0,203.0,0.12542758882045746,1913.0,231.42857142857125,13175.0,40.61666488647461,3.8333332538604736,17657.80078125,21.933332443237305,4.800000190734863,4.199999809265137,28.799999237060547,23084.0,3570.8,0.8614524006843567,27.601308822631836,95.22857142857143,1401.9317626953125,2262.6572265625,0.3750237822532654,1074.2857142857142,2,476,1,0,0,21,17,94
0,126.0,0.39452680945396423,3205.0,231.53061224489772,12025.0,40.75,4.4666666984558105,17017.599609375,21.566667556762695,4.900000095367432,4.099999904632568,30.08333396911621,18437.333984375,3541.8571428571427,0.8622618913650513,27.59404754638672,96.71428571428571,1407.9610595703125,2213.60009765625,0.37495237588882446,1076.0,1,476,1,0,0,31,17,47
0,112.0,0.12428734451532364,3442.0,227.2040816326528,12702.3330078125,45.56666564941406,5.7166666984558105,17914.466796875,22.816667556762695,4.5,4.150000095367432,33.11666488647461,23505.666015625,3490.0,0.8696190714836121,27.670713424682617,97.6,1406.7188720703125,2198.314208984375,0.3776666522026062,1077.6571428571428,1,476,1,0,0,31,7,42
1,163.0,0.5393386483192444,1517.0,232.51020408163245,12076.0,39.70000076293945,1.9666666984558105,16098.8662109375,22.049999237060547,4.599999904632568,4.083333492279053,31.116666793823242,18299.166015625,3460.6857142857143,0.8569047451019287,27.561189651489258,96.57142857142857,1409.977783203125,2182.028564453125,0.3764761984348297,1076.8285714285714,1,476,1,0,0,41,13,73
0,181.0,0.4652223587036133,3646.0,233.42857142857125,16438.5,38.04999923706055,3.1666667461395264,18602.216796875,22.100000381469727,4.599999904632568,4.133333206176758,29.049999237060547,21781.833984375,3366.942857142857,0.864809513092041,27.610475540161133,97.45714285714286,1423.4390869140625,2136.94287109375,0.368571400642395,1086.5428571428572,0,476,1,0,0,31,26,67
1,163.0,0.1550741195678711,3890.0,234.40816326530597,16168.6669921875,46.86666488647461,2.75,18716.8671875,22.816667556762695,4.5,4.300000190734863,30.41666603088379,28370.666015625,3323.342857142857,0.8654285669326782,27.63357162475586,95.48571428571428,1426.3602294921875,2124.514404296875,0.37080949544906616,1090.8857142857144,2,476,1,0,0,31,6,62
0,193.0,0.46864309906959534,3628.0,236.95918367346925,13642.3330078125,45.0,3.2833333015441895,16952.517578125,21.766666412353516,4.5,4.183333396911621,35.400001525878906,23866.333984375,3297.342857142857,0.8690476417541504,27.656309127807617,95.68571428571428,1427.3909912109375,2113.39990234375,0.36345237493515015,1092.0285714285715,0,476,1,0,0,21,12,85
1,118.0,0.4948688745498657,1267.0,231.87755102040802,16043.5,39.91666793823242,3.933333396911621,20224.517578125,24.28333282470703,5.699999809265137,4.25,25.649999618530273,29519.166015625,3285.0857142857144,0.8616428375244141,27.63511848449707,91.05714285714286,1422.7366943359375,2082.94287109375,0.3583809435367584,1093.2857142857142,1,476,1,0,0,31,13,53
1,126.0,0.0,4037.0,246.0816326530611,,,,,,,,,,3258.9714285714285,0.8644285798072815,27.66619110107422,89.82857142857142,1435.263671875,2053.628662109375,0.36516669392585754,1103.3714285714286,0,476,1,0,0,31,8,64
1,78.0,0.12542758882045746,4488.0,241.0204081632652,14726.0,38.52222442626953,3.788888931274414,18273.22265625,23.799999237060547,4.833333492279053,4.461111068725586,27.899999618530273,34572.9453125,3219.3142857142857,0.8605714440345764,27.647619247436523,92.14285714285714,1457.0076904296875,2010.05712890625,0.3588809669017792,1113.2857142857142,0,476,1,0,0,41,9,35
0,309.0,0.5450398921966553,1475.0,256.1224489795917,14166.0,43.96666717529297,3.3333332538604736,17423.43359375,22.483333587646484,4.800000190734863,4.2833333015441895,31.049999237060547,31247.333984375,3226.657142857143,0.8484761714935303,27.57297706604004,87.94285714285714,1435.47509765625,2122.771484375,0.31630951166152954,1101.4857142857143,2,476,1,0,0,41,13,145
0,168.0,0.6054732203483582,1282.0,261.36734693877537,12124.0,43.266666412353516,3.799999952316284,22932.267578125,25.41666603088379,4.599999904632568,4.083333492279053,31.816667556762695,29985.0,3212.8571428571427,0.8408571481704712,27.527856826782227,89.0,1438.952392578125,2148.0,0.30657142400741577,1100.5428571428572,2,476,1,0,0,42,18,71
0,131.0,0.26681870222091675,1309.0,268.4285714285712,12761.0,46.849998474121094,1.5333333015441895,19327.69921875,21.866666793823242,4.400000095367432,4.050000190734863,35.25,27276.833984375,3146.942857142857,0.831000030040741,27.488332748413086,91.97142857142858,1437.4364013671875,2257.971435546875,0.26719045639038086,1094.4571428571428,1,476,1,0,0,31,14,45
0,355.0,0.8574686646461487,1858.0,274.77551020408134,12495.1669921875,44.53333282470703,1.9833333492279053,17208.416015625,23.049999237060547,5.800000190734863,3.9833333492279053,32.11666488647461,23030.5,3127.114285714286,0.8252381086349487,27.48523712158203,91.97142857142858,1438.2723388671875,2291.914306640625,0.23223811388015747,1094.142857142857,0,476,1,0,0,21,21,191
0,221.0,0.9646522402763367,1048.0,283.1224489795916,13191.611328125,42.483333587646484,3.9166667461395264,18036.701171875,23.53333282470703,5.099999904632568,4.083333492279053,40.11666488647461,21357.0546875,3042.1714285714284,0.8105952143669128,27.33392906188965,98.17142857142858,1452.552734375,2324.0,0.21790476143360138,1091.4857142857143,0,476,1,1,0,21,19,119
0,98.0,0.718358039855957,1185.0,281.3265306122446,12646.6669921875,44.349998474121094,8.733333587646484,18152.68359375,23.100000381469727,4.300000190734863,4.199999809265137,38.733333587646484,21823.833984375,2961.2,0.8059762120246887,27.399404525756836,105.54285714285714,1458.490234375,2284.71435546875,0.167142853140831,1089.4857142857143,0,476,1,1,0,42,14,43
0,152.0,0.3386545181274414,3270.0,281.3265306122446,16194.3330078125,42.261112213134766,3.1666667461395264,19246.376953125,23.983333587646484,5.233333110809326,4.199999809265137,40.516666412353516,27130.666015625,2960.2571428571428,0.8120714426040649,27.473928451538086,108.28571428571429,1459.370361328125,2273.514404296875,0.1560952365398407,1089.5428571428572,0,476,1,1,0,31,20,59
0,155.0,0.39452680945396423,1215.0,282.9387755102038,12403.3330078125,38.516666412353516,2.950000047683716,17796.466796875,22.21666717529297,4.599999904632568,4.183333396911621,45.11666488647461,21270.666015625,2970.1714285714284,0.802047610282898,27.349048614501953,109.97142857142858,1457.84912109375,2256.085693359375,0.15211907029151917,1083.4571428571428,0,476,1,1,0,41,11,74
0,92.0,0.8631699085235596,1101.0,280.32653061224465,13082.8330078125,40.38333511352539,3.0333333015441895,17164.68359375,22.0,4.699999809265137,4.150000095367432,40.78333282470703,19265.0,2966.3142857142857,0.7879762053489685,27.246191024780273,114.62857142857143,1457.53369140625,2208.571533203125,0.1409762054681778,1074.9714285714285,0,476,1,1,0,42,5,43
0,55.0,0.7673888206481934,1362.0,274.612244897959,12734.6669921875,44.488887786865234,3.133333444595337,18388.478515625,22.455554962158203,4.599999904632568,4.349999904632568,37.71666717529297,23693.388671875,2984.942857142857,0.7939285635948181,27.34702491760254,117.97142857142858,1460.2069091796875,2169.17138671875,0.08988093584775925,1076.8285714285714,0,476,1,1,0,41,11,24
0,285.0,0.7548460364341736,1036.0,287.20408163265284,11308.8330078125,39.233333587646484,3.2166666984558105,17834.650390625,22.516666412353516,4.5,4.233333110809326,45.08333206176758,20473.166015625,2968.714285714286,0.7879047393798828,27.249643325805664,125.91428571428571,1467.062255859375,2100.60009765625,-0.024547619745135307,1070.857142857143,0,476,1,0,0,31,12,132
0,77.0,0.5553021430969238,1210.0,287.20408163265284,11162.3330078125,45.16666793823242,2.799999952316284,22780.06640625,23.899999618530273,4.199999809265137,4.150000095367432,39.58333206176758,19952.0,2968.714285714286,0.7879047393798828,27.249643325805664,125.91428571428571,1467.062255859375,2100.60009765625,-0.024547619745135307,1070.857142857143,0,476,1,0,0,21,10,31
0,98.0,0.9281641840934753,1066.0,292.0204081632651,11248.8330078125,41.483333587646484,4.733333110809326,19569.06640625,21.116666793823242,4.699999809265137,4.083333492279053,44.25,19159.0,2981.057142857143,0.7704285979270935,27.019285202026367,128.4,1466.5513916015625,2072.28564453125,-0.06914285570383072,1062.5142857142857,0,476,1,0,0,41,7,53
0,358.0,0.6009122133255005,1165.0,293.2040816326529,11696.3330078125,38.13333511352539,2.0833332538604736,18707.333984375,20.883333206176758,4.400000095367432,4.050000190734863,48.11666488647461,19122.666015625,3006.2285714285713,0.771142840385437,27.090951919555664,129.82857142857142,1472.360595703125,2056.428466796875,-0.05776190757751465,1066.5428571428572,0,476,1,0,0,21,34,194
0,32.0,0.7286202907562256,1165.0,300.755102040816,12899.1669921875,40.983333587646484,5.016666889190674,21494.81640625,21.383333206176758,5.099999904632568,4.199999809265137,42.0,20169.666015625,2978.8285714285716,0.7516666650772095,26.853452682495117,126.97142857142858,1471.1829833984375,2030.7427978515625,-0.004428580403327942,1061.4285714285713,0,476,1,0,0,41,3,17
0,75.0,0.8209806084632874,1237.0,300.081632653061,10743.4443359375,39.83333206176758,2.5722222328186035,18428.189453125,20.700000762939453,4.400000095367432,4.188889026641846,42.25555419921875,18539.611328125,3026.057142857143,0.7498571276664734,26.88547706604004,131.77142857142857,1481.3057861328125,2020.05712890625,-0.019690467044711113,1064.0,0,476,1,0,0,42,4,41
0,432.0,0.7217788100242615,1101.0,296.14285714285694,12002.0,35.5,4.699999809265137,18823.31640625,21.83333396911621,4.400000095367432,4.150000095367432,42.04999923706055,18675.833984375,2985.057142857143,0.7353571653366089,26.83226203918457,131.4857142857143,1474.64599609375,1998.2572021484375,-0.03499997407197952,1058.3714285714286,0,476,1,0,1,24,34,234
0,258.8800774879848,0.7970353364944458,1043.0,294.20408163265296,9582.4443359375,36.52222442626953,3.183333396911621,16077.1005859375,21.711111068725586,4.133333206176758,4.116666793823242,45.838890075683594,18025.111328125,2906.4857142857145,0.727642834186554,26.739761352539062,132.71428571428572,1475.3983154296875,1987.3143310546875,-0.09228572249412537,1054.9714285714285,0,476,1,0,1,21,12,140
0,215.0,0.7001140117645264,1436.0,283.59183673469374,11399.3330078125,32.93333435058594,4.583333492279053,18301.1328125,21.116666793823242,4.599999904632568,4.050000190734863,49.61666488647461,20901.333984375,2823.4857142857145,0.7058809399604797,26.566190719604492,148.28571428571428,1492.66357421875,1956.028564453125,-0.036000002175569534,1045.5714285714287,0,476,1,0,0,31,34,116
0,321.0,0.298745721578598,1925.0,279.2244897959182,12546.1669921875,28.183332443237305,2.883333444595337,21622.1328125,21.133333206176758,4.199999809265137,3.950000047683716,61.099998474121094,18224.833984375,2799.457142857143,0.7187857031822205,26.763809204101562,155.77142857142857,1499.0484619140625,1940.94287109375,-0.05221427232027054,1045.6,0,476,1,0,0,21,34,144
0,193.0,0.5199543833732605,4330.0,276.87755102040796,12698.6669921875,24.350000381469727,6.233333110809326,16145.0498046875,21.683332443237305,3.9000000953674316,4.383333206176758,63.150001525878906,18091.5,2749.8571428571427,0.7416190505027771,26.975833892822266,176.8,1547.6015625,1886.857177734375,-0.08616667985916138,1060.8,0,476,1,0,0,31,15,101
0,292.0,0.46864309906959534,1133.0,268.20408163265284,,,,,,,,,,2835.114285714286,0.7471190690994263,27.142620086669922,172.6,1511.27880859375,1905.8857421875,-0.10245238244533539,1046.8,0,476,1,0,1,21,21,157
0,196.0,0.27251994609832764,1256.0,275.79591836734676,11133.6669921875,34.733333587646484,6.2166666984558105,14927.4833984375,22.233333587646484,4.400000095367432,4.25,52.03333282470703,18225.5,2954.657142857143,0.6469523906707764,26.218690872192383,167.9142857142857,1489.6998291015625,1871.5142822265625,-0.18466666340827942,1006.6,2,507,1,0,1,42,21,85
0,237.0,0.6955530047416687,3083.0,278.69387755102014,10424.6669921875,35.63333511352539,3.7166666984558105,17082.69921875,21.200000762939453,3.9000000953674316,4.4666666984558105,52.18333435058594,18011.0,2950.457142857143,0.6577380895614624,26.400238037109375,171.37142857142857,1491.90478515625,1860.228515625,-0.2145952582359314,1010.4285714285714,2,507,1,0,0,42,8,110
0,276.0,0.8209806084632874,1119.0,283.5714285714283,12783.5,35.11666488647461,5.483333110809326,17940.533203125,21.549999237060547,4.300000190734863,4.366666793823242,45.88333511352539,18456.833984375,2918.457142857143,0.6359999775886536,26.080238342285156,178.25714285714287,1494.8426513671875,1822.0,-0.2369999885559082,995.1714285714286,1,507,1,0,0,31,9,135
0,209.0,0.4389965832233429,4710.0,277.71428571428544,10195.3330078125,35.38333511352539,7.866666793823242,16220.7666015625,20.883333206176758,3.799999952316284,4.400000095367432,49.68333435058594,18353.0,2946.2,0.6350714564323425,26.153213500976562,181.4857142857143,1494.9522705078125,1803.7427978515625,-0.2794285714626312,994.0,0,507,1,0,0,21,6,83
0,75.0,0.8734321594238281,1290.0,275.55102040816297,12029.0,38.58333206176758,6.400000095367432,17609.81640625,25.200000762939453,4.199999809265137,4.300000190734863,41.54999923706055,21522.166015625,2903.285714285714,0.640500009059906,26.24547576904297,187.68571428571428,1496.005859375,1782.0,-0.3477618992328644,990.8285714285714,1,507,1,0,0,21,3,40
0,262.0,0.16305586695671082,1780.0,271.16326530612224,10344.1669921875,30.133333206176758,7.683333396911621,16066.8837890625,21.96666717529297,4.199999809265137,4.400000095367432,54.04999923706055,21054.833984375,2868.542857142857,0.6452381014823914,26.27833366394043,189.71428571428572,1493.653564453125,1775.228515625,-0.3467857241630554,989.1428571428571,3,507,1,0,0,41,3,126
0,306.0,0.45496007800102234,1290.0,265.32653061224454,15151.0,31.200000762939453,8.666666984558105,17198.900390625,23.366666793823242,4.300000190734863,4.449999809265137,49.79999923706055,21952.5,2864.5142857142855,0.6394047737121582,26.187976837158203,191.2,1494.4339599609375,1770.914306640625,-0.3680952489376068,985.6285714285714,0,507,1,0,0,21,4,163
0,156.0,0.9122006893157959,1070.0,259.87755102040785,14958.3330078125,33.75,6.5333333015441895,18430.06640625,24.483333587646484,4.199999809265137,4.383333206176758,44.66666793823242,21683.5,2874.457142857143,0.617809534072876,25.905595779418945,188.94285714285715,1494.7052001953125,1764.7427978515625,-0.36288097500801086,979.7142857142857,0,507,1,0,0,21,34,83
0,255.0,0.2782212197780609,2286.0,256.1632653061222,13411.1669921875,33.86666488647461,6.083333492279053,17445.05078125,23.399999618530273,4.199999809265137,4.483333110809326,42.53333282470703,20362.0,2910.8,0.624666690826416,26.060714721679688,192.68571428571428,1497.0035400390625,1745.228515625,-0.43466663360595703,981.6285714285714,0,507,1,0,0,31,14,102
0,94.0,0.4789053499698639,1603.0,252.28571428571402,12405.0,32.21666717529297,7.4666666984558105,17118.30078125,21.66666603088379,3.9000000953674316,4.449999809265137,47.66666793823242,18500.166015625,2905.8,0.6155714392662048,25.91499900817871,193.97142857142856,1495.6612548828125,1733.0,-0.4911428391933441,975.2571428571429,2,507,1,0,0,31,3,41
0,207.0,0.6704674959182739,1902.0,253.44897959183646,14850.6669921875,33.95000076293945,9.816666603088379,17368.0,24.100000381469727,4.199999809265137,4.449999809265137,44.53333282470703,22395.333984375,2899.6857142857143,0.6157380938529968,25.888809204101562,196.4,1500.2161865234375,1713.4857177734375,-0.5039523839950562,975.4571428571429,3,507,1,0,0,41,14,106
0,296.0,0.5393386483192444,4028.0,256.1428571428569,11940.8330078125,41.31666564941406,6.650000095367432,17160.8828125,23.233333587646484,4.800000190734863,4.449999809265137,38.25,22595.833984375,2834.6,0.6145238280296326,25.815834045410156,197.82857142857142,1506.5928955078125,1700.199951171875,-0.5740476250648499,976.2571428571429,0,507,1,0,0,31,11,135
0,105.0,0.8175598382949829,1352.0,268.36734693877537,12000.0,36.022220611572266,5.305555820465088,16837.849609375,22.038888931274414,3.933333396911621,4.372221946716309,43.588890075683594,20082.388671875,2898.2571428571428,0.6095476150512695,25.797739028930664,202.85714285714286,1502.2177734375,1666.4285888671875,-0.6399999856948853,967.4571428571429,2,507,1,0,0,31,2,42
0,211.0,0.4241733253002167,1101.0,267.6734693877549,11853.3330078125,39.027774810791016,4.472222328186035,18808.5234375,21.627777099609375,4.133333206176758,4.4277777671813965,38.38333511352539,22985.888671875,2804.942857142857,0.5945952534675598,25.426666259765625,202.4,1498.3983154296875,1665.857177734375,-0.6367857456207275,956.3428571428572,1,507,1,0,0,21,5,109
0,256.0,0.5621436834335327,7092.0,271.0408163265304,11615.4443359375,40.4888916015625,6.0333333015441895,18456.015625,24.0222225189209,4.333333492279053,4.400000095367432,39.97222137451172,21990.111328125,2835.9142857142856,0.6090952157974243,25.707857131958008,203.71428571428572,1499.621337890625,1657.2572021484375,-0.7037619352340698,963.8571428571429,1,507,1,0,0,31,3,108
0,259.0,0.006841504946351051,4438.0,271.4897959183671,10582.0,38.95000076293945,7.616666793823242,17801.599609375,23.33333396911621,4.300000190734863,4.366666793823242,44.21666717529297,23179.0,2750.4857142857145,0.6429047584533691,26.098451614379883,214.54285714285714,1502.249267578125,1624.1142578125,-0.7422143220901489,968.3142857142857,1,507,1,0,0,21,11,115
0,,0.0057012541219592094,3376.0,274.6734693877549,14804.0,36.016666412353516,9.466666221618652,18051.900390625,21.08333396911621,4.400000095367432,4.800000190734863,44.016666412353516,27216.0,2749.6285714285714,0.6660237908363342,26.40488052368164,218.02857142857144,1510.1610107421875,1626.8857421875,-0.7503809332847595,980.8285714285714,3,507,1,0,0,31,4,
0,242.0,0.0,3594.0,277.551020408163,11322.5,33.79999923706055,7.150000095367432,17933.5,21.816667556762695,4.300000190734863,4.650000095367432,45.849998474121094,20609.0,2719.4857142857145,0.6589999794960022,26.304046630859375,219.4,1510.609375,1629.2572021484375,-0.793404757976532,977.4857142857143,0,507,1,0,0,41,27,100
0,159.0,0.3238312304019928,8125.0,284.4489795918365,10413.0,39.516666412353516,7.983333110809326,17427.0,23.016666412353516,4.0,4.449999809265137,43.31666564941406,18891.0,2645.8285714285716,0.6481666564941406,26.10607147216797,228.02857142857144,1508.8428955078125,1622.4285888671875,-0.8777619004249573,963.4285714285714,0,507,1,0,0,21,24,63
0,239.0,0.5028506517410278,8211.0,275.1836734693876,11287.6669921875,40.63333511352539,5.833333492279053,19544.69921875,25.233333587646484,3.9000000953674316,4.449999809265137,41.78333282470703,23887.666015625,2586.1428571428573,0.6306904554367065,25.820119857788086,222.68571428571428,1504.60888671875,1648.3714599609375,-0.8456428647041321,958.6571428571428,0,507,1,0,0,41,3,101
0,336.0,0.28620296716690063,8726.0,270.26530612244886,8771.5,40.43333435058594,7.5333333015441895,17810.900390625,23.96666717529297,4.300000190734863,4.5,38.53333282470703,21746.5,2508.457142857143,0.6261666417121887,25.766071319580078,224.71428571428572,1513.899169921875,1688.085693359375,-0.8274999856948853,960.2285714285714,1,507,1,0,0,21,14,135
0,281.0,0.13226909935474396,11957.0,271.8163265306121,10337.6669921875,40.46666717529297,8.399999618530273,17406.80078125,25.200000762939453,4.099999904632568,4.449999809265137,38.38333511352539,23569.666015625,2483.5142857142855,0.6379761695861816,26.021785736083984,227.97142857142856,1511.6904296875,1701.971435546875,-0.8415714502334595,963.3428571428572,0,507,1,0,0,31,22,111
0,306.0,0.10034207254648209,5436.0,262.55102040816314,12503.6669921875,44.04999923706055,5.5,19500.767578125,24.433332443237305,3.9000000953674316,4.699999809265137,34.81666564941406,22145.5,2445.0285714285715,0.6083095073699951,25.54142951965332,219.54285714285714,1514.120361328125,1730.228515625,-0.7458571791648865,957.4,0,507,1,0,0,31,21,128
0,217.0,0.019384264945983887,3105.0,253.5918367346937,10884.3330078125,50.266666412353516,6.949999809265137,21445.232421875,27.41666603088379,4.599999904632568,4.7833333015441895,27.866666793823242,28243.333984375,2408.4285714285716,0.604023814201355,25.484880447387695,223.77142857142857,1508.26171875,1741.5428466796875,-0.7986428737640381,947.9142857142857,1,507,1,0,0,31,21,85
0,135.0,0.14709235727787018,5378.0,246.36734693877528,14159.0,50.91666793823242,5.5333333015441895,21126.1328125,26.549999237060547,4.199999809265137,4.800000190734863,28.21666717529297,29587.666015625,2381.7428571428572,0.6051666736602783,25.471189498901367,227.11428571428573,1514.10400390625,1804.5714111328125,-0.8446666598320007,951.2285714285714,0,507,1,0,0,21,28,52
0,186.0,0.2303306758403778,6272.0,235.63265306122426,12161.6669921875,46.28333282470703,8.866666793823242,19364.400390625,27.133333206176758,3.9000000953674316,4.800000190734863,34.0,22913.666015625,2350.4857142857145,0.6230000257492065,25.721309661865234,228.42857142857142,1518.522216796875,1827.4285888671875,-0.8122857213020325,959.8285714285714,0,507,1,0,0,31,8,73
0,112.0,0.08665906637907028,11295.0,232.34693877551004,12760.1669921875,46.33333206176758,5.183333396911621,18802.8671875,26.03333282470703,3.9000000953674316,4.800000190734863,32.400001525878906,26977.333984375,2332.057142857143,0.6288571357727051,25.673213958740234,231.6,1522.6451416015625,1840.94287109375,-0.8250714540481567,959.2285714285714,0,507,1,0,0,41,8,45
0,110.0,0.20752565562725067,6020.0,235.14285714285694,10639.6669921875,47.38333511352539,6.666666507720947,19742.033203125,27.5,3.9000000953674316,4.683333396911621,34.81666564941406,22787.333984375,2304.2571428571428,0.6360952258110046,25.64988136291504,237.94285714285715,1518.175048828125,1889.1142578125,-0.8327381014823914,951.5428571428571,1,507,1,0,0,21,3,42
0,220.0,0.09578107297420502,3032.0,239.04081632653038,10921.3330078125,42.54999923706055,5.116666793823242,19348.5,26.0,3.700000047683716,4.683333396911621,38.53333282470703,19766.166015625,2350.885714285714,0.6446428298950195,25.82952308654785,236.68571428571428,1518.6546630859375,1912.914306640625,-0.8082143068313599,958.0,0,507,1,0,0,21,20,89
0,155.0,0.1482326090335846,8683.0,246.97959183673444,9618.8330078125,35.96666717529297,8.483333587646484,17536.267578125,24.03333282470703,3.9000000953674316,4.699999809265137,39.83333206176758,50564.0,2419.657142857143,0.6750714182853699,26.15761947631836,243.94285714285715,1519.2198486328125,1942.085693359375,-0.8082380890846252,962.8571428571429,1,507,1,0,0,31,11,72
1,101.0,0.01824401319026947,20916.0,244.7755102040814,,,,,,,,,25571.0,2519.714285714286,0.6934047341346741,26.286785125732422,239.68571428571428,1521.056396484375,1992.05712890625,-0.8102142810821533,975.9714285714285,1,507,1,0,0,21,22,41
0,282.0,0.5530216693878174,28319.0,250.7346938775508,10424.0,43.983333587646484,9.633333206176758,21057.5,27.96666717529297,4.599999904632568,4.650000095367432,34.733333587646484,28188.333984375,2709.114285714286,0.6451666951179504,25.701904296875,210.42857142857142,1519.765869140625,2091.05712890625,-0.6659047603607178,983.2285714285714,1,518,1,0,0,21,10,116
0,170.0,0.4948688745498657,18218.0,268.612244897959,11477.6669921875,43.516666412353516,7.25,18479.416015625,26.03333282470703,4.800000190734863,4.550000190734863,39.08333206176758,23878.5,2917.342857142857,0.6413809657096863,25.732500076293945,188.14285714285714,1516.176513671875,2258.8857421875,-0.5049285888671875,1003.2571428571429,0,518,1,0,0,21,2,68
1,77.0,0.11744584143161774,15214.0,274.9591836734691,10622.5,36.25,3.933333396911621,16032.56640625,24.83333396911621,4.5,4.349999904632568,48.04999923706055,36533.0,2958.7428571428572,0.6438094973564148,25.76119041442871,189.4857142857143,1515.935546875,2260.142822265625,-0.4530952274799347,1002.7428571428571,0,518,1,0,0,41,4,29
0,321.0,0.5210946202278137,7857.0,278.65306122448953,10102.0,41.66666793823242,7.016666889190674,17750.533203125,25.600000381469727,5.0,4.583333492279053,41.71666717529297,23972.0,3080.1428571428573,0.6510000228881836,25.89154815673828,182.25714285714287,1521.5574951171875,2308.514404296875,-0.3496428430080414,1017.3714285714286,0,507,1,0,0,21,9,146
0,185.0,0.2291904240846634,5762.0,281.42857142857116,11360.5,35.32777786254883,7.233333587646484,18552.283203125,22.655555725097656,4.633333206176758,4.4277777671813965,44.42777633666992,26905.72265625,3207.7714285714287,0.6715475916862488,26.033809661865234,188.25714285714287,1521.330078125,2254.257080078125,-0.18661904335021973,1019.0857142857143,0,507,1,1,0,21,22,76
0,351.0,0.6738882660865784,2314.0,281.4285714285712,10986.4443359375,40.983333587646484,4.627778053283691,17774.56640625,24.788888931274414,4.5333333015441895,4.383333206176758,41.42222213745117,24599.0,3252.0,0.6619047522544861,25.953094482421875,188.4,1519.690673828125,2232.371337890625,-0.17557142674922943,1014.6857142857143,0,507,1,1,0,41,7,141
0,122.0,0.3785632848739624,4869.0,286.85714285714266,12318.5,34.93333435058594,8.083333015441895,16426.150390625,22.66666603088379,4.300000190734863,4.599999904632568,44.41666793823242,19599.166015625,3349.8571428571427,0.6377381086349487,25.790475845336914,194.14285714285714,1517.3768310546875,2126.685791015625,-0.12159524857997894,1001.1142857142858,0,518,1,0,0,31,5,47
0,268.0,0.5724059343338013,6314.0,288.081632652829,12061.8330078125,38.58333206176758,6.75,16646.75,21.46666717529297,4.199999809265137,4.75,45.56666564941406,21162.166015625,3359.6285714285714,0.6375714540481567,25.773571014404297,201.28571428571428,1518.4542236328125,2082.800048828125,-0.09016666561365128,994.9714285714285,1,518,1,0,0,41,13,121
0,285.6365541055749,0.17787913978099823,5676.0,290.38775510204067,29542.666015625,37.11666488647461,8.300000190734863,17208.232421875,23.16666603088379,4.400000095367432,4.650000095367432,42.25,23488.333984375,3386.2571428571428,0.6464999914169312,25.865833282470703,215.17142857142858,1525.4920654296875,2045.5428466796875,0.021023819223046303,992.1428571428571,2,518,1,0,0,21,3,113
0,273.0,0.744583785533905,7190.0,288.36734693877537,13220.5,37.95000076293945,6.4666666984558105,18147.05078125,24.41666603088379,4.199999809265137,4.699999809265137,42.18333435058594,22784.666015625,3355.2571428571428,0.6406190395355225,25.743690490722656,217.68571428571428,1528.6497802734375,2026.2572021484375,0.039976201951503754,987.5142857142857,0,518,1,0,0,21,7,120
0,281.0,0.4811858534812927,7911.0,284.28571428571416,16547.185546875,34.425926208496094,8.533333778381348,17782.908203125,23.209259033203125,4.388888835906982,4.764814853668213,41.92777633666992,23974.703125,3369.057142857143,0.6597856879234314,26.035715103149414,219.14285714285714,1533.37255859375,2059.514404296875,0.0813809409737587,999.6,0,518,1,0,0,41,5,110
0,184.0,0.09578107297420502,20073.0,280.8163265306121,13574.6669921875,35.349998474121094,7.616666793823242,16654.6171875,25.299999237060547,4.5,4.699999809265137,43.400001525878906,23196.833984375,3378.5714285714284,0.6649523973464966,26.083213806152344,218.88571428571427,1526.2811279296875,2076.485595703125,0.2067619115114212,998.8857142857142,0,518,1,0,0,31,21,72
0,231.0,0.3055872321128845,16560.0,278.28571428571416,28767.5,38.983333587646484,10.383333206176758,21327.599609375,29.816667556762695,4.699999809265137,4.650000095367432,40.266666412353516,27841.333984375,3385.9714285714285,0.6611190438270569,26.01523780822754,217.74285714285713,1530.0186767578125,2086.428466796875,0.23030950129032135,1000.7428571428571,0,518,1,0,0,31,2,100
0,67.0,0.17787913978099823,2663.0,275.34693877551,11381.5,33.13333511352539,7.800000190734863,16388.30078125,22.733333587646484,4.300000190734863,4.666666507720947,43.04999923706055,25588.0,3385.3142857142857,0.6720952391624451,26.171546936035156,218.71428571428572,1531.9854736328125,2107.628662109375,0.34576189517974854,1009.1142857142858,2,518,1,0,0,41,5,26
0,126.0,0.2440136820077896,1550.0,271.34693877550995,11819.0,34.21666717529297,11.800000190734863,16004.150390625,22.649999618530273,4.099999904632568,4.800000190734863,42.13333511352539,22689.333984375,3399.714285714286,0.6729999780654907,26.217023849487305,215.94285714285715,1533.130859375,2138.800048828125,0.34230950474739075,1014.0,1,518,1,0,0,41,3,47
0,148.0,0.14025086164474487,3569.0,269.7755102040814,12767.6669921875,36.016666412353516,4.933333396911621,18105.1328125,24.183332443237305,4.5,4.599999904632568,40.900001525878906,23049.666015625,3381.657142857143,0.6800952553749084,26.25107192993164,216.14285714285714,1538.0650634765625,2155.028564453125,0.38985714316368103,1019.6285714285714,0,518,1,0,0,41,19,65
0,201.0,0.1277080923318863,3410.0,271.5306122448977,12370.6669921875,33.599998474121094,11.399999618530273,19302.6171875,24.58333396911621,4.199999809265137,4.650000095367432,45.349998474121094,23239.0,3367.6,0.6861904859542847,26.316308975219727,215.74285714285713,1537.6829833984375,2160.742919921875,0.4473095238208771,1023.1142857142858,2,518,1,0,0,42,11,106
0,208.9713131812409,0.03306727483868599,4817.0,275.2857142857141,10160.6669921875,29.366666793823242,5.099999904632568,16732.966796875,24.383333206176758,4.5,4.699999809265137,50.349998474121094,23789.333984375,3348.0285714285715,0.6986904740333557,26.451904296875,216.85714285714286,1547.822998046875,2183.17138671875,0.4664047658443451,1035.0285714285715,0,518,1,0,0,31,10,83
0,278.0,0.611174464225769,6501.0,280.5918367346937,12703.0,31.866666793823242,6.766666889190674,16000.75,23.100000381469727,4.099999904632568,4.699999809265137,42.56666564941406,19853.0,3322.714285714286,0.699571430683136,26.5049991607666,216.82857142857142,1542.9615478515625,2197.914306640625,0.5327380895614624,1034.0857142857142,0,518,1,0,0,31,30,147
0,310.0,0.6887115240097046,6243.0,284.75510204081615,12519.8330078125,31.96666717529297,9.199999809265137,17224.166015625,24.350000381469727,4.099999904632568,4.699999809265137,48.04999923706055,21262.333984375,3307.2285714285713,0.7022857069969177,26.502857208251953,217.4,1546.945068359375,2211.199951171875,0.5448571443557739,1036.6857142857143,1,518,1,0,0,21,10,116
0,249.0,0.15849487483501434,3813.0,284.9183673469386,10972.6669921875,34.86666488647461,3.9666664600372314,17251.98828125,25.2277774810791,4.300000190734863,4.650000095367432,44.877777099609375,20369.166015625,3293.342857142857,0.6913095116615295,26.405118942260742,211.37142857142857,1542.64990234375,2240.1142578125,0.6168571710586548,1036.5714285714287,1,518,1,0,0,21,4,125
0,226.0,0.23945267498493195,4393.0,285.38775510204067,11949.1669921875,34.016666412353516,4.5,19987.68359375,24.933332443237305,4.699999809265137,4.599999904632568,46.41666793823242,21529.666015625,3267.9142857142856,0.6958333253860474,26.45083236694336,209.62857142857143,1544.24755859375,2268.6572265625,0.6638571619987488,1042.057142857143,0,518,1,0,0,21,8,97
0,203.0,0.2964652180671692,5326.0,283.9999999999998,12349.5,34.20000076293945,5.983333110809326,20906.982421875,23.566667556762695,4.5,4.666666507720947,45.016666412353516,23579.5,3218.1714285714284,0.7167618870735168,26.653095245361328,209.65714285714284,1549.7672119140625,2325.485595703125,0.6960238218307495,1055.6285714285714,1,518,1,0,0,21,4,80
0,244.0,0.06499429792165756,3454.0,274.65306122448976,11821.0,35.233333587646484,2.8333332538604736,20099.44921875,24.383333206176758,4.5,4.800000190734863,48.0,22959.166015625,3184.6857142857143,0.7383571267127991,26.783214569091797,210.42857142857142,1562.242919921875,2375.800048828125,0.7302857041358948,1072.4,0,518,1,0,0,21,5,112
1,143.0,0.13340935111045837,6134.0,264.42857142857133,9839.666015625,33.233333587646484,6.277777671813965,19058.654296875,25.488889694213867,4.633333206176758,4.7833333015441895,44.11666488647461,22231.5546875,3162.8571428571427,0.7542142868041992,26.93880844116211,208.45714285714286,1564.1104736328125,2419.0,0.7207857370376587,1083.2285714285715,1,518,1,0,0,41,4,58
0,249.0,0.2896237075328827,8337.0,251.9183673469387,12846.0,29.816667556762695,11.133333206176758,25549.55078125,26.350000381469727,4.599999904632568,4.699999809265137,45.900001525878906,27855.0,3135.285714285714,0.7337619066238403,26.746429443359375,201.9142857142857,1557.8016357421875,2457.028564453125,0.7367143034934998,1077.9714285714285,0,518,1,0,0,21,29,92
0,260.0,0.22006841003894806,7527.0,251.9183673469387,14213.8330078125,30.383333206176758,7.766666889190674,28529.81640625,29.433332443237305,4.699999809265137,4.7833333015441895,40.36666488647461,28953.5,3113.0,0.7410476207733154,26.80738067626953,204.34285714285716,1559.1246337890625,2472.82861328125,0.7624523639678955,1079.6857142857143,0,518,1,0,0,31,20,115
0,235.0,0.0,2957.0,231.97959183673467,10153.5,34.41666793823242,10.233333587646484,19950.466796875,23.96666717529297,4.800000190734863,4.683333396911621,41.28333282470703,23943.666015625,3036.942857142857,0.7530476450920105,26.875595092773438,203.8,1566.65966796875,2508.6572265625,0.7769761681556702,1089.3142857142857,0,518,1,0,0,42,11,100
0,158.0,0.26111745834350586,1587.0,224.14285714285708,12479.3330078125,34.13333511352539,8.116666793823242,24890.482421875,27.549999237060547,4.800000190734863,4.699999809265137,43.41666793823242,27365.666015625,3026.8285714285716,0.7576904892921448,26.929523468017578,202.68571428571428,1566.00439453125,2513.571533203125,0.7752857208251953,1091.4857142857143,0,518,1,0,0,42,9,59
0,100.0,0.05587229132652283,11879.0,213.57142857142853,10856.0,34.31111145019531,6.494444370269775,20433.171875,23.433332443237305,4.199999809265137,4.683333396911621,43.03333282470703,23047.888671875,2988.714285714286,0.7853571176528931,27.06511878967285,205.14285714285714,1577.159423828125,2518.60009765625,0.7349523901939392,1104.7714285714285,0,508,1,0,0,24,3,38
0,153.0,0.0,15879.0,209.48979591836732,11524.1669921875,33.68333435058594,5.599999904632568,20792.349609375,24.683332443237305,4.5,4.666666507720947,42.61666488647461,23114.333984375,2974.6857142857143,0.7859047651290894,27.03523826599121,208.14285714285714,1574.1290283203125,2498.45703125,0.6684285402297974,1100.4,2,508,1,0,0,31,5,69
0,67.0,0.18358038365840912,3822.0,206.02040816326533,9472.1669921875,30.549999237060547,6.400000095367432,19551.93359375,23.149999618530273,4.5,4.5,42.56666564941406,20221.5,2932.6,0.7874047756195068,27.020238876342773,213.9142857142857,1591.49951171875,2464.257080078125,0.6679523587226868,1103.942857142857,0,508,1,0,0,34,3,
0,255.0,0.1288483440876007,2819.0,202.83673469387756,10718.333984375,30.30555534362793,6.066666603088379,24467.455078125,25.16111183166504,4.599999904632568,4.755555629730225,43.28333282470703,25176.4453125,2920.2571428571428,0.7838095426559448,27.002975463867188,213.4,1584.647705078125,2438.257080078125,0.6261904835700989,1098.6857142857143,1,508,1,0,0,31,8,119
0,233.0,0.2690992057323456,1164.0,203.0204081632653,9966.0,32.516666412353516,8.033333778381348,18778.19921875,22.96666717529297,4.400000095367432,4.599999904632568,48.63333511352539,22311.0,2920.8,0.7977856993675232,27.115951538085938,211.6,1582.003173828125,2440.199951171875,0.6086905002593994,1104.142857142857,1,508,1,0,0,21,6,104
0,165.0,0.08665906637907028,3347.0,207.04081632653055,10696.0,29.22222328186035,6.833333492279053,19838.900390625,23.572221755981445,4.566666603088379,4.661111354827881,49.16666793823242,24968.0,2871.0,0.8070952296257019,27.116666793823242,209.9142857142857,1592.4549560546875,2447.971435546875,0.6086666584014893,1114.2571428571428,2,508,1,0,0,41,14,61
0,142.0,0.1961231529712677,10941.0,214.79591836734687,10740.5,32.03333282470703,4.75,19084.849609375,23.53333282470703,4.5,4.849999904632568,48.43333435058594,21054.5,2885.1714285714284,0.8252618908882141,27.132381439208984,214.6,1599.5146484375,2402.028564453125,0.555309534072876,1119.0285714285715,1,508,1,0,0,31,9,57
0,247.0,0.42303305864334106,5469.0,223.6530612244897,8798.5,31.766666412353516,7.900000095367432,18471.982421875,23.866666793823242,4.5,4.650000095367432,48.41666793823242,17417.0,2901.8285714285716,0.7991428375244141,26.93297576904297,220.97142857142856,1601.6787109375,2322.45703125,0.5388333201408386,1101.9142857142858,0,508,1,0,0,41,18,109
0,243.0,0.3363740146160126,4487.0,223.6530612244897,9558.8330078125,30.116666793823242,5.849999904632568,18102.833984375,24.616666793823242,4.5,4.5,47.766666412353516,18198.166015625,2916.3142857142857,0.8046904802322388,27.000595092773438,222.6,1603.5367431640625,2309.45703125,0.5331428647041321,1103.7714285714285,0,508,1,0,0,31,20,91
0,360.0,0.09007981419563293,1587.0,237.06122448979576,9901.0556640625,30.85555648803711,4.005555629730225,17745.9609375,23.822221755981445,4.5,4.400000095367432,49.29999923706055,20936.16796875,3051.0857142857144,0.793738067150116,26.777618408203125,218.74285714285713,1601.9853515625,2257.60009765625,0.4606666564941406,1099.2,0,508,1,0,0,21,35,153
0,28.0,0.011402508243918419,1583.0,245.04081632653043,10567.0,33.25,8.116666793823242,16902.232421875,23.233333587646484,4.599999904632568,4.599999904632568,47.41666793823242,20080.333984375,3051.0857142857144,0.793738067150116,26.777618408203125,218.74285714285713,1601.9853515625,2257.60009765625,0.4606666564941406,1099.2,0,508,1,0,0,31,21,11
0,248.4969597558819,0.3432154953479767,2080.0,250.77551020408146,9232.5,35.21666717529297,5.933333396911621,18635.93359375,23.83333396911621,4.5,4.599999904632568,42.04999923706055,18513.833984375,3088.6,0.7946666479110718,26.70464324951172,213.4857142857143,1602.1575927734375,2235.314208984375,0.40323811769485474,1100.3714285714286,0,508,1,0,0,21,11,106
0,182.0,0.0,1964.0,248.7346938775508,9004.5,30.766666412353516,4.483333110809326,17862.6171875,23.71666717529297,4.599999904632568,4.650000095367432,49.56666564941406,19032.333984375,3010.457142857143,0.7946190237998962,26.691667556762695,222.62857142857143,1613.8514404296875,2207.142822265625,0.4288095235824585,1097.0,0,508,1,0,0,21,13,89
0,313.0,0.07069555670022964,1577.0,247.3673469387753,9417.5,32.0,7.849999904632568,17520.06640625,22.649999618530273,4.5,4.5333333015441895,49.93333435058594,20008.5,3080.4,0.7934523820877075,26.561309814453125,218.54285714285714,1602.933837890625,2186.085693359375,0.34911906719207764,1091.4285714285713,1,508,1,0,0,41,13,130
0,195.0,0.028506271541118622,2463.0,240.87755102040794,8075.16650390625,35.03333282470703,3.866666555404663,17109.3671875,23.133333206176758,4.800000190734863,4.5,50.150001525878906,19447.5,3047.4,0.7911428809165955,26.561784744262695,228.4857142857143,1614.951904296875,2135.199951171875,0.3190714418888092,1087.1714285714286,1,508,1,0,0,21,5,75
0,255.0,0.01824401319026947,2066.0,236.28571428571408,9247.8330078125,34.71666717529297,5.433333396911621,20263.416015625,24.816667556762695,4.699999809265137,4.5,44.70000076293945,21518.666015625,3050.9714285714285,0.7873095273971558,26.51630973815918,228.11428571428573,1613.4945068359375,2110.60009765625,0.2882142961025238,1083.942857142857,0,508,1,0,0,31,24,104
0,211.0,0.4116305708885193,1412.0,229.8979591836733,8710.0,33.016666412353516,2.933333396911621,18104.533203125,23.133333206176758,4.599999904632568,4.599999904632568,47.58333206176758,20968.0,3065.4,0.7892618775367737,26.47083282470703,233.82857142857142,1619.3973388671875,2079.54296875,0.2223571538925171,1080.6285714285714,0,508,1,0,0,21,13,95
0,148.0,0.8871151804924011,1095.0,224.59183673469374,8037.66650390625,37.900001525878906,5.849999904632568,17501.517578125,23.133333206176758,4.199999809265137,4.583333492279053,43.28333282470703,19662.333984375,2984.8571428571427,0.7926904559135437,26.52130889892578,239.0857142857143,1638.216552734375,2061.45703125,0.2704285979270935,1086.2,0,508,1,0,0,21,33,58
0,255.0,0.3158494830131531,1173.0,216.63265306122435,8220.4443359375,34.10555648803711,5.972222328186035,19018.5546875,22.066667556762695,4.366666793823242,4.7166666984558105,46.57222366333008,20917.888671875,3025.8571428571427,0.7901190519332886,26.43428611755371,238.42857142857142,1632.740478515625,2033.8857421875,0.1910238116979599,1080.6571428571428,1,508,1,0,0,21,29,109
0,350.0,0.0,1915.0,205.9795918367345,7789.5556640625,31.655555725097656,6.150000095367432,16493.35546875,23.061111450195312,3.9666666984558105,4.550000190734863,51.344444274902344,20746.9453125,3075.7999999999997,0.8186110854148865,26.624128341674805,240.05714285714285,1618.91064453125,1995.5904541015625,0.02397618070244789,1082.3333333333333,1,508,1,0,0,31,14,143
0,271.0,0.08665906637907028,1774.0,197.38775510204064,7886.33349609375,32.61666488647461,7.333333492279053,16078.966796875,21.700000762939453,4.199999809265137,4.5,52.58333206176758,19426.666015625,3103.4857142857145,0.8158095479011536,26.59321403503418,242.34285714285716,1622.1776123046875,1971.971435546875,-0.04085714370012283,1080.8857142857144,1,508,1,0,0,41,25,102
0,,0.3386545181274414,1594.0,190.20408163265296,8548.5,34.31666564941406,3.299999952316284,17733.533203125,22.33333396911621,4.5,4.683333396911621,43.5,19166.666015625,3106.8,0.7878333330154419,26.218929290771484,245.28571428571428,1636.1358642578125,1938.4571533203125,-0.09545236825942993,1071.142857142857,1,508,1,0,0,41,8,
0,151.0,0.11288483440876007,1493.0,185.28571428571416,7452.33349609375,42.04999923706055,5.349999904632568,19051.033203125,22.433332443237305,4.099999904632568,4.800000190734863,42.13333511352539,17949.0,3124.3142857142857,0.7789999842643738,26.135000228881836,243.71428571428572,1637.6258544921875,1927.228515625,-0.11683333665132523,1068.8857142857144,1,508,1,0,0,24,3,60
0,126.0,0.23147092759609222,3610.0,181.57142857142844,9646.6669921875,33.68333435058594,5.599999904632568,17106.966796875,24.316667556762695,4.199999809265137,4.683333396911621,49.03333282470703,20471.666015625,3176.1714285714284,0.8195475935935974,26.464048385620117,242.8,1631.2503662109375,1913.5428466796875,-0.24464285373687744,1080.7142857142858,1,508,1,0,0,21,13,49
0,,0.0011402508243918419,2553.0,180.53061224489787,8221.3330078125,34.483333587646484,4.233333110809326,16716.400390625,22.383333206176758,3.799999952316284,4.849999904632568,43.96666717529297,18861.166015625,3395.6,0.8119523525238037,26.395238876342773,246.31428571428572,1639.40966796875,1878.5142822265625,-0.3115476071834564,1074.2857142857142,0,508,1,0,0,41,9,
0,44.0,0.0,3383.0,180.6326530612244,8850.8330078125,36.70000076293945,7.933333396911621,16797.43359375,21.71666717529297,4.0,5.083333492279053,43.75,18298.166015625,3569.942857142857,0.8296428322792053,26.50642967224121,240.82857142857142,1635.1556396484375,1875.2857666015625,-0.36933332681655884,1080.3428571428572,4,508,1,0,0,34,1,20
0,95.0,0.0,2952.0,182.67346938775503,9148.0,35.16666793823242,6.683333396911621,17999.849609375,21.233333587646484,4.0,5.150000095367432,43.733333587646484,18426.666015625,3715.342857142857,0.8341190218925476,26.54166603088379,241.85714285714286,1637.4066162109375,1850.800048828125,-0.4286428689956665,1079.057142857143,3,508,1,0,0,34,1,37
0,117.0,0.0877993181347847,1753.0,185.61224489795902,8790.8330078125,34.38333511352539,9.600000381469727,17125.400390625,20.950000762939453,3.9000000953674316,5.0,42.733333587646484,19570.5,3787.057142857143,0.8159999847412109,26.288333892822266,244.0,1648.994873046875,1835.1142578125,-0.46088093519210815,1074.0,0,508,1,0,0,31,8,52
0,206.0,0.01254275906831026,3368.0,189.93877551020395,9066.1669921875,32.0444450378418,5.016666889190674,15150.0498046875,20.844444274902344,3.4000000953674316,4.849999904632568,43.738887786865234,16224.5556640625,4110.314285714286,0.8569285869598389,26.70452308654785,247.94285714285715,1650.7452392578125,1793.4000244140625,-0.673547625541687,1081.3714285714286,1,508,1,0,0,41,8,88
0,218.0,0.5917901992797852,2365.0,200.87755102040805,10954.6669921875,31.366666793823242,5.150000095367432,15246.93359375,22.733333587646484,3.799999952316284,4.699999809265137,43.31666564941406,20277.333984375,4018.5714285714284,0.8430476188659668,26.64630889892578,250.28571428571428,1668.3167724609375,1801.4000244140625,-0.5185714364051819,1084.6857142857143,0,508,1,0,0,21,26,89
0,276.0,0.14025086164474487,1319.0,200.87755102040805,10983.3330078125,32.016666412353516,5.816666603088379,16092.466796875,20.83333396911621,3.5,4.900000095367432,42.45000076293945,17872.666015625,4098.428571428572,0.8272143006324768,26.527023315429688,250.74285714285713,1668.31640625,1790.1142578125,-0.595380961894989,1078.5428571428572,2,508,1,0,0,42,8,133
0,250.0,0.5724059343338013,1549.0,216.12244897959172,9150.6669921875,34.38333511352539,5.066666603088379,16769.767578125,22.016666412353516,3.799999952316284,4.800000190734863,45.29999923706055,20027.666015625,4218.714285714285,0.8381190299987793,26.54547691345215,248.05714285714285,1653.406494140625,1777.82861328125,-0.6629047393798828,1076.3428571428572,3,508,1,0,1,21,10,116
0,251.0,0.503990888595581,1349.0,225.9999999999999,10321.6669921875,39.5,9.166666984558105,17423.0,21.899999618530273,3.5,4.699999809265137,45.21666717529297,19261.0,4394.8,0.8123571276664734,26.159643173217773,248.68571428571428,1653.90673828125,1755.4857177734375,-0.7283809781074524,1065.2,0,508,1,0,1,42,12,97
0,417.0,0.2827822268009186,1643.0,234.95918367346923,8885.5,40.75,7.066666603088379,17685.650390625,22.850000381469727,3.5999999046325684,4.699999809265137,39.849998474121094,21038.0,4539.714285714285,0.8196666836738586,26.224761962890625,245.4857142857143,1649.7392578125,1751.7427978515625,-0.8349524140357971,1065.7714285714285,0,508,1,1,0,11,16,202
0,208.0,0.3375142514705658,1702.0,243.04081632653043,8566.0556640625,29.766666412353516,4.683333396911621,16669.716796875,21.205554962158203,3.799999952316284,4.766666889190674,43.82777786254883,19147.666015625,4600.8,0.8474761843681335,26.543333053588867,244.9142857142857,1650.9134521484375,1745.857177734375,-0.9046666622161865,1074.0,3,508,1,1,0,21,4,95
0,193.0,0.0022805016487836838,5156.0,247.57142857142836,10141.6669921875,29.366666793823242,5.616666793823242,16543.849609375,20.03333282470703,3.0,4.900000095367432,49.04999923706055,16515.333984375,4535.371428571429,0.8766904473304749,26.79190444946289,249.14285714285714,1659.706787109375,1775.228515625,-0.9833809733390808,1080.2857142857142,1,508,1,0,0,41,4,81
0,78.0,0.5553021430969238,1149.0,247.28571428571402,12716.5,29.366666793823242,5.9666666984558105,16636.80078125,21.700000762939453,3.5,5.099999904632568,48.483333587646484,16520.0,4547.257142857143,0.8745238184928894,26.756786346435547,253.42857142857142,1657.3607177734375,1738.5999755859375,-1.0344523191452026,1072.2857142857142,1,508,1,0,0,31,3,30
0,88.0,0.08551881462335587,9275.0,244.61224489795893,10668.6669921875,31.100000381469727,7.516666889190674,16451.56640625,20.950000762939453,3.0999999046325684,4.699999809265137,49.03333282470703,15273.3330078125,4494.342857142857,0.8995476365089417,26.88702392578125,254.5142857142857,1660.833984375,1765.4571533203125,-1.121666669845581,1075.8,1,508,1,0,0,21,3,35
0,65.0,0.14595210552215576,4798.0,240.6734693877548,10195.6669921875,26.866666793823242,6.400000095367432,16112.56640625,21.066667556762695,2.9000000953674316,4.883333206176758,50.5,16545.666015625,4492.628571428571,0.9037380814552307,26.92202377319336,260.9714285714286,1663.9566650390625,1743.028564453125,-1.1530475616455078,1072.1142857142856,0,508,1,0,0,31,26,25
0,50.0,0.0,9793.0,234.87755102040782,9129.5,24.766666412353516,7.516666889190674,14836.5166015625,20.96666717529297,2.700000047683716,5.099999904632568,52.349998474121094,15707.8330078125,4445.942857142857,0.9110952615737915,26.910476684570312,262.54285714285714,1666.60302734375,1757.5142822265625,-1.2202619314193726,1072.3142857142857,3,508,1,0,0,21,12,20
0,46.0,0.026225769892334938,16699.0,228.1224489795915,12437.6669921875,26.600000381469727,8.449999809265137,15333.56640625,22.016666412353516,3.0,5.0,48.58333206176758,17800.0,4453.2,0.9200714230537415,26.993690490722656,266.9428571428571,1670.6807861328125,1758.800048828125,-1.298452377319336,1071.7428571428572,0,508,1,0,0,31,4,18
0,66.0,0.011402508243918419,28241.0,217.5510204081629,10058.3330078125,25.700000762939453,7.483333110809326,15141.68359375,20.766666412353516,3.0999999046325684,5.0,42.06666564941406,15851.3330078125,4645.142857142857,0.9374762177467346,27.054166793823242,268.1142857142857,1670.1451416015625,1760.94287109375,-1.394785761833191,1070.5714285714287,4,508,1,0,0,31,8,30
0,23.0,0.0,32767.0,212.30612244897927,9652.1669921875,26.25,6.4666666984558105,15223.0498046875,19.566667556762695,2.9000000953674316,5.083333492279053,43.66666793823242,17143.166015625,4761.657142857143,0.9569761753082275,27.13619041442871,273.8,1677.708984375,1749.3143310546875,-1.4743571281433105,1070.8857142857144,3,508,1,0,0,21,4,10
0,49.0,0.0,32767.0,203.16326530612216,8965.8330078125,25.649999618530273,6.699999809265137,14893.5830078125,20.133333206176758,3.0,5.099999904632568,40.45000076293945,15824.3330078125,4917.2,0.9542381167411804,27.108095169067383,268.8,1677.1285400390625,1782.82861328125,-1.5088332891464233,1073.4857142857143,2,508,1,0,0,21,13,24
0,108.0,0.0,32767.0,183.32653061224465,11078.3330078125,30.566667556762695,6.699999809265137,16454.599609375,20.25,3.5,5.099999904632568,35.516666412353516,16658.0,5141.542857142857,0.970880925655365,27.193809509277344,267.6857142857143,1692.315673828125,1836.5428466796875,-1.5919524431228638,1085.1142857142856,1,508,1,0,0,24,2,50
0,132.0,0.0011402508243918419,32767.0,180.1020408163263,11504.8330078125,35.016666412353516,6.633333206176758,14926.0498046875,20.683332443237305,3.299999952316284,5.0,35.36666488647461,16539.333984375,5224.2,0.9768571257591248,27.218690872192383,266.25714285714287,1704.6859130859375,1862.085693359375,-1.6070475578308105,1094.8285714285714,0,508,1,0,0,21,7,57
0,,0.0,32767.0,167.14285714285697,12381.3330078125,34.16666793823242,7.900000095367432,15123.06640625,21.0,3.700000047683716,5.066666603088379,34.11666488647461,18973.0,5210.171428571429,0.9918809533119202,27.26654815673828,265.2857142857143,1729.4896240234375,1913.0,-1.638452410697937,1109.057142857143,0,508,1,0,1,24,6,
0,36.0,0.07069555670022964,32767.0,155.0204081632652,11626.5,38.18333435058594,10.699999809265137,14041.9501953125,19.799999237060547,3.799999952316284,5.099999904632568,29.683332443237305,18468.0,5067.314285714286,1.0363810062408447,27.4665470123291,271.7142857142857,1755.280517578125,1921.17138671875,-1.706071376800537,1124.6285714285714,1,508,1,0,1,24,18,14
0,96.0,0.6020524501800537,32767.0,141.9795918367346,13171.5,32.95000076293945,11.199999809265137,15081.349609375,20.91666603088379,3.5,5.099999904632568,30.549999237060547,17473.166015625,4956.571428571428,1.0456428527832031,27.48607063293457,280.22857142857146,1763.7506103515625,1885.17138671875,-1.732785701751709,1120.6857142857143,1,540,1,0,1,21,7,38
0,40.0,0.433295339345932,32767.0,134.97959183673464,12892.6669921875,33.29999923706055,10.666666984558105,14277.2001953125,22.08333396911621,3.5,5.099999904632568,32.88333511352539,16362.6669921875,4855.914285714286,1.0535476207733154,27.492856979370117,285.57142857142856,1749.5908203125,1861.6571044921875,-1.7869523763656616,1105.7142857142858,4,540,1,0,1,24,6,16
0,,0.34663626551628113,32767.0,125.38775510204073,16805.333984375,36.33333206176758,11.649999618530273,16306.783203125,19.483333587646484,3.4000000953674316,5.199999809265137,27.28333282470703,20375.833984375,4540.428571428572,1.0572619438171387,27.53071403503418,293.4,1753.355712890625,1796.857177734375,-1.8249285221099854,1097.057142857143,4,540,1,0,1,24,5,
0,57.0,0.0,32767.0,127.67346938775498,19913.0,36.38333511352539,10.300000190734863,18067.68359375,20.33333396911621,3.0999999046325684,5.25,27.25,25898.166015625,4722.571428571428,1.0961904525756836,27.651309967041016,310.62857142857143,1773.71044921875,1747.800048828125,-2.003357172012329,1098.142857142857,2,540,1,0,1,34,10,22
0,101.0,0.0,32767.0,125.44897959183658,19286.833984375,36.900001525878906,12.149999618530273,20721.75,22.71666717529297,4.0,5.300000190734863,21.383333206176758,45989.66796875,4788.6,1.1057857275009155,27.737857818603516,301.9142857142857,1757.15625,1713.7142333984375,-2.0894761085510254,1098.7142857142858,7,540,1,0,1,24,2,41
0,,0.0,32767.0,126.63043478260852,17413.333984375,36.03333282470703,8.833333015441895,18970.44921875,21.799999237060547,3.5,5.300000190734863,29.733333587646484,29816.666015625,4900.285714285715,1.121642827987671,27.785356521606445,302.9142857142857,1753.053466796875,1684.6571044921875,-2.1513094902038574,1098.4571428571428,6,540,1,0,1,24,3,
0,96.0,0.1277080923318863,32767.0,126.17021276595726,15364.5,30.58333396911621,11.0,17847.6171875,20.299999237060547,3.799999952316284,5.2833333015441895,28.700000762939453,29943.333984375,4997.828571428571,1.131357192993164,27.833213806152344,310.45714285714286,1769.0355224609375,1644.7427978515625,-2.192214250564575,1098.2285714285715,0,540,1,0,1,24,7,40
0,,0.1562143713235855,6247.0,303.9387755102039,19287.0,35.11666488647461,1.9666666984558105,24914.06640625,25.766666412353516,5.300000190734863,4.583333492279053,8.816666603088379,46372.0,476.25714285714287,0.7237619161605835,26.911785125732422,35.97142857142857,1320.7613525390625,2297.1142578125,-1.0530952215194702,1051.7142857142858,0,496,1,1,0,34,10,
0,318.0,0.8745723962783813,1224.0,293.38775510204067,15019.2216796875,30.933334350585938,1.2333333492279053,27627.6328125,27.344444274902344,5.800000190734863,4.2833333015441895,19.683334350585938,42590.5546875,486.85714285714283,0.6490238308906555,26.509048461914062,22.4,1318.466064453125,2477.571533203125,-1.0555237531661987,1044.5428571428572,0,505,1,1,0,21,35,145
0,158.0,0.5678449273109436,1164.0,284.63265306122435,,29.299999237060547,1.25,,26.53333282470703,6.199999809265137,4.300000190734863,27.58333396911621,,490.65714285714284,0.6021190285682678,26.357261657714844,17.17142857142857,1325.16259765625,2577.94287109375,-1.0090237855911255,1042.0,0,505,1,0,0,41,2,67
0,309.0,0.23489168286323547,1344.0,281.7142857142855,15452.333984375,36.14444351196289,1.5111110210418701,25892.30078125,25.97222137451172,5.400000095367432,4.2833333015441895,25.677778244018555,28255.72265625,490.6857142857143,0.5933571457862854,26.289642333984375,16.057142857142857,1325.6541748046875,2611.685791015625,-1.0054762363433838,1040.8857142857144,0,496,1,0,0,31,4,106
0,252.0,0.9669327139854431,1028.0,262.59183673469363,15174.3330078125,30.866666793823242,1.600000023841858,20465.716796875,25.383333206176758,5.699999809265137,4.25,34.93333435058594,23239.666015625,621.3714285714286,0.5903095006942749,26.345714569091797,8.971428571428572,1327.003662109375,2735.17138671875,-0.4502618908882141,1048.2,0,474,1,0,0,31,35,115
1,167.0,0.4104903042316437,1938.0,254.97959183673447,14259.0,33.233333587646484,1.899999976158142,20838.400390625,25.350000381469727,5.400000095367432,4.133333206176758,26.866666793823242,23373.5,610.7428571428571,0.6019047498703003,26.477619171142578,8.857142857142858,1329.23095703125,2753.142822265625,-0.40707141160964966,1054.3142857142857,0,496,1,0,0,41,13,76
1,258.0,0.0,4695.0,256.87755102040796,15799.6669921875,34.900001525878906,0.8833333253860474,23620.44921875,29.816667556762695,5.599999904632568,4.133333206176758,20.450000762939453,41749.16796875,631.1142857142858,0.6086190342903137,26.557024002075195,9.371428571428572,1332.2200927734375,2734.371337890625,-0.42007142305374146,1056.4,0,496,1,0,1,31,25,106
0,311.0,0.8209806084632874,1265.0,255.06122448979568,15247.8330078125,36.53333282470703,2.7333333492279053,21779.25,27.600000381469727,5.900000095367432,4.133333206176758,24.78333282470703,32513.166015625,683.2571428571429,0.6149523854255676,26.571189880371094,8.8,1328.0697021484375,2772.60009765625,-0.35804760456085205,1056.8857142857144,0,474,1,0,1,41,35,143
0,270.0,0.530216634273529,1208.0,260.2448979591834,15383.1669921875,34.70000076293945,3.316666603088379,21693.6328125,26.08333396911621,5.300000190734863,4.199999809265137,28.133333206176758,21724.0,861.7142857142857,0.6452381014823914,26.84619140625,10.485714285714286,1325.655029296875,2873.371337890625,0.014142858795821667,1062.0857142857142,1,474,1,0,0,21,3,122
0,212.0,0.6590650081634521,1337.0,260.2448979591834,14592.0,32.78333282470703,2.5999999046325684,21338.400390625,25.733333587646484,5.0,4.150000095367432,29.616666793823242,24252.666015625,854.6857142857143,0.6499999761581421,26.89130973815918,10.742857142857142,1330.410888671875,2880.45703125,0.04557142034173012,1066.2571428571428,0,474,1,0,0,41,5,97
1,166.0,0.011402508243918419,5940.0,252.14285714285688,,,,,,,,,,877.5428571428571,0.659333348274231,27.036785125732422,11.4,1332.931640625,2933.28564453125,0.10819047689437866,1069.857142857143,0,474,1,0,0,31,20,58
0,175.0,0.15735462307929993,2229.0,252.14285714285688,14578.0,32.79999923706055,4.738888740539551,21240.455078125,26.383333206176758,5.633333206176758,4.150000095367432,30.33333396911621,25583.22265625,888.9428571428572,0.6580714583396912,27.023571014404297,11.942857142857143,1332.3043212890625,2928.05712890625,0.11730954051017761,1068.4571428571428,0,474,1,0,1,21,2,67
0,179.0,0.44355759024620056,1360.0,272.38775510204056,11827.7783203125,31.966665267944336,4.911111354827881,17998.9453125,25.766666412353516,5.0,4.166666507720947,30.16111183166504,24639.666015625,823.4857142857143,0.6483333110809326,27.075237274169922,20.714285714285715,1348.9664306640625,2671.571533203125,0.29890477657318115,1068.6,1,474,1,0,0,31,2,62
0,164.0,0.3648802638053894,1407.0,272.38775510204056,13590.6669921875,32.96666717529297,5.516666889190674,18381.849609375,23.983333587646484,5.0,4.183333396911621,24.33333396911621,27212.166015625,838.3142857142857,0.6466904878616333,27.100833892822266,22.542857142857144,1350.0576171875,2629.571533203125,0.30604761838912964,1067.2285714285715,0,474,1,0,1,31,13,55
0,289.0,0.4982896149158478,2049.0,271.7959183673467,11847.5,33.766666412353516,5.5,17577.05078125,24.066667556762695,4.300000190734863,4.166666507720947,17.233333587646484,23906.0,817.2285714285714,0.6481428742408752,27.174762725830078,26.2,1362.94287109375,2555.857177734375,0.39704763889312744,1072.6857142857143,0,496,1,0,1,42,8,128
0,188.0,0.3785632848739624,2467.0,269.65306122448965,12764.8330078125,35.400001525878906,5.083333492279053,28422.150390625,23.766666412353516,4.300000190734863,4.150000095367432,27.0,24495.666015625,820.0857142857143,0.6524285674095154,27.23880958557129,27.142857142857142,1357.0965576171875,2545.54296875,0.40833333134651184,1070.0285714285715,0,474,1,0,0,21,13,62
0,176.0,0.6533637642860413,1352.0,265.10204081632634,12849.0,28.91666603088379,6.25,16450.267578125,23.5,4.400000095367432,4.083333492279053,24.866666793823242,23091.666015625,825.8285714285714,0.6439047455787659,27.180713653564453,27.714285714285715,1358.6544189453125,2533.199951171875,0.4518333375453949,1067.942857142857,0,474,1,0,0,31,4,78
0,249.0,0.3226909935474396,1525.0,250.57142857142838,13990.5,36.18333435058594,5.633333206176758,18344.44921875,24.950000762939453,4.699999809265137,4.166666507720947,22.266666412353516,26920.0,851.3714285714286,0.645642876625061,27.272380828857422,35.02857142857143,1376.34716796875,2412.857177734375,0.5153095126152039,1072.942857142857,0,474,1,0,0,21,21,110
1,220.0,0.0,2478.0,248.99999999999986,11985.0,30.58333396911621,4.9666666984558105,17537.8828125,24.683332443237305,4.800000190734863,4.183333396911621,15.550000190734863,38383.5,860.7142857142857,0.6311904788017273,27.178333282470703,36.02857142857143,1375.410400390625,2385.914306640625,0.5236428380012512,1067.6571428571428,0,496,1,0,0,21,13,95
0,217.0,0.29532498121261597,2449.0,240.6734693877549,12430.1669921875,29.08333396911621,5.599999904632568,17089.94921875,23.700000762939453,4.400000095367432,4.183333396911621,21.53333282470703,23395.333984375,829.2285714285714,0.6346666812896729,27.200834274291992,33.142857142857146,1376.10546875,2430.257080078125,0.4876428544521332,1071.942857142857,0,496,1,0,0,21,14,67
0,263.0,0.557582676410675,1333.0,237.67346938775484,14108.5,30.75,8.333333015441895,23507.166015625,26.75,4.400000095367432,4.083333492279053,16.71666717529297,36456.16796875,837.9428571428572,0.6168095469474792,27.12154769897461,36.0,1390.6221923828125,2378.142822265625,0.47614285349845886,1073.942857142857,0,496,1,0,0,21,16,88
0,192.0,0.4321550726890564,2172.0,245.8571428571426,14949.0,35.483333587646484,3.8333332538604736,16267.4501953125,24.33333396911621,4.599999904632568,4.150000095367432,22.75,46988.5,868.0,0.6187618970870972,27.219999313354492,42.91428571428571,1399.26806640625,2285.685791015625,0.4850476086139679,1073.6857142857143,1,496,1,0,0,31,3,61
1,249.0,0.0,12565.0,241.61224489795893,14569.6669921875,34.0,3.316666603088379,18828.56640625,23.733333587646484,4.300000190734863,4.183333396911621,18.799999237060547,36378.0,873.6571428571428,0.6419047713279724,27.2978572845459,43.74285714285714,1393.1632080078125,2282.54296875,0.5098095536231995,1073.6571428571428,0,496,1,0,0,41,35,85
1,277.0,0.0,13915.0,243.57142857142838,17203.333984375,35.599998474121094,2.75,20450.400390625,22.733333587646484,4.699999809265137,4.233333110809326,20.133333206176758,47129.33203125,895.0285714285715,0.6449285745620728,27.32880973815918,46.77142857142857,1392.1995849609375,2242.571533203125,0.5096428394317627,1070.9714285714285,0,496,1,0,0,31,35,107
1,103.0,0.0,14009.0,240.53061224489775,14696.0,31.25,2.8499999046325684,17360.55078125,21.899999618530273,4.599999904632568,4.183333396911621,22.433332443237305,24707.0,911.0,0.630047619342804,27.24761962890625,51.857142857142854,1400.9288330078125,2180.428466796875,0.5094047784805298,1067.1714285714286,0,496,1,0,0,41,25,40
1,189.0,0.09007981419563293,6095.0,242.2857142857141,15378.3330078125,32.516666412353516,2.816666603088379,18086.94921875,22.316667556762695,4.599999904632568,4.183333396911621,19.883333206176758,50619.66796875,931.9142857142857,0.6207857131958008,27.1969051361084,53.34285714285714,1399.221435546875,2165.0,0.5458333492279053,1062.0857142857142,0,496,1,0,0,42,28,64
0,18.0,0.0,6181.0,242.67346938775495,,,,,,,,,,975.2,0.630047619342804,27.261547088623047,59.82857142857143,1399.668212890625,2125.228515625,0.5597618818283081,1058.2285714285715,0,496,1,0,0,42,1,6
1,288.0,0.0,4224.0,242.67346938775495,16023.6669921875,33.03333282470703,2.299999952316284,19742.8671875,24.299999237060547,4.800000190734863,4.483333110809326,19.58333396911621,51087.33203125,986.6571428571428,0.6258094906806946,27.243452072143555,59.97142857142857,1402.6923828125,2116.485595703125,0.5651428699493408,1058.8285714285714,0,496,1,0,0,21,35,127
0,238.0,0.47548460960388184,4194.0,243.59183673469374,15867.3330078125,37.0,4.333333492279053,30279.533203125,24.149999618530273,4.800000190734863,4.199999809265137,20.133333206176758,32617.666015625,988.7428571428571,0.6192619204521179,27.186189651489258,55.6,1398.45654296875,2158.428466796875,0.5511904954910278,1058.8857142857144,1,496,1,0,0,21,4,102
0,239.0,0.0,12957.0,242.02040816326505,15043.8330078125,30.46666717529297,2.7666666507720947,20707.150390625,22.983333587646484,4.300000190734863,4.083333492279053,12.966666221618652,43258.5,1132.9142857142858,0.6138095259666443,27.170238494873047,44.74285714285714,1423.9566650390625,2382.257080078125,0.5097380876541138,1084.2285714285715,0,473,1,0,0,31,18,90
0,15.0,0.0,9206.0,249.55102040816303,25033.666015625,35.46666717529297,5.066666603088379,27050.05078125,24.366666793823242,4.5,4.349999904632568,17.683332443237305,46561.5,1298.4571428571428,0.6399047374725342,27.222976684570312,44.57142857142857,1441.5010986328125,2597.028564453125,0.3512619137763977,1099.6,0,482,1,0,0,41,2,7
1,249.0,0.08209805935621262,4667.0,251.85714285714266,11965.1669921875,32.58333206176758,2.383333444595337,16624.349609375,22.700000762939453,4.400000095367432,4.133333206176758,19.600000381469727,25072.833984375,1312.7714285714285,0.6409285664558411,27.179285049438477,43.17142857142857,1433.848876953125,2641.28564453125,0.31519046425819397,1095.9142857142858,0,482,1,0,0,31,24,112
0,,0.0,6640.0,250.81632653061212,13885.3330078125,34.58333206176758,1.7999999523162842,18622.599609375,24.183332443237305,4.5,4.2833333015441895,16.21666717529297,32511.0,1365.6,0.6531904935836792,27.255237579345703,46.22857142857143,1438.7969970703125,2655.82861328125,0.3673095405101776,1098.1714285714286,0,482,1,0,0,42,1,
0,171.0,0.6328392028808594,1523.0,249.8571428571427,12849.0,28.71666717529297,4.133333206176758,21484.69921875,22.950000762939453,4.300000190734863,4.183333396911621,21.066667556762695,41638.0,1408.0,0.6509285569190979,27.177143096923828,45.142857142857146,1435.2303466796875,2712.771484375,0.3492142856121063,1095.4,0,482,1,0,0,21,33,74
1,183.0,0.06841505318880081,4390.0,247.24489795918353,15624.1669921875,32.150001525878906,1.8833333253860474,17990.416015625,23.183332443237305,4.400000095367432,4.083333492279053,22.299999237060547,23941.333984375,1434.7714285714285,0.6616666913032532,27.245834350585938,45.457142857142856,1436.4720458984375,2723.314208984375,0.2975476086139679,1098.4857142857143,0,482,1,0,0,21,2,62
0,70.0,0.6602052450180054,2049.0,237.44897959183658,14081.5,29.96666717529297,2.1666667461395264,18812.19921875,21.633333206176758,4.400000095367432,3.9833333492279053,21.58333396911621,23786.333984375,1533.857142857143,0.6694285869598389,27.206310272216797,46.82857142857143,1432.9683837890625,2692.1142578125,0.3088333308696747,1096.2285714285715,3,473,1,0,0,21,1,32
1,284.0,0.2896237075328827,3490.0,234.5510204081631,12973.6669921875,32.18333435058594,1.5166666507720947,19599.06640625,22.899999618530273,4.099999904632568,4.183333396911621,19.049999237060547,36249.33203125,1561.1142857142856,0.6780714392662048,27.24333381652832,48.17142857142857,1431.571533203125,2675.8857421875,0.2935238182544708,1096.2285714285715,1,473,1,0,0,21,21,127
1,221.43413403548422,0.21778790652751923,4646.0,234.12244897959167,15039.5,34.5,2.2166666984558105,24248.666015625,24.600000381469727,4.300000190734863,4.083333492279053,17.33333396911621,45427.16796875,1573.7714285714285,0.6820476055145264,27.257261276245117,49.08571428571429,1429.9935302734375,2670.1142578125,0.28583332896232605,1095.4,0,473,1,0,0,31,20,81
1,127.0,0.0,10693.0,234.14285714285697,16881.666015625,33.93333435058594,1.9666666984558105,19378.099609375,22.133333206176758,4.599999904632568,4.383333206176758,16.733333587646484,30825.666015625,1608.5428571428572,0.7036904692649841,27.36833381652832,58.25714285714286,1449.08642578125,2573.085693359375,0.2523571252822876,1102.7142857142858,0,473,1,0,0,31,29,51
1,214.0,0.011402508243918419,18338.0,234.14285714285697,13575.8330078125,32.29999923706055,2.2833333015441895,18480.966796875,24.183332443237305,4.599999904632568,4.383333206176758,15.350000381469727,23395.166015625,1607.4285714285713,0.7013333439826965,27.338809967041016,59.885714285714286,1440.890380859375,2579.71435546875,0.1883571296930313,1096.0,0,473,1,0,0,41,33,74
1,179.0,0.05815279483795166,19624.0,235.4081632653059,13216.5,28.383333206176758,1.8833333253860474,18697.150390625,24.883333206176758,5.099999904632568,4.266666889190674,18.016666412353516,20560.0,1622.4285714285713,0.6975713968276978,27.337738037109375,63.2,1450.5606689453125,2549.800048828125,0.2067619115114212,1097.8857142857144,0,473,1,0,0,21,33,52
1,219.0,0.0,16041.0,234.77551020408148,17557.888671875,29.738889694213867,2.383333206176758,18185.64453125,24.44444465637207,4.866666793823242,4.377777576446533,16.066667556762695,29369.5546875,1726.6857142857143,0.7085476517677307,27.360713958740234,68.22857142857143,1449.3192138671875,2500.371337890625,0.18735714256763458,1094.2571428571428,0,482,1,0,0,21,29,76
1,240.0497210294416,0.0,17255.0,233.2857142857142,16432.666015625,32.38333511352539,3.049999952316284,18565.216796875,23.233333587646484,4.400000095367432,4.483333110809326,13.066666603088379,22271.333984375,1742.5714285714287,0.7004047632217407,27.3219051361084,71.05714285714286,1451.0546875,2482.571533203125,0.1958809643983841,1090.5142857142857,0,497,1,0,0,21,19,94
1,188.0,0.0,13745.0,231.79591836734681,14509.0,37.88333511352539,2.066666603088379,17726.033203125,22.75,4.099999904632568,4.2833333015441895,15.183333396911621,25634.333984375,1758.7714285714285,0.7067857384681702,27.3271427154541,79.08571428571429,1452.2091064453125,2444.17138671875,0.1782618910074234,1084.8,0,497,1,0,0,21,28,72
1,257.0,0.0,10336.0,227.71428571428558,14764.6669921875,38.16666793823242,2.5833332538604736,20027.93359375,22.5,4.300000190734863,4.333333492279053,20.299999237060547,24271.833984375,1771.6571428571428,0.709690511226654,27.360713958740234,82.25714285714285,1454.48583984375,2421.0,0.1826428472995758,1083.9714285714285,0,497,1,0,0,31,31,91
1,252.0,0.0,13270.0,225.30612244897947,,,,,,,,,34558.83203125,1878.7714285714285,0.7277143001556396,27.398332595825195,91.08571428571429,1444.3448486328125,2355.82861328125,0.24635712802410126,1072.0,0,497,1,0,0,21,30,107
1,171.0,0.0,15200.0,220.69387755102028,16326.1669921875,34.04999923706055,2.4000000953674316,19523.982421875,24.649999618530273,4.800000190734863,4.383333206176758,18.200000762939453,22605.166015625,1896.1142857142856,0.7305952310562134,27.384523391723633,91.71428571428571,1426.6234130859375,2354.82861328125,0.26023808121681213,1060.8285714285714,1,497,1,0,0,24,3,57
1,177.0,0.0,13478.0,220.69387755102028,14848.0,35.28333282470703,2.7666666507720947,20260.466796875,23.83333396911621,4.599999904632568,4.383333206176758,13.433333396911621,24010.666015625,1933.8285714285714,0.7433809638023376,27.465951919555664,91.4,1429.5733642578125,2349.571533203125,0.2687142789363861,1066.057142857143,1,497,1,0,0,31,14,77
1,174.0,0.0,4595.0,215.7142857142855,10697.3330078125,34.56666564941406,1.3166667222976685,19620.732421875,21.21666717529297,4.699999809265137,4.25,13.25,18210.666015625,2046.2285714285715,0.7558809518814087,27.454999923706055,101.4,1420.5260009765625,2256.17138671875,0.32709524035453796,1052.2285714285715,0,497,1,0,0,24,4,62
0,,0.1550741195678711,1541.0,216.97959183673447,13374.7783203125,33.0444450378418,2.7425925731658936,22696.6171875,24.93703842163086,4.97777795791626,4.22777795791626,14.724074363708496,22587.22265625,2151.057142857143,0.7433809638023376,27.331785202026367,98.17142857142858,1414.8453369140625,2252.800048828125,0.34519046545028687,1047.9142857142858,0,497,1,0,0,42,4,
0,113.0,0.0,5486.0,220.24489795918342,17780.5,38.36666488647461,4.066666603088379,20493.69921875,23.133333206176758,5.300000190734863,4.349999904632568,11.800000190734863,24113.0,2157.1714285714284,0.755642831325531,27.406665802001953,103.31428571428572,1418.6466064453125,2228.685791015625,0.34545236825942993,1048.5142857142857,2,482,1,0,0,31,6,41
1,108.0,0.3090079724788666,4609.0,224.18367346938757,12117.5,36.33333206176758,1.3666666746139526,17015.19921875,23.5,5.900000095367432,4.300000190734863,26.149999618530273,21295.666015625,2232.3714285714286,0.7576190233230591,27.38428497314453,101.17142857142858,1413.237548828125,2238.94287109375,0.3648809492588043,1047.2571428571428,2,497,1,0,0,31,4,39
1,119.0,0.011402508243918419,4380.0,227.14285714285703,14218.7783203125,36.36111068725586,1.855555534362793,18319.861328125,21.438888549804688,4.4666666984558105,4.405555248260498,14.361111640930176,26239.111328125,2358.6285714285714,0.7621904611587524,27.407381057739258,102.94285714285714,1425.44140625,2202.514404296875,0.3919762074947357,1053.7714285714285,0,497,1,0,0,21,6,55
1,106.0,0.0,2593.0,228.44897959183655,18739.443359375,34.82777786254883,3.5222220420837402,19269.298828125,23.33888816833496,4.5,4.583333492279053,12.438888549804688,31281.443359375,2426.714285714286,0.7721190452575684,27.416786193847656,102.14285714285714,1425.2818603515625,2207.428466796875,0.42076191306114197,1056.6,0,497,1,0,0,31,14,47
1,194.0,0.13797035813331604,5552.0,230.75510204081613,15242.5,34.54999923706055,3.799999952316284,19983.80078125,23.350000381469727,5.0,4.449999809265137,13.466666221618652,29219.5,2412.714285714286,0.7826904654502869,27.504762649536133,103.17142857142858,1420.5718994140625,2212.228515625,0.41490477323532104,1056.3428571428572,1,497,1,0,0,41,9,82
1,272.0,0.4173318147659302,5265.0,230.14285714285705,20564.5,37.95000076293945,4.050000190734863,20434.767578125,21.950000762939453,5.0,4.349999904632568,18.350000381469727,24862.833984375,2506.1714285714284,0.782619059085846,27.454166412353516,98.57142857142857,1416.136962890625,2213.742919921875,0.443785697221756,1057.6571428571428,0,497,1,0,0,31,26,128
0,147.0,0.03306727483868599,4852.0,229.59183673469377,12826.6669921875,34.46666717529297,2.6666667461395264,18181.732421875,24.450000762939453,4.599999904632568,4.483333110809326,13.699999809265137,28666.666015625,2535.1428571428573,0.7872619032859802,27.460594177246094,95.0,1408.46923828125,2230.6572265625,0.4588809311389923,1057.6571428571428,0,497,1,0,0,31,9,70
0,145.7697475644972,0.12314709275960922,4194.0,226.69387755102028,12849.1669921875,36.78333282470703,2.9000000953674316,18435.482421875,21.733333587646484,5.199999809265137,4.150000095367432,22.46666717529297,23113.666015625,2568.714285714286,0.7930952310562134,27.46368980407715,92.14285714285714,1405.3162841796875,2249.742919921875,0.4662380814552307,1060.2571428571428,1,497,1,0,0,31,2,54
0,55.0,0.07525655627250671,3741.0,222.32653061224477,13520.1669921875,30.399999618530273,1.0666667222976685,18887.466796875,22.350000381469727,4.599999904632568,4.083333492279053,24.233333587646484,20938.666015625,2574.0857142857144,0.7999285459518433,27.480119705200195,92.57142857142857,1405.498046875,2248.628662109375,0.4701666533946991,1061.5428571428572,0,497,1,0,0,31,9,20
1,47.0,0.03192702308297157,9786.0,215.93877551020393,16660.0,35.766666412353516,3.683333396911621,21201.099609375,27.16666603088379,5.800000190734863,4.583333492279053,16.53333282470703,29573.0,2616.2285714285713,0.8210476040840149,27.59214210510254,94.77142857142857,1420.236572265625,2234.54296875,0.44476190209388733,1073.4285714285713,2,476,1,0,0,21,3,18
1,144.0,0.07639680802822113,8304.0,208.61224489795907,13221.3330078125,33.45000076293945,2.2666666507720947,18539.80078125,23.58333396911621,5.599999904632568,4.083333492279053,21.149999618530273,25198.666015625,2674.0,0.812666654586792,27.5094051361084,90.17142857142858,1409.43212890625,2273.6572265625,0.48328569531440735,1069.4571428571428,1,476,1,0,0,21,21,55
1,53.0,0.0,4915.0,202.59183673469374,14934.0,37.0,2.4666666984558105,18744.333984375,25.46666717529297,5.400000095367432,4.683333396911621,20.83333396911621,34293.66796875,2786.714285714286,0.8294761776924133,27.598451614379883,91.2,1408.3133544921875,2272.685791015625,0.45319050550460815,1071.9714285714285,0,476,1,0,0,34,2,27
1,73.0,0.05929304286837578,1474.0,202.95918367346928,10570.6669921875,35.21666717529297,0.9333333373069763,18662.3671875,22.78333282470703,5.300000190734863,4.083333492279053,19.28333282470703,26993.5,2880.3142857142857,0.8235476016998291,27.51702308654785,90.82857142857142,1411.379638671875,2292.54296875,0.448928564786911,1072.5142857142857,1,476,1,0,0,21,18,33
1,66.0,0.0,6634.0,200.95918367346925,18945.5,40.45000076293945,3.700000047683716,19830.55078125,24.066667556762695,4.900000095367432,4.383333206176758,16.266666412353516,37571.0,3073.8571428571427,0.8439523577690125,27.631547927856445,86.11428571428571,1405.2603759765625,2344.771484375,0.4776190519332886,1079.0857142857142,5,476,1,0,0,31,7,26
1,241.0,0.0,5068.0,202.02040816326516,16085.8330078125,36.766666412353516,2.6500000953674316,18904.533203125,21.133333206176758,4.800000190734863,4.300000190734863,13.316666603088379,24227.333984375,3148.714285714286,0.8406428694725037,27.59940528869629,92.68571428571428,1416.03173828125,2306.3427734375,0.4498809576034546,1078.4857142857143,0,476,1,0,0,31,21,96
1,148.0,0.022805016487836838,7903.0,208.75510204081624,14041.7783203125,37.9555549621582,3.0222222805023193,18207.177734375,21.583332061767578,4.733333110809326,4.266666412353516,15.311111450195312,19602.611328125,3254.6285714285714,0.848642885684967,27.60714340209961,91.68571428571428,1408.8094482421875,2312.71435546875,0.44535714387893677,1077.3714285714286,0,476,1,0,0,31,3,69
0,33.0,0.0,10831.0,215.18367346938768,,,,,,,,,,3326.7428571428572,0.8582381010055542,27.672975540161133,96.74285714285715,1413.5220947265625,2274.371337890625,0.4111666679382324,1078.142857142857,1,482,1,0,0,34,23,16
0,174.0,0.16989737749099731,3346.0,223.02040816326516,18938.0,34.66666793823242,4.633333206176758,18913.166015625,22.549999237060547,4.699999809265137,4.349999904632568,11.816666603088379,26534.666015625,3397.8571428571427,0.8551904559135437,27.62583351135254,93.57142857142857,1403.1778564453125,2286.8857421875,0.44073811173439026,1074.3428571428572,0,476,1,0,0,21,18,72
1,124.0,0.23375143110752106,1511.0,229.12244897959167,12289.8330078125,46.33333206176758,2.3333332538604736,16940.333984375,21.483333587646484,4.900000095367432,4.183333396911621,30.850000381469727,20951.833984375,3422.8571428571427,0.8508333563804626,27.548213958740234,93.02857142857142,1404.46337890625,2287.3427734375,0.4288095235824585,1073.5428571428572,0,476,1,0,0,42,21,63
0,138.0,0.5769669413566589,1541.0,233.08163265306104,12505.3330078125,38.599998474121094,3.383333444595337,17385.916015625,22.266666412353516,5.0,4.300000190734863,25.41666603088379,19942.666015625,3475.457142857143,0.8570238351821899,27.591310501098633,94.57142857142857,1402.975830078125,2270.971435546875,0.37823811173439026,1073.7714285714285,2,476,1,0,0,41,8,60
0,293.0,0.19954389333724976,1334.0,235.3265306122447,11180.0,43.9444465637207,3.0833332538604736,17425.333984375,21.788888931274414,5.066666603088379,4.116666793823242,25.427778244018555,20677.833984375,3540.285714285714,0.8601666688919067,27.58916664123535,93.85714285714286,1400.1727294921875,2271.142822265625,0.3724285364151001,1073.4285714285713,3,476,1,0,0,21,4,152
1,244.0,0.366020530462265,1295.0,239.63265306122426,10778.5,45.79999923706055,1.2833333015441895,16849.849609375,22.08333396911621,4.699999809265137,4.099999904632568,36.78333282470703,19212.0,3524.4285714285716,0.858047604560852,27.564762115478516,95.48571428571428,1410.554443359375,2220.571533203125,0.36516666412353516,1077.7714285714285,0,476,1,0,0,41,22,112
0,113.0,0.17445838451385498,2235.0,239.63265306122426,15363.8330078125,40.58333206176758,4.9666666984558105,19123.44921875,23.433332443237305,5.099999904632568,4.2833333015441895,20.883333206176758,22148.5,3471.285714285714,0.8653571605682373,27.61880874633789,95.74285714285715,1411.4112548828125,2197.8857421875,0.37409523129463196,1080.3428571428572,1,476,1,0,0,21,5,50
0,133.0,0.1482326090335846,1899.0,240.3265306122447,10961.3330078125,41.849998474121094,1.7000000476837158,16637.166015625,22.399999618530273,5.0,4.083333492279053,32.266666412353516,19849.5,3414.8285714285716,0.8733809590339661,27.6875,94.54285714285714,1412.6119384765625,2190.857177734375,0.3786666691303253,1084.6,0,476,1,0,0,31,20,50
0,145.0,0.3774230182170868,2097.0,242.04081632653046,15027.8896484375,45.43888854980469,3.805555582046509,17287.689453125,22.655555725097656,4.933333396911621,4.211111068725586,23.655555725097656,28829.4453125,3389.3142857142857,0.8715952634811401,27.641786575317383,94.85714285714286,1414.628662109375,2185.571533203125,0.3832142651081085,1085.4285714285713,0,476,1,0,0,31,15,54
0,178.0,0.3865450322628021,2420.0,243.63265306122437,,,,,,,,,19500.388671875,3317.6,0.8662142753601074,27.614643096923828,94.14285714285714,1419.6275634765625,2161.60009765625,0.36876189708709717,1087.6,1,476,1,0,0,21,21,65
0,218.0,0.22690992057323456,7040.0,236.95918367346925,14239.1669921875,44.31666564941406,2.183333396911621,18295.482421875,25.266666412353516,5.099999904632568,4.183333396911621,26.733333587646484,30037.333984375,3285.114285714286,0.8711904883384705,27.697261810302734,94.31428571428572,1422.5684814453125,2110.199951171875,0.3615000247955322,1092.142857142857,0,476,1,0,0,21,31,84
0,178.0,0.5621436834335327,1224.0,241.16326530612233,16875.666015625,40.900001525878906,2.75,20653.099609375,24.066667556762695,5.699999809265137,4.150000095367432,37.016666412353516,26611.666015625,3274.2571428571428,0.8559761643409729,27.585832595825195,90.8,1420.8878173828125,2123.485595703125,0.35928571224212646,1090.5714285714287,0,476,1,0,0,21,33,83
0,96.0,0.14595210552215576,1780.0,256.38775510204067,16688.666015625,46.150001525878906,4.983333110809326,16317.3837890625,23.049999237060547,4.699999809265137,4.25,31.866666793823242,41464.83203125,3246.4,0.8555238246917725,27.58011817932129,90.54285714285714,1420.5850830078125,2141.39990234375,0.3652856945991516,1090.1142857142856,0,476,1,0,0,21,22,47
0,157.2774692217178,0.41505131125450134,2429.0,250.51020408163254,12749.6669921875,43.483333587646484,2.9666666984558105,17223.1328125,22.16666603088379,4.199999809265137,4.150000095367432,37.400001525878906,23429.666015625,3214.542857142857,0.8496190309524536,27.56166648864746,93.02857142857142,1448.425048828125,2082.82861328125,0.3540714383125305,1103.942857142857,0,476,1,0,0,31,6,55
0,180.0,0.2098061591386795,2006.0,265.4693877551019,13673.9443359375,48.93333435058594,3.0611112117767334,19452.62109375,24.411109924316406,4.933333396911621,4.2833333015441895,30.072223663330078,31937.056640625,3186.4857142857145,0.854285717010498,27.568927764892578,93.6,1440.6806640625,2151.17138671875,0.3496904671192169,1099.1714285714286,0,476,1,0,0,31,6,66
1,330.0,0.0,4431.0,269.9999999999997,16648.0,49.61666488647461,2.116666555404663,21316.69921875,23.016666412353516,4.800000190734863,4.2833333015441895,17.683332443237305,34197.0,3163.9714285714285,0.8517857193946838,27.641427993774414,94.42857142857143,1440.917236328125,2177.314208984375,0.33385714888572693,1099.6,0,476,1,0,0,31,28,117
0,145.0,0.5005701184272766,2230.0,276.081632653061,13099.6669921875,48.70000076293945,2.4833333492279053,16451.30078125,22.983333587646484,5.099999904632568,4.099999904632568,33.54999923706055,39309.33203125,3149.4285714285716,0.8454762101173401,27.581546783447266,93.54285714285714,1435.16162109375,2228.800048828125,0.3092857003211975,1095.4285714285713,0,476,1,0,0,31,19,50
0,140.0,0.866590678691864,1042.0,281.3061224489793,12472.6669921875,44.68333435058594,3.8499999046325684,17595.8671875,22.100000381469727,4.800000190734863,4.133333206176758,33.86666488647461,20809.0,3123.9142857142856,0.8293095231056213,27.472261428833008,93.17142857142858,1434.712158203125,2288.0,0.25895240902900696,1091.2857142857142,2,476,1,0,0,42,2,75
0,18.0,0.39452680945396423,1816.0,287.77551020408134,11782.3330078125,42.20000076293945,4.866666793823242,17063.017578125,21.649999618530273,4.800000190734863,4.150000095367432,36.93333435058594,25541.833984375,3059.7714285714287,0.8294047713279724,27.510713577270508,96.54285714285714,1436.5340576171875,2337.94287109375,0.24233335256576538,1090.057142857143,0,476,1,1,0,42,21,8
0,243.0,0.623717188835144,1175.0,288.9591836734691,12770.0,45.66666793823242,2.116666555404663,17888.650390625,22.700000762939453,5.099999904632568,4.099999904632568,38.766666412353516,20857.0,3017.057142857143,0.8160476088523865,27.35845184326172,99.91428571428571,1450.7568359375,2341.914306640625,0.21950000524520874,1090.142857142857,0,476,1,1,0,42,30,132
0,229.0,0.7730900645256042,1294.0,289.3265306122446,12969.0,41.53333282470703,1.9833333492279053,17904.69921875,22.933332443237305,4.699999809265137,4.183333396911621,41.56666564941406,19278.333984375,2979.457142857143,0.8171190619468689,27.427261352539062,102.74285714285715,1453.96630859375,2325.514404296875,0.198928564786911,1091.1142857142856,0,476,1,1,0,42,4,101
0,235.0,0.7525655627250671,1118.0,288.7959183673467,13892.5556640625,45.905555725097656,2.538888931274414,18925.0546875,22.655555725097656,5.0333333015441895,4.127777576446533,35.63333511352539,24173.888671875,2968.342857142857,0.8088095188140869,27.3603572845459,105.11428571428571,1454.712158203125,2304.914306640625,0.17428572475910187,1087.1142857142856,0,476,1,1,0,42,14,126
0,231.0,0.4127708077430725,1847.0,282.9387755102038,11417.1669921875,45.75,1.899999976158142,16904.44921875,23.33333396911621,4.699999809265137,4.0,38.66666793823242,18520.666015625,2964.2571428571428,0.8065237998962402,27.399642944335938,109.88571428571429,1454.0260009765625,2254.742919921875,0.15673810243606567,1082.5142857142857,0,476,1,1,0,21,35,108
0,127.0,0.40820980072021484,2215.0,284.2244897959181,10634.3330078125,35.58333206176758,5.133333206176758,17462.5,22.0,4.900000095367432,4.150000095367432,39.63333511352539,18623.5,2946.1428571428573,0.7975000143051147,27.296310424804688,113.65714285714286,1459.86962890625,2220.1142578125,0.15033334493637085,1079.0,0,476,1,1,0,31,16,52
0,206.0,0.3192702531814575,1344.0,286.81632653061206,12307.6669921875,39.46666717529297,4.5333333015441895,28314.5,22.383333206176758,4.5,4.150000095367432,41.43333435058594,20503.833984375,2937.6285714285714,0.7851666808128357,27.16535758972168,124.14285714285714,1462.4228515625,2118.199951171875,-0.0032380837947130203,1067.3714285714286,1,476,1,0,0,41,2,111
0,130.0,0.678449273109436,1254.0,287.20408163265284,11814.3330078125,41.79999923706055,3.383333444595337,22629.166015625,23.933332443237305,4.900000095367432,4.150000095367432,38.650001525878906,19870.833984375,2952.8,0.7865476012229919,27.20273780822754,125.54285714285714,1463.510986328125,2105.3427734375,-0.026380952447652817,1067.8857142857144,0,476,1,0,0,21,6,71
0,223.0,0.8472064137458801,1077.0,292.0204081632651,11965.5,40.81111145019531,2.183333396911621,18080.994140625,21.53333282470703,4.233333110809326,4.150000095367432,43.97777557373047,18868.166015625,2952.2285714285713,0.7850000262260437,27.193214416503906,127.94285714285714,1464.7467041015625,2085.085693359375,-0.07373809814453125,1066.057142857143,0,476,1,0,0,42,15,121
0,252.0,0.7480045557022095,1045.0,300.755102040816,13303.1669921875,38.150001525878906,6.599999904632568,22369.8671875,22.5,5.099999904632568,4.349999904632568,38.79999923706055,22497.833984375,2978.8285714285716,0.7516666650772095,26.853452682495117,126.97142857142858,1471.1829833984375,2030.7427978515625,-0.004428580403327942,1061.4285714285713,0,476,1,0,0,21,8,136
0,38.0,0.8472064137458801,1060.0,290.3061224489794,10446.3330078125,37.29999923706055,3.0333333015441895,20736.083984375,21.600000381469727,4.0,4.25,48.08333206176758,19544.5,2859.657142857143,0.7219523787498474,26.623451232910156,133.0,1479.7137451171875,1976.3428955078125,-0.05323810875415802,1054.3142857142857,0,476,1,0,0,21,3,20
0,124.0,0.8586089015007019,1082.0,282.6734693877549,15425.8330078125,32.650001525878906,4.7166666984558105,18089.650390625,20.91666603088379,4.099999904632568,4.083333492279053,50.71666717529297,18550.0,2795.4857142857145,0.7180476188659668,26.686309814453125,149.28571428571428,1494.0335693359375,1954.028564453125,-0.005857130046933889,1048.2857142857142,1,476,1,0,0,21,2,67
0,174.0,0.6077536940574646,6072.0,282.6734693877549,12241.0,32.86666488647461,5.383333206176758,16663.05078125,21.91666603088379,4.5,4.050000190734863,54.61666488647461,19114.833984375,2774.7428571428572,0.7300238013267517,26.81011962890625,154.9142857142857,1494.4246826171875,1942.4857177734375,-0.037142857909202576,1043.9714285714285,0,476,1,0,0,31,12,69
0,154.0,0.5484606623649597,7428.0,281.24489795918345,14350.6669921875,29.5,5.25,18275.56640625,21.78333282470703,4.099999904632568,4.300000190734863,54.91666793823242,18022.5,2750.285714285714,0.7461666464805603,27.04773712158203,164.2,1508.2037353515625,1917.2572021484375,-0.036285724490880966,1049.4,4,476,1,0,0,41,5,68
0,319.0,0.7628278136253357,1302.0,276.2857142857141,15991.0,28.21666717529297,4.066666603088379,18007.533203125,20.96666717529297,4.199999809265137,4.099999904632568,61.983333587646484,22278.0,2859.8,0.7113571166992188,26.77726173400879,156.14285714285714,1486.2276611328125,1947.7142333984375,-0.04116666316986084,1036.0,1,507,1,0,1,41,10,165
0,218.0,0.6830102801322937,1883.0,286.0408163265303,10295.5,36.849998474121094,4.699999809265137,17385.94921875,23.866666793823242,4.400000095367432,4.349999904632568,49.18333435058594,20552.0,2860.657142857143,0.6664761900901794,26.377023696899414,173.05714285714285,1487.763427734375,1847.1142578125,-0.18328571319580078,1006.0857142857143,2,507,1,0,0,31,2,86
0,301.0,0.4378563165664673,4108.0,286.081632653061,10423.0,38.56666564941406,5.433333396911621,17182.099609375,20.91666603088379,4.099999904632568,4.349999904632568,48.28333282470703,20047.0,2851.342857142857,0.6583333611488342,26.28499984741211,176.0857142857143,1489.4990234375,1830.3143310546875,-0.19733333587646484,1001.2,1,507,1,0,0,42,19,161
0,287.0,0.15963512659072876,1851.0,281.67346938775484,10027.0,36.21666717529297,3.566666603088379,16727.19921875,21.866666793823242,4.0,4.300000190734863,49.06666564941406,18734.5,2818.8285714285716,0.6362380981445312,25.999643325805664,177.11428571428573,1491.8463134765625,1813.1142578125,-0.2080952525138855,992.6285714285714,1,507,1,0,0,21,3,149
0,229.0,0.49030786752700806,2007.0,271.16326530612224,13950.388671875,31.950000762939453,8.63888931274414,17444.873046875,22.44444465637207,4.066666603088379,4.4277777671813965,50.122222900390625,18379.5,2823.590476190491,0.6373730301856995,26.13428497314453,188.89523809523058,1494.0499267578125,1781.5714111328125,-0.3023809492588043,986.0476190476278,1,507,1,0,0,31,2,122
0,195.0,0.3044469654560089,4460.0,264.81632653061195,13418.8330078125,29.383333206176758,8.833333015441895,17038.19921875,23.08333396911621,4.300000190734863,4.383333206176758,51.68333435058594,20960.666015625,2762.2571428571428,0.6563809514045715,26.39690399169922,195.85714285714286,1490.517822265625,1779.2857666015625,-0.3022618889808655,984.9714285714285,1,507,1,0,0,31,9,78
0,212.0,0.9258837103843689,3421.0,258.1428571428568,12137.8330078125,37.400001525878906,7.2833333015441895,17048.783203125,24.96666717529297,4.099999904632568,4.449999809265137,45.36666488647461,21820.166015625,2776.6,0.6233571171760559,25.929046630859375,191.82857142857142,1490.6875,1779.4000244140625,-0.2950476109981537,975.3428571428572,0,507,1,0,0,31,22,112
0,305.0,0.9042189121246338,1069.0,253.3877551020405,12406.1669921875,38.06666564941406,5.277777671813965,18137.927734375,26.544445037841797,4.5333333015441895,4.199999809265137,43.16666793823242,20861.556640625,2830.2,0.6111190319061279,25.76309585571289,189.4857142857143,1489.9791259765625,1766.3428955078125,-0.35771429538726807,972.6571428571428,0,507,1,0,0,21,34,121
0,276.0,0.09806157648563385,5214.0,248.26530612244866,12147.8330078125,35.400001525878906,6.583333492279053,18240.5,23.600000381469727,4.199999809265137,4.400000095367432,45.61666488647461,21029.333984375,2765.4857142857145,0.6226428747177124,25.919404983520508,194.54285714285714,1491.26513671875,1764.94287109375,-0.3738333582878113,973.6285714285714,2,507,1,0,0,31,9,120
0,368.0,0.027366019785404205,3408.0,248.97959183673441,13084.5,37.16666793823242,5.666666507720947,17179.333984375,23.733333587646484,4.599999904632568,4.400000095367432,45.21666717529297,24067.833984375,2758.942857142857,0.6078809499740601,25.708452224731445,195.17142857142858,1492.6319580078125,1728.4857177734375,-0.4300714135169983,966.9714285714285,1,507,1,0,0,21,16,172
0,299.0,0.8700113892555237,1168.0,251.4489795918365,12022.8330078125,38.53333282470703,8.350000381469727,17767.30078125,24.0,4.199999809265137,4.449999809265137,43.58333206176758,20790.833984375,2805.8285714285716,0.6091190576553345,25.693809509277344,194.82857142857142,1495.4207763671875,1718.028564453125,-0.496261864900589,969.0571428571428,0,507,1,0,0,41,15,146
0,173.0,0.571265697479248,1507.0,257.551020408163,10091.111328125,39.116668701171875,11.794445037841797,19541.93359375,26.155555725097656,4.3333330154418945,4.5,37.405555725097656,24883.888671875,2755.7714285714287,0.6102619171142578,25.684524536132812,206.14285714285714,1497.28515625,1673.4571533203125,-0.5821904540061951,959.2285714285714,1,507,1,0,0,11,4,72
0,215.0,0.36145952343940735,3637.0,263.28571428571405,11928.6669921875,42.61666488647461,7.366666793823242,18285.3671875,23.83333396911621,4.5,4.449999809265137,38.31666564941406,23038.833984375,2715.885714285714,0.5973095297813416,25.431547164916992,204.6,1494.89453125,1670.7427978515625,-0.6301190257072449,952.4,1,507,1,0,0,21,12,87
0,208.0,0.08323831111192703,14683.0,266.32653061224465,9503.8330078125,38.43333435058594,7.866666793823242,18090.599609375,23.399999618530273,4.0,4.5,44.099998474121094,21756.0,2685.5714285714284,0.6179285645484924,25.670595169067383,213.17142857142858,1498.8983154296875,1635.4000244140625,-0.6704047918319702,955.4,0,507,1,0,0,31,22,99
0,280.0,0.034207526594400406,6801.0,266.59183673469363,13197.8330078125,36.483333587646484,5.083333492279053,19816.19921875,24.799999237060547,4.5,4.900000095367432,45.53333282470703,22420.333984375,2677.4857142857145,0.6523571610450745,26.172500610351562,217.71428571428572,1498.9981689453125,1616.199951171875,-0.6832857131958008,966.8571428571429,2,507,1,0,0,21,4,114
0,303.0,0.15735462307929993,3186.0,269.3877551020406,14079.0,33.03333282470703,6.099999904632568,17088.900390625,21.850000381469727,4.0,4.550000190734863,46.233333587646484,20672.666015625,2646.2571428571428,0.6568571329116821,26.217023849487305,218.82857142857142,1502.0101318359375,1625.7427978515625,-0.6952381134033203,970.1428571428571,0,507,1,0,0,31,5,136
0,290.0,0.31356897950172424,4651.0,271.2040816326529,12434.1669921875,35.63333511352539,5.816666603088379,18971.3671875,22.883333206176758,4.400000095367432,4.400000095367432,43.91666793823242,24865.666015625,2629.9714285714285,0.6551428437232971,26.19976234436035,223.4857142857143,1498.312744140625,1619.3143310546875,-0.7511190176010132,963.2571428571429,0,507,1,0,0,21,11,128
0,76.0,0.2086659073829651,2826.0,272.3061224489794,10880.3330078125,35.31666564941406,5.400000095367432,16481.3671875,22.799999237060547,4.0,4.650000095367432,46.46666717529297,20262.5,2585.714285714286,0.6526666879653931,26.11750030517578,223.05714285714285,1498.134765625,1629.5428466796875,-0.7026190161705017,962.2857142857143,0,507,1,0,0,34,5,34
0,47.0,0.034207526594400406,2688.0,275.1836734693876,10661.388671875,37.93333435058594,7.950000286102295,19377.705078125,24.049999237060547,4.099999904632568,4.5333333015441895,40.38333511352539,20022.5546875,2542.4857142857145,0.6184999942779541,25.671667098999023,222.0857142857143,1498.3604736328125,1649.199951171875,-0.7571666836738586,950.1142857142858,1,507,1,0,0,31,10,19
0,147.0,0.20524515211582184,2593.0,263.28571428571416,11509.0,42.5,7.7166666984558105,18981.900390625,23.83333396911621,4.199999809265137,4.583333492279053,36.03333282470703,19845.0,2478.8285714285716,0.6175476312637329,25.64476203918457,221.82857142857142,1500.0377197265625,1685.4857177734375,-0.7371904850006104,950.8571428571429,0,507,1,0,0,31,9,58
0,326.0,0.2018243968486786,2556.0,266.28571428571416,12220.3330078125,45.53333282470703,6.083333492279053,20119.81640625,26.683332443237305,4.400000095367432,4.650000095367432,33.91666793823242,25660.833984375,2451.6,0.5892142653465271,25.256786346435547,216.42857142857142,1500.672119140625,1711.4000244140625,-0.7250952124595642,942.9428571428572,0,507,1,0,0,41,9,127
0,228.0,0.08209805935621262,1456.0,262.55102040816314,10643.8330078125,44.88333511352539,8.883333206176758,18649.017578125,23.899999618530273,4.099999904632568,4.650000095367432,35.25,21525.0,2445.0285714285715,0.6083095073699951,25.54142951965332,219.54285714285714,1514.120361328125,1730.228515625,-0.7458571791648865,957.4,0,507,1,0,0,42,8,95
0,190.0,0.8244013786315918,1194.0,253.5918367346937,11514.3330078125,50.81666564941406,5.233333110809326,19748.43359375,25.683332443237305,4.400000095367432,4.550000190734863,27.116666793823242,21721.666015625,2398.5714285714284,0.5967381000518799,25.41154670715332,223.31428571428572,1506.1893310546875,1752.914306640625,-0.8140237927436829,944.4571428571429,0,507,1,1,0,31,30,86
0,245.0,0.9543899893760681,1082.0,243.73469387755082,13720.6669921875,50.16666793823242,4.949999809265137,23505.68359375,26.149999618530273,4.300000190734863,4.650000095367432,29.0,21171.5,2369.657142857143,0.5890952348709106,25.34642791748047,223.2,1509.60205078125,1795.0,-0.8003095388412476,944.7714285714286,0,507,1,1,0,21,17,125
0,129.0,0.03876852989196777,7209.0,235.63265306122426,10931.611328125,45.18333435058594,9.038888931274414,19532.73828125,25.427778244018555,3.9666666984558105,4.699999809265137,35.02777862548828,21567.833984375,2336.8571428571427,0.6352381110191345,25.799880981445312,231.68571428571428,1521.7303466796875,1838.94287109375,-0.8440714478492737,961.0,1,507,1,0,0,31,7,48
0,169.0,0.007981755770742893,7645.0,234.6734693877549,14667.0,43.08333206176758,7.7166666984558105,18411.3671875,25.799999237060547,4.099999904632568,4.650000095367432,36.70000076293945,22651.666015625,2348.4285714285716,0.6445476412773132,25.848215103149414,231.0,1517.7606201171875,1876.4857177734375,-0.7994285821914673,962.5142857142857,2,507,1,0,0,41,5,63
0,235.0,0.4253135621547699,6303.0,238.22448979591815,11682.888671875,40.17778015136719,9.199999809265137,18522.26171875,24.838890075683594,3.9000000953674316,4.605555534362793,41.838890075683594,23167.443359375,2343.2,0.650523841381073,25.925119400024414,233.71428571428572,1513.9127197265625,1890.82861328125,-0.8116904497146606,960.0571428571428,1,507,1,0,0,21,27,94
0,45.0,0.2907639741897583,4565.0,244.10204081632634,10806.0,41.38333511352539,14.149999618530273,16609.833984375,25.233333587646484,4.0,4.800000190734863,40.016666412353516,22281.0,2376.8285714285716,0.66352379322052,26.065237045288086,239.82857142857142,1515.6148681640625,1918.5428466796875,-0.7999523878097534,959.6,1,507,1,0,0,21,6,17
0,272.0,0.2223489135503769,18354.0,254.79591836734673,11960.388671875,48.06666946411133,7.099999904632568,21741.662109375,28.53333282470703,4.400000095367432,4.744444370269775,33.04999923706055,26310.77734375,2615.5142857142855,0.6468809247016907,25.827381134033203,214.34285714285716,1518.14453125,2077.257080078125,-0.7854762077331543,981.4857142857143,0,518,1,0,0,21,6,111
0,251.0,0.08893956989049911,16554.0,262.67346938775484,9684.8330078125,43.06666564941406,5.816666603088379,16986.3671875,25.75,4.300000190734863,4.75,35.16666793823242,20842.166015625,2640.2,0.6379047632217407,25.751190185546875,210.68571428571428,1513.791015625,2086.82861328125,-0.7834523916244507,978.9428571428572,0,518,1,0,0,21,9,106
0,262.0,0.09350056946277618,12557.0,271.36734693877526,17034.666015625,43.68333435058594,6.366666793823242,25684.8671875,26.316667556762695,4.300000190734863,4.583333492279053,35.483333587646484,28334.0,2812.8,0.6354047656059265,25.700952529907227,193.62857142857143,1512.695556640625,2212.571533203125,-0.6457380652427673,994.2285714285714,0,518,1,0,0,42,7,110
0,238.0,0.557582676410675,12106.0,280.28571428571405,10513.6669921875,43.849998474121094,2.9166667461395264,18211.43359375,25.683332443237305,4.5,4.583333492279053,39.58333206176758,22339.666015625,2865.342857142857,0.6325952410697937,25.67392921447754,189.0,1513.1937255859375,2254.857177734375,-0.5885952711105347,997.9428571428572,0,518,1,0,0,41,3,89
0,173.0,0.16305586695671082,9824.0,286.6326530612243,11052.3330078125,39.28333282470703,5.483333110809326,18347.80078125,24.566667556762695,4.5,4.699999809265137,40.13333511352539,24008.666015625,3052.3714285714286,0.6378571391105652,25.695714950561523,180.17142857142858,1519.0926513671875,2330.257080078125,-0.3720952272415161,1011.3714285714286,1,518,1,0,0,21,4,70
0,257.0,0.1151653379201889,1812.0,289.4489795918365,12604.5,45.66666793823242,6.300000190734863,18300.400390625,26.616666793823242,4.699999809265137,4.599999904632568,32.266666412353516,23819.0,3181.5714285714284,0.6239285469055176,25.554405212402344,172.88571428571427,1514.6966552734375,2402.485595703125,-0.2272142767906189,1010.4857142857143,0,518,1,0,0,41,10,109
0,81.0,0.2086659073829651,5487.0,281.42857142857116,10553.8330078125,36.0,9.905555725097656,18853.810546875,25.30000114440918,5.333333492279053,4.733333587646484,48.24444580078125,41355.27734375,3238.3142857142857,0.6561428308486938,25.904523849487305,180.8,1516.794189453125,2304.028564453125,-0.18480953574180603,1018.0,0,507,1,0,0,31,4,31
0,210.0,0.8677309155464172,1193.0,288.4489795918365,12201.0,37.11666488647461,6.400000095367432,18443.30078125,23.116666793823242,4.599999904632568,4.583333492279053,41.266666412353516,20974.666015625,3320.342857142857,0.6255000233650208,25.637619018554688,179.71428571428572,1517.7467041015625,2231.571533203125,-0.12204761803150177,1009.0285714285715,0,518,1,1,0,21,4,94
0,292.0,0.879133403301239,1105.0,292.4081632653059,11834.0,34.81666564941406,10.883333206176758,16972.482421875,21.766666412353516,5.099999904632568,4.5,48.516666412353516,28350.666015625,3324.342857142857,0.6226666569709778,25.61511993408203,194.0857142857143,1517.4609375,2101.28564453125,-0.12769049406051636,993.7714285714286,0,518,1,1,0,21,13,128
0,146.44586703331834,0.014823260717093945,2420.0,294.89795918367327,21908.0,39.266666412353516,10.550000190734863,17788.06640625,22.683332443237305,4.699999809265137,4.599999904632568,41.61666488647461,21252.833984375,3352.0857142857144,0.6347380876541138,25.707975387573242,208.0,1522.982421875,2032.5428466796875,-0.08902382105588913,989.5428571428571,0,518,1,0,0,31,7,62
0,225.0,0.2770809531211853,2941.0,293.75510204081615,11402.3330078125,38.400001525878906,8.183333396911621,16371.9169921875,23.433332443237305,4.300000190734863,4.5,39.733333587646484,19733.166015625,3343.1428571428573,0.6315000057220459,25.68595314025879,215.28571428571428,1517.193359375,2003.4000244140625,0.014690482057631016,979.8571428571429,1,518,1,0,0,21,1,85
0,126.0,0.4948688745498657,12323.0,292.02040816326513,10921.6669921875,36.06666564941406,8.833333015441895,17216.3828125,23.08333396911621,4.400000095367432,4.75,41.88333511352539,21836.166015625,3334.6,0.644428551197052,25.819522857666016,218.74285714285713,1528.4981689453125,2020.6285400390625,0.08264284580945969,988.8571428571429,0,518,1,0,0,21,4,63
0,74.0,0.028506271541118622,14495.0,288.0204081632652,17819.0,34.25,11.5,19346.849609375,23.850000381469727,4.400000095367432,4.75,43.06666564941406,25566.333984375,3348.457142857143,0.65240478515625,25.917024612426758,219.97142857142856,1528.01318359375,2036.800048828125,0.0945238322019577,991.3428571428572,1,518,1,0,0,31,5,28
0,127.0,0.37514254450798035,20217.0,283.2040816326529,14831.3330078125,39.41666793823242,9.216666221618652,18143.5,26.950000762939453,4.400000095367432,4.699999809265137,39.150001525878906,23309.333984375,3368.457142857143,0.6675952076911926,26.105714797973633,219.42857142857142,1530.630126953125,2074.685791015625,0.23909524083137512,1002.0571428571428,2,518,1,0,0,41,13,53
0,184.0,0.352337509393692,15608.0,279.3061224489794,13050.3330078125,33.03333282470703,7.599999904632568,15779.5,22.883333206176758,4.400000095367432,4.683333396911621,39.38333511352539,21964.5,3349.7428571428572,0.6661428809165955,26.07297706604004,221.77142857142857,1529.203857421875,2062.771484375,0.2775000035762787,998.7142857142857,0,518,1,0,0,31,22,87
0,177.0,0.4880273640155792,12009.0,274.1224489795916,11624.8330078125,36.733333587646484,7.366666793823242,17619.81640625,26.766666412353516,4.699999809265137,4.75,42.28333282470703,25391.666015625,3353.714285714286,0.6624285578727722,26.010595321655273,220.94285714285715,1529.7950439453125,2065.39990234375,0.3021666705608368,998.4,0,518,1,0,0,11,25,78
0,152.0,0.45496007800102234,3664.0,268.3265306122447,11584.6669921875,36.11666488647461,7.550000190734863,17685.466796875,24.933332443237305,4.300000190734863,4.683333396911621,41.88333511352539,20601.166015625,3357.2285714285713,0.6824761629104614,26.2257137298584,221.14285714285714,1536.927490234375,2089.428466796875,0.40690475702285767,1013.7714285714286,0,518,1,0,0,21,19,58
0,228.0,0.4982896149158478,3661.0,266.35374149674794,11768.9443359375,36.338890075683594,8.494444847106934,16990.689453125,23.066665649414062,3.866666793823242,4.661110877990723,39.094444274902344,19303.056640625,3357.2285714285713,0.6824761629104614,26.2257137298584,221.14285714285714,1536.927490234375,2089.428466796875,0.40690475702285767,1013.7714285714286,0,518,1,0,0,31,7,85
0,8.0,0.45610034465789795,10776.0,271.5306122448977,12063.0,31.03333282470703,9.0,16928.5,21.850000381469727,4.199999809265137,4.699999809265137,45.5,19452.5,3346.342857142857,0.6928571462631226,26.3608341217041,221.77142857142857,1542.7099609375,2138.6572265625,0.4630238115787506,1022.7142857142857,3,518,1,0,0,41,12,3
0,84.0,0.015963511541485786,7585.0,268.7142857142856,12447.3330078125,30.683332443237305,10.649999618530273,17401.93359375,24.200000762939453,4.199999809265137,4.75,43.650001525878906,22571.333984375,3333.3142857142857,0.7066666483879089,26.464405059814453,224.45714285714286,1545.0072021484375,2108.514404296875,0.5146190524101257,1027.6285714285714,0,518,1,0,0,31,18,33
1,240.0,0.011402508243918419,3464.0,274.30612244897947,14099.1669921875,32.06666564941406,8.966666221618652,17684.5,24.883333206176758,4.099999904632568,4.650000095367432,45.483333587646484,23170.333984375,3321.657142857143,0.7075476050376892,26.511428833007812,224.28571428571428,1541.2144775390625,2123.54296875,0.5652381181716919,1028.0857142857142,2,518,1,0,0,41,22,123
0,134.0,0.34777650237083435,1403.0,278.61224489795904,11007.5,30.649999618530273,6.866666793823242,17846.533203125,24.450000762939453,4.0,4.650000095367432,49.08333206176758,21161.666015625,3300.2,0.7047857046127319,26.4521427154541,223.31428571428572,1539.6949462890625,2139.199951171875,0.598809540271759,1027.2285714285715,2,518,1,0,0,21,4,50
0,164.0,0.486887127161026,1296.0,280.18367346938766,12541.8330078125,30.75,8.133333206176758,20871.982421875,26.450000762939453,4.300000190734863,4.5,48.33333206176758,26494.0,3285.0,0.6990000009536743,26.413570404052734,219.28571428571428,1542.586181640625,2174.28564453125,0.6459047794342041,1031.5142857142857,0,518,1,0,0,41,33,81
0,277.0,0.0741163045167923,2598.0,281.5918367346938,10421.3330078125,30.266666412353516,3.549999952316284,17619.19921875,24.733333587646484,4.199999809265137,4.699999809265137,50.95000076293945,22091.333984375,3276.9142857142856,0.7124523520469666,26.56916618347168,217.88571428571427,1544.619873046875,2196.142822265625,0.6651190519332886,1040.3714285714286,0,518,1,0,0,41,23,126
0,147.0,0.29532498121261597,5941.0,278.8367346938775,12416.6669921875,32.099998474121094,5.616666793823242,24659.25,24.983333587646484,4.199999809265137,4.599999904632568,49.11666488647461,23565.333984375,3224.714285714286,0.7292143106460571,26.727142333984375,212.5142857142857,1555.0357666015625,2309.971435546875,0.707976222038269,1060.3142857142857,0,518,1,0,0,21,3,63
0,108.0,0.258836954832077,2952.0,271.3877551020408,12616.3330078125,34.70000076293945,5.483333110809326,21415.966796875,24.566667556762695,4.199999809265137,4.800000190734863,42.31666564941406,21887.333984375,3215.457142857143,0.7332381010055542,26.735239028930664,211.14285714285714,1553.56640625,2330.371337890625,0.7309762239456177,1062.6857142857143,1,518,1,0,0,31,3,43
0,70.0,0.03192702308297157,2220.0,260.4489795918366,11987.5,35.900001525878906,7.0333333015441895,19809.966796875,23.66666603088379,4.199999809265137,4.849999904632568,42.56666564941406,19561.5,3177.1428571428573,0.7451666593551636,26.84821319580078,209.05714285714285,1555.7012939453125,2392.371337890625,0.7226666808128357,1073.1714285714286,1,518,1,0,0,31,31,28
0,246.0,0.07297605276107788,6267.0,248.0408163265305,11873.6669921875,31.266666412353516,10.683333396911621,21958.783203125,25.133333206176758,4.300000190734863,4.733333110809326,44.71666717529297,22357.5,3170.5714285714284,0.7545238137245178,26.91107177734375,206.85714285714286,1556.3211669921875,2421.514404296875,0.7259047627449036,1079.5142857142857,0,518,1,0,0,21,30,101
0,155.0,0.10376282781362534,3114.0,234.69387755102022,11456.2216796875,31.049999237060547,8.227777481079102,21345.171875,25.88888931274414,4.433333396911621,4.788888931274414,45.36111068725586,24415.556640625,3145.114285714286,0.7516190409660339,26.86107063293457,204.42857142857142,1560.4766845703125,2457.914306640625,0.7434523701667786,1084.0,0,518,1,0,0,21,22,58
1,162.0,0.0,2761.0,224.55102040816317,12459.8330078125,38.21666717529297,10.633333206176758,24231.517578125,24.983333587646484,4.5,4.7833333015441895,39.66666793823242,25918.833984375,3064.9714285714285,0.8067142963409424,27.313810348510742,211.94285714285715,1570.3836669921875,2492.742919921875,0.7082857489585876,1101.8,1,518,1,0,0,31,33,75
1,109.0,0.045610032975673676,5759.0,214.12244897959172,14709.6669921875,35.0,13.616666793823242,22864.69921875,25.516666412353516,4.400000095367432,4.883333206176758,37.36666488647461,33950.5,3064.9714285714285,0.8067142963409424,27.313810348510742,211.94285714285715,1570.3836669921875,2492.742919921875,0.7082857489585876,1101.8,2,518,1,0,0,31,11,44
0,146.0,0.08551881462335587,10070.0,213.57142857142853,11986.0,31.16666603088379,10.583333015441895,21646.69921875,25.316667556762695,4.599999904632568,4.583333492279053,44.78333282470703,23021.833984375,3021.1428571428573,0.793571412563324,27.126903533935547,205.94285714285715,1581.3504638671875,2523.60009765625,0.6976666450500488,1109.6571428571428,2,508,1,0,0,24,5,59
0,178.0,0.009122006595134735,12060.0,203.40816326530606,11523.6669921875,28.266666412353516,7.75,22118.1171875,24.116666793823242,4.599999904632568,4.7833333015441895,46.96666717529297,24683.333984375,2984.4,0.8025952577590942,27.12392807006836,210.97142857142856,1585.9722900390625,2487.17138671875,0.6121190190315247,1109.6857142857143,2,508,1,0,0,21,10,87
0,121.0,0.36830103397369385,1391.0,201.1632653061224,9375.3330078125,32.58333206176758,6.199999809265137,25881.599609375,25.066667556762695,4.5,4.633333206176758,43.56666564941406,26037.666015625,2961.6857142857143,0.7904285788536072,26.992023468017578,223.88571428571427,1593.0587158203125,2412.71435546875,0.5992857217788696,1093.9142857142858,0,508,1,0,0,31,29,44
0,183.0,0.1220068410038948,3799.0,198.8979591836734,9268.0,32.63333511352539,5.5,20902.267578125,24.149999618530273,4.300000190734863,4.75,45.08333206176758,23640.0,2987.6857142857143,0.8031428456306458,27.062023162841797,210.97142857142856,1581.2203369140625,2426.742919921875,0.5633333325386047,1104.4571428571428,0,508,1,0,0,31,16,74
0,113.0,0.007981755770742893,4382.0,200.57142857142847,12820.5,32.03333282470703,9.199999809265137,21273.30078125,23.96666717529297,4.699999809265137,4.883333206176758,43.5,23911.166015625,2976.3714285714286,0.7939285635948181,26.964523315429688,214.2,1584.3221435546875,2404.771484375,0.565761923789978,1098.5714285714287,1,508,1,0,0,34,4,45
0,173.0,0.009122006595134735,3847.0,206.79591836734687,9486.1669921875,30.91666603088379,8.283333778381348,23489.333984375,24.549999237060547,4.800000190734863,4.683333396911621,45.41666793823242,21646.833984375,3025.0,0.8155476450920105,27.074403762817383,215.57142857142858,1586.227294921875,2372.39990234375,0.5076190233230591,1106.4857142857143,0,508,1,0,0,21,24,64
0,169.0,0.0741163045167923,3145.0,206.79591836734687,11728.1669921875,32.13333511352539,7.816666603088379,20870.666015625,23.75,5.099999904632568,4.683333396911621,44.86666488647461,26092.666015625,3023.342857142857,0.8201428651809692,27.08738136291504,217.4857142857143,1588.3358154296875,2355.0,0.4889761805534363,1106.8285714285714,1,508,1,0,0,21,15,66
0,186.50594749131807,0.6408209800720215,4351.0,227.7142857142856,10556.5,32.766666412353516,3.3333332538604736,19459.5,24.16666603088379,4.699999809265137,4.650000095367432,49.13333511352539,20369.5,3022.342857142857,0.8146428465843201,27.025238037109375,217.22857142857143,1586.900634765625,2309.60009765625,0.46580952405929565,1102.6285714285714,0,508,1,0,0,31,27,69
0,217.0,0.0,2775.0,230.46938775510193,8009.83349609375,31.28333282470703,7.0,18656.466796875,22.950000762939453,4.199999809265137,4.516666889190674,51.29999923706055,19853.0,2966.657142857143,0.8042142987251282,26.98345184326172,224.45714285714286,1605.2115478515625,2294.571533203125,0.5087857246398926,1102.0857142857142,0,508,1,0,0,34,21,83
0,236.0,0.2645381987094879,2212.0,242.081632653061,9120.0,30.5,6.800000190734863,17051.783203125,22.383333206176758,4.400000095367432,4.5,47.733333587646484,20412.0,3144.6857142857143,0.7831190228462219,26.65654754638672,223.25714285714287,1606.3851318359375,2219.857177734375,0.35809525847435,1091.5428571428572,0,508,1,0,0,31,35,101
0,265.0,0.04332953318953514,1714.0,249.612244897959,10138.7216796875,33.82222366333008,4.900000095367432,17921.27734375,22.7722225189209,4.400000095367432,4.633333206176758,44.338890075683594,21040.666015625,3099.9142857142856,0.7889285683631897,26.73714256286621,220.4,1604.165771484375,2237.228515625,0.3944047689437866,1096.2857142857142,0,508,1,0,0,24,32,99
0,105.0,0.4743443429470062,1095.0,252.34693877551,8896.0,33.53333282470703,4.849999904632568,16414.18359375,23.549999237060547,4.599999904632568,4.599999904632568,42.5,18891.833984375,3206.4285714285716,0.7910000085830688,26.590951919555664,224.17142857142858,1603.220947265625,2138.199951171875,0.22433334589004517,1085.8,1,508,1,0,0,31,8,47
0,289.0,0.42987456917762756,1277.0,246.61224489795896,8490.0,32.150001525878906,5.150000095367432,16614.166015625,21.883333206176758,4.400000095367432,4.583333492279053,46.36666488647461,17877.5,3206.4285714285716,0.7910000085830688,26.590951919555664,224.17142857142858,1603.220947265625,2138.199951171875,0.22433334589004517,1085.8,0,508,1,0,0,41,7,128
0,268.0,0.623717188835144,1079.0,238.81632653061203,8523.5,32.96666717529297,4.349999904632568,17469.533203125,22.566667556762695,4.400000095367432,4.599999904632568,47.63333511352539,19818.666015625,3140.7428571428572,0.7869523763656616,26.503334045410156,227.17142857142858,1611.7177734375,2113.485595703125,0.22561906278133392,1084.4857142857143,3,508,1,0,0,42,5,104
0,193.0,0.02166476659476757,1404.0,236.28571428571408,8610.1669921875,35.18333435058594,6.75,19232.5,22.016666412353516,4.699999809265137,4.616666793823242,48.33333206176758,20277.166015625,3091.3142857142857,0.7876190543174744,26.424165725708008,237.31428571428572,1623.91943359375,2054.514404296875,0.15600000321865082,1078.2571428571428,2,508,1,0,0,24,14,77
0,265.0,0.5530216693878174,1153.0,225.8163265306121,8519.0,35.70000076293945,9.333333015441895,16898.19921875,22.183332443237305,4.300000190734863,4.699999809265137,41.099998474121094,19354.0,3091.3142857142857,0.7876190543174744,26.424165725708008,237.31428571428572,1623.91943359375,2054.514404296875,0.15600000321865082,1078.2571428571428,1,508,1,0,0,31,10,118
0,230.0,0.8905358910560608,1095.0,222.48979591836715,9033.0,30.71666717529297,6.5,18120.583984375,22.983333587646484,4.300000190734863,4.5,45.733333587646484,20375.333984375,3046.114285714286,0.7935952544212341,26.484285354614258,240.0857142857143,1630.4486083984375,2031.914306640625,0.13469046354293823,1079.6571428571428,0,508,1,0,0,31,33,110
0,311.0,0.825541615486145,1086.0,210.75510204081613,8914.8330078125,32.68333435058594,7.9666666984558105,16193.1162109375,22.183332443237305,4.099999904632568,4.449999809265137,45.21666717529297,19594.166015625,3085.0,0.7966428399085999,26.414047241210938,242.4857142857143,1626.943115234375,1992.4571533203125,4.7619256656616926E-4,1074.6,1,508,1,0,0,31,24,146
0,293.0,0.03534777835011482,2362.0,205.9795918367345,8394.5556640625,33.67222213745117,10.122221946716309,17187.626953125,24.127777099609375,4.5333333015441895,4.416666507720947,53.22222137451172,20241.888671875,3089.0,0.8074047565460205,26.494762420654297,242.9142857142857,1625.14111328125,1980.3143310546875,-0.023500004783272743,1077.4,0,508,1,0,0,31,31,132
0,240.0,0.5074116587638855,1227.0,205.9795918367345,7437.16650390625,33.11666488647461,7.300000190734863,17065.900390625,24.649999618530273,4.599999904632568,4.5,54.81666564941406,20984.833984375,3103.4857142857145,0.8158095479011536,26.59321403503418,242.34285714285716,1622.1776123046875,1971.971435546875,-0.04085714370012283,1080.8857142857144,0,508,1,0,0,31,32,112
0,191.0,0.419612318277359,1704.0,187.4897959183672,8046.33349609375,34.733333587646484,6.2166666984558105,16373.6337890625,21.96666717529297,4.099999904632568,4.5,49.46666717529297,18770.833984375,3182.4285714285716,0.7859761714935303,26.142499923706055,252.5142857142857,1644.185302734375,1897.4857177734375,-0.23016665875911713,1068.057142857143,0,508,1,0,0,41,25,72
0,153.0,0.10604333132505417,1945.0,184.22448979591826,8558.3330078125,33.33333206176758,3.933333396911621,18662.5,21.616666793823242,3.9000000953674316,4.800000190734863,50.400001525878906,17422.0,3206.9714285714285,0.7880476117134094,26.157737731933594,242.74285714285713,1630.4312744140625,1900.5714111328125,-0.26407143473625183,1068.2,1,508,1,0,0,21,3,65
0,,0.0,3638.0,184.22448979591826,9023.0,40.16666793823242,5.916666507720947,19332.80078125,21.41666603088379,3.5,4.900000095367432,39.38333511352539,19407.333984375,3202.885714285714,0.8066190481185913,26.272380828857422,248.54285714285714,1632.7471923828125,1896.800048828125,-0.3130476176738739,1070.142857142857,1,508,1,0,0,24,8,
0,164.0,0.2633979618549347,8923.0,180.79591836734687,8015.66650390625,34.5,5.166666507720947,17171.017578125,22.66666603088379,4.099999904632568,4.650000095367432,49.400001525878906,19282.833984375,3405.114285714286,0.817976176738739,26.324047088623047,246.0,1628.9185791015625,1867.800048828125,-0.38883334398269653,1070.4571428571428,1,508,1,0,0,21,13,62
0,155.0,0.0877993181347847,3580.0,180.2244897959183,10481.0,33.28333282470703,7.2166666984558105,15406.900390625,20.600000381469727,3.5999999046325684,4.883333206176758,45.46666717529297,16920.0,3642.6,0.8577380776405334,26.710237503051758,255.34285714285716,1644.27197265625,1808.3714599609375,-0.5601666569709778,1080.6285714285714,0,508,1,0,0,21,24,73
1,144.0,0.12428734451532364,4115.0,181.83673469387745,9392.1669921875,33.25,6.016666889190674,16170.2666015625,20.983333587646484,3.799999952316284,4.949999809265137,45.41666793823242,17054.833984375,3776.8285714285716,0.8459047675132751,26.656309127807617,251.4857142857143,1644.6539306640625,1804.5714111328125,-0.5465714335441589,1077.7142857142858,2,508,1,0,0,31,20,70
0,179.0,0.8335233926773071,1911.0,184.20408163265296,8461.5556640625,33.53333282470703,5.672222137451172,16709.765625,21.205554962158203,3.4666666984558105,4.7166666984558105,43.30555725097656,19061.72265625,3965.942857142857,0.8517380952835083,26.637380599975586,255.22857142857143,1648.6590576171875,1770.6285400390625,-0.6715714335441589,1073.6285714285714,2,508,1,0,0,21,13,81
0,71.0,0.0,1574.0,187.44897959183666,9749.6669921875,33.25,4.550000190734863,16457.8671875,21.649999618530273,3.799999952316284,4.75,45.150001525878906,18766.0,4172.885714285714,0.855404794216156,26.599285125732422,258.4,1651.678466796875,1753.800048828125,-0.7610714435577393,1069.8285714285714,1,508,1,0,0,34,5,34
0,189.0,0.0011402508243918419,4249.0,193.06122448979576,7305.16650390625,38.06666564941406,4.5333333015441895,15347.25,20.883333206176758,3.700000047683716,4.699999809265137,43.849998474121094,18991.0,4161.942857142857,0.8591428399085999,26.64642906188965,248.22857142857143,1639.4764404296875,1783.6285400390625,-0.7023333311080933,1074.4285714285713,2,508,1,0,0,24,13,75
0,329.0,0.3090079724788666,1194.0,202.57142857142844,10770.0,34.19444274902344,6.172222137451172,16751.8671875,20.622222900390625,3.799999952316284,4.800000190734863,42.344444274902344,18386.77734375,4280.771428571428,0.8411428332328796,26.49416732788086,255.9142857142857,1653.5120849609375,1739.6571044921875,-0.7301904559135437,1069.3428571428572,1,508,1,0,0,31,9,136
0,317.0,0.2440136820077896,1306.0,210.93877551020395,11505.3330078125,34.25,7.266666889190674,17889.666015625,22.33333396911621,3.5999999046325684,4.666666507720947,44.766666412353516,19301.5,4317.828571428571,0.8350476026535034,26.42547607421875,257.22857142857146,1659.52099609375,1738.0,-0.7450714707374573,1069.3714285714286,1,508,1,0,1,21,26,158
0,216.0,0.48232612013816833,1529.0,225.9999999999999,9433.3330078125,44.58333206176758,8.533333778381348,17984.5,22.816667556762695,3.5999999046325684,4.683333396911621,37.099998474121094,21046.666015625,4502.314285714286,0.8203809261322021,26.227380752563477,244.6,1645.59228515625,1738.028564453125,-0.7984523773193359,1066.5714285714287,0,508,1,0,1,31,10,100
0,181.0,0.0,2543.0,230.7551020408162,8367.3330078125,31.766666412353516,8.149999618530273,16841.732421875,20.600000381469727,3.200000047683716,4.900000095367432,46.5,17952.666015625,4560.714285714285,0.8444285988807678,26.440595626831055,250.88571428571427,1650.3690185546875,1718.857177734375,-0.872166633605957,1070.7142857142858,0,508,1,0,1,41,5,81
0,88.0,0.5530216693878174,1514.0,243.04081632653043,10066.5,30.299999237060547,5.916666507720947,16457.8828125,21.049999237060547,3.700000047683716,4.800000190734863,48.66666793823242,17719.5,4574.8,0.8579285740852356,26.61214256286621,257.45714285714286,1659.9749755859375,1712.94287109375,-1.0142618417739868,1067.942857142857,1,508,1,1,0,31,2,35
0,180.0,0.583808422088623,1310.0,247.57142857142836,9825.6669921875,29.866666793823242,6.666666507720947,16201.7001953125,21.799999237060547,3.5999999046325684,4.849999904632568,47.483333587646484,17510.666015625,4574.8,0.8579285740852356,26.61214256286621,257.45714285714286,1659.9749755859375,1712.94287109375,-1.0142618417739868,1067.942857142857,0,508,1,0,0,41,12,87
0,189.59558880203986,0.9372861981391907,1028.0,247.28571428571402,11330.72265625,28.366666793823242,8.922222137451172,16551.171875,21.322221755981445,3.7666666507720947,4.816666603088379,47.627777099609375,18377.9453125,4540.542857142857,0.87371426820755,26.743213653564453,253.62857142857143,1654.281005859375,1737.17138671875,-1.0571190118789673,1069.5714285714287,1,508,1,1,0,42,32,87
0,207.0,0.34207525849342346,1285.0,244.61224489795893,11098.6669921875,33.1944465637207,4.2833333015441895,16868.18359375,22.850000381469727,3.566666603088379,4.761111259460449,50.28333282470703,17920.666015625,4521.571428571428,0.888952374458313,26.843809127807617,256.6857142857143,1656.1461181640625,1741.3143310546875,-1.0945237874984741,1071.7142857142858,1,508,1,1,0,21,1,84
0,82.0,0.43557581305503845,1677.0,238.63265306122415,10356.111328125,24.983333587646484,6.7833333015441895,17519.3671875,21.600000381469727,3.799999952316284,4.861111164093018,49.89999771118164,19262.4453125,4489.342857142857,0.9107857346534729,26.938213348388672,266.25714285714287,1662.81201171875,1711.3428955078125,-1.2618094682693481,1066.942857142857,3,508,1,1,0,21,3,32
0,149.0,0.0022805016487836838,6991.0,234.87755102040782,11455.0,28.850000381469727,6.116666793823242,14745.7333984375,20.71666717529297,3.0999999046325684,4.883333206176758,47.33333206176758,18436.833984375,4472.142857142857,0.92295241355896,26.97940444946289,268.3142857142857,1664.582763671875,1717.5142822265625,-1.3260952234268188,1067.0857142857142,2,508,1,0,0,31,8,71
0,46.0,0.06157354637980461,17056.0,227.020408163265,10389.6669921875,24.383333206176758,6.2166666984558105,14403.599609375,20.08333396911621,2.5,5.099999904632568,49.68333435058594,14827.0,4560.257142857143,0.9481428861618042,27.097261428833008,282.57142857142856,1676.0797119140625,1678.8857421875,-1.4554524421691895,1062.2285714285715,1,508,1,0,0,31,6,18
0,,0.13797035813331604,22592.0,221.18367346938746,10932.4443359375,26.30555534362793,7.4166669845581055,16712.955078125,20.894445419311523,2.633333206176758,5.0,45.11111068725586,18153.388671875,4632.857142857143,0.9498571753501892,27.100357055664062,276.2,1669.765380859375,1714.05712890625,-1.458547592163086,1064.942857142857,2,508,1,0,0,31,4,
0,49.0,0.0,31015.0,213.77551020408134,8864.6669921875,25.549999237060547,6.816666603088379,14117.4501953125,20.983333587646484,2.700000047683716,5.150000095367432,42.36666488647461,15109.0,4740.742857142857,0.9572380781173706,27.121665954589844,279.1142857142857,1675.5594482421875,1713.2572021484375,-1.5096189975738525,1064.3714285714286,3,508,1,0,0,21,4,23
0,47.0,0.10376282781362534,32767.0,207.42857142857116,11315.0,26.46666717529297,7.816666603088379,16070.466796875,20.200000762939453,3.4000000953674316,5.099999904632568,41.28333282470703,18248.666015625,4845.428571428572,0.9627142548561096,27.16190528869629,285.7142857142857,1695.9300537109375,1715.2857666015625,-1.5491905212402344,1069.6285714285714,1,508,1,0,0,21,7,19
0,80.0,0.0,32767.0,198.55102040816303,10626.5,31.233333587646484,7.683333396911621,17344.267578125,20.366666793823242,3.0,5.099999904632568,37.70000076293945,14010.5,5007.571428571428,0.9827142953872681,27.219404220581055,275.6857142857143,1686.0230712890625,1758.800048828125,-1.6157381534576416,1076.7142857142858,3,508,1,0,0,21,9,40
0,120.46865480557749,0.3306727409362793,32767.0,189.04081632653043,12611.0,32.0,8.25,15585.716796875,19.816667556762695,3.299999952316284,5.199999809265137,36.06666564941406,16191.3330078125,5153.542857142857,0.9965000152587891,27.294048309326172,273.6857142857143,1703.4432373046875,1809.857177734375,-1.6627380847930908,1090.057142857143,2,508,1,1,0,21,14,46
0,,0.17331813275814056,32767.0,167.14285714285697,13012.72265625,35.272220611572266,6.111111164093018,14171.56640625,20.038888931274414,3.5999999046325684,5.316666603088379,31.327777862548828,19980.833984375,5165.085714285714,1.009595274925232,27.36214256286621,270.25714285714287,1729.9998779296875,1881.142822265625,-1.6437618732452393,1108.5428571428572,4,508,1,0,1,21,5,
0,,0.0,32767.0,165.61224489795902,,,,,,,,,,5110.714285714285,1.0743095874786377,27.622976303100586,273.8,1739.0643310546875,1891.1142578125,-1.7580714225769043,1121.9142857142858,7,540,1,0,1,41,1,
0,59.0,0.4948688745498657,32767.0,141.9795918367346,13518.3330078125,34.56666564941406,11.433333396911621,13928.1337890625,21.33333396911621,3.5,5.150000095367432,34.88333511352539,17453.333984375,5044.285714285715,1.0526905059814453,27.485952377319336,271.65714285714284,1724.4473876953125,1904.857177734375,-1.7845714092254639,1107.9142857142858,2,540,1,0,1,31,8,23
0,68.0,0.11174458265304565,32767.0,143.16326530612236,14881.0,29.700000762939453,9.816666603088379,15134.650390625,20.53333282470703,3.299999952316284,5.25,33.20000076293945,20772.0,4876.771428571428,1.086714267730713,27.6155948638916,305.0,1773.0556640625,1790.3428955078125,-1.9005476236343384,1105.7142857142858,0,540,1,0,1,21,26,26
0,70.0,0.15051311254501343,32767.0,136.51020408163254,16324.0,31.733333587646484,9.666666984558105,14731.099609375,19.950000762939453,3.5999999046325684,5.183333396911621,29.5,19269.0,4797.228571428572,1.1069999933242798,27.690237045288086,308.1714285714286,1758.911376953125,1753.7427978515625,-1.9855952262878418,1095.7714285714285,1,540,1,0,1,34,5,27
0,69.0,0.045610032975673676,32767.0,131.85714285714275,16101.3330078125,34.733333587646484,10.933333396911621,14896.43359375,19.883333206176758,3.5,5.199999809265137,26.733333587646484,19357.333984375,4784.4857142857145,1.1086905002593994,27.686309814453125,312.77142857142854,1773.6705322265625,1729.94287109375,-2.0385239124298096,1098.8,2,540,1,0,1,21,13,26
0,74.1686994432429,0.09806157648563385,32767.0,128.57142857142844,13555.0,31.94999885559082,11.172222137451172,14403.51171875,19.46666717529297,3.299999952316284,5.199999809265137,27.266666412353516,20003.77734375,4990.714285714285,1.144952416419983,27.83845329284668,315.54285714285714,1762.100830078125,1693.2572021484375,-2.1755475997924805,1095.7142857142858,2,540,1,0,1,24,13,39
0,,0.05587229132652283,32767.0,127.04444444444428,18276.5,33.233333587646484,9.550000190734863,17824.166015625,20.71666717529297,3.9000000953674316,5.300000190734863,25.350000381469727,28021.0,4977.4,1.1525475978851318,27.87071418762207,331.1142857142857,1797.9166259765625,1657.142822265625,-2.2223095893859863,1102.6857142857143,1,540,1,0,1,34,3,
1,228.12952198053128,0.27480044960975647,5716.0,298.0816326530611,15097.5,33.58333206176758,1.3666666746139526,23497.017578125,25.383333206176758,5.5,4.183333396911621,8.350000381469727,33117.66796875,537.6571428571428,0.7450476288795471,27.03285789489746,36.4,1334.304443359375,2357.60009765625,-1.0535953044891357,1063.3428571428572,0,496,1,1,0,41,8,84
0,173.0,0.8882554173469543,1136.0,291.7346938775508,,,,,,,,,,539.9428571428572,0.703499972820282,26.742977142333984,33.22857142857143,1329.969970703125,2372.485595703125,-1.1039999723434448,1053.0,0,496,1,1,0,21,17,60
1,305.99744951051014,0.3158494830131531,2495.0,283.24489795918345,,25.383333206176758,0.44999998807907104,,27.200000762939453,6.0,4.2833333015441895,16.21666717529297,,533.7714285714286,0.6175000071525574,26.407142639160156,20.65714285714286,1327.317626953125,2517.45703125,-1.0436428785324097,1043.2571428571428,0,496,1,0,0,31,21,124
1,209.0,0.6066134572029114,1183.0,283.24489795918345,14832.6669921875,37.900001525878906,0.3499999940395355,27853.8671875,26.149999618530273,6.099999904632568,4.199999809265137,21.33333396911621,26151.333984375,533.7714285714286,0.6175000071525574,26.407142639160156,20.65714285714286,1327.317626953125,2517.45703125,-1.0436428785324097,1043.2571428571428,0,496,1,0,0,31,3,78
1,256.0,0.0,5461.0,258.1224489795917,14984.1669921875,34.099998474121094,2.8333332538604736,22850.80078125,26.96666717529297,6.199999809265137,4.166666507720947,25.316667556762695,37111.5,653.4857142857143,0.6154761910438538,26.6252384185791,10.228571428571428,1333.5810546875,2711.771484375,-0.4267857074737549,1057.9714285714285,0,496,1,0,1,24,32,115
0,206.0,0.9703534841537476,1066.0,263.9591836734692,15055.0556640625,30.733333587646484,2.799999952316284,20328.828125,26.766666412353516,5.699999809265137,4.233333110809326,31.66666603088379,28311.556640625,790.7714285714286,0.6285476088523865,26.661785125732422,9.371428571428572,1322.7008056640625,2812.6572265625,-0.15740475058555603,1056.1714285714286,0,474,1,0,0,34,27,94
1,228.0,0.38882553577423096,1149.0,263.44897959183646,14308.5,32.46666717529297,2.5333333015441895,22737.81640625,30.33333396911621,5.5,4.183333396911621,29.450000762939453,31936.0,860.7142857142857,0.6379761695861816,26.794404983520508,10.714285714285714,1330.7318115234375,2843.1142578125,-0.018380941823124886,1062.6,0,474,1,0,0,41,21,103
1,130.0,0.4663625955581665,1105.0,261.7142857142855,14496.333984375,32.64444351196289,2.577777862548828,20820.94921875,25.83888816833496,5.833333492279053,4.183333396911621,31.572221755981445,22637.611328125,860.7142857142857,0.6379761695861816,26.794404983520508,10.714285714285714,1330.7318115234375,2843.1142578125,-0.018380941823124886,1062.6,0,474,1,0,0,41,35,59
1,123.0,0.28050172328948975,2290.0,255.6326530612242,16125.3330078125,38.04999923706055,4.349999904632568,22135.25,26.933332443237305,5.800000190734863,4.183333396911621,23.433332443237305,38372.16796875,885.3142857142857,0.6427381038665771,26.880714416503906,11.485714285714286,1327.8753662109375,2860.60009765625,0.050761912018060684,1061.6,0,474,1,0,0,21,35,55
1,277.0,0.09578107297420502,2097.0,252.6122448979589,12692.0,39.16666793823242,3.049999952316284,19678.349609375,27.83333396911621,5.599999904632568,4.150000095367432,22.350000381469727,35465.0,915.4,0.6386666893959045,26.887380599975586,13.0,1330.621337890625,2861.39990234375,0.08973811566829681,1060.3714285714286,0,474,1,0,0,21,27,96
1,222.0,0.13683010637760162,1774.0,252.6122448979589,12397.5,34.349998474121094,3.799999952316284,18824.3828125,25.299999237060547,5.0,4.150000095367432,32.900001525878906,25524.666015625,911.4571428571429,0.6568809747695923,27.0478572845459,13.17142857142857,1337.117431640625,2871.1142578125,0.1340714395046234,1069.9714285714285,0,474,1,0,1,31,19,77
0,106.0,0.0,2628.0,252.79591836734667,13574.0,27.41666603088379,5.75,27824.833984375,29.450000762939453,6.199999809265137,4.449999809265137,21.03333282470703,47254.33203125,911.4571428571429,0.6568809747695923,27.0478572845459,13.17142857142857,1337.117431640625,2871.1142578125,0.1340714395046234,1069.9714285714285,0,474,1,0,1,34,5,52
0,247.0,0.9680729508399963,1066.0,255.24489795918345,13418.6669921875,31.66666603088379,3.2166666984558105,19676.900390625,26.549999237060547,5.099999904632568,4.183333396911621,28.366666793823242,24572.333984375,895.2571428571429,0.6459285616874695,26.933452606201172,15.542857142857143,1339.2886962890625,2805.857177734375,0.20952379703521729,1065.1142857142856,0,474,1,0,0,34,25,111
1,314.0,0.3238312304019928,1210.0,269.7551020408161,13415.5,34.96666717529297,2.950000047683716,18759.033203125,25.616666793823242,5.199999809265137,4.233333110809326,18.700000762939453,26769.166015625,863.6857142857143,0.6466904878616333,27.079404830932617,22.514285714285716,1350.0511474609375,2634.228515625,0.31949999928474426,1066.5714285714287,0,474,1,0,0,21,35,140
0,301.0,0.8232611417770386,1119.0,269.7551020408161,13591.3330078125,36.85000228881836,2.277777671813965,16856.6328125,23.44444465637207,4.699999809265137,4.050000190734863,27.438888549804688,19669.0,863.6857142857143,0.6466904878616333,27.079404830932617,22.514285714285716,1350.0511474609375,2634.228515625,0.31949999928474426,1066.5714285714287,0,474,1,0,0,21,35,134
0,269.0,0.851767361164093,1055.0,272.38775510204056,15293.72265625,30.25555419921875,3.2944443225860596,21876.400390625,26.711111068725586,5.5333333015441895,4.127777576446533,24.399999618530273,26025.27734375,854.2857142857143,0.643500030040741,27.081546783447266,23.742857142857144,1346.3797607421875,2600.800048828125,0.35592857003211975,1062.9142857142858,0,474,1,0,1,24,35,120
0,148.0,0.28848347067832947,1569.0,273.7959183673467,12760.7216796875,30.7722225189209,5.527777671813965,19293.978515625,25.02777671813965,4.433333396911621,4.188889026641846,17.894445419311523,23036.111328125,868.4,0.6429047584533691,27.116905212402344,26.428571428571427,1355.6478271484375,2542.0,0.41319045424461365,1066.2571428571428,2,474,1,0,1,31,4,57
0,256.0,0.5667046904563904,1149.0,272.6530612244896,15028.888671875,33.88333511352539,4.505555629730225,18401.888671875,24.188888549804688,4.5333333015441895,4.2166666984558105,24.71666717529297,22972.0,840.6,0.6486190557479858,27.183452606201172,27.142857142857142,1363.8690185546875,2532.05712890625,0.41342857480049133,1072.5714285714287,0,496,1,0,1,31,20,114
0,82.9027232198972,0.0,2229.0,269.65306122448965,,,,,,,,,,837.5428571428571,0.6659761667251587,27.341785430908203,28.742857142857144,1360.5628662109375,2515.771484375,0.42697617411613464,1074.5142857142857,0,496,1,0,0,41,6,30
0,96.0,0.516533613204956,1541.0,261.67346938775495,13682.1669921875,28.049999237060547,5.683333396911621,21590.44921875,23.100000381469727,4.5,4.133333206176758,18.03333282470703,23071.166015625,880.0285714285715,0.6364285945892334,27.161190032958984,34.57142857142857,1370.0621337890625,2417.028564453125,0.5333095192909241,1066.2,2,474,1,0,0,41,1,42
0,72.0,0.18472063541412354,1619.0,261.67346938775495,13839.0,35.43333435058594,7.449999809265137,19670.43359375,24.83333396911621,4.400000095367432,4.183333396911621,20.733333587646484,24797.666015625,867.6,0.6419761776924133,27.25261878967285,34.82857142857143,1372.455810546875,2413.628662109375,0.526357114315033,1069.8857142857144,3,474,1,0,0,21,3,29
0,231.0,0.419612318277359,1243.0,259.34693877550995,14304.0,34.849998474121094,4.5,16576.44921875,23.866666793823242,4.099999904632568,4.183333396911621,21.366666793823242,24728.5,871.8571428571429,0.6427857279777527,27.243928909301758,35.17142857142857,1373.163330078125,2397.742919921875,0.5288809537887573,1069.942857142857,0,474,1,0,0,31,13,99
0,104.3613137546675,0.3933865427970886,1823.0,248.99999999999986,13584.5,34.93333435058594,4.5333333015441895,17226.30078125,22.78333282470703,4.599999904632568,4.066666603088379,22.116666793823242,22476.333984375,877.0571428571428,0.6266190409660339,27.125476837158203,37.285714285714285,1374.7615966796875,2364.94287109375,0.540142834186554,1064.3142857142857,1,496,1,0,0,21,13,37
1,182.0,0.2964652180671692,1314.0,246.1632653061222,15976.5556640625,25.55555534362793,3.9833333492279053,16791.0390625,23.827777862548828,4.433333396911621,4.099999904632568,17.955554962158203,22500.22265625,901.6,0.626547634601593,27.15250015258789,41.371428571428574,1376.67236328125,2303.199951171875,0.5215714573860168,1061.142857142857,0,496,1,0,0,31,12,76
0,163.0,0.13911060988903046,1475.0,245.8571428571426,14825.8330078125,33.96666717529297,4.433333396911621,17421.599609375,23.0,4.300000190734863,4.199999809265137,23.899999618530273,23520.833984375,886.3142857142857,0.6226666569709778,27.213809967041016,47.42857142857143,1399.088623046875,2244.0,0.5209523439407349,1069.1142857142856,1,496,1,0,0,31,24,53
0,171.0,0.6795895099639893,1541.0,249.89795918367332,15261.3330078125,31.816667556762695,4.316666603088379,17747.80078125,22.066667556762695,4.599999904632568,4.183333396911621,19.049999237060547,24105.0,908.1428571428571,0.6088095307350159,27.097023010253906,50.114285714285714,1399.2999267578125,2214.54296875,0.527571439743042,1062.2,0,496,1,0,1,31,27,52
0,264.0,0.1755986362695694,3098.0,247.65306122448968,16101.8330078125,34.266666412353516,5.9666666984558105,18751.732421875,23.450000762939453,4.699999809265137,4.300000190734863,23.83333396911621,29430.666015625,926.5142857142857,0.6238333582878113,27.243213653564453,58.0,1406.8531494140625,2142.314208984375,0.5734761953353882,1063.4285714285713,1,496,1,0,1,31,29,88
1,247.0,0.019384264945983887,10357.0,246.22448979591823,15740.5,31.28333282470703,3.25,17190.400390625,22.566667556762695,4.800000190734863,4.2833333015441895,20.649999618530273,28256.833984375,948.6571428571428,0.6157618761062622,27.206905364990234,60.22857142857143,1398.95947265625,2114.914306640625,0.5764999985694885,1054.4857142857143,0,496,1,0,0,41,30,74
1,196.0,0.0,12748.0,245.34693877551007,15814.5,34.71666717529297,2.5833332538604736,18006.81640625,22.700000762939453,4.400000095367432,4.366666793823242,21.983333587646484,34411.0,965.3714285714286,0.6266666650772095,27.234880447387695,64.45714285714286,1401.03076171875,2081.971435546875,0.5827857255935669,1053.4,0,496,1,0,0,34,19,86
0,12.0,0.0,8627.0,241.85714285714266,,,,,,,,,,964.7714285714286,0.6286428570747375,27.259761810302734,59.114285714285714,1404.3240966796875,2122.314208984375,0.5605238080024719,1061.6285714285714,0,496,1,0,0,34,1,3
0,8.0,0.0,11665.0,244.69387755102022,16712.0,34.68333435058594,3.383333444595337,18682.099609375,24.83333396911621,4.900000095367432,4.650000095367432,19.16666603088379,41350.0,1012.2857142857143,0.6265000104904175,27.260238647460938,63.48571428571429,1404.0404052734375,2091.05712890625,0.5810714364051819,1056.4285714285713,0,496,1,0,0,34,1,2
0,6.0,0.0,11037.0,244.69387755102022,,,,,,,,,,1058.4857142857143,0.630642831325531,27.284761428833008,64.02857142857142,1408.330810546875,2090.3427734375,0.6048333048820496,1059.057142857143,0,496,1,0,0,34,3,2
1,203.0,0.0,13384.0,244.5714285714284,13386.5556640625,32.4444465637207,1.4444444179534912,16840.744140625,22.983333587646484,4.799999713897705,4.233333110809326,19.405555725097656,30718.5546875,1097.7714285714285,0.6193809509277344,27.21476173400879,58.628571428571426,1404.6480712890625,2139.028564453125,0.588952362537384,1059.2,0,496,1,0,0,31,35,73
1,120.0,0.0,7679.0,244.73469387755082,,,,,,,,,45796.0,1116.142857142857,0.6158333420753479,27.186786651611328,55.31428571428572,1403.5677490234375,2168.05712890625,0.5904762148857117,1060.8,0,496,1,0,0,34,1,34
1,208.0,0.0,3769.0,243.9795918367345,17831.0,30.633333206176758,4.233333110809326,21160.732421875,23.366666793823242,4.900000095367432,4.25,18.899999618530273,49695.0,1131.4571428571428,0.6092857122421265,27.15416717529297,53.22857142857143,1405.0286865234375,2207.742919921875,0.5885000228881836,1061.942857142857,0,496,1,0,0,41,25,92
1,244.0,0.0,15901.0,247.65306122448976,16322.8330078125,39.71666717529297,2.2833333015441895,19564.650390625,24.58333396911621,4.599999904632568,4.233333110809326,18.850000381469727,36259.5,1355.2857142857142,0.6484285593032837,27.239404678344727,46.22857142857143,1441.2694091796875,2622.17138671875,0.40378573536872864,1098.3142857142857,0,482,1,0,0,34,35,86
1,186.0,0.4241733253002167,2367.0,249.8571428571427,12789.1669921875,27.21666717529297,3.0166666507720947,18530.982421875,21.96666717529297,4.699999809265137,4.150000095367432,21.316667556762695,26394.333984375,1408.0,0.6509285569190979,27.177143096923828,45.142857142857146,1435.2303466796875,2712.771484375,0.3492142856121063,1095.4,0,482,1,0,0,21,35,81
1,205.0,0.17103762924671173,4515.0,245.34693877551013,15165.5,33.03333282470703,3.4833333492279053,18622.666015625,22.516666412353516,5.099999904632568,4.0,22.116666793823242,25193.0,1449.3714285714286,0.6581190824508667,27.246665954589844,46.8,1439.27099609375,2721.571533203125,0.38890475034713745,1097.7714285714285,0,482,1,0,0,21,3,66
0,92.0,0.5427594184875488,3722.0,241.89795918367335,12167.3330078125,32.599998474121094,3.9166667461395264,24728.599609375,25.33333396911621,4.5,4.150000095367432,19.983333587646484,41584.33203125,1520.4,0.6660237908363342,27.213571548461914,45.48571428571429,1430.3876953125,2751.8857421875,0.3473571538925171,1094.057142857143,1,482,1,0,0,42,9,27
0,51.0,0.7799316048622131,1310.0,238.77551020408154,15099.8330078125,28.961111068725586,3.51111102104187,17942.6328125,22.511110305786133,4.433333396911621,4.050000190734863,24.133333206176758,23962.333984375,1518.6857142857143,0.6660714149475098,27.204286575317383,46.542857142857144,1433.9002685546875,2725.82861328125,0.35014286637306213,1095.4285714285713,0,482,1,0,0,34,2,23
1,290.0,0.5530216693878174,2180.0,232.7346938775509,12267.3330078125,32.83333206176758,4.0333333015441895,18935.69921875,23.233333587646484,5.199999809265137,4.083333492279053,20.866666793823242,34642.0,1567.6285714285714,0.673714280128479,27.22940444946289,46.114285714285714,1433.900146484375,2690.6572265625,0.34323808550834656,1097.7142857142858,2,482,1,0,0,31,3,130
0,278.0,0.36716076731681824,5239.0,232.7346938775509,12761.4443359375,30.672222137451172,2.0999999046325684,17730.64453125,22.188888549804688,4.366666793823242,4.083333492279053,18.24444580078125,22175.83203125,1579.6285714285714,0.676880955696106,27.234167098999023,47.22857142857143,1433.5914306640625,2672.71435546875,0.32414284348487854,1097.857142857143,2,473,1,0,0,21,3,125
1,236.0,0.34207525849342346,4510.0,232.38775510204067,14185.5,32.78333282470703,3.683333396911621,22105.900390625,22.799999237060547,4.300000190734863,4.083333492279053,17.766666412353516,34732.33203125,1593.7714285714285,0.6844523549079895,27.27190589904785,47.94285714285714,1431.9716796875,2664.571533203125,0.3053809404373169,1097.7142857142858,0,473,1,0,0,31,29,98
1,198.0,0.0,8802.0,232.3877551020407,13902.888671875,32.43333435058594,2.183333396911621,18781.455078125,22.683332443237305,4.300000190734863,4.19444465637207,14.127777099609375,31997.609375,1620.3428571428572,0.6950238347053528,27.33464241027832,54.82857142857143,1454.033935546875,2580.428466796875,0.28319045901298523,1106.857142857143,1,473,1,0,0,21,18,73
1,222.0,0.0,18880.0,233.0204081632652,13852.8330078125,34.04999923706055,1.5499999523162842,17950.033203125,22.683332443237305,4.400000095367432,4.183333396911621,15.916666984558105,30966.333984375,1651.8857142857144,0.6938095092773438,27.360118865966797,57.02857142857143,1451.0709228515625,2555.428466796875,0.24430951476097107,1103.0,0,473,1,0,0,21,33,76
1,116.0,0.0,14903.0,234.83673469387742,18350.166015625,29.766666412353516,2.7166666984558105,20139.099609375,23.016666412353516,4.599999904632568,4.433333396911621,10.316666603088379,33674.66796875,1721.6571428571428,0.7142618894577026,27.410356521606445,60.628571428571426,1440.3297119140625,2533.17138671875,0.22395238280296326,1097.9142857142858,0,482,1,0,0,41,20,49
1,115.0,0.0,13236.0,234.77551020408148,18606.5,27.683332443237305,3.1500000953674316,19572.30078125,25.433332443237305,5.5,4.583333492279053,16.233333587646484,36817.5,1765.6857142857143,0.7208095192909241,27.407024383544922,63.885714285714286,1441.58837890625,2505.94287109375,0.20790475606918335,1096.6285714285714,0,482,1,0,0,21,3,35
1,192.0,0.0,10977.0,234.673469387755,18187.166015625,33.45000076293945,4.133333206176758,22458.333984375,23.200000762939453,4.900000095367432,4.383333206176758,9.933333396911621,29551.333984375,1838.1142857142856,0.7162142992019653,27.374404907226562,66.25714285714285,1444.9822998046875,2471.17138671875,0.2197618931531906,1094.4,0,482,1,0,0,31,31,82
0,203.0,0.23945267498493195,4267.0,233.73469387755094,10334.5,40.53333282470703,1.9500000476837158,16985.55078125,23.299999237060547,5.099999904632568,4.050000190734863,21.450000762939453,23027.5,1860.2571428571428,0.7194047570228577,27.37392807006836,67.85714285714286,1438.9215087890625,2468.17138671875,0.22419045865535736,1089.7142857142858,1,497,1,0,0,31,9,65
0,255.0,0.4982896149158478,1870.0,230.26530612244892,13024.6669921875,29.016666412353516,3.9000000953674316,18371.033203125,22.58333396911621,4.300000190734863,4.199999809265137,17.616666793823242,23182.666015625,1917.1714285714286,0.7287380695343018,27.3752384185791,74.57142857142857,1434.7421875,2429.45703125,0.22169049084186554,1082.6857142857143,0,482,1,0,0,31,21,110
1,116.0,0.0,9062.0,225.30612244897947,16537.833984375,32.733333587646484,4.25,19804.083984375,22.46666717529297,4.300000190734863,4.2833333015441895,13.600000381469727,20715.833984375,1890.8285714285714,0.738095223903656,27.451309204101562,81.02857142857142,1440.435791015625,2405.857177734375,0.2025476098060608,1082.6,0,482,1,0,0,42,31,37
1,76.0,0.0,8868.0,222.53061224489784,15068.6669921875,30.016666412353516,2.5833332538604736,19567.6171875,24.200000762939453,5.5,4.550000190734863,17.399999618530273,23912.666015625,1978.4,0.7398333549499512,27.40440559387207,88.85714285714286,1428.128173828125,2357.94287109375,0.29757142066955566,1066.4,0,497,1,0,0,21,1,32
1,118.0,0.0,9965.0,220.69387755102028,16967.166015625,29.5,2.2833333015441895,21122.93359375,23.549999237060547,5.099999904632568,4.483333110809326,16.850000381469727,31745.333984375,1933.8285714285714,0.7433809638023376,27.465951919555664,91.4,1429.5733642578125,2349.571533203125,0.2687142789363861,1066.057142857143,0,497,1,0,0,21,20,50
1,215.0,0.0,4211.0,220.28571428571425,21546.5,37.31666564941406,3.0333333015441895,21800.767578125,23.049999237060547,5.0,4.383333206176758,16.91666603088379,29404.0,2220.342857142857,0.7512381076812744,27.425832748413086,91.88571428571429,1420.8427734375,2284.085693359375,0.3548571467399597,1059.9714285714285,0,497,1,0,0,21,30,87
1,252.0,0.0,3516.0,219.65306122448973,12935.6669921875,31.933332443237305,4.066666603088379,19062.8671875,24.049999237060547,5.0,4.099999904632568,18.549999237060547,20990.333984375,2212.8571428571427,0.7469523549079895,27.394880294799805,98.08571428571429,1426.8465576171875,2245.371337890625,0.34802380204200745,1056.2285714285715,0,497,1,1,0,21,31,107
1,51.0,0.0,5000.0,220.5102040816326,15700.5,33.53333282470703,3.433333396911621,21611.232421875,22.683332443237305,4.599999904632568,4.400000095367432,16.483333587646484,25891.166015625,2245.9142857142856,0.7590000033378601,27.465951919555664,97.25714285714285,1420.4373779296875,2249.257080078125,0.35614287853240967,1056.2285714285715,0,497,1,0,0,31,3,23
0,138.0,0.3033067286014557,1463.0,220.5510204081632,14940.0,29.41666603088379,2.7333333492279053,19678.30078125,22.899999618530273,5.300000190734863,4.183333396911621,16.600000381469727,17338.0,2320.0,0.7635714411735535,27.41773796081543,99.11428571428571,1417.3931884765625,2229.800048828125,0.39492857456207275,1053.5714285714287,1,497,1,0,0,42,9,61
0,105.0,0.0057012541219592094,3712.0,226.6326530612243,16323.5,31.799999237060547,2.816666603088379,18171.18359375,23.433332443237305,4.699999809265137,4.583333492279053,13.649999618530273,23412.166015625,2418.342857142857,0.7723095417022705,27.477975845336914,98.45714285714286,1423.5107421875,2213.571533203125,0.4190238118171692,1060.2571428571428,0,497,1,0,0,21,19,48
0,208.0,0.34093499183654785,2751.0,224.89795918367332,14612.0,29.299999237060547,2.1500000953674316,18366.517578125,21.566667556762695,4.300000190734863,4.433333396911621,15.566666603088379,20292.666015625,2451.6285714285714,0.7601666450500488,27.36809539794922,96.31428571428572,1417.71240234375,2222.0,0.4268571436405182,1054.9714285714285,4,497,1,0,0,41,9,78
0,147.0,0.473204106092453,1124.0,230.57142857142836,13103.5,41.93333435058594,4.266666889190674,20641.466796875,22.850000381469727,5.699999809265137,4.183333396911621,23.316667556762695,31579.833984375,2530.657142857143,0.7672380805015564,27.349166870117188,96.42857142857143,1415.9482421875,2218.028564453125,0.4490714371204376,1054.7142857142858,0,497,1,0,0,41,19,70
1,243.0,0.15393386781215668,4071.0,230.14285714285705,16010.0,40.11666488647461,2.2333333492279053,20125.533203125,24.28333282470703,5.699999809265137,4.25,26.116666793823242,25127.333984375,2540.6,0.7876666784286499,27.46666717529297,96.65714285714286,1420.6453857421875,2206.0,0.44630950689315796,1062.8,0,497,1,0,0,21,34,112
1,205.0,0.017103763297200203,2954.0,230.6530612244896,14083.0,34.56666564941406,3.5333333015441895,17980.6328125,22.83333396911621,5.0,4.349999904632568,13.949999809265137,23570.666015625,2580.0,0.7939285635948181,27.46904754638672,92.97142857142858,1409.2755126953125,2227.28564453125,0.4699285924434662,1061.5714285714287,0,497,1,0,0,21,18,75
0,229.0,0.32611173391342163,1441.0,224.0204081632651,12306.0,35.70000076293945,1.4666666984558105,17256.19921875,21.483333587646484,4.900000095367432,4.199999809265137,18.75,17580.0,2588.3142857142857,0.8005238175392151,27.46821403503418,93.62857142857143,1410.5616455078125,2224.60009765625,0.4763571619987488,1063.3142857142857,2,476,1,0,0,31,8,87
1,81.0,0.0,4827.0,224.0204081632651,15206.3330078125,32.099998474121094,2.9166667461395264,18958.982421875,23.266666412353516,4.800000190734863,4.349999904632568,15.25,25249.0,2609.057142857143,0.8162857294082642,27.568927764892578,94.4,1413.575927734375,2214.771484375,0.45219045877456665,1068.4571428571428,1,476,1,0,0,21,8,30
1,82.0,0.0,6213.0,218.9591836734692,16126.0,35.516666412353516,2.6666667461395264,18158.80078125,24.21666717529297,5.900000095367432,4.483333110809326,17.683332443237305,39871.5,2585.7714285714287,0.8361190557479858,27.672739028930664,98.48571428571428,1428.009033203125,2204.17138671875,0.44354763627052307,1077.942857142857,0,476,1,0,0,31,8,37
0,71.0,0.03876852989196777,2485.0,211.18367346938757,13255.5,37.43333435058594,1.6166666746139526,18294.666015625,22.46666717529297,4.599999904632568,4.183333396911621,17.58333396911621,22830.333984375,2711.542857142857,0.8160476088523865,27.5242862701416,90.02857142857142,1409.1378173828125,2249.1142578125,0.4989047646522522,1069.7714285714285,1,497,1,0,0,31,1,31
1,69.0,0.0,4631.0,202.59183673469374,18937.5,35.349998474121094,3.0833332538604736,20291.06640625,24.96666717529297,5.599999904632568,4.849999904632568,13.649999618530273,30954.0,2806.114285714286,0.8255000114440918,27.552738189697266,89.14285714285714,1402.553466796875,2279.971435546875,0.5046190619468689,1068.7428571428572,0,497,1,0,0,34,13,31
1,75.0,0.02964652143418789,3546.0,203.51020408163245,17477.333984375,35.016666412353516,3.700000047683716,19957.0,25.233333587646484,5.199999809265137,4.383333206176758,14.199999809265137,29132.333984375,2962.2,0.8293571472167969,27.55321502685547,89.42857142857143,1407.1004638671875,2290.257080078125,0.48366665840148926,1072.0857142857142,0,476,1,0,0,21,23,28
0,78.0,0.21208666265010834,3358.0,204.08163265306106,14087.4443359375,33.272220611572266,3.8611111640930176,18734.7890625,21.566667556762695,4.9666666984558105,4.150000095367432,17.405555725097656,23803.333984375,3059.8285714285716,0.8367857336997986,27.55988121032715,90.02857142857142,1409.5767822265625,2300.685791015625,0.47590476274490356,1074.4285714285713,2,476,1,0,0,21,3,37
1,136.0,0.015963511541485786,5376.0,204.97959183673458,16582.72265625,38.872222900390625,2.672222375869751,19123.505859375,22.105554580688477,4.933333396911621,4.550000190734863,22.511110305786133,28335.5546875,3224.1714285714284,0.8391428589820862,27.548095703125,86.88571428571429,1398.6944580078125,2344.771484375,0.476833313703537,1071.7714285714285,0,476,1,0,0,21,23,51
1,174.0,0.14709235727787018,3444.0,209.55102040816314,12638.6669921875,37.63333511352539,3.2333333492279053,18980.31640625,21.733333587646484,5.0,4.2833333015441895,19.850000381469727,21578.166015625,3276.8,0.8449047803878784,27.56761932373047,89.85714285714286,1403.8890380859375,2310.971435546875,0.45195236802101135,1074.2857142857142,0,476,1,0,0,31,19,69
1,157.49093722794572,0.26111745834350586,6657.0,216.6326530612243,16126.6669921875,33.79999923706055,4.0,20465.666015625,23.66666603088379,4.599999904632568,4.300000190734863,13.933333396911621,22406.5,3296.285714285714,0.8595476150512695,27.655595779418945,91.85714285714286,1407.6007080078125,2299.228515625,0.42445239424705505,1078.6285714285714,2,476,1,0,0,21,21,79
1,124.0,0.18814139068126678,1847.0,225.877551020408,15526.1103515625,40.13888931274414,2.4111111164093018,16843.22265625,21.72222137451172,4.800000190734863,4.238888740539551,24.511110305786133,21195.0,3354.942857142857,0.8467381000518799,27.552499771118164,89.65714285714286,1400.436767578125,2309.685791015625,0.40997621417045593,1072.9142857142858,0,476,1,0,0,41,8,46
0,107.0,0.6043329238891602,1349.0,229.12244897959167,15689.3330078125,43.16666793823242,4.683333396911621,17905.8671875,21.66666603088379,4.599999904632568,4.300000190734863,25.850000381469727,22422.0,3446.0285714285715,0.8509047627449036,27.537023544311523,92.48571428571428,1401.275634765625,2289.257080078125,0.4124999940395355,1071.4285714285713,0,476,1,0,0,42,11,41
0,126.0,0.17901939153671265,1719.0,233.08163265306104,14833.0,40.733333587646484,5.0333333015441895,17320.5,21.96666717529297,4.300000190734863,4.199999809265137,27.71666717529297,18936.0,3509.2571428571428,0.8615714311599731,27.621665954589844,93.97142857142858,1398.700927734375,2274.028564453125,0.37597617506980896,1073.0285714285715,0,476,1,0,0,31,2,51
0,179.0,0.24857468903064728,1844.0,241.02040816326516,13689.1669921875,40.872222900390625,2.683333396911621,17076.255859375,22.7722225189209,4.900000095367432,4.294444561004639,32.10555648803711,23416.66796875,3560.4285714285716,0.8625714182853699,27.606904983520508,93.2,1399.8023681640625,2268.6572265625,0.3624761700630188,1074.3142857142857,2,476,1,0,0,31,7,67
0,173.0,0.5541619062423706,2929.0,244.44897959183652,12971.0,43.5,3.6666667461395264,17391.966796875,22.766666412353516,5.0,4.183333396911621,30.633333206176758,19605.833984375,3480.714285714286,0.8766904473304749,27.69095230102539,96.94285714285714,1416.006591796875,2224.971435546875,0.3777619004249573,1083.4857142857143,1,476,1,0,0,31,30,64
1,293.0,0.20410490036010742,2726.0,247.10204081632637,15059.1669921875,35.83333206176758,4.383333206176758,17913.849609375,23.100000381469727,4.5,4.183333396911621,23.649999618530273,20781.0,3460.6,0.8664047718048096,27.612499237060547,93.94285714285714,1411.492919921875,2246.60009765625,0.39564284682273865,1080.9714285714285,0,476,1,0,0,41,13,117
1,102.0,0.4663625955581665,1893.0,248.8367346938774,15150.5,46.16666793823242,3.73888897895813,18357.111328125,21.655555725097656,4.5,4.25,28.97222328186035,26854.5546875,3405.1428571428573,0.8586428761482239,27.55368995666504,92.94285714285714,1413.682373046875,2220.6572265625,0.3886428475379944,1081.142857142857,0,476,1,0,1,31,4,37
0,246.0,0.3648802638053894,1226.0,251.18367346938763,14955.5,44.849998474121094,2.2833333015441895,20960.06640625,24.25,4.699999809265137,4.199999809265137,33.733333587646484,19424.166015625,3385.0285714285715,0.8652142882347107,27.59619140625,93.8,1415.27392578125,2198.199951171875,0.3854047358036041,1084.2285714285715,1,476,1,0,1,31,4,105
0,121.0,0.5233751535415649,1653.0,243.63265306122437,12699.5,47.266666412353516,4.183333396911621,18037.69921875,21.899999618530273,4.800000190734863,4.083333492279053,33.25,28986.0,3335.885714285714,0.8601190447807312,27.57559585571289,94.02857142857142,1417.406982421875,2184.05712890625,0.37576189637184143,1084.3714285714286,3,476,1,0,0,42,10,52
1,271.0,0.41619154810905457,2957.0,256.67346938775495,13400.0,44.71666717529297,3.0,16702.05078125,21.71666717529297,4.800000190734863,4.133333206176758,31.399999618530273,21952.5,3267.7714285714287,0.8628809452056885,27.58011817932129,94.25714285714285,1424.588134765625,2157.628662109375,0.35935714840888977,1089.057142857143,0,476,1,0,0,41,21,119
0,251.0,0.6396807432174683,1689.0,251.36734693877537,13806.3330078125,40.516666412353516,3.0166666507720947,15311.2998046875,21.799999237060547,4.699999809265137,4.083333492279053,37.28333282470703,24165.0,3263.714285714286,0.8589524030685425,27.5530948638916,91.65714285714286,1421.718017578125,2140.71435546875,0.35766667127609253,1089.4,0,476,1,0,0,21,18,126
0,180.0,0.48916763067245483,1419.0,256.38775510204067,12090.3330078125,43.93333435058594,3.5,17921.8828125,22.46666717529297,4.900000095367432,4.083333492279053,32.78333282470703,21310.5,3246.4,0.8555238246917725,27.58011817932129,90.54285714285714,1420.5850830078125,2141.39990234375,0.3652856945991516,1090.1142857142856,0,476,1,0,0,31,21,87
0,105.0,0.7525655627250671,1189.0,265.4693877551019,15354.0,43.63333511352539,4.2833333015441895,17784.5,22.78333282470703,4.699999809265137,4.183333396911621,35.983333587646484,20935.0,3167.5714285714284,0.8434285521507263,27.51654815673828,95.77142857142857,1452.656494140625,2156.142822265625,0.33680951595306396,1101.7428571428572,0,476,1,0,0,41,9,37
0,344.0,0.4401368200778961,1271.0,278.08163265306104,12345.3330078125,48.516666412353516,2.5,17772.533203125,22.516666412353516,4.900000095367432,4.083333492279053,32.63333511352539,20331.0,3120.8285714285716,0.8508809208869934,27.50511932373047,98.62857142857143,1438.8851318359375,2239.60009765625,0.33142855763435364,1091.5714285714287,0,476,1,0,0,31,29,175
0,330.0,0.5074116587638855,1244.0,283.408163265306,13889.5,41.61666488647461,1.5,17038.81640625,22.21666717529297,4.699999809265137,4.233333110809326,38.46666717529297,21024.333984375,3092.057142857143,0.8464047908782959,27.547142028808594,100.6,1453.0677490234375,2263.771484375,0.29492858052253723,1099.0285714285715,1,476,1,0,0,31,20,118
0,134.0,0.516533613204956,1499.0,287.77551020408146,10909.5,43.16666793823242,1.7000000476837158,16971.6328125,23.200000762939453,5.0,4.099999904632568,34.83333206176758,19796.5,3082.2,0.8350714445114136,27.49071502685547,96.74285714285715,1435.48046875,2336.45703125,0.2767857313156128,1089.8285714285714,0,476,1,0,0,31,2,49
0,147.0,0.24743443727493286,3074.0,291.12244897959175,,,,,,,,,,3052.657142857143,0.8287857174873352,27.464523315429688,98.82857142857142,1439.5833740234375,2363.800048828125,0.2749761939048767,1088.8,0,476,1,1,0,31,29,56
0,316.0,0.5096921324729919,1794.0,292.61224489795904,12046.0,41.650001525878906,4.116666793823242,18324.80078125,23.299999237060547,5.199999809265137,4.050000190734863,37.93333435058594,20208.0,3035.457142857143,0.8322380781173706,27.444522857666016,99.8,1442.1094970703125,2392.571533203125,0.2509285807609558,1090.0857142857142,1,476,1,1,0,21,26,145
0,189.0,0.6431014537811279,1085.0,293.12244897959175,14574.8330078125,44.81666564941406,2.2833333015441895,17372.8671875,22.850000381469727,4.699999809265137,4.199999809265137,38.18333435058594,19921.166015625,3010.1428571428573,0.826714277267456,27.44952392578125,100.97142857142858,1444.601806640625,2368.085693359375,0.2272142767906189,1089.057142857143,0,476,1,1,0,31,4,73
0,169.0,0.758266806602478,1415.0,293.20408163265296,15489.0,44.2055549621582,4.122222423553467,21044.60546875,24.005556106567383,4.633333206176758,4.150000095367432,37.71110916137695,19871.5,2971.0,0.8187857270240784,27.392738342285156,104.57142857142857,1450.493408203125,2348.028564453125,0.2081666737794876,1087.3142857142857,0,476,1,1,0,31,26,74
0,133.0,0.8380843997001648,1176.0,292.7551020408161,11510.0,45.78333282470703,8.683333396911621,17249.849609375,22.183332443237305,4.800000190734863,4.25,33.0,19831.5,2968.2,0.811904788017273,27.343929290771484,104.28571428571429,1446.699462890625,2321.571533203125,0.18926189839839935,1083.6,0,476,1,1,0,41,12,51
0,190.0,0.4241733253002167,1912.0,290.89795918367327,13315.0,44.28333282470703,5.016666889190674,17624.599609375,22.700000762939453,4.900000095367432,4.099999904632568,38.233333587646484,20771.833984375,2950.4,0.8015952110290527,27.288570404052734,108.68571428571428,1446.15576171875,2251.17138671875,0.171214297413826,1076.1142857142856,0,476,1,1,0,31,9,75
0,153.0,0.517673909664154,1523.0,288.5510204081631,11522.0,45.04999923706055,4.483333110809326,18986.5,26.183332443237305,5.099999904632568,4.099999904632568,37.16666793823242,22535.5,2941.942857142857,0.7955238223075867,27.2117862701416,110.31428571428572,1451.0377197265625,2234.742919921875,0.15564285218715668,1075.3428571428572,1,476,1,1,0,31,10,61
0,315.0,0.46408209204673767,1224.0,298.87755102040785,12005.0,37.03333282470703,4.316666603088379,21491.93359375,22.53333282470703,4.599999904632568,4.099999904632568,41.983333587646484,19784.666015625,2879.114285714286,0.7884761691093445,27.13488006591797,126.71428571428571,1454.1790771484375,2090.771484375,-0.06604762375354767,1059.4857142857143,0,476,1,0,0,41,16,170
0,227.0,0.718358039855957,1326.0,303.4285714285713,11488.1669921875,37.86666488647461,3.200000047683716,18373.017578125,23.58333396911621,4.400000095367432,4.25,43.016666412353516,20930.5,2896.342857142857,0.7488809823989868,26.76178550720215,125.97142857142858,1469.6693115234375,2023.3428955078125,-0.025142857804894447,1059.5714285714287,0,476,1,0,0,41,8,123
0,100.0,0.8893956542015076,1435.0,301.67346938775495,11376.3330078125,37.516666412353516,3.633333444595337,20073.400390625,21.16666603088379,4.199999809265137,4.183333396911621,47.233333587646484,22700.666015625,2868.8285714285716,0.7518571615219116,26.844524383544922,124.68571428571428,1466.7764892578125,2009.4571533203125,-0.0028809569776058197,1060.4571428571428,2,476,1,0,0,21,2,54
0,240.0,0.5199543833732605,1095.0,287.1020408163264,11545.8330078125,37.71666717529297,6.400000095367432,23120.349609375,21.41666603088379,4.099999904632568,4.150000095367432,46.31666564941406,20106.333984375,2829.2285714285713,0.736047625541687,26.773691177368164,131.0857142857143,1471.5679931640625,1978.771484375,-0.03602379932999611,1053.8,0,476,1,0,0,31,9,120
0,225.0,0.47092360258102417,1060.0,287.1020408163264,12798.6669921875,39.483333587646484,6.25,19755.6328125,21.883333206176758,4.099999904632568,4.150000095367432,44.79999923706055,20833.0,2829.2285714285713,0.736047625541687,26.773691177368164,131.0857142857143,1471.5679931640625,1978.771484375,-0.03602379932999611,1053.8,0,476,1,0,0,31,9,105
0,189.0,0.36145952343940735,2619.0,284.6938775510202,12886.8330078125,36.599998474121094,3.049999952316284,17301.1328125,23.516666412353516,4.5,4.566666603088379,41.733333587646484,21029.333984375,2788.4285714285716,0.741357147693634,26.798095703125,137.11428571428573,1475.1224365234375,1972.5999755859375,-0.01361904852092266,1050.7142857142858,2,476,1,0,0,11,9,86
1,265.0,0.07525655627250671,2244.0,283.26530612244875,13485.6669921875,30.950000762939453,2.3333332538604736,17628.033203125,23.133333206176758,4.900000095367432,4.400000095367432,53.349998474121094,21482.0,2742.942857142857,0.7419047355651855,26.901546478271484,154.42857142857142,1506.1783447265625,1940.7142333984375,-0.024285707622766495,1054.857142857143,1,476,1,0,0,31,18,109
1,130.0,0.1562143713235855,3794.0,283.08163265306104,17898.5,36.75,2.9833333492279053,23126.982421875,23.41666603088379,4.900000095367432,4.5,47.45000076293945,38467.16796875,2754.8,0.7531428337097168,27.1202392578125,157.0,1498.1640625,1945.5714111328125,-0.01183332223445177,1052.9142857142858,2,507,1,0,0,21,17,54
0,242.0,0.9680729508399963,1027.0,281.0408163265304,11614.5,32.81666564941406,6.333333492279053,17940.94921875,20.883333206176758,4.400000095367432,4.0333333015441895,52.13333511352539,18060.0,2816.6285714285714,0.7112143039703369,26.632856369018555,153.22857142857143,1482.4951171875,1967.05712890625,0.0024285921826958656,1033.142857142857,0,507,1,0,1,21,20,98
0,322.0,0.7297605276107788,3566.0,288.08163265306104,11601.6669921875,34.29999923706055,5.983333110809326,15610.81640625,21.116666793823242,4.300000190734863,4.449999809265137,50.68333435058594,21120.5,2783.5142857142855,0.6644047498703003,26.263690948486328,167.45714285714286,1479.683349609375,1852.6285400390625,-0.14478570222854614,1003.9428571428572,1,507,1,0,0,21,5,129
0,52.0,0.2919042110443115,3704.0,288.3877551020406,9717.5,35.06666564941406,4.483333110809326,16708.44921875,21.83333396911621,3.9000000953674316,4.383333206176758,49.150001525878906,19036.333984375,2770.6,0.6560238003730774,26.100238800048828,170.2,1481.7625732421875,1839.228515625,-0.15721428394317627,998.4285714285714,3,507,1,0,0,31,11,20
0,217.0,0.8072975873947144,1278.0,283.9999999999998,12041.3330078125,34.53333282470703,5.633333206176758,18122.150390625,24.21666717529297,4.599999904632568,4.300000190734863,45.88333511352539,20888.666015625,2728.542857142857,0.6296190619468689,25.840713500976562,180.68571428571428,1489.552001953125,1802.2857666015625,-0.2127857208251953,984.0857142857143,0,507,1,0,0,21,10,116
0,217.0,0.09578107297420502,2211.0,279.0816326530609,16213.0,33.46666717529297,4.916666507720947,19373.900390625,21.5,4.300000190734863,4.683333396911621,42.849998474121094,25190.0,2656.3714285714286,0.6571666598320007,26.253929138183594,189.17142857142858,1485.6575927734375,1779.2857666015625,-0.21426191926002502,986.0571428571428,3,507,1,0,0,42,6,85
0,222.0,0.24743443727493286,5296.0,273.81632653061195,10812.0,34.08333206176758,5.133333206176758,16087.2001953125,22.5,4.0,4.400000095367432,45.54999923706055,19302.0,2690.885714285714,0.6422380805015564,26.098690032958984,190.9142857142857,1490.5234375,1780.5142822265625,-0.2294047474861145,982.0857142857143,0,507,1,0,0,41,9,103
0,212.0,0.0,2989.0,266.38775510204056,14075.0,33.88333511352539,7.516666889190674,18744.666015625,24.25,4.599999904632568,4.349999904632568,43.900001525878906,24863.0,2686.6285714285714,0.6667143106460571,26.456905364990234,194.11428571428573,1487.1405029296875,1807.028564453125,-0.24402381479740143,987.6571428571428,2,507,1,0,0,21,19,84
0,157.0,0.08437856286764145,1822.0,258.63265306122423,13206.5,33.099998474121094,10.449999809265137,18179.56640625,23.66666603088379,4.300000190734863,4.400000095367432,47.13333511352539,21963.333984375,2681.114285714286,0.6325714588165283,25.971548080444336,195.42857142857142,1488.4072265625,1800.5142822265625,-0.24385713040828705,973.4285714285714,0,507,1,0,0,31,8,67
0,200.0,0.3021664619445801,1851.0,253.1836734693875,10609.0,31.316667556762695,7.733333110809326,18746.416015625,23.633333206176758,4.199999809265137,4.599999904632568,48.66666793823242,21113.833984375,2689.6285714285714,0.607452392578125,25.60202407836914,191.77142857142857,1485.787353515625,1793.4285888671875,-0.24830955266952515,964.3428571428572,1,507,1,0,0,31,8,96
0,318.0,0.4310148358345032,3205.0,248.26530612244866,10139.5,31.600000381469727,11.183333396911621,19962.283203125,24.983333587646484,4.400000095367432,4.300000190734863,46.20000076293945,21772.666015625,2709.457142857143,0.6243571639060974,25.915119171142578,197.17142857142858,1491.0467529296875,1756.085693359375,-0.34638094902038574,971.1714285714286,0,507,1,0,0,31,9,152
0,263.0,0.543899655342102,3394.0,246.4285714285712,10810.0,34.63333511352539,7.083333492279053,16565.033203125,22.66666603088379,4.300000190734863,4.349999904632568,47.18333435058594,20435.333984375,2720.2,0.6003095507621765,25.523571014404297,193.2,1489.7967529296875,1748.3428955078125,-0.3619762063026428,962.2857142857143,0,507,1,0,0,41,10,116
0,,0.312428742647171,2779.0,248.081632653061,11130.888671875,38.42222213745117,6.2944440841674805,20311.18359375,24.761112213134766,4.933333396911621,4.4666666984558105,40.594444274902344,24575.72265625,2654.1714285714284,0.5980952382087708,25.433452606201172,196.9142857142857,1490.109130859375,1721.82861328125,-0.429999977350235,956.8571428571429,1,507,1,0,0,31,8,
0,174.0,0.16761687397956848,9563.0,256.1020408160409,9654.3515625,34.49444580078125,8.051851272583008,17729.078125,23.27407455444336,4.1777777671813965,4.488888740539551,47.80370330810547,20274.482421875,2602.2285714285713,0.63314288854599,25.86988067626953,213.05714285714285,1498.2430419921875,1668.199951171875,-0.6325476169586182,961.3714285714286,0,507,1,0,0,41,27,72
0,246.0,0.34207525849342346,9749.0,257.7755102040814,10992.3330078125,33.86666488647461,7.516666889190674,17084.232421875,21.733333587646484,4.099999904632568,4.449999809265137,45.78333282470703,20132.666015625,2554.2571428571428,0.6492142677307129,26.04773712158203,215.57142857142858,1497.416748046875,1672.82861328125,-0.6207857131958008,964.8857142857142,1,507,1,0,0,21,13,100
0,131.0,0.1151653379201889,12196.0,266.32653061224465,9746.1669921875,40.650001525878906,4.383333206176758,19026.94921875,24.366666793823242,5.099999904632568,4.599999904632568,39.41666793823242,26379.333984375,2720.9142857142856,0.6016904711723328,25.389404296875,203.11428571428573,1502.9058837890625,1666.4571533203125,-0.6815000176429749,959.0857142857143,0,507,1,0,0,31,20,57
0,373.0,0.03648802638053894,3125.0,266.59183673469363,11443.0,36.71666717529297,3.9166667461395264,17318.099609375,24.366666793823242,4.199999809265137,4.550000190734863,46.18333435058594,23931.833984375,2638.8571428571427,0.6598095297813416,26.287023544311523,220.65714285714284,1497.1480712890625,1605.5714111328125,-0.6598095297813416,966.5142857142857,0,507,1,0,0,41,21,185
0,387.0,0.6396807432174683,1926.0,263.2857142857141,10571.1669921875,39.06666564941406,10.416666984558105,17247.716796875,24.450000762939453,4.199999809265137,4.583333492279053,43.33333206176758,21534.5,2609.714285714286,0.638785719871521,25.965951919555664,221.74285714285713,1494.9866943359375,1613.142822265625,-0.6415237784385681,954.2,0,507,1,0,0,41,27,162
0,360.0,0.5062713623046875,1399.0,264.7142857142856,14456.6669921875,34.68333435058594,6.266666889190674,16795.6328125,22.483333587646484,4.199999809265137,4.449999809265137,44.650001525878906,20242.333984375,2617.4,0.6477380990982056,26.12309455871582,219.22857142857143,1495.113037109375,1619.6856689453125,-0.6507380604743958,961.7714285714286,0,507,1,0,0,31,27,158
0,283.0,0.36259976029396057,2002.0,264.77551020408157,13510.3330078125,37.25,7.016666889190674,19645.30078125,24.91666603088379,4.300000190734863,4.550000190734863,45.08333206176758,20425.666015625,2551.7428571428572,0.6367142796516418,25.900951385498047,220.42857142857142,1493.777587890625,1640.2857666015625,-0.6792857050895691,954.8,1,507,1,0,0,41,20,116
0,220.0,0.9418472051620483,1087.0,253.63265306122435,9174.1669921875,48.53333282470703,5.2166666984558105,17268.25,24.08333396911621,4.699999809265137,4.483333110809326,36.650001525878906,20346.333984375,2384.8285714285716,0.6064524054527283,25.52535629272461,226.17142857142858,1495.2955322265625,1693.6856689453125,-0.7610476016998291,938.7428571428571,3,507,1,1,0,31,21,93
0,205.0,0.4104903042316437,1583.0,251.40816326530597,13033.0,42.349998474121094,6.5333333015441895,21200.6171875,27.5,4.300000190734863,4.550000190734863,38.516666412353516,22361.5,2381.2571428571428,0.6055952310562134,25.52750015258789,224.94285714285715,1497.0057373046875,1720.6571044921875,-0.7440714240074158,941.0857142857143,0,507,1,1,0,21,7,102
0,184.0,0.9099201560020447,1672.0,240.9999999999998,14115.3330078125,44.6944465637207,7.794444561004639,22128.22265625,27.66666603088379,4.133333206176758,4.583333492279053,36.82777786254883,27671.5546875,2374.1714285714284,0.5994762182235718,25.443571090698242,227.31428571428572,1499.12841796875,1770.94287109375,-0.7863094806671143,937.5714285714286,1,507,1,1,0,21,12,71
0,180.0,0.5735461711883545,1790.0,235.85714285714266,12373.1669921875,45.81666564941406,7.833333492279053,20687.94921875,27.450000762939453,4.199999809265137,4.683333396911621,34.75,21569.0,2381.5714285714284,0.6118571162223816,25.592262268066406,223.4857142857143,1504.6953125,1813.228515625,-0.7847380638122559,950.0571428571428,0,507,1,0,0,42,6,67
0,140.0,0.27366021275520325,11127.0,238.87755102040796,11841.5556640625,47.71666717529297,8.094444274902344,19879.43359375,26.544445037841797,3.866666793823242,4.75,32.75,22513.0,2372.542857142857,0.6361428499221802,25.755952835083008,226.88571428571427,1513.5406494140625,1865.3714599609375,-0.8024523854255676,960.4571428571429,1,507,1,0,0,21,3,54
1,218.8783040974927,0.0,2872.0,244.75510204081615,13445.3330078125,38.70000076293945,6.900000095367432,17713.017578125,23.600000381469727,4.599999904632568,4.900000095367432,43.04999923706055,40281.16796875,2410.2285714285713,0.6493333578109741,25.96821403503418,230.0857142857143,1509.5111083984375,1906.228515625,-0.770880937576294,959.4857142857143,0,507,1,0,0,21,18,105
0,156.0,0.21892815828323364,11589.0,244.10204081632634,11812.888671875,42.155555725097656,5.011111259460449,18118.56640625,25.061111450195312,4.166666507720947,4.583333492279053,38.627777099609375,31589.111328125,2509.0857142857144,0.646309494972229,25.830238342285156,217.82857142857142,1508.218017578125,1992.2857666015625,-0.7537857294082642,969.4,1,507,1,0,0,31,8,70
0,278.0,0.38084378838539124,14018.0,254.79591836734673,10503.6669921875,43.43333435058594,6.916666507720947,17023.25,24.799999237060547,4.300000190734863,4.683333396911621,35.58333206176758,20376.166015625,2617.8571428571427,0.6265237927436829,25.635356903076172,209.05714285714285,1514.346435546875,2062.514404296875,-0.7689048051834106,975.6,2,518,1,0,0,41,8,104
0,266.0,0.1562143713235855,8855.0,271.46938775510193,12416.8330078125,43.71666717529297,6.449999809265137,17457.06640625,24.816667556762695,4.699999809265137,4.599999904632568,40.53333282470703,27062.333984375,2747.6285714285714,0.6293095350265503,25.691308975219727,198.82857142857142,1509.474365234375,2156.800048828125,-0.7738809585571289,983.6,0,518,1,0,0,21,9,99
0,231.0,0.21094641089439392,9411.0,280.04081632653043,11504.0,39.91666793823242,6.566666603088379,17987.44921875,25.450000762939453,4.400000095367432,4.566666603088379,41.78333282470703,23303.0,2838.4,0.6279761791229248,25.619524002075195,189.6,1511.4039306640625,2233.628662109375,-0.6347143054008484,994.1142857142858,1,518,1,0,0,21,8,85
0,118.0,0.17217788100242615,2626.0,288.63265306122435,13505.8330078125,44.233333587646484,6.233333110809326,18939.93359375,23.116666793823242,4.599999904632568,4.599999904632568,34.04999923706055,24790.5,3022.942857142857,0.6182143092155457,25.541427612304688,171.85714285714286,1513.0072021484375,2403.428466796875,-0.45609524846076965,1009.1714285714286,0,518,1,0,0,41,7,53
0,223.0,0.5655644536018372,6895.0,286.6326530612243,11186.6669921875,40.0,2.933333396911621,18697.93359375,23.71666717529297,4.199999809265137,4.599999904632568,42.016666412353516,21142.5,3001.285714285714,0.6231904625892639,25.57797622680664,174.77142857142857,1514.928466796875,2368.857177734375,-0.47207143902778625,1009.1714285714286,0,518,1,0,0,31,4,97
0,153.0,0.5256556272506714,1233.0,297.4693877551019,11058.3330078125,42.0,4.866666793823242,19449.466796875,24.233333587646484,4.400000095367432,4.449999809265137,39.75,21006.333984375,3249.4285714285716,0.6076428294181824,25.392738342285156,157.82857142857142,1517.1304931640625,2509.199951171875,-0.20540477335453033,1020.4857142857143,0,518,1,0,0,21,3,62
0,330.0,0.3363740146160126,4074.0,298.2653061224488,12413.6669921875,41.78333282470703,7.949999809265137,20048.1328125,24.066667556762695,4.699999809265137,4.5333333015441895,37.79999923706055,27078.0,3294.7714285714287,0.6073333621025085,25.378808975219727,165.0,1513.070068359375,2379.971435546875,-0.14759525656700134,1010.1428571428571,0,518,1,0,0,21,2,166
0,139.0,0.20068414509296417,2543.0,295.1632653061223,11327.5,37.04999923706055,6.699999809265137,20512.650390625,23.5,4.699999809265137,4.5,43.53333282470703,30740.0,3349.2571428571428,0.6116190552711487,25.465238571166992,162.71428571428572,1514.746337890625,2396.60009765625,-0.11202380806207657,1016.2285714285714,2,518,1,0,0,31,3,70
0,309.0,0.6636260151863098,1637.0,298.32653061224477,13950.0,41.08333206176758,7.2833333015441895,21192.0,27.383333206176758,5.0,4.683333396911621,41.58333206176758,21909.166015625,3309.3714285714286,0.6148809790611267,25.471786499023438,193.9142857142857,1513.4417724609375,2107.05712890625,-0.09783335030078888,987.2571428571429,1,518,1,0,0,31,9,118
0,187.0,0.16305586695671082,1843.0,300.14285714285694,14323.6669921875,42.483333587646484,9.016666412353516,17339.1328125,23.100000381469727,4.699999809265137,4.75,39.41666793823242,22275.666015625,3307.3142857142857,0.6074761748313904,25.24892807006836,213.77142857142857,1515.0457763671875,1991.199951171875,0.020357143133878708,965.3428571428572,0,518,1,0,0,31,2,71
0,297.0,0.11288483440876007,1862.0,298.6122448979591,12551.0,38.41666793823242,8.716666221618652,17343.8671875,22.116666793823242,4.400000095367432,4.650000095367432,43.28333282470703,21951.0,3300.542857142857,0.631761908531189,25.693214416503906,218.5142857142857,1522.8905029296875,1988.82861328125,0.013571428135037422,979.5142857142857,0,518,1,0,0,31,12,113
0,189.0,0.7685290575027466,2022.0,296.8367346938775,11246.3330078125,38.78333282470703,12.600000381469727,17810.05078125,24.850000381469727,4.699999809265137,4.683333396911621,42.41666793823242,20483.666015625,3305.1428571428573,0.6273095011711121,25.62607192993164,217.94285714285715,1521.1795654296875,1995.800048828125,0.06488095223903656,977.4,1,518,1,0,0,41,14,76
0,76.0,0.18129988014698029,8527.0,292.408163265306,12051.7216796875,39.9555549621582,8.95555591583252,16848.77734375,22.255556106567383,4.433333396911621,4.7166666984558105,41.011112213134766,22524.9453125,3317.628571428571,0.6431270241737366,25.798254013061523,219.33333333333331,1527.5157470703125,2013.6666259765625,0.1077222153544426,987.0,0,518,1,0,0,41,6,28
0,167.0,0.6488027572631836,17326.0,287.142857142857,12409.5,31.96666717529297,8.583333015441895,17369.416015625,23.83333396911621,4.400000095367432,4.75,45.43333435058594,20799.833984375,3345.4,0.6620476245880127,26.059524536132812,218.85714285714286,1525.392578125,2041.0,0.21497619152069092,996.6285714285714,0,518,1,0,0,21,6,74
0,143.0,0.3637400269508362,6057.0,282.3061224489794,11883.0,38.16666793823242,6.911111354827881,17278.171875,25.883333206176758,4.5333333015441895,4.800000190734863,38.94444274902344,21658.5,3337.3142857142857,0.6578333377838135,25.96500015258789,219.54285714285714,1530.0791015625,2038.6571044921875,0.29247620701789856,996.9142857142857,0,518,1,0,0,31,12,54
0,163.0,0.33295324444770813,8406.0,275.4081632653059,14162.8330078125,37.599998474121094,7.349999904632568,18729.267578125,26.350000381469727,4.699999809265137,4.75,39.63333511352539,24252.166015625,3355.8,0.6674523949623108,26.00690460205078,219.22857142857143,1533.250732421875,2064.371337890625,0.37276190519332886,1004.3142857142857,0,518,1,0,0,41,21,82
0,224.0,0.2964652180671692,7937.0,268.16326530612224,13809.6669921875,37.11666488647461,8.649999618530273,23082.099609375,29.350000381469727,4.900000095367432,4.75,40.91666793823242,23468.0,3355.8,0.6674523949623108,26.00690460205078,219.22857142857143,1533.250732421875,2064.371337890625,0.37276190519332886,1004.3142857142857,0,518,1,0,0,21,32,83
0,,0.2782212197780609,5802.0,265.3673469387753,13500.3330078125,39.61666488647461,7.5333333015441895,19837.5,27.33333396911621,4.099999904632568,4.650000095367432,40.400001525878906,27010.0,3340.657142857143,0.6916905045509338,26.32773780822754,224.85714285714286,1541.4970703125,2092.142822265625,0.44021427631378174,1017.2285714285714,1,518,1,0,0,21,2,
0,,0.12428734451532364,18192.0,261.18367346938766,11145.8330078125,38.849998474121094,5.833333492279053,17513.400390625,23.58333396911621,4.099999904632568,4.599999904632568,40.96666717529297,20694.166015625,3332.5142857142855,0.6922380924224854,26.29107093811035,226.02857142857144,1538.2037353515625,2078.685791015625,0.52740478515625,1015.3428571428572,0,518,1,0,0,31,1,
0,140.0,0.366020530462265,9069.0,264.18367346938766,11305.0,33.099998474121094,10.833333015441895,16727.3671875,23.483333587646484,3.9000000953674316,4.849999904632568,40.70000076293945,19281.333984375,3324.0285714285715,0.7119285464286804,26.482738494873047,228.77142857142857,1540.5062255859375,2061.199951171875,0.5895952582359314,1022.9142857142857,0,518,1,0,0,31,12,53
0,90.0,0.011402508243918419,4731.0,268.8979591836733,12854.3330078125,31.399999618530273,7.416666507720947,18452.56640625,23.983333587646484,3.799999952316284,4.683333396911621,46.21666717529297,22594.333984375,3310.9714285714285,0.7117142677307129,26.484880447387695,231.57142857142858,1543.251708984375,2062.914306640625,0.6172381043434143,1022.6285714285714,0,518,1,0,0,41,13,35
0,114.0,0.15279361605644226,6947.0,273.24489795918356,11615.6669921875,36.349998474121094,4.233333110809326,17745.31640625,24.850000381469727,4.199999809265137,4.683333396911621,43.66666793823242,20308.833984375,3301.0,0.7168095111846924,26.557498931884766,232.45714285714286,1542.663330078125,2068.82861328125,0.6376428604125977,1024.5142857142857,0,518,1,0,0,31,9,55
0,199.0,0.57012540102005,1234.0,280.18367346938766,12174.4443359375,35.605552673339844,4.883333206176758,21490.7734375,28.5222225189209,4.366666793823242,4.605555534362793,39.6944465637207,23766.83203125,3270.8571428571427,0.7129285931587219,26.534404754638672,226.14285714285714,1548.42041015625,2143.971435546875,0.6342381238937378,1033.4571428571428,0,518,1,0,0,21,17,98
0,285.0,0.6100342273712158,1085.0,276.5714285714284,11685.388671875,35.5,6.549999713897705,17837.361328125,25.422222137451172,4.233333110809326,4.549999713897705,43.56111145019531,20785.0546875,3275.1428571428573,0.7158571481704712,26.58011817932129,222.4,1542.01904296875,2163.857177734375,0.6655476093292236,1035.6,0,518,1,0,0,21,17,124
0,220.0818512203566,0.4469783306121826,4603.0,278.8367346938775,11988.0,28.25,7.483333110809326,22881.0,23.83333396911621,4.300000190734863,4.683333396911621,50.0,22065.0,3250.114285714286,0.7194761633872986,26.58226203918457,214.11428571428573,1545.6719970703125,2259.371337890625,0.692809522151947,1047.9714285714285,1,518,1,0,0,41,5,82
0,260.0,0.06841505318880081,1464.0,271.3877551020408,13387.3330078125,30.16666603088379,4.816666603088379,23785.80078125,23.850000381469727,4.400000095367432,4.699999809265137,47.233333587646484,22236.166015625,3221.1714285714284,0.7355476021766663,26.768571853637695,215.4,1550.458984375,2304.028564453125,0.729619026184082,1057.5428571428572,0,518,1,0,0,42,24,109
0,271.0,0.22805017232894897,6974.0,255.89795918367327,9040.0,32.349998474121094,5.75,20375.232421875,26.116666793823242,4.300000190734863,4.900000095367432,44.81666564941406,22629.666015625,3230.2285714285713,0.7357380986213684,26.67226219177246,209.5142857142857,1554.589599609375,2342.3427734375,0.7155714631080627,1065.4571428571428,2,518,1,0,0,21,8,101
0,234.0,0.473204106092453,4294.0,248.0408163265305,10610.3330078125,33.83333206176758,5.800000190734863,19063.267578125,25.0,4.599999904632568,4.599999904632568,46.150001525878906,20854.5,3191.5142857142855,0.744857132434845,26.787738800048828,210.57142857142858,1552.8153076171875,2372.1142578125,0.7099047303199768,1068.2,0,518,1,0,0,21,29,107
0,152.0,0.2371721714735031,9413.0,229.48979591836715,10165.0,33.766666412353516,5.25,20279.900390625,27.350000381469727,5.0,4.849999904632568,43.79999923706055,49235.0,3151.6285714285714,0.780738115310669,27.02488136291504,210.4,1558.3660888671875,2441.971435546875,0.7167143225669861,1086.0,0,518,1,0,1,11,17,58
0,187.0,0.0,12012.0,219.48979591836715,11310.0,34.66666793823242,9.100000381469727,26799.80078125,28.0,4.900000095367432,4.800000190734863,41.79999923706055,26687.333984375,3118.942857142857,0.7381190657615662,26.51714324951172,208.31428571428572,1556.77880859375,2406.914306640625,0.6845714449882507,1066.6285714285714,1,518,1,0,0,42,20,75
1,123.0,0.0,10373.0,214.12244897959172,20083.333984375,37.38333511352539,9.733333587646484,22686.533203125,26.433332443237305,5.0,4.7833333015441895,32.61666488647461,39071.66796875,3045.1428571428573,0.8244285583496094,27.429046630859375,215.65714285714284,1566.4583740234375,2486.39990234375,0.6765952110290527,1102.9142857142858,2,508,1,0,0,34,9,45
0,36.0,0.0,15850.0,208.36734693877543,12369.8330078125,32.25,9.216666221618652,25055.81640625,24.266666412353516,4.900000095367432,4.800000190734863,42.66666793823242,24814.666015625,2996.942857142857,0.8010714054107666,27.120594024658203,209.22857142857143,1583.205078125,2499.742919921875,0.6188333034515381,1109.8,2,508,1,0,0,31,10,16
0,114.0,0.4948688745498657,11410.0,195.877551020408,10209.6669921875,28.21666717529297,5.733333110809326,22600.44921875,24.03333282470703,4.699999809265137,4.699999809265137,44.766666412353516,21591.833984375,2987.7428571428572,0.8163095116615295,27.203453063964844,214.8,1588.344970703125,2463.028564453125,0.5649999976158142,1111.5428571428572,4,508,1,0,0,21,14,54
0,119.0,0.0672748014330864,5034.0,194.59183673469371,12788.0,28.96666717529297,7.449999809265137,22206.833984375,24.350000381469727,4.699999809265137,4.75,42.04999923706055,23067.333984375,3034.4857142857145,0.8078095316886902,27.12047576904297,216.82857142857142,1574.8316650390625,2397.142822265625,0.5313571691513062,1097.6857142857143,2,508,1,0,0,21,2,48
0,,0.2702394425868988,3500.0,192.85714285714272,10384.3330078125,32.56666564941406,8.983333587646484,24892.232421875,25.816667556762695,4.300000190734863,4.7833333015441895,41.04999923706055,24795.333984375,3010.0285714285715,0.7796904444694519,26.85357093811035,220.8,1588.856689453125,2383.28564453125,0.5726190805435181,1089.3142857142857,1,508,1,0,0,21,4,
0,125.0,0.14025086164474487,1493.0,196.38775510204064,8421.5,32.88333511352539,9.233333587646484,20912.166015625,23.933332443237305,4.5,4.833333492279053,41.016666412353516,21287.5,3081.2,0.8116905093193054,26.992856979370117,221.34285714285716,1582.559326171875,2336.857177734375,0.4745238125324249,1096.0857142857142,3,508,1,0,0,21,6,54
0,,0.0,6240.0,203.9591836734692,9991.0,32.849998474121094,7.583333492279053,22737.732421875,24.066667556762695,4.800000190734863,4.733333110809326,43.93333435058594,20991.333984375,3065.6,0.823190450668335,27.114641189575195,219.28571428571428,1584.8165283203125,2336.39990234375,0.443309485912323,1104.0857142857142,2,508,1,0,0,24,1,
0,175.0,0.13226909935474396,3459.0,217.36734693877546,11661.6669921875,33.400001525878906,6.9666666984558105,21063.93359375,24.16666603088379,4.699999809265137,4.75,44.016666412353516,23017.333984375,3093.8571428571427,0.8236428499221802,27.07642936706543,218.71428571428572,1584.6693115234375,2313.94287109375,0.4106428623199463,1103.7428571428572,5,508,1,0,0,34,10,65
0,158.0,0.0,3123.0,228.67346938775498,9380.6669921875,30.53333282470703,5.699999809265137,17715.017578125,23.75,4.800000190734863,4.550000190734863,47.233333587646484,19840.5,3173.0,0.8151666522026062,26.97916603088379,217.14285714285714,1586.506591796875,2285.28564453125,0.37504762411117554,1101.8285714285714,2,508,1,0,0,21,9,61
0,240.0,0.40136829018592834,2396.0,235.38775510204064,8776.6669921875,32.81666564941406,6.583333492279053,20846.5,24.316667556762695,4.400000095367432,4.683333396911621,48.266666412353516,25059.833984375,3129.114285714286,0.8185238242149353,27.052738189697266,223.22857142857143,1592.4146728515625,2261.485595703125,0.33492857217788696,1100.6,0,508,1,0,0,21,31,105
1,307.0,0.0,1978.0,245.32653061224465,9718.0,31.183332443237305,4.099999904632568,16257.400390625,23.049999237060547,4.199999809265137,4.366666793823242,51.18333435058594,21249.333984375,3223.342857142857,0.808738112449646,26.913333892822266,227.14285714285714,1604.189697265625,2203.771484375,0.2706190347671509,1095.1714285714286,0,508,1,0,0,34,17,115
1,263.9047887148952,0.43443557620048523,2343.0,245.32653061224465,9283.6669921875,30.133333206176758,5.733333110809326,17346.099609375,23.049999237060547,4.099999904632568,4.5,47.83333206176758,21244.333984375,3238.5714285714284,0.8084523677825928,26.88404655456543,227.54285714285714,1604.1871337890625,2187.54296875,0.24885715544223785,1093.5714285714287,0,508,1,0,0,31,27,120
0,312.0,0.22006841003894806,1204.0,252.34693877551,10179.5,33.93333435058594,5.150000095367432,17936.68359375,22.383333206176758,4.400000095367432,4.699999809265137,43.29999923706055,21002.666015625,3206.4285714285716,0.7910000085830688,26.590951919555664,224.17142857142858,1603.220947265625,2138.199951171875,0.22433334589004517,1085.8,1,508,1,0,0,41,5,123
0,344.0,0.034207526594400406,1964.0,246.24489795918345,9693.0,38.45000076293945,3.616666555404663,20423.099609375,24.700000762939453,4.400000095367432,4.650000095367432,41.86666488647461,23397.0,3204.2285714285713,0.7852380871772766,26.456310272216797,234.11428571428573,1619.379150390625,2084.314208984375,0.12061905860900879,1080.1142857142856,0,508,1,0,0,31,9,147
0,317.0,0.36145952343940735,1165.0,238.81632653061203,11139.111328125,32.96666717529297,3.6500000953674316,17734.671875,22.16666603088379,4.5,4.699999809265137,45.61666488647461,23551.833984375,3192.8285714285716,0.7969047427177429,26.565000534057617,236.31428571428572,1619.7894287109375,2061.742919921875,0.07373809814453125,1082.4,1,508,1,0,0,41,10,131
0,321.0,0.0022805016487836838,2238.0,230.6326530612243,9038.5,30.766666412353516,5.833333492279053,16986.6171875,22.133333206176758,4.300000190734863,4.650000095367432,47.400001525878906,21183.333984375,3230.0857142857144,0.8229761719703674,26.77321434020996,235.4,1607.46728515625,2048.514404296875,-0.033928558230400085,1085.4571428571428,0,508,1,0,0,34,26,122
0,208.0,0.5644241571426392,1125.0,222.51020408163245,8724.833984375,33.14444351196289,2.6666667461395264,17610.5,22.755556106567383,4.300000190734863,4.550000190734863,46.522220611572266,19832.33203125,3168.714285714286,0.7976666688919067,26.466428756713867,236.34285714285716,1611.942626953125,2031.199951171875,0.0014047439908608794,1074.857142857143,0,508,1,0,0,31,31,92
0,292.0,0.007981755770742893,3404.0,214.79591836734673,8230.0,33.150001525878906,7.233333110809326,15727.3837890625,22.200000762939453,4.5,4.599999904632568,48.58333206176758,21287.666015625,3168.2571428571428,0.8245238065719604,26.628572463989258,242.6,1616.6903076171875,1996.0,-0.15128570795059204,1079.8,0,508,1,0,0,34,14,142
0,179.0,0.09236031770706177,3993.0,207.7755102040814,8257.0,34.33333206176758,7.2833333015441895,16189.25,20.899999618530273,4.0,4.75,40.233333587646484,19624.0,3154.6857142857143,0.8391904830932617,26.724523544311523,244.28571428571428,1620.65234375,1977.3143310546875,-0.1922142654657364,1085.2857142857142,1,508,1,0,0,42,3,72
0,,0.09578107297420502,2232.0,199.02040816326513,7127.16650390625,35.900001525878906,5.449999809265137,15620.93359375,19.83333396911621,4.099999904632568,4.800000190734863,47.599998474121094,18277.5,3172.5714285714284,0.8338333368301392,26.64452362060547,244.14285714285714,1619.44384765625,1954.7142333984375,-0.19207142293453217,1082.7142857142858,1,508,1,0,0,34,24,
0,240.0,0.26681870222091675,1436.0,190.87755102040805,7106.0,34.46666717529297,3.8333332538604736,15677.466796875,21.200000762939453,3.5,4.599999904632568,49.79999923706055,18774.0,3198.5142857142855,0.82704758644104,26.443571090698242,254.74285714285713,1628.7803955078125,1903.857177734375,-0.2647380828857422,1074.2571428571428,2,508,1,0,0,21,27,91
0,135.0,0.05473203957080841,3680.0,184.4693877551019,7274.0,38.650001525878906,6.2833333015441895,17882.44921875,24.200000762939453,4.0,4.599999904632568,44.599998474121094,22033.666015625,3207.8285714285716,0.7913095355033875,26.17035675048828,254.82857142857142,1642.0845947265625,1876.0,-0.3196190595626831,1065.1714285714286,1,508,1,0,0,21,6,51
0,157.0,0.0,4562.0,184.4693877551019,8412.0,39.983333587646484,4.733333110809326,18323.650390625,23.28333282470703,4.0,4.650000095367432,43.46666717529297,21484.333984375,3257.657142857143,0.7977380752563477,26.238332748413086,245.4857142857143,1623.3367919921875,1881.7427978515625,-0.3564523756504059,1065.5428571428572,6,508,1,0,0,21,12,65
0,196.0,0.0,8631.0,180.79591836734687,7459.33349609375,37.18333435058594,6.683333396911621,15697.43359375,20.799999237060547,3.700000047683716,4.550000190734863,46.28333282470703,17974.5,3405.7428571428572,0.8612381219863892,26.715238571166992,258.0,1634.53955078125,1829.7427978515625,-0.5510952472686768,1078.5428571428572,0,508,1,0,0,24,3,76
0,203.0,0.0,6654.0,180.938775510204,8375.5,33.68333435058594,5.883333206176758,15838.8662109375,22.03333282470703,4.199999809265137,4.633333206176758,47.75,18485.5,3405.7428571428572,0.8612381219863892,26.715238571166992,258.0,1634.53955078125,1829.7427978515625,-0.5510952472686768,1078.5428571428572,1,508,1,0,0,42,8,82
0,88.0,0.052451539784669876,8411.0,179.2653061224489,9102.0,29.41666603088379,8.183333396911621,15862.3837890625,20.433332443237305,3.299999952316284,5.0,44.483333587646484,18667.833984375,3673.3714285714286,0.861047625541687,26.708213806152344,260.0,1644.5394287109375,1790.4285888671875,-0.6060952544212341,1077.1714285714286,1,508,1,0,0,42,2,35
0,205.87502601499745,0.28050172328948975,8664.0,181.83673469387745,8340.111328125,35.150001525878906,3.288888931274414,15067.611328125,21.588890075683594,3.700000047683716,4.7833333015441895,45.13888931274414,19805.166015625,3848.457142857143,0.8435476422309875,26.558570861816406,257.0571428571429,1647.376953125,1769.857177734375,-0.6670476198196411,1071.5428571428572,3,508,1,0,0,42,2,99
0,115.0,0.1755986362695694,4484.0,182.4285714285713,8086.1669921875,38.61111068725586,9.894444465637207,18019.5,22.08888816833496,3.5333333015441895,4.699999809265137,39.91666793823242,20798.833984375,4011.714285714286,0.845047652721405,26.492382049560547,259.51428571428573,1646.0379638671875,1728.199951171875,-0.7886666655540466,1065.2571428571428,3,508,1,0,0,21,2,53
0,131.0,0.0,4631.0,185.16326530612238,7878.27783203125,29.605554580688477,6.755555629730225,15744.5498046875,20.36111068725586,3.1666667461395264,4.699999809265137,47.50555419921875,17051.888671875,4219.742857142857,0.862666666507721,26.620952606201172,256.1142857142857,1646.836181640625,1726.1142578125,-0.8134285807609558,1071.1142857142856,0,508,1,0,0,21,1,64
0,208.0,0.34891676902770996,2332.0,189.38775510204076,11614.5,39.2388916015625,2.655555486679077,18066.26171875,24.03333282470703,4.0333333015441895,4.777778148651123,39.6944465637207,19905.333984375,4275.085714285714,0.8500476479530334,26.50214195251465,264.74285714285713,1657.0174560546875,1702.5142822265625,-0.8335000276565552,1064.3428571428572,1,508,1,0,0,31,20,82
0,160.0,0.7092360258102417,1105.0,197.79591836734681,10264.6669921875,39.766666412353516,7.550000190734863,18125.69921875,21.08333396911621,4.0,4.699999809265137,39.36666488647461,18865.666015625,4353.828571428571,0.8253333568572998,26.194643020629883,265.2,1670.494873046875,1685.857177734375,-0.8266666531562805,1061.142857142857,1,508,1,0,1,42,2,68
0,190.0,0.32155072689056396,1553.0,204.95918367346928,15780.3330078125,43.46666717529297,8.983333587646484,18858.400390625,23.116666793823242,4.0,4.800000190734863,36.54999923706055,23761.833984375,4443.828571428571,0.8216428756713867,26.12309455871582,262.62857142857143,1669.1510009765625,1685.82861328125,-0.8371428847312927,1062.6,3,508,1,0,1,21,14,73
0,134.0,0.33295324444770813,2739.0,215.7142857142856,9205.5,33.91666793823242,9.233333587646484,18346.44921875,23.200000762939453,3.299999952316284,4.800000190734863,45.233333587646484,21201.333984375,4572.228571428572,0.8383333086967468,26.323808670043945,258.9714285714286,1658.0345458984375,1674.5428466796875,-0.949238121509552,1064.2285714285715,1,508,1,1,1,42,4,55
0,256.0,0.034207526594400406,2491.0,221.12244897959175,9559.5,36.11666488647461,7.683333396911621,17649.31640625,21.266666412353516,3.4000000953674316,4.800000190734863,45.58333206176758,20242.333984375,4583.857142857143,0.847261905670166,26.437618255615234,255.74285714285713,1654.277587890625,1696.5428466796875,-0.9274285435676575,1068.1714285714286,0,508,1,0,1,21,6,114
0,232.0,0.29532498121261597,1950.0,236.4489795918366,10207.5,27.21666717529297,8.949999809265137,18892.583984375,20.866666793823242,3.200000047683716,4.800000190734863,51.95000076293945,21744.166015625,4719.714285714285,0.8572381138801575,26.421072006225586,264.2,1655.5560302734375,1646.3143310546875,-1.0758094787597656,1056.5714285714287,0,508,1,1,0,42,7,107
0,374.0,0.6100342273712158,1195.0,245.26530612244872,9899.6669921875,29.75,7.583333492279053,16821.81640625,21.100000381469727,3.5,4.599999904632568,48.650001525878906,18360.333984375,4640.314285714286,0.8570713996887207,26.523096084594727,261.4,1660.66015625,1681.085693359375,-1.062238097190857,1062.4571428571428,0,508,1,1,0,42,21,150
0,125.0,0.7639680504798889,1200.0,239.12244897959152,10950.8330078125,30.016666412353516,5.0,16513.6171875,21.616666793823242,3.200000047683716,4.900000095367432,50.61666488647461,18741.0,4495.685714285714,0.8979523777961731,26.781309127807617,275.9714285714286,1670.4461669921875,1654.5142822265625,-1.319023847579956,1055.1142857142856,3,508,1,1,0,21,10,49
0,170.0,0.0,9162.0,233.81632653061197,9388.5,23.28333282470703,6.833333492279053,16493.05078125,21.516666412353516,2.9000000953674316,4.900000095367432,50.95000076293945,18229.5,4539.771428571428,0.9259523749351501,26.903213500976562,278.0,1665.7034912109375,1629.4857177734375,-1.4014047384262085,1056.9142857142858,1,540,1,0,0,21,20,73
0,75.0,0.0,14610.0,227.36734693877523,12369.8330078125,26.116666793823242,6.066666603088379,14174.1162109375,19.600000381469727,2.5999999046325684,5.300000190734863,51.45000076293945,14976.3330078125,4535.257142857143,0.9554761648178101,27.09047508239746,284.51428571428573,1678.388427734375,1646.4571533203125,-1.4657618999481201,1063.3714285714286,4,508,1,0,0,31,5,36
0,175.0,0.0,20205.0,222.08163265306095,9465.3330078125,22.016666412353516,8.966666221618652,15111.81640625,20.149999618530273,2.5999999046325684,5.016666889190674,51.766666412353516,16567.5,4581.8,0.9496190547943115,27.075119018554688,280.9714285714286,1674.1871337890625,1662.085693359375,-1.479785680770874,1061.9714285714285,1,540,1,0,0,41,4,96
0,48.0,0.0,32767.0,216.87755102040794,11351.1669921875,25.149999618530273,7.300000190734863,16166.0166015625,20.399999618530273,2.299999952316284,5.099999904632568,48.68333435058594,18855.666015625,4732.5142857142855,0.9712857007980347,27.15380859375,284.0,1677.6553955078125,1676.971435546875,-1.549380898475647,1063.6571428571428,2,540,1,0,0,31,11,23
0,65.0,0.04332953318953514,32767.0,211.24489795918345,12125.0,27.799999237060547,7.7833333015441895,14484.5,19.58333396911621,2.9000000953674316,5.199999809265137,46.25,14137.0,4824.2,0.975690484046936,27.160594940185547,290.77142857142854,1695.2540283203125,1679.94287109375,-1.5984047651290894,1065.8285714285714,2,540,1,0,0,31,4,28
0,55.0,0.02964652143418789,32767.0,204.42857142857125,9575.6669921875,29.200000762939453,7.116666793823242,14530.7666015625,20.399999618530273,2.700000047683716,5.050000190734863,42.81666564941406,15899.5,4893.342857142857,1.002666711807251,27.287500381469727,295.48571428571427,1708.4266357421875,1675.1142578125,-1.6949048042297363,1074.057142857143,0,540,1,0,0,21,6,22
0,59.0,0.0,32767.0,197.16326530612227,10808.6669921875,28.433332443237305,7.599999904632568,16147.099609375,19.983333587646484,3.299999952316284,5.099999904632568,40.983333587646484,18592.0,5035.8,1.0087380409240723,27.297975540161133,290.8857142857143,1721.727294921875,1726.94287109375,-1.7269761562347412,1084.4857142857143,1,540,1,0,0,21,5,29
0,44.0,0.0045610032975673676,32767.0,187.87755102040802,12065.3330078125,29.58333396911621,8.016666412353516,16789.1328125,19.883333206176758,3.299999952316284,5.0,38.28333282470703,16809.166015625,5105.771428571428,1.027309536933899,27.359046936035156,287.85714285714283,1727.2000732421875,1796.1142578125,-1.8072856664657593,1093.5714285714287,3,540,1,0,0,24,10,17
0,119.0,0.09122006595134735,32767.0,178.10204081632637,8971.0556640625,35.04999923706055,12.016666412353516,15932.8232421875,21.433334350585938,3.066666603088379,5.183333396911621,37.38333511352539,17053.72265625,5146.742857142857,1.0509047508239746,27.421546936035156,281.42857142857144,1717.6103515625,1832.142822265625,-1.8014999628067017,1096.6857142857143,0,540,1,0,0,24,16,54
0,53.02040391591879,0.05929304286837578,32767.0,151.91836734693862,11960.4443359375,34.57777786254883,12.522222518920898,15455.7109375,21.80555534362793,3.4000000953674316,5.227777481079102,33.56666946411133,18452.4453125,5040.171428571429,1.0749285221099854,27.553571701049805,294.6857142857143,1751.7310791015625,1833.6571044921875,-1.8522380590438843,1105.5428571428572,2,540,1,0,1,34,27,22
0,97.0,0.04446978494524956,32767.0,154.28571428571414,14837.3330078125,30.116666793823242,10.683333396911621,14551.4169921875,20.03333282470703,3.299999952316284,5.2833333015441895,27.299999237060547,20458.666015625,5008.4857142857145,1.1044762134552002,27.666309356689453,304.62857142857143,1746.2952880859375,1757.199951171875,-1.9216428995132446,1096.7428571428572,7,540,1,0,1,24,6,41
0,101.0,0.2964652180671692,32767.0,136.51020408163254,14994.0,31.766666412353516,10.366666793823242,14908.7333984375,20.41666603088379,3.5,5.199999809265137,29.799999237060547,20220.0,4866.914285714286,1.1142857074737549,27.702024459838867,314.2,1765.531494140625,1736.6856689453125,-2.009214401245117,1095.2,0,540,1,0,1,21,30,38
0,47.0,0.37628278136253357,32767.0,139.34693877551007,11567.0,31.116666793823242,11.433333396911621,13979.716796875,19.53333282470703,3.4000000953674316,5.300000190734863,29.450000762939453,30401.833984375,4954.371428571429,1.1427381038665771,27.808334350585938,320.0285714285714,1764.69140625,1707.228515625,-2.1178810596466064,1094.3714285714286,3,540,1,0,1,24,11,17
0,71.0,0.0045610032975673676,32767.0,134.06122448979576,12639.5,30.21666717529297,10.133333206176758,13512.0,19.266666412353516,3.5,5.300000190734863,28.0,19069.0,4970.371428571429,1.148738145828247,27.8363094329834,321.6,1765.1976318359375,1688.4857177734375,-2.193881034851074,1093.3714285714286,2,540,1,0,1,21,5,41
0,52.0,0.1425313502550125,32767.0,130.86363636363618,13308.8330078125,32.53333282470703,10.550000190734863,15242.7333984375,19.433332443237305,3.4000000953674316,5.199999809265137,30.16666603088379,26406.666015625,5217.885714285714,1.1942143440246582,27.987380981445312,337.45714285714286,1780.2730712890625,1648.7427978515625,-2.3487143516540527,1094.0,1,540,1,0,1,24,8,28
1,252.0,0.40820980072021484,3579.0,289.8163265306121,15776.6669921875,39.08333206176758,2.366666555404663,25679.017578125,27.299999237060547,5.300000190734863,4.2833333015441895,14.233333587646484,33661.16796875,569.5142857142857,0.7377856969833374,26.944881439208984,35.02857142857143,1330.050048828125,2401.39990234375,-1.0731428861618042,1059.2857142857142,0,496,1,1,0,31,32,89
1,297.0,0.3637400269508362,3488.0,289.8163265306121,14519.1669921875,35.81666564941406,2.7166666984558105,25997.033203125,29.433332443237305,5.699999809265137,4.199999809265137,14.316666603088379,28947.333984375,567.8571428571429,0.7320238351821899,26.969524383544922,36.0,1335.068603515625,2372.028564453125,-1.0847856998443604,1060.7428571428572,0,496,1,1,0,41,34,104
0,344.0,0.611174464225769,2711.0,286.2040816326529,16928.5,38.33333206176758,1.5,26060.5,27.016666412353516,5.400000095367432,4.25,17.016666412353516,30701.5,572.2857142857143,0.6992857456207275,26.75857162475586,31.4,1325.942626953125,2401.05712890625,-1.1661428213119507,1050.7428571428572,1,496,1,1,0,21,17,158
0,231.0,0.9087799191474915,1082.0,263.79591836734676,16348.0,34.53333282470703,2.1666667461395264,21966.1328125,27.866666793823242,6.0,4.133333206176758,33.5,25600.0,645.4571428571429,0.5848333239555359,26.31702423095703,9.6,1329.958984375,2706.17138671875,-0.5049999952316284,1046.1714285714286,0,474,1,0,0,24,35,105
0,215.0,0.623717188835144,1787.0,256.04081632653043,14909.5185546875,32.37036895751953,2.9000000953674316,19868.78125,26.761110305786133,6.077777862548828,4.1370368003845215,30.72407341003418,23992.92578125,671.2285714285714,0.6085000038146973,26.56357192993164,10.028571428571428,1330.1097412109375,2715.142822265625,-0.4380238354206085,1054.3428571428572,0,496,1,0,1,21,4,73
1,325.0,0.0045610032975673676,7016.0,257.30612244897935,12903.8330078125,30.799999237060547,2.5833332538604736,19422.3671875,28.733333587646484,5.5,4.25,28.266666412353516,33822.5,902.1714285714286,0.6458571553230286,26.93595314025879,13.085714285714285,1328.1134033203125,2821.371337890625,0.03949998691678047,1060.6,0,474,1,0,0,41,9,113
1,267.0,0.0,7683.0,255.6326530612242,13870.5,34.5,3.883333444595337,20191.5,28.933332443237305,5.300000190734863,4.183333396911621,21.850000381469727,35370.5,899.5428571428571,0.6460476517677307,26.92571449279785,12.028571428571428,1327.69482421875,2845.314208984375,0.046595219522714615,1061.6857142857143,0,474,1,0,0,41,27,120
1,152.0,0.007981755770742893,5386.0,253.10204081632634,,36.83333206176758,6.050000190734863,,28.316667556762695,6.800000190734863,4.650000095367432,23.883333206176758,,917.1142857142858,0.6420238018035889,26.96428680419922,13.028571428571428,1325.98779296875,2830.971435546875,0.08890478312969208,1058.857142857143,0,474,1,0,0,21,30,53
1,274.0,0.11858608573675156,1469.0,252.6122448979589,12983.1669921875,37.70000076293945,3.9166667461395264,19810.44921875,27.350000381469727,5.300000190734863,4.150000095367432,26.950000762939453,42484.33203125,915.4,0.6386666893959045,26.887380599975586,13.0,1330.621337890625,2861.39990234375,0.08973811566829681,1060.3714285714286,0,474,1,0,0,21,23,100
1,352.0,0.1413911134004593,1267.0,253.20408163265284,14876.2216796875,39.261112213134766,4.161110877990723,22895.33203125,27.122220993041992,5.366666793823242,4.25,19.788888931274414,27838.611328125,950.3142857142857,0.64083331823349,26.933334350585938,14.714285714285714,1326.49853515625,2804.60009765625,0.1959523856639862,1056.3142857142857,0,496,1,0,1,31,33,138
0,92.0,0.7251995205879211,1082.0,255.24489795918345,14336.5,33.28333282470703,3.4166667461395264,19361.94921875,26.549999237060547,5.699999809265137,4.150000095367432,28.08333396911621,25412.166015625,920.2571428571429,0.640666663646698,26.919879913330078,17.257142857142856,1336.633056640625,2740.314208984375,0.24069048464298248,1060.3428571428572,0,474,1,0,0,34,6,41
0,275.0,0.7753705978393555,1085.0,273.63265306122423,15928.5,35.20000076293945,3.0,20899.94921875,24.96666717529297,4.599999904632568,4.150000095367432,22.149999618530273,37387.5,895.0285714285715,0.6387619376182556,27.02190399169922,25.114285714285714,1351.658935546875,2562.685791015625,0.39657139778137207,1062.8,0,474,1,0,1,21,35,122
0,227.0,0.7742303013801575,1035.0,273.63265306122423,15928.5,35.20000076293945,3.0,20899.94921875,24.96666717529297,4.599999904632568,4.150000095367432,22.149999618530273,37387.5,895.0285714285715,0.6387619376182556,27.02190399169922,25.114285714285714,1351.658935546875,2562.685791015625,0.39657139778137207,1062.8,0,474,1,0,1,21,35,101
1,235.9260335265949,0.020524514839053154,2438.0,273.10204081632634,15090.0,31.21666717529297,2.816666603088379,18246.232421875,25.58333396911621,5.699999809265137,4.133333206176758,16.383333206176758,28953.5,907.7142857142857,0.6474524140357971,27.201190948486328,29.742857142857144,1352.152099609375,2474.028564453125,0.4654761850833893,1062.6,0,474,1,0,1,42,16,97
1,192.0,0.28620296716690063,2090.0,273.10204081632634,15028.0,37.63333511352539,5.333333492279053,19956.0,24.799999237060547,4.5,4.150000095367432,18.816667556762695,38391.0,884.3142857142857,0.6495476365089417,27.19952392578125,29.542857142857144,1358.0841064453125,2484.914306640625,0.456595242023468,1066.942857142857,0,496,1,0,1,31,12,76
0,13.0,0.0,4134.0,271.34693877551007,16935.833984375,36.95000076293945,2.866666555404663,21111.6171875,26.183332443237305,5.300000190734863,4.183333396911621,11.449999809265137,54684.16796875,901.4,0.6603809595108032,27.319286346435547,32.457142857142856,1360.18212890625,2439.45703125,0.48876190185546875,1068.6,0,496,1,0,1,41,5,5
1,242.0,0.16305586695671082,1659.0,264.3877551020406,12902.6669921875,33.04999923706055,4.416666507720947,19447.93359375,23.616666793823242,4.199999809265137,4.166666507720947,22.21666717529297,22741.0,900.5714285714286,0.6371666789054871,27.196548461914062,35.22857142857143,1370.336669921875,2396.428466796875,0.5454999804496765,1066.4,0,474,1,0,0,31,15,97
0,84.0,0.26681870222091675,1498.0,255.04081632653043,18268.22265625,34.57777786254883,4.150000095367432,23661.689453125,23.72222137451172,4.333333492279053,4.2833333015441895,17.850000381469727,34152.22265625,956.3428571428572,0.6243095397949219,27.1490478515625,50.08571428571429,1381.81591796875,2218.514404296875,0.5584285855293274,1054.4,2,474,1,0,1,31,1,37
0,166.0,0.057012543082237244,2534.0,255.04081632653043,13055.388671875,36.42777633666992,6.155555725097656,22441.494140625,23.938888549804688,4.833333492279053,4.2833333015441895,23.4777774810791,47157.77734375,964.1428571428571,0.6251428723335266,27.167261123657227,53.714285714285715,1385.0484619140625,2177.8857421875,0.5739762187004089,1053.142857142857,0,496,1,0,1,21,13,64
0,254.0,0.7525655627250671,1415.0,252.65306122448968,17629.0,31.700000762939453,3.933333396911621,15551.099609375,22.366666793823242,4.400000095367432,4.2833333015441895,20.433332443237305,27805.0,969.8571428571429,0.6153571605682373,27.097856521606445,58.77142857142857,1391.1370849609375,2129.228515625,0.5886190533638,1049.0,1,496,1,0,1,31,17,99
0,299.0,0.4036487936973572,3201.0,251.08163265306112,15354.0,34.41666793823242,7.583333492279053,17167.0,23.53333282470703,4.800000190734863,4.199999809265137,28.933332443237305,31326.0,969.9714285714285,0.6152619123458862,27.117738723754883,62.34285714285714,1396.7808837890625,2100.685791015625,0.5960476398468018,1049.2571428571428,0,496,1,0,0,31,9,99
0,268.0,0.3249714970588684,1926.0,249.95918367346928,18090.166015625,36.04999923706055,3.5,17050.93359375,22.83333396911621,4.800000190734863,4.349999904632568,24.58333396911621,25366.0,977.8,0.610785722732544,27.186784744262695,69.2,1406.8465576171875,2047.1142578125,0.5901666879653931,1048.5428571428572,0,496,1,0,0,31,20,116
1,261.0,0.0,9093.0,248.85714285714272,15447.3330078125,28.233333587646484,2.9166667461395264,19483.267578125,22.899999618530273,4.800000190734863,4.383333206176758,21.950000762939453,26957.666015625,1001.3714285714286,0.6045952439308167,27.140832901000977,76.54285714285714,1407.6292724609375,1990.085693359375,0.5942381024360657,1039.4,0,496,1,0,0,21,21,83
1,216.0,0.0,7355.0,248.16326530612227,,32.016666412353516,1.350000023841858,,24.33333396911621,4.800000190734863,4.366666793823242,22.58333396911621,,1034.942857142857,0.6144999861717224,27.2016658782959,73.85714285714286,1401.4080810546875,2009.1142578125,0.596928596496582,1040.4571428571428,0,496,1,0,0,31,15,65
1,297.0,0.0,6006.0,245.79591836734676,16069.3330078125,32.849998474121094,1.7999999523162842,16523.69921875,23.366666793823242,4.800000190734863,4.2833333015441895,21.616666793823242,28517.166015625,1093.4857142857143,0.6140000224113464,27.19523811340332,66.74285714285715,1403.5653076171875,2061.82861328125,0.5940238237380981,1048.6857142857143,0,496,1,0,0,21,31,97
1,241.0,0.0,5624.0,245.79591836734676,14822.3330078125,32.849998474121094,3.383333444595337,18753.533203125,24.5,5.199999809265137,4.183333396911621,19.633333206176758,35972.83203125,1115.6857142857143,0.602642834186554,27.13619041442871,63.77142857142857,1408.0992431640625,2082.6572265625,0.5976190567016602,1051.857142857143,0,496,1,0,0,21,34,81
1,279.0,0.0,7690.0,245.32653061224468,15319.27734375,34.344444274902344,6.327777862548828,16553.43359375,25.044445037841797,4.9666666984558105,4.288888931274414,19.77777671813965,29032.333984375,1162.3428571428572,0.60102379322052,27.147619247436523,63.22857142857143,1418.8935546875,2101.685791015625,0.6336666345596313,1058.6285714285714,0,496,1,0,0,21,20,95
1,225.0,0.0,12945.0,244.55102040816305,13490.0,35.71666717529297,1.8333333730697632,15104.2666015625,24.766666412353516,4.900000095367432,4.150000095367432,22.233333587646484,44647.66796875,1185.5142857142857,0.6101190447807312,27.162975311279297,52.51428571428571,1406.5966796875,2213.514404296875,0.6162380576133728,1063.7714285714285,0,496,1,0,0,34,33,82
1,74.0,0.0,13298.0,243.75510204081607,14162.0,31.549999237060547,1.399999976158142,26820.25,23.066667556762695,4.199999809265137,4.150000095367432,17.149999618530273,42219.5,1196.1142857142856,0.6101666688919067,27.1632137298584,50.8,1406.578857421875,2240.857177734375,0.6161190271377563,1065.3428571428572,0,496,1,0,0,42,23,24
1,296.0,0.0,12909.0,244.28571428571408,19812.166015625,30.200000762939453,4.349999904632568,29044.150390625,28.133333206176758,5.400000095367432,4.383333206176758,14.166666984558105,65049.83203125,1208.9714285714285,0.6117143034934998,27.16690444946289,49.94285714285714,1410.8333740234375,2273.199951171875,0.6100000143051147,1068.8285714285714,0,496,1,0,0,31,26,90
0,294.0,0.011402508243918419,11787.0,242.65306122448956,14978.5,29.066667556762695,1.4666666984558105,16342.1162109375,21.950000762939453,4.0,4.150000095367432,13.733333587646484,25263.833984375,1258.4,0.608214259147644,27.14130973815918,46.371428571428574,1416.697021484375,2329.742919921875,0.6116190552711487,1075.0857142857142,0,482,1,0,0,21,26,132
1,188.0,0.0,14343.0,245.16326530612238,17892.0,34.33333206176758,3.2666666507720947,20085.916015625,24.350000381469727,4.900000095367432,4.433333396911621,17.133333206176758,48110.33203125,1395.057142857143,0.6406428813934326,27.207143783569336,49.42857142857143,1448.2667236328125,2618.39990234375,0.43504762649536133,1097.4571428571428,0,482,1,0,0,34,13,65
1,275.0,0.0,13610.0,245.75510204081624,12181.0,32.099998474121094,2.5833332538604736,17391.833984375,27.33333396911621,5.0,4.2833333015441895,19.21666717529297,40982.0,1423.7428571428572,0.654452383518219,27.281429290771484,49.82857142857143,1444.4276123046875,2639.971435546875,0.44904762506484985,1097.942857142857,0,482,1,0,0,21,35,115
1,186.0,0.006841504946351051,4784.0,243.673469387755,12904.5,34.349998474121094,1.6333333253860474,19930.94921875,22.41666603088379,4.699999809265137,4.050000190734863,19.66666603088379,26639.5,1461.2571428571428,0.6545237898826599,27.26785659790039,49.25714285714286,1444.28759765625,2700.257080078125,0.4093809723854065,1097.942857142857,0,482,1,0,0,21,3,58
0,218.0,0.473204106092453,3403.0,245.34693877551013,13641.5,34.36666488647461,2.700000047683716,18971.8828125,22.66666603088379,4.699999809265137,3.950000047683716,22.316667556762695,24449.833984375,1479.942857142857,0.6516904830932617,27.175594329833984,46.02857142857143,1430.4476318359375,2761.914306640625,0.39383333921432495,1090.857142857143,2,482,1,0,0,24,3,96
1,153.0,0.1014823243021965,6907.0,238.99999999999991,16923.833984375,36.95000076293945,3.0166666507720947,21441.033203125,23.183332443237305,5.0,4.183333396911621,19.75,34271.16796875,1508.5714285714287,0.659428596496582,27.214284896850586,45.8,1427.0762939453125,2783.39990234375,0.40878570079803467,1090.2857142857142,0,482,1,0,0,41,18,48
1,234.0,0.26681870222091675,1399.0,238.77551020408154,12817.6669921875,30.266666412353516,2.933333396911621,18955.30078125,22.91666603088379,4.599999904632568,4.083333492279053,19.28333282470703,21356.666015625,1520.4,0.6660237908363342,27.213571548461914,45.48571428571429,1430.3876953125,2751.8857421875,0.3473571538925171,1094.057142857143,2,482,1,0,0,41,3,90
1,269.0,0.0,10214.0,233.79591836734684,15515.0,35.516666412353516,3.4666666984558105,18899.43359375,21.866666793823242,4.5,4.133333206176758,22.866666793823242,30156.0,1595.8285714285714,0.6852380633354187,27.327857971191406,47.05714285714286,1434.1236572265625,2684.54296875,0.3627142906188965,1099.142857142857,0,482,1,0,0,24,35,100
0,190.0,0.3454959988594055,3745.0,232.7346938775509,13175.6669921875,35.5,2.25,17909.6328125,22.766666412353516,4.400000095367432,4.133333206176758,18.066667556762695,20791.5,1595.8857142857144,0.6838809251785278,27.29857063293457,47.142857142857146,1435.363525390625,2669.39990234375,0.34011906385421753,1099.6857142857143,0,482,1,0,0,31,3,81
1,216.0,0.009122006595134735,12784.0,231.30612244897947,13968.0,33.56666564941406,1.8333333730697632,20704.81640625,23.350000381469727,4.199999809265137,4.083333492279053,16.450000762939453,26388.666015625,1637.0285714285715,0.6885952353477478,27.33547592163086,49.48571428571429,1443.9935302734375,2616.71435546875,0.3829761743545532,1103.4285714285713,1,482,1,0,0,31,13,83
1,158.0,0.0,15799.0,234.83673469387742,18118.166015625,33.45000076293945,2.433333396911621,20437.6171875,22.299999237060547,4.5,4.383333206176758,13.183333396911621,37458.0,1724.4285714285713,0.7195952534675598,27.453094482421875,54.628571428571426,1441.878662109375,2538.17138671875,0.273333340883255,1104.5714285714287,0,497,1,0,0,21,30,66
1,148.0,0.2554161846637726,6064.0,236.1224489795917,15879.5556640625,35.77777862548828,2.1888890266418457,19178.62890625,22.955554962158203,4.5,4.116666793823242,18.405555725097656,33748.5,1784.6285714285714,0.7164285778999329,27.406309127807617,54.77142857142857,1436.4365234375,2527.142822265625,0.2481904774904251,1100.142857142857,0,497,1,0,0,21,24,59
1,249.0,0.0045610032975673676,2401.0,236.02040816326513,14319.3330078125,31.316667556762695,1.899999976158142,18591.916015625,25.933332443237305,5.0,4.183333396911621,16.133333206176758,27304.166015625,1909.9714285714285,0.7171666622161865,27.348451614379883,61.08571428571429,1434.2598876953125,2477.685791015625,0.23102380335330963,1092.057142857143,0,497,1,0,0,21,19,91
0,149.0,0.3055872321128845,4659.0,233.73469387755094,11489.0,31.016666412353516,2.2666666507720947,18431.849609375,22.866666793823242,4.599999904632568,4.0,13.850000381469727,20577.666015625,1901.1142857142856,0.7225714325904846,27.379642486572266,64.37142857142857,1434.47314453125,2476.085693359375,0.23435714840888977,1090.4,1,497,1,0,0,21,3,46
0,92.0,0.7879133224487305,1216.0,230.26530612244892,14313.5,28.366666793823242,1.8666666746139526,18335.06640625,24.16666603088379,5.599999904632568,4.083333492279053,16.96666717529297,18963.0,1965.0285714285715,0.7160476446151733,27.289403915405273,70.42857142857143,1432.8228759765625,2441.39990234375,0.23266668617725372,1081.8857142857144,0,497,1,0,0,42,21,41
0,117.0,0.3454959988594055,1717.0,231.0204081632652,11803.0,38.516666412353516,3.5999999046325684,18806.06640625,22.316667556762695,4.800000190734863,4.183333396911621,14.416666984558105,26051.0,2042.3142857142857,0.7258809804916382,27.331666946411133,75.42857142857143,1433.3421630859375,2399.514404296875,0.271142840385437,1079.2857142857142,1,497,1,0,0,21,5,53
1,242.0,0.3306727409362793,3104.0,228.85714285714275,11615.3330078125,29.200000762939453,1.9166666269302368,17629.533203125,23.450000762939453,5.0,4.150000095367432,19.83333396911621,22224.333984375,2088.0857142857144,0.7347142696380615,27.377500534057617,80.14285714285714,1434.7294921875,2368.0,0.32523807883262634,1077.6,0,497,1,0,0,21,31,111
1,190.0,0.20410490036010742,3524.0,225.08163265306112,17584.0,36.31666564941406,4.066666603088379,20075.400390625,24.649999618530273,5.199999809265137,4.333333492279053,25.96666717529297,26507.333984375,2150.8,0.7484047412872314,27.440834045410156,88.85714285714286,1433.4742431640625,2318.45703125,0.316904753446579,1070.9142857142858,0,497,1,0,0,31,19,65
1,169.0,0.0057012541219592094,2509.0,225.08163265306112,20407.0,36.849998474121094,4.2833333015441895,19018.150390625,23.149999618530273,4.800000190734863,4.383333206176758,17.183332443237305,32387.0,2208.2285714285713,0.7482143044471741,27.4134521484375,90.17142857142858,1429.259033203125,2304.857177734375,0.34083330631256104,1066.4857142857143,0,497,1,0,0,21,22,72
1,138.0,0.0034207524731755257,3909.0,220.28571428571425,16424.833984375,33.81666564941406,2.6500000953674316,18681.732421875,21.96666717529297,4.599999904632568,4.2833333015441895,16.183332443237305,20941.666015625,2220.342857142857,0.7512381076812744,27.425832748413086,91.88571428571429,1420.8427734375,2284.085693359375,0.3548571467399597,1059.9714285714285,0,497,1,0,0,31,8,56
1,198.0,0.19498290121555328,2853.0,221.9183673469387,14821.3330078125,35.43333435058594,3.633333444595337,22598.666015625,23.700000762939453,5.400000095367432,4.2833333015441895,26.799999237060547,24570.666015625,2319.4,0.7582619190216064,27.424047470092773,92.74285714285715,1424.5975341796875,2261.514404296875,0.3759523928165436,1062.3142857142857,4,497,1,0,0,31,4,78
1,85.0,0.13226909935474396,5553.0,222.46938775510196,13359.5,29.25,3.0999999046325684,19360.650390625,22.899999618530273,4.699999809265137,4.183333396911621,19.483333587646484,22576.5,2340.114285714286,0.7683571577072144,27.490476608276367,94.57142857142857,1424.49755859375,2246.514404296875,0.38545238971710205,1062.942857142857,2,497,1,0,0,21,20,30
1,40.0,0.0,3179.0,222.48979591836724,12008.3330078125,32.75,1.6166666746139526,18892.033203125,24.133333206176758,5.800000190734863,4.183333396911621,22.366666793823242,23645.166015625,2389.9714285714285,0.7749285697937012,27.48261833190918,93.17142857142858,1410.96875,2257.857177734375,0.4111666679382324,1056.6,0,497,1,0,0,41,10,18
1,108.0,0.2976054847240448,1694.0,227.24489795918356,,,,,,,,,25435.166015625,2414.714285714286,0.7721428871154785,27.45107078552246,94.31428571428572,1413.583984375,2242.8857421875,0.41285714507102966,1056.1714285714286,0,497,1,0,0,31,31,49
1,168.1364039626769,0.06385404616594315,2981.0,232.9591836734692,10111.0,34.04999923706055,1.1166666746139526,17664.0,22.633333206176758,5.0,4.183333396911621,18.649999618530273,33814.5,2618.2285714285713,0.7930952310562134,27.480594635009766,92.62857142857143,1414.1634521484375,2204.771484375,0.48288094997406006,1063.942857142857,0,497,1,0,0,21,34,68
1,158.0,0.03534777835011482,4275.0,232.51020408163245,12799.8330078125,37.266666412353516,2.616666555404663,18236.166015625,22.96666717529297,4.5,4.183333396911621,21.049999237060547,24666.666015625,2649.057142857143,0.79795241355896,27.496070861816406,91.05714285714286,1410.7398681640625,2205.571533203125,0.48945239186286926,1063.5428571428572,0,497,1,0,0,31,19,61
1,100.0,0.08893956989049911,2748.0,228.26530612244878,12084.0,33.88333511352539,1.4166666269302368,17815.650390625,21.883333206176758,4.5,4.183333396911621,20.0,21516.333984375,2631.2571428571428,0.7978571653366089,27.472143173217773,91.82857142857142,1409.5274658203125,2208.428466796875,0.4770714342594147,1063.4571428571428,3,476,1,0,0,41,3,37
1,117.0,0.18358038365840912,3049.0,227.53061224489775,16724.4453125,38.7611083984375,3.327777862548828,17964.833984375,25.094444274902344,5.900000095367432,4.361111164093018,18.383333206176758,28770.333984375,2665.285714285714,0.8154523968696594,27.55821418762207,89.85714285714286,1404.8123779296875,2221.085693359375,0.48523810505867004,1067.4571428571428,1,476,1,0,0,31,6,45
0,236.0,0.08437856286764145,2247.0,218.9591836734692,13982.5,42.38333511352539,2.566666603088379,19016.3828125,21.66666603088379,5.300000190734863,4.083333492279053,25.03333282470703,24104.0,2689.2571428571428,0.8055238127708435,27.44440460205078,86.82857142857142,1400.69482421875,2259.628662109375,0.5117142796516418,1064.8857142857144,0,476,1,0,0,42,2,100
1,191.0,0.28734320402145386,1216.0,206.79591836734676,15801.3330078125,38.83333206176758,3.0833332538604736,18665.333984375,23.350000381469727,5.199999809265137,4.2833333015441895,28.899999618530273,26830.666015625,2830.6285714285714,0.8201904892921448,27.505596160888672,87.51428571428572,1402.8089599609375,2265.771484375,0.49776187539100647,1069.0,0,497,1,0,0,41,1,72
0,94.0,0.10604333132505417,1454.0,212.97959183673447,14911.5556640625,43.46111297607422,3.5888888835906982,18522.55078125,24.627777099609375,4.933333396911621,4.316666603088379,26.53333282470703,31519.888671875,2830.6285714285714,0.8201904892921448,27.505596160888672,87.51428571428572,1402.8089599609375,2265.771484375,0.49776187539100647,1069.0,1,497,1,0,0,21,1,40
1,161.0,0.405929297208786,2820.0,210.18367346938754,12464.8330078125,37.900001525878906,1.899999976158142,16406.05078125,23.16666603088379,5.0,4.083333492279053,27.649999618530273,18609.5,2972.2285714285713,0.8223809599876404,27.493452072143555,89.37142857142857,1408.8450927734375,2268.6572265625,0.4967142641544342,1070.8285714285714,1,476,1,0,0,41,17,70
1,99.0,0.18472063541412354,6126.0,211.5102040816324,14948.0,36.29999923706055,2.0833332538604736,18208.333984375,22.933332443237305,4.800000190734863,4.199999809265137,20.299999237060547,21802.666015625,2999.2571428571428,0.8320237994194031,27.554641723632812,93.8,1422.1500244140625,2252.257080078125,0.47873806953430176,1076.8285714285714,2,476,1,0,0,21,25,37
1,150.0,0.007981755770742893,10137.0,211.73469387755082,15564.8330078125,46.25,3.4166667461395264,16235.81640625,22.350000381469727,4.800000190734863,4.449999809265137,23.616666793823242,21772.0,3225.2285714285713,0.8392142653465271,27.54535675048828,86.08571428571429,1397.7537841796875,2336.228515625,0.48435714840888977,1071.7714285714285,1,476,1,0,0,31,2,72
0,114.0,0.21322691440582275,3061.0,216.2857142857141,18399.833984375,44.400001525878906,3.183333396911621,21145.69921875,22.33333396911621,5.300000190734863,4.5,22.66666603088379,25086.333984375,3281.2571428571428,0.8449285626411438,27.56523895263672,87.74285714285715,1403.03955078125,2316.45703125,0.47497618198394775,1075.5714285714287,3,476,1,0,0,31,5,47
1,278.0,0.0,4324.0,216.6326530612243,16825.666015625,33.38333511352539,2.183333396911621,20620.55078125,22.600000381469727,4.800000190734863,4.383333206176758,11.683333396911621,32878.5,3327.8,0.8528809547424316,27.631071090698242,89.6,1402.87548828125,2307.685791015625,0.4135476052761078,1076.3714285714286,0,476,1,0,0,34,20,127
0,120.0,0.2896237075328827,1288.0,231.69387755102022,16035.0,31.33333396911621,3.9666666984558105,19880.017578125,22.200000762939453,4.900000095367432,4.400000095367432,15.199999809265137,25546.833984375,3354.942857142857,0.8467381000518799,27.552499771118164,89.65714285714286,1400.436767578125,2309.685791015625,0.40997621417045593,1072.9142857142858,2,476,1,0,0,41,4,45
0,128.0,0.3705815374851227,2203.0,238.1632653061223,13404.6669921875,43.650001525878906,2.5166666507720947,17801.18359375,22.350000381469727,5.800000190734863,4.25,29.83333396911621,23734.333984375,3405.9142857142856,0.8653571605682373,27.645713806152344,92.17142857142858,1405.2952880859375,2288.45703125,0.40769049525260925,1077.7142857142858,0,476,1,0,0,31,3,47
0,226.0,0.4675028622150421,1941.0,244.0204081632652,17455.5,39.650001525878906,4.050000190734863,25614.19921875,26.516666412353516,5.0,4.383333206176758,15.866666793823242,35389.66796875,3473.457142857143,0.8550714254379272,27.555118560791016,91.74285714285715,1401.652099609375,2291.428466796875,0.38859522342681885,1073.7714285714285,0,476,1,0,0,41,11,97
0,157.0,0.6453819870948792,2064.0,251.95918367346923,10274.0,43.400001525878906,4.050000190734863,16601.849609375,21.933332443237305,4.599999904632568,4.183333396911621,21.350000381469727,21282.5,3512.2571428571428,0.8661190271377563,27.64130973815918,94.94285714285714,1416.8095703125,2257.0,0.36461904644966125,1082.8857142857144,3,476,1,0,0,41,10,63
1,350.0,0.0,3499.0,247.10204081632637,17143.166015625,35.70000076293945,3.9000000953674316,18420.06640625,23.350000381469727,5.300000190734863,4.2833333015441895,14.183333396911621,25055.333984375,3467.1428571428573,0.8818095326423645,27.740476608276367,97.45714285714286,1418.6328125,2236.60009765625,0.3936190605163574,1086.3142857142857,0,476,1,0,0,21,21,143
0,274.0,0.03534777835011482,1469.0,247.10204081632637,15139.0,36.78333282470703,5.683333396911621,19030.56640625,23.66666603088379,5.699999809265137,4.183333396911621,27.233333587646484,25126.166015625,3460.6,0.8664047718048096,27.612499237060547,93.94285714285714,1411.492919921875,2246.60009765625,0.39564284682273865,1080.9714285714285,0,476,1,0,0,21,31,110
1,132.0,0.3375142514705658,1493.0,257.73469387755085,,,,,,,,,,3411.0285714285715,0.8644999861717224,27.591310501098633,92.42857142857143,1413.3590087890625,2245.82861328125,0.38316667079925537,1082.9142857142858,0,476,1,0,0,21,24,57
1,,0.2098061591386795,2366.0,262.0408163265305,,,,,,,,,,3285.4,0.8738571405410767,27.634523391723633,95.31428571428572,1421.0023193359375,2222.28564453125,0.36447617411613464,1087.2571428571428,0,476,1,0,1,31,26,
0,91.0,0.6875712871551514,1838.0,265.3469387755101,12641.3330078125,45.983333587646484,4.333333492279053,15719.400390625,22.483333587646484,4.599999904632568,4.099999904632568,30.850000381469727,18664.333984375,3233.0285714285715,0.8601428270339966,27.58440399169922,98.11428571428571,1432.4420166015625,2198.228515625,0.3483809530735016,1088.8857142857144,2,476,1,0,1,42,18,42
0,63.0,0.27366021275520325,2879.0,269.18367346938766,11938.6669921875,46.54999923706055,2.9666666984558105,15849.466796875,21.233333587646484,5.400000095367432,4.183333396911621,34.349998474121094,21388.333984375,3229.1428571428573,0.8701905012130737,27.634048461914062,95.0,1419.7674560546875,2194.05712890625,0.3461666703224182,1087.4,1,476,1,0,0,21,32,27
0,346.0,0.34777650237083435,2404.0,274.1836734693876,13640.3330078125,40.91666793823242,5.333333492279053,17932.3671875,24.383333206176758,5.300000190734863,4.25,31.683332443237305,33068.33203125,3195.4,0.8750237822532654,27.67868995666504,95.8,1424.8406982421875,2214.028564453125,0.34278571605682373,1090.9714285714285,0,476,1,0,0,21,31,173
1,90.0,0.2896237075328827,1362.0,277.97959183673447,17965.833984375,51.233333587646484,4.5333333015441895,23562.8828125,25.549999237060547,4.599999904632568,4.300000190734863,27.483333587646484,30096.833984375,3166.8,0.864809513092041,27.605594635009766,95.37142857142857,1418.1851806640625,2254.085693359375,0.346190482378006,1084.6857142857143,0,476,1,0,1,41,9,44
0,148.0,0.8335233926773071,1122.0,284.9591836734691,13365.6669921875,45.400001525878906,3.0166666507720947,16718.5,22.383333206176758,4.800000190734863,4.099999904632568,38.06666564941406,20684.0,3105.1714285714284,0.8587619066238403,27.602262496948242,100.51428571428572,1438.5833740234375,2258.60009765625,0.341952383518219,1091.9142857142858,0,476,1,0,1,31,5,55
1,239.0,0.22120866179466248,1782.0,284.9591836734691,14198.6669921875,46.81666564941406,3.2666666507720947,16613.267578125,22.850000381469727,5.400000095367432,4.300000190734863,29.933332443237305,46966.66796875,3101.285714285714,0.8513095378875732,27.54119110107422,99.14285714285714,1430.3504638671875,2286.628662109375,0.3341904878616333,1086.7714285714285,0,476,1,0,0,31,31,84
0,47.582026686150314,0.3500570058822632,1292.0,289.7755102040814,11810.0,47.13333511352539,3.6500000953674316,26521.55078125,23.200000762939453,5.400000095367432,4.099999904632568,31.91666603088379,47232.0,3083.5714285714284,0.8415238261222839,27.505952835083008,98.97142857142858,1443.341552734375,2305.514404296875,0.28942856192588806,1093.4571428571428,0,476,1,0,0,41,4,18
0,186.0,0.8050171136856079,1135.0,293.59183673469363,15388.0,44.233333587646484,2.866666555404663,16696.6328125,23.0,5.0,4.133333206176758,35.13333511352539,25079.0,3049.6857142857143,0.8414999842643738,27.560714721679688,102.65714285714286,1454.8709716796875,2322.54296875,0.27533334493637085,1097.942857142857,0,476,1,0,0,31,12,67
0,233.0,0.5359178781509399,1325.0,296.30612244897935,12726.6669921875,44.41666793823242,2.2166666984558105,16196.0166015625,22.950000762939453,5.0,4.150000095367432,36.983333587646484,20002.333984375,3044.8285714285716,0.8385952115058899,27.545833587646484,101.74285714285715,1450.31640625,2344.45703125,0.268785685300827,1095.2571428571428,2,476,1,0,0,31,17,92
0,167.0,0.3238312304019928,1500.0,297.0204081632651,16860.333984375,45.56666564941406,2.633333444595337,23845.5,23.149999618530273,4.900000095367432,4.333333492279053,27.399999618530273,21100.333984375,3039.2571428571428,0.8403333425521851,27.597976684570312,101.08571428571429,1443.31884765625,2371.1142578125,0.2611904442310333,1093.2,1,476,1,1,0,21,8,63
0,99.0,0.6225769519805908,1309.0,297.24489795918345,13868.8330078125,42.38333511352539,3.5166666507720947,19749.44921875,23.116666793823242,5.599999904632568,4.150000095367432,38.29999923706055,22380.166015625,3021.1428571428573,0.8322619199752808,27.467975616455078,100.57142857142857,1441.6669921875,2391.371337890625,0.24664287269115448,1089.2285714285715,0,476,1,1,0,31,16,39
0,243.0,0.8483466506004333,1070.0,293.20408163265296,13549.6669921875,44.68333435058594,2.7833333015441895,18250.93359375,22.700000762939453,4.800000190734863,4.150000095367432,36.233333587646484,20371.0,2976.3714285714286,0.8173571228981018,27.34833335876465,103.22857142857143,1446.7645263671875,2355.800048828125,0.20828571915626526,1085.5714285714287,2,476,1,1,0,21,4,91
0,263.0,0.7867730855941772,1148.0,296.81632653061206,12649.5,44.46666717529297,1.6666666269302368,16209.5830078125,22.116666793823242,5.5,4.150000095367432,36.96666717529297,20483.666015625,2952.1714285714284,0.8029761910438538,27.15916633605957,104.54285714285714,1442.93994140625,2306.82861328125,0.19097618758678436,1076.8285714285714,2,476,1,1,0,31,15,129
0,180.0,0.7069555521011353,1458.0,295.142857142857,12585.8330078125,39.75,2.5833332538604736,17455.69921875,23.46666717529297,5.599999904632568,4.199999809265137,39.233333587646484,22949.833984375,2943.285714285714,0.8044762015342712,27.249881744384766,106.71428571428571,1444.406982421875,2270.71435546875,0.18254762887954712,1076.9714285714285,1,476,1,1,0,41,6,74
0,132.0,0.9646522402763367,1027.0,301.5510204081629,15613.8330078125,38.04999923706055,4.266666889190674,22605.533203125,21.700000762939453,4.400000095367432,4.233333110809326,36.95000076293945,20638.5,2830.342857142857,0.7693809270858765,26.904285430908203,127.4,1467.581298828125,2040.800048828125,-0.03890477865934372,1060.6857142857143,0,476,1,0,1,41,15,60
0,180.96872841101106,0.9270239472389221,1072.0,301.0408163265303,9803.3330078125,44.78333282470703,4.199999809265137,19929.93359375,22.75,4.699999809265137,4.233333110809326,33.91666793823242,22082.666015625,2791.7714285714287,0.7658571600914001,26.823095321655273,123.11428571428571,1458.7984619140625,2047.085693359375,-0.020857112482190132,1057.2285714285715,2,476,1,0,1,31,8,95
0,227.0,0.5860889554023743,1930.0,300.4693877551018,10413.388671875,41.82221984863281,3.0722222328186035,17364.017578125,22.266666412353516,4.233333110809326,4.150000095367432,39.28333282470703,20369.833984375,2827.6,0.7467857003211975,26.671667098999023,120.62857142857143,1458.2149658203125,2029.05712890625,0.011261907406151295,1055.1714285714286,1,476,1,0,0,21,4,88
0,194.0,0.852907657623291,1068.0,297.97959183673447,10718.0,40.0,5.066666603088379,17533.44921875,21.633333206176758,4.5,4.150000095367432,41.03333282470703,19651.333984375,2789.6857142857143,0.739214301109314,26.55988121032715,122.22857142857143,1466.5072021484375,2018.857177734375,0.008333345875144005,1055.7428571428572,1,476,1,0,0,42,6,93
0,232.0,0.49600911140441895,1762.0,293.1020408163263,12362.6669921875,40.400001525878906,3.2166666984558105,18151.466796875,25.200000762939453,4.599999904632568,4.150000095367432,39.18333435058594,19225.333984375,2818.3714285714286,0.7381428480148315,26.624048233032227,123.37142857142857,1464.0020751953125,1999.142822265625,-0.002595240017399192,1053.8285714285714,2,476,1,0,0,31,10,93
0,254.0,0.7616875767707825,1254.0,288.5918367346937,12747.27734375,41.56111145019531,4.727777481079102,36238.0390625,23.405555725097656,4.6666669845581055,4.327777862548828,37.266666412353516,34911.83203125,2803.6285714285714,0.7350237965583801,26.64202308654785,127.91428571428571,1466.6607666015625,1988.3143310546875,-0.034761909395456314,1050.6,1,476,1,0,0,21,8,97
0,254.0,0.07753705978393555,2246.0,287.1020408163264,11115.0,36.93333435058594,3.3499999046325684,18580.30078125,21.200000762939453,4.300000190734863,4.599999904632568,48.06666564941406,21155.0,2814.3142857142857,0.7409047484397888,26.79595184326172,130.37142857142857,1468.231201171875,1982.800048828125,-0.037238068878650665,1053.6285714285714,4,476,1,0,0,42,6,102
0,139.0,0.24515393376350403,5467.0,279.75510204081604,12322.0,38.18333435058594,3.5166666507720947,18026.80078125,23.46666717529297,4.900000095367432,4.150000095367432,43.266666412353516,20496.0,2777.7428571428572,0.7505000233650208,26.895475387573242,135.2,1473.5806884765625,1970.4857177734375,-0.03235715627670288,1054.142857142857,1,476,1,0,0,31,17,54
0,118.0,0.11288483440876007,5227.0,283.26530612244875,11745.2216796875,35.49444580078125,3.7444443702697754,17359.755859375,23.072221755981445,5.0,4.166666507720947,49.29999923706055,21345.888671875,2735.7714285714287,0.7579047679901123,27.051071166992188,150.57142857142858,1499.1116943359375,1938.3428955078125,-0.014309525489807129,1058.9142857142858,2,476,1,0,0,31,9,60
0,225.0,0.11402508616447449,3693.0,281.32653061224477,17646.5,35.0,3.799999952316284,22337.466796875,21.83333396911621,4.900000095367432,4.233333110809326,48.58333206176758,30660.833984375,2761.114285714286,0.7506428360939026,27.049999237060547,149.5142857142857,1478.2716064453125,1976.1142578125,0.005833322647958994,1046.6571428571428,0,507,1,0,0,31,7,86
0,314.0,0.4937286078929901,1189.0,283.0612244897958,14464.0,36.04999923706055,4.7833333015441895,19527.849609375,22.41666603088379,4.599999904632568,4.099999904632568,50.33333206176758,24804.5,2791.285714285714,0.729023814201355,26.816904067993164,148.31428571428572,1476.8056640625,1981.142822265625,-0.0033571249805390835,1039.5142857142857,2,507,1,0,1,31,9,136
0,132.0,0.9680729508399963,1036.0,285.46938775510193,11238.6669921875,31.316667556762695,4.483333110809326,16908.30078125,21.66666603088379,4.5,4.25,51.983333587646484,20165.333984375,2776.0857142857144,0.7127143144607544,26.601308822631836,151.05714285714285,1479.9505615234375,1987.4571533203125,-0.021880945190787315,1033.057142857143,0,507,1,0,1,31,16,71
0,301.0,0.28164196014404297,1608.0,288.08163265306104,13777.6669921875,34.54999923706055,5.116666793823242,17755.6328125,21.899999618530273,4.099999904632568,4.349999904632568,47.96666717529297,21939.0,2755.714285714286,0.6658571362495422,26.17702293395996,166.0,1477.8482666015625,1858.6571044921875,-0.1398095339536667,1003.1714285714286,2,507,1,0,1,31,9,121
0,158.0,0.1151653379201889,4997.0,291.30612244897935,12643.1669921875,36.733333587646484,5.199999809265137,17710.400390625,23.733333587646484,4.400000095367432,4.650000095367432,45.766666412353516,21048.0,2723.9714285714285,0.6767380833625793,26.257856369018555,164.94285714285715,1477.22412109375,1864.4857177734375,-0.15190476179122925,1007.2285714285714,2,507,1,0,0,31,12,70
0,273.0,0.5849486589431763,7961.0,283.6734693877549,11854.5,35.733333587646484,3.933333396911621,17719.94921875,22.53333282470703,4.300000190734863,4.400000095367432,40.349998474121094,19069.5,2612.285714285714,0.6659047603607178,26.30476188659668,189.97142857142856,1485.68359375,1766.771484375,-0.2120238095521927,986.8285714285714,1,507,1,0,0,21,9,110
0,177.0,0.27251994609832764,2210.0,283.6734693877549,11986.388671875,31.488889694213867,5.655555248260498,16247.5380859375,20.844444274902344,4.4666666984558105,4.394444465637207,45.92777633666992,19424.77734375,2613.714285714286,0.6673095226287842,26.35309600830078,189.4,1483.69482421875,1776.4000244140625,-0.2181190699338913,987.5714285714286,2,507,1,0,0,21,11,70
0,299.0,0.1014823243021965,3513.0,279.14285714285694,12381.0,36.349998474121094,4.616666793823242,18606.900390625,25.733333587646484,4.400000095367432,4.300000190734863,42.08333206176758,20322.0,2594.7428571428572,0.6703571677207947,26.383453369140625,194.4,1487.0384521484375,1787.82861328125,-0.2077142745256424,986.4,0,507,1,0,0,21,4,154
1,264.0,0.006841504946351051,8321.0,271.55102040816314,13492.2783203125,26.88888931274414,6.849999904632568,18791.94921875,21.905555725097656,4.366666793823242,4.400000095367432,52.95000076293945,22805.0,2586.1714285714284,0.6778571605682373,26.48821449279785,197.65714285714284,1488.3690185546875,1822.5999755859375,-0.2062142789363861,987.4571428571429,3,507,1,0,0,31,13,114
0,185.0,0.0877993181347847,3264.0,263.36734693877537,13078.0,34.96666717529297,4.616666793823242,18397.849609375,25.633333206176758,4.599999904632568,4.400000095367432,46.53333282470703,22299.0,2594.3142857142857,0.6718571186065674,26.384166717529297,195.2,1487.07080078125,1834.6856689453125,-0.23826190829277039,987.2857142857143,0,507,1,0,0,31,18,75
0,296.0,0.4264538288116455,1095.0,253.1836734693875,11933.0,35.599998474121094,4.366666793823242,17122.849609375,23.16666603088379,4.400000095367432,4.349999904632568,45.46666717529297,20086.833984375,2625.057142857143,0.6293095350265503,25.84773826599121,197.65714285714284,1486.5006103515625,1797.05712890625,-0.22445236146450043,967.6571428571428,1,507,1,0,0,41,12,145
0,234.0,0.27366021275520325,4587.0,250.99999999999977,12487.5,36.54999923706055,5.866666793823242,16724.017578125,21.616666793823242,3.9000000953674316,4.349999904632568,41.38333511352539,19265.0,2491.8,0.6398571729660034,25.966785430908203,201.8,1490.871826171875,1762.2857666015625,-0.3120238184928894,970.5142857142857,2,507,1,0,0,41,8,93
0,147.0,0.16989737749099731,8016.0,250.20408163265284,11246.5,39.28333282470703,5.583333492279053,18252.81640625,22.516666412353516,4.5,4.449999809265137,39.900001525878906,23603.166015625,2541.5142857142855,0.6092618703842163,25.483213424682617,199.94285714285715,1492.5089111328125,1734.82861328125,-0.38538095355033875,958.4285714285714,0,507,1,0,0,31,12,73
0,67.0,0.10718358308076859,7544.0,249.20408163265287,12578.5,40.266666412353516,10.116666793823242,20465.732421875,27.633333206176758,4.699999809265137,4.349999904632568,37.56666564941406,25686.333984375,2541.6285714285714,0.6269523501396179,25.757856369018555,202.25714285714287,1495.22998046875,1726.4000244140625,-0.41419047117233276,966.8571428571429,0,507,1,0,0,21,12,26
0,186.0,0.18129988014698029,8483.0,250.79591836734673,13526.1669921875,36.21666717529297,8.100000381469727,20848.783203125,22.383333206176758,4.300000190734863,4.5,45.36666488647461,23833.833984375,2579.4285714285716,0.6258095502853394,25.7646427154541,205.02857142857144,1494.70166015625,1704.199951171875,-0.507095217704773,963.4857142857143,2,507,1,0,0,21,11,89
0,251.0,0.01254275906831026,2097.0,253.55102040816308,13017.0,37.21666717529297,4.983333110809326,17532.30078125,23.58333396911621,4.599999904632568,4.449999809265137,39.88333511352539,22632.0,2510.285714285714,0.6449999809265137,26.000715255737305,219.37142857142857,1496.8428955078125,1662.142822265625,-0.5893809199333191,958.8285714285714,4,507,1,0,0,31,8,102
0,96.0,0.03762827813625336,6125.0,260.75510204081615,13800.8330078125,36.08333206176758,3.799999952316284,17402.916015625,23.5,4.400000095367432,4.75,45.08333206176758,20801.833984375,2549.3142857142857,0.6570714116096497,26.18321418762207,223.17142857142858,1495.5621337890625,1630.028564453125,-0.6407142877578735,960.4285714285714,1,507,1,0,0,41,22,41
0,51.0,0.03306727483868599,3401.0,256.18367346938766,11078.8330078125,36.70000076293945,3.8499999046325684,17442.650390625,23.066667556762695,4.0,4.699999809265137,44.31666564941406,22457.333984375,2512.8285714285716,0.6618809700012207,26.1488094329834,220.2,1494.812744140625,1648.7427978515625,-0.5451904535293579,963.9714285714285,2,507,1,0,0,21,5,20
0,155.0,0.4515393376350403,1185.0,263.2857142857141,10592.3330078125,35.266666412353516,7.599999904632568,17751.56640625,22.566667556762695,4.099999904632568,4.5333333015441895,50.08333206176758,23407.333984375,2576.0285714285715,0.6505476236343384,26.12690544128418,224.17142857142858,1494.4681396484375,1615.4000244140625,-0.609666645526886,957.1142857142858,1,507,1,0,0,31,11,60
0,217.0,0.771949827671051,1174.0,256.6530612244897,12073.3330078125,37.45000076293945,6.5,16430.0,21.799999237060547,4.099999904632568,4.383333206176758,41.63333511352539,19687.833984375,2521.2,0.638952374458313,25.953332901000977,221.4,1490.3291015625,1633.971435546875,-0.5679762363433838,952.0,1,507,1,1,0,31,5,96
0,123.0,0.9315849542617798,1085.0,251.40816326530597,12452.1669921875,46.483333587646484,6.300000190734863,20020.982421875,27.799999237060547,4.300000190734863,4.349999904632568,33.61666488647461,24035.0,2370.2571428571428,0.6149047613143921,25.648571014404297,226.82857142857142,1498.033203125,1719.4285888671875,-0.7230238318443298,944.1142857142858,0,507,1,1,0,11,17,49
1,193.0,0.027366019785404205,2462.0,244.48979591836718,10446.6669921875,40.18333435058594,7.150000095367432,16610.81640625,23.616666793823242,4.5,4.383333206176758,42.91666793823242,24273.5,2373.2285714285713,0.6324523687362671,25.82964324951172,227.68571428571428,1498.276611328125,1752.4285888671875,-0.7403333187103271,949.7714285714286,3,507,1,1,0,41,22,82
0,254.0,0.9122006893157959,1066.0,240.9999999999998,11272.3330078125,41.25,7.166666507720947,18537.482421875,24.983333587646484,4.099999904632568,4.599999904632568,36.53333282470703,20485.0,2380.9714285714285,0.6094047427177429,25.573213577270508,226.5142857142857,1495.0733642578125,1773.6285400390625,-0.7956666946411133,940.4857142857143,0,507,1,1,0,21,19,130
0,4.0,0.034207526594400406,2498.0,241.7346938775509,14055.1669921875,40.83333206176758,6.75,18985.267578125,24.233333587646484,4.900000095367432,5.050000190734863,38.08333206176758,42375.83203125,2398.5142857142855,0.6380000114440918,25.8507137298584,226.68571428571428,1505.6348876953125,1804.771484375,-0.7647619247436523,956.1428571428571,0,507,1,0,0,34,10,1
0,,0.0,3743.0,244.9999999999999,12674.0,36.96666717529297,5.616666793823242,19764.3671875,23.566667556762695,4.400000095367432,5.050000190734863,39.83333206176758,23451.666015625,2379.0857142857144,0.6651190519332886,26.036666870117188,234.74285714285713,1512.3843994140625,1847.028564453125,-0.8126428127288818,962.1142857142858,0,507,1,0,0,21,9,
1,104.0,0.24173317849636078,1653.0,244.75510204081615,,,,,,,,,,2416.2571428571428,0.6422380805015564,25.875,225.4857142857143,1504.5687255859375,1892.2572021484375,-0.8116904497146606,958.2571428571429,0,507,1,1,0,21,22,51
0,346.0,0.7594070434570312,2684.0,259.8775510204081,11582.1669921875,44.63333511352539,5.5,18365.982421875,26.03333282470703,4.300000190734863,4.699999809265137,39.516666412353516,20774.666015625,2595.285714285714,0.6092380881309509,25.454761505126953,203.65714285714284,1500.3316650390625,1999.3143310546875,-0.7771190404891968,964.8,1,518,1,0,0,31,5,175
0,183.0,0.28164196014404297,5631.0,263.4285714285713,10244.3330078125,44.58333206176758,4.949999809265137,30562.099609375,26.03333282470703,4.300000190734863,4.650000095367432,37.0,22578.833984375,2670.0857142857144,0.617904782295227,25.56523895263672,201.82857142857142,1507.7672119140625,2079.3427734375,-0.7682856917381287,974.9142857142857,0,518,1,0,0,21,5,93
0,349.0,0.623717188835144,1152.0,279.83673469387753,12240.8330078125,44.849998474121094,5.633333206176758,17649.3828125,25.03333282470703,4.400000095367432,4.400000095367432,38.38333511352539,21564.833984375,2828.8285714285716,0.6182857155799866,25.536548614501953,188.54285714285714,1506.961181640625,2205.257080078125,-0.7054047584533691,988.3714285714286,0,518,1,0,0,21,1,177
0,312.0,0.34891676902770996,1900.0,288.04081632653055,12092.6669921875,40.516666412353516,8.033333778381348,16990.666015625,23.200000762939453,5.0,4.583333492279053,40.93333435058594,24997.0,2828.8285714285716,0.6182857155799866,25.536548614501953,188.54285714285714,1506.961181640625,2205.257080078125,-0.7054047584533691,988.3714285714286,0,518,1,0,0,21,7,158
0,178.0,0.39566704630851746,6265.0,296.30612244897947,12599.5,42.70000076293945,5.333333492279053,38107.16796875,26.383333206176758,5.099999904632568,4.550000190734863,41.04999923706055,27210.333984375,3021.4285714285716,0.6052619218826294,25.363927841186523,168.62857142857143,1510.1702880859375,2344.94287109375,-0.5653333067893982,1004.6,0,518,1,0,0,31,1,89
0,355.0,0.5724059343338013,1983.0,294.89795918367327,13957.111328125,45.31111145019531,6.55555534362793,24280.833984375,24.25,4.766666889190674,4.5722222328186035,34.74444580078125,24215.388671875,3096.4,0.607785701751709,25.40761947631836,164.62857142857143,1510.7869873046875,2448.428466796875,-0.4123571217060089,1010.2285714285714,0,518,1,0,0,21,7,134
0,111.0,0.7947548627853394,1615.0,297.4693877551019,11082.6669921875,40.20000076293945,5.316666603088379,18183.05078125,23.116666793823242,4.699999809265137,4.483333110809326,38.79999923706055,34603.0,3158.8,0.6069285869598389,25.39261817932129,159.9142857142857,1511.274658203125,2496.199951171875,-0.33383333683013916,1014.8,1,518,1,0,0,41,1,56
0,113.0,0.4857468605041504,1843.0,298.2653061224488,10748.6669921875,39.983333587646484,4.949999809265137,18583.55078125,24.366666793823242,4.599999904632568,4.449999809265137,39.21666717529297,21980.333984375,3325.6857142857143,0.5999523997306824,25.30071449279785,158.22857142857143,1509.5015869140625,2443.085693359375,-0.15914286673069,1012.4857142857143,0,518,1,0,0,31,2,57
0,106.0,0.6579247713088989,2090.0,295.1632653061223,10661.8515625,38.175926208496094,6.870370388031006,18625.306640625,22.546297073364258,4.733333110809326,4.5,43.85555648803711,20328.0,3365.0,0.6106428503990173,25.445833206176758,167.14285714285714,1510.845947265625,2332.428466796875,-0.12842857837677002,1009.8,0,518,1,0,0,31,6,43
1,265.0,0.5017103552818298,4856.0,298.32653061224477,13986.8330078125,36.58333206176758,6.916666507720947,16556.982421875,22.16666603088379,4.599999904632568,4.5,47.31666564941406,23237.5,3356.714285714286,0.6324999928474426,25.681072235107422,191.8,1523.3095703125,2122.742919921875,-0.09847619384527206,1002.5428571428571,0,518,1,0,0,41,31,126
0,,0.12314709275960922,1433.0,306.24489795918333,13062.0,41.5,11.300000190734863,20377.283203125,23.133333206176758,4.800000190734863,4.650000095367432,42.28333282470703,24472.166015625,3344.7428571428572,0.632190465927124,25.63035774230957,203.65714285714284,1520.02685546875,2044.3714599609375,-0.041642848402261734,988.2571428571429,1,518,1,0,0,31,2,
0,69.0,0.4321550726890564,1224.0,304.6530612244895,11856.5,40.099998474121094,5.616666793823242,19283.900390625,23.266666412353516,4.400000095367432,4.699999809265137,41.13333511352539,22579.0,3297.714285714286,0.6205238103866577,25.50321388244629,214.17142857142858,1510.859619140625,1995.5714111328125,0.05773807317018509,970.5714285714286,2,518,1,0,0,21,2,27
0,116.0,0.46978336572647095,1500.0,303.1428571428569,13621.3330078125,42.70000076293945,8.866666793823242,19576.69921875,27.483333587646484,5.300000190734863,4.75,38.36666488647461,25939.166015625,3300.0857142857144,0.6107618808746338,25.31511878967285,214.94285714285715,1515.665283203125,1986.4285888671875,0.06011904031038284,967.1428571428571,0,518,1,0,0,31,1,52
0,157.0,0.1277080923318863,4467.0,292.408163265306,10397.6669921875,41.20000076293945,6.099999904632568,18318.400390625,24.96666717529297,4.5,4.599999904632568,38.91666793823242,20686.333984375,3303.7714285714287,0.6418571472167969,25.79297637939453,219.65714285714284,1521.736083984375,2006.085693359375,0.11414286494255066,983.2857142857143,0,518,1,0,0,41,5,62
0,142.0,0.4937286078929901,7888.0,293.53061224489784,13649.3330078125,35.849998474121094,11.383333206176758,22189.732421875,27.700000762939453,4.800000190734863,4.683333396911621,41.45000076293945,24208.0,3316.7714285714287,0.6276190280914307,25.5382137298584,215.0,1515.00830078125,2004.3428955078125,0.2431190311908722,976.0,0,518,1,0,0,31,5,56
0,268.0,0.5678449273109436,8579.0,286.73469387755085,13223.3330078125,36.08333206176758,5.650000095367432,17863.19921875,26.83333396911621,4.300000190734863,4.699999809265137,42.63333511352539,22392.666015625,3325.7428571428572,0.6432380676269531,25.777143478393555,216.5142857142857,1518.599853515625,2018.4857177734375,0.3301904797554016,985.4857142857143,0,518,1,0,0,31,18,103
0,122.0,0.8449258804321289,2447.0,278.612244897959,13581.0,41.36666488647461,5.133333206176758,18930.849609375,24.350000381469727,4.199999809265137,4.550000190734863,35.483333587646484,22577.5,3324.5142857142855,0.6465714573860168,25.792619705200195,217.94285714285715,1523.37109375,2016.5999755859375,0.484499990940094,989.1428571428571,1,518,1,0,0,31,22,45
0,278.0,0.5598631501197815,2013.0,269.9999999999999,11540.6669921875,41.08333206176758,5.949999809265137,18389.900390625,23.399999618530273,3.9000000953674316,4.683333396911621,39.016666412353516,20461.333984375,3337.057142857143,0.6584047675132751,25.93595314025879,219.88571428571427,1531.31201171875,2031.142822265625,0.5043571591377258,998.6285714285714,0,518,1,0,0,31,2,104
0,43.0,0.16077536344528198,2968.0,263.7755102040815,11063.0556640625,38.011112213134766,7.327777862548828,20378.017578125,27.05000114440918,4.199999809265137,4.616666793823242,38.57222366333008,24764.388671875,3331.8285714285716,0.6798571348190308,26.12773895263672,225.4,1531.380859375,2018.3428955078125,0.65666663646698,1003.0,1,518,1,0,0,21,20,16
0,97.0,0.027366019785404205,13601.0,259.8979591836733,11857.0,33.75,4.5333333015441895,16719.5,23.366666793823242,4.199999809265137,4.650000095367432,43.53333282470703,20276.666015625,3327.2285714285713,0.7085714340209961,26.392976760864258,229.4857142857143,1543.3817138671875,2034.4285888671875,0.6313571333885193,1019.5428571428571,0,518,1,0,0,41,24,36
0,165.0,0.13340935111045837,13103.0,260.9387755102039,11123.5,40.400001525878906,5.7833333015441895,17270.80078125,24.399999618530273,4.0,4.683333396911621,39.36666488647461,21503.0,3324.942857142857,0.711976170539856,26.375595092773438,231.17142857142858,1538.119384765625,2025.085693359375,0.6685237884521484,1018.1714285714286,0,518,1,0,0,31,12,62
0,86.0,0.1482326090335846,11949.0,264.6938775510202,10348.0,32.727779388427734,6.411111354827881,19220.05078125,25.655555725097656,4.133333206176758,4.683333396911621,46.52777862548828,22836.5,3319.714285714286,0.7203094959259033,26.527618408203125,232.4,1548.003173828125,2032.0,0.6830475926399231,1027.857142857143,0,518,1,0,0,31,31,32
0,167.0,0.17217788100242615,12907.0,269.0612244897958,11123.1669921875,30.766666412353516,7.666666507720947,17336.6328125,23.58333396911621,4.199999809265137,4.683333396911621,46.650001525878906,21534.666015625,3303.2571428571428,0.7263809442520142,26.60440444946289,233.0,1543.1611328125,2034.4571533203125,0.6911428570747375,1027.9142857142858,1,518,1,0,0,21,6,64
0,192.0,0.0672748014330864,2047.0,275.22448979591826,12172.111328125,34.56111145019531,6.099999904632568,17125.77734375,24.950000762939453,4.133333206176758,4.800000190734863,45.89444351196289,24530.27734375,3284.3142857142857,0.7163809537887573,26.500118255615234,228.65714285714284,1543.36474609375,2097.8857421875,0.6879047751426697,1028.5714285714287,0,518,1,0,0,41,9,82
0,204.0,0.4264538288116455,2111.0,272.2448979591834,11007.1669921875,34.81666564941406,8.216666221618652,16538.466796875,24.233333587646484,3.9000000953674316,4.599999904632568,44.18333435058594,23092.666015625,3290.6285714285714,0.7221190333366394,26.54964256286621,227.05714285714285,1543.8424072265625,2105.45703125,0.7656428813934326,1032.4571428571428,0,518,1,0,0,31,5,79
0,193.0,0.1288483440876007,9370.0,270.3061224489793,11057.5,30.899999618530273,4.800000190734863,17779.599609375,24.066667556762695,4.199999809265137,4.599999904632568,43.53333282470703,21656.5,3274.5142857142855,0.7352380752563477,26.69023895263672,223.77142857142857,1547.9215087890625,2180.571533203125,0.7878809571266174,1045.1142857142856,1,518,1,0,0,31,11,87
0,196.0,0.052451539784669876,3767.0,264.8775510204078,11975.5,29.71666717529297,7.016666889190674,20553.3828125,23.46666717529297,4.199999809265137,4.5,47.41666793823242,21213.166015625,3260.0,0.7389523983001709,26.733810424804688,218.82857142857142,1545.5345458984375,2244.514404296875,0.7622143030166626,1051.0857142857142,0,518,1,0,0,31,27,86
0,105.0,0.07981756329536438,3645.0,264.8775510204078,11376.6669921875,28.600000381469727,9.600000381469727,22352.19921875,23.366666793823242,3.9000000953674316,4.683333396911621,48.45000076293945,23890.333984375,3258.2,0.7421190738677979,26.753690719604492,216.4,1548.439697265625,2266.485595703125,0.7036904692649841,1056.6571428571428,3,518,1,0,0,41,14,57
0,252.0,0.01824401319026947,6171.0,241.67346938775486,11119.3330078125,30.950000762939453,9.833333015441895,21737.466796875,23.66666603088379,4.5,4.683333396911621,45.266666412353516,24232.666015625,3232.0285714285715,0.739642858505249,26.685832977294922,213.11428571428573,1547.956787109375,2311.54296875,0.7079523801803589,1058.5428571428572,1,518,1,0,1,21,6,121
0,244.0,0.20524515211582184,2180.0,227.5102040816324,11978.0,33.13333511352539,8.316666603088379,34717.3984375,29.66666603088379,4.800000190734863,4.75,36.983333587646484,30123.333984375,3171.114285714286,0.7580476403236389,26.842618942260742,217.11428571428573,1561.940185546875,2344.71435546875,0.673380970954895,1070.4285714285713,1,518,1,0,1,21,22,101
0,175.0,0.07981756329536438,18399.0,217.59183673469363,9559.6669921875,33.08333206176758,6.900000095367432,20591.666015625,27.483333587646484,5.199999809265137,4.7833333015441895,45.29999923706055,46601.33203125,3095.6285714285714,0.7860714197158813,26.983333587646484,213.2,1563.0775146484375,2422.485595703125,0.6052380800247192,1084.6,0,518,1,0,1,31,10,71
0,180.0,0.006841504946351051,22109.0,207.06122448979565,12332.0,39.31666564941406,8.616666793823242,20427.8671875,26.66666603088379,5.099999904632568,4.800000190734863,40.08333206176758,28586.833984375,3052.6285714285714,0.8335000276565552,27.4613094329834,220.0857142857143,1564.750732421875,2432.771484375,0.5413810014724731,1099.6285714285714,1,508,1,0,0,21,30,85
0,44.0,0.0034207524731755257,10220.0,199.8979591836732,9005.0,31.58333396911621,8.533333778381348,20028.982421875,24.350000381469727,4.5,4.650000095367432,45.599998474121094,22371.166015625,2985.2285714285713,0.8022857308387756,27.119049072265625,217.9142857142857,1578.138916015625,2422.17138671875,0.5053809285163879,1096.4285714285713,5,508,1,0,0,24,1,16
0,138.0,0.19840364158153534,11083.0,193.42857142857122,9585.8330078125,32.53333282470703,8.966666221618652,19755.8671875,23.66666603088379,4.599999904632568,4.683333396911621,43.53333282470703,21822.5,2996.8,0.819190502166748,27.19499969482422,218.31428571428572,1579.6903076171875,2426.3427734375,0.5132380723953247,1103.2,1,508,1,0,0,31,9,64
