floodable_forests,biomass,sur_cover,dist,nearest_mature,cec,clay,cfvo,nitro,ocd,ocs,phh2o,sand,soc,mean_soil,mean_vpd,mean_temp,mean_def,mean_srad,mean_pr,mean_pdsi,mean_aet,num_fires,ecoreg,biome,indig,protec,topography,age,sd
0,97.0,0.7742303013801575,1432.0,249.2799999999999,17142.833984375,38.46666717529297,6.833333492279053,25066.06640625,31.616666793823242,6.099999904632568,4.900000095367432,33.45000076293945,33133.66796875,993.4857142857143,0.5697619318962097,21.823095321655273,133.54285714285714,1783.8328857421875,1956.5142822265625,0.7098333239555359,1136.9142857142858,0,464,1,1,0,21,21,53
0,244.0,0.8278221487998962,1097.0,252.5333333333332,15682.5,35.599998474121094,9.433333396911621,22409.267578125,30.700000762939453,6.0,4.800000190734863,38.0,36124.66796875,968.7428571428571,0.5852142572402954,22.191308975219727,129.85714285714286,1737.7679443359375,1998.914306640625,0.6213809251785278,1127.8,0,464,1,1,0,31,21,138
0,45.0,0.8939566612243652,1501.0,249.2799999999999,17778.0,38.11666488647461,6.949999809265137,26129.19921875,30.566667556762695,6.900000095367432,5.0,34.266666412353516,30248.0,992.7142857142857,0.5652381181716919,21.690475463867188,137.71428571428572,1768.5982666015625,1988.085693359375,0.70676189661026,1121.1714285714286,3,464,1,1,0,31,9,23
0,187.0,0.9657924771308899,1042.0,250.7567567567566,18179.0,37.04999923706055,7.9666666984558105,28195.166015625,31.383333206176758,6.099999904632568,4.816666603088379,34.78333282470703,41062.66796875,972.0857142857143,0.5754523873329163,21.878095626831055,134.54285714285714,1753.3612060546875,1968.17138671875,0.6612619161605835,1121.4285714285713,1,464,1,1,0,41,22,106
0,12.0,0.7776510715484619,2924.0,253.32499999999976,15774.5,37.349998474121094,8.850000381469727,23937.982421875,27.350000381469727,5.5,5.050000190734863,35.33333206176758,24952.333984375,908.5428571428571,0.6047142744064331,22.482738494873047,161.28571428571428,1723.921630859375,2105.485595703125,0.6729999780654907,1095.2571428571428,4,464,1,1,0,41,2,7
0,75.0,0.7480045557022095,1267.0,255.15151515151493,15357.5,35.18333435058594,7.316666603088379,23102.482421875,30.91666603088379,6.599999904632568,4.900000095367432,36.150001525878906,27834.0,939.8285714285714,0.5715476274490356,21.862857818603516,119.48571428571428,1688.9547119140625,2203.685791015625,0.6197142601013184,1102.7714285714285,0,464,1,1,0,41,13,42
0,183.828804540029,0.6841505169868469,6852.0,248.3409090909089,16652.333984375,35.36666488647461,7.266666889190674,21173.30078125,28.75,5.800000190734863,5.199999809265137,28.58333396911621,31400.833984375,884.6571428571428,0.6931904554367065,23.212261199951172,171.11428571428573,1758.7559814453125,1945.085693359375,0.787761926651001,1133.3714285714286,0,570,1,1,0,11,4,82
1,216.0,0.3181299865245819,2299.0,251.78723404255294,15030.1669921875,35.38333511352539,6.333333492279053,20527.94921875,28.78333282470703,5.900000095367432,4.866666793823242,29.233333587646484,25374.0,984.0571428571428,0.6329523921012878,22.812381744384766,133.28571428571428,1779.214599609375,2088.71435546875,0.694190502166748,1160.7428571428572,4,464,1,1,0,31,21,103
0,93.0,0.6522234678268433,3372.0,251.53191489361674,16038.3330078125,37.06666564941406,8.166666984558105,25018.333984375,34.20000076293945,6.400000095367432,5.0,30.850000381469727,40946.0,904.7714285714286,0.5747857093811035,21.60523796081543,136.65714285714284,1728.9332275390625,2140.685791015625,0.6532618999481201,1094.9714285714285,0,464,1,1,1,31,28,49
0,263.0,0.7685290575027466,1686.0,251.67441860465092,14298.0,34.16666793823242,4.833333492279053,25446.6171875,33.11666488647461,7.599999904632568,4.9666666984558105,33.91666793823242,28819.833984375,880.3428571428572,0.5392857193946838,21.038095474243164,115.37142857142857,1696.24853515625,2198.28564453125,0.5724285840988159,1073.5428571428572,0,464,1,1,1,31,9,122
0,130.0,0.5610034465789795,8591.0,244.4888888888887,17625.0,33.28333282470703,11.583333015441895,23137.44921875,29.78333282470703,5.800000190734863,5.099999904632568,30.616666793823242,36416.83203125,884.6571428571428,0.6931904554367065,23.212261199951172,171.11428571428573,1758.7559814453125,1945.085693359375,0.787761926651001,1133.3714285714286,0,570,1,1,0,31,30,57
0,114.0,0.5210946202278137,11536.0,248.12499999999977,16765.0,33.83333206176758,8.25,22509.06640625,29.133333206176758,5.699999809265137,5.0,26.899999618530273,31121.833984375,793.2857142857143,0.6723333597183228,22.808452606201172,181.74285714285713,1750.2286376953125,2006.5714111328125,0.7283809781074524,1107.2857142857142,0,570,1,1,0,42,1,46
0,67.0,0.5062713623046875,3699.0,248.3863636363634,15916.8701171875,32.87592697143555,6.011111259460449,22241.59765625,30.768518447875977,7.47777795791626,5.0333333015441895,35.4555549621582,32909.2421875,857.8857142857142,0.5396666526794434,21.05738067626953,130.97142857142856,1713.3973388671875,2170.17138671875,0.6136904954910278,1065.7714285714285,1,464,1,1,1,21,11,29
0,65.0,0.5849486589431763,8957.0,247.10810810810787,15115.5,28.21666717529297,8.183333396911621,21620.80078125,31.41666603088379,6.199999809265137,5.0,33.78333282470703,34114.0,842.4857142857143,0.583142876625061,21.50857162475586,136.45714285714286,1716.4073486328125,2147.257080078125,0.6217857003211975,1084.6285714285714,0,570,1,1,0,21,18,26
0,74.0,0.17787913978099823,20138.0,237.5333333333332,19848.0,33.099998474121094,10.266666412353516,25195.849609375,28.799999237060547,5.199999809265137,5.050000190734863,32.08333206176758,37757.0,731.6571428571428,0.7316190600395203,23.69976234436035,206.88571428571427,1814.91748046875,1932.17138671875,0.8498571515083313,1139.0857142857142,0,570,1,1,0,21,11,40
0,114.0,0.17787913978099823,9781.0,247.10810810810787,17535.5546875,33.03333282470703,5.955555438995361,23331.18359375,33.016666412353516,6.9666666984558105,4.933333396911621,38.25555419921875,29190.27734375,825.1714285714286,0.6212857365608215,21.498689651489258,150.42857142857142,1721.8076171875,2102.05712890625,0.6420475840568542,1079.0285714285715,0,570,1,1,0,31,24,54
0,,0.0,28051.0,228.0232558139534,20084.166015625,29.450000762939453,11.633333206176758,23056.3828125,31.16666603088379,5.699999809265137,5.25,31.116666793823242,29914.833984375,653.5714285714286,0.734928548336029,23.56940460205078,213.45714285714286,1776.3275146484375,1923.2572021484375,0.9662142992019653,1115.057142857143,0,570,1,1,0,21,6,
0,25.0,0.20752565562725067,23059.0,231.6304347826085,17506.943359375,26.794445037841797,11.755555152893066,22513.228515625,31.377779006958008,7.199999809265137,5.255555629730225,33.522220611572266,38940.0,593.0,0.739476203918457,23.653690338134766,218.11428571428573,1735.4403076171875,1975.142822265625,0.9134523868560791,1083.5714285714287,0,570,1,1,0,31,2,11
0,,0.22576966881752014,19250.0,234.02083333333312,15526.3330078125,31.71666717529297,10.350000381469727,19808.166015625,27.21666717529297,6.400000095367432,5.099999904632568,33.88333511352539,27380.833984375,616.6571428571428,0.7193095088005066,23.37238121032715,215.11428571428573,1721.580322265625,1976.5142822265625,0.9222856760025024,1069.6,0,570,1,1,0,31,5,
0,114.0,0.0,5029.0,232.57777777777758,19228.111328125,31.016666412353516,7.327777862548828,20803.58984375,28.905555725097656,6.133333206176758,5.0611114501953125,34.41666793823242,32943.77734375,708.4285714285714,0.7782381176948547,24.198333740234375,213.45714285714286,1730.010009765625,1927.0,0.858047604560852,1101.3428571428572,0,570,1,1,0,41,4,45
0,,0.0,7824.0,214.69444444444437,20680.333984375,35.900001525878906,9.116666793823242,27705.69921875,39.68333435058594,6.199999809265137,5.25,24.883333206176758,50995.33203125,597.2571428571429,0.7222856879234314,23.144641876220703,203.82857142857142,1796.2728271484375,2072.685791015625,0.9913333654403687,1129.0857142857142,0,570,1,1,0,11,3,
0,,0.0,10760.0,215.12499999999991,20210.0,37.983333587646484,11.516666412353516,25035.966796875,33.83333206176758,6.0,5.25,24.96666717529297,39249.83203125,619.9714285714285,0.725857138633728,23.28154754638672,198.34285714285716,1847.1339111328125,2111.085693359375,0.9752380847930908,1163.6,0,570,1,1,0,11,3,
0,59.0,0.07639680802822113,13834.0,218.3863636363635,17851.333984375,35.83333206176758,12.266666412353516,21687.1328125,30.883333206176758,5.800000190734863,5.300000190734863,17.566667556762695,32872.16796875,604.3714285714286,0.6853571534156799,22.639524459838867,199.88571428571427,1831.9688720703125,2070.39990234375,0.9573094844818115,1129.0285714285715,0,570,1,1,0,41,34,29
0,154.0,0.1277080923318863,19998.0,224.1086956521738,17742.0,33.43333435058594,8.833333015441895,21976.099609375,31.0,6.800000190734863,5.199999809265137,34.29999923706055,31307.0,526.9142857142857,0.6921666860580444,22.87392807006836,214.0,1722.5455322265625,2004.2572021484375,0.953761875629425,1065.7714285714285,0,570,1,1,0,41,1,81
0,,0.17331813275814056,26627.0,226.62499999999986,16577.888671875,35.17222213745117,8.655555725097656,20537.388671875,30.566667556762695,6.699999809265137,5.083333492279053,30.744443893432617,33411.890625,546.4857142857143,0.7250475883483887,23.325475692749023,219.05714285714285,1722.8760986328125,1982.028564453125,0.926714301109314,1074.8857142857144,0,570,1,1,0,31,11,
0,95.30023130766095,0.20752565562725067,20519.0,228.69387755102022,20744.166015625,42.36666488647461,12.966666221618652,26882.94921875,30.149999618530273,5.900000095367432,5.300000190734863,23.483333587646484,51744.83203125,584.7142857142857,0.7450476288795471,23.556190490722656,212.77142857142857,1742.5068359375,1947.085693359375,0.8972380757331848,1091.2,0,570,1,1,0,31,26,42
0,33.13365276573176,0.010262257419526577,4968.0,226.97916666666643,18658.5,30.316667556762695,10.399999618530273,24003.1328125,30.33333396911621,7.300000190734863,5.25,35.70000076293945,39651.33203125,680.4,0.7471190690994263,23.667619705200195,216.5142857142857,1775.8974609375,1947.199951171875,0.8490238189697266,1108.6571428571428,1,570,1,1,0,31,6,16
0,134.0,0.5803877115249634,4686.0,225.39999999999978,17572.5,35.86666488647461,9.166666984558105,21505.166015625,26.899999618530273,5.400000095367432,5.0,36.75,25181.166015625,735.5142857142857,0.7495238184928894,23.95035743713379,197.4857142857143,1766.21728515625,1900.800048828125,0.801880955696106,1124.9142857142858,0,570,1,1,0,31,13,76
0,107.0,0.09692132472991943,9463.0,220.9749999999998,17829.5,31.366666793823242,10.066666603088379,19759.216796875,25.683332443237305,5.099999904632568,5.25,38.13333511352539,27561.833984375,750.0,0.7827380895614624,24.462976455688477,212.65714285714284,1736.4505615234375,1929.0,0.8241904973983765,1108.9142857142858,1,570,1,1,0,21,6,55
0,142.063262952542,0.4469783306121826,5620.0,213.70731707317066,15847.3330078125,34.18333435058594,8.033333778381348,26619.1328125,34.81666564941406,7.900000095367432,5.25,37.31666564941406,43984.66796875,498.85714285714283,0.75128573179245,23.758094787597656,245.0,1728.09814453125,2044.6856689453125,1.05647611618042,1067.7714285714285,0,466,1,1,0,31,11,58
0,66.0,0.11744584143161774,5600.0,215.12499999999991,18055.5,35.29999923706055,9.233333587646484,26854.783203125,35.61666488647461,8.0,5.183333396911621,35.71666717529297,43270.33203125,585.4,0.7091666460037231,22.975595474243164,204.34285714285716,1778.7493896484375,2078.82861328125,0.9942142963409424,1113.5142857142857,1,570,1,1,0,21,9,32
0,80.0,0.3637400269508362,9058.0,212.7021276595744,15362.0,33.54999923706055,7.933333396911621,25310.666015625,34.900001525878906,7.199999809265137,5.050000190734863,30.066667556762695,44537.0,512.0571428571428,0.6046666502952576,21.149999618530273,208.17142857142858,1737.3505859375,2086.228515625,1.0152857303619385,1026.0,0,466,1,1,0,21,35,32
0,70.0,0.2360319197177887,22189.0,217.60416666666657,15752.0,34.68333435058594,8.483333587646484,24719.69921875,40.03333282470703,6.900000095367432,5.199999809265137,29.53333282470703,44556.0,423.14285714285717,0.6855476498603821,22.383333206176758,238.68571428571428,1748.2237548828125,1973.857177734375,1.0093333721160889,1038.7142857142858,0,570,1,1,0,21,14,27
0,69.0,0.20524515211582184,27625.0,226.62499999999986,17293.22265625,32.900001525878906,11.649999618530273,21911.85546875,29.96666717529297,6.099999904632568,5.099999904632568,34.349998474121094,31719.388671875,499.8,0.7243333458900452,23.27964210510254,219.97142857142856,1721.84619140625,2010.8857421875,0.9443809390068054,1078.6571428571428,0,570,1,1,0,41,10,27
0,,0.0,17851.0,220.57142857142844,22844.5,34.400001525878906,10.850000381469727,24141.400390625,30.350000381469727,6.699999809265137,5.25,28.16666603088379,26005.5,550.0,0.7756666541099548,23.846786499023438,223.14285714285714,1705.9893798828125,2028.3428955078125,0.9431666731834412,1072.4285714285713,0,570,1,1,0,41,3,
0,,0.0,15593.0,219.27083333333314,17821.666015625,32.95000076293945,9.716666221618652,17659.966796875,25.46666717529297,5.199999809265137,5.4666666984558105,29.25,22072.333984375,514.7142857142857,0.8531428575515747,24.846786499023438,275.7142857142857,1694.295166015625,1788.199951171875,1.0092856884002686,1043.2571428571428,0,570,1,1,0,31,3,
0,,0.0,12360.0,217.55555555555534,17566.333984375,36.25,10.216666221618652,17986.8671875,25.483333587646484,5.699999809265137,5.400000095367432,33.71666717529297,22657.666015625,567.4285714285714,0.9103571176528931,25.561309814453125,298.0857142857143,1692.1485595703125,1704.7427978515625,1.0354523658752441,1042.8285714285714,0,570,1,1,0,31,3,
0,252.0,0.6875712871551514,1395.0,253.09999999999982,21444.166015625,38.900001525878906,9.016666412353516,29722.650390625,33.81666564941406,6.5,4.900000095367432,27.516666412353516,43633.66796875,974.0285714285715,0.6894999742507935,22.84345245361328,176.34285714285716,1769.7364501953125,2107.28564453125,1.0802619457244873,1135.4285714285713,0,464,1,1,0,21,33,140
0,262.0,0.44355759024620056,1772.0,246.97142857142836,17115.333984375,32.016666412353516,9.616666793823242,22096.333984375,28.483333587646484,5.599999904632568,4.599999904632568,23.766666412353516,25658.333984375,916.0,0.7187619209289551,23.391786575317383,180.77142857142857,1756.088623046875,2113.085693359375,1.0489047765731812,1138.0857142857142,2,464,1,1,0,31,1,117
0,141.0,0.09920182079076767,1987.0,236.0526315789472,19677.666015625,30.0,8.616666793823242,21641.93359375,27.683332443237305,5.400000095367432,4.900000095367432,19.41666603088379,26393.0,765.4,0.7318571209907532,23.547739028930664,216.42857142857142,1752.9830322265625,2040.17138671875,1.0947856903076172,1104.2,1,464,1,1,0,31,3,56
0,77.0,0.3386545181274414,1330.0,227.1463414634145,17938.5546875,38.13888931274414,9.133333206176758,20881.27734375,27.427778244018555,5.833333492279053,5.0,23.188888549804688,26968.5546875,671.5142857142857,0.7266190648078918,23.434404373168945,242.82857142857142,1784.3021240234375,2039.3714599609375,1.0796904563903809,1086.1714285714286,0,466,1,1,0,41,8,30
0,187.0,0.38996580243110657,3374.0,219.39534883720916,16712.0,34.29999923706055,5.833333492279053,18074.0,25.933332443237305,5.300000190734863,4.900000095367432,25.366666793823242,26459.0,549.9714285714285,0.8520237803459167,24.727619171142578,262.62857142857143,1706.08203125,1957.771484375,1.080119013786316,1073.1714285714286,0,466,1,1,0,31,22,85
0,201.0,0.3295325040817261,1586.0,213.04444444444434,18333.5,34.266666412353516,9.199999809265137,19448.06640625,27.633333206176758,5.5,4.900000095367432,27.133333206176758,26150.833984375,482.34285714285716,0.8134047389030457,24.574403762817383,264.51428571428573,1731.198486328125,1958.3428955078125,1.0783095359802246,1074.0857142857142,0,466,1,1,0,42,18,83
0,143.0,0.22006841003894806,5070.0,209.3404255319148,19332.666015625,33.68333435058594,9.44444465637207,21437.06640625,27.64444351196289,5.333333492279053,5.0,28.322221755981445,30763.666015625,475.0,0.7790476083755493,23.998689651489258,231.65714285714284,1696.8350830078125,1998.6856689453125,1.0124999284744263,1071.3714285714286,0,466,1,1,0,41,9,56
0,77.0,0.34093499183654785,16548.0,208.38775510204076,14213.5,35.83333206176758,10.566666603088379,22525.599609375,30.5,6.099999904632568,5.349999904632568,35.79999923706055,45965.83203125,471.1142857142857,0.9247618913650513,25.41666603088379,283.8857142857143,1709.1046142578125,1867.2857666015625,1.070785641670227,1079.5428571428572,0,570,1,1,0,31,8,34
0,,0.0,31089.0,210.7142857142856,18909.5,36.21666717529297,11.083333015441895,22362.8828125,25.883333206176758,5.300000190734863,5.199999809265137,27.28333282470703,25338.0,409.9428571428571,0.876119077205658,24.95511817932129,271.22857142857146,1698.5289306640625,1921.3428955078125,1.039285659790039,1060.5714285714287,0,570,1,1,0,31,3,
0,,0.0,18589.0,209.4374999999998,18268.5,29.58333396911621,8.5,16285.2001953125,22.450000762939453,4.699999809265137,5.650000095367432,32.56666564941406,20207.5,469.0857142857143,0.9428809285163879,25.885238647460938,361.14285714285717,1680.0904541015625,1530.7427978515625,1.065333366394043,984.0571428571428,0,570,1,1,0,34,2,
0,,0.0,19156.0,206.8695652173911,18885.333984375,32.18333435058594,7.449999809265137,16996.533203125,23.450000762939453,4.800000190734863,5.5,35.53333282470703,19980.333984375,657.9142857142857,0.8933571577072144,25.372142791748047,281.0857142857143,1700.732177734375,1666.914306640625,1.0139762163162231,1056.0,0,570,1,1,0,31,3,
0,,0.0,30361.0,201.2558139534882,21076.333984375,32.733333587646484,4.016666889190674,20533.533203125,24.0,5.199999809265137,5.5,37.766666412353516,24634.833984375,791.5714285714286,0.8686904907226562,25.10607147216797,250.5142857142857,1694.0037841796875,1794.5142822265625,1.0260237455368042,1077.0857142857142,0,570,1,1,0,34,3,
0,,0.0,32767.0,256.12499999999994,,,,,,,,,,2947.9142857142856,0.6464523673057556,26.318214416503906,173.42857142857142,1875.302978515625,2352.971435546875,-1.2934048175811768,1259.3142857142857,0,,1,0,0,34,5,
0,401.0,0.9612314701080322,1055.0,249.97297297297277,15203.6669921875,33.68333435058594,9.216666221618652,27349.533203125,26.233333587646484,4.599999904632568,4.599999904632568,22.96666717529297,33972.33203125,1202.0,0.8115000128746033,24.541786193847656,185.4857142857143,1803.1424560546875,2166.971435546875,1.0913571119308472,1196.4285714285713,0,464,1,1,0,42,30,220
0,176.0,0.6465222239494324,1793.0,236.0526315789472,18700.0,33.91666793823242,7.266666889190674,19248.900390625,24.066667556762695,5.099999904632568,4.599999904632568,14.633333206176758,20185.0,836.6571428571428,0.7985000014305115,24.511905670166016,250.0857142857143,1801.361572265625,1967.7427978515625,1.093428611755371,1123.2857142857142,1,464,1,1,0,31,32,74
0,167.0,0.2690992057323456,1225.0,235.99999999999977,15456.5,36.71666717529297,9.566666603088379,17440.6171875,22.983333587646484,5.0,4.699999809265137,20.96666717529297,22525.666015625,790.1428571428571,0.7762380838394165,24.17035675048828,237.05714285714285,1778.293212890625,2015.4000244140625,1.1030237674713135,1113.3428571428572,1,464,1,1,0,31,12,80
0,204.0,0.5610034465789795,1203.0,227.1463414634145,16178.611328125,38.74444580078125,10.283333778381348,22076.150390625,27.74444580078125,5.633333206176758,4.833333492279053,27.505556106567383,28130.388671875,651.7714285718775,0.7385238409042358,23.568809509277344,243.37142857141623,1775.5662841796875,2020.923828125,1.0825713872909546,1086.161904761905,0,466,1,1,0,31,21,88
0,90.0,0.24515393376350403,2617.0,219.39534883720916,19878.0,34.86666488647461,10.550000190734863,18928.81640625,26.766666412353516,6.0,5.199999809265137,26.71666717529297,31224.5,575.6,0.7919762134552002,24.14607048034668,245.22857142857143,1746.8095703125,1979.8857421875,1.0808333158493042,1092.7428571428572,1,466,1,1,0,31,17,38
0,140.0,0.6077536940574646,12885.0,213.9574468085105,16242.8330078125,37.43333435058594,10.0,21948.267578125,26.66666603088379,7.300000190734863,5.099999904632568,31.41666603088379,30832.666015625,517.2285714285714,0.952833354473114,25.701904296875,300.6857142857143,1692.3062744140625,1872.5714111328125,1.11814284324646,1055.5714285714287,1,570,1,1,0,31,4,62
0,,0.0,32767.0,203.53061224489787,25716.666015625,33.81666564941406,9.649999618530273,24375.5,21.983333587646484,4.800000190734863,5.75,36.28333282470703,24591.666015625,366.8285714285714,1.0396666526794434,26.80904769897461,403.77142857142854,1678.371826171875,1539.82861328125,1.1584047079086304,970.4571428571429,0,570,1,1,0,41,3,
0,,0.0,32767.0,202.36734693877537,20176.5,29.233333587646484,12.033333778381348,19261.349609375,22.733333587646484,4.699999809265137,5.849999904632568,38.78333282470703,29099.0,431.57142857142856,0.9592381119728088,25.989404678344727,330.34285714285716,1688.126220703125,1672.6571044921875,1.045880913734436,1022.3714285714286,0,570,1,1,0,34,2,
0,,0.0,28602.0,209.4374999999998,19339.666015625,27.133333206176758,15.994444847106934,17285.677734375,23.511110305786133,4.900000095367432,5.633333206176758,35.33333206176758,25465.0546875,498.85714285714283,0.9652618765830994,26.070476531982422,330.1142857142857,1686.8165283203125,1671.5999755859375,1.0269761085510254,1026.9142857142858,6,570,1,1,0,31,3,
0,,0.0,32767.0,196.63829787234022,19550.666015625,28.983333587646484,9.833333015441895,15733.599609375,22.883333206176758,4.5,5.849999904632568,38.54999923706055,19400.0,549.2571428571429,0.9364523887634277,25.736665725708008,347.25714285714287,1676.462890625,1662.7427978515625,1.0461190938949585,1000.0285714285715,2,570,1,1,0,41,3,
0,,0.0,32767.0,191.13333333333318,17842.0,32.29999923706055,10.149999618530273,15690.75,24.633333206176758,5.099999904632568,5.5,37.93333435058594,20247.166015625,791.5714285714286,0.8686904907226562,25.10607147216797,250.5142857142857,1694.0037841796875,1794.5142822265625,1.0260237455368042,1077.0857142857142,2,570,1,1,0,34,3,
0,,0.0,32767.0,183.65116279069755,18205.0,33.70000076293945,7.566666603088379,18772.966796875,25.66666603088379,5.699999809265137,5.199999809265137,31.733333587646484,33048.0,852.0857142857143,0.8716904520988464,25.232738494873047,262.1142857142857,1690.2938232421875,1793.05712890625,1.0258570909500122,1065.7428571428572,1,570,1,1,0,31,3,
0,,0.0,32767.0,174.92105263157893,19797.166015625,34.11666488647461,8.766666412353516,15502.3837890625,22.649999618530273,4.599999904632568,5.699999809265137,39.58333206176758,19704.666015625,871.4285714285714,0.8754047751426697,25.28071403503418,272.9714285714286,1689.853271484375,1805.3714599609375,0.992809534072876,1054.3714285714286,1,570,1,1,0,34,2,
0,130.0,0.05815279483795166,32767.0,166.99999999999994,13237.6669921875,31.516666412353516,12.649999618530273,15572.0166015625,22.25,5.199999809265137,5.650000095367432,42.766666412353516,34439.16796875,1081.7428571428572,0.9166666865348816,25.916786193847656,262.8285714285714,1683.0321044921875,1710.82861328125,0.9738809466362,1063.6857142857143,0,570,1,1,0,21,23,56
0,,0.0,32767.0,256.2727272727272,,,,,,,,,,2939.2285714285713,0.6428333520889282,26.309524536132812,184.22857142857143,1879.3245849609375,2333.971435546875,-1.3276190757751465,1249.4285714285713,0,,1,0,1,34,5,
0,,0.0,32767.0,256.33333333333326,,,,,,,,,,2950.0857142857144,0.6502857208251953,26.362499237060547,182.37142857142857,1879.40185546875,2287.71435546875,-1.3389999866485596,1254.4857142857143,0,,1,0,1,34,5,
0,208.70505857421512,0.9099201560020447,1028.0,244.23404255319124,17692.5,31.116666793823242,12.366666793823242,20047.44921875,28.516666412353516,5.5,4.699999809265137,19.91666603088379,27596.0,1094.8,0.92166668176651,25.84238052368164,249.42857142857142,1792.135986328125,2025.05712890625,1.1630476713180542,1166.0285714285715,1,464,1,1,0,31,4,82
0,199.0,0.1550741195678711,7630.0,236.14583333333312,16581.0,28.25,8.433333396911621,19249.93359375,26.133333206176758,5.800000190734863,4.900000095367432,28.700000762939453,33279.66796875,984.4571428571429,0.9545952081680298,26.108572006225586,260.48571428571427,1786.3590087890625,1980.5714111328125,1.1434999704360962,1162.8857142857144,1,466,1,1,0,21,5,78
0,225.0,0.3534777760505676,9394.0,236.14583333333312,15927.6669921875,27.116666793823242,10.949999809265137,18754.19921875,24.950000762939453,4.699999809265137,4.800000190734863,33.849998474121094,25344.666015625,805.8857142857142,0.9659285545349121,26.018571853637695,265.8285714285714,1745.2593994140625,1933.085693359375,1.1028095483779907,1131.942857142857,2,570,1,1,0,21,10,88
0,190.0,0.258836954832077,13745.0,229.9591836734692,13271.0,39.18333435058594,10.083333015441895,21121.267578125,30.83333396911621,5.400000095367432,4.800000190734863,28.700000762939453,35699.66796875,768.2,0.9918095469474792,26.275238037109375,267.2857142857143,1728.4595947265625,1940.3428955078125,1.1283094882965088,1127.2285714285715,1,570,1,1,0,21,3,87
0,133.0,0.0,22217.0,215.3061224489795,17058.9453125,25.877777099609375,7.25,16093.1435546875,21.077777862548828,4.0,5.233333110809326,45.61111068725586,20974.22265625,536.4857142857143,1.0409761667251587,26.619403839111328,325.85714285714283,1695.1695556640625,1817.4857177734375,1.1054524183273315,1063.942857142857,0,570,1,1,0,34,2,55
0,133.0,0.5644241571426392,23063.0,207.938775510204,14706.0,34.58333206176758,8.233333587646484,27052.6328125,33.849998474121094,6.199999809265137,5.099999904632568,31.133333206176758,45969.5,570.9714285714285,0.9010000228881836,24.868213653564453,267.9428571428571,1731.7750244140625,1909.4571533203125,1.0215238332748413,1089.5428571428572,0,570,1,1,0,21,31,56
0,,0.0,32767.0,202.89795918367344,19917.9453125,29.138887405395508,8.288888931274414,16004.6669921875,21.188888549804688,3.799999952316284,5.583333492279053,44.32777786254883,23432.5,467.45714285714286,1.087404727935791,27.22273826599121,371.0285714285714,1685.1319580078125,1707.17138671875,1.1652618646621704,1023.2285714285714,6,570,1,1,0,34,3,
0,,0.0,32767.0,197.63265306122443,16169.0,35.83333206176758,13.166666984558105,20739.0,20.53333282470703,5.300000190734863,5.800000190734863,31.049999237060547,29663.0,441.45714285714286,1.0617142915725708,27.01357078552246,366.9142857142857,1693.1444091796875,1728.0,1.0908571481704712,1020.3142857142857,0,570,1,1,0,31,2,
0,,0.0,32767.0,194.7142857142856,20460.5,34.13333511352539,11.516666412353516,24746.916015625,23.21666717529297,4.800000190734863,5.933333396911621,31.350000381469727,30256.0,449.7142857142857,1.0705238580703735,26.99309539794922,423.7142857142857,1668.2222900390625,1617.5142822265625,1.1466190814971924,951.4571428571429,1,570,1,1,0,31,2,
0,,0.0,32767.0,191.16326530612236,18576.333984375,33.21666717529297,10.383333206176758,19140.900390625,26.53333282470703,5.300000190734863,5.300000190734863,34.36666488647461,24717.0,580.1428571428571,0.9180952310562134,25.520713806152344,308.45714285714286,1690.46142578125,1736.5999755859375,1.0309523344039917,1035.4857142857143,1,570,1,1,0,31,3,
0,,0.0,32767.0,187.95918367346925,13589.1669921875,33.04999923706055,8.916666984558105,17498.216796875,21.350000381469727,4.800000190734863,5.949999809265137,33.43333435058594,19887.166015625,559.8285714285714,0.993071436882019,26.363094329833984,408.22857142857146,1671.3271484375,1595.3714599609375,1.1156904697418213,945.7428571428571,1,570,1,1,0,34,2,
0,,0.0,32767.0,183.12499999999986,15488.1669921875,35.28333282470703,9.149999618530273,16468.8828125,21.133333206176758,4.599999904632568,5.75,34.21666717529297,20235.166015625,608.8857142857142,0.9746666550636292,26.26392936706543,403.3142857142857,1674.4263916015625,1508.5999755859375,1.089976191520691,944.3714285714286,3,570,1,1,0,31,2,
0,,0.0,32767.0,176.55319148936158,16569.666015625,33.36666488647461,8.833333015441895,18926.283203125,26.883333206176758,5.400000095367432,5.900000095367432,41.18333435058594,20321.0,727.8285714285714,0.935619056224823,25.9132137298584,329.9428571428571,1680.1820068359375,1616.6856689453125,1.0448095798492432,1011.6571428571428,1,570,1,1,0,34,2,
0,69.0,0.01824401319026947,32767.0,169.72093023255806,16406.666015625,31.0222225189209,10.54444408416748,18861.93359375,27.97222137451172,5.300000190734863,5.366666793823242,37.511112213134766,29336.5,970.2571428571429,0.9085714221000671,25.551666259765625,255.22857142857143,1706.9556884765625,1826.05712890625,1.0139999389648438,1080.3142857142857,0,570,1,1,0,21,34,28
0,171.0,0.20638540387153625,32767.0,165.64516129032256,18303.333984375,28.683332443237305,13.083333015441895,19890.466796875,24.08333396911621,5.300000190734863,5.199999809265137,37.91666793823242,31970.0,1170.0,0.9202619194984436,25.807262420654297,230.02857142857144,1700.268798828125,1823.1142578125,1.0014286041259766,1103.2,0,570,1,1,0,41,6,68
0,106.0,0.10376282781362534,32767.0,165.64516129032256,13813.0,33.16666793823242,11.683333396911621,18508.68359375,25.03333282470703,5.5,5.300000190734863,37.150001525878906,31015.5,1179.8285714285714,0.8880237936973572,25.483928680419922,210.17142857142858,1692.0557861328125,1838.7142333984375,0.955047607421875,1109.2857142857142,1,570,1,1,0,21,13,42
0,,0.0,32767.0,256.48148148148135,,,,,,,,,,2932.2285714285713,0.6534285545349121,26.3223819732666,189.22857142857143,1873.3994140625,2343.257080078125,-1.4017380475997925,1246.0285714285715,0,,1,0,1,31,12,
0,,0.0,32767.0,256.71428571428567,,,,,,,,,,2932.542857142857,0.6572380661964417,26.342023849487305,191.94285714285715,1873.6258544921875,2319.0,-1.471404790878296,1245.5428571428572,0,,1,0,1,34,5,
0,275.0,0.8187001347541809,1282.0,246.622222222222,14898.0,30.649999618530273,7.016666889190674,17728.5,24.799999237060547,4.800000190734863,4.599999904632568,26.41666603088379,21541.0,1598.4285714285713,0.9885238409042358,26.37738037109375,213.57142857142858,1715.905029296875,2050.1142578125,1.1923333406448364,1174.8,1,464,1,1,0,21,4,125
0,180.47961941193898,0.4104903042316437,1851.0,246.622222222222,15325.3330078125,33.53333282470703,11.033333778381348,16882.80078125,24.41666603088379,5.5,4.599999904632568,21.28333282470703,23341.333984375,1430.142857142857,1.0099047422409058,26.459880828857422,221.28571428571428,1734.99853515625,2055.0,1.1875475645065308,1181.6,0,466,1,1,0,31,1,72
0,136.0,0.5667046904563904,1651.0,244.25531914893594,16481.833984375,28.483333587646484,3.799999952316284,17448.1171875,21.733333587646484,4.5,5.116666793823242,35.70000076293945,23935.0,1153.3428571428572,0.9793094992637634,26.28583335876465,235.82857142857142,1749.388671875,2025.0,1.193761944770813,1168.2857142857142,1,466,1,0,0,42,2,73
0,183.0,0.05017103627324104,7533.0,241.1428571428569,18273.166015625,31.58333396911621,9.866666793823242,16645.166015625,22.350000381469727,4.5,4.800000190734863,22.66666603088379,22009.666015625,1020.6857142857143,0.9822142720222473,26.33226203918457,265.1714285714286,1801.5888671875,1992.82861328125,1.1818095445632935,1170.1714285714286,4,466,1,1,0,31,3,73
0,205.0,0.4310148358345032,14155.0,236.14583333333312,16582.333984375,32.766666412353516,13.533333778381348,22319.900390625,31.399999618530273,6.099999904632568,4.849999904632568,26.483333587646484,34800.33203125,833.0857142857143,0.9815238118171692,26.161190032958984,267.7142857142857,1728.8067626953125,1927.94287109375,1.119238018989563,1125.7428571428572,0,570,1,1,0,21,2,82
0,147.0,0.049030788242816925,14616.0,229.9591836734692,14369.0,31.316667556762695,12.583333015441895,18464.93359375,28.133333206176758,6.0,4.800000190734863,25.483333587646484,26631.166015625,768.2,0.9918095469474792,26.275238037109375,267.2857142857143,1728.4595947265625,1940.3428955078125,1.1283094882965088,1127.2285714285715,1,570,1,1,0,31,10,58
0,138.0,0.5085518956184387,26583.0,222.20408163265296,17248.833984375,30.377777099609375,11.144444465637207,21482.80078125,28.58333396911621,6.0333333015441895,4.800000190734863,33.666664123535156,30733.333984375,637.1428571428571,0.9548095464706421,25.764047622680664,295.7142857142857,1761.7310791015625,1879.0,1.1390951871871948,1098.8285714285714,0,570,1,1,0,31,3,52
0,131.0,0.27480044960975647,27332.0,214.99999999999991,18258.666015625,32.349998474121094,11.816666603088379,20113.81640625,25.83333396911621,5.099999904632568,5.0,31.0,29016.833984375,637.1428571428571,0.9548095464706421,25.764047622680664,295.7142857142857,1761.7310791015625,1879.0,1.1390951871871948,1098.8285714285714,0,570,1,1,0,21,6,52
0,,0.0,28556.0,208.204081632653,17949.333984375,27.46666717529297,8.166666984558105,13381.2001953125,19.33333396911621,3.9000000953674316,5.5,46.08333206176758,17023.833984375,508.9428571428571,1.0921190977096558,27.236309051513672,394.9142857142857,1672.34765625,1674.085693359375,1.1989047527313232,995.5714285714286,1,570,1,1,0,34,2,
0,,0.0,32767.0,201.30612244897952,19117.0,31.183332443237305,9.383333206176758,14887.31640625,19.899999618530273,3.9000000953674316,5.650000095367432,38.400001525878906,17273.166015625,507.37142857142857,1.0915952920913696,27.29059600830078,397.0857142857143,1675.53564453125,1641.857177734375,1.2051191329956055,990.9714285714285,3,570,1,1,0,34,3,
0,,0.0,32767.0,192.08163265306112,19385.166015625,27.066667556762695,10.333333015441895,14908.349609375,23.200000762939453,4.800000190734863,5.583333492279053,44.88333511352539,21028.833984375,503.8285714285714,1.0115000009536743,26.45035743713379,324.0857142857143,1724.826416015625,1766.17138671875,1.0777143239974976,1058.0,3,570,1,1,0,34,3,
0,,0.0,32767.0,187.40816326530603,20164.666015625,24.516666412353516,9.800000190734863,14663.466796875,22.46666717529297,4.199999809265137,5.599999904632568,41.58333206176758,20452.0,532.5714285714286,1.01797616481781,26.561309814453125,328.2,1706.787353515625,1770.800048828125,1.0861667394638062,1046.0,1,570,1,1,0,34,2,
0,,0.0,32767.0,182.73469387755094,16477.0,31.58333396911621,12.283333778381348,16602.767578125,23.53333282470703,5.199999809265137,5.849999904632568,35.91666793823242,24598.666015625,510.9428571428571,1.0914762020111084,27.359642028808594,429.8,1692.3994140625,1652.085693359375,1.0373095273971558,962.2,0,570,1,1,0,31,2,
0,,0.0,32767.0,177.87755102040805,17909.0,26.133333206176758,10.883333206176758,16101.533203125,22.41666603088379,4.599999904632568,5.550000190734863,36.29999923706055,17719.333984375,648.4,0.9836666584014893,26.350000381469727,345.0285714285714,1662.5284423828125,1721.199951171875,1.1144286394119263,998.2285714285714,0,570,1,1,0,31,2,
0,,0.0,32767.0,173.0204081632652,17717.833984375,29.183332443237305,8.283333778381348,15175.466796875,23.100000381469727,4.900000095367432,5.7166666984558105,40.349998474121094,21407.666015625,648.4,0.9836666584014893,26.350000381469727,345.0285714285714,1662.5284423828125,1721.199951171875,1.1144286394119263,998.2285714285714,1,570,1,1,0,34,2,
0,,0.0,32767.0,168.18367346938763,17387.333984375,32.650001525878906,7.7833333015441895,17059.333984375,22.516666412353516,5.099999904632568,5.699999809265137,41.79999923706055,21856.0,804.4571428571429,0.9900952577590942,26.51892852783203,316.6857142857143,1695.949462890625,1615.2572021484375,1.1449047327041626,1048.7142857142858,6,570,1,1,0,31,3,
1,129.0,0.0,32767.0,161.22857142857143,15006.5,31.91666603088379,8.516666412353516,17629.916015625,22.433332443237305,5.300000190734863,5.800000190734863,37.13333511352539,27474.0,980.1142857142858,1.0230952501296997,27.097381591796875,370.6,1685.048583984375,1557.7427978515625,1.1682380437850952,996.4,0,570,1,1,0,21,8,51
0,115.0,0.26795893907546997,32767.0,161.22857142857143,12334.1669921875,35.483333587646484,9.066666603088379,17481.43359375,24.700000762939453,5.400000095367432,5.083333492279053,38.86666488647461,28647.0,1157.9714285714285,0.9333571195602417,26.169166564941406,274.34285714285716,1701.70703125,1731.857177734375,1.0536428689956665,1069.9142857142858,0,570,1,1,0,31,2,56
0,,0.0,32767.0,256.71428571428567,,,,,,,,,,2932.542857142857,0.6572380661964417,26.342023849487305,191.94285714285715,1873.6258544921875,2319.0,-1.471404790878296,1245.5428571428572,0,,1,0,1,24,4,
0,86.0,0.8415051102638245,1143.0,283.4999999999999,16463.5,32.46666717529297,5.849999904632568,21342.6171875,30.350000381469727,6.300000190734863,4.5,40.46666717529297,38176.83203125,1472.7142857142858,0.7681428790092468,23.97869110107422,69.97142857142858,1590.8643798828125,2952.771484375,0.7892142534255981,1177.857142857143,0,490,1,1,0,31,29,44
0,125.0,0.7742303013801575,1346.0,286.4999999999998,12572.6669921875,33.900001525878906,5.099999904632568,24418.283203125,29.08333396911621,5.5,4.483333110809326,39.71666717529297,27836.833984375,1483.8,0.8092142939567566,24.71845245361328,72.97142857142858,1594.083984375,2928.71435546875,0.9100238084793091,1194.4857142857143,0,464,1,1,0,21,7,70
0,303.0,0.932725191116333,1082.0,276.7666666666665,16998.0,43.29999923706055,6.199999809265137,19504.69921875,28.96666717529297,5.199999809265137,4.25,29.41666603088379,22198.0,2176.3142857142857,0.8528333306312561,24.917261123657227,102.45714285714286,1674.194580078125,2630.028564453125,1.1485952138900757,1224.6571428571428,0,464,1,1,0,21,26,168
0,,0.007981755770742893,1998.0,245.76086956521718,17412.666015625,28.08333396911621,9.25,17955.900390625,21.83333396911621,4.900000095367432,5.183333396911621,32.13333511352539,23082.0,1807.3428571428572,0.9663095474243164,26.293094635009766,194.97142857142856,1786.24365234375,2158.742919921875,1.1465238332748413,1226.6,3,466,1,0,0,42,5,
0,43.0,0.1482326090335846,2799.0,246.622222222222,17828.0,28.83333396911621,8.483333587646484,16487.666015625,25.28333282470703,5.300000190734863,4.900000095367432,24.616666793823242,22974.333984375,1430.142857142857,1.0099047422409058,26.459880828857422,221.28571428571428,1734.99853515625,2055.0,1.1875475645065308,1181.6,10,464,1,1,0,31,5,20
0,162.0,0.15849487483501434,4253.0,239.93749999999983,15070.6669921875,26.28333282470703,7.150000095367432,16118.31640625,20.733333587646484,4.199999809265137,5.199999809265137,39.71666717529297,21041.833984375,1472.142857142857,1.024404764175415,26.585119247436523,229.28571428571428,1740.9736328125,2027.028564453125,1.1747380495071411,1176.942857142857,0,466,1,1,0,21,33,89
0,147.0,0.2576966881752014,16541.0,231.85714285714278,15842.6669921875,29.649999618530273,9.833333015441895,18111.93359375,25.266666412353516,4.900000095367432,5.0,32.483333587646484,23288.0,1073.857142857143,1.0444761514663696,26.67868995666504,266.0,1681.80859375,1945.7427978515625,1.2499761581420898,1108.5714285714287,1,570,1,1,0,21,35,58
0,154.0,0.4241733253002167,21961.0,231.85714285714278,16957.5,37.13333511352539,9.283333778381348,20542.56640625,28.299999237060547,5.400000095367432,4.900000095367432,31.133333206176758,27894.833984375,889.0571428571428,1.0445952415466309,26.707618713378906,290.8857142857143,1688.7413330078125,1886.8857421875,1.2529523372650146,1087.857142857143,0,570,1,1,0,21,35,73
0,,0.0,25080.0,228.5306122448978,17414.166015625,23.899999618530273,7.650000095367432,14543.599609375,21.233333587646484,3.5999999046325684,5.400000095367432,43.650001525878906,18897.833984375,692.4,1.0687142610549927,27.010475158691406,316.74285714285713,1690.281005859375,1833.5999755859375,1.1765952110290527,1075.9714285714285,2,570,1,1,0,34,2,
0,,0.0,32767.0,221.08163265306118,20441.166015625,24.383333206176758,11.766666412353516,13720.2001953125,20.516666412353516,4.599999904632568,5.550000190734863,50.45000076293945,17762.166015625,613.4571428571429,1.1033570766448975,27.277143478393555,367.8,1666.4276123046875,1696.2572021484375,1.2464286088943481,1017.3142857142857,0,570,1,1,0,34,2,
0,101.0,0.3158494830131531,32767.0,214.7959183673469,17157.5,30.41666603088379,15.533333778381348,20532.1328125,26.450000762939453,4.900000095367432,5.050000190734863,31.25,25894.166015625,631.1428571428571,1.0710952281951904,26.950000762939453,327.0285714285714,1700.4981689453125,1812.8857421875,1.191261887550354,1069.0857142857142,0,570,1,1,0,11,2,40
0,,0.0,32767.0,208.32653061224485,15528.5,29.133333206176758,6.166666507720947,13248.8330078125,20.133333206176758,4.300000190734863,5.650000095367432,39.04999923706055,15905.6669921875,559.6285714285714,1.086214303970337,27.252023696899414,364.74285714285713,1698.9031982421875,1705.94287109375,1.2368810176849365,1031.2285714285715,2,570,1,1,0,34,2,
0,,0.0,32767.0,200.65306122448973,18274.666015625,30.483333587646484,5.983333110809326,12635.0,20.21666717529297,4.099999904632568,5.599999904632568,41.04999923706055,15660.1669921875,504.8285714285714,1.09416663646698,27.33392906188965,399.62857142857143,1696.4840087890625,1581.971435546875,1.2727619409561157,996.3428571428572,3,570,1,1,0,24,10,
0,,0.0,32767.0,193.18367346938766,16699.333984375,27.922222137451172,5.288888931274414,14255.7275390625,21.177778244018555,4.266666412353516,5.52222204208374,42.81666946411133,19679.611328125,463.22857142857146,1.1273332834243774,27.51333236694336,464.48571428571427,1672.6190185546875,1593.4571533203125,1.1868571043014526,922.6285714285714,6,570,1,1,0,34,24,
0,,0.0,32767.0,186.83673469387747,24964.666015625,33.58333206176758,7.683333396911621,16941.31640625,24.350000381469727,4.599999904632568,5.699999809265137,38.81666564941406,23327.333984375,436.1714285714286,1.1203571557998657,27.534643173217773,467.0285714285714,1679.114013671875,1574.971435546875,1.108047604560852,921.4857142857143,5,570,1,1,0,34,2,
0,,0.0,32767.0,181.9795918367346,20547.5,30.21666717529297,11.633333206176758,14635.4501953125,22.0,4.199999809265137,5.699999809265137,37.43333435058594,21273.0,523.7428571428571,1.104261875152588,27.408214569091797,438.48571428571427,1675.604736328125,1621.142822265625,1.1217857599258423,941.8571428571429,4,570,1,1,0,34,2,
0,,0.0,32767.0,177.12244897959175,17815.0,28.683332443237305,8.5,12504.849609375,22.266666412353516,4.599999904632568,5.699999809265137,41.53333282470703,19080.666015625,532.4857142857143,1.0917619466781616,27.301427841186523,409.3142857142857,1674.4527587890625,1671.142822265625,1.1533571481704712,967.4285714285714,1,570,1,1,0,34,2,
0,,0.0,32767.0,172.26530612244886,15498.6669921875,26.28333282470703,9.483333587646484,17995.80078125,21.483333587646484,4.300000190734863,5.800000190734863,44.28333282470703,22458.166015625,637.1714285714286,1.069095253944397,27.18214225769043,373.34285714285716,1685.846435546875,1621.7427978515625,1.1302142143249512,1002.6857142857143,5,570,1,1,0,34,2,
0,91.0,0.14481185376644135,32767.0,167.408163265306,14248.333984375,30.238887786865234,12.59999942779541,17271.734375,25.155555725097656,5.133333206176758,4.994444370269775,36.527774810791016,24783.27734375,736.4285714285714,0.9700475931167603,26.258689880371094,302.6,1709.2156982421875,1780.82861328125,1.0913809537887573,1059.1142857142856,0,570,1,1,0,21,30,39
0,150.0,0.009122006595134735,32767.0,163.6938775510203,11978.1669921875,28.266666412353516,11.133333206176758,16881.5,23.133333206176758,5.0,5.099999904632568,45.0,20006.833984375,791.4285714285714,1.0200952291488647,26.965476989746094,320.48571428571427,1704.6956787109375,1721.4285888671875,1.1436190605163574,1057.0285714285715,0,570,1,1,0,31,33,65
0,112.0,0.1345496028661728,32767.0,160.97872340425522,14526.0,36.33333206176758,12.050000190734863,19676.267578125,27.066667556762695,6.0,5.0,34.25,30035.5,1029.8,0.9230476021766663,25.76226234436035,256.0285714285714,1738.527099609375,1802.5428466796875,1.090666651725769,1100.8285714285714,0,570,1,1,0,21,35,44
0,,0.0,32767.0,160.97674418604646,17644.5,32.71666717529297,13.983333587646484,19583.099609375,27.100000381469727,4.800000190734863,5.5,44.54999923706055,31716.5,1146.5714285714287,0.9005714058876038,25.572500228881836,257.0571428571429,1695.289794921875,1820.05712890625,1.110547661781311,1067.857142857143,0,570,1,1,0,21,6,
0,150.0,0.7947548627853394,32767.0,161.22857142857143,13631.111328125,31.966665267944336,12.061110496520996,16869.26171875,22.799999237060547,4.933333396911621,4.983333110809326,37.86111068725586,23137.0,1222.3714285714286,0.9200476408004761,26.268451690673828,274.6857142857143,1712.9520263671875,1728.82861328125,1.0413333177566528,1073.0857142857142,0,570,1,1,0,31,12,76
0,147.0,0.7799316048622131,32767.0,160.96666666666664,13339.6669921875,30.83333396911621,13.016666412353516,16921.3671875,23.96666717529297,4.300000190734863,4.949999809265137,43.58333206176758,24355.333984375,1406.7142857142858,0.8915714025497437,25.521785736083984,247.68571428571428,1689.0487060546875,1798.0,1.1130238771438599,1064.2285714285715,0,570,1,1,0,31,31,67
0,135.0,0.16647662222385406,2007.0,284.8055555555554,12019.6669921875,31.78333282470703,4.766666889190674,23525.3828125,27.766666412353516,5.800000190734863,5.0,42.266666412353516,32408.333984375,1449.057142857143,0.7878333330154419,24.43833351135254,64.94285714285714,1586.673095703125,2934.3427734375,0.814380943775177,1181.8285714285714,0,464,1,1,0,31,8,62
0,345.0,0.9315849542617798,2251.0,284.8055555555554,10293.5,31.399999618530273,7.683333396911621,18409.1171875,29.316667556762695,5.5,4.699999809265137,43.150001525878906,26300.166015625,1451.6857142857143,0.786309540271759,24.443214416503906,66.11428571428571,1588.3642578125,2945.94287109375,0.8538095355033875,1182.1714285714286,0,464,1,1,0,41,21,194
0,365.0,0.8779931664466858,1134.0,287.2580645161288,12182.0,36.53333282470703,6.699999809265137,22503.6328125,28.75,5.699999809265137,4.550000190734863,38.54999923706055,26887.666015625,1496.0285714285715,0.8069523572921753,24.730358123779297,74.0,1603.3760986328125,2980.685791015625,0.9549047946929932,1202.4857142857143,0,490,1,1,0,31,11,205
0,324.0,0.9612314701080322,1038.0,273.8648648648646,14530.0,40.75,6.416666507720947,24636.083984375,31.91666603088379,5.300000190734863,4.166666507720947,30.350000381469727,32814.33203125,2155.657142857143,0.8874762058258057,25.593809127807617,104.42857142857143,1704.6097412109375,2652.39990234375,1.1790000200271606,1253.1142857142856,0,464,1,1,0,21,26,181
0,310.0,0.7776510715484619,1069.0,246.2083333333331,14912.5556640625,27.049999237060547,8.216667175292969,15763.388671875,23.161109924316406,4.833333492279053,4.516666889190674,20.94444465637207,19897.83203125,2037.3428571428572,0.9761428833007812,26.43833351135254,208.94285714285715,1783.6146240234375,2089.028564453125,1.194761872291565,1206.6571428571428,0,570,1,0,0,42,26,135
0,278.0,0.0057012541219592094,1813.0,242.2244897959182,14680.5,30.505556106567383,8.066666603088379,16154.294921875,22.322221755981445,4.933333396911621,4.849999904632568,23.955554962158203,16805.9453125,1819.0857142857142,0.9819285869598389,26.455595016479492,205.62857142857143,1764.768310546875,2083.571533203125,1.1753095388412476,1199.5428571428572,2,570,1,0,0,42,16,117
0,247.0,0.23945267498493195,3182.0,238.81632653061212,14376.888671875,25.261112213134766,8.566666603088379,14910.2548828125,20.288888931274414,4.300000190734863,5.0833330154418945,39.80555725097656,17988.888671875,1707.5714285714287,1.0084285736083984,26.60976219177246,209.31428571428572,1703.273681640625,2050.0,1.2140476703643799,1167.8857142857144,1,570,1,0,0,21,6,132
0,,0.0,3615.0,239.93749999999983,20378.22265625,24.866666793823242,6.5333333015441895,14037.4443359375,21.133333206176758,4.699999809265137,5.300000190734863,43.21666717529297,14555.111328125,1519.6,1.0431666374206543,26.7596435546875,226.8,1697.6380615234375,2017.142822265625,1.2212142944335938,1156.5714285714287,4,570,1,0,0,34,35,
0,,0.0,22911.0,231.85714285714278,17184.0,26.600000381469727,6.883333206176758,14908.4169921875,20.700000762939453,4.400000095367432,5.150000095367432,41.349998474121094,19026.666015625,1037.6857142857143,1.0548571348190308,26.846189498901367,269.42857142857144,1692.663330078125,1909.6285400390625,1.2480000257492065,1114.0857142857142,5,570,1,1,0,31,3,
0,107.0,0.26567843556404114,32546.0,226.26530612244895,13760.0,23.066667556762695,5.183333396911621,14857.466796875,19.633333206176758,4.199999809265137,5.400000095367432,46.233333587646484,17897.333984375,808.3142857142857,1.1028571128845215,27.273096084594727,339.9142857142857,1669.4136962890625,1766.3428955078125,1.2742856740951538,1043.4857142857143,0,570,1,1,0,21,6,46
0,117.0,0.2428734302520752,32767.0,221.20408163265304,20124.333984375,22.21666717529297,8.883333206176758,19341.06640625,21.233333587646484,5.199999809265137,5.150000095367432,49.70000076293945,32494.333984375,702.5428571428571,1.0965476036071777,27.276071548461914,331.25714285714287,1686.8046875,1793.0,1.253857135772705,1060.0857142857142,0,570,1,1,0,24,1,44
0,,0.0,32767.0,193.18367346938766,15712.8330078125,28.71666717529297,11.383333206176758,16751.833984375,23.316667556762695,4.699999809265137,5.599999904632568,36.5,23451.333984375,532.0,1.1139285564422607,27.405357360839844,386.8857142857143,1680.583740234375,1667.199951171875,1.1970714330673218,1001.3428571428572,5,570,1,1,0,31,2,
0,,0.0,32767.0,185.44897959183666,20965.0,28.733333587646484,9.116666793823242,14394.1669921875,20.733333587646484,4.300000190734863,5.699999809265137,44.70000076293945,18690.333984375,510.0285714285714,1.132452368736267,27.567380905151367,429.45714285714286,1679.79541015625,1698.142822265625,1.219595193862915,963.1142857142858,1,570,1,1,0,34,2,
0,,0.0,32767.0,185.44897959183666,19277.0,28.33333396911621,6.633333206176758,15309.849609375,21.78333282470703,4.300000190734863,5.699999809265137,42.66666793823242,17631.833984375,521.9714285714285,1.1336666345596313,27.62690544128418,439.9428571428571,1678.3402099609375,1685.5714111328125,1.1950476169586182,947.7714285714286,2,570,1,0,0,34,2,
0,,0.0,32767.0,179.77551020408157,21439.666015625,25.316667556762695,8.516666412353516,15469.466796875,21.75,5.099999904632568,5.400000095367432,36.150001525878906,15456.3330078125,517.5428571428571,1.1344523429870605,27.633928298950195,442.74285714285713,1681.2510986328125,1668.8857421875,1.1825238466262817,948.6,4,570,1,1,0,34,3,
0,,0.0,32767.0,174.91836734693868,14990.3330078125,26.683332443237305,15.033333778381348,17204.033203125,23.399999618530273,4.699999809265137,5.599999904632568,41.58333206176758,25758.333984375,551.8571428571429,1.1072618961334229,27.460357666015625,449.65714285714284,1673.8162841796875,1589.228515625,1.1849048137664795,931.1142857142858,8,570,1,1,0,31,2,
0,,0.0,32767.0,170.06122448979582,17094.333984375,30.58333396911621,7.650000095367432,15563.3662109375,21.766666412353516,4.400000095367432,5.699999809265137,45.31666564941406,23098.333984375,605.1714285714286,1.1100952625274658,27.523094177246094,446.9714285714286,1690.573974609375,1594.199951171875,1.166595220565796,944.5428571428571,1,570,1,1,0,41,2,
0,,0.0,32767.0,164.95918367346928,15898.6669921875,29.799999237060547,9.5,15417.1337890625,21.03333282470703,4.5,5.699999809265137,38.16666793823242,18078.333984375,675.6,1.0533809661865234,27.023096084594727,363.54285714285714,1689.7044677734375,1636.199951171875,1.1307618618011475,1012.1714285714286,1,570,1,1,0,34,2,
0,155.0,0.019384264945983887,32767.0,163.6938775510203,15615.6669921875,29.483333587646484,10.69444465637207,16086.283203125,21.33333396911621,4.699999809265137,5.5,39.405555725097656,22097.0,805.0,1.0334999561309814,27.075475692749023,325.48571428571427,1687.7442626953125,1685.8857421875,1.163285732269287,1044.8857142857144,0,570,1,1,0,31,12,59
0,96.0,0.15735462307929993,32767.0,160.97916666666654,16225.0,25.0,10.600000381469727,17660.533203125,22.633333206176758,4.599999904632568,5.25,46.81666564941406,22307.0,928.7142857142857,0.9120000004768372,25.68559455871582,275.9714285714286,1720.415283203125,1825.2572021484375,1.1671428680419922,1063.0,0,570,1,1,0,41,9,51
0,122.0,0.03876852989196777,32767.0,160.97727272727266,14065.388671875,29.71666717529297,17.700000762939453,19378.7890625,26.316667556762695,5.366666793823242,5.199999809265137,40.622222900390625,32182.611328125,1064.4857142857143,1.0259761810302734,27.043094635009766,334.2857142857143,1677.3609619140625,1595.2572021484375,1.3312618732452393,1021.4857142857143,0,570,1,1,0,21,2,49
0,148.9463913550428,0.12086658924818039,32767.0,160.97368421052633,14468.8330078125,33.04999923706055,15.949999809265137,19796.916015625,26.649999618530273,5.300000190734863,5.300000190734863,43.150001525878906,29773.0,1214.5714285714287,1.0511666536331177,27.29059600830078,333.0,1685.873291015625,1502.82861328125,1.3739523887634277,1034.6857142857143,0,570,1,1,0,31,10,64
0,159.0,0.5324971675872803,32767.0,160.96774193548387,14647.5,32.95000076293945,11.533333778381348,16870.466796875,24.316667556762695,4.800000190734863,5.099999904632568,38.83333206176758,29088.5,1506.2857142857142,1.0175000429153442,26.96630859375,276.1142857142857,1692.83935546875,1607.5714111328125,1.234857201576233,1082.4,0,570,1,1,0,21,6,79
0,229.0,0.7092360258102417,1161.0,286.5405405405403,13615.5,34.483333587646484,4.816666603088379,21149.55078125,28.21666717529297,6.099999904632568,4.400000095367432,36.54999923706055,30140.833984375,1426.857142857143,0.7749285697937012,24.375118255615234,63.857142857142854,1579.97314453125,2980.6572265625,0.8292618989944458,1178.6571428571428,0,464,1,1,0,41,32,129
0,197.0,0.8848346471786499,1115.0,287.0833333333332,11873.6669921875,34.81666564941406,7.25,26452.466796875,33.650001525878906,6.699999809265137,4.400000095367432,37.58333206176758,49100.0,1485.4571428571428,0.7631666660308838,24.42273712158203,65.51428571428572,1553.3555908203125,2871.94287109375,1.1234761476516724,1160.1142857142856,0,464,1,0,0,21,11,110
0,270.0,0.9361459612846375,1055.0,271.08571428571406,17682.888671875,37.32222366333008,8.783332824707031,18654.40625,24.69444465637207,4.599999904632568,4.361111164093018,26.816667556762695,24516.77734375,2035.4571428571428,0.9106666445732117,26.07369041442871,99.6,1739.7242431640625,2627.199951171875,1.1648571491241455,1277.4571428571428,0,466,1,1,0,41,26,150
0,255.14709510922467,0.8677309155464172,1119.0,272.2499999999998,14616.5,40.516666412353516,9.916666984558105,23287.94921875,28.183332443237305,4.900000095367432,4.400000095367432,30.350000381469727,20495.0,2379.942857142857,0.8790714144706726,25.2886905670166,115.68571428571428,1692.798095703125,2535.71435546875,1.1335952281951904,1219.3714285714286,0,464,1,1,0,31,24,142
0,210.0,0.7366020679473877,4514.0,249.42857142857116,15306.0,29.816667556762695,11.016666412353516,17747.80078125,24.399999618530273,4.699999809265137,4.5,27.75,20405.333984375,2133.7428571428572,0.9896667003631592,26.600357055664062,190.68571428571428,1768.0528564453125,2165.742919921875,1.1472142934799194,1218.0857142857142,2,570,1,0,0,11,16,86
0,182.0,0.33979475498199463,1493.0,243.53061224489772,15503.3330078125,30.299999237060547,6.816666603088379,15944.25,22.450000762939453,3.9000000953674316,4.599999904632568,27.96666717529297,19446.333984375,2075.0,0.9916428923606873,26.614643096923828,188.11428571428573,1754.5697021484375,2146.571533203125,1.1363095045089722,1214.057142857143,1,570,1,0,0,21,31,71
1,201.0,0.19498290121555328,4939.0,234.87755102040796,15921.3330078125,21.58333396911621,7.0,15023.8330078125,21.16666603088379,4.699999809265137,5.0,42.96666717529297,21114.0,1764.8857142857144,1.0669523477554321,27.122737884521484,233.0857142857143,1662.8919677734375,1976.4857177734375,1.2564761638641357,1136.3714285714286,0,570,1,1,0,21,11,77
0,188.0,0.1151653379201889,6452.0,234.87755102040796,20533.0,19.03333282470703,7.5,16737.69921875,20.5,4.900000095367432,5.099999904632568,51.46666717529297,25539.333984375,1764.8857142857144,1.0669523477554321,27.122737884521484,233.0857142857143,1662.8919677734375,1976.4857177734375,1.2564761638641357,1136.3714285714286,0,570,1,1,0,21,6,73
0,101.0,0.0011402508243918419,21609.0,231.09523809530498,20316.22265625,24.505556106567383,8.122221946716309,21274.478515625,20.299999237060547,3.7333333492279053,5.355555534362793,52.122222900390625,24357.77734375,1321.5428571428572,1.1200714111328125,27.34881019592285,294.45714285714286,1638.028564453125,1857.8857421875,1.3792142868041992,1073.4571428571428,3,570,1,0,0,34,6,39
0,,0.0,32767.0,224.14285714285703,18172.111328125,24.538888931274414,6.52222204208374,12164.56640625,19.933332443237305,4.433333396911621,5.633333206176758,51.38888931274414,15501.833984375,810.2571428571429,1.1299047470092773,27.45142936706543,359.34285714285716,1652.6593017578125,1733.7142333984375,1.3664286136627197,1017.8857142857142,5,570,1,0,0,34,3,
1,96.0,0.0,32767.0,219.73469387755094,17258.5,20.233333587646484,4.300000190734863,16717.31640625,20.350000381469727,4.300000190734863,5.183333396911621,49.06666564941406,21072.0,723.4857142857143,1.1270476579666138,27.467498779296875,361.8285714285714,1657.8250732421875,1702.5428466796875,1.3433095216751099,1018.2285714285714,0,570,1,0,0,24,13,35
0,,0.0,32767.0,209.63265306122446,22616.833984375,28.633333206176758,10.066666603088379,15162.4501953125,24.0,4.800000190734863,5.566666603088379,42.06666564941406,30718.0,696.2285714285714,1.1194761991500854,27.41428565979004,354.51428571428573,1696.5560302734375,1748.4285888671875,1.2552857398986816,1048.2,2,570,1,1,0,34,2,
0,,0.0,32767.0,184.2653061224489,16250.0,29.616666793823242,6.483333110809326,15131.3662109375,21.75,4.5,5.800000190734863,48.150001525878906,18438.666015625,619.5142857142857,1.1309285163879395,27.65595245361328,416.57142857142856,1669.62353515625,1613.5428466796875,1.2472143173217773,961.8285714285714,13,570,1,1,0,34,3,
0,,0.0,32767.0,167.7346938775509,22548.333984375,27.316667556762695,10.466666221618652,14835.599609375,23.149999618530273,4.699999809265137,5.650000095367432,46.29999923706055,20991.0,683.2571428571429,1.1268810033798218,27.604286193847656,430.2,1663.4317626953125,1671.228515625,1.2227143049240112,944.5142857142857,3,570,1,1,0,34,2,
0,,0.0,32767.0,167.7346938775509,20529.5,27.58333396911621,10.333333015441895,17231.232421875,22.633333206176758,4.800000190734863,5.699999809265137,45.96666717529297,19156.333984375,683.2571428571429,1.1268810033798218,27.604286193847656,430.2,1663.4317626953125,1671.228515625,1.2227143049240112,944.5142857142857,1,570,1,1,0,41,2,
0,96.0,0.42075255513191223,32767.0,161.0,13986.5,29.41666603088379,15.949999809265137,19486.166015625,24.21666717529297,5.0,5.183333396911621,42.83333206176758,25822.666015625,925.8857142857142,0.947357177734375,26.037857055664062,292.0285714285714,1712.7269287109375,1818.5999755859375,1.2248570919036865,1055.3428571428572,1,570,1,1,0,41,25,39
0,137.0,0.3192702531814575,32767.0,161.0,16087.5,28.100000381469727,16.5,17797.80078125,24.183332443237305,4.900000095367432,5.199999809265137,43.75,29456.5,925.8857142857142,0.947357177734375,26.037857055664062,292.0285714285714,1712.7269287109375,1818.5999755859375,1.2248570919036865,1055.3428571428572,0,570,1,1,0,31,26,60
0,,0.05359179154038429,32767.0,160.97872340425522,16367.0,28.100000381469727,6.7166666984558105,16422.349609375,19.899999618530273,4.699999809265137,5.800000190734863,44.66666793823242,22920.0,930.8,1.0898571014404297,27.51952362060547,409.22857142857146,1677.982666015625,1537.857177734375,1.3178809881210327,962.5428571428571,1,570,1,1,0,34,2,
0,148.0,0.10490307956933975,32767.0,160.97674418604646,13613.6669921875,32.11666488647461,14.350000381469727,17577.56640625,24.549999237060547,5.300000190734863,5.300000190734863,42.150001525878906,29893.666015625,1159.1142857142856,0.9964285492897034,26.585119247436523,293.1714285714286,1692.99072265625,1686.94287109375,1.2442142963409424,1056.057142857143,0,570,1,1,0,21,31,56
0,,0.0,32767.0,160.97297297297297,14981.0,30.366666793823242,7.949999809265137,12996.0830078125,20.66666603088379,3.9000000953674316,5.5,33.88333511352539,16609.833984375,1275.5428571428572,1.09759521484375,27.614166259765625,367.34285714285716,1687.248046875,1629.4857177734375,1.3261666297912598,1013.0,1,570,1,1,0,24,6,
0,,0.0,32767.0,160.96666666666664,17641.833984375,27.21666717529297,7.833333492279053,14861.93359375,20.983333587646484,4.300000190734863,5.75,46.766666412353516,18215.166015625,1460.4285714285713,1.0991904735565186,27.727619171142578,372.3142857142857,1707.27587890625,1510.6571044921875,1.340166687965393,1020.8857142857142,1,570,1,1,0,34,25,
0,,0.0,32767.0,245.96153846153845,,,,,,,,,,3087.114285714286,0.6933571696281433,26.394046783447266,179.6,1849.5455322265625,2680.6572265625,-1.2513095140457153,1259.4857142857143,0,611,1,0,1,24,5,
0,400.0,0.8335233926773071,1043.0,288.75609756097543,15645.6669921875,39.733333587646484,8.066666603088379,19282.93359375,26.66666603088379,4.699999809265137,4.199999809265137,29.649999618530273,23795.0,1470.0285714285715,0.7990714311599731,25.162261962890625,71.05714285714286,1599.9554443359375,2838.0,1.2504523992538452,1193.6285714285714,0,466,1,1,0,21,34,224
0,79.0,0.9418472051620483,1027.0,278.736842105263,15057.6669921875,40.266666412353516,8.683333396911621,27820.55078125,33.31666564941406,5.900000095367432,4.5,32.68333435058594,40220.0,1499.0285714285715,0.8071428537368774,25.401309967041016,81.65714285714286,1654.1512451171875,2892.771484375,1.388880968093872,1216.3428571428572,0,466,1,1,0,21,21,44
0,251.0,0.8346636295318604,1105.0,275.65789473684197,15867.0,41.38333511352539,7.883333206176758,24615.69921875,30.71666717529297,5.400000095367432,4.25,30.53333282470703,48307.5,1499.0285714285715,0.8071428537368774,25.401309967041016,81.65714285714286,1654.1512451171875,2892.771484375,1.388880968093872,1216.3428571428572,0,466,1,1,0,21,21,140
0,203.0,0.8574686646461487,1244.0,270.3023255813951,15131.0,36.150001525878906,9.183333396911621,17935.232421875,23.316667556762695,4.400000095367432,4.366666793823242,24.899999618530273,21128.666015625,2225.2285714285713,0.9313095211982727,26.263334274291992,117.0,1741.4326171875,2540.142822265625,1.1716904640197754,1264.8285714285714,0,466,1,1,0,31,1,112
0,125.0,0.5952109694480896,1063.0,260.16326530612224,13998.3330078125,37.78333282470703,11.050000190734863,17540.0,25.41666603088379,5.0,4.849999904632568,29.049999237060547,24699.666015625,2368.3142857142857,0.9661904573440552,26.40785789489746,175.6,1741.750732421875,2272.628662109375,1.208571434020996,1217.9142857142858,1,570,1,0,0,31,10,69
0,,0.026225769892334938,1553.0,254.57142857142836,14781.6669921875,35.33333206176758,4.849999904632568,19375.75,26.233333587646484,5.300000190734863,5.400000095367432,37.41666793823242,29132.166015625,2261.542857142857,0.8932142853736877,25.16452407836914,167.05714285714285,1688.1632080078125,2231.1142578125,1.2047381401062012,1158.4857142857143,0,570,1,0,0,31,19,
0,138.0,0.08551881462335587,1762.0,247.69387755102017,16330.3330078125,29.316667556762695,6.066666603088379,19504.0,22.25,5.0,5.2166666984558105,41.93333435058594,21678.333984375,2159.542857142857,0.981166660785675,26.488096237182617,180.54285714285714,1685.2337646484375,2223.742919921875,1.2105952501296997,1182.142857142857,0,570,1,0,0,31,2,61
0,146.99047193772992,0.38996580243110657,1814.0,241.38775510204056,18256.333984375,28.5,5.883333206176758,19117.6328125,24.566667556762695,4.900000095367432,5.25,36.93333435058594,24731.0,2071.9714285714285,1.0130952596664429,26.773452758789062,188.25714285714287,1710.3079833984375,2133.6572265625,1.2313095331192017,1195.4571428571428,0,570,1,0,0,21,32,58
0,,0.0,11477.0,231.18367346938757,20324.0,25.933332443237305,7.949999809265137,16009.400390625,20.616666793823242,4.099999904632568,5.2833333015441895,45.46666717529297,17285.0,1801.2857142857142,1.076023817062378,27.22357177734375,227.82857142857142,1684.605224609375,1998.3714599609375,1.271238088607788,1155.3714285714286,3,570,1,0,0,34,5,
1,128.0,0.0,17233.0,231.18367346938757,18973.166015625,26.516666412353516,10.100000381469727,15668.0830078125,23.5,5.099999904632568,5.199999809265137,42.79999923706055,23583.0,1677.5714285714287,1.0865237712860107,27.280357360839844,244.68571428571428,1662.9683837890625,1950.6856689453125,1.2866904735565186,1128.7142857142858,0,570,1,0,0,41,23,59
0,,0.0,22283.0,227.2857142857141,19681.833984375,25.899999618530273,6.416666507720947,12932.849609375,20.566667556762695,3.9000000953674316,5.300000190734863,54.04999923706055,14139.3330078125,1454.8857142857144,1.1334999799728394,27.48130989074707,281.57142857142856,1628.5194091796875,1883.2857666015625,1.3733333349227905,1082.857142857143,9,570,1,0,0,24,2,
0,,0.0,32767.0,225.59183673469371,13990.6669921875,21.100000381469727,6.316666603088379,12879.2333984375,19.149999618530273,3.700000047683716,5.400000095367432,56.66666793823242,14563.3330078125,1226.9714285714285,1.1441667079925537,27.564167022705078,311.9714285714286,1639.35791015625,1811.771484375,1.4005237817764282,1060.3714285714286,6,570,1,0,0,24,2,
0,,0.0,32767.0,222.77551020408148,20330.111328125,22.899999618530273,8.255555152893066,13693.1220703125,22.97222328186035,4.700000286102295,5.366666793823242,56.55555725097656,18888.83203125,1054.4571428575825,1.1500952243804932,27.566110610961914,343.45714285712336,1638.2567138671875,1799.914306640625,1.4268968105316162,1029.9333333333514,6,570,1,0,0,21,2,
0,,0.0,32767.0,224.14285714285703,13709.4443359375,23.144445419311523,10.494443893432617,15604.244140625,21.394445419311523,4.433333396911621,5.583333492279053,48.227779388427734,18207.22265625,840.0285714285715,1.1404048204421997,27.531667709350586,371.9142857142857,1650.6484375,1719.1142578125,1.406833291053772,1004.6285714285714,1,570,1,0,0,34,3,
0,,0.0,32767.0,216.83673469387745,20337.333984375,22.450000762939453,10.266666412353516,17315.599609375,24.5,5.0,5.433333396911621,56.66666793823242,25542.0,845.3428571428572,1.12157142162323,27.349523544311523,350.65714285714284,1651.489013671875,1732.05712890625,1.3817143440246582,1016.6,5,570,1,1,0,34,3,
0,,0.0,32767.0,198.91836734693868,29487.833984375,28.399999618530273,6.916666507720947,18636.767578125,26.733333587646484,6.300000190734863,5.400000095367432,38.06666564941406,34563.66796875,861.1714285714286,1.12157142162323,27.535358428955078,350.2,1811.832763671875,1849.857177734375,1.2786428928375244,1115.0,1,570,1,1,0,34,5,
0,,0.0,32767.0,189.85714285714278,23382.666015625,24.516666412353516,10.0,13030.533203125,24.53333282470703,5.300000190734863,5.300000190734863,50.71666717529297,18685.333984375,728.8571428571429,1.136214256286621,27.622142791748047,380.3142857142857,1675.1065673828125,1689.142822265625,1.2909761667251587,1005.1714285714286,6,570,1,1,0,24,6,
0,,0.0,32767.0,189.85714285714278,23866.333984375,30.816667556762695,7.483333110809326,11950.31640625,23.08333396911621,4.5,5.566666603088379,42.16666793823242,23814.666015625,758.3428571428572,1.1554523706436157,27.765953063964844,404.34285714285716,1664.8668212890625,1732.4000244140625,1.2872381210327148,977.1714285714286,0,570,1,1,0,34,2,
0,,0.0,32767.0,175.8571428571428,16061.0,27.21666717529297,3.883333444595337,12785.150390625,19.683332443237305,4.300000190734863,5.566666603088379,38.79999923706055,27166.0,730.1714285714286,1.148642897605896,27.756071090698242,407.22857142857146,1662.3900146484375,1727.3143310546875,1.3114285469055176,970.6571428571428,2,570,1,1,0,34,13,
0,,0.0,32767.0,170.53061224489787,23286.5,20.616666793823242,9.149999618530273,14036.533203125,24.133333206176758,5.599999904632568,5.449999809265137,47.400001525878906,21564.611328125,893.0571428571428,1.1309047937393188,27.676071166992188,348.48571428571427,1689.575439453125,1729.0,1.3053333759307861,1042.1142857142856,16,570,1,1,0,34,35,
0,,0.0,32767.0,170.53061224489787,24253.166015625,29.483333587646484,8.399999618530273,14605.216796875,25.08333396911621,5.0,5.650000095367432,45.28333282470703,17995.166015625,893.0571428571428,1.1309047937393188,27.676071166992188,348.48571428571427,1689.575439453125,1729.0,1.3053333759307861,1042.1142857142856,7,570,1,1,0,24,35,
0,,0.0,32767.0,162.5102040816326,20259.166015625,31.75,5.599999904632568,15501.2998046875,23.299999237060547,5.300000190734863,5.599999904632568,43.16666793823242,20857.5,989.5714285714286,1.1373809576034546,27.737857818603516,398.65714285714284,1685.572021484375,1659.94287109375,1.3808571100234985,987.6,2,570,1,1,0,34,17,
0,,0.0,32767.0,160.91489361702122,15677.3330078125,34.38333511352539,10.533333778381348,12840.7998046875,20.350000381469727,4.199999809265137,5.5,34.96666717529297,16818.666015625,1037.6,1.1332619190216064,27.73107147216797,400.9714285714286,1685.99462890625,1661.2857666015625,1.3319047689437866,984.0571428571428,11,570,1,1,0,34,19,
0,,0.0,32767.0,160.93333333333325,17544.0,30.683332443237305,7.599999904632568,13849.599609375,18.78333282470703,4.0,5.75,43.099998474121094,20473.5,986.0571428571428,1.1181666851043701,27.727739334106445,424.25714285714287,1695.37060546875,1512.4285888671875,1.3769761323928833,962.9714285714285,2,570,1,1,0,24,2,
0,,0.0,32767.0,160.97560975609753,20784.5,23.78333282470703,9.050000190734863,15970.4833984375,23.983333587646484,4.400000095367432,5.400000095367432,52.46666717529297,15625.3330078125,1394.6857142857143,1.1345714330673218,27.825475692749023,334.22857142857146,1680.6651611328125,1735.971435546875,1.3796666860580444,1046.6571428571428,1,570,1,1,0,24,10,
0,,0.0,32767.0,160.97142857142856,19390.5,23.616666793823242,6.883333206176758,13744.2998046875,19.866666793823242,4.099999904632568,5.449999809265137,49.21666717529297,13820.5,1529.3142857142857,1.1095714569091797,27.732023239135742,302.3142857142857,1764.324462890625,1734.17138671875,1.3075475692749023,1123.2285714285715,1,570,1,1,0,34,10,
0,307.0,0.7799316048622131,1077.0,291.09090909090884,12727.5,40.61666488647461,7.733333110809326,19215.599609375,25.96666717529297,5.099999904632568,4.483333110809326,33.63333511352539,27187.0,1462.0,0.8071190714836121,25.385238647460938,76.85714285714286,1618.9639892578125,2846.914306640625,1.2756667137145996,1202.6571428571428,1,466,1,1,0,41,2,172
0,245.0,0.9532496929168701,1035.0,279.46666666666647,14510.1669921875,35.36666488647461,5.433333396911621,25993.18359375,35.38333511352539,6.099999904632568,4.349999904632568,33.91666793823242,48443.16796875,1499.7142857142858,0.7889523506164551,25.033214569091797,82.51428571428572,1630.5045166015625,2959.314208984375,1.39897620677948,1194.057142857143,0,464,1,1,0,21,21,137
0,349.0,0.8358038663864136,1068.0,272.6486486486485,17780.27734375,41.2814826965332,8.68148136138916,19045.171875,24.7722225189209,4.722222328186035,4.255555629730225,32.7185173034668,21799.462890625,1569.4571428571428,0.8313571214675903,25.681072235107422,87.71428571428571,1653.0521240234375,2816.228515625,1.3229047060012817,1218.2857142857142,0,466,1,1,0,21,21,195
0,194.0,0.7970353364944458,1530.0,270.1836734693876,14595.888671875,44.39999771118164,6.349999904632568,16420.921875,20.905555725097656,3.9000000953674316,4.400000095367432,28.155555725097656,18333.66796875,2420.6857142857143,0.948285698890686,26.483095169067383,117.71428571428571,1694.22119140625,2540.199951171875,1.182642936706543,1242.0285714285715,0,466,1,1,0,21,12,107
0,72.0,0.8643101453781128,1087.0,265.77551020408146,16371.0,38.849998474121094,8.949999809265137,16264.7998046875,23.233333587646484,3.700000047683716,4.599999904632568,33.04999923706055,18847.0,2558.657142857143,0.9681666493415833,26.539405822753906,151.28571428571428,1725.4444580078125,2291.571533203125,1.1641666889190674,1231.7428571428572,1,466,1,0,0,31,4,39
0,177.0,0.7776510715484619,1076.0,253.42857142857125,16121.0,34.08333206176758,8.366666793823242,15293.0,21.299999237060547,3.9000000953674316,4.900000095367432,36.25,21436.333984375,2367.5714285714284,0.9683809280395508,26.498809814453125,164.42857142857142,1673.454833984375,2318.914306640625,1.1952381134033203,1195.7428571428572,1,570,1,0,0,41,21,98
0,,0.07183580100536346,3958.0,254.57142857142836,22456.0,33.233333587646484,8.949999809265137,18620.43359375,27.200000762939453,5.5,5.300000190734863,38.483333587646484,28435.0,2246.0,0.8663333654403687,24.703214645385742,169.9142857142857,1627.5220947265625,2148.971435546875,1.1896666288375854,1114.6,0,570,1,0,0,41,11,
0,212.0,0.9441276788711548,1087.0,247.69387755102017,13661.1669921875,35.650001525878906,9.416666984558105,25455.916015625,32.29999923706055,5.900000095367432,4.900000095367432,39.81666564941406,33939.83203125,2271.457142857143,0.8317381143569946,24.155000686645508,150.6,1654.2918701171875,2263.800048828125,1.198523759841919,1133.3714285714286,0,570,1,0,0,31,26,81
0,258.0,0.517673909664154,1351.0,239.9387755102039,14725.0,35.63333511352539,8.233333587646484,20391.06640625,27.200000762939453,5.199999809265137,4.75,34.96666717529297,24730.666015625,2103.0,1.0018094778060913,26.580238342285156,191.31428571428572,1682.9281005859375,2135.800048828125,1.2292381525039673,1172.5142857142857,0,570,1,0,0,21,16,141
0,,0.149372860789299,12502.0,233.81632653061214,18153.833984375,24.5,5.016666889190674,13801.2666015625,19.950000762939453,4.5,5.183333396911621,42.766666412353516,20556.5,1852.2857142857142,1.09333336353302,27.31952476501465,230.65714285714284,1658.0152587890625,2022.05712890625,1.3201667070388794,1141.4285714285713,1,570,1,0,0,21,2,
0,78.12746544346673,0.0034207524731755257,18872.0,228.3877551020407,14475.1669921875,25.683334350585938,6.538888931274414,13960.81640625,22.05555534362793,4.266666889190674,5.133333206176758,52.761112213134766,19762.056640625,1606.9714285714285,1.1054285764694214,27.409404754638672,254.02857142857144,1658.4141845703125,1936.2572021484375,1.3347142934799194,1121.3428571428572,0,570,1,0,0,31,3,30
0,98.0,0.1425313502550125,26263.0,224.142857142857,16911.0,25.700000762939453,8.816666603088379,15187.5498046875,20.133333206176758,4.099999904632568,5.150000095367432,50.08333206176758,24035.5,1416.7142857142858,1.1264047622680664,27.45488166809082,276.74285714285713,1643.8240966796875,1893.857177734375,1.3611665964126587,1094.8,0,570,1,0,0,21,26,38
0,68.0,0.5427594184875488,28658.0,221.93877551020395,12771.5,25.366666793823242,4.5,16342.18359375,20.0,3.700000047683716,5.150000095367432,56.28333282470703,24804.833984375,1401.8285714285714,1.1021428108215332,27.339284896850586,274.8,1648.6607666015625,1922.1142578125,1.3574285507202148,1090.0285714285715,0,570,1,0,0,21,5,27
0,,0.41505131125450134,32767.0,219.97959183673458,16873.5,25.78333282470703,11.133333206176758,16696.732421875,21.100000381469727,3.700000047683716,5.400000095367432,53.56666564941406,23590.333984375,1185.7714285714285,1.152666687965393,27.625476837158203,316.34285714285716,1639.6697998046875,1820.3428955078125,1.4008333683013916,1056.1714285714286,0,570,1,0,0,21,16,
0,75.0,0.007981755770742893,32767.0,218.1020408163264,16917.833984375,19.46666717529297,7.599999904632568,13932.599609375,19.383333206176758,4.099999904632568,5.383333206176758,62.08333206176758,25480.666015625,1064.7142857142858,1.1620476245880127,27.69452476501465,326.0285714285714,1634.757568359375,1866.0,1.4172618389129639,1044.6285714285714,0,570,1,1,0,21,9,27
0,,0.0,32767.0,213.7551020408162,16247.6669921875,19.850000381469727,7.133333206176758,11991.3662109375,20.200000762939453,4.099999904632568,5.400000095367432,57.733333587646484,18566.166015625,935.1142857142858,1.159166693687439,27.72869110107422,362.0857142857143,1642.5928955078125,1790.800048828125,1.448452353477478,1010.1142857142858,5,570,1,0,0,34,35,
0,,0.0,32767.0,195.87755102040813,25116.833984375,28.799999237060547,8.899999618530273,18211.5,25.100000381469727,5.300000190734863,5.400000095367432,39.599998474121094,24324.5,986.3714285714286,1.1267380714416504,27.581905364990234,334.1142857142857,1824.615966796875,1875.7142333984375,1.3051190376281738,1136.6285714285714,3,570,1,1,0,34,1,
0,,0.0,32767.0,187.73469387755097,23581.0,29.122222900390625,9.538888931274414,17061.35546875,23.183332443237305,5.0333333015441895,5.400000095367432,42.266666412353516,20893.111328125,1005.0857142856071,1.133896827697754,27.642776489257812,330.44761904762527,1815.98828125,1904.4571533203125,1.313603162765503,1135.7619047619078,1,570,1,1,0,24,35,
0,,0.0,32767.0,180.06122448979588,17748.833984375,23.78333282470703,8.649999618530273,12553.9833984375,20.799999237060547,4.400000095367432,5.400000095367432,37.5,15830.3330078125,831.5714285714286,1.1513094902038574,27.789642333984375,393.3142857142857,1663.5606689453125,1709.4571533203125,1.3518810272216797,986.1714285714286,9,570,1,1,0,34,13,
0,,0.0,32767.0,168.1632653061224,18028.5,23.288888931274414,9.622222900390625,15891.1220703125,21.35555648803711,4.4666666984558105,5.561110973358154,46.0444450378418,21609.72265625,1032.171428571305,1.1294444799423218,27.639205932617188,364.76190476191914,1678.46630859375,1691.723876953125,1.3960158824920654,1016.5047619047248,1,570,1,1,0,34,13,
0,,0.0,32767.0,161.57142857142853,20502.5,27.83333396911621,8.883333206176758,13907.75,22.616666793823242,4.699999809265137,5.366666793823242,40.25,16590.0,1218.4285714285713,1.1328095197677612,27.755952835083008,351.8285714285714,1790.9039306640625,1737.94287109375,1.4329524040222168,1093.7142857142858,4,570,1,1,0,34,1,
0,,0.0,32767.0,161.57142857142853,19250.0,28.0,7.816666603088379,14261.25,22.41666603088379,4.400000095367432,5.449999809265137,41.11666488647461,16467.666015625,1218.4285714285713,1.1328095197677612,27.755952835083008,351.8285714285714,1790.9039306640625,1737.94287109375,1.4329524040222168,1093.7142857142858,1,570,1,1,0,34,1,
0,,0.0,32767.0,160.695652173913,22305.833984375,25.983333587646484,5.933333396911621,16203.216796875,22.116666793823242,4.800000190734863,5.5,43.21666717529297,17573.166015625,1408.3714285714286,1.1320713758468628,27.81595230102539,315.1714285714286,1736.038818359375,1746.142822265625,1.4258333444595337,1096.942857142857,1,570,1,1,0,24,1,
0,,0.0,32767.0,160.7674418604651,17528.0,29.0,8.383333206176758,14114.6669921875,20.700000762939453,4.099999904632568,5.400000095367432,41.31666564941406,20321.333984375,1356.1142857142856,1.1453571319580078,27.899761199951172,383.48571428571427,1696.850830078125,1658.0,1.445023775100708,1009.4285714285714,4,570,1,1,0,34,3,
0,,0.0,32767.0,160.84615384615384,15732.6669921875,31.433332443237305,10.600000381469727,14441.599609375,20.96666717529297,4.199999809265137,5.5,44.900001525878906,17336.666015625,1323.6857142857143,1.14297616481781,27.88595199584961,393.3142857142857,1695.60693359375,1637.1142578125,1.4229999780654907,998.3428571428572,12,570,1,1,0,34,8,
0,177.0,0.6681870222091675,7709.0,286.43902439024373,21716.0,41.96666717529297,11.449999809265137,22473.80078125,26.733333587646484,6.400000095367432,4.683333396911621,26.08333396911621,31460.5,3291.2,0.6891190409660339,26.181547164916992,122.48571428571428,1788.47705078125,3101.257080078125,-1.2906428575515747,1238.4,1,465,1,1,0,21,5,85
0,121.0,0.503990888595581,7330.0,277.822222222222,19676.666015625,41.516666412353516,9.583333015441895,20610.0,24.600000381469727,5.199999809265137,4.699999809265137,29.75,28816.333984375,3291.2,0.6891190409660339,26.181547164916992,122.48571428571428,1788.47705078125,3101.257080078125,-1.2906428575515747,1238.4,1,465,1,1,0,21,3,72
1,36.0,0.5792474150657654,1254.0,291.93877551020387,14405.0,40.5,6.183333396911621,18022.466796875,22.183332443237305,4.5,4.183333396911621,34.88333511352539,20470.333984375,1453.5428571428572,0.8094047904014587,25.460119247436523,81.02857142857142,1609.3780517578125,2860.71435546875,1.3451905250549316,1193.4,0,466,1,1,0,31,1,20
0,194.0,0.9452679753303528,1052.0,283.4489795918366,12782.6669921875,34.29999923706055,6.983333110809326,23218.8828125,31.299999237060547,5.900000095367432,4.349999904632568,37.483333587646484,28552.833984375,1516.4285714285713,0.7845714092254639,24.891189575195312,81.51428571428572,1630.091552734375,2969.39990234375,1.409595251083374,1191.7428571428572,0,466,1,1,0,31,21,108
0,235.0,0.7331812977790833,1757.0,279.95348837209286,13503.3330078125,40.18333435058594,4.599999904632568,17247.94921875,22.866666793823242,4.5,4.183333396911621,31.91666603088379,26020.666015625,1638.8285714285714,0.8562856912612915,25.955476760864258,98.91428571428571,1617.8946533203125,2758.54296875,1.2491428852081299,1193.7142857142858,0,466,1,1,0,21,1,84
0,101.0,0.49030786752700806,1202.0,270.16666666666646,14614.8330078125,39.28333282470703,7.116666793823242,22460.150390625,31.399999618530273,5.5,4.199999809265137,32.79999923706055,33021.66796875,2110.5714285714284,0.7676904797554016,24.145357131958008,100.45714285714286,1604.1416015625,2581.1142578125,1.225595235824585,1145.9142857142858,0,464,1,1,0,31,26,55
0,196.0,0.7947548627853394,1496.0,270.1836734693876,14678.0,44.099998474121094,6.316666603088379,16652.599609375,21.383333206176758,3.9000000953674316,4.400000095367432,27.566667556762695,18439.333984375,2420.6857142857143,0.948285698890686,26.483095169067383,117.71428571428571,1694.22119140625,2540.199951171875,1.182642936706543,1242.0285714285715,0,466,1,1,0,21,11,108
0,151.0,0.22805017232894897,2825.0,269.1632653061223,15164.1669921875,34.93333435058594,8.066666603088379,16666.05078125,20.866666793823242,3.9000000953674316,4.800000190734863,33.71666717529297,16390.333984375,2551.1714285714284,0.9916190505027771,26.74071502685547,155.22857142857143,1715.3839111328125,2273.39990234375,1.1904523372650146,1225.9142857142858,4,466,1,0,0,21,4,63
0,271.0,0.5587229132652283,1589.0,262.5714285714284,15571.8330078125,33.06666564941406,8.383333206176758,16846.216796875,21.733333587646484,3.700000047683716,4.666666507720947,34.46666717529297,16785.0,2457.057142857143,0.9926905035972595,26.746429443359375,166.17142857142858,1678.0421142578125,2201.45703125,1.1992857456207275,1193.4571428571428,2,466,1,0,0,31,13,139
0,131.0,0.4925883710384369,1209.0,255.0816326530611,12781.5,28.266666412353516,6.0,13919.8330078125,20.483333587646484,3.5999999046325684,4.666666507720947,39.29999923706055,15380.0,2306.885714285714,0.9995476007461548,26.781904220581055,171.02857142857144,1710.645263671875,2208.571533203125,1.2135475873947144,1210.857142857143,5,466,1,0,0,31,16,50
0,201.0,0.3158494830131531,4283.0,247.20408163265301,16109.5,30.233333587646484,5.733333110809326,15936.0498046875,22.33333396911621,4.699999809265137,4.800000190734863,38.849998474121094,18977.666015625,2218.657142857143,1.019619107246399,26.925357818603516,185.0,1686.0205078125,2163.199951171875,1.2244999408721924,1185.942857142857,1,466,1,0,0,21,33,77
0,233.0,0.3922463059425354,6405.0,239.93877551020395,15246.5,26.83333396911621,6.25,14671.68359375,19.983333587646484,4.300000190734863,5.266666889190674,51.78333282470703,20351.0,2021.857142857143,1.0784761905670166,27.306428909301758,215.34285714285716,1615.3226318359375,2068.8857421875,1.336738109588623,1129.5428571428572,1,466,1,0,0,21,35,118
0,106.0,0.298745721578598,8203.0,232.83673469387747,16599.5546875,23.41666603088379,8.827777862548828,14715.244140625,20.950000762939453,4.200000286102295,5.0333333015441895,47.094444274902344,24194.111328125,1842.7714285714826,1.097769856452942,27.33817481994629,233.2476190476043,1649.80859375,2018.2666015625,1.329817533493042,1135.095238095274,0,570,1,0,0,21,21,40
1,122.0,0.0,11284.0,226.46938775510193,19250.111328125,23.02777862548828,9.777777671813965,14001.4443359375,19.97222137451172,4.5,5.099999904632568,48.88333511352539,20182.443359375,1635.3428571428572,1.1176667213439941,27.495357513427734,253.6,1662.0325927734375,1956.5428466796875,1.3401191234588623,1124.142857142857,0,570,1,0,0,31,1,56
0,98.0,0.1277080923318863,19008.0,221.32653061224482,16105.0,29.133333206176758,6.849999904632568,15024.150390625,20.233333587646484,4.0,5.099999904632568,49.75,21415.666015625,1559.6857142857143,1.0910476446151733,27.28499984741211,256.85714285714283,1669.1927490234375,1958.0,1.3442143201828003,1117.7428571428572,0,570,1,0,0,21,13,51
0,54.0,0.3968072831630707,25319.0,218.24489795918365,18568.333984375,29.066667556762695,8.616666793823242,16835.916015625,19.83333396911621,4.800000190734863,4.900000095367432,44.349998474121094,19555.666015625,1437.0,1.0973809957504272,27.308334350585938,270.77142857142854,1674.1240234375,1928.94287109375,1.3839523792266846,1104.2857142857142,0,570,1,1,0,21,8,20
0,102.93883547744522,0.6282781958580017,32767.0,216.6122448979592,15864.6669921875,30.83333396911621,9.266666412353516,14184.5,19.46666717529297,3.700000047683716,5.050000190734863,50.88333511352539,23233.0,1319.142857142857,1.1181905269622803,27.447023391723633,290.45714285714286,1648.295166015625,1893.228515625,1.413023829460144,1074.5428571428572,0,570,1,1,0,31,12,41
0,85.0,0.023945268243551254,32767.0,214.24489795918365,11912.6669921875,23.03333282470703,7.766666889190674,16853.482421875,20.683332443237305,3.799999952316284,5.2833333015441895,59.88333511352539,26410.166015625,1069.8857142857144,1.1680476665496826,27.694643020629883,344.77142857142854,1633.8426513671875,1888.228515625,1.4215713739395142,1023.4285714285714,1,570,1,1,0,21,3,31
0,,0.0,32767.0,209.77551020408163,13726.6669921875,21.049999237060547,8.116666793823242,11579.31640625,18.683332443237305,4.099999904632568,5.199999809265137,64.05000305175781,23303.5,1036.9714285714285,1.170285701751709,27.703571319580078,345.0285714285714,1627.70703125,1870.6571044921875,1.427547574043274,1019.7714285714286,1,570,1,0,0,24,27,
0,87.0,0.009122006595134735,32767.0,204.7551020408163,17541.333984375,24.25,11.116666793823242,14887.6669921875,19.933332443237305,3.700000047683716,5.383333206176758,53.28333282470703,25246.0,1076.0285714285715,1.160166621208191,27.66690444946289,347.85714285714283,1626.6612548828125,1834.4000244140625,1.4326190948486328,1012.7428571428571,0,570,1,1,0,21,4,33
0,,0.0,32767.0,199.4081632653061,22892.333984375,18.883333206176758,9.566666603088379,16343.9833984375,24.683332443237305,5.5,5.349999904632568,44.25,17737.833984375,1115.2285714285715,1.171142816543579,27.848451614379883,328.8285714285714,1710.6978759765625,1806.4000244140625,1.4538333415985107,1083.5428571428572,0,570,1,1,0,24,9,
0,,0.0,32767.0,191.73469387755102,24933.0,27.19999885559082,10.316666603088379,17913.888671875,25.58888816833496,5.699999809265137,5.366666793823242,37.67777633666992,22634.16796875,1071.7142857142858,1.1467618942260742,27.726308822631836,341.7142857142857,1798.7584228515625,1847.085693359375,1.3944761753082275,1117.7428571428572,9,570,1,1,0,34,33,
0,,0.0,32767.0,187.73469387755097,20309.666015625,30.28333282470703,4.833333492279053,15604.900390625,22.799999237060547,5.0,5.366666793823242,40.43333435058594,19149.666015625,997.0285714285715,1.141880989074707,27.71392822265625,359.0285714285714,1804.357666015625,1833.4857177734375,1.371333360671997,1099.857142857143,5,570,1,1,0,21,4,
0,,0.0,32767.0,169.99999999999994,21371.0,23.049999237060547,7.449999809265137,12747.900390625,22.516666412353516,5.199999809265137,5.300000190734863,45.45000076293945,21410.333984375,1175.0285714285715,1.1649285554885864,27.8988094329834,354.0285714285714,1715.1700439453125,1786.8857421875,1.4459761381149292,1055.2857142857142,6,570,1,1,0,31,4,
0,,0.0,32767.0,165.55102040816323,23976.333984375,29.433332443237305,7.7833333015441895,16824.05078125,24.200000762939453,5.199999809265137,5.400000095367432,40.70000076293945,19689.166015625,1222.6857142857143,1.1435476541519165,27.789762496948242,341.37142857142857,1790.9580078125,1792.4857177734375,1.409761905670166,1107.9714285714285,4,570,1,1,0,34,35,
0,,0.0,32767.0,160.34693877551015,21515.166015625,30.133333206176758,8.683333396911621,15531.7666015625,21.950000762939453,5.0,5.449999809265137,38.983333587646484,16866.5,1218.4285714285713,1.1328095197677612,27.755952835083008,351.8285714285714,1790.9039306640625,1737.94287109375,1.4329524040222168,1093.7142857142858,2,570,1,1,0,34,3,
0,,0.0,32767.0,160.34693877551015,20559.5,28.600000381469727,8.5,14901.6162109375,23.21666717529297,4.900000095367432,5.400000095367432,41.03333282470703,16228.6669921875,1218.4285714285713,1.1328095197677612,27.755952835083008,351.8285714285714,1790.9039306640625,1737.94287109375,1.4329524040222168,1093.7142857142858,3,570,1,1,0,34,3,
0,,0.0,32767.0,160.695652173913,22920.5,25.827777862548828,7.644444465637207,16842.89453125,22.072221755981445,4.833333492279053,5.5,43.522220611572266,18278.0,1408.3714285714286,1.1320713758468628,27.81595230102539,315.1714285714286,1736.038818359375,1746.142822265625,1.4258333444595337,1096.942857142857,2,570,1,1,0,24,1,
0,,0.0,32767.0,160.79367918902304,17155.740234375,31.953702926635742,5.68148136138916,22262.193359375,22.19629669189453,4.611111164093018,5.644444465637207,40.146297454833984,28666.369140625,1456.7619047614048,1.144777774810791,27.915834426879883,366.9142857143987,1681.642578125,1673.990478515625,1.4677777290344238,1016.4380952379595,0,570,1,1,0,34,3,
0,,0.0,32767.0,160.6111111111111,19264.333984375,33.372222900390625,6.333333492279053,19575.072265625,22.422222137451172,4.933333396911621,5.599999904632568,42.27222442626953,30109.83203125,1500.7428571428572,1.1433809995651245,27.921310424804688,356.9714285714286,1685.3128662109375,1640.7142333984375,1.4779523611068726,1028.4,1,570,1,1,0,34,2,
0,307.0,0.8700113892555237,9493.0,301.7435897435895,20516.5,41.5,13.083333015441895,29431.05078125,30.25,5.699999809265137,4.849999904632568,30.66666603088379,31756.166015625,3355.9142857142856,0.6776190400123596,25.89821434020996,115.25714285714285,1803.0218505859375,3089.3427734375,-1.2691667079925537,1242.0285714285715,1,465,1,0,1,31,10,191
1,175.0,0.34777650237083435,10908.0,295.1590909090907,16129.0,39.016666412353516,10.966666221618652,22930.033203125,27.899999618530273,6.300000190734863,4.900000095367432,32.349998474121094,37054.83203125,3338.3714285714286,0.6855238080024719,26.01892852783203,115.28571428571429,1802.865478515625,3111.314208984375,-1.275071382522583,1248.2285714285715,1,465,1,0,0,42,4,87
0,243.0,0.9429874420166016,1077.0,281.22448979591815,14326.0,30.116666793823242,4.300000190734863,19082.1328125,26.049999237060547,5.199999809265137,4.099999904632568,40.20000076293945,23160.0,1495.857142857143,0.7660714387893677,24.63547706604004,90.77142857142857,1568.7181396484375,2833.514404296875,1.3676667213439941,1140.8285714285714,0,466,1,1,0,21,35,135
0,312.0,0.7434435486793518,1194.0,284.91304347826065,,43.5,4.683333396911621,,24.616666793823242,5.099999904632568,4.300000190734863,29.25,,1692.2857142857142,0.8632857203483582,25.967857360839844,97.48571428571428,1620.6085205078125,2700.314208984375,1.302476167678833,1197.4,0,466,1,1,0,21,17,145
0,286.0,0.9680729508399963,1068.0,283.71111111111094,13913.3330078125,40.516666412353516,6.400000095367432,15950.900390625,23.0,4.0,4.199999809265137,36.45000076293945,18282.0,1716.6,0.8643333315849304,25.936784744262695,103.22857142857143,1605.1829833984375,2670.05712890625,1.2910475730895996,1180.7142857142858,0,466,1,1,0,21,35,159
0,178.0,0.9680729508399963,1042.0,281.4222222222221,12585.6669921875,44.21666717529297,7.449999809265137,17617.56640625,24.049999237060547,4.199999809265137,4.199999809265137,32.88333511352539,20343.0,1766.4285714285713,0.8502380847930908,25.762975692749023,106.94285714285714,1603.72412109375,2668.571533203125,1.2842381000518799,1174.8857142857144,0,466,1,1,0,31,26,98
0,310.0,0.8551881313323975,1122.0,276.68888888888875,13494.3330078125,34.5,3.8444442749023438,23510.638671875,31.649999618530273,6.133333683013916,4.550000190734863,36.349998474121094,24596.27734375,1913.3142857137407,0.7604841589927673,24.127023696899414,100.27619047621732,1564.7991943359375,2541.076171875,1.2939285039901733,1124.3238095238391,0,464,1,1,0,21,34,173
0,128.59972271948234,0.8973774313926697,1087.0,276.68888888888875,15353.8330078125,35.099998474121094,5.933333396911621,26184.3828125,29.516666412353516,6.099999904632568,4.300000190734863,36.13333511352539,27668.0,1969.2285714285715,0.7475476264953613,23.958690643310547,94.22857142857143,1593.566650390625,2668.428466796875,1.2436904907226562,1140.8,0,464,1,1,0,21,26,70
0,203.0,0.960091233253479,1050.0,272.6888888888887,18615.666015625,34.650001525878906,5.75,33567.6171875,37.61666488647461,7.400000095367432,4.400000095367432,32.41666793823242,67936.6640625,2131.2,0.7632619142532349,24.046546936035156,99.77142857142857,1604.5059814453125,2614.028564453125,1.2304999828338623,1144.6285714285714,0,464,1,1,0,21,8,112
0,184.0,0.5872291922569275,2888.0,273.8367346938774,14953.6669921875,35.03333282470703,6.75,15053.31640625,21.133333206176758,4.099999904632568,4.800000190734863,37.233333587646484,15542.1669921875,2630.4,0.9865238070487976,26.75214195251465,154.65714285714284,1712.5770263671875,2301.60009765625,1.2417142391204834,1221.2285714285715,1,466,1,0,0,31,3,75
0,206.0,0.4583808481693268,4194.0,262.5714285714284,14743.3330078125,31.233333587646484,9.766666412353516,15742.2666015625,21.066667556762695,4.099999904632568,5.183333396911621,40.13333511352539,16860.666015625,2503.885714285714,0.9930476546287537,26.751667022705078,161.0857142857143,1695.1922607421875,2226.45703125,1.205119013786316,1207.8285714285714,0,466,1,0,0,41,8,86
0,244.0,0.45724058151245117,1746.0,258.14285714285705,14568.6669921875,33.86666488647461,8.050000190734863,17185.267578125,23.08333396911621,4.0,4.800000190734863,36.16666793823242,18288.666015625,2395.942857142857,1.0016905069351196,26.86190414428711,168.68571428571428,1709.655517578125,2236.94287109375,1.265047550201416,1209.1142857142856,5,466,1,0,0,21,16,94
1,159.0,0.0,5430.0,240.02040816326522,15993.1669921875,26.75,6.633333206176758,14815.18359375,19.700000762939453,4.400000095367432,4.983333110809326,41.16666793823242,24090.0,2060.342857142857,1.0525000095367432,27.21583366394043,206.54285714285714,1644.8255615234375,2068.028564453125,1.3207380771636963,1146.4285714285713,2,466,1,0,0,21,27,60
1,271.0,0.0,5132.0,240.02040816326522,17009.5,27.41666603088379,6.683333396911621,15483.8662109375,19.566667556762695,4.199999809265137,5.0,42.483333587646484,26703.333984375,2060.342857142857,1.0525000095367432,27.21583366394043,206.54285714285714,1644.8255615234375,2068.028564453125,1.3207380771636963,1146.4285714285713,1,466,1,0,0,34,27,103
0,122.0,0.4184720516204834,1666.0,226.46938775510193,13311.8330078125,26.516666412353516,6.483333110809326,14851.06640625,20.616666793823242,4.400000095367432,4.900000095367432,53.150001525878906,19072.166015625,1784.2285714285715,1.0817142724990845,27.280237197875977,233.74285714285713,1643.441162109375,1997.82861328125,1.363619089126587,1123.4,0,570,1,0,0,21,23,47
0,,0.0,8391.0,224.38775510204076,15470.6669921875,21.200000762939453,8.416666984558105,13300.599609375,20.049999237060547,3.5999999046325684,5.199999809265137,61.68333435058594,17117.333984375,1687.6857142857143,1.1028333902359009,27.38381004333496,253.4,1607.56103515625,1949.028564453125,1.3749524354934692,1084.8,0,570,1,0,0,31,17,
1,102.0,0.0,16044.0,218.95918367346934,12033.6669921875,24.21666717529297,6.2833333015441895,13796.716796875,18.983333587646484,3.700000047683716,5.199999809265137,58.53333282470703,17408.166015625,1559.7142857142858,1.1300714015960693,27.568571090698242,266.77142857142854,1641.4095458984375,1928.3714599609375,1.3753095865249634,1099.8285714285714,0,570,1,0,0,21,25,46
0,86.0,0.06499429792165756,28684.0,218.24489795918365,19417.833984375,25.649999618530273,8.75,14371.8330078125,19.91666603088379,3.700000047683716,5.183333396911621,57.04999923706055,23627.666015625,1367.7428571428572,1.11557137966156,27.456310272216797,287.34285714285716,1638.8741455078125,1883.085693359375,1.426619052886963,1072.5714285714287,0,570,1,1,0,21,5,36
0,65.0,0.149372860789299,32767.0,216.6122448979592,16162.8330078125,23.383333206176758,7.666666507720947,12864.599609375,19.433332443237305,4.099999904632568,5.300000190734863,59.650001525878906,24269.0,1319.142857142857,1.1181905269622803,27.447023391723633,290.45714285714286,1648.295166015625,1893.228515625,1.413023829460144,1074.5428571428572,1,570,1,1,0,21,11,25
1,132.0,0.0,32767.0,210.65306122448985,15539.0,25.366666793823242,8.216666221618652,14851.099609375,18.866666793823242,3.700000047683716,5.300000190734863,57.88333511352539,20881.0,1265.0,1.1541428565979004,27.741546630859375,307.2857142857143,1638.8240966796875,1853.857177734375,1.4559285640716553,1059.8857142857144,0,570,1,1,0,21,3,50
0,,0.0,32767.0,206.14285714285717,20195.0,23.683332443237305,9.199999809265137,10618.6669921875,19.33333396911621,3.9000000953674316,5.300000190734863,61.83333206176758,23403.333984375,1132.3714285714286,1.1754523515701294,27.800357818603516,334.9142857142857,1634.6146240234375,1862.0,1.472357153892517,1034.5714285714287,5,570,1,0,0,34,26,
0,,0.0,32767.0,201.0204081632653,21177.666015625,26.799999237060547,4.583333492279053,10614.1337890625,21.516666412353516,4.699999809265137,5.300000190734863,55.25,26904.666015625,1132.9714285714285,1.1826190948486328,27.878572463989258,341.45714285714286,1629.4241943359375,1842.8857421875,1.4984999895095825,1025.142857142857,6,570,1,1,0,24,17,
1,89.0,0.0,32767.0,195.1836734693877,20008.0,27.516666412353516,11.066666603088379,13666.533203125,20.799999237060547,4.5,5.5,53.54999923706055,18845.333984375,1132.6285714285714,1.1782143115997314,27.887142181396484,343.9142857142857,1635.5191650390625,1798.800048828125,1.5140000581741333,1024.6857142857143,0,570,1,0,0,34,5,43
0,,0.0,32767.0,180.73469387755094,21469.5,28.950000762939453,5.622222423553467,15634.2001953125,24.038888931274414,5.099999904632568,5.300000190734863,40.733333587646484,20966.27734375,1172.0857142857142,1.1749762296676636,27.91428565979004,329.57142857142856,1717.881591796875,1811.5999755859375,1.4876428842544556,1084.857142857143,4,570,1,1,0,34,35,
1,85.0,0.0,32767.0,180.73469387755094,16265.8330078125,25.866666793823242,5.133333206176758,15125.6669921875,20.549999237060547,4.800000190734863,5.400000095367432,56.45000076293945,24907.666015625,1179.5428571428572,1.1941428184509277,28.0049991607666,363.7142857142857,1644.580322265625,1818.771484375,1.5091190338134766,1011.0571428571428,0,570,1,1,0,34,6,31
0,,0.0,32767.0,173.71428571428564,21370.333984375,26.08333396911621,11.25,14555.5,22.21666717529297,4.900000095367432,5.349999904632568,40.983333587646484,15478.8330078125,1152.3714285714286,1.1568095684051514,27.807857513427734,360.0857142857143,1747.20556640625,1771.085693359375,1.4815237522125244,1064.2,0,570,1,1,0,21,9,
0,,0.0,32767.0,167.73469387755094,21253.333984375,28.133333206176758,7.616666793823242,11877.599609375,21.383333206176758,5.0,5.199999809265137,51.349998474121094,14132.0,1188.6571428571428,1.1749523878097534,27.93428611755371,359.85714285714283,1654.3292236328125,1808.2572021484375,1.4902619123458862,1014.8857142857142,0,570,1,1,0,24,9,
0,,0.0,32767.0,163.87755102040808,20592.333984375,28.08333396911621,10.149999618530273,13563.6162109375,23.25,5.0,5.400000095367432,43.53333282470703,19219.5,1365.0,1.1739047765731812,27.96845245361328,346.48571428571427,1772.1710205078125,1764.4000244140625,1.521071434020996,1095.057142857143,4,570,1,1,0,34,3,
0,,0.0,32767.0,161.6122448979591,20784.0,29.100000381469727,6.911110877990723,14006.6171875,24.105554580688477,5.133333206176758,5.349999904632568,43.18888854980469,22647.166015625,1365.0,1.1739047765731812,27.96845245361328,346.48571428571427,1772.1710205078125,1764.4000244140625,1.521071434020996,1095.057142857143,4,570,1,1,0,21,4,
0,,0.0,32767.0,160.06122448979585,24864.666015625,31.433332443237305,7.433333396911621,16099.349609375,23.733333587646484,5.099999904632568,5.5,43.28333282470703,26172.666015625,1673.1714285714286,1.1673333644866943,28.001190185546875,293.6,1767.50537109375,1845.2572021484375,1.5072143077850342,1141.2285714285715,4,570,1,1,0,24,17,
0,1.0,0.0,32767.0,160.13636363636357,17473.666015625,30.366666793823242,5.683333396911621,12287.93359375,20.483333587646484,4.0,5.550000190734863,44.400001525878906,17239.166015625,1690.2,1.158928632736206,28.020713806152344,325.8285714285714,1661.362060546875,1667.3714599609375,1.5615237951278687,1045.942857142857,9,570,1,0,0,34,2,
0,,0.0,32767.0,160.23076923076917,14147.3330078125,28.450000762939453,8.100000381469727,13465.43359375,20.316667556762695,4.199999809265137,5.650000095367432,42.53333282470703,18736.0,1668.8857142857144,1.1440476179122925,27.956905364990234,341.51428571428573,1670.1640625,1591.5999755859375,1.5792618989944458,1032.4857142857143,2,570,1,1,0,34,13,
0,101.0,0.4982896149158478,4053.0,310.62790697674393,16573.333984375,43.93333435058594,12.183333396911621,22049.599609375,26.75,6.0,4.650000095367432,27.433332443237305,29255.833984375,3377.7428571428572,0.6828095316886902,25.9134521484375,112.85714285714286,1802.16064453125,3070.0,-1.2719999551773071,1246.2,0,465,1,0,1,31,17,62
0,191.0,0.3375142514705658,5694.0,303.97872340425505,17777.666015625,38.31666564941406,12.216666221618652,21309.849609375,28.21666717529297,6.5,5.099999904632568,32.150001525878906,29141.666015625,3333.9714285714285,0.6933809518814087,26.079166412353516,119.34285714285714,1789.0439453125,3093.428466796875,-1.2844047546386719,1240.2571428571428,2,465,1,0,0,21,9,83
0,12.0,0.0,32767.0,,20633.0,33.29999923706055,8.199999809265137,17914.732421875,27.733333587646484,6.599999904632568,5.300000190734863,18.96666717529297,28957.0,3118.3714285714286,0.7347142696380615,26.612619400024414,195.42857142857142,1839.75830078125,2667.314208984375,-1.3244524002075195,1254.0857142857142,0,611,1,0,1,21,4,4
0,144.0,0.9680729508399963,1027.0,272.6888888888887,17109.833984375,32.18333435058594,6.800000190734863,30408.55078125,33.83333206176758,6.599999904632568,4.383333206176758,36.733333587646484,41992.66796875,2146.4857142857145,0.7659524083137512,24.01392936706543,101.14285714285714,1609.5107421875,2627.94287109375,1.2332619428634644,1145.142857142857,0,464,1,1,0,21,26,80
0,224.0,0.9110604524612427,1108.0,274.06122448979573,14272.0,34.33333206176758,8.866666793823242,32692.0,32.46666717529297,6.099999904632568,4.349999904632568,35.21666717529297,44990.0,2222.3142857142857,0.7636666893959045,23.861547470092773,101.48571428571428,1605.6827392578125,2588.39990234375,1.243476152420044,1133.0857142857142,0,464,1,1,0,21,8,124
0,159.0,0.9179019331932068,1115.0,275.0816326530611,16530.888671875,36.60000228881836,8.655555725097656,33005.85546875,37.227779388427734,6.366666793823242,4.333333492279053,34.43333435058594,62948.33203125,2499.342857142857,0.8727619051933289,25.484643936157227,113.31428571428572,1653.779052734375,2578.17138671875,1.2292143106460571,1189.0857142857142,0,466,1,1,0,21,32,88
0,95.0,0.6009122133255005,1168.0,273.8367346938774,15764.3330078125,37.53333282470703,10.649999618530273,17556.6171875,22.266666412353516,3.799999952316284,4.599999904632568,33.83333206176758,18326.333984375,2704.714285714286,0.9727857112884521,26.620357513427734,150.17142857142858,1706.2669677734375,2304.142822265625,1.2350714206695557,1218.6857142857143,4,466,1,0,0,41,15,40
0,134.0,0.9498289823532104,1093.0,260.8163265306121,16522.0,35.36666488647461,7.150000095367432,15822.31640625,21.700000762939453,4.099999904632568,4.766666889190674,38.38333511352539,19549.5,2388.057142857143,1.011214256286621,27.0002384185791,174.0,1708.09375,2172.6572265625,1.3229048252105713,1202.2285714285715,1,466,1,0,1,41,19,52
0,134.0,0.8802736401557922,1090.0,248.7755102040815,15754.8330078125,28.41666603088379,4.933333396911621,14741.56640625,20.616666793823242,4.099999904632568,4.75,39.45000076293945,17603.833984375,2262.1428571428573,1.0210238695144653,27.067737579345703,182.14285714285714,1720.561767578125,2168.857177734375,1.3296667337417603,1205.142857142857,2,466,1,0,1,42,34,52
1,277.0,0.0,2312.0,239.83673469387745,16383.8330078125,23.933332443237305,9.066666603088379,16173.650390625,18.700000762939453,4.300000190734863,4.983333110809326,52.233333587646484,17471.5,2082.9142857142856,1.041595220565796,27.16857147216797,204.31428571428572,1683.2586669921875,2081.71435546875,1.3377143144607544,1164.4285714285713,2,466,1,0,1,41,15,111
0,258.0,0.597491443157196,1140.0,230.44897959183666,17277.333984375,31.233333587646484,9.166666984558105,18313.44921875,22.233333587646484,4.199999809265137,4.866666793823242,43.86666488647461,18110.0,1949.0857142857142,1.035261869430542,27.014404296875,216.11428571428573,1673.6309814453125,2048.82861328125,1.3279999494552612,1142.4857142857143,0,570,1,0,0,41,15,112
0,83.0,0.4139110743999481,10167.0,222.4897959183673,21663.666015625,21.044445037841797,7.961111068725586,14595.283203125,19.794445037841797,4.133333206176758,5.133333206176758,60.20000076293945,22336.611328125,1912.9714285714285,1.1037380695343018,27.442142486572266,233.82857142857142,1619.10546875,2009.6856689453125,1.3772618770599365,1109.857142857143,0,570,1,1,0,31,13,32
0,71.0,0.16989737749099731,15167.0,218.95918367346934,13077.0,22.266666412353516,9.483333587646484,12902.9501953125,18.733333587646484,3.5,5.183333396911621,61.66666793823242,26261.0,1627.6571428571428,1.1383094787597656,27.573095321655273,264.57142857142856,1608.8712158203125,1956.971435546875,1.3851666450500488,1082.4,0,570,1,0,0,21,19,27
1,224.0,0.02508551813662052,24214.0,212.93877551020407,19669.5,23.03333282470703,10.466666221618652,15552.43359375,21.71666717529297,4.300000190734863,5.099999904632568,51.08333206176758,24624.5,1696.2,1.1260714530944824,27.621191024780273,261.57142857142856,1658.37109375,1882.5428466796875,1.4205000400543213,1109.1142857142856,0,570,1,0,0,34,9,84
0,68.0,0.060433294624090195,32767.0,210.34693877551018,14320.6669921875,27.866666793823242,7.9666666984558105,13676.0498046875,20.0,4.0,4.900000095367432,47.483333587646484,53305.83203125,1557.5428571428572,1.1272143125534058,27.634286880493164,275.6857142857143,1679.830810546875,1874.2572021484375,1.4223333597183228,1107.2285714285715,0,570,1,1,0,21,2,27
0,,0.045610032975673676,32767.0,206.83673469387753,17458.5,28.16666603088379,6.733333110809326,13706.31640625,23.200000762939453,4.400000095367432,5.300000190734863,48.849998474121094,21063.0,1485.4285714285713,1.1426666975021362,27.702381134033203,289.25714285714287,1659.68212890625,1851.7142333984375,1.4368809461593628,1084.9714285714285,1,570,1,0,0,24,4,
1,,0.0,32767.0,202.99999999999997,17161.5,25.366666793823242,6.883333206176758,14262.966796875,19.316667556762695,4.0,5.166666507720947,50.53333282470703,19516.77734375,1270.7428571428572,1.1522856950759888,27.771190643310547,322.6857142857143,1657.5977783203125,1828.8857421875,1.4813809394836426,1052.1714285714286,2,570,1,0,0,41,5,
0,9.0,0.0,32767.0,197.4489795918367,16581.5,23.46666717529297,7.849999904632568,12521.5498046875,19.649999618530273,3.9000000953674316,5.400000095367432,58.06666564941406,19745.0,1270.7714285714285,1.1603095531463623,27.83309555053711,324.9142857142857,1654.50634765625,1784.8857421875,1.5080000162124634,1048.6571428571428,1,570,1,0,0,34,9,5
0,,0.0,32767.0,191.34693877551015,17546.5,24.866666793823242,9.100000381469727,12180.2001953125,20.233333587646484,4.400000095367432,5.300000190734863,59.099998474121094,12451.5,1402.0,1.1872856616973877,27.9521427154541,322.8285714285714,1619.820556640625,1846.94287109375,1.520809531211853,1033.5714285714287,3,570,1,0,0,34,34,
1,91.0,0.0,32767.0,184.12244897959175,,29.066667556762695,9.483333587646484,,19.78333282470703,5.0,5.199999809265137,54.68333435058594,,1404.8857142857144,1.1738570928573608,27.936071395874023,326.42857142857144,1651.390380859375,1813.1142578125,1.5256905555725098,1044.142857142857,0,570,1,0,0,34,18,44
1,74.0,0.0011402508243918419,32767.0,177.38775510204073,15698.3330078125,26.21666717529297,5.9666666984558105,13447.650390625,19.066667556762695,4.199999809265137,5.300000190734863,53.56666564941406,17661.0,1288.0,1.1943094730377197,28.022619247436523,338.7142857142857,1649.6751708984375,1828.914306640625,1.5311905145645142,1037.7714285714285,0,570,1,1,0,34,6,37
0,,0.0,32767.0,170.9591836734693,20130.0,26.483333587646484,9.899999618530273,14083.2998046875,22.933332443237305,4.699999809265137,5.349999904632568,42.31666564941406,20222.0,1193.3714285714286,1.1599762439727783,27.825714111328125,362.6,1772.63427734375,1761.4000244140625,1.5113095045089722,1077.0857142857142,17,570,1,1,0,24,35,
0,,0.0,32767.0,165.5714285714285,20257.0,28.133333206176758,8.716666221618652,15976.033203125,23.433332443237305,4.800000190734863,5.400000095367432,53.483333587646484,25444.5,1439.0,1.180142879486084,27.972620010375977,318.51428571428573,1696.4537353515625,1801.971435546875,1.5089285373687744,1078.5714285714287,2,570,1,1,0,24,3,
0,,0.007981755770742893,32767.0,162.30612244897952,18034.333984375,27.516666412353516,9.316666603088379,14875.0166015625,20.383333206176758,3.9000000953674316,5.400000095367432,52.54999923706055,19231.833984375,1556.5428571428572,1.190690517425537,28.039405822753906,339.9142857142857,1659.920166015625,1747.4571533203125,1.568595290184021,1037.3428571428572,3,570,1,1,0,34,10,
0,,0.0,32767.0,160.6326530612244,19206.333984375,24.183332443237305,6.816666603088379,13155.099609375,20.316667556762695,4.300000190734863,5.2833333015441895,58.16666793823242,33055.66796875,1823.8285714285714,1.1769523620605469,28.055238723754883,301.1714285714286,1678.533447265625,1776.6285400390625,1.5860952138900757,1083.3428571428572,3,570,1,1,0,34,3,
1,52.0,0.0,32767.0,159.77551020408154,16404.666015625,23.983333587646484,5.066666603088379,12140.8330078125,19.450000762939453,4.800000190734863,5.400000095367432,50.79999923706055,24034.5,1688.2857142857142,1.1647380590438843,28.014286041259766,317.0857142857143,1678.219482421875,1706.771484375,1.5675238370895386,1064.6857142857143,0,570,1,1,0,41,6,19
0,,0.0,32767.0,159.8372093023255,19673.185546875,28.935184478759766,9.751852035522461,12711.0517578125,21.92037010192871,4.911111354827881,5.416666507720947,40.98147964477539,18669.185546875,1991.9142857142858,1.152500033378601,27.942380905151367,303.6857142857143,1787.7220458984375,1797.6856689453125,1.5599762201309204,1138.9714285714285,4,570,1,0,0,24,5,
0,,0.0,32767.0,159.91891891891882,23366.333984375,28.549999237060547,7.816666603088379,14611.966796875,22.33333396911621,5.0,5.300000190734863,43.483333587646484,18391.0,2124.2285714285713,1.149476170539856,27.945714950561523,287.1714285714286,1744.09716796875,1807.4285888671875,1.5057142972946167,1129.2857142857142,2,570,1,0,0,34,9,
0,44.0,0.8962371945381165,1436.0,317.28888888888855,21293.0,40.43333435058594,12.066666603088379,23582.69921875,26.91666603088379,6.199999809265137,4.650000095367432,30.316667556762695,37749.5,3382.4285714285716,0.6858571171760559,25.914880752563477,117.6,1799.256103515625,3071.914306640625,-1.278761863708496,1240.5142857142857,0,465,1,0,1,42,14,27
1,84.0,0.5142531394958496,4897.0,303.97872340425505,17952.333984375,40.900001525878906,9.466666221618652,22304.666015625,26.899999618530273,6.0,4.650000095367432,32.04999923706055,31284.5,3343.114285714286,0.6911904811859131,26.020475387573242,118.71428571428571,1786.176513671875,3054.39990234375,-1.2752143144607544,1238.2285714285715,1,465,1,0,0,42,2,47
1,173.0,0.14367160201072693,6928.0,302.26530612244864,16557.666015625,37.983333587646484,8.25,22022.599609375,24.399999618530273,5.699999809265137,4.699999809265137,32.53333282470703,29156.333984375,3349.8,0.6963571310043335,26.08071517944336,119.88571428571429,1787.643798828125,3056.1142578125,-1.2753095626831055,1240.4857142857143,0,465,1,0,0,42,13,96
0,72.0,0.3774230182170868,9393.0,294.8571428571426,16832.5,41.61666488647461,10.350000381469727,20268.1328125,23.566667556762695,5.699999809265137,5.0,30.33333396911621,27130.166015625,3309.4,0.699833333492279,26.1780948638916,125.02857142857142,1781.02197265625,3035.514404296875,-1.3058809041976929,1237.3428571428572,1,465,1,1,0,31,8,42
0,23.0,0.0,32767.0,275.9999999999998,15151.0,29.83333396911621,9.350000381469727,22734.533203125,28.450000762939453,6.099999904632568,5.150000095367432,23.78333282470703,35757.16796875,3137.342857142857,0.7459523677825928,26.667024612426758,203.54285714285714,1830.9970703125,2677.571533203125,-1.323547601699829,1247.2285714285715,1,480,1,0,1,31,5,8
0,210.0,0.8244013786315918,1124.0,289.7346938775509,16571.166015625,47.25,8.300000190734863,17211.232421875,21.766666412353516,4.199999809265137,4.300000190734863,25.5,18176.666015625,1838.3714285714286,0.8761428594589233,26.063690185546875,108.08571428571429,1668.3397216796875,2657.94287109375,1.3358094692230225,1211.857142857143,0,466,1,1,0,31,10,92
0,312.0,0.9521094560623169,1068.0,280.1224489795917,17066.833984375,36.016666412353516,5.933333396911621,27663.466796875,30.933332443237305,6.099999904632568,4.550000190734863,35.71666717529297,48434.5,2483.2,0.8514047861099243,25.24892807006836,125.71428571428571,1618.311767578125,2474.257080078125,1.2835237979888916,1147.9142857142858,0,466,1,1,0,21,30,173
0,205.0,0.8620296716690063,1095.0,252.8163265306121,13800.0,32.53333282470703,8.350000381469727,15974.0830078125,22.0,3.9000000953674316,4.866666793823242,44.13333511352539,19001.666015625,2457.1714285714284,1.0145952701568604,26.97869110107422,180.0,1677.585205078125,2156.800048828125,1.3149285316467285,1175.6,0,466,1,0,1,21,18,112
0,196.0,0.5062713623046875,2453.0,239.95918367346925,14239.3330078125,29.33333396911621,10.566666603088379,13005.6669921875,19.066667556762695,3.5999999046325684,4.766666889190674,42.18333435058594,14945.6669921875,2447.057142857143,1.035190463066101,27.164642333984375,190.4857142857143,1676.93994140625,2095.17138671875,1.3883333206176758,1170.057142857143,0,466,1,0,1,34,35,107
1,151.0,0.1619156152009964,1986.0,230.44897959183666,12619.8330078125,24.200000762939453,7.083333492279053,13872.8837890625,19.616666793823242,3.9000000953674316,5.150000095367432,54.25,18300.5,2087.1714285714284,1.0394285917282104,27.135000228881836,207.97142857142856,1670.916015625,2063.82861328125,1.3558332920074463,1150.2857142857142,0,570,1,0,0,31,5,68
0,35.05080032968483,0.17445838451385498,11281.0,215.85714285714272,14110.0,27.21666717529297,10.199999809265137,13966.0830078125,20.200000762939453,4.099999904632568,4.949999809265137,49.483333587646484,18095.166015625,1999.7142857142858,1.1054285764694214,27.475357055664062,232.57142857142858,1674.158447265625,1954.971435546875,1.3818333148956299,1141.5428571428572,0,570,1,0,0,21,32,16
1,164.0,0.0,11202.0,215.85714285714272,18981.5,27.80555534362793,10.299999237060547,15384.2109375,20.25555419921875,4.199999809265137,4.994444370269775,49.18333435058594,21298.833984375,2124.0,1.108380913734436,27.554048538208008,226.17142857142858,1651.6407470703125,1957.199951171875,1.4184762239456177,1136.6285714285714,0,570,1,0,0,34,11,78
0,,0.0022805016487836838,22322.0,210.7959183673468,16280.8330078125,23.649999618530273,8.399999618530273,11809.2666015625,18.816667556762695,3.5999999046325684,5.300000190734863,60.63333511352539,13873.8330078125,1955.7714285714285,1.1305476427078247,27.588333129882812,245.74285714285713,1623.037353515625,1949.914306640625,1.4464999437332153,1102.9714285714285,0,570,1,0,0,31,12,
0,35.0,0.3021664619445801,25191.0,207.5510204081631,17015.833984375,28.266666412353516,9.416666984558105,11650.466796875,19.299999237060547,4.199999809265137,5.199999809265137,55.04999923706055,20194.166015625,1835.5142857142857,1.1514999866485596,27.68595314025879,264.37142857142857,1611.0677490234375,1930.1142578125,1.4328094720840454,1081.1714285714286,1,570,1,1,0,31,4,14
0,,0.0,32767.0,199.38775510204067,19484.0,28.28333282470703,10.050000190734863,14493.06640625,23.566667556762695,4.099999904632568,5.300000190734863,58.13333511352539,17030.666015625,1656.7428571428572,1.1860713958740234,27.886547088623047,290.37142857142857,1621.532470703125,1889.5999755859375,1.5150476694107056,1065.9714285714285,6,570,1,0,0,34,17,
0,,0.0,32767.0,199.38775510204067,18962.9453125,28.177778244018555,9.077777862548828,12735.8828125,23.44999885559082,4.699999809265137,5.222222328186035,57.28889083862305,21034.9453125,1656.7428571428572,1.1860713958740234,27.886547088623047,290.37142857142857,1621.532470703125,1889.5999755859375,1.5150476694107056,1065.9714285714285,3,570,1,0,0,24,17,
0,,0.015963511541485786,32767.0,193.02040816326516,19836.66796875,26.566665649414062,8.294445037841797,13221.5048828125,22.633333206176758,4.666666507720947,5.449999809265137,56.21666717529297,15836.611328125,1532.5428571428572,1.1771904230117798,27.854642868041992,302.48571428571427,1627.852783203125,1871.82861328125,1.5049047470092773,1055.4285714285713,1,570,1,0,0,34,3,
0,,0.04332953318953514,32767.0,186.10204081632642,20424.166015625,25.649999618530273,8.616666793823242,15554.150390625,21.383333206176758,4.0,5.25,57.900001525878906,19344.833984375,1688.857142857143,1.1787381172180176,27.905118942260742,298.8857142857143,1719.086181640625,1821.82861328125,1.5322142839431763,1108.942857142857,7,570,1,0,0,34,35,
0,,0.0,32767.0,178.77551020408154,25423.5,25.200000762939453,8.300000190734863,14276.150390625,22.0,4.599999904632568,5.150000095367432,58.79999923706055,17111.833984375,1523.8,1.1914762258529663,27.96392822265625,320.14285714285717,1631.0552978515625,1839.0,1.531738042831421,1040.4857142857143,2,570,1,0,0,24,9,
1,,0.0,32767.0,172.79591836734687,,,,,,,,,,1659.8,1.1756905317306519,27.976903915405273,311.4,1644.324462890625,1771.8857421875,1.5755000114440918,1052.8,1,570,1,0,0,34,2,
0,43.0,0.0045610032975673676,32767.0,163.26530612244892,17874.333984375,30.266666412353516,4.766666889190674,13572.466796875,18.299999237060547,4.099999904632568,5.400000095367432,49.11666488647461,16670.666015625,1702.6571428571428,1.198880910873413,28.097381591796875,330.2857142857143,1657.220458984375,1802.5428466796875,1.5709762573242188,1046.9714285714285,2,570,1,1,0,34,5,16
0,,0.0,32767.0,160.5918367346938,17697.333984375,27.766666412353516,7.833333492279053,12349.9501953125,19.983333587646484,4.099999904632568,5.199999809265137,48.71666717529297,16730.666015625,1834.2,1.2071666717529297,28.162500381469727,325.22857142857146,1655.8116455078125,1744.5714111328125,1.6054761409759521,1050.0285714285715,2,570,1,1,0,41,2,
0,,0.0,32767.0,159.51020408163257,15155.8330078125,27.96666717529297,6.516666889190674,12897.75,18.133333206176758,4.0,5.400000095367432,48.16666793823242,13685.0,1813.6857142857143,1.179904818534851,28.062976837158203,316.0,1648.6009521484375,1719.7142333984375,1.6315714120864868,1052.2571428571428,8,570,1,1,0,34,2,
0,,0.0,32767.0,159.49999999999991,23627.166015625,29.933332443237305,8.966666221618652,15440.9833984375,23.866666793823242,5.099999904632568,5.366666793823242,41.25,29457.5,2058.2285714285713,1.1611428260803223,27.964523315429688,291.2,1788.2474365234375,1839.1142578125,1.593666672706604,1152.5428571428572,1,570,1,0,0,21,17,
0,,0.0,32767.0,159.53658536585357,23323.0,24.96666717529297,8.383333206176758,12662.400390625,22.03333282470703,4.5,5.300000190734863,45.88333511352539,16814.333984375,2321.457142857143,1.1619285345077515,27.921546936035156,283.2857142857143,1740.5887451171875,1795.94287109375,1.60702383518219,1131.7428571428572,4,570,1,0,0,24,8,
0,1.0,0.0,32767.0,159.58823529411757,20175.666015625,26.016666412353516,11.100000381469727,13150.3837890625,21.58333396911621,4.199999809265137,5.550000190734863,47.41666793823242,14489.1669921875,2358.3142857142857,1.1850476264953613,28.126428604125977,312.42857142857144,1668.05419921875,1718.17138671875,1.59502375125885,1064.4,12,570,1,0,0,34,6,
0,7.0,0.7525655627250671,1423.0,331.8205128205126,21261.0,41.900001525878906,14.766666412353516,23283.599609375,23.53333282470703,4.900000095367432,4.7833333015441895,29.25,32023.0,3430.8285714285716,0.6976666450500488,25.87773895263672,125.97142857142858,1810.33349609375,2831.3427734375,-1.3416666984558105,1237.4571428571428,3,465,1,0,1,21,2,4
0,230.0,0.8289623856544495,1382.0,316.8979591836731,16620.833984375,42.650001525878906,10.0,25544.1328125,26.116666793823242,5.199999809265137,4.650000095367432,29.899999618530273,30122.0,3391.942857142857,0.683738112449646,25.855833053588867,122.42857142857143,1802.46435546875,2913.800048828125,-1.35019052028656,1236.0,0,465,1,0,1,21,13,141
0,,0.5849486589431763,2766.0,302.26530612244864,20290.0,38.38333511352539,11.683333396911621,23160.81640625,25.866666793823242,6.099999904632568,5.099999904632568,31.399999618530273,30627.5,3385.6857142857143,0.6919285655021667,25.995952606201172,125.0,1801.522705078125,2953.857177734375,-1.3260713815689087,1239.0285714285715,10,465,1,0,0,42,3,
0,,0.4800456166267395,7095.0,302.3061224489794,20358.0,40.33333206176758,13.5,20683.69921875,23.299999237060547,5.300000190734863,4.75,29.100000381469727,31857.5,3338.6857142857143,0.701119065284729,26.203571319580078,132.31428571428572,1793.73291015625,3000.571533203125,-1.3213809728622437,1237.0285714285715,4,465,1,1,0,31,8,
0,20.0,0.0,32767.0,,28657.333984375,34.06666564941406,9.166666984558105,23285.1328125,24.483333587646484,5.599999904632568,5.199999809265137,21.58333396911621,40906.0,3165.3714285714286,0.7468809485435486,26.667381286621094,207.5142857142857,1829.07666015625,2669.3427734375,-1.3269286155700684,1241.5714285714287,0,480,1,0,1,24,5,7
0,237.0,0.6636260151863098,1209.0,289.7346938775509,17109.0,47.71666717529297,6.4666666984558105,18370.05078125,23.16666603088379,4.699999809265137,4.416666507720947,26.299999237060547,16463.666015625,1844.857142857143,0.8739761710166931,26.033214569091797,112.0,1676.949951171875,2610.800048828125,1.3387619256973267,1211.0,0,466,1,1,0,21,22,107
0,297.0,0.4002280533313751,1195.0,293.1632653061223,17494.5,44.81666564941406,8.483333587646484,17936.94921875,23.46666717529297,4.599999904632568,4.4666666984558105,24.683332443237305,64215.5,1898.4285714285713,0.8786666393280029,26.0915470123291,114.37142857142857,1682.1737060546875,2609.45703125,1.3161427974700928,1213.2571428571428,0,466,1,1,0,31,29,148
0,339.0,0.8004561066627502,1086.0,295.69387755102025,12672.77734375,39.755558013916016,7.211111068725586,16890.56640625,22.350000381469727,4.0333333015441895,4.433333396911621,32.227779388427734,17278.943359375,3008.657142857143,0.9276190400123596,26.207500457763672,136.4,1661.8157958984375,2368.94287109375,1.2967618703842163,1184.2285714285715,0,466,1,0,0,31,34,186
0,130.0,0.24857468903064728,2369.0,254.53061224489778,13026.3330078125,28.03333282470703,6.849999904632568,15422.400390625,20.549999237060547,4.0,5.199999809265137,42.33333206176758,21210.333984375,2633.714285714286,1.0223095417022705,27.000951766967773,182.42857142857142,1661.136962890625,2098.60009765625,1.3624999523162842,1164.057142857143,1,466,1,0,0,31,2,55
1,237.0,0.25427594780921936,2672.0,240.2448979591835,15001.6669921875,28.616666793823242,7.183333396911621,14574.43359375,20.616666793823242,4.099999904632568,5.099999904632568,42.983333587646484,50236.66796875,2608.0285714285715,1.034690499305725,27.13119125366211,182.5142857142857,1682.6668701171875,2103.8857421875,1.3389524221420288,1180.6,2,466,1,0,0,42,6,97
1,136.0,0.03192702308297157,3980.0,228.63265306122435,15807.1669921875,23.516666412353516,6.2166666984558105,14111.5,19.03333282470703,4.0,5.0,54.86666488647461,19818.5,2502.6857142857143,1.0541428327560425,27.290714263916016,193.42857142857142,1677.6356201171875,2070.800048828125,1.3719285726547241,1172.1714285714286,3,570,1,0,0,31,16,53
0,146.0,0.060433294624090195,5886.0,219.20408163265287,15019.8330078125,23.899999618530273,7.9666666984558105,15237.283203125,18.46666717529297,3.9000000953674316,5.099999904632568,57.56666564941406,17333.666015625,2392.6,1.1273809671401978,27.64392852783203,213.65714285714284,1609.732421875,2022.5428466796875,1.462666630744934,1127.857142857143,0,570,1,0,0,31,35,78
0,91.0,0.11288483440876007,9851.0,213.3877551020406,17021.66796875,24.733333587646484,10.072221755981445,15648.27734375,21.127777099609375,3.633333444595337,5.144444465637207,60.0444450378418,21287.5,2281.457142857143,1.1430714130401611,27.626428604125977,226.0,1611.907958984375,1978.6856689453125,1.4800000190734863,1117.1142857142856,0,570,1,1,0,21,11,38
0,190.0,0.7115165591239929,18776.0,207.61224489795896,16710.0,27.483333587646484,10.5,26637.533203125,28.450000762939453,4.800000190734863,5.0,47.016666412353516,23213.666015625,2050.714285714286,1.098023772239685,27.311309814453125,243.8,1657.31396484375,1935.5428466796875,1.447523832321167,1112.8,0,570,1,0,0,21,18,81
0,127.0,0.21436716616153717,27784.0,203.8571428571426,19036.0,29.950000762939453,7.75,16942.56640625,21.299999237060547,4.699999809265137,5.400000095367432,45.25,22682.333984375,2087.3142857142857,1.0959762334823608,27.2983341217041,248.85714285714286,1664.9993896484375,1924.085693359375,1.4875237941741943,1108.6,1,570,1,1,0,21,12,48
0,146.0,0.24515393376350403,32767.0,197.89795918367324,17428.333984375,27.799999237060547,13.300000190734863,16418.8671875,19.28333282470703,4.099999904632568,5.133333206176758,55.91666793823242,20844.666015625,1948.2285714285715,1.159333348274231,27.74845314025879,269.34285714285716,1618.1163330078125,1877.2572021484375,1.5254762172698975,1077.057142857143,0,570,1,1,0,21,5,54
0,111.0,0.285062700510025,32767.0,194.2653061224488,16414.166015625,29.28333282470703,7.050000190734863,14257.7333984375,19.91666603088379,4.5,5.199999809265137,51.08333206176758,26997.166015625,1910.8857142857144,1.1702618598937988,27.798213958740234,276.48571428571427,1615.3387451171875,1866.142822265625,1.5554286241531372,1070.3428571428572,0,570,1,0,0,21,23,56
0,,0.0,32767.0,181.42857142857133,22408.0,25.266666412353516,7.300000190734863,14721.466796875,21.633333206176758,4.400000095367432,5.25,47.25,15928.6669921875,1800.9142857142858,1.1836190223693848,27.920833587646484,291.45714285714286,1658.739990234375,1848.142822265625,1.5413333177566528,1083.0857142857142,0,570,1,0,0,24,9,
0,,0.0,32767.0,181.42857142857133,20748.333984375,29.983333587646484,8.516666412353516,13847.93359375,22.733333587646484,5.599999904632568,5.199999809265137,47.18333435058594,18554.0,1800.2857142857142,1.191499948501587,27.98345184326172,293.37142857142857,1647.3211669921875,1831.085693359375,1.5842618942260742,1075.7142857142858,3,570,1,0,0,24,9,
0,84.0,0.1562143713235855,32767.0,174.32653061224485,17153.166015625,29.0,10.800000190734863,14358.966796875,20.316667556762695,4.0,5.316666603088379,52.45000076293945,22410.833984375,1811.2857142857142,1.1944524049758911,28.00273895263672,294.25714285714287,1670.523193359375,1837.7427978515625,1.604690432548523,1088.7428571428572,1,570,1,1,0,21,4,30
0,96.0,0.19042189419269562,32767.0,168.6938775510204,11315.3330078125,24.41666603088379,7.133333206176758,13824.0,18.850000381469727,3.799999952316284,5.016666889190674,48.96666717529297,19285.833984375,2021.942857142857,1.1815237998962402,27.990833282470703,301.22857142857146,1644.250244140625,1739.2572021484375,1.6547619104385376,1061.6571428571428,1,570,1,0,0,21,10,40
0,,0.0,32767.0,164.14285714285714,22125.333984375,29.483333587646484,8.449999809265137,15287.599609375,24.066667556762695,4.800000190734863,5.300000190734863,35.11666488647461,18749.333984375,1972.5714285714287,1.204285740852356,28.1009521484375,289.14285714285717,1709.17822265625,1801.4285888671875,1.6287857294082642,1116.6285714285714,1,570,1,1,0,24,9,
0,1.0,0.0,32767.0,161.4285714285714,18636.666015625,30.433332443237305,5.800000190734863,10751.56640625,20.016666412353516,3.799999952316284,5.25,46.983333587646484,15739.6669921875,1939.2285714285715,1.2069286108016968,28.15809440612793,306.57142857142856,1660.6319580078125,1776.028564453125,1.618071436882019,1070.7428571428572,6,570,1,0,0,34,8,1
0,,0.0,32767.0,160.5918367346938,15398.5,34.099998474121094,4.5333333015441895,13855.4833984375,20.899999618530273,4.0,5.300000190734863,46.41666793823242,14485.6669921875,2006.2,1.198190450668335,28.134166717529297,303.0,1670.87158203125,1771.05712890625,1.6278095245361328,1078.2857142857142,4,570,1,1,0,34,3,
0,97.0,0.23261117935180664,32767.0,159.21276595744672,16729.666015625,30.016666412353516,11.583333015441895,15892.1669921875,23.616666793823242,4.800000190734863,5.400000095367432,48.650001525878906,31175.666015625,2405.6,1.1786190271377563,27.860595703125,287.51428571428573,1633.6011962890625,1820.771484375,1.6366666555404663,1064.5428571428572,0,570,1,0,0,21,26,52
0,65.0,0.15849487483501434,32767.0,159.21276595744672,15832.4443359375,24.5222225189209,11.166666984558105,14490.2607421875,19.649999618530273,3.8999998569488525,5.4666666984558105,52.599998474121094,22208.888671875,2368.2285714285713,1.1706666946411133,27.894405364990234,291.57142857142856,1646.7872314453125,1771.82861328125,1.6192618608474731,1069.2285714285715,0,570,1,0,0,31,7,24
0,105.0,0.3306727409362793,32767.0,159.24999999999991,15847.0,28.200000762939453,18.16666603088379,14471.1337890625,21.649999618530273,4.599999904632568,5.383333206176758,48.41666793823242,20877.333984375,2541.5714285714284,1.1864523887634277,27.9858341217041,303.6,1647.216796875,1760.6285400390625,1.6572619676589966,1060.4285714285713,0,570,1,0,0,31,5,38
0,,0.0,32767.0,159.30303030303023,19184.666015625,26.549999237060547,10.283333778381348,19171.533203125,19.96666717529297,4.699999809265137,5.300000190734863,48.849998474121094,25993.0,2635.1428571428573,1.1924999952316284,28.138809204101562,310.2,1658.67529296875,1726.3428955078125,1.6354762315750122,1062.7428571428572,7,570,1,0,0,24,13,
0,182.0,0.839224636554718,3269.0,332.3999999999998,17015.333984375,35.45000076293945,16.811111450195312,32387.267578125,29.688888549804688,6.733333110809326,4.683333396911621,31.53333282470703,36387.83203125,3478.7714285714287,0.6925714015960693,25.825000762939453,123.14285714285714,1805.56494140625,2844.0,-1.370642900466919,1235.142857142857,0,465,1,0,1,11,13,114
1,351.0,0.9156214594841003,4385.0,328.70833333333314,22314.5,38.599998474121094,8.699999809265137,26376.06640625,24.383333206176758,5.699999809265137,4.7833333015441895,30.316667556762695,30829.833984375,3468.5142857142855,0.6959999799728394,25.92202377319336,128.37142857142857,1805.8983154296875,2852.45703125,-1.368499994277954,1233.8285714285714,0,465,1,0,1,42,8,220
1,216.0,0.42189282178878784,4528.0,311.24489795918356,20143.666015625,37.25,11.516666412353516,21636.30078125,23.46666717529297,5.0,4.699999809265137,29.899999618530273,35396.0,3439.1714285714284,0.6996428370475769,26.106904983520508,129.9142857142857,1779.5963134765625,2942.571533203125,-1.3227380514144897,1225.857142857143,1,465,1,1,0,41,6,124
0,367.0,0.9361459612846375,1066.0,296.4791666666664,14188.8330078125,41.25,3.0999999046325684,20522.833984375,25.91666603088379,4.699999809265137,4.5,32.43333435058594,25626.333984375,1399.0,0.7509047389030457,24.81011962890625,70.31428571428572,1560.4228515625,2734.771484375,1.3924286365509033,1153.5142857142857,0,464,1,1,0,42,21,205
0,137.0,0.9087799191474915,1096.0,288.6122448979591,11379.1669921875,32.349998474121094,5.666666507720947,23024.416015625,33.93333435058594,6.099999904632568,4.300000190734863,42.13333511352539,41271.5,1523.4285714285713,0.7782857418060303,25.119047164916992,90.6,1540.1063232421875,2756.771484375,1.3946905136108398,1128.6571428571428,0,464,1,1,0,11,21,76
0,363.0,0.9315849542617798,1068.0,289.26530612244886,11831.3330078125,39.849998474121094,5.883333206176758,18111.650390625,21.633333206176758,4.300000190734863,4.050000190734863,32.36666488647461,21245.833984375,1640.142857142857,0.8019285798072815,25.343929290771484,97.25714285714285,1575.8133544921875,2724.39990234375,1.3742142915725708,1146.6571428571428,0,466,1,1,0,21,30,201
0,100.0,0.09122006595134735,2264.0,267.6734693877549,15036.5,28.149999618530273,9.5,14886.4501953125,21.566667556762695,4.0,5.0,50.349998474121094,20582.5,3007.4,0.9936904907226562,26.80154800415039,171.94285714285715,1638.5430908203125,2163.54296875,1.333738088607788,1154.3714285714286,5,466,1,0,0,21,4,41
0,124.0,0.7035347819328308,3989.0,254.24489795918348,13384.1669921875,32.83333206176758,7.233333110809326,19356.666015625,26.600000381469727,4.599999904632568,4.900000095367432,47.71666717529297,22160.0,2988.1428571428573,1.0127142667770386,27.015953063964844,173.54285714285714,1646.766357421875,2133.914306640625,1.3493809700012207,1163.4571428571428,6,466,1,0,0,11,16,56
0,198.0,0.5416191816329956,3286.0,239.26530612244878,15050.6669921875,31.08333396911621,10.233333587646484,17254.8671875,21.58333396911621,3.9000000953674316,4.900000095367432,48.31666564941406,20359.833984375,2969.0,1.0296666622161865,27.106189727783203,169.68571428571428,1677.142822265625,2192.571533203125,1.3943570852279663,1187.9714285714285,0,570,1,0,0,21,8,82
0,153.0,0.0,3205.0,226.10204081632637,21203.111328125,27.33333396911621,10.0,16448.45703125,19.950000762939453,3.9000000953674316,4.900000095367432,52.58333206176758,23458.27734375,2843.542857142857,1.0452381372451782,27.21261978149414,188.28571428571428,1654.1229248046875,2090.39990234375,1.4063094854354858,1157.057142857143,1,570,1,0,0,21,13,61
1,259.0,0.31356897950172424,2884.0,216.0612244897957,14347.6669921875,23.25,9.883333206176758,14837.8837890625,19.46666717529297,3.9000000953674316,5.0,58.16666793823242,20961.666015625,2497.8,1.1027381420135498,27.51523780822754,218.4,1632.6473388671875,2005.0,1.4620238542556763,1128.2857142857142,0,570,1,0,0,41,23,103
0,46.0,0.2234891653060913,2759.0,209.55102040816305,13230.6669921875,25.950000762939453,7.449999809265137,12954.1337890625,19.91666603088379,4.300000190734863,5.199999809265137,58.88333511352539,20646.0,2460.9714285714285,1.1216905117034912,27.58702278137207,218.0857142857143,1619.33447265625,1990.6856689453125,1.479095220565796,1124.3428571428572,1,570,1,1,0,41,23,19
0,31.05175204029474,0.3911060392856598,17342.0,202.75510204081604,19245.166015625,28.200000762939453,11.033333778381348,17518.6328125,20.733333587646484,4.0,5.300000190734863,52.04999923706055,20894.666015625,2441.3714285714286,1.1466904878616333,27.70619010925293,229.4857142857143,1608.7974853515625,1940.3714599609375,1.5090951919555664,1108.6,0,570,1,0,0,21,8,12
0,44.0,0.40935006737709045,22036.0,197.9387755102038,16747.333984375,27.399999618530273,10.616666793823242,16369.6162109375,21.233333587646484,4.099999904632568,5.199999809265137,53.5,26141.833984375,2382.3142857142857,1.1548571586608887,27.714641571044922,237.42857142857142,1612.9246826171875,1939.7427978515625,1.5288809537887573,1104.6857142857143,1,570,1,0,0,21,22,19
0,130.0,0.19042189419269562,32767.0,192.34693877550998,19269.666015625,27.91666603088379,7.900000095367432,17157.833984375,20.66666603088379,4.099999904632568,5.199999809265137,53.04999923706055,24278.166015625,2223.9142857142856,1.1481666564941406,27.676666259765625,255.0857142857143,1605.22509765625,1890.3143310546875,1.5795713663101196,1079.8,0,570,1,0,0,31,5,67
0,78.0,0.5883694291114807,32767.0,188.30612244897947,15868.0,27.383333206176758,8.983333587646484,13716.533203125,19.049999237060547,3.799999952316284,5.0,53.266666412353516,20900.166015625,2055.9142857142856,1.1610238552093506,27.750595092773438,270.9428571428571,1626.7896728515625,1860.0,1.5814048051834106,1079.5142857142857,0,570,1,1,0,21,24,30
0,101.0,0.014823260717093945,32767.0,183.2653061224489,14800.5,30.866666793823242,8.550000190734863,13118.9501953125,18.133333206176758,3.5999999046325684,5.199999809265137,53.29999923706055,23668.0,2190.6857142857143,1.1797857284545898,27.887142181396484,267.9714285714286,1621.2491455078125,1835.4857177734375,1.600928544998169,1082.1142857142856,0,570,1,0,0,34,6,39
0,,0.0,32767.0,177.34693877551015,19362.666015625,29.649999618530273,4.900000095367432,12197.31640625,20.183332443237305,3.9000000953674316,5.300000190734863,51.08333206176758,14197.6669921875,2184.0857142857144,1.204976201057434,28.050832748413086,274.8,1623.7738037109375,1820.5142822265625,1.6164284944534302,1081.7428571428572,3,570,1,0,0,34,2,
0,84.0,0.042189281433820724,32767.0,170.79591836734693,16465.333984375,29.866666793823242,11.366666793823242,18497.166015625,21.03333282470703,4.0,5.25,51.400001525878906,26625.833984375,2020.2571428571428,1.201023817062378,27.932857513427734,299.2857142857143,1634.154052734375,1770.3428955078125,1.6212142705917358,1060.0,0,570,1,1,0,31,4,30
0,101.0,0.015963511541485786,32767.0,166.3877551020408,18650.0,25.799999237060547,9.783333778381348,13501.7001953125,18.883333206176758,3.9000000953674316,5.199999809265137,55.79999923706055,22372.0,2021.942857142857,1.1815237998962402,27.990833282470703,301.22857142857146,1644.250244140625,1739.2572021484375,1.6547619104385376,1061.6571428571428,3,570,1,0,0,31,3,49
1,112.0,0.0,32767.0,162.71428571428572,11757.6669921875,25.399999618530273,9.75,13339.5,19.75,3.799999952316284,5.300000190734863,52.71666717529297,40576.0,2325.542857142857,1.19778573513031,28.121191024780273,283.0571428571429,1632.7152099609375,1755.4285888671875,1.6633332967758179,1075.5428571428572,0,570,1,1,0,42,11,43
0,2.0,0.0,32767.0,160.83673469387753,18330.666015625,27.75,7.316666603088379,12188.6337890625,20.700000762939453,3.799999952316284,5.199999809265137,52.25,31521.333984375,2216.457142857143,1.197261929512024,28.145477294921875,289.54285714285714,1635.20263671875,1752.2857666015625,1.6720237731933594,1070.8285714285714,6,570,1,1,0,34,2,
0,,0.0,31635.0,160.20408163265301,21232.666015625,25.600000381469727,6.699999809265137,12221.533203125,20.700000762939453,4.099999904632568,5.300000190734863,53.03333282470703,16459.333984375,2694.5714285714284,1.2067856788635254,28.15488052368164,271.1142857142857,1694.6376953125,1784.3428955078125,1.7295953035354614,1123.2571428571428,11,570,1,0,0,34,3,
0,,0.006841504946351051,32767.0,159.81249999999991,19349.0,30.483333587646484,8.566666603088379,16077.68359375,22.049999237060547,4.800000190734863,5.5,52.46666717529297,24467.0,2617.5142857142855,1.1998333930969238,28.040952682495117,294.51428571428573,1642.642333984375,1774.3714599609375,1.6858571767807007,1066.3714285714286,1,570,1,1,0,34,2,
0,90.0,0.2633979618549347,32767.0,159.5777777777777,18752.333984375,28.316667556762695,11.433333396911621,14599.56640625,20.933332443237305,3.799999952316284,5.416666507720947,54.516666412353516,32136.333984375,2626.6857142857143,1.1904761791229248,27.944286346435547,279.9428571428571,1640.3128662109375,1757.8857421875,1.6713809967041016,1078.9142857142858,0,570,1,0,0,31,2,32
0,,0.0,32767.0,159.24999999999991,16433.5,26.183332443237305,11.5,12394.599609375,20.233333587646484,3.799999952316284,5.4666666984558105,50.79999923706055,18305.833984375,2776.342857142857,1.1932381391525269,28.087142944335938,274.8,1647.2470703125,1746.2572021484375,1.6866666078567505,1090.3428571428572,1,570,1,0,0,34,5,
0,,0.0,32350.0,159.67741935483866,19386.666015625,26.766666412353516,8.533333778381348,11175.966796875,20.03333282470703,3.9000000953674316,5.300000190734863,51.516666412353516,15313.1669921875,3076.4857142857145,1.1946429014205933,28.167142868041992,269.0571428571429,1672.77294921875,1760.17138671875,1.6601428985595703,1111.1714285714286,3,570,1,0,0,34,30,
1,341.0,0.8358038663864136,1509.0,337.86666666666645,19292.666015625,39.20000076293945,14.033333778381348,35648.81640625,24.066667556762695,4.900000095367432,4.7833333015441895,31.799999237060547,26958.666015625,3523.4,0.7095237970352173,25.925119400024414,132.94285714285715,1816.3375244140625,2675.628662109375,-1.3456429243087769,1238.057142857143,0,465,1,0,1,41,5,215
0,288.0,0.9566704630851746,1067.0,335.1702127659573,17060.166015625,41.983333587646484,13.866666793823242,25235.3828125,23.41666603088379,4.599999904632568,4.650000095367432,32.13333511352539,28654.833984375,3524.8,0.6973333358764648,25.824167251586914,128.4857142857143,1809.707275390625,2713.228515625,-1.3387142419815063,1234.9714285714285,0,465,1,0,1,31,17,182
0,,0.473204106092453,1617.0,322.7755102040814,18114.166015625,38.66666793823242,8.75,22103.166015625,23.116666793823242,5.0,4.900000095367432,36.61666488647461,25939.166015625,3532.1428571428573,0.6934523582458496,25.913333892822266,128.14285714285714,1795.2054443359375,2805.685791015625,-1.33390474319458,1229.3714285714286,5,465,1,0,1,21,8,
1,408.0,0.7890536189079285,7242.0,311.24489795918356,20461.666015625,40.733333587646484,13.566666603088379,23706.75,23.483333587646484,4.900000095367432,4.599999904632568,29.899999618530273,28861.0,3446.114285714286,0.7056428790092468,26.191547393798828,135.85714285714286,1782.50439453125,2913.6572265625,-1.3271905183792114,1226.4,0,465,1,1,0,42,8,252
0,99.0,0.40935006737709045,7418.0,314.4897959183671,17453.0,44.849998474121094,14.399999618530273,22285.19921875,23.233333587646484,4.900000095367432,4.699999809265137,29.933332443237305,27376.0,3469.5714285714284,0.7067142724990845,26.171667098999023,137.65714285714284,1785.1705322265625,2910.085693359375,-1.3116190433502197,1225.3714285714286,0,465,1,1,0,42,2,39
0,,0.0,31486.0,305.65853658536554,25787.166015625,32.45000076293945,13.333333015441895,17791.0,25.16666603088379,5.199999809265137,5.400000095367432,11.783333778381348,24838.833984375,3356.8285714285716,0.7192381024360657,26.475357055664062,169.34285714285716,1775.79150390625,2854.485595703125,-1.2779523134231567,1216.3428571428572,18,511,1,0,1,34,17,
1,146.0,0.009122006595134735,32767.0,295.99999999999983,25129.0,37.36666488647461,10.116666793823242,24627.30078125,27.58333396911621,6.199999809265137,5.0,20.049999237060547,51918.0,3202.6857142857143,0.7451905012130737,26.676666259765625,211.0,1824.14697265625,2645.8857421875,-1.329809546470642,1235.0,0,611,1,0,1,21,8,60
0,388.0,0.7343215346336365,1140.0,291.3617021276593,17113.0,30.633333206176758,2.866666555404663,20887.599609375,25.316667556762695,5.300000190734863,4.300000190734863,40.650001525878906,24569.333984375,1384.0857142857142,0.6890714168548584,23.85547637939453,61.542857142857144,1525.6229248046875,2822.1142578125,1.3238571882247925,1120.057142857143,0,464,1,1,0,21,35,217
1,7.0,0.28734320402145386,1153.0,297.081632653061,12806.1669921875,45.516666412353516,6.633333206176758,15584.9501953125,20.399999618530273,3.700000047683716,4.599999904632568,32.68333435058594,45025.5,2974.2285714285713,0.9215952157974243,26.265119552612305,127.2,1672.001220703125,2418.742919921875,1.295023798942566,1199.0,0,466,1,1,0,31,13,3
0,83.0,0.758266806602478,1297.0,254.7551020408161,13647.1669921875,27.788888931274414,9.333333015441895,16819.078125,20.488887786865234,3.5999999046325684,4.950000286102295,53.9555549621582,16533.388671875,3223.714285714286,0.9869285821914673,26.742023468017578,164.65714285714284,1642.677734375,2201.257080078125,1.3231667280197144,1162.3142857142857,4,466,1,0,1,31,2,36
0,101.0,0.07297605276107788,3099.0,254.7551020408161,14983.27734375,29.344444274902344,5.577777862548828,16289.8662109375,20.08888816833496,3.9000000953674316,5.099999904632568,48.761112213134766,21025.83203125,3158.8285714285716,1.0245475769042969,27.09321403503418,176.14285714285714,1637.5159912109375,2118.571533203125,1.3869285583496094,1156.8857142857144,4,570,1,0,0,31,11,38
0,195.0,0.285062700510025,1912.0,239.81632653061203,14302.27734375,27.177776336669922,8.23888874053955,15898.3505859375,20.41666603088379,3.7333333492279053,5.0,51.022220611572266,22235.666015625,3137.2571428571428,1.0424286127090454,27.217262268066406,179.82857142857142,1642.87939453125,2091.0,1.39980947971344,1159.4,3,570,1,0,0,41,10,74
0,102.0,0.3158494830131531,3169.0,225.2857142857141,14270.0,25.200000762939453,8.933333396911621,14550.599609375,20.233333587646484,4.199999809265137,5.0,59.150001525878906,24496.0,3095.657142857143,1.0720000267028809,27.374286651611328,181.88571428571427,1617.9814453125,2111.1142578125,1.4306905269622803,1148.1142857142856,0,570,1,0,0,31,15,39
1,251.0,0.24515393376350403,10930.0,213.97959183673447,17214.0,25.16666603088379,6.983333110809326,15125.25,18.5,4.0,5.183333396911621,61.18333435058594,19688.0,2981.885714285714,1.1153333187103271,27.594999313354492,192.9142857142857,1596.18359375,2049.05712890625,1.4765238761901855,1134.0,0,570,1,0,0,41,29,111
0,60.0,0.11858608573675156,14255.0,205.67346938775486,12009.3330078125,22.100000381469727,6.416666507720947,15645.650390625,18.96666717529297,3.799999952316284,5.183333396911621,63.13333511352539,17267.666015625,2988.6,1.118333339691162,27.601308822631836,200.62857142857143,1605.0616455078125,2024.8857421875,1.5105476379394531,1126.9142857142858,0,570,1,0,0,21,19,25
0,55.0,0.09806157648563385,23173.0,192.4693877551018,14817.0,27.200000762939453,8.316666603088379,14533.3837890625,21.100000381469727,4.5,5.050000190734863,57.599998474121094,27846.5,2863.8285714285716,1.1492619514465332,27.789167404174805,215.85714285714286,1599.8695068359375,1971.17138671875,1.5569523572921753,1115.6857142857143,4,570,1,0,0,24,12,25
0,,0.0,23369.0,192.4693877551018,22402.333984375,24.483333587646484,7.633333206176758,15285.5166015625,22.600000381469727,4.099999904632568,5.400000095367432,61.150001525878906,18187.166015625,2651.8,1.156095266342163,27.75511932373047,230.11428571428573,1596.5009765625,1947.5999755859375,1.5390952825546265,1099.7142857142858,4,570,1,0,0,34,13,
0,77.0,0.13226909935474396,32767.0,186.06122448979573,15234.6669921875,25.383333206176758,8.433333396911621,13460.6669921875,18.649999618530273,3.700000047683716,5.300000190734863,61.79999923706055,16155.6669921875,2499.057142857143,1.1850714683532715,27.918214797973633,248.68571428571428,1594.9827880859375,1916.971435546875,1.5763332843780518,1086.2571428571428,1,570,1,0,0,21,2,38
0,121.0,0.1824401319026947,32767.0,181.65306122448968,17307.666015625,31.16666603088379,7.916666507720947,12567.9169921875,19.483333587646484,4.0,5.25,49.36666488647461,18641.0,2328.2,1.1828094720840454,27.870357513427734,262.3142857142857,1620.81396484375,1860.5428466796875,1.5922857522964478,1086.9714285714285,0,570,1,0,0,21,26,51
0,,0.0,32767.0,177.938775510204,16106.0,28.41666603088379,7.766666889190674,11778.3330078125,19.649999618530273,3.9000000953674316,5.25,51.900001525878906,13267.3330078125,2613.1714285714284,1.203952431678772,28.06166648864746,256.9428571428571,1610.4986572265625,1868.6285400390625,1.6257857084274292,1090.0857142857142,8,570,1,0,0,41,17,
0,,0.0,32767.0,173.34693877551018,25142.5,28.233333587646484,7.7833333015441895,14461.75,22.299999237060547,4.800000190734863,5.199999809265137,53.93333435058594,17507.5,2645.8,1.209238052368164,28.127975463867188,261.25714285714287,1721.0054931640625,1830.8857421875,1.6196904182434082,1151.5142857142857,2,570,1,0,0,24,17,
0,89.0,0.0034207524731755257,32767.0,170.79591836734693,11885.6669921875,25.58333396911621,8.350000381469727,14480.6337890625,22.0,3.9000000953674316,5.25,54.81666564941406,28695.666015625,2314.885714285714,1.1874524354934692,27.91083335876465,275.77142857142854,1628.9007568359375,1772.5142822265625,1.6539523601531982,1077.2571428571428,5,570,1,0,0,34,6,41
0,,0.0,32767.0,166.3877551020408,19686.5,29.933332443237305,6.666666507720947,12201.783203125,19.983333587646484,3.799999952316284,5.300000190734863,51.31666564941406,14760.6669921875,2352.542857142857,1.2064523696899414,28.121665954589844,276.74285714285713,1660.72412109375,1797.2857666015625,1.6591904163360596,1099.8,13,570,1,0,0,24,16,
0,98.0,0.06157354637980461,30745.0,161.89795918367346,14263.3330078125,24.016666412353516,12.483333587646484,12304.93359375,20.33333396911621,3.5999999046325684,5.300000190734863,53.58333206176758,22895.333984375,2460.5142857142855,1.2053571939468384,28.15011978149414,297.3142857142857,1640.9691162109375,1761.4857177734375,1.6685951948165894,1065.857142857143,0,570,1,1,0,24,11,41
0,,0.0,30170.0,161.44897959183672,19178.833984375,25.96666717529297,9.166666984558105,11230.18359375,20.299999237060547,4.099999904632568,5.266666889190674,54.41666793823242,26765.0,2734.1714285714284,1.2140238285064697,28.21714210510254,267.8857142857143,1622.7972412109375,1769.800048828125,1.7029047012329102,1086.5142857142857,5,570,1,0,0,34,2,
0,,0.0,23408.0,161.53061224489792,21823.0,27.088890075683594,5.505555629730225,12739.310546875,20.33888816833496,3.9000000953674316,5.277778148651123,55.627777099609375,35344.3359375,2965.8,1.2072380781173706,28.113571166992188,269.2857142857143,1631.8138427734375,1777.5714111328125,1.7240713834762573,1087.5428571428572,19,570,1,0,0,21,35,
0,49.0,0.13340935111045837,21515.0,161.10638297872333,18719.833984375,29.700000762939453,10.683333396911621,17647.232421875,20.266666412353516,3.700000047683716,5.400000095367432,49.45000076293945,26791.0,2908.4285714285716,1.2001667022705078,28.09083366394043,267.45714285714286,1657.330322265625,1775.4571533203125,1.7382856607437134,1102.5714285714287,2,570,1,0,0,21,5,18
0,49.0,0.06271379441022873,23911.0,160.83720930232553,20908.0,27.450000762939453,11.633333206176758,18312.06640625,21.383333206176758,4.199999809265137,5.383333206176758,55.849998474121094,27598.0,3004.9714285714285,1.1845238208770752,28.030357360839844,263.42857142857144,1695.66943359375,1769.4285888671875,1.7081904411315918,1126.142857142857,3,570,1,0,0,21,5,18
0,,0.0,21744.0,161.19444444444434,21379.833984375,25.633333206176758,6.550000190734863,14115.9169921875,20.383333206176758,4.300000190734863,5.349999904632568,54.18333435058594,15470.3330078125,3363.7714285714287,1.1940475702285767,28.110952377319336,252.94285714285715,1689.170654296875,1802.1142578125,1.7032618522644043,1133.5428571428572,2,570,1,0,0,24,16,
0,86.0,0.7776510715484619,1381.0,340.9534883720928,16186.6669921875,33.81666564941406,11.016666412353516,21556.56640625,22.483333587646484,4.800000190734863,4.7833333015441895,37.45000076293945,25003.333984375,3505.0,0.7150952219963074,25.895357131958008,135.0857142857143,1812.6900634765625,2613.028564453125,-1.343000054359436,1233.6571428571428,0,465,1,0,1,21,1,55
0,318.0,0.9714937210083008,1514.0,337.333333333333,18648.333984375,35.54999923706055,11.816666603088379,23964.5,23.5222225189209,5.199999809265137,4.650000095367432,37.14444351196289,28405.0,3582.8285714285716,0.7000476121902466,25.82428550720215,130.65714285714284,1804.174072265625,2674.685791015625,-1.3183095455169678,1229.8285714285714,0,465,1,0,1,42,17,202
0,149.0,0.8688711524009705,1661.0,332.2040816326528,16742.388671875,37.64444351196289,11.861111640930176,27939.921875,24.2722225189209,4.866666793823242,4.650000095367432,33.588890075683594,36824.83203125,3533.6,0.6940714120864868,25.86880874633789,129.71428571428572,1801.7615966796875,2779.228515625,-1.3403809070587158,1229.3142857142857,1,465,1,0,1,41,8,94
0,164.0,0.8973774313926697,2133.0,327.9387755102038,15699.8330078125,40.33333206176758,12.600000381469727,29560.94921875,22.516666412353516,4.800000190734863,4.7833333015441895,32.95000076293945,29491.333984375,3543.942857142857,0.7099761962890625,26.123332977294922,140.5142857142857,1800.6181640625,2721.228515625,-1.3096190690994263,1228.3142857142857,0,465,1,0,1,21,10,103
0,206.0,0.7662485837936401,1953.0,324.99999999999966,20104.0,37.016666412353516,12.433333396911621,33135.93359375,25.316667556762695,5.400000095367432,4.699999809265137,30.78333282470703,55203.66796875,3530.1714285714284,0.7059285640716553,26.1155948638916,138.0857142857143,1795.782958984375,2822.60009765625,-1.3094762563705444,1227.0285714285715,4,465,1,0,0,42,8,129
1,86.0,0.4070695638656616,5068.0,320.99999999999966,21920.166015625,44.5,9.699999809265137,24763.017578125,24.100000381469727,5.400000095367432,4.699999809265137,28.399999618530273,29379.333984375,3546.342857142857,0.7181428670883179,26.2934513092041,140.6,1780.2760009765625,2863.685791015625,-1.3118095397949219,1226.1714285714286,1,465,1,0,0,41,2,36
1,53.0,0.5655644536018372,9448.0,318.1836734693874,21897.333984375,39.93333435058594,10.75,22218.982421875,23.83333396911621,5.0,4.75,30.233333587646484,28828.0,3512.4285714285716,0.7063809633255005,26.207380294799805,139.45714285714286,1776.2818603515625,2902.05712890625,-1.29878568649292,1222.3714285714286,2,465,1,0,0,42,3,29
1,187.0,0.3774230182170868,20616.0,315.1666666666663,17090.27734375,39.761112213134766,11.538888931274414,19776.271484375,23.561111450195312,5.699999809265137,4.599999904632568,32.5,26120.5,3471.457142857143,0.7152143120765686,26.383094787597656,155.68571428571428,1779.196533203125,2804.485595703125,-1.2510476112365723,1219.5142857142857,1,465,1,0,0,41,20,99
1,130.0,0.0011402508243918419,29293.0,313.32558139534854,20557.333984375,37.45000076293945,8.816666603088379,20457.25,23.016666412353516,5.400000095367432,4.683333396911621,31.766666412353516,38383.33203125,3373.5142857142855,0.7132142782211304,26.421546936035156,170.4,1775.009521484375,2776.228515625,-1.274404764175415,1211.0857142857142,0,511,1,0,0,41,3,66
1,225.0,0.0,32767.0,303.4999999999998,25336.333984375,27.983333587646484,11.800000190734863,24392.43359375,24.96666717529297,5.800000190734863,4.75,23.133333206176758,55858.66796875,3289.3714285714286,0.725261926651001,26.5863094329834,195.57142857142858,1795.47802734375,2674.085693359375,-1.2550238370895386,1220.0857142857142,0,480,1,0,1,21,11,117
0,233.0,0.9486886858940125,1077.0,286.1111111111109,14451.8330078125,31.433332443237305,2.683333396911621,21759.783203125,29.483333587646484,6.300000190734863,4.349999904632568,41.266666412353516,29142.166015625,1382.1714285714286,0.6607857346534729,23.4280948638916,59.371428571428574,1520.5216064453125,2798.028564453125,1.2996904850006104,1109.5714285714287,0,464,1,1,0,41,27,130
0,273.0,0.9578106999397278,1046.0,284.8541666666666,13266.0,33.29999923706055,6.133333206176758,24932.349609375,28.399999618530273,6.099999904632568,4.5,41.53333282470703,24169.0,1449.9142857142858,0.7014047503471375,24.046546936035156,70.6,1522.49365234375,2808.6572265625,1.3535714149475098,1112.7142857142858,0,464,1,1,0,21,22,124
0,186.0,0.7251995205879211,2174.0,253.95918367346917,14124.3330078125,30.399999618530273,6.949999809265137,17733.19921875,20.933332443237305,4.199999809265137,4.900000095367432,47.36666488647461,16825.333984375,3399.8,1.0113095045089722,26.953691482543945,168.5142857142857,1639.8037109375,2146.05712890625,1.3884762525558472,1159.3142857142857,2,570,1,0,0,21,17,76
0,161.0,0.7286202907562256,1256.0,238.16326530612216,10946.8330078125,23.383333206176758,6.2166666984558105,14755.2998046875,18.41666603088379,3.5999999046325684,4.900000095367432,50.983333587646484,18690.0,3407.4285714285716,1.0456666946411133,27.229999542236328,168.8,1630.552490234375,2150.485595703125,1.396142840385437,1161.1714285714286,0,570,1,0,0,41,35,62
0,264.0,0.583808422088623,6441.0,223.7142857142855,13371.6669921875,24.33333396911621,6.650000095367432,15292.06640625,20.03333282470703,3.9000000953674316,4.900000095367432,52.78333282470703,20891.0,3372.4285714285716,1.0784047842025757,27.430952072143555,173.62857142857143,1601.0439453125,2121.914306640625,1.4428095817565918,1147.057142857143,0,570,1,0,0,31,8,123
0,149.0,0.01824401319026947,3509.0,212.40816326530592,15577.3330078125,23.600000381469727,5.199999809265137,15253.6162109375,19.066667556762695,3.799999952316284,5.099999904632568,51.650001525878906,18178.0,3347.8,1.0843095779418945,27.481548309326172,187.5142857142857,1621.9866943359375,2049.0,1.4756666421890259,1143.4857142857143,3,570,1,0,0,41,12,68
0,,0.19384264945983887,16120.0,205.67346938775486,18806.666015625,25.516666412353516,7.616666793823242,14301.533203125,17.816667556762695,3.700000047683716,5.199999809265137,57.31666564941406,21342.5,2988.6,1.118333339691162,27.601308822631836,200.62857142857143,1605.0616455078125,2024.8857421875,1.5105476379394531,1126.9142857142858,7,570,1,0,0,31,9,
0,,0.0,23966.0,194.9999999999998,17707.0,23.33333396911621,8.649999618530273,13854.7998046875,20.21666717529297,3.799999952316284,5.300000190734863,59.349998474121094,17246.0,2985.6285714285714,1.1691428422927856,27.880475997924805,218.68571428571428,1594.5799560546875,1960.3143310546875,1.5331190824508667,1113.8,1,570,1,0,0,34,3,
0,71.0,0.41619154810905457,26616.0,188.5510204081631,20014.833984375,23.366666793823242,8.699999809265137,15481.599609375,19.25,3.9000000953674316,5.199999809265137,61.56666564941406,23412.333984375,2945.2285714285713,1.1698333024978638,27.898332595825195,221.17142857142858,1595.1444091796875,1938.4857177734375,1.5739524364471436,1111.857142857143,0,570,1,0,0,31,10,32
0,,0.0,32767.0,186.06122448979573,19716.833984375,23.600000381469727,7.25,14174.4501953125,20.433332443237305,4.199999809265137,5.300000190734863,62.13333511352539,17323.833984375,2678.2571428571428,1.1835952997207642,27.950119018554688,242.6,1593.4036865234375,1931.800048828125,1.5777618885040283,1091.6285714285714,2,570,1,0,0,24,13,
0,,0.15963512659072876,32767.0,178.2653061224489,21089.666015625,27.616666793823242,6.316666603088379,13070.2333984375,22.066667556762695,4.5,5.2833333015441895,55.66666793823242,18144.333984375,2616.8285714285716,1.1954761743545532,28.003690719604492,249.77142857142857,1603.5709228515625,1873.800048828125,1.6212619543075562,1092.0,3,570,1,0,0,31,17,
0,,0.03876852989196777,32767.0,175.04081632653055,24226.5,31.46666717529297,8.133333206176758,17576.30078125,23.03333282470703,4.400000095367432,5.199999809265137,47.56666564941406,20635.333984375,2781.4285714285716,1.2026190757751465,28.076427459716797,249.8,1667.50537109375,1868.914306640625,1.6225237846374512,1130.3714285714286,9,570,1,0,0,34,17,
0,,0.0,32767.0,170.95918367346937,19608.388671875,26.877777099609375,3.711111068725586,11649.466796875,21.00555419921875,4.5333333015441895,5.183333396911621,57.7944450378418,12919.7216796875,2645.8,1.209238052368164,28.127975463867188,261.25714285714287,1721.0054931640625,1830.8857421875,1.6196904182434082,1151.5142857142857,0,570,1,0,0,21,17,
0,,0.0,28795.0,166.8571428571428,18843.833984375,23.366666793823242,6.900000095367432,12260.5,20.366666793823242,4.599999904632568,5.2833333015441895,45.483333587646484,14970.3330078125,2883.4,1.2159762382507324,28.180356979370117,263.65714285714284,1694.31396484375,1777.7427978515625,1.6969523429870605,1132.8857142857144,3,570,1,0,0,24,13,
0,,0.0,23378.0,163.91836734693874,22746.666015625,28.983333587646484,11.566666603088379,14298.7998046875,24.46666717529297,5.0,5.183333396911621,49.766666412353516,17606.333984375,2790.114285714286,1.2264047861099243,28.23130989074707,259.74285714285713,1658.9385986328125,1822.5142822265625,1.681333303451538,1118.0,1,570,1,0,0,34,6,
0,126.0,0.006841504946351051,21116.0,162.1020408163265,18320.0,30.316667556762695,7.083333492279053,13222.7998046875,18.866666793823242,4.0,5.2166666984558105,50.43333435058594,18305.0,2784.4285714285716,1.2100000381469727,28.217023849487305,271.0,1633.0177001953125,1777.3143310546875,1.7240238189697266,1088.2571428571428,0,570,1,0,0,24,3,61
0,,0.020524514839053154,20907.0,162.55102040816325,12014.6669921875,25.850000381469727,5.7833333015441895,11533.0498046875,18.66666603088379,3.700000047683716,5.25,57.28333282470703,14263.5,3209.8571428571427,1.2063095569610596,28.14178466796875,255.77142857142857,1619.4658203125,1812.7142333984375,1.701619029045105,1093.2571428571428,2,570,1,0,0,34,3,
0,,0.0,24611.0,161.53061224489792,19283.833984375,29.25,6.816666603088379,11515.0830078125,20.33333396911621,3.700000047683716,5.400000095367432,51.13333511352539,16450.333984375,2965.8,1.2072380781173706,28.113571166992188,269.2857142857143,1631.8138427734375,1777.5714111328125,1.7240713834762573,1087.5428571428572,8,570,1,0,0,31,3,
0,,0.0,13859.0,162.13043478260863,21538.666015625,26.399999618530273,11.199999809265137,12329.0830078125,20.983333587646484,4.800000190734863,5.25,56.516666412353516,14748.6669921875,3310.2285714285713,1.1974999904632568,28.094165802001953,257.8857142857143,1646.631103515625,1774.4285888671875,1.7664761543273926,1104.942857142857,5,570,1,0,0,24,17,
0,55.0,0.25313568115234375,8381.0,161.87804878048772,13896.3330078125,23.433332443237305,11.600000381469727,12892.6337890625,19.41666603088379,4.400000095367432,5.199999809265137,59.733333587646484,20848.166015625,3610.1428571428573,1.1622381210327148,27.97869110107422,249.71428571428572,1634.63037109375,1771.3143310546875,1.7447856664657593,1098.0285714285715,0,570,1,1,0,21,5,20
0,103.0,0.03192702308297157,10376.0,161.88235294117635,17814.0,25.0,8.616666793823242,15510.5,22.049999237060547,5.199999809265137,5.2833333015441895,56.78333282470703,32027.0,3750.342857142857,1.1884047985076904,28.099166870117188,256.6857142857143,1628.3187255859375,1753.1142578125,1.7477619647979736,1092.8857142857144,0,570,1,1,0,21,6,40
0,301.0,0.9452679753303528,1391.0,342.14634146341433,13497.0556640625,39.02222442626953,19.344444274902344,23669.6328125,24.211111068725586,4.800000190734863,4.650000095367432,33.97222137451172,25514.0,3549.8571428571427,0.7220476269721985,25.95083236694336,133.02857142857144,1809.29248046875,2538.257080078125,-1.3596428632736206,1238.5428571428572,0,465,1,0,1,21,20,191
0,178.0,0.9646522402763367,1098.0,339.081632653061,20727.166015625,38.28333282470703,11.649999618530273,23904.716796875,26.366666793823242,5.300000190734863,4.583333492279053,33.650001525878906,28781.666015625,3593.0857142857144,0.7042142748832703,25.866071701049805,135.4857142857143,1803.1446533203125,2674.45703125,-1.3041666746139526,1226.4571428571428,1,465,1,0,1,31,11,113
0,231.0,0.8939566612243652,1121.0,334.7959183673466,19623.166015625,36.43333435058594,7.633333206176758,22299.916015625,22.600000381469727,4.900000095367432,4.683333396911621,36.483333587646484,28469.0,3613.8571428571427,0.6971666812896729,25.89261817932129,131.11428571428573,1795.922607421875,2759.800048828125,-1.3205952644348145,1228.3714285714286,1,465,1,0,1,21,2,146
0,59.0,0.5222349166870117,4229.0,320.99999999999966,18366.333984375,42.95000076293945,10.094444274902344,20392.798828125,22.80555534362793,5.099999904632568,4.827777862548828,30.016666412353516,27273.0,3546.342857142857,0.7181428670883179,26.2934513092041,140.6,1780.2760009765625,2863.685791015625,-1.3118095397949219,1226.1714285714286,4,465,1,0,0,31,2,24
1,46.0,0.5724059343338013,3795.0,320.53061224489767,15384.8330078125,36.5,8.850000381469727,18214.333984375,23.633333206176758,5.5,4.849999904632568,33.233333587646484,27970.333984375,3546.342857142857,0.7181428670883179,26.2934513092041,140.6,1780.2760009765625,2863.685791015625,-1.3118095397949219,1226.1714285714286,0,465,1,0,0,21,11,20
1,,0.3568985164165497,17182.0,315.1666666666663,25526.833984375,42.04999923706055,12.716666221618652,27014.716796875,24.516666412353516,5.400000095367432,4.900000095367432,24.28333282470703,42340.0,3471.457142857143,0.7152143120765686,26.383094787597656,155.68571428571428,1779.196533203125,2804.485595703125,-1.2510476112365723,1219.5142857142857,3,465,1,0,1,42,2,
1,289.0,0.06955530494451523,32767.0,312.9393939393937,26751.0,34.83333206176758,14.516666412353516,24143.333984375,26.183332443237305,5.099999904632568,4.849999904632568,21.21666717529297,37283.33203125,3321.542857142857,0.723714292049408,26.570833206176758,200.9142857142857,1788.965576171875,2647.257080078125,-1.2235000133514404,1209.857142857143,0,480,1,0,1,24,11,178
0,308.90209235400886,0.9133409261703491,1228.0,286.1111111111109,15335.5,31.816667556762695,6.150000095367432,27606.69921875,29.53333282470703,6.599999904632568,4.349999904632568,41.766666412353516,27635.666015625,1382.1714285714286,0.6607857346534729,23.4280948638916,59.371428571428574,1520.5216064453125,2798.028564453125,1.2996904850006104,1109.5714285714287,0,464,1,1,0,31,27,173
0,259.0,0.9589509963989258,1043.0,279.14285714285694,11920.1669921875,34.38333511352539,4.683333396911621,19253.732421875,23.200000762939453,4.800000190734863,4.199999809265137,39.516666412353516,21709.166015625,1559.2571428571428,0.722095251083374,24.410476684570312,76.45714285714286,1523.4010009765625,2710.771484375,1.2895714044570923,1114.5142857142857,0,464,1,1,0,21,30,144
0,341.0,0.8460661172866821,1178.0,296.34693877551007,13759.0,43.516666412353516,6.416666507720947,20345.80078125,23.450000762939453,4.300000190734863,4.116666793823242,28.899999618530273,21471.166015625,1806.4,0.8582618832588196,26.190595626831055,105.22857142857143,1597.548095703125,2524.45703125,1.322595238685608,1172.2571428571428,0,464,1,1,0,42,29,189
0,184.0,0.611174464225769,1094.0,260.7959183673467,14493.3330078125,27.600000381469727,8.433333396911621,15216.93359375,20.616666793823242,3.5999999046325684,5.0,50.86666488647461,17304.166015625,3504.7428571428572,1.0049285888671875,26.994047164916992,162.4857142857143,1628.0721435546875,2162.371337890625,1.3752143383026123,1154.8285714285714,2,570,1,0,1,31,1,78
1,294.0,0.0809578076004982,3321.0,249.34693877550998,12838.9443359375,28.799999237060547,10.288888931274414,16466.189453125,21.866666793823242,3.8333332538604736,4.872222423553467,49.655555725097656,51698.890625,3510.8571428571427,1.0268809795379639,27.156904220581055,163.31428571428572,1629.4951171875,2147.1142578125,1.3864761590957642,1160.142857142857,3,570,1,0,1,34,10,115
0,234.0,0.03876852989196777,3565.0,238.16326530612216,16556.611328125,27.761110305786133,6.016666889190674,17654.2734375,20.066665649414062,3.8333334922790527,5.199999809265137,49.45000076293945,22479.22265625,3478.285714285714,1.042285680770874,27.236547470092773,165.85714285714286,1615.5147705078125,2161.085693359375,1.3840476274490356,1154.2285714285715,3,570,1,0,0,21,5,110
0,135.0,0.05587229132652283,6305.0,222.53061224489772,13599.3330078125,25.566667556762695,6.400000095367432,15149.7333984375,18.899999618530273,3.9000000953674316,5.199999809265137,53.516666412353516,20091.666015625,3548.8,1.082381010055542,27.5528564453125,173.62857142857143,1624.2667236328125,2114.028564453125,1.4689761400222778,1159.4,1,570,1,0,0,41,5,51
0,89.0,0.04446978494524956,7986.0,212.38775510204061,12799.5,24.816667556762695,8.633333206176758,13790.9501953125,19.71666717529297,3.9000000953674316,4.900000095367432,55.68333435058594,16343.5,3419.6285714285714,1.080714225769043,27.483810424804688,185.0857142857143,1618.7105712890625,2069.085693359375,1.4918333292007446,1143.142857142857,2,570,1,0,0,31,4,34
0,96.0,0.25427594780921936,9024.0,202.20408163265287,17487.0,24.75,6.916666507720947,15219.466796875,19.816667556762695,4.0,4.900000095367432,56.75,20823.0,3452.6857142857143,1.1029047966003418,27.629167556762695,186.65714285714284,1605.8914794921875,2061.742919921875,1.5226666927337646,1139.1714285714286,1,570,1,1,0,21,30,37
1,47.0,0.1425313502550125,10106.0,192.8979591836733,14210.3330078125,24.600000381469727,5.316666603088379,14026.3330078125,18.850000381469727,4.5,5.199999809265137,59.599998474121094,19191.0,3305.457142857143,1.1699999570846558,27.94095230102539,209.4,1585.18115234375,1970.028564453125,1.5635952949523926,1118.0,0,570,1,0,0,21,19,19
0,87.0,0.020524514839053154,21243.0,177.7755102040815,18765.0,21.25,5.316666603088379,16469.69921875,20.866666793823242,4.300000190734863,5.300000190734863,64.0,19183.0,3096.7714285714287,1.198452353477478,28.072856903076172,230.4,1599.834228515625,1958.028564453125,1.6024285554885864,1110.9142857142858,0,570,1,0,0,34,5,42
0,,0.0,29404.0,177.7755102040815,23440.833984375,31.799999237060547,5.9666666984558105,14938.716796875,24.5,4.800000190734863,5.25,46.18333435058594,20455.833984375,3018.057142857143,1.2092857360839844,28.13857078552246,237.37142857142857,1593.17578125,1910.3714599609375,1.624666690826416,1101.9142857142858,2,570,1,0,0,24,10,
0,,0.013683009892702103,30787.0,174.53061224489787,20452.666015625,28.366666793823242,6.366666793823242,10781.7998046875,22.299999237060547,5.099999904632568,5.199999809265137,53.33333206176758,29413.333984375,3155.6857142857143,1.2179762125015259,28.189523696899414,238.6,1602.77490234375,1880.5142822265625,1.6204524040222168,1105.6,8,570,1,0,0,24,18,
0,,0.0,32767.0,171.85714285714278,25338.5,22.399999618530273,6.449999809265137,18731.548828125,22.58333396911621,4.733333587646484,5.300000190734863,51.8055534362793,20630.0,3031.6857142857143,1.2178809642791748,28.1872615814209,242.17142857142858,1629.6551513671875,1875.6571044921875,1.6260952949523926,1119.6857142857143,3,570,1,0,0,34,17,
0,115.0,0.3968072831630707,32767.0,170.95918367346937,22751.333984375,28.433332443237305,8.350000381469727,20359.017578125,21.433332443237305,4.699999809265137,5.349999904632568,52.71666717529297,19609.5,2885.714285714286,1.2170000076293945,28.181547164916992,253.31428571428572,1613.04345703125,1836.5142822265625,1.6490951776504517,1097.7714285714285,0,570,1,0,0,21,9,45
0,,0.0,21098.0,166.6122448979591,20137.666015625,26.616666793823242,6.383333206176758,13552.7333984375,21.58333396911621,4.599999904632568,5.300000190734863,53.45000076293945,16869.666015625,3233.0857142857144,1.2331428527832031,28.279048919677734,247.6,1636.0543212890625,1834.3714599609375,1.6794524192810059,1116.3428571428572,2,570,1,0,0,34,14,
1,,0.0011402508243918419,10343.0,163.673469387755,13346.0,24.78333282470703,10.699999809265137,14020.900390625,19.383333206176758,3.700000047683716,5.099999904632568,52.79999923706055,15725.8330078125,3252.6285714285714,1.1934523582458496,28.13619041442871,252.6,1630.990966796875,1775.17138671875,1.6874523162841797,1100.0,0,570,1,0,0,24,5,
1,121.0,0.0,13457.0,163.673469387755,9871.3330078125,25.366666793823242,10.183333396911621,13216.68359375,18.5,3.700000047683716,5.099999904632568,56.78333282470703,17095.333984375,3050.7428571428572,1.2043571472167969,28.19369125366211,265.7142857142857,1630.98291015625,1770.4285888671875,1.7156190872192383,1089.4857142857143,2,570,1,0,0,24,3,47
0,,0.01824401319026947,18247.0,164.61224489795913,16503.333984375,27.66666603088379,9.716666221618652,16430.533203125,19.700000762939453,4.099999904632568,5.199999809265137,57.71666717529297,20032.5,3117.714285714286,1.2125952243804932,28.1875,261.42857142857144,1612.3770751953125,1823.028564453125,1.6648094654083252,1084.2285714285715,2,466,1,0,0,21,2,
0,96.0,0.486887127161026,15360.0,165.2244897959183,11714.5,24.738889694213867,7.827777862548828,13242.23828125,19.488889694213867,3.799999952316284,5.05555534362793,59.277774810791016,20789.5,3494.9714285714285,1.1514524221420288,27.875476837158203,250.0,1646.79052734375,1763.228515625,1.7295951843261719,1104.2571428571428,0,466,1,0,0,21,28,37
0,78.0,0.38084378838539124,11424.0,162.13043478260863,15453.1669921875,24.899999618530273,10.883333206176758,12761.849609375,20.21666717529297,4.099999904632568,5.099999904632568,56.31666564941406,22609.0,3399.2,1.1921666860580444,28.082500457763672,264.8,1624.3773193359375,1753.4000244140625,1.7514761686325073,1084.2571428571428,0,570,1,0,0,21,35,30
0,,0.8916761875152588,1179.0,163.92499999999984,11449.3330078125,25.616666793823242,13.34999942779541,14208.0888671875,19.338890075683594,4.099999904632568,5.099999904632568,49.11111068725586,18364.22265625,3735.6,1.111547589302063,27.695117950439453,246.65714285714284,1680.1552734375,1809.2572021484375,1.6724761724472046,1116.2285714285715,0,466,1,1,0,41,4,
0,88.0,0.5473204255104065,6165.0,163.21212121212108,15301.5556640625,21.55555534362793,13.644444465637207,13392.099609375,18.622222900390625,4.266666889190674,5.166666507720947,59.255558013916016,20904.666015625,3784.285714285714,1.1179523468017578,27.7598819732666,242.17142857142858,1656.2314453125,1799.5714111328125,1.728785753250122,1108.4,0,570,1,1,0,21,2,33
0,186.0,0.8494868874549866,1243.0,342.89189189189153,16330.5556640625,37.42777633666992,11.211111068725586,20156.521484375,22.577777862548828,4.699999809265137,4.7166666984558105,36.86111068725586,22078.888671875,3554.342857142857,0.7174047827720642,25.884166717529297,136.2,1808.8580322265625,2521.199951171875,-1.3689285516738892,1233.4857142857143,1,465,1,0,1,31,8,119
0,379.0,0.9475484490394592,1171.0,342.4418604651159,19288.333984375,37.96666717529297,12.550000190734863,25785.232421875,24.16666603088379,5.099999904632568,4.75,34.5,28743.0,3573.457142857143,0.7193809747695923,25.92523765563965,135.65714285714284,1805.2254638671875,2545.914306640625,-1.348618984222412,1232.5714285714287,0,465,1,0,1,41,17,241
0,308.0,0.8278221487998962,1260.0,342.4042553191485,17286.666015625,39.650001525878906,12.416666984558105,29230.216796875,23.03333282470703,4.699999809265137,4.683333396911621,35.61666488647461,27595.166015625,3600.114285714286,0.7047380805015564,25.741785049438477,132.97142857142856,1806.8260498046875,2575.685791015625,-1.3458571434020996,1228.6285714285714,0,465,1,0,1,11,8,196
0,449.0,0.9669327139854431,2420.0,339.0816326530609,15824.888671875,38.77777862548828,10.394444465637207,23411.77734375,22.755556106567383,4.566666603088379,4.650000095367432,35.47222137451172,25924.888671875,3648.9142857142856,0.7106666564941406,26.008333206176758,137.68571428571428,1800.4229736328125,2665.45703125,-1.2799761295318604,1230.4571428571428,0,465,1,0,1,21,17,284
1,135.0,0.2964652180671692,7898.0,326.6122448979589,24220.666015625,41.93333435058594,15.300000190734863,20988.599609375,23.433332443237305,5.199999809265137,4.699999809265137,29.383333206176758,28439.666015625,3640.457142857143,0.7194523811340332,26.306072235107422,143.4857142857143,1773.3206787109375,2788.1142578125,-1.247333288192749,1217.4571428571428,0,465,1,0,1,42,2,84
1,,0.11744584143161774,16135.0,322.42857142857116,15689.6669921875,41.45000076293945,12.016666412353516,17557.69921875,21.316667556762695,5.400000095367432,4.900000095367432,33.31666564941406,23638.666015625,3600.4,0.7215238213539124,26.357023239135742,148.42857142857142,1760.9747314453125,2787.8857421875,-1.219261884689331,1211.5714285714287,4,465,1,0,0,42,8,
1,153.0,0.6020524501800537,15680.0,319.10204081632634,15861.6669921875,38.900001525878906,12.25,19647.6171875,22.816667556762695,5.800000190734863,4.949999809265137,33.41666793823242,25005.333984375,3579.0857142857144,0.7213809490203857,26.35869026184082,149.62857142857143,1770.4344482421875,2795.914306640625,-1.214642882347107,1215.2285714285715,3,465,1,0,0,42,2,61
1,278.0,0.2086659073829651,32767.0,312.7714285714284,23604.333984375,33.900001525878906,13.116666793823242,20470.8671875,25.46666717529297,5.800000190734863,4.7833333015441895,25.96666717529297,33122.0,3339.5714285714284,0.7256666421890259,26.570833206176758,199.11428571428573,1783.9046630859375,2639.17138671875,-1.2384047508239746,1208.2571428571428,0,511,1,0,1,31,11,162
0,9.0,0.0,32767.0,311.3214285714284,24003.5,31.649999618530273,10.75,19848.1328125,28.433332443237305,6.0,5.0,16.366666793823242,35536.66796875,3255.0857142857144,0.7496190667152405,26.73297691345215,219.34285714285716,1813.084716796875,2600.028564453125,-1.284166693687439,1223.8857142857144,3,480,1,0,1,34,13,5
0,352.0,0.5085518956184387,1135.0,284.28571428571416,13929.0,37.78333282470703,2.8333332538604736,24514.0,27.433332443237305,5.199999809265137,4.199999809265137,32.83333206176758,24493.0,1614.0,0.7720714211463928,25.103452682495117,87.08571428571429,1556.123046875,2532.800048828125,1.2863571643829346,1134.6571428571428,0,464,1,1,0,21,35,196
0,91.0,0.7001140117645264,1425.0,252.46938775510182,13535.0,28.049999237060547,8.600000381469727,14578.2333984375,19.41666603088379,3.5999999046325684,5.0,54.86666488647461,17066.0,3564.7428571428572,1.0080475807189941,27.035715103149414,158.94285714285715,1629.4857177734375,2162.485595703125,1.3868809938430786,1160.6285714285714,5,570,1,0,1,42,9,36
0,138.0,0.030786773189902306,6247.0,241.99999999999977,14053.388671875,29.755556106567383,5.261111259460449,18789.216796875,19.5,3.799999952316284,5.05555534362793,47.60555648803711,20153.666015625,3596.6,1.0227856636047363,27.101072311401367,162.9142857142857,1622.5577392578125,2144.1142578125,1.4101428985595703,1154.0285714285715,7,570,1,0,0,31,1,66
0,126.0,0.5484606623649597,9592.0,229.67346938775492,12735.0,26.183332443237305,7.599999904632568,13706.8662109375,19.96666717529297,3.9000000953674316,4.849999904632568,53.650001525878906,15021.0,3598.1714285714284,1.0501667261123657,27.375356674194336,168.42857142857142,1627.3468017578125,2116.742919921875,1.4373571872711182,1159.1714285714286,2,570,1,0,0,21,20,59
0,132.0,0.4321550726890564,4275.0,219.1224489795917,13354.5556640625,27.83333396911621,8.733333587646484,15369.021484375,20.0,4.0333333015441895,5.0,51.81111145019531,20222.666015625,3611.542857142857,1.0674761533737183,27.44952392578125,172.11428571428573,1624.74267578125,2095.257080078125,1.4628571271896362,1156.942857142857,1,570,1,0,0,41,16,50
0,162.0,0.1413911134004593,3131.0,210.55102040816314,11739.0,26.96666717529297,7.349999904632568,13804.5830078125,19.53333282470703,3.799999952316284,4.800000190734863,53.13333511352539,16421.166015625,3608.942857142857,1.0742857456207275,27.520357131958008,182.05714285714285,1625.5020751953125,2045.4857177734375,1.5113333463668823,1148.6,0,570,1,0,0,21,22,62
0,,0.0,7536.0,200.53061224489787,18843.0,20.116666793823242,5.416666507720947,14365.18359375,19.233333587646484,4.400000095367432,5.349999904632568,63.95000076293945,15545.3330078125,3397.8,1.1606667041778564,27.90833282470703,207.37142857142857,1583.3768310546875,1984.7142333984375,1.5628095865249634,1116.8,5,570,1,0,0,34,3,
0,127.0,0.07297605276107788,2056.0,190.89795918367338,12393.8330078125,23.016666412353516,8.800000190734863,13799.955078125,19.80555534362793,3.6666667461395264,5.05555534362793,58.588890075683594,15983.666015625,3468.6285714285714,1.1468333005905151,27.842618942260742,206.77142857142857,1597.4747314453125,1966.028564453125,1.5962142944335938,1121.7714285714285,1,570,1,0,0,34,10,50
0,,0.0,10059.0,182.97959183673456,19860.5,24.933332443237305,5.2166666984558105,11946.150390625,22.649999618530273,4.5,5.116666793823242,59.16666793823242,25931.5,3402.0,1.2115951776504517,28.163928985595703,224.71428571428572,1600.38330078125,1956.5999755859375,1.6142381429672241,1118.3714285714286,3,570,1,0,0,24,13,
0,,0.0,18615.0,177.7755102040815,22234.0,22.399999618530273,7.0,14991.9169921875,24.266666412353516,5.099999904632568,5.199999809265137,58.93333435058594,23607.333984375,3185.057142857143,1.1929285526275635,28.06833267211914,227.02857142857144,1624.1785888671875,1913.914306640625,1.5777380466461182,1127.1714285714286,4,570,1,0,0,21,17,
0,,0.0,20353.0,171.4489795918366,23174.5,22.066667556762695,7.599999904632568,15259.099609375,23.866666793823242,5.199999809265137,5.150000095367432,52.983333587646484,28720.0,3444.714285714286,1.2065237760543823,28.155357360839844,226.68571428571428,1698.1373291015625,1883.5999755859375,1.6554285287857056,1170.1714285714286,4,570,1,0,0,24,3,
0,,0.0,26849.0,169.89795918367332,21072.0,25.133333206176758,5.633333206176758,12617.75,22.53333282470703,4.599999904632568,5.2833333015441895,56.516666412353516,15763.6669921875,3437.7714285714287,1.2136189937591553,28.18880844116211,232.54285714285714,1685.969970703125,1866.1142578125,1.6635476350784302,1158.0,2,570,1,0,0,34,4,
0,,0.0,25721.0,168.42857142857127,23621.833984375,20.700000762939453,6.550000190734863,12086.25,21.950000762939453,4.800000190734863,5.25,62.733333587646484,24459.333984375,3437.4285714285716,1.235547661781311,28.288928985595703,240.0857142857143,1612.81640625,1856.5142822265625,1.6478095054626465,1111.4571428571428,4,570,1,0,0,24,17,
1,90.0,0.0,14715.0,167.8163265306121,18252.833984375,24.299999237060547,8.449999809265137,12724.0166015625,19.03333282470703,4.400000095367432,5.300000190734863,55.63333511352539,23510.166015625,3510.1714285714284,1.2286428213119507,28.318452835083008,249.42857142857142,1625.848876953125,1776.6571044921875,1.7055714130401611,1108.0285714285715,2,570,1,0,0,34,27,36
0,,0.0,9395.0,167.8163265306121,20400.5,29.433332443237305,5.833333492279053,14044.2998046875,20.71666717529297,4.699999809265137,5.199999809265137,53.56666564941406,17335.5,3587.9142857142856,1.21233332157135,28.216428756713867,241.94285714285715,1610.859619140625,1828.971435546875,1.6923809051513672,1102.6571428571428,2,466,1,0,0,24,12,
0,123.0,0.4994298815727234,2358.0,168.08163265306104,13017.6669921875,29.600000381469727,12.366666793823242,17132.349609375,19.799999237060547,4.199999809265137,4.900000095367432,49.81666564941406,16621.166015625,3592.885714285714,1.1727619171142578,28.020000457763672,247.02857142857144,1649.6241455078125,1774.5428466796875,1.7245951890945435,1111.5714285714287,0,570,1,1,0,34,30,50
0,54.0,0.0034207524731755257,7424.0,168.91836734693862,18105.333984375,27.41666603088379,9.733333587646484,12563.033203125,18.600000381469727,3.9000000953674316,5.050000190734863,55.63333511352539,17350.833984375,3564.457142857143,1.1604523658752441,27.938451766967773,248.2,1641.8067626953125,1790.82861328125,1.6973810195922852,1103.2857142857142,0,466,1,0,0,31,6,26
0,74.0,0.020524514839053154,7423.0,169.30612244897947,19217.666015625,24.066667556762695,13.833333015441895,13774.93359375,19.850000381469727,4.099999904632568,5.183333396911621,59.86666488647461,22905.166015625,3709.4,1.1701428890228271,28.006309509277344,239.37142857142857,1612.98046875,1815.3428955078125,1.740738034248352,1097.7428571428572,1,466,1,0,0,21,19,32
0,44.0,0.03876852989196777,5666.0,168.5652173913042,17873.0,23.46666717529297,11.416666984558105,13471.216796875,19.883333206176758,4.5,5.300000190734863,57.88333511352539,18511.833984375,3645.2571428571428,1.1640952825546265,27.957618713378906,250.94285714285715,1632.3914794921875,1733.028564453125,1.8104761838912964,1096.2285714285715,2,466,1,0,0,31,8,21
0,175.0,0.12086658924818039,2198.0,168.3249999999998,18671.0,22.450000762939453,13.5,16883.099609375,19.883333206176758,4.400000095367432,5.300000190734863,56.900001525878906,20973.333984375,3750.2285714285713,1.1215952634811401,27.759048461914062,253.74285714285713,1643.1749267578125,1750.5142822265625,1.8008333444595337,1090.7142857142858,1,570,1,0,0,34,21,87
0,173.0,0.8722919225692749,3317.0,166.8484848484847,13277.8330078125,28.766666412353516,10.816666603088379,14182.099609375,20.28333282470703,4.199999809265137,4.900000095367432,47.79999923706055,18233.833984375,3850.885714285714,1.1070713996887207,27.686189651489258,245.5142857142857,1673.24560546875,1783.4285888671875,1.7009047269821167,1112.8857142857144,0,570,1,1,0,21,1,93
0,180.39507203679614,0.972633957862854,1609.0,340.9387755102038,16069.3330078125,36.016666412353516,12.922222137451172,23509.06640625,25.08333396911621,5.300000190734863,4.738888740539551,38.338890075683594,26366.666015625,3642.5714285714284,0.7011428475379944,25.842857360839844,141.54285714285714,1800.939208984375,2623.857177734375,-1.314738154411316,1221.0285714285715,0,465,1,0,1,11,10,114
1,184.0,0.19726340472698212,13342.0,325.34693877551,23477.5,38.13333511352539,12.899999618530273,21493.267578125,23.21666717529297,5.0,4.683333396911621,33.66666793823242,29249.5,3625.1714285714284,0.716619074344635,26.308095932006836,147.28571428571428,1767.6064453125,2793.228515625,-1.233809471130371,1213.3428571428572,0,465,1,0,0,21,20,110
0,123.0,0.5530216693878174,16186.0,319.10204081632634,15116.5,37.650001525878906,9.566666603088379,19389.900390625,23.149999618530273,5.099999904632568,4.699999809265137,32.54999923706055,27305.0,3576.5142857142855,0.7121666669845581,26.267976760864258,152.45714285714286,1768.7225341796875,2768.628662109375,-1.225928544998169,1209.7428571428572,2,465,1,0,0,21,3,51
0,7.0,0.0,32767.0,311.6333333333332,27761.0,32.516666412353516,12.800000190734863,23165.583984375,24.350000381469727,5.5,4.9666666984558105,18.75,39505.33203125,3306.2571428571428,0.75128573179245,26.75857162475586,207.05714285714285,1785.576171875,2615.485595703125,-1.222166657447815,1220.2857142857142,5,480,1,0,1,31,17,3
0,308.0,0.771949827671051,1071.0,288.6326530612243,11153.6669921875,31.75,7.0333333015441895,15514.2333984375,21.450000762939453,4.0,4.800000190734863,38.733333587646484,16180.6669921875,2850.942857142857,0.9301905035972595,26.583572387695312,136.77142857142857,1613.464111328125,2275.628662109375,1.3001904487609863,1156.9714285714285,0,466,1,1,0,31,27,158
0,260.5844054132969,0.7879133224487305,1434.0,284.6530612244896,12565.6669921875,32.63333511352539,6.566666603088379,17302.80078125,21.700000762939453,4.900000095367432,4.800000190734863,38.96666717529297,18084.0,3014.0857142857144,0.9359762072563171,26.579166412353516,136.68571428571428,1608.527587890625,2273.28564453125,1.2929524183273315,1154.2285714285715,1,466,1,1,0,41,4,142
0,156.0,0.7286202907562256,1176.0,270.77551020408146,13204.0,32.766666412353516,8.300000190734863,15592.25,20.983333587646484,3.9000000953674316,4.766666889190674,41.81666564941406,16340.5,3386.0,0.9669286012649536,26.832857131958008,146.0857142857143,1635.829345703125,2226.571533203125,1.3636428117752075,1167.8285714285714,0,466,1,1,0,31,1,69
1,220.0,0.36944127082824707,2579.0,241.99999999999977,11961.0,27.25,7.183333396911621,22732.900390625,20.616666793823242,3.799999952316284,4.983333110809326,51.733333587646484,46576.5,3601.0,1.0116666555404663,27.030118942260742,162.94285714285715,1627.08203125,2166.914306640625,1.4108095169067383,1154.2857142857142,5,570,1,0,0,42,16,97
0,260.0,0.5598631501197815,8727.0,235.61224489795902,12947.8330078125,30.950000762939453,7.7833333015441895,17958.75,21.600000381469727,4.199999809265137,4.900000095367432,47.29999923706055,18162.0,3622.1428571428573,1.0205237865447998,27.085832595825195,165.31428571428572,1624.219970703125,2164.428466796875,1.4221190214157104,1151.6571428571428,4,570,1,0,0,31,3,110
0,102.0,0.18472063541412354,15086.0,225.57142857142844,13100.1669921875,29.91666603088379,6.599999904632568,19077.033203125,23.683332443237305,4.800000190734863,5.0,49.900001525878906,20454.833984375,3713.714285714286,1.0486667156219482,27.33380889892578,166.71428571428572,1608.988525390625,2142.771484375,1.4692143201828003,1147.2,5,570,1,0,0,31,11,44
0,84.0,0.049030788242816925,7920.0,216.20408163265293,15039.6669921875,27.71666717529297,7.300000190734863,18424.232421875,19.21666717529297,3.799999952316284,5.0,51.58333206176758,18073.333984375,3697.4,1.0710713863372803,27.486785888671875,172.45714285714286,1610.14208984375,2077.628662109375,1.5155476331710815,1147.8857142857144,1,570,1,0,0,31,15,32
0,150.0,0.906499445438385,2826.0,210.55102040816314,13118.0,24.850000381469727,9.166666984558105,13928.0830078125,20.549999237060547,4.0,4.849999904632568,54.733333587646484,16825.833984375,3684.8285714285716,1.076285719871521,27.51702308654785,177.4,1618.6815185546875,2078.0,1.5029047727584839,1148.8285714285714,1,570,1,0,0,31,1,68
0,46.0,0.5746864080429077,4121.0,196.28571428571414,12230.8330078125,21.683332443237305,6.5,14022.5,19.200000762939453,4.400000095367432,4.800000190734863,60.06666564941406,18732.333984375,3612.942857142857,1.1059285402297974,27.66988182067871,191.57142857142858,1607.349853515625,2014.6571044921875,1.5704047679901123,1133.0857142857142,1,570,1,0,0,21,31,19
0,147.0,0.7970353364944458,6912.0,187.14285714285697,12168.0,22.66666603088379,6.25,13868.650390625,19.33333396911621,4.099999904632568,5.050000190734863,56.016666412353516,15881.8330078125,3660.0285714285715,1.1231905221939087,27.768571853637695,198.42857142857142,1586.192626953125,1985.3428955078125,1.6052857637405396,1115.942857142857,3,570,1,0,0,41,8,57
1,171.0,0.0,4328.0,178.99999999999977,13080.8330078125,21.233333587646484,7.333333492279053,13131.9833984375,18.799999237060547,4.0,5.0333333015441895,60.03333282470703,36318.5,3633.8,1.163952350616455,27.98476219177246,211.17142857142858,1589.0662841796875,1957.971435546875,1.5719047784805298,1112.2571428571428,0,570,1,0,0,34,18,79
1,139.0,0.017103763297200203,4102.0,171.48979591836712,12865.6669921875,21.16666603088379,9.583333015441895,14433.56640625,19.16666603088379,4.5,5.0,57.36666488647461,19590.0,3737.657142857143,1.148214340209961,27.936309814453125,210.6,1598.04443359375,1911.5999755859375,1.6059762239456177,1114.6857142857143,1,570,1,0,0,41,35,75
0,,0.0,19154.0,166.69387755102017,23757.0,24.883333206176758,8.266666412353516,14078.1337890625,25.549999237060547,6.199999809265137,5.099999904632568,57.20000076293945,22816.0,3647.6285714285714,1.2171666622161865,28.223690032958984,224.88571428571427,1590.9178466796875,1920.2857666015625,1.62926185131073,1109.2857142857142,4,570,1,0,0,24,17,
0,,0.0,19292.0,166.9795918367345,19337.0,22.450000762939453,7.300000190734863,12929.93359375,21.450000762939453,3.9000000953674316,5.0,61.0,12890.0,3746.6857142857143,1.2315000295639038,28.305356979370117,227.65714285714284,1587.1778564453125,1887.0,1.6442381143569946,1107.9714285714285,0,570,1,0,0,21,17,
1,39.0,0.0,13976.0,169.44897959183655,19979.833984375,23.350000381469727,10.566666603088379,15248.43359375,19.450000762939453,4.0,5.150000095367432,60.61666488647461,19156.833984375,3788.542857142857,1.218833327293396,28.2641658782959,234.0,1609.8792724609375,1849.857177734375,1.6838809251785278,1112.142857142857,2,570,1,0,0,34,9,17
0,,0.007981755770742893,14118.0,169.44897959183655,21602.0,25.21666717529297,9.883333206176758,13602.849609375,21.41666603088379,5.0,5.199999809265137,54.650001525878906,15334.5,3859.5142857142855,1.2256428003311157,28.274166107177734,235.4,1601.9010009765625,1858.6285400390625,1.6740238666534424,1106.4857142857143,1,570,1,0,0,24,6,
0,128.0,0.44925883412361145,7247.0,170.7959183673468,24968.814453125,25.36296272277832,12.548148155212402,19620.615234375,23.853702545166016,6.077777862548828,5.255555629730225,52.516666412353516,39701.77734375,3927.7428571428572,1.2199761867523193,28.25428581237793,238.77142857142857,1608.06591796875,1839.228515625,1.6693333387374878,1105.3142857142857,2,570,1,1,0,21,6,68
0,111.0,0.7936145663261414,1559.0,168.08163265306104,12367.8330078125,27.549999237060547,11.266666412353516,16335.533203125,21.41666603088379,4.300000190734863,4.900000095367432,49.41666793823242,18460.833984375,3592.885714285714,1.1727619171142578,28.020000457763672,247.02857142857144,1649.6241455078125,1774.5428466796875,1.7245951890945435,1111.5714285714287,0,570,1,1,0,24,29,45
0,60.909110110061384,0.2519954442977905,3220.0,174.5714285714284,13953.0,23.766666412353516,9.683333396911621,14221.7998046875,19.049999237060547,4.0,5.050000190734863,55.400001525878906,19263.0,3826.885714285714,1.1645714044570923,27.968570709228516,236.17142857142858,1611.86376953125,1815.82861328125,1.7278809547424316,1098.057142857143,1,570,1,0,0,21,4,25
0,39.0,0.13797035813331604,2435.0,175.8367346938774,19651.0,23.25,11.583333015441895,13764.8837890625,19.08333396911621,3.799999952316284,5.300000190734863,60.13333511352539,20217.5,3839.3142857142857,1.1669048070907593,27.96666717529297,236.97142857142856,1616.881103515625,1807.028564453125,1.76369047164917,1101.7714285714285,2,570,1,0,0,31,8,18
0,74.0,0.3112884759902954,2296.0,175.95652173913024,16114.3330078125,21.0,10.083333015441895,14948.25,18.53333282470703,3.9000000953674316,5.150000095367432,62.03333282470703,20892.333984375,3827.2571428571428,1.1282857656478882,27.766071319580078,244.9142857142857,1645.8897705078125,1785.4000244140625,1.7594761848449707,1102.0285714285715,1,570,1,1,0,31,11,35
0,51.0,0.4948688745498657,4554.0,175.65853658536562,16843.166015625,23.049999237060547,12.366666793823242,13764.4833984375,18.683332443237305,3.799999952316284,5.199999809265137,59.733333587646484,18485.166015625,3871.0285714285715,1.1156429052352905,27.71309471130371,246.05714285714285,1636.9483642578125,1784.82861328125,1.7692381143569946,1092.7142857142858,0,570,1,1,0,31,2,23
0,352.0,0.8164196014404297,1269.0,342.6530612244894,14946.5,41.88333511352539,13.966666221618652,25673.30078125,27.566667556762695,5.400000095367432,4.699999809265137,32.233333587646484,32945.5,3705.342857142857,0.6984047889709473,25.80976104736328,140.14285714285714,1798.96484375,2598.485595703125,-1.284523844718933,1220.4857142857143,0,465,1,0,1,41,2,224
0,193.0,0.946408212184906,1420.0,339.4081632653058,15364.0,31.766666412353516,13.083333015441895,28507.599609375,24.71666717529297,4.900000095367432,4.699999809265137,35.983333587646484,45626.66796875,3673.8571428571427,0.7080237865447998,25.99226188659668,140.77142857142857,1794.1279296875,2653.742919921875,-1.2801904678344727,1225.1714285714286,3,465,1,0,1,41,11,122
0,152.0,0.9076396822929382,1479.0,340.18367346938743,18200.666015625,39.31666564941406,12.300000190734863,22305.05078125,23.21666717529297,5.199999809265137,4.583333492279053,32.95000076293945,23917.5,3714.342857142857,0.7183571457862854,26.176071166992188,144.34285714285716,1786.8885498046875,2649.60009765625,-1.264380931854248,1221.4285714285713,3,465,1,0,1,41,10,96
0,81.0,0.8540478944778442,1997.0,334.67346938775484,16483.0,38.38333511352539,12.550000190734863,21901.80078125,22.700000762939453,5.400000095367432,4.683333396911621,34.516666412353516,28368.0,3672.3714285714286,0.7244523763656616,26.290834426879883,146.31428571428572,1790.8115234375,2683.628662109375,-1.232214331626892,1223.6,2,465,1,0,1,42,13,51
1,259.0,0.5245153903961182,5100.0,327.24489795918345,16131.611328125,38.4555549621582,13.211111068725586,20144.294921875,22.649999618530273,5.266666889190674,4.699999809265137,34.150001525878906,27779.0546875,3662.7428571428572,0.7158095240592957,26.27190399169922,147.2,1757.06787109375,2758.54296875,-1.2462856769561768,1205.5142857142857,1,465,1,0,0,42,6,164
1,194.0,0.2907639741897583,8391.0,323.2244897959182,16224.0,36.25,10.283333778381348,19433.349609375,22.16666603088379,5.400000095367432,4.849999904632568,34.70000076293945,25354.0,3659.2571428571428,0.7253333330154419,26.390953063964844,150.77142857142857,1762.2476806640625,2723.428466796875,-1.1873809099197388,1210.942857142857,4,465,1,0,0,21,2,80
0,,0.0,32767.0,310.37499999999983,23098.333984375,27.683332443237305,10.666666984558105,17488.19921875,21.21666717529297,4.599999904632568,5.099999904632568,25.600000381469727,25922.333984375,3409.0285714285715,0.7485714554786682,26.717857360839844,186.62857142857143,1743.55615234375,2585.54296875,-1.200619101524353,1199.2571428571428,17,511,1,0,0,34,3,
1,239.0,0.21094641089439392,32767.0,308.21212121212113,22979.166015625,29.950000762939453,10.833333015441895,22425.583984375,25.83333396911621,4.699999809265137,4.733333110809326,18.116666793823242,28729.0,3295.114285714286,0.7548571228981018,26.774166107177734,212.68571428571428,1796.7347412109375,2597.6572265625,-1.2306666374206543,1220.9142857142858,0,480,1,0,0,21,8,147
1,211.0,0.2713797092437744,32767.0,306.6538461538461,24819.666015625,30.633333206176758,12.050000190734863,23850.5,27.33333396911621,5.300000190734863,4.7833333015441895,28.566667556762695,34498.33203125,3295.114285714286,0.7548571228981018,26.774166107177734,212.68571428571428,1796.7347412109375,2597.6572265625,-1.2306666374206543,1220.9142857142858,0,480,1,0,0,31,8,119
0,341.0,0.9578106999397278,1090.0,271.26470588235276,20318.666015625,32.63333511352539,4.666666507720947,29703.099609375,37.71666717529297,9.0,4.183333396911621,40.71666717529297,48481.33203125,1274.5714285714287,0.6250476241111755,22.977500915527344,51.91428571428571,1505.6744384765625,2726.3427734375,1.1594047546386719,1092.5142857142857,0,490,1,1,0,21,29,190
0,267.0,0.9361459612846375,1109.0,271.5714285714284,13494.3330078125,33.08333206176758,4.816666603088379,20221.56640625,25.649999618530273,5.199999809265137,4.400000095367432,38.81666564941406,24948.833984375,1359.1714285714286,0.6814047694206238,23.98797607421875,66.22857142857143,1513.9818115234375,2684.17138671875,1.2043333053588867,1104.0857142857142,0,464,1,1,0,31,7,150
0,344.0,0.8472064137458801,1185.0,279.9347826086953,9993.0,40.45000076293945,5.416666507720947,21123.05078125,24.200000762939453,5.5,4.166666507720947,36.150001525878906,33638.16796875,1630.2285714285715,0.7022143006324768,24.042619705200195,78.48571428571428,1514.7857666015625,2602.428466796875,1.2485476732254028,1091.6571428571428,0,464,1,1,0,42,28,191
0,259.0,0.8711516261100769,1206.0,300.81632653061195,10885.5,41.21666717529297,7.333333492279053,14797.5,20.950000762939453,4.199999809265137,4.316666603088379,33.71666717529297,16976.5,1831.4571428571428,0.8468571305274963,26.144880294799805,110.77142857142857,1570.0921630859375,2456.8857421875,1.245476245880127,1143.5142857142857,0,466,1,1,0,42,28,143
0,,0.7126567959785461,1316.0,298.95918367346906,13377.3330078125,38.43333435058594,8.433333396911621,15834.56640625,21.683332443237305,4.199999809265137,4.616666793823242,37.483333587646484,17249.666015625,2261.2285714285713,0.8933809399604797,26.45035743713379,123.42857142857143,1622.109619140625,2375.1142578125,1.282095193862915,1169.8857142857144,0,466,1,1,0,31,9,
0,129.0,0.8152793645858765,1263.0,249.69387755102028,12000.0,30.316667556762695,11.516666412353516,20776.8828125,26.0,5.0,4.800000190734863,43.266666412353516,25292.166015625,3478.457142857143,0.9622142910957336,26.65118980407715,156.45714285714286,1625.5965576171875,2189.771484375,1.3539047241210938,1148.5714285714287,3,466,1,1,0,11,19,70
0,274.0,0.8779931664466858,1135.0,249.69387755102028,12288.6669921875,33.46666717529297,9.649999618530273,26909.982421875,30.016666412353516,5.199999809265137,4.900000095367432,43.31666564941406,37666.0,3517.4857142857145,0.9781666994094849,26.824880599975586,156.94285714285715,1622.4610595703125,2156.82861328125,1.3779761791229248,1148.7714285714285,3,466,1,1,0,11,19,149
0,182.0,0.5632839202880859,1717.0,239.67346938775495,13073.3701171875,31.29814910888672,7.811110973358154,19856.564453125,22.018518447875977,4.300000190734863,4.8740739822387695,46.96666717529297,19315.666015625,3587.0857142857144,0.9993095397949219,27.010000228881836,160.25714285714287,1628.769775390625,2181.05712890625,1.4001190662384033,1155.2,6,570,1,0,1,21,1,68
1,110.0,0.03306727483868599,13438.0,221.8571428571427,12955.0,25.83333396911621,8.066666603088379,13572.0,18.950000762939453,3.5999999046325684,4.866666793823242,55.516666412353516,20403.0,3773.714285714286,1.047881007194519,27.471548080444336,167.0,1611.01806640625,2086.028564453125,1.4745237827301025,1148.6571428571428,1,570,1,0,0,31,4,52
0,147.0,0.26111745834350586,19255.0,221.8571428571427,13355.3330078125,26.08333396911621,9.716666221618652,14734.349609375,19.66666603088379,3.9000000953674316,4.800000190734863,54.58333206176758,16312.0,3745.8571428571427,1.0560238361358643,27.448572158813477,167.77142857142857,1610.7120361328125,2099.0,1.462499976158142,1148.857142857143,3,570,1,0,0,31,15,67
1,178.0,0.20752565562725067,9371.0,216.20408163265293,13863.5,25.46666717529297,5.599999904632568,13745.25,19.21666717529297,4.099999904632568,4.949999809265137,52.56666564941406,22138.0,3773.9714285714285,1.0757380723953247,27.55714225769043,178.57142857142858,1607.69384765625,2031.199951171875,1.5216190814971924,1139.7714285714285,4,570,1,0,0,31,7,68
0,138.0,0.1961231529712677,2231.0,207.34693877551007,13113.5,23.316667556762695,7.433333396911621,13339.0830078125,19.433332443237305,3.9000000953674316,5.0,56.849998474121094,15169.1669921875,3787.0857142857144,1.0886428356170654,27.634166717529297,182.4,1613.300537109375,2022.771484375,1.5712618827819824,1141.6857142857143,0,570,1,0,0,41,5,54
1,227.0,0.0057012541219592094,4522.0,196.8775510204079,,,,,,,,,41179.0,3819.5142857142855,1.091428518295288,27.639047622680664,194.4857142857143,1620.9029541015625,1957.6571044921875,1.6199047565460205,1132.5428571428572,0,570,1,0,0,34,17,98
1,253.0,0.12314709275960922,1872.0,188.83673469387733,11891.0,24.91666603088379,12.616666793823242,15538.0,18.950000762939453,3.799999952316284,4.9666666984558105,52.21666717529297,49419.0,3726.885714285714,1.1032142639160156,27.70404815673828,200.82857142857142,1613.139404296875,1952.7427978515625,1.6074285507202148,1124.4285714285713,2,570,1,0,0,41,18,118
1,162.0,0.19042189419269562,1625.0,181.73469387755082,11729.0,25.83333396911621,8.449999809265137,14702.3330078125,20.266666412353516,4.0,4.900000095367432,56.016666412353516,16214.3330078125,3719.6,1.1162856817245483,27.77250099182129,208.02857142857144,1616.3206787109375,1902.94287109375,1.6234761476516724,1121.7142857142858,0,570,1,0,0,41,16,62
1,207.0,0.0011402508243918419,5768.0,174.30612244897944,17029.388671875,21.627777099609375,10.927778244018555,15406.2109375,19.25555419921875,4.166666507720947,5.0333333015441895,58.50555419921875,28379.666015625,3730.057142857143,1.1684762239456177,28.041786193847656,215.05714285714285,1590.107177734375,1918.2857666015625,1.6285476684570312,1109.8285714285714,1,570,1,0,0,34,12,102
1,114.0,0.057012543082237244,12791.0,169.69387755102025,12245.1669921875,23.116666793823242,9.816666603088379,12272.716796875,19.516666412353516,3.799999952316284,5.199999809265137,57.04999923706055,34354.66796875,3859.885714285714,1.1553809642791748,27.987024307250977,217.5142857142857,1620.32763671875,1887.6285400390625,1.649404764175415,1121.3714285714286,0,570,1,0,0,41,4,61
0,,0.03306727483868599,17227.0,169.61224489795907,21865.333984375,24.25,7.166666507720947,14671.466796875,22.233333587646484,4.699999809265137,5.400000095367432,59.03333282470703,21901.333984375,4018.6,1.2293095588684082,28.302738189697266,225.05714285714285,1606.7813720703125,1880.4000244140625,1.6756190061569214,1118.6857142857143,0,570,1,0,0,31,17,
1,140.0,0.009122006595134735,12093.0,170.9591836734693,14290.5,22.700000762939453,10.0,14503.5498046875,19.016666412353516,4.199999809265137,5.083333492279053,61.81666564941406,22408.5,3908.114285714286,1.212404727935791,28.242380142211914,229.34285714285716,1615.468017578125,1866.5428466796875,1.6744285821914673,1117.4857142857143,0,570,1,0,0,41,10,58
1,36.0,0.009122006595134735,8886.0,174.34693877551013,15280.6669921875,20.799999237060547,11.016666412353516,15272.2333984375,19.53333282470703,4.199999809265137,5.199999809265137,61.29999923706055,22648.666015625,3934.0,1.2020952701568604,28.222143173217773,232.0,1614.574951171875,1835.05712890625,1.6936190128326416,1112.4285714285713,0,570,1,0,0,21,13,17
0,55.0,0.7023945450782776,6398.0,176.938775510204,15969.3330078125,20.549999237060547,10.449999809265137,13257.0830078125,19.450000762939453,4.199999809265137,5.116666793823242,63.56666564941406,21005.833984375,4065.9142857142856,1.2257143259048462,28.27857208251953,234.97142857142856,1607.536865234375,1863.971435546875,1.6337380409240723,1109.1714285714286,0,570,1,1,0,31,3,22
0,71.0,0.21892815828323364,2188.0,179.3469387755101,12272.3330078125,22.649999618530273,13.266666412353516,12641.2998046875,19.633333206176758,4.099999904632568,5.016666889190674,56.766666412353516,16241.8330078125,4485.885714285714,1.13869047164917,27.895357131958008,231.05714285714285,1638.2130126953125,1836.6285400390625,1.724928617477417,1112.057142857143,0,570,1,0,0,34,18,30
0,102.79625180489492,0.009122006595134735,4653.0,182.32653061224474,12704.0,25.683332443237305,11.716666221618652,14193.7666015625,18.733333587646484,3.5,5.199999809265137,58.400001525878906,19678.333984375,4228.971428571429,1.1612619161605835,28.004880905151367,233.88571428571427,1621.900634765625,1810.94287109375,1.7593095302581787,1103.8857142857144,1,570,1,0,0,31,12,41
0,59.0,0.5541619062423706,3303.0,183.61224489795896,14353.0,24.71666717529297,11.566666603088379,13256.6337890625,18.850000381469727,3.799999952316284,5.0,57.0,16790.333984375,4356.714285714285,1.1297856569290161,27.827024459838867,225.22857142857143,1618.3145751953125,1844.142822265625,1.7101190090179443,1103.2857142857142,2,511,1,0,0,31,7,28
0,,0.1288483440876007,8714.0,183.19047619047595,13598.0,23.91666603088379,4.883333206176758,13737.533203125,21.016666412353516,3.799999952316284,5.383333206176758,57.43333435058594,16353.3330078125,4037.885714285714,1.1661666631698608,28.00214195251465,253.4,1614.6259765625,1851.1142578125,1.6784762144088745,1080.0,1,570,1,0,0,21,9,
0,109.0,0.34207525849342346,9633.0,183.19047619047595,13922.5,26.16666603088379,11.333333015441895,18713.166015625,20.983333587646484,4.0,5.25,55.45000076293945,25324.833984375,3916.4857142857145,1.1435238122940063,27.86678695678711,240.0857142857143,1612.82861328125,1799.82861328125,1.763547658920288,1090.5142857142857,0,570,1,0,0,21,20,45
0,306.0,0.9315849542617798,2521.0,344.3265306122448,13441.888671875,34.11111068725586,10.616666793823242,20742.556640625,23.33333396911621,4.333333492279053,4.616666793823242,40.57777786254883,23228.5,3693.657142857143,0.7240238189697266,26.036785125732422,143.45714285714286,1797.5093994140625,2503.45703125,-1.3311904668807983,1225.8857142857144,0,465,1,0,1,41,19,196
0,305.0,0.8779931664466858,1237.0,344.65306122448965,13326.0,38.150001525878906,13.149999618530273,24045.150390625,23.016666412353516,4.800000190734863,4.683333396911621,34.83333206176758,29116.0,3725.7714285714287,0.6973571181297302,25.73952293395996,141.9142857142857,1785.306396484375,2499.1142578125,-1.27997624874115,1213.057142857143,0,465,1,0,1,21,8,195
0,229.0,0.920182466506958,1664.0,344.65306122448965,13227.5,42.88333511352539,14.550000190734863,26875.900390625,26.266666412353516,5.599999904632568,4.683333396911621,30.066667556762695,29139.166015625,3725.7714285714287,0.6973571181297302,25.73952293395996,141.9142857142857,1785.306396484375,2499.1142578125,-1.27997624874115,1213.057142857143,0,465,1,0,1,41,9,146
0,132.0,0.7662485837936401,1090.0,341.55102040816286,17413.333984375,38.43333435058594,13.766666412353516,22326.666015625,23.700000762939453,5.199999809265137,4.7833333015441895,31.71666717529297,23744.333984375,3740.2571428571428,0.7081190347671509,26.010475158691406,138.9142857142857,1784.8726806640625,2627.428466796875,-1.263880968093872,1223.8857142857144,2,465,1,0,1,21,8,83
0,148.0,0.7833523154258728,1276.0,341.53061224489767,17087.0546875,36.18333435058594,11.616666793823242,22810.76171875,24.69999885559082,5.300000190734863,4.699999809265137,32.5,32827.38671875,3752.5714285714284,0.7165714502334595,26.14642906188965,147.2,1787.9400634765625,2621.71435546875,-1.2598094940185547,1217.6285714285714,0,465,1,0,1,11,3,69
0,44.0,0.6191562414169312,2101.0,338.79591836734664,14993.0,39.56666564941406,11.966666221618652,17825.349609375,22.683332443237305,5.199999809265137,4.650000095367432,34.33333206176758,23374.5,3773.1428571428573,0.7241190671920776,26.27988052368164,143.9142857142857,1785.7615966796875,2658.28564453125,-1.2172619104385376,1221.9142857142858,1,465,1,0,1,21,10,28
1,127.0,0.5997719764709473,4905.0,328.10204081632634,15469.6669921875,40.599998474121094,9.983333587646484,20946.017578125,23.049999237060547,5.5,4.7833333015441895,35.86666488647461,26193.666015625,3713.457142857143,0.7180952429771423,26.282142639160156,146.25714285714287,1766.0107421875,2705.514404296875,-1.2013095617294312,1211.7142857142858,2,465,1,0,1,21,4,71
0,353.0,0.5667046904563904,6501.0,324.12244897959164,16774.5,40.650001525878906,12.016666412353516,18585.31640625,22.399999618530273,5.099999904632568,4.599999904632568,31.766666412353516,24498.333984375,3679.457142857143,0.7261666655540466,26.394285202026367,150.57142857142858,1757.017822265625,2727.39990234375,-1.1862143278121948,1208.142857142857,2,465,1,0,0,21,16,214
1,33.0,0.030786773189902306,32767.0,306.0277777777777,21423.0,30.600000381469727,13.949999809265137,22391.083984375,24.299999237060547,5.099999904632568,4.9666666984558105,31.03333282470703,27329.5,3392.657142857143,0.7428809404373169,26.688810348510742,191.34285714285716,1769.496337890625,2570.3427734375,-1.1675238609313965,1207.5142857142857,3,511,1,0,0,21,3,13
1,,0.04332953318953514,32767.0,303.75862068965506,16163.3330078125,32.5,13.050000190734863,23482.18359375,27.683332443237305,4.699999809265137,4.599999904632568,26.08333396911621,32981.16796875,3255.114285714286,0.7649285793304443,26.842857360839844,228.94285714285715,1806.5928955078125,2569.857177734375,-1.2537143230438232,1219.3714285714286,1,480,1,0,0,24,2,
0,133.0,0.9053592085838318,1991.0,271.26470588235276,11054.6669921875,31.766666412353516,3.5,21240.533203125,26.516666412353516,5.800000190734863,4.449999809265137,40.71666717529297,27973.666015625,1290.6,0.6693333387374878,23.973451614379883,58.885714285714286,1500.16259765625,2711.54296875,1.1613094806671143,1107.1714285714286,0,490,1,1,0,41,22,70
0,66.0,0.9543899893760681,1195.0,269.09090909090895,14060.0,32.233333587646484,2.549999952316284,21705.5,28.549999237060547,5.599999904632568,4.183333396911621,40.599998474121094,27198.5,1279.1714285714286,0.6520476341247559,23.740476608276367,57.114285714285714,1494.2569580078125,2702.085693359375,1.1537142992019653,1099.4,0,490,1,1,0,21,21,36
0,273.0,0.9589509963989258,1037.0,270.0285714285713,10130.8330078125,32.33333206176758,3.549999952316284,22114.966796875,26.28333282470703,5.5,4.300000190734863,41.56666564941406,29347.166015625,1361.942857142857,0.6563809514045715,23.625951766967773,64.94285714285714,1495.7080078125,2693.800048828125,1.190166711807251,1088.6,0,490,1,1,0,31,21,152
0,274.0,0.8346636295318604,1082.0,282.4444444444442,12209.5,43.7055549621582,5.0722222328186035,19765.587890625,23.72222137451172,4.666666507720947,4.194444179534912,29.850000381469727,18982.666015625,1687.3428571428572,0.783047616481781,25.5483341217041,93.2,1547.081298828125,2468.628662109375,1.2754762172698975,1130.3142857142857,0,466,1,1,0,41,27,152
0,258.0,0.6328392028808594,1268.0,300.81632653061195,12958.0,40.91666793823242,5.650000095367432,16676.6328125,21.549999237060547,4.300000190734863,4.316666603088379,32.150001525878906,19630.666015625,1797.6857142857143,0.8484285473823547,26.205595016479492,110.05714285714286,1574.268310546875,2432.17138671875,1.2543333768844604,1148.5142857142857,0,466,1,1,0,41,28,142
0,184.0,0.8882554173469543,1143.0,300.81632653061195,11254.0,38.733333587646484,6.116666793823242,16203.966796875,21.299999237060547,4.300000190734863,4.5,30.149999618530273,17444.5,1831.4571428571428,0.8468571305274963,26.144880294799805,110.77142857142857,1570.0921630859375,2456.8857421875,1.245476245880127,1143.5142857142857,0,466,1,1,0,41,7,101
0,142.0,0.9007982015609741,1102.0,237.28571428571414,13626.6669921875,22.91666603088379,9.616666793823242,13495.4833984375,19.53333282470703,3.0999999046325684,4.800000190734863,57.28333282470703,15039.1669921875,3580.0,1.0094523429870605,27.2353572845459,156.22857142857143,1626.5322265625,2189.771484375,1.3682857751846313,1162.6285714285714,6,570,1,1,0,41,3,60
0,156.02532283437876,0.785632848739624,2330.0,237.28571428571414,13905.5,26.149999618530273,9.783333778381348,14907.400390625,20.799999237060547,3.799999952316284,4.7166666984558105,49.68333435058594,16294.1669921875,3654.714285714286,1.023214340209961,27.327619552612305,161.0857142857143,1631.327880859375,2120.800048828125,1.3840714693069458,1162.0285714285715,3,570,1,0,1,21,7,59
0,193.0,0.21322691440582275,10409.0,228.61224489795902,13558.0,26.200000762939453,7.683333396911621,13125.3330078125,18.399999618530273,3.5999999046325684,4.900000095367432,53.66666793823242,14403.0,3717.0285714285715,1.0446666479110718,27.453453063964844,168.17142857142858,1623.174072265625,2065.914306640625,1.4738810062408447,1154.3142857142857,4,570,1,0,0,41,6,90
0,97.0,0.28848347067832947,16276.0,220.5918367346937,13402.6669921875,28.2277774810791,8.494444847106934,14018.783203125,20.177778244018555,3.7333333492279053,4.916666507720947,54.71110916137695,15137.0556640625,3773.714285714286,1.047881007194519,27.471548080444336,167.0,1611.01806640625,2086.028564453125,1.4745237827301025,1148.6571428571428,2,570,1,0,0,31,5,41
0,195.0,0.5895096659660339,6153.0,213.73469387755082,13467.1669921875,28.28333282470703,8.550000190734863,17218.466796875,20.41666603088379,4.199999809265137,4.983333110809326,52.75,18883.0,3920.285714285714,1.0519523620605469,27.38511848449707,171.54285714285714,1593.2017822265625,2038.4000244140625,1.5081666707992554,1131.1142857142856,6,570,1,0,0,11,5,74
0,129.0,0.6134549379348755,10072.0,207.44897959183646,14194.3330078125,31.933332443237305,9.033333778381348,20380.966796875,27.91666603088379,5.099999904632568,4.949999809265137,45.41666793823242,24797.333984375,3987.3142857142857,1.0539761781692505,27.410715103149414,171.0,1578.5634765625,2020.4571533203125,1.5370476245880127,1123.2857142857142,1,570,1,0,0,11,8,49
0,74.0,0.38312429189682007,4937.0,199.75510204081607,16305.3330078125,25.016666412353516,6.833333492279053,14308.349609375,19.799999237060547,3.799999952316284,4.916666507720947,55.33333206176758,18194.166015625,3985.3714285714286,1.0820238590240479,27.63381004333496,183.57142857142858,1586.6898193359375,1989.2572021484375,1.5717618465423584,1121.2571428571428,2,570,1,0,0,31,9,29
0,95.0,0.28620296716690063,1286.0,192.4693877551018,10315.0,25.16666603088379,7.766666889190674,14633.3330078125,19.799999237060547,3.9000000953674316,4.900000095367432,57.5,17675.0,3899.342857142857,1.0925952196121216,27.625595092773438,202.34285714285716,1605.4893798828125,1934.971435546875,1.611547589302063,1114.5714285714287,2,570,1,0,0,41,17,41
0,46.0,0.4652223587036133,4175.0,185.36734693877537,17150.666015625,19.383333206176758,11.699999809265137,14270.466796875,19.58333396911621,4.0,5.099999904632568,62.849998474121094,17274.666015625,4041.3714285714286,1.1022857427597046,27.611190795898438,202.14285714285714,1598.465087890625,1898.8857421875,1.6204047203063965,1111.4857142857143,2,570,1,0,0,31,15,20
0,77.0,0.2690992057323456,3397.0,178.77551020408157,18423.666015625,23.833332061767578,9.63888931274414,13926.9228515625,18.899999618530273,4.0,5.199999809265137,61.2611083984375,16995.111328125,3954.2285714285713,1.1265475749969482,27.768333435058594,206.88571428571427,1605.26708984375,1910.6571044921875,1.6251190900802612,1115.6571428571428,0,570,1,0,0,21,22,36
1,69.0,0.0,17926.0,174.83673469387747,15837.0,24.25,15.933333396911621,15331.6337890625,19.600000381469727,4.099999904632568,5.099999904632568,57.91666793823242,25528.5,3993.4857142857145,1.1574286222457886,27.995119094848633,221.77142857142857,1619.0360107421875,1828.2572021484375,1.6879048347473145,1116.2285714285715,6,570,1,0,0,41,2,35
0,,0.019384264945983887,14263.0,175.20408163265301,20796.0,22.0,7.483333110809326,15866.783203125,21.399999618530273,5.900000095367432,5.199999809265137,58.0,16267.8330078125,4122.228571428572,1.225357174873352,28.296428680419922,220.6,1587.58837890625,1906.6571044921875,1.6334761381149292,1111.3714285714286,2,570,1,0,0,34,12,
0,109.0,0.08209805935621262,9996.0,177.42857142857136,15042.3330078125,23.866666793823242,12.25,20876.06640625,23.350000381469727,5.099999904632568,5.400000095367432,57.11666488647461,27647.5,4432.428571428572,1.0430238246917725,26.6346435546875,202.97142857142856,1608.9649658203125,1870.3143310546875,1.6596190929412842,1092.9714285714285,3,570,1,0,0,31,8,51
0,56.0,0.6316989660263062,4819.0,181.26530612244892,15648.6669921875,26.133333206176758,13.399999618530273,27025.267578125,23.46666717529297,4.699999809265137,5.099999904632568,53.53333282470703,27860.333984375,4270.771428571428,1.1693333387374878,27.991905212402344,220.28571428571428,1603.6290283203125,1879.1142578125,1.6871905326843262,1108.6285714285714,2,570,1,0,0,21,15,23
0,140.0,0.3432154953479767,2993.0,184.26530612244895,14460.0,22.933332443237305,8.699999809265137,14164.5,19.149999618530273,4.099999904632568,5.050000190734863,59.78333282470703,21434.5,4627.114285714286,1.1406190395355225,27.897619247436523,224.74285714285713,1632.2669677734375,1872.5714111328125,1.700095295906067,1114.0285714285715,1,570,1,0,0,24,14,57
0,36.0,0.8506271243095398,1294.0,179.3469387755101,14713.1669921875,23.683332443237305,13.75,18056.517578125,19.566667556762695,4.199999809265137,5.0,55.849998474121094,18707.0,4519.314285714286,1.1430714130401611,27.891786575317383,226.94285714285715,1656.1414794921875,1855.800048828125,1.6795238256454468,1126.7428571428572,1,570,1,1,0,41,25,20
0,32.0,0.049030788242816925,2972.0,191.26530612244886,12663.8330078125,27.200000762939453,11.916666984558105,13757.033203125,19.066667556762695,3.9000000953674316,5.0,53.28333282470703,17712.666015625,4420.8,1.1404762268066406,27.883333206176758,234.0,1643.852294921875,1832.94287109375,1.7281666994094849,1111.1714285714286,1,570,1,0,0,21,6,13
0,76.0,0.02166476659476757,2419.0,191.95744680851044,11511.1669921875,25.566667556762695,9.366666793823242,13819.5,19.016666412353516,3.5,5.266666889190674,56.81666564941406,16196.1669921875,4250.171428571429,1.1306904554367065,27.858928680419922,224.97142857142856,1601.8787841796875,1830.7142333984375,1.7071905136108398,1092.9714285714285,1,511,1,0,0,41,4,33
0,107.0,0.13911060988903046,2869.0,191.95744680851044,12706.0,22.450000762939453,8.350000381469727,14980.7998046875,19.16666603088379,3.700000047683716,5.199999809265137,58.11666488647461,21421.5,4250.171428571429,1.1306904554367065,27.858928680419922,224.97142857142856,1601.8787841796875,1830.7142333984375,1.7071905136108398,1092.9714285714285,1,511,1,0,0,31,3,43
0,184.0,0.24515393376350403,11709.0,189.931818181818,19380.666015625,25.933332443237305,12.983333587646484,17607.466796875,22.5,4.599999904632568,5.199999809265137,53.983333587646484,29624.666015625,4030.2285714285713,1.1563571691513062,27.826547622680664,234.45714285714286,1602.594970703125,1841.800048828125,1.7188571691513062,1087.6285714285714,0,570,1,0,0,21,6,78
0,141.0,0.108323834836483,18439.0,186.81578947368405,14651.6669921875,23.433332443237305,8.533333778381348,14240.716796875,20.33333396911621,4.599999904632568,5.183333396911621,59.266666412353516,21084.5,3910.6857142857143,1.1723809242248535,28.01095199584961,248.57142857142858,1614.7977294921875,1804.8857421875,1.750071406364441,1084.0,0,570,1,0,0,31,4,62
0,412.0,0.7787913084030151,1400.0,343.18367346938754,16011.1669921875,35.33333206176758,14.333333015441895,24152.1171875,24.0,4.699999809265137,4.7833333015441895,37.68333435058594,25751.0,3721.5714285714284,0.7139047384262085,25.894046783447266,143.25714285714287,1796.0440673828125,2461.514404296875,-1.3218095302581787,1221.5142857142857,0,465,1,0,1,31,8,264
0,430.0,0.8802736401557922,1339.0,345.1020408163263,16598.666015625,38.266666412353516,13.600000381469727,32767.267578125,26.016666412353516,5.599999904632568,4.683333396911621,31.516666412353516,27042.0,3725.7714285714287,0.6973571181297302,25.73952293395996,141.9142857142857,1785.306396484375,2499.1142578125,-1.27997624874115,1213.057142857143,1,465,1,0,1,21,14,275
0,365.0,0.745724081993103,1276.0,342.755102040816,13775.0,36.900001525878906,13.466666221618652,24281.599609375,24.450000762939453,5.0,4.5333333015441895,34.66666793823242,25853.0,3784.7428571428572,0.7170237898826599,26.148571014404297,148.22857142857143,1786.6396484375,2611.028564453125,-1.1952142715454102,1216.7428571428572,0,465,1,0,1,42,19,233
0,437.0,0.8962371945381165,1123.0,340.36734693877514,17907.333984375,38.46666717529297,9.316666603088379,18839.44921875,22.933332443237305,5.300000190734863,4.75,31.299999237060547,25201.333984375,3826.4,0.7112143039703369,26.124643325805664,144.28571428571428,1775.172119140625,2635.45703125,-1.2003809213638306,1213.3428571428572,0,465,1,0,1,31,4,277
0,79.0,0.9384264349937439,2523.0,336.2244897959181,19666.833984375,38.5,9.550000190734863,19231.3671875,23.016666412353516,5.300000190734863,4.683333396911621,32.516666412353516,25983.333984375,3835.3714285714286,0.7108095288276672,26.14321517944336,144.02857142857144,1769.8187255859375,2656.28564453125,-1.1794285774230957,1210.7714285714285,0,465,1,0,1,21,8,49
0,418.0,0.9293044209480286,5030.0,329.7959183673467,15529.1669921875,37.79999923706055,12.199999809265137,21153.666015625,24.299999237060547,5.400000095367432,4.699999809265137,34.150001525878906,28174.5,3785.4857142857145,0.7151428461074829,26.22249984741211,150.14285714285714,1764.560791015625,2670.45703125,-1.1690714359283447,1205.7714285714285,4,465,1,0,1,41,9,264
1,165.0,0.44241732358932495,8651.0,324.12244897959164,16545.0,39.099998474121094,7.766666889190674,20509.8828125,22.83333396911621,5.300000190734863,4.699999809265137,35.18333435058594,27894.666015625,3693.714285714286,0.7181428670883179,26.2978572845459,157.22857142857143,1743.38427734375,2662.71435546875,-1.1500952243804932,1189.142857142857,2,465,1,0,0,41,10,100
0,190.0,0.8757126331329346,15776.0,320.55102040816314,13389.1669921875,35.43333435058594,8.133333206176758,20010.69921875,23.33333396911621,4.900000095367432,4.683333396911621,34.53333282470703,26687.166015625,3671.8571428571427,0.7214761972427368,26.39392852783203,160.4,1762.2908935546875,2650.228515625,-1.1508333683013916,1201.4,2,465,1,0,1,41,17,120
0,1.0,0.06271379441022873,22700.0,315.1632653061223,20518.5,37.45000076293945,14.416666984558105,22362.0,21.733333587646484,4.699999809265137,4.900000095367432,31.16666603088379,28211.0,3538.7714285714287,0.7169047594070435,26.488691329956055,170.31428571428572,1760.015869140625,2654.8857421875,-1.1138094663619995,1199.1714285714286,29,465,1,0,1,42,8,
0,,0.05929304286837578,22780.0,309.9111111111111,20972.833984375,37.86666488647461,14.916666984558105,26597.349609375,25.049999237060547,5.0,4.949999809265137,29.03333282470703,30326.333984375,3538.7714285714287,0.7169047594070435,26.488691329956055,170.31428571428572,1760.015869140625,2654.8857421875,-1.1138094663619995,1199.1714285714286,30,511,1,0,1,41,10,
0,,0.0,32767.0,306.9736842105262,22816.0,31.433332443237305,11.883333206176758,18981.533203125,22.516666412353516,4.0,5.099999904632568,30.450000762939453,30143.666015625,3367.542857142857,0.7650238275527954,26.850000381469727,195.25714285714287,1724.6412353515625,2517.199951171875,-1.1546190977096558,1189.6571428571428,22,511,1,0,0,34,3,
1,12.0,0.0,32767.0,304.61290322580624,25906.833984375,29.28333282470703,11.199999809265137,20375.3671875,24.899999618530273,5.099999904632568,5.150000095367432,20.516666412353516,38047.33203125,3313.0857142857144,0.7687143087387085,26.881547927856445,211.2,1788.3753662109375,2611.628662109375,-1.1518332958221436,1224.5714285714287,18,480,1,0,0,34,11,6
0,340.6136115087527,0.8996579051017761,1165.0,304.20408163265273,11970.8330078125,40.93333435058594,4.683333396911621,17894.6171875,21.733333587646484,4.900000095367432,4.400000095367432,32.25,19954.166015625,2069.714285714286,0.8419761657714844,26.056785583496094,116.54285714285714,1565.3426513671875,2407.60009765625,1.2147618532180786,1134.6857142857143,0,464,1,1,0,41,28,185
0,145.0,0.7229190468788147,1204.0,247.0816326530611,12326.1669921875,27.933332443237305,10.116666793823242,18316.966796875,20.183332443237305,3.9000000953674316,4.800000190734863,50.516666412353516,19990.166015625,3526.657142857143,1.0096666812896729,27.316308975219727,158.82857142857142,1630.97998046875,2133.485595703125,1.3713570833206177,1161.5714285714287,6,570,1,1,0,41,13,64
1,130.0,0.07981756329536438,2523.0,239.10204081632634,12895.4443359375,28.0222225189209,8.972222328186035,16391.56640625,20.02777862548828,3.933333396911621,4.877777576446533,50.92777633666992,17432.0,3697.1714285714284,1.0282857418060303,27.399642944335938,160.42857142857142,1630.9521484375,2118.199951171875,1.4063571691513062,1163.5142857142857,5,570,1,0,0,34,2,66
0,131.0,0.5518814325332642,6183.0,231.30612244897938,10450.8330078125,27.149999618530273,8.449999809265137,17000.732421875,20.616666793823242,4.300000190734863,4.866666793823242,48.46666717529297,17157.333984375,3774.3142857142857,1.0148333311080933,27.226903915405273,162.71428571428572,1613.5924072265625,2131.914306640625,1.4149047136306763,1145.9142857142858,4,466,1,0,0,21,15,52
0,142.0,0.7696693539619446,7322.0,220.5918367346937,12558.6669921875,25.200000762939453,6.349999904632568,16429.333984375,21.83333396911621,4.400000095367432,4.816666603088379,48.58333206176758,21488.0,3902.5714285714284,1.0053095817565918,26.885595321655273,164.25714285714287,1601.604248046875,2094.0,1.4562381505966187,1129.5428571428572,7,570,1,0,0,31,6,63
0,124.0,0.38768529891967773,4531.0,217.28571428571408,17781.443359375,26.39444351196289,9.233333587646484,19244.3828125,24.99444580078125,5.0333333015441895,4.905555725097656,47.9888916015625,21254.0,3943.114285714286,1.0369999408721924,27.327619552612305,169.17142857142858,1598.49755859375,2081.800048828125,1.4669524431228638,1134.9142857142858,3,466,1,0,0,31,4,47
0,193.0,0.1220068410038948,4760.0,207.44897959183646,14932.3330078125,25.100000381469727,7.199999809265137,15081.8330078125,20.116666793823242,4.199999809265137,5.199999809265137,54.766666412353516,17900.833984375,4060.6,1.0605475902557373,27.524761199951172,174.85714285714286,1576.9327392578125,1995.5142822265625,1.554976224899292,1120.057142857143,1,466,1,0,0,41,4,82
0,80.0,0.48232612013816833,2570.0,205.57142857142836,13230.6669921875,25.75,5.233333110809326,18462.1171875,21.683332443237305,4.400000095367432,5.099999904632568,52.08333206176758,20837.5,4060.6,1.0605475902557373,27.524761199951172,174.85714285714286,1576.9327392578125,1995.5142822265625,1.554976224899292,1120.057142857143,2,466,1,0,0,21,17,30
0,113.0,0.28848347067832947,1798.0,199.8979591836733,10749.6669921875,24.16666603088379,10.666666984558105,19282.1171875,20.41666603088379,4.400000095367432,5.099999904632568,57.900001525878906,17122.833984375,4115.685714285714,1.076857089996338,27.529762268066406,192.2,1590.762451171875,1946.6571044921875,1.5998095273971558,1112.4571428571428,1,570,1,0,0,41,21,58
0,79.0,0.33409351110458374,2696.0,193.3877551020407,12801.8330078125,22.7722225189209,10.816666603088379,15655.5439453125,20.60555648803711,4.266666412353516,5.0,55.3055534362793,19058.666015625,4197.085714285714,1.0790475606918335,27.465476989746094,199.02857142857144,1602.8590087890625,1906.2572021484375,1.6228809356689453,1110.8,0,570,1,0,0,31,28,35
0,44.0,0.36031925678253174,10320.0,187.5714285714285,20919.166015625,21.75,11.766666412353516,17566.482421875,21.0,4.400000095367432,5.050000190734863,60.58333206176758,21084.0,4225.257142857143,1.118571400642395,27.797142028808594,209.94285714285715,1607.52001953125,1869.3714599609375,1.6402618885040283,1112.6285714285714,1,570,1,0,0,42,6,19
0,44.0,0.0045610032975673676,14086.0,186.02040816326524,19963.0,20.41666603088379,10.233333587646484,16812.166015625,19.566667556762695,3.9000000953674316,5.099999904632568,61.349998474121094,17854.0,4326.571428571428,1.1418333053588867,27.943096160888672,212.9142857142857,1614.552734375,1850.1142578125,1.674118995666504,1118.3428571428572,0,570,1,0,0,21,6,18
0,,0.22120866179466248,6792.0,175.20408163265301,20228.111328125,22.41666603088379,10.516666412353516,13843.177734375,21.75,4.266666412353516,5.261110782623291,58.227779388427734,17772.443359375,4415.571428571428,1.1889523267745972,28.13511848449707,212.6,1585.266357421875,1899.228515625,1.6641666889190674,1110.1142857142856,0,570,1,0,0,21,17,
0,98.0,0.557582676410675,6290.0,188.5102040816326,11812.6669921875,21.350000381469727,12.416666984558105,14854.7333984375,20.649999618530273,4.599999904632568,5.083333492279053,57.900001525878906,17124.333984375,4516.6,1.1322380304336548,27.900238037109375,219.5142857142857,1613.460693359375,1882.82861328125,1.6767857074737549,1107.5714285714287,1,570,1,0,0,21,10,40
0,179.0,0.20410490036010742,4730.0,193.26530612244886,12854.1669921875,22.383333206176758,10.699999809265137,13725.5,19.600000381469727,4.0,5.0,59.13333511352539,19239.333984375,4739.228571428572,1.1506190299987793,27.995119094848633,212.71428571428572,1599.027099609375,1912.05712890625,1.676452398300171,1108.857142857143,2,570,1,0,0,24,16,86
0,42.0,0.19498290121555328,2478.0,195.81632653061212,12461.1669921875,22.899999618530273,8.850000381469727,12926.2001953125,18.91666603088379,4.199999809265137,5.099999904632568,59.20000076293945,18222.0,4821.771428571428,1.145642876625061,27.92011833190918,217.28571428571428,1620.4554443359375,1873.5428466796875,1.704785704612732,1115.3142857142857,1,570,1,0,0,34,6,19
0,122.0,0.48232612013816833,1343.0,198.97959183673458,15399.3330078125,21.516666412353516,13.350000381469727,13281.0,18.91666603088379,4.0,5.050000190734863,60.11666488647461,19059.666015625,4901.428571428572,1.1215952634811401,27.796428680419922,217.9142857142857,1643.595703125,1904.857177734375,1.6774286031723022,1124.3142857142857,2,511,1,0,0,24,6,70
0,163.0,0.5484606623649597,1479.0,200.95918367346925,10520.3330078125,25.53333282470703,13.100000381469727,25652.349609375,24.0,3.5999999046325684,4.900000095367432,55.25,26920.0,4776.914285714286,1.11214280128479,27.741546630859375,221.9142857142857,1643.77587890625,1828.4857177734375,1.7340476512908936,1119.0857142857142,1,511,1,0,0,42,19,76
0,,0.202964648604393,1464.0,201.3061224489794,11724.388671875,22.572221755981445,11.866666793823242,19417.35546875,23.9777774810791,5.266666412353516,5.400000095367432,55.14444351196289,27429.5546875,4580.628571428571,1.0774047374725342,27.439523696899414,214.94285714285715,1603.61279296875,1842.857177734375,1.7198095321655273,1093.8,0,511,1,0,0,31,3,
0,156.07250118960803,0.5746864080429077,1501.0,191.95744680851044,12949.888671875,22.827777862548828,13.644444465637207,15885.60546875,18.78333282470703,3.933333396911621,5.016666889190674,56.7944450378418,17313.888671875,4240.542857142857,1.1230238676071167,27.789762496948242,227.17142857142858,1604.0673828125,1831.228515625,1.7303333282470703,1091.1142857142856,0,511,1,0,0,21,24,78
0,178.0,0.07639680802822113,6337.0,196.1521739130433,12280.0,24.405555725097656,11.933333396911621,15257.560546875,20.877777099609375,4.366666793823242,5.050000190734863,57.80555725097656,22367.666015625,4137.4,1.1268810033798218,27.761547088623047,227.77142857142857,1597.8328857421875,1833.94287109375,1.71916663646698,1085.0285714285715,0,511,1,0,0,21,3,79
0,166.0,0.052451539784669876,14955.0,191.6341463414632,16571.111328125,21.166667938232422,5.511111259460449,14671.5888671875,19.244443893432617,4.4666666984558105,5.433333396911621,59.20000076293945,29152.779296875,3891.4285714285716,1.1503571271896362,27.888690948486328,247.17142857142858,1610.0833740234375,1830.7427978515625,1.7057143449783325,1076.6857142857143,0,570,1,0,0,21,35,83
0,381.0,0.8335233926773071,1457.0,341.1777777777774,15796.611328125,36.911109924316406,11.033333778381348,23356.123046875,22.933334350585938,4.333333492279053,4.683333396911621,37.411109924316406,23644.27734375,3751.885714285714,0.7269523739814758,26.053333282470703,140.85714285714286,1788.2568359375,2446.257080078125,-1.2980952262878418,1226.5714285714287,0,465,1,0,1,41,14,246
0,283.0,0.9452679753303528,1182.0,345.22448979591803,16022.1669921875,38.983333587646484,13.316666603088379,37189.234375,25.633333206176758,5.5,4.683333396911621,34.016666412353516,40941.5,3819.9142857142856,0.6712142825126648,25.461191177368164,138.54285714285714,1782.535400390625,2491.428466796875,-1.2104047536849976,1204.1714285714286,0,465,1,0,1,31,2,181
0,317.0,0.5450398921966553,1350.0,343.1020408163262,15303.0,34.900001525878906,11.850000381469727,31889.1328125,22.516666412353516,5.099999904632568,4.683333396911621,35.53333282470703,24848.333984375,3805.5142857142855,0.7149523496627808,26.128334045410156,148.5142857142857,1784.89794921875,2588.228515625,-1.212476134300232,1215.0,0,465,1,0,1,31,29,187
0,251.0,0.6351197361946106,1470.0,342.755102040816,14517.5,35.91666793823242,12.383333206176758,24503.517578125,23.433332443237305,5.099999904632568,4.683333396911621,34.66666793823242,22728.833984375,3805.5142857142855,0.7149523496627808,26.128334045410156,148.5142857142857,1784.89794921875,2588.228515625,-1.212476134300232,1215.0,0,465,1,0,1,31,33,150
1,142.0,0.9350057244300842,1105.0,341.6122448979588,19780.833984375,38.66666793823242,11.883333206176758,20743.982421875,23.91666603088379,5.099999904632568,4.683333396911621,32.54999923706055,23850.833984375,3852.114285714286,0.7076666951179504,26.073333740234375,149.28571428571428,1781.17041015625,2571.685791015625,-1.1931190490722656,1212.2571428571428,2,465,1,0,1,42,2,90
1,,0.38198402523994446,6694.0,331.83673469387725,16712.166015625,40.28333282470703,11.916666984558105,18889.150390625,21.933332443237305,5.300000190734863,4.849999904632568,33.43333435058594,23868.833984375,3782.457142857143,0.7237856984138489,26.36618995666504,155.28571428571428,1752.747802734375,2628.428466796875,-1.1549524068832397,1197.2285714285715,5,465,1,0,1,42,6,
0,21.0,0.40136829018592834,9892.0,327.18367346938743,13478.6669921875,36.13333511352539,6.449999809265137,17796.3671875,21.483333587646484,4.900000095367432,4.683333396911621,37.41666793823242,28525.166015625,3746.657142857143,0.7230238318443298,26.36916732788086,156.0,1751.8804931640625,2619.628662109375,-1.149476170539856,1195.8285714285714,1,465,1,0,1,42,13,9
1,89.0,0.6351197361946106,11526.0,321.89795918367315,16222.5,39.150001525878906,11.233333587646484,19578.19921875,22.483333587646484,4.900000095367432,4.683333396911621,31.83333396911621,26536.0,3667.885714285714,0.7250000238418579,26.44023895263672,162.6,1758.4423828125,2623.485595703125,-1.134857177734375,1197.6571428571428,0,465,1,0,1,31,13,38
1,209.0,0.4241733253002167,16038.0,316.20408163265273,12650.0,36.31666564941406,6.616666793823242,18799.533203125,23.066667556762695,5.0,4.683333396911621,35.95000076293945,23395.333984375,3496.5714285714284,0.7276904582977295,26.54297637939453,173.77142857142857,1755.5399169921875,2652.54296875,-1.1106666326522827,1195.942857142857,3,465,1,0,1,41,20,85
0,,0.052451539784669876,19889.0,310.86956521739097,14196.5185546875,30.700000762939453,10.029629707336426,16948.0859375,22.572221755981445,5.077777862548828,5.02222204208374,39.681480407714844,25460.111328125,3524.5142857142855,0.7262380719184875,26.552261352539062,172.37142857142857,1738.7841796875,2629.571533203125,-1.098190426826477,1188.3428571428572,2,465,1,0,0,41,3,
1,102.0,0.0,32767.0,307.9249999999997,24136.333984375,25.566667556762695,12.633333206176758,20844.3828125,23.116666793823242,4.800000190734863,4.699999809265137,12.433333396911621,39299.33203125,3339.7714285714287,0.7649999856948853,26.85678482055664,204.77142857142857,1754.56201171875,2523.3427734375,-1.1476190090179443,1200.6,1,570,1,0,0,42,20,43
1,111.0,0.0,32767.0,305.29411764705856,25559.0,27.899999618530273,11.75,20964.849609375,27.71666717529297,5.099999904632568,4.683333396911621,21.899999618530273,30548.0,3316.9142857142856,0.7591428756713867,26.84511947631836,212.17142857142858,1773.4647216796875,2532.94287109375,-1.1473095417022705,1207.9142857142858,0,570,1,0,0,21,11,48
0,128.0,0.0,32767.0,306.2499999999997,26567.833984375,29.600000381469727,11.033333778381348,20416.3828125,24.016666412353516,4.199999809265137,4.949999809265137,18.549999237060547,34635.16796875,3246.4285714285716,0.7799047827720642,26.97059440612793,228.94285714285715,1795.0540771484375,2556.257080078125,-1.1651666164398193,1221.6857142857143,0,480,1,0,0,24,6,59
0,413.0,0.8814139366149902,1071.0,277.4186046511625,11992.388671875,39.46666717529297,6.083333492279053,18568.255859375,23.25,4.699999809265137,4.2833333015441895,31.133333206176758,20215.5,1610.2,0.7820237874984741,25.692262649536133,97.17142857142858,1558.054443359375,2397.45703125,1.2071905136108398,1142.3428571428572,0,464,1,1,0,42,27,226
0,197.0,0.9122006893157959,1073.0,303.6734693877548,13388.8330078125,40.53333282470703,7.5,17195.166015625,22.183332443237305,4.5,4.449999809265137,32.79999923706055,17551.833984375,2069.714285714286,0.8419761657714844,26.056785583496094,116.54285714285714,1565.3426513671875,2407.60009765625,1.2147618532180786,1134.6857142857143,0,466,1,1,0,42,23,107
0,196.0,0.7548460364341736,1345.0,290.57142857142844,12713.3330078125,32.78333282470703,8.350000381469727,16560.18359375,21.233333587646484,4.300000190734863,4.699999809265137,39.78333282470703,15834.5,2617.9714285714285,0.9057857394218445,26.597856521606445,141.0857142857143,1601.8311767578125,2283.6572265625,1.246642827987671,1150.4,0,464,1,1,0,41,32,104
0,298.0,0.9680729508399963,1056.0,255.40816326530592,12870.0,27.566667556762695,10.333333015441895,16181.5,20.649999618530273,3.700000047683716,4.699999809265137,48.58333206176758,16824.5,3297.3714285714286,0.9795952439308167,27.185237884521484,156.68571428571428,1648.4813232421875,2144.228515625,1.3354285955429077,1168.2,0,570,1,0,0,31,30,159
0,147.0,0.6567844748497009,1204.0,248.36734693877528,13503.6669921875,29.183332443237305,10.366666793823242,16873.267578125,20.200000762939453,3.799999952316284,4.800000190734863,52.18333435058594,17721.5,3506.8571428571427,1.0034524202346802,27.3026180267334,158.74285714285713,1644.040771484375,2136.085693359375,1.354880928993225,1166.4571428571428,5,570,1,0,0,42,11,60
0,204.0,0.7137970328330994,2980.0,241.04081632653038,12066.3330078125,25.66666603088379,9.433333396911621,14814.0,20.366666793823242,3.5999999046325684,4.800000190734863,50.71666717529297,17603.333984375,3624.4857142857145,1.0019999742507935,27.217262268066406,163.65714285714284,1619.0865478515625,2088.05712890625,1.4143095016479492,1146.6285714285714,3,570,1,0,0,41,3,85
0,222.0,0.9635119438171387,6429.0,231.30612244897938,11863.3330078125,30.933332443237305,7.666666507720947,18344.0,20.83333396911621,4.199999809265137,4.800000190734863,43.29999923706055,16863.333984375,3774.3142857142857,1.0148333311080933,27.226903915405273,162.71428571428572,1613.5924072265625,2131.914306640625,1.4149047136306763,1145.9142857142858,2,466,1,0,0,41,16,98
0,174.0,0.6989737749099731,10548.0,221.85714285714263,17543.5,26.96666717529297,12.050000190734863,49557.16796875,21.383333206176758,4.300000190734863,5.0,48.93333435058594,19618.833984375,3819.2285714285713,1.0464762449264526,27.504642486572266,171.4857142857143,1590.7314453125,2012.6571044921875,1.4838571548461914,1129.8,4,570,1,0,0,42,2,66
0,140.0,0.13797035813331604,6412.0,221.85714285714263,21439.943359375,29.072223663330078,11.094444274902344,21958.16796875,23.83888816833496,4.799999713897705,5.199999809265137,45.17222213745117,22041.666015625,3899.4,1.03766667842865,27.318927764892578,172.68571428571428,1589.207275390625,2016.05712890625,1.4910951852798462,1125.3428571428572,4,570,1,0,0,31,4,61
0,201.0,0.4526796042919159,5667.0,217.81632653061203,13830.5,32.20000076293945,12.516666412353516,34273.19921875,26.96666717529297,5.099999904632568,4.900000095367432,44.38333511352539,31636.0,4081.6285714285714,0.9096904993057251,25.85357093811035,158.6,1577.8564453125,2035.7142333984375,1.4878809452056885,1093.0,3,466,1,0,0,31,4,77
0,43.0,0.34663626551628113,2648.0,208.89795918367335,16810.833984375,23.25,13.300000190734863,18240.05078125,21.25,3.9000000953674316,5.199999809265137,58.96666717529297,25610.5,4052.0285714285715,1.0748095512390137,27.618690490722656,182.65714285714284,1572.180908203125,1955.6856689453125,1.566499948501587,1111.7142857142858,2,466,1,0,0,31,2,16
0,95.0,0.33979475498199463,6112.0,203.81632653061212,11692.3330078125,28.116666793823242,8.816666603088379,21428.166015625,22.633333206176758,4.900000095367432,5.0,50.08333206176758,20649.0,4074.6285714285714,1.0845952033996582,27.625356674194336,196.8,1606.7982177734375,1903.7142333984375,1.6033809185028076,1118.1142857142856,4,570,1,0,0,21,25,42
0,,0.3911060392856598,4400.0,203.81632653061212,17729.0,20.16666603088379,13.199999809265137,14614.4833984375,19.149999618530273,4.0,5.25,61.03333282470703,16233.1669921875,4181.0,1.0877618789672852,27.626667022705078,198.05714285714285,1599.25048828125,1908.82861328125,1.617738127708435,1115.3428571428572,3,570,1,0,0,41,4,
0,80.0,0.19156214594841003,1984.0,199.81632653061214,13317.77734375,23.39444351196289,7.922222137451172,15728.85546875,21.47222137451172,4.400000095367432,5.194444179534912,58.16666793823242,19180.666015625,4210.114285714286,1.0751428604125977,27.479761123657227,200.6,1598.17919921875,1888.7427978515625,1.6233333349227905,1107.6,3,570,1,0,0,31,10,31
0,137.0,0.5473204255104065,8704.0,199.36734693877537,19032.333984375,21.733333587646484,12.850000381469727,17059.80078125,20.78333282470703,4.800000190734863,5.099999904632568,59.25,23327.0,4347.8,1.1305238008499146,27.92273712158203,215.02857142857144,1630.1854248046875,1824.5428466796875,1.6737619638442993,1122.0,3,570,1,0,0,31,26,65
1,65.0,0.006841504946351051,6819.0,199.36734693877537,9709.5,22.883333206176758,8.733333587646484,14240.2001953125,20.183332443237305,4.400000095367432,5.083333492279053,56.79999923706055,19327.833984375,4486.428571428572,1.13869047164917,27.969524383544922,216.4,1640.8695068359375,1875.3428955078125,1.6577142477035522,1129.2,0,570,1,0,0,34,21,34
0,71.0,0.31356897950172424,4409.0,201.93877551020398,13507.0,22.183332443237305,11.316666603088379,14138.716796875,19.16666603088379,4.300000190734863,5.099999904632568,53.06666564941406,16630.833984375,4518.142857142857,1.1339285373687744,27.933570861816406,219.17142857142858,1625.1923828125,1906.8857421875,1.656071424484253,1114.4857142857143,3,511,1,0,0,31,4,30
0,69.0,0.5872291922569275,1312.0,206.14285714285703,13305.8330078125,23.08333396911621,11.083333015441895,18523.150390625,22.366666793823242,4.599999904632568,5.300000190734863,56.16666793823242,23397.166015625,4630.142857142857,1.111452341079712,27.715595245361328,217.0857142857143,1626.14306640625,1895.228515625,1.666285753250122,1110.142857142857,2,511,1,0,0,31,6,34
0,68.0,0.2519954442977905,2815.0,207.63265306122435,12435.0,24.58333396911621,10.116666793823242,15228.7001953125,19.733333587646484,4.199999809265137,5.116666793823242,52.66666793823242,23511.0,4795.828571428571,1.1176190376281738,27.807857513427734,217.5142857142857,1639.2886962890625,1927.800048828125,1.63954758644104,1120.4571428571428,1,511,1,0,0,42,5,29
0,83.0,0.2018243968486786,1978.0,210.408163265306,12256.3330078125,22.733333587646484,11.483333587646484,14947.400390625,19.549999237060547,4.300000190734863,5.233333110809326,58.56666564941406,17466.666015625,4840.857142857143,1.1065714359283447,27.682857513427734,216.9142857142857,1620.2672119140625,1904.971435546875,1.6736905574798584,1106.5428571428572,0,511,1,0,0,21,9,40
0,84.0,0.8403648734092712,1096.0,211.1632653061223,10954.8330078125,24.100000381469727,13.916666984558105,19662.900390625,23.600000381469727,5.0,5.183333396911621,50.66666793823242,24169.333984375,4728.771428571428,1.0536428689956665,27.12392807006836,217.4857142857143,1613.49560546875,1871.6571044921875,1.6905237436294556,1088.142857142857,2,511,1,0,0,41,9,45
0,177.0,0.8905358910560608,1061.0,201.3061224489794,11165.8330078125,24.066667556762695,15.133333206176758,23565.8671875,24.366666793823242,4.900000095367432,5.099999904632568,56.983333587646484,25201.166015625,4476.2,1.0331190824508667,27.047380447387695,209.6,1593.63720703125,1856.028564453125,1.698119044303894,1078.0857142857142,0,511,1,0,0,41,16,96
0,246.0,0.19954389333724976,3347.0,206.67346938775492,15069.888671875,23.427778244018555,11.033333778381348,16215.8779296875,20.16111183166504,4.433333396911621,5.099999904632568,58.53333282470703,20924.333984375,4241.171428571428,1.0831270217895508,27.54111099243164,218.26666666666665,1596.8699951171875,1834.01904296875,1.7109524011611938,1085.847619047619,0,511,1,0,0,31,1,99
0,153.0,0.08665906637907028,8950.0,196.1521739130433,15320.3330078125,24.33333396911621,10.216666221618652,20515.93359375,21.600000381469727,5.0,5.2833333015441895,56.95000076293945,32857.33203125,4137.4,1.1268810033798218,27.761547088623047,227.77142857142857,1597.8328857421875,1833.94287109375,1.71916663646698,1085.0285714285715,0,511,1,0,0,21,1,62
0,149.0,0.1550741195678711,13364.0,197.06818181818156,11531.0,22.744443893432617,7.799999713897705,13836.705078125,19.061111450195312,4.099999904632568,5.261111259460449,56.411109924316406,21685.77734375,3781.885714285714,1.1403332948684692,27.871070861816406,244.62857142857143,1608.37646484375,1820.085693359375,1.7177618741989136,1077.0285714285715,0,570,1,0,0,21,14,59
0,166.0,0.06157354637980461,15078.0,193.5945945945944,20340.166015625,21.866666793823242,11.416666984558105,16594.6328125,21.383333206176758,5.199999809265137,5.2833333015441895,52.733333587646484,37747.16796875,3707.114285714286,1.1507856845855713,27.907737731933594,252.5142857142857,1612.3419189453125,1825.228515625,1.715666651725769,1075.2,0,570,1,0,0,21,1,67
0,288.2936867397986,0.9087799191474915,2998.0,340.3181818181816,15521.0,39.71666717529297,10.399999618530273,22990.80078125,22.450000762939453,4.300000190734863,4.683333396911621,34.516666412353516,26372.0,3812.3142857142857,0.7299047708511353,26.09666633605957,141.54285714285714,1788.9205322265625,2383.28564453125,-1.290761947631836,1229.6857142857143,0,465,1,0,1,42,13,186
0,312.0,0.9270239472389221,1070.0,342.1489361702125,17479.333984375,38.83333206176758,12.850000381469727,34055.6484375,26.299999237060547,5.699999809265137,4.7833333015441895,33.266666412353516,27154.666015625,3809.542857142857,0.7231190204620361,26.016666412353516,143.31428571428572,1788.5562744140625,2407.771484375,-1.2951428890228271,1225.7714285714285,0,465,1,0,1,41,8,201
0,187.0,0.8107183575630188,2298.0,342.8775510204079,16210.6669921875,36.63333511352539,10.283333778381348,27863.849609375,22.566667556762695,4.400000095367432,4.583333492279053,37.33333206176758,31675.5,3807.9714285714285,0.7260714173316956,26.062381744384766,143.37142857142857,1787.5780029296875,2428.914306640625,-1.2897380590438843,1224.4285714285713,0,465,1,0,1,31,8,120
0,298.0,0.7605473399162292,2002.0,343.73469387755074,17176.5,37.58333206176758,11.800000190734863,26165.6171875,22.616666793823242,4.599999904632568,4.683333396911621,37.46666717529297,30881.833984375,3809.5142857142855,0.7191904783248901,26.008333206176758,144.37142857142857,1785.48779296875,2464.857177734375,-1.2754762172698975,1220.8857142857144,0,465,1,0,1,31,8,192
0,313.0,0.8244013786315918,1256.0,344.7755102040813,15978.8330078125,39.31666564941406,12.783333778381348,27059.55078125,23.549999237060547,4.800000190734863,4.733333110809326,32.849998474121094,22344.0,3844.6285714285714,0.6974047422409058,25.74571418762207,140.05714285714285,1785.536376953125,2468.60009765625,-1.229261875152588,1219.3142857142857,0,465,1,0,1,31,13,202
0,394.0,0.8745723962783813,1194.0,345.22448979591803,17346.666015625,44.29999923706055,10.866666793823242,28642.93359375,28.616666793823242,5.800000190734863,4.683333396911621,30.766666412353516,31970.666015625,3795.9714285714285,0.7045952677726746,25.828571319580078,141.42857142857142,1787.8538818359375,2464.3427734375,-1.236809492111206,1218.142857142857,2,465,1,0,1,11,8,253
1,469.0,0.7411630749702454,3135.0,344.79591836734664,12613.1669921875,34.33333206176758,14.283333778381348,19476.416015625,23.483333587646484,4.800000190734863,4.633333206176758,35.5,21925.666015625,3848.657142857143,0.7102380990982056,26.11916732788086,153.71428571428572,1782.814453125,2551.771484375,-1.1931428909301758,1211.1142857142856,0,465,1,0,0,41,8,297
1,184.0,0.7115165591239929,4224.0,343.16326530612207,13064.5556640625,33.338890075683594,12.911110877990723,18650.505859375,22.19444465637207,4.5,4.550000190734863,36.338890075683594,21681.77734375,3859.0285714285715,0.7074999809265137,26.07642936706543,152.85714285714286,1780.1688232421875,2557.428466796875,-1.1926189661026,1209.3428571428572,0,465,1,0,0,42,29,86
1,92.0,0.5188141465187073,2069.0,340.5306122448976,15359.1669921875,37.13333511352539,10.716666221618652,19828.916015625,23.049999237060547,4.800000190734863,4.683333396911621,34.91666793823242,22912.666015625,3887.0857142857144,0.7137380838394165,26.21071434020996,150.05714285714285,1758.12060546875,2573.94287109375,-1.1414999961853027,1198.8857142857144,3,465,1,0,0,42,11,57
0,13.0,0.28848347067832947,5424.0,331.83673469387725,21340.0,35.20000076293945,12.466666221618652,20524.349609375,22.46666717529297,5.099999904632568,4.650000095367432,33.58333206176758,27200.666015625,3782.457142857143,0.7237856984138489,26.36618995666504,155.28571428571428,1752.747802734375,2628.428466796875,-1.1549524068832397,1197.2285714285715,2,465,1,0,1,42,3,8
0,148.0,0.7172178030014038,4991.0,323.69387755102,12898.3330078125,37.016666412353516,13.100000381469727,18189.599609375,22.066667556762695,4.599999904632568,4.583333492279053,35.599998474121094,22541.166015625,3607.0,0.7229999899864197,26.45702362060547,165.5142857142857,1757.200439453125,2615.82861328125,-1.1108332872390747,1194.2,1,465,1,0,1,41,8,86
0,,0.0,28390.0,307.9249999999997,20654.5,31.5,10.25,16913.3828125,22.766666412353516,3.799999952316284,5.099999904632568,30.700000762939453,25532.333984375,3326.2,0.7684285640716553,26.870237350463867,195.42857142857142,1713.0401611328125,2534.514404296875,-1.1619048118591309,1180.5428571428572,0,511,1,0,0,41,11,
1,261.0,0.5507411360740662,32767.0,305.5405405405403,19035.5,32.16666793823242,10.25,20873.0,25.483333587646484,5.099999904632568,4.7833333015441895,27.799999237060547,29427.166015625,3230.7428571428572,0.7644047737121582,26.89392852783203,213.37142857142857,1775.959228515625,2522.628662109375,-1.1284047365188599,1208.0,0,570,1,0,0,31,11,160
1,201.18211035708552,0.07183580100536346,32767.0,305.24999999999983,21283.333984375,31.383333206176758,11.449999809265137,22869.0,26.899999618530273,4.900000095367432,4.7833333015441895,25.049999237060547,33628.0,3229.6,0.7755237817764282,26.972381591796875,223.28571428571428,1782.3125,2570.514404296875,-1.1380000114440918,1214.4571428571428,0,570,1,0,0,21,11,86
0,101.0,0.9657924771308899,1043.0,259.1632653061222,10553.1669921875,33.61666488647461,8.483333587646484,24673.732421875,28.866666793823242,5.699999809265137,4.766666889190674,43.38333511352539,35421.16796875,3330.4,0.9084761738777161,26.30988121032715,147.25714285714287,1586.7869873046875,2203.857177734375,1.2983571290969849,1120.5428571428572,1,570,1,0,0,21,35,53
0,298.0,0.9350057244300842,1069.0,252.04081632653035,11113.0,31.866666793823242,9.916666984558105,21741.533203125,28.75,5.5,4.699999809265137,40.266666412353516,33650.33203125,3459.057142857143,0.906333327293396,26.141189575195312,148.54285714285714,1601.5712890625,2160.54296875,1.332809567451477,1121.8,0,570,1,0,0,21,30,160
0,114.0,0.7354618310928345,5139.0,245.30612244897927,13685.5,26.816667556762695,10.266666412353516,16404.349609375,20.71666717529297,3.799999952316284,4.699999809265137,46.81666564941406,15004.5,3477.2285714285713,0.9850714206695557,27.172975540161133,164.22857142857143,1617.35009765625,2049.485595703125,1.399999976158142,1140.3428571428572,2,466,1,0,0,31,1,61
0,70.0,0.8232611417770386,1307.0,237.5918367346936,17429.5546875,27.52777862548828,9.04444408416748,20022.533203125,23.11111068725586,4.333333492279053,4.866666793823242,52.238887786865234,17935.77734375,3647.114285714286,1.0189048051834106,27.411428451538086,167.8,1604.980712890625,2028.05712890625,1.4556190967559814,1137.0285714285715,2,570,1,0,0,21,2,37
0,170.0,0.6442417502403259,1112.0,231.1632653061222,17169.166015625,26.616666793823242,12.833333015441895,18939.43359375,22.5,4.099999904632568,4.916666507720947,49.83333206176758,23443.5,3688.714285714286,1.0264047384262085,27.443571090698242,169.62857142857143,1594.895263671875,2034.0,1.4529762268066406,1130.3428571428572,2,570,1,0,0,42,4,65
0,175.0,0.48232612013816833,12351.0,224.08163265306106,18386.166015625,29.183332443237305,10.766666412353516,22117.166015625,22.850000381469727,5.0,5.0,44.63333511352539,22589.166015625,3809.457142857143,1.0569047927856445,27.60785675048828,178.4857142857143,1618.7628173828125,1990.228515625,1.4980000257492065,1141.0857142857142,7,570,1,0,0,11,6,78
0,141.0,0.40250855684280396,5023.0,219.63265306122432,16829.166015625,25.899999618530273,9.5,17979.43359375,23.616666793823242,4.5,5.0,50.31666564941406,20583.666015625,3903.4857142857145,1.0366666316986084,27.348094940185547,178.28571428571428,1593.251220703125,1999.5142822265625,1.5151666402816772,1122.0857142857142,2,570,1,0,0,31,17,54
0,44.0,0.17217788100242615,7431.0,216.61224489795907,17881.666015625,22.566667556762695,11.083333015441895,18921.099609375,21.299999237060547,3.9000000953674316,5.099999904632568,55.58333206176758,24728.0,3927.9714285714285,1.0578571557998657,27.554405212402344,187.11428571428573,1596.3087158203125,1926.05712890625,1.5569761991500854,1117.4857142857143,3,466,1,0,0,31,10,17
0,73.0,0.1151653379201889,1635.0,214.97959183673458,16625.5,22.0,8.483333587646484,17556.400390625,21.116666793823242,4.599999904632568,5.199999809265137,56.66666793823242,20753.166015625,4046.5142857142855,1.0824285745620728,27.745119094848633,195.71428571428572,1596.299072265625,1920.3143310546875,1.5963809490203857,1113.6,6,570,1,0,0,31,5,28
0,49.0,0.18472063541412354,1988.0,211.7551020408162,15418.0,23.383333206176758,10.083333015441895,19483.80078125,21.649999618530273,4.599999904632568,5.400000095367432,55.71666717529297,21630.0,4093.542857142857,1.0924761295318604,27.757381439208984,196.2,1585.6773681640625,1888.94287109375,1.607190489768982,1107.8857142857144,1,570,1,0,0,31,5,19
0,41.0,0.0,3191.0,209.95918367346928,14057.6669921875,25.350000381469727,10.716666221618652,16454.93359375,21.350000381469727,4.400000095367432,5.5,54.233333587646484,23720.333984375,4226.257142857143,1.101523756980896,27.743452072143555,203.2,1603.3753662109375,1819.1142578125,1.6497857570648193,1111.0285714285715,4,570,1,0,0,21,4,17
0,,0.13683010637760162,4713.0,212.81632653061214,17838.166015625,20.116666793823242,9.766666412353516,17144.94921875,20.399999618530273,4.300000190734863,5.300000190734863,60.61666488647461,19331.833984375,4308.628571428571,1.1243095397949219,27.934165954589844,214.31428571428572,1611.3681640625,1806.5714111328125,1.677904725074768,1109.942857142857,1,570,1,0,0,34,6,
0,,0.36830103397369385,8807.0,199.36734693877537,12847.0,28.200000762939453,13.25,14383.2001953125,20.649999618530273,4.400000095367432,5.099999904632568,52.0,22932.0,4344.2,1.132952332496643,27.955595016479492,221.34285714285716,1623.5299072265625,1812.914306640625,1.686904788017273,1111.5428571428572,2,570,1,0,0,31,4,
0,,0.013683009892702103,3099.0,215.4897959183672,15234.2783203125,19.0222225189209,9.711111068725586,14359.2998046875,20.122220993041992,4.300000190734863,5.133333206176758,60.53889083862305,19728.0546875,4500.885714285714,1.1272857189178467,27.894166946411133,215.5142857142857,1614.6220703125,1892.4857177734375,1.642309546470642,1110.4571428571428,4,511,1,0,0,21,3,
0,82.0,0.13226909935474396,3002.0,219.142857142857,10826.5556640625,22.58333396911621,8.338889122009277,13768.7890625,19.27777671813965,4.099999904632568,5.066666603088379,58.99444580078125,16207.5556640625,4601.4857142857145,1.1168808937072754,27.84857177734375,215.34285714285716,1626.1099853515625,1885.94287109375,1.6448094844818115,1115.057142857143,6,511,1,0,0,31,3,35
0,65.0,0.3454959988594055,1512.0,219.142857142857,12649.3330078125,25.850000381469727,10.983333587646484,13528.033203125,19.366666793823242,4.099999904632568,5.0,55.75,15941.5,4579.771428571428,1.1079285144805908,27.825834274291992,217.57142857142858,1613.70361328125,1864.771484375,1.6790952682495117,1102.6,1,511,1,0,0,21,6,26
0,191.0,0.40820980072021484,2013.0,221.08163265306106,15067.4443359375,22.261110305786133,12.727778434753418,15603.0,20.94444465637207,4.433333396911621,5.233333110809326,51.233333587646484,18476.333984375,4700.257142857143,1.0944762229919434,27.68535804748535,222.17142857142858,1619.7802734375,1902.6571044921875,1.6616904735565186,1098.5714285714287,3,511,1,0,0,41,23,80
0,57.0,0.45610034465789795,1345.0,220.83673469387736,12588.0,24.899999618530273,12.116666793823242,17507.767578125,24.066667556762695,4.400000095367432,5.0,55.849998474121094,20246.0,4465.714285714285,1.0645713806152344,27.396785736083984,222.02857142857144,1643.177001953125,1860.3428955078125,1.6803333759307861,1109.2,1,511,1,0,0,31,1,31
0,114.0,0.9441276788711548,1174.0,218.28571428571408,11865.3330078125,32.400001525878906,14.25,25219.400390625,27.600000381469727,5.5,5.099999904632568,46.41666793823242,30265.666015625,4395.5142857142855,1.0041190385818481,26.678333282470703,208.82857142857142,1602.9322509765625,1863.914306640625,1.6622142791748047,1078.3428571428572,1,511,1,0,0,21,10,62
0,174.0,0.6659064888954163,1400.0,213.28571428571408,11910.0,25.350000381469727,11.833333015441895,17765.80078125,24.316667556762695,4.900000095367432,5.099999904632568,55.36666488647461,19970.0,4333.285714285715,0.996238112449646,26.644880294799805,206.71428571428572,1596.0936279296875,1876.085693359375,1.645380973815918,1076.9714285714285,0,511,1,0,0,21,1,70
0,233.0,0.12656784057617188,5870.0,207.95918367346914,11330.1669921875,22.866666793823242,11.983333587646484,14930.900390625,21.25,4.300000190734863,5.199999809265137,56.25,22111.0,4004.2,1.1063809394836426,27.6584529876709,228.02857142857144,1596.907958984375,1833.971435546875,1.6952619552612305,1081.3428571428572,0,511,1,0,0,21,1,93
0,211.0,0.03648802638053894,9149.0,203.19565217391286,14020.6669921875,23.383333206176758,11.416666984558105,15549.6337890625,19.383333206176758,4.5,5.300000190734863,58.21666717529297,24451.333984375,3872.714285714286,1.1220238208770752,27.780237197875977,235.0,1600.70849609375,1816.6285400390625,1.712071418762207,1079.2285714285715,0,511,1,0,0,21,6,113
0,174.0,0.352337509393692,6154.0,199.6410256410255,16490.833984375,22.233333587646484,11.216666221618652,15164.7001953125,22.399999618530273,4.5,5.349999904632568,56.31666564941406,31076.833984375,3676.2571428571428,1.1327142715454102,27.82797622680664,253.22857142857143,1612.9298095703125,1802.142822265625,1.726785659790039,1071.6571428571428,0,570,1,0,0,21,3,68
0,144.0,0.8893956542015076,1674.0,195.0937499999999,12885.666015625,24.905555725097656,11.416666984558105,17483.47265625,24.366666793823242,5.0333333015441895,5.150000095367432,52.81111145019531,22192.611328125,3757.2285714285713,1.0615952014923096,27.377857208251953,226.82857142857142,1595.3621826171875,1808.8857421875,1.7118809223175049,1072.5714285714287,0,511,1,0,0,11,25,56
0,189.0,0.6681870222091675,1255.0,342.1489361702125,12619.1669921875,36.04999923706055,9.100000381469727,19044.5,22.78333282470703,4.199999809265137,4.683333396911621,39.56666564941406,19729.166015625,3843.057142857143,0.7224524021148682,26.016904830932617,141.02857142857144,1784.0263671875,2413.800048828125,-1.2879999876022339,1226.0285714285715,0,465,1,0,1,21,8,122
0,172.0,0.865450382232666,1096.0,343.7142857142855,14289.3330078125,36.71666717529297,13.300000190734863,33462.6328125,25.016666412353516,4.900000095367432,4.683333396911621,35.483333587646484,39273.0,3855.8571428571427,0.7178333401679993,26.00988006591797,143.8,1786.9998779296875,2432.05712890625,-1.2575476169586182,1225.9142857142858,0,465,1,0,1,42,13,111
0,262.0,0.9361459612846375,2713.0,344.34693877550995,17395.0,38.61666488647461,11.149999618530273,25575.650390625,22.866666793823242,4.699999809265137,4.699999809265137,34.93333435058594,31430.0,3825.457142857143,0.7145000100135803,25.946189880371094,146.02857142857144,1789.2686767578125,2433.39990234375,-1.2418571710586548,1221.4571428571428,0,465,1,0,1,31,14,169
0,252.0,0.9498289823532104,1434.0,345.1020408163262,15607.6669921875,35.733333587646484,12.699999809265137,22385.75,24.0,4.5,4.75,38.150001525878906,20746.5,3850.885714285714,0.7075238227844238,25.900714874267578,144.74285714285713,1783.198486328125,2458.371337890625,-1.218000054359436,1219.4857142857143,0,465,1,0,1,31,3,162
0,198.0,0.8825541734695435,1309.0,344.79591836734664,17138.5,40.016666412353516,13.416666984558105,28854.1328125,26.066667556762695,5.599999904632568,4.699999809265137,32.53333282470703,28363.666015625,3890.2285714285713,0.7031190395355225,26.01702308654785,147.85714285714286,1772.35107421875,2555.371337890625,-1.1787619590759277,1208.3142857142857,0,465,1,0,0,21,3,112
0,261.0,0.6282781958580017,1764.0,345.9183673469385,13114.77734375,37.57222366333008,13.094444274902344,28905.177734375,24.33333396911621,5.599999904632568,4.638888835906982,32.36666488647461,25982.0,3923.8,0.6861904859542847,25.776548385620117,145.42857142857142,1761.8209228515625,2547.371337890625,-1.1722381114959717,1196.2,1,465,1,0,0,41,8,153
1,369.0,0.6579247713088989,2088.0,340.5306122448976,14081.0,35.78333282470703,12.183333396911621,22338.400390625,23.350000381469727,5.300000190734863,4.683333396911621,34.31666564941406,22770.5,3903.6285714285714,0.7042381167411804,26.055238723754883,148.2,1757.405517578125,2567.228515625,-1.1510475873947144,1198.1142857142856,0,465,1,0,0,31,20,185
0,290.0,0.9156214594841003,3336.0,327.6326530612241,12501.0,35.56666564941406,12.633333206176758,21505.833984375,23.383333206176758,4.900000095367432,4.733333110809326,37.900001525878906,22714.0,3580.457142857143,0.7213571667671204,26.44023895263672,165.54285714285714,1754.8980712890625,2624.771484375,-1.0756428241729736,1190.6,0,465,1,0,1,21,13,182
0,,0.13226909935474396,28275.0,308.95238095238057,19426.943359375,26.03333282470703,12.277777671813965,15648.744140625,21.100000381469727,4.5333333015441895,5.066666603088379,39.0,28162.77734375,3273.2,0.7543571591377258,26.7646427154541,193.65714285714284,1740.5889892578125,2524.28564453125,-1.138619065284729,1186.8285714285714,16,511,1,0,1,41,3,
0,191.0,0.503990888595581,4296.0,245.30612244897927,12796.1669921875,25.600000381469727,10.016666412353516,16275.4501953125,19.566667556762695,3.799999952316284,4.699999809265137,45.983333587646484,17190.166015625,3451.0,0.9897381067276001,27.290237426757812,163.94285714285715,1610.0350341796875,2052.228515625,1.4080475568771362,1138.857142857143,1,466,1,0,0,21,1,101
0,90.0,0.5724059343338013,1938.0,243.9183673469385,15480.3330078125,25.899999618530273,9.483333587646484,15404.6337890625,19.66666603088379,3.9000000953674316,4.800000190734863,51.70000076293945,15055.8330078125,3533.4857142857145,1.007095217704773,27.399999618530273,167.37142857142857,1601.6580810546875,2013.142822265625,1.4269523620605469,1133.1714285714286,2,570,1,0,0,31,5,47
0,184.0,0.8460661172866821,2250.0,236.4081632653059,14827.6669921875,28.483333587646484,10.116666793823242,16983.5,20.433332443237305,4.300000190734863,4.75,50.266666412353516,15516.3330078125,3609.9142857142856,1.0179047584533691,27.446428298950195,176.6,1606.90966796875,1998.800048828125,1.4593809843063354,1128.5428571428572,3,570,1,0,0,31,3,98
1,104.0,0.022805016487836838,8341.0,224.08163265306106,13261.111328125,28.149999618530273,8.516666412353516,15538.9716796875,20.46666717529297,4.0,4.866666793823242,47.61666488647461,16260.7216796875,3748.3714285714286,1.0453333854675293,27.632858276367188,176.0857142857143,1595.2945556640625,2001.94287109375,1.472023844718933,1128.142857142857,4,570,1,0,0,34,5,47
0,88.0,0.37400227785110474,2908.0,219.63265306122432,15104.7216796875,21.69999885559082,11.36111068725586,22841.015625,20.238889694213867,4.599999904632568,5.0,50.02777862548828,19780.443359375,3903.1714285714284,1.0417143106460571,27.379165649414062,183.94285714285715,1607.8709716796875,1943.6285400390625,1.5399523973464966,1123.4285714285713,4,570,1,0,0,21,4,35
0,203.0,0.543899655342102,5398.0,219.1224489795917,14298.6669921875,18.58333396911621,11.483333587646484,15133.7001953125,19.516666412353516,4.400000095367432,5.0,60.93333435058594,19299.333984375,3934.6857142857143,1.061928629875183,27.662023544311523,193.74285714285713,1611.2064208984375,1918.6571044921875,1.5637619495391846,1120.3714285714286,4,570,1,0,0,21,4,103
0,78.0,0.4321550726890564,4406.0,219.1224489795917,13371.6669921875,21.016666412353516,8.583333015441895,14114.533203125,19.933332443237305,4.199999809265137,5.133333206176758,58.599998474121094,17854.166015625,3968.0285714285715,1.0640714168548584,27.686548233032227,193.14285714285714,1596.13427734375,1912.8857421875,1.5747143030166626,1112.8285714285714,2,570,1,0,0,31,17,34
0,80.0,0.007981755770742893,3874.0,217.79591836734681,12106.0,22.5,11.033333778381348,15559.7001953125,19.200000762939453,4.0,5.25,58.38333511352539,18560.0,4105.171428571429,1.096333384513855,27.836071014404297,202.4,1603.1976318359375,1846.5142822265625,1.6270952224731445,1113.8,3,570,1,0,0,34,8,31
0,34.0,0.216647669672966,5190.0,218.14285714285703,11676.3330078125,22.0,10.033333778381348,17217.650390625,19.75,4.199999809265137,5.099999904632568,57.983333587646484,17590.333984375,4127.457142857143,1.0889285802841187,27.818571090698242,207.71428571428572,1615.55615234375,1829.914306640625,1.6378095149993896,1114.0285714285715,1,570,1,0,0,41,5,14
1,74.0,0.023945268243551254,2203.0,209.77551020408157,11517.5,24.816667556762695,10.866666793823242,15367.6337890625,20.816667556762695,4.599999904632568,5.099999904632568,51.75,37864.66796875,4231.685714285714,1.1123095750808716,27.928571701049805,218.28571428571428,1658.50830078125,1801.7142333984375,1.6671667098999023,1132.942857142857,3,570,1,0,0,21,23,37
0,,0.3648802638053894,2103.0,225.24489795918356,17769.333984375,21.58333396911621,11.699999809265137,14795.8330078125,19.850000381469727,4.199999809265137,5.050000190734863,56.33333206176758,20464.666015625,4363.0,1.1006666421890259,27.799524307250977,212.11428571428573,1610.1396484375,1871.6856689453125,1.6395952701568604,1106.3714285714286,1,511,1,0,0,41,1,
0,86.0,0.3112884759902954,1245.0,228.18367346938763,9812.5,21.233333587646484,12.566666603088379,16801.44921875,19.5,4.099999904632568,5.199999809265137,58.96666717529297,15688.8330078125,4371.971428571429,1.0902142524719238,27.733213424682617,212.05714285714285,1607.7525634765625,1876.8857421875,1.6291428804397583,1102.0857142857142,2,511,1,0,0,31,4,35
