floodable_forests,biomass,sur_cover,quarter_biomass,quarter,ecoreg_biomass,dist,nearest_mature,cec,clay,cfvo,nitro,ocd,ocs,phh2o,sand,soc,mean_soil,mean_vpd,mean_temp,mean_def,mean_srad,mean_pr,mean_pdsi,mean_aet,num_fires,ecoreg,biome,indig,protec,topography,age,sd
0,46.0,0.8745723962783813,296.0,3.0,313.0,1086.0,274.44897959183646,10729.3330078125,25.016666412353516,9.0,15440.0830078125,22.850000381469727,4.0,5.0,33.66666793823242,14201.3330078125,2710.114285714286,0.6992142796516418,25.163095474243164,114.71428571428571,1383.769775390625,1725.1142578125,0.5475714206695557,970.2571428571429,2,505,1,0,0,21,4,22
0,203.0,0.9714937210083008,296.0,3.0,313.0,1067.0,275.081632653061,9627.1669921875,24.83333396911621,4.916666507720947,15720.68359375,21.350000381469727,3.799999952316284,4.800000190734863,32.733333587646484,14845.5,2642.4857142857145,0.6980714201927185,25.180238723754883,112.14285714285714,1387.3868408203125,1706.4571533203125,0.5119761824607849,975.6,0,505,1,0,1,31,18,99
0,166.0,0.0,296.0,3.0,313.0,1804.0,269.51020408163254,10675.0,28.183332443237305,2.566666603088379,17877.232421875,21.116666793823242,3.799999952316284,4.900000095367432,30.53333282470703,17990.333984375,2577.114285714286,0.699738085269928,25.31357192993164,102.88571428571429,1381.6986083984375,1692.6856689453125,0.4087381064891815,984.6285714285714,2,505,1,0,0,21,3,65
0,214.0,0.01824401319026947,296.0,3.0,313.0,2380.0,269.34693877550995,11928.3330078125,27.733333587646484,4.449999809265137,18371.767578125,21.46666717529297,4.0,4.949999809265137,34.58333206176758,17891.666015625,2569.8285714285716,0.71147620677948,25.381547927856445,96.77142857142857,1386.36083984375,1708.17138671875,0.34559524059295654,997.5142857142857,4,505,1,0,0,31,17,82
0,192.0,0.08323831111192703,296.0,3.0,313.0,3202.0,264.32653061224465,13682.0,29.866666793823242,6.516666889190674,18830.06640625,22.066667556762695,3.9000000953674316,4.900000095367432,30.183332443237305,24030.666015625,2507.7428571428572,0.7090713977813721,25.37309455871582,104.17142857142858,1379.88818359375,1657.1142578125,0.3458571434020996,987.2285714285714,1,505,1,0,0,31,4,75
0,166.0,0.22805017232894897,296.0,3.0,313.0,8306.0,258.0612244897956,14240.1669921875,28.600000381469727,9.766666412353516,18700.30078125,23.33333396911621,3.700000047683716,5.050000190734863,30.96666717529297,24552.666015625,2574.285714285714,0.7196428179740906,25.47488021850586,101.37142857142857,1369.6754150390625,1653.94287109375,0.3058333396911621,988.7142857142857,3,505,1,0,0,21,9,74
0,208.0,0.05131128802895546,296.0,3.0,313.0,4516.0,251.6249999999997,11346.0,30.733333587646484,4.75,16977.283203125,21.600000381469727,3.5999999046325684,4.949999809265137,24.266666412353516,20516.333984375,2614.1428571428573,0.7214047312736511,25.475000381469727,104.22857142857143,1380.3294677734375,1648.6285400390625,0.26750001311302185,993.0285714285715,9,505,1,0,0,31,10,73
0,101.0,0.12542758882045746,296.0,3.0,313.0,8050.0,244.56521739130406,14223.6669921875,26.66666603088379,10.083333015441895,18951.3671875,22.950000762939453,4.0,5.0,39.86666488647461,21046.666015625,2700.3142857142857,0.739976167678833,25.54273796081543,99.08571428571429,1382.893310546875,1692.3714599609375,0.26421427726745605,1006.0571428571428,3,469,1,0,0,21,10,44
0,235.0,0.3728620409965515,296.0,3.0,302.0,16774.0,233.3409090909088,15861.0,29.899999618530273,4.833333492279053,19849.400390625,23.233333587646484,3.9000000953674316,4.983333110809326,38.78333282470703,18080.5,2768.6,0.747952401638031,25.70404815673828,99.8,1390.59912109375,1714.800048828125,0.2309761643409729,1013.8,4,469,1,0,0,41,6,84
0,256.0,0.6031926870346069,296.0,3.0,302.0,17764.0,231.69999999999973,13015.111328125,28.288888931274414,5.75,19851.90625,21.594444274902344,4.233333110809326,4.900000095367432,27.47222137451172,19703.611328125,2846.057142857143,0.7693095207214355,25.786785125732422,106.0,1387.1669921875,1728.1142578125,0.2598095238208771,1012.0857142857143,2,469,1,0,0,31,3,98
0,253.0,0.10604333132505417,296.0,3.0,313.0,14982.0,236.02499999999975,13420.0,33.41666793823242,7.833333492279053,18001.966796875,21.33333396911621,3.4000000953674316,4.800000190734863,22.983333587646484,18008.333984375,2992.714285714286,0.7668571472167969,25.89154815673828,112.88571428571429,1381.3406982421875,1748.4857177734375,0.3021666705608368,1001.8,0,469,1,0,0,21,3,91
0,173.0,0.0022805016487836838,296.0,3.0,313.0,16810.0,230.41176470588212,12349.1669921875,26.66666603088379,6.050000190734863,17704.482421875,20.700000762939453,3.700000047683716,4.800000190734863,26.066667556762695,17595.0,3083.6285714285714,0.7811190485954285,25.97857093811035,114.25714285714285,1379.644775390625,1759.3714599609375,0.2772381007671356,1004.7142857142857,3,505,1,0,0,31,10,61
0,174.0,0.32839223742485046,296.0,3.0,313.0,11299.0,239.6388888888887,12879.0,25.75,5.683333396911621,17741.05078125,20.733333587646484,4.0,4.75,28.266666412353516,15627.5,3173.7714285714287,0.7835000157356262,26.051786422729492,119.34285714285714,1371.607421875,1769.94287109375,0.30980950593948364,995.6285714285714,2,505,1,0,0,21,8,66
0,159.0,0.42075255513191223,296.0,3.0,313.0,16759.0,241.45161290322562,10391.5,22.46666717529297,6.0,18084.900390625,21.983333587646484,4.0,4.849999904632568,32.11666488647461,19310.166015625,3302.6285714285714,0.7964285612106323,26.066547393798828,121.54285714285714,1382.5860595703125,1800.028564453125,0.3401666581630707,1003.9142857142857,1,505,1,0,0,21,6,56
0,157.0,0.6579247713088989,296.0,3.0,293.0,1964.0,249.56756756756735,10630.1669921875,35.400001525878906,9.300000190734863,17492.767578125,21.200000762939453,3.299999952316284,4.449999809265137,35.849998474121094,17195.666015625,3793.057142857143,0.9058571457862854,26.78392791748047,151.85714285714286,1375.7921142578125,1795.857177734375,0.5402143001556396,1005.3142857142857,0,476,1,0,0,21,34,66
0,191.0,0.13683010637760162,296.0,3.0,293.0,1541.0,254.47727272727244,10986.2216796875,28.649999618530273,9.983333587646484,17314.19921875,21.683332443237305,3.799999952316284,4.75,47.03333282470703,19713.888671875,3785.285714285714,0.8749285936355591,26.6540470123291,154.11428571428573,1379.5228271484375,1782.6285400390625,0.5730952620506287,997.2571428571429,0,476,1,1,0,41,16,87
0,206.0,0.23261117935180664,296.0,3.0,293.0,4468.0,275.9591836734693,13122.1669921875,31.16666603088379,9.316666603088379,16267.31640625,21.049999237060547,3.5999999046325684,4.349999904632568,45.983333587646484,17360.666015625,3844.6857142857143,0.8526904582977295,26.421785354614258,141.71428571428572,1382.148193359375,1824.4571533203125,0.5176904797554016,1002.9714285714285,1,476,1,0,0,41,5,110
0,178.0,0.4310148358345032,296.0,3.0,293.0,10754.0,275.9591836734693,11624.5,37.95000076293945,7.916666507720947,17714.8828125,19.350000381469727,3.5999999046325684,4.349999904632568,48.66666793823242,17358.166015625,3833.057142857143,0.8571904897689819,26.49654769897461,138.9142857142857,1384.0400390625,1837.4285888671875,0.5135238170623779,1009.0571428571428,0,476,1,0,0,41,1,75
0,132.0,0.19156214594841003,296.0,3.0,293.0,9784.0,286.4693877551019,13666.5,35.75,7.9666666984558105,19945.1171875,21.049999237060547,4.300000190734863,4.400000095367432,44.28333282470703,19733.833984375,3837.2571428571428,0.8551190495491028,26.40059471130371,139.17142857142858,1389.7783203125,1848.7142333984375,0.49947619438171387,1012.2857142857143,1,476,1,0,0,31,18,57
0,271.0,0.8437856435775757,296.0,3.0,293.0,1177.0,294.75510204081627,10323.0,31.483333587646484,8.533333778381348,15475.2998046875,21.58333396911621,4.599999904632568,4.233333110809326,52.08333206176758,18037.0,3789.9714285714285,0.8143571615219116,26.20059585571289,139.57142857142858,1389.299072265625,1853.2857666015625,0.5124762058258057,998.1428571428571,0,476,1,1,0,31,24,95
0,183.0,0.9714937210083008,296.0,3.0,293.0,1028.0,304.4897959183672,11207.0,31.33888816833496,8.816666603088379,16091.5673828125,21.30000114440918,3.7666666507720947,4.122221946716309,56.50555419921875,15939.0,3755.0285714285715,0.8037381172180176,26.209524154663086,140.34285714285716,1391.9454345703125,1871.085693359375,0.5090238451957703,995.9714285714285,1,476,1,1,0,41,23,84
0,312.0,0.5906499624252319,296.0,3.0,293.0,1594.0,304.38775510204056,13576.0,33.29999923706055,9.233333587646484,17789.80078125,21.08333396911621,4.300000190734863,4.150000095367432,50.53333282470703,16477.333984375,3728.2,0.808738112449646,26.22333335876465,143.85714285714286,1399.7774658203125,1876.6571044921875,0.5421666502952576,998.6285714285714,0,476,1,0,1,31,1,126
0,139.0,0.5917901992797852,296.0,3.0,293.0,1210.0,304.38775510204056,12749.8330078125,34.0555534362793,9.016666412353516,17121.84375,21.155555725097656,4.433333396911621,4.150000095367432,50.78889083862305,16353.888671875,3728.2,0.808738112449646,26.22333335876465,143.85714285714286,1399.7774658203125,1876.6571044921875,0.5421666502952576,998.6285714285714,3,476,1,0,1,21,1,64
0,71.0,0.0,296.0,3.0,293.0,4364.0,303.28571428571416,20076.0,38.83333206176758,7.349999904632568,17109.966796875,22.58333396911621,4.199999809265137,4.5,35.63333511352539,19891.666015625,3617.657142857143,0.7987857460975647,26.146190643310547,134.74285714285713,1393.21826171875,1936.82861328125,0.43919050693511963,1000.2,2,476,1,0,0,21,5,31
0,144.0,0.05929304286837578,296.0,3.0,293.0,11518.0,295.6530612244897,13353.8330078125,33.70000076293945,6.150000095367432,17683.3828125,22.016666412353516,4.099999904632568,4.383333206176758,40.96666717529297,16959.833984375,3536.942857142857,0.7969285845756531,26.10738182067871,134.28571428571428,1397.390625,1959.8857421875,0.4670476019382477,1002.7142857142857,2,476,1,0,0,21,8,51
0,249.0,0.4458380937576294,296.0,3.0,293.0,19561.0,287.02040816326524,12357.0,37.150001525878906,5.949999809265137,17361.833984375,21.21666717529297,4.0,4.199999809265137,45.81666564941406,15429.1669921875,3437.3714285714286,0.7943571209907532,26.177499771118164,137.14285714285714,1393.67822265625,1973.3143310546875,0.45780953764915466,997.4,2,476,1,0,0,42,11,94
0,102.0,0.049030788242816925,296.0,3.0,293.0,22346.0,277.3877551020407,12070.3330078125,37.16666793823242,2.700000047683716,18563.033203125,20.883333206176758,3.700000047683716,4.25,35.95000076293945,18231.666015625,3316.285714285714,0.7831190228462219,25.959047317504883,134.02857142857144,1398.066650390625,2028.17138671875,0.38623806834220886,999.2857142857143,1,476,1,0,0,42,4,43
0,,0.0057012541219592094,296.0,3.0,293.0,27511.0,260.5102040816325,13448.0,37.400001525878906,2.383333444595337,18724.1171875,19.91666603088379,3.700000047683716,4.25,39.08333206176758,17742.333984375,3208.6,0.7658571600914001,25.844999313354492,134.65714285714284,1395.4080810546875,2067.82861328125,0.38014283776283264,991.4857142857143,1,476,1,0,0,42,2,
0,130.0,0.0057012541219592094,296.0,3.0,293.0,30588.0,260.61224489795904,12730.3330078125,36.20000076293945,4.233333110809326,16460.19921875,20.299999237060547,3.799999952316284,4.25,43.46666717529297,18134.333984375,3214.1714285714284,0.7612618803977966,25.83416748046875,134.88571428571427,1396.234130859375,2066.371337890625,0.3656904697418213,990.1428571428571,1,476,1,0,0,42,12,59
0,81.0,0.03762827813625336,296.0,3.0,293.0,21075.0,256.1632653061223,,,,,,,,,,3172.0857142857144,0.7657380700111389,25.89797592163086,130.68571428571428,1398.266845703125,2113.314208984375,0.33171430230140686,997.0571428571428,1,476,1,0,0,41,11,31
0,160.0,0.42873433232307434,296.0,3.0,293.0,5161.0,254.3673469387753,11302.8330078125,35.400001525878906,2.6500000953674316,14572.2998046875,19.78333282470703,3.299999952316284,4.383333206176758,42.78333282470703,15626.8330078125,3030.1714285714284,0.748452365398407,25.807619094848633,140.4,1407.4775390625,2120.82861328125,0.3231666684150696,986.1428571428571,3,476,1,0,0,21,13,57
0,172.2107632622819,0.07753705978393555,296.0,3.0,293.0,1351.0,255.8163265306121,13285.1669921875,39.20000076293945,3.2166666984558105,17159.533203125,20.683332443237305,3.700000047683716,4.183333396911621,36.483333587646484,16145.0,2997.5714285714284,0.7364047765731812,25.71285629272461,141.97142857142856,1403.780517578125,2111.82861328125,0.2633333206176758,978.7714285714286,2,476,1,0,0,31,13,80
0,,0.11402508616447449,296.0,3.0,293.0,4533.0,255.14285714285703,12092.5556640625,35.02222442626953,4.172222137451172,17015.044921875,20.961111068725586,3.633333206176758,4.294444561004639,46.099998474121094,19151.77734375,2918.885714285714,0.7134523987770081,25.432024002075195,143.25714285714287,1405.5086669921875,2098.54296875,0.19083333015441895,968.9714285714285,1,476,1,0,0,41,10,
0,191.0,0.4002280533313751,296.0,3.0,293.0,10187.0,251.69387755102025,17114.333984375,33.93333435058594,6.199999809265137,17434.43359375,24.83333396911621,5.0,4.5,43.81666564941406,24827.666015625,2857.542857142857,0.7045714259147644,25.242380142211914,142.97142857142856,1404.4237060546875,2084.199951171875,0.14902380108833313,966.2285714285714,1,476,1,0,0,31,27,71
0,204.0,0.9133409261703491,296.0,3.0,293.0,17188.0,252.9591836734692,12346.3330078125,30.144445419311523,3.73888897895813,13904.361328125,19.738889694213867,3.9666666984558105,4.383333206176758,49.511112213134766,14975.3330078125,2832.8285714285716,0.7138809561729431,25.465356826782227,146.37142857142857,1413.2276611328125,2065.228515625,0.09950000047683716,971.6571428571428,2,476,1,0,0,31,24,75
0,122.0,0.3922463059425354,296.0,3.0,293.0,16108.0,251.65306122448965,12490.7783203125,32.36111068725586,6.727777481079102,15621.9111328125,19.961111068725586,3.933333396911621,4.494444370269775,45.11666488647461,18262.111328125,2774.0,0.7238333225250244,25.614643096923828,150.28571428571428,1420.3721923828125,2059.45703125,0.04002378508448601,974.6857142857143,0,476,1,0,0,41,17,44
0,195.0,0.6419612169265747,296.0,3.0,293.0,9189.0,251.81632653061206,12321.0556640625,29.600000381469727,4.877777576446533,16086.3330078125,20.97222137451172,4.366666316986084,4.5,47.116668701171875,17391.0,2738.3714285714286,0.7091666460037231,25.377857208251953,153.2,1419.3870849609375,2029.4857177734375,0.02688095159828663,964.6285714285714,1,476,1,0,0,41,21,71
0,189.0,0.3648802638053894,296.0,3.0,293.0,3234.0,249.44897959183655,12444.111328125,24.22222137451172,5.905555248260498,15840.5,22.105554580688477,4.6666669845581055,4.7166666984558105,51.21666717529297,19967.166015625,2698.285714285714,0.7123333215713501,25.500713348388672,155.57142857142858,1415.2720947265625,2025.4857177734375,-0.0029523945413529873,961.1142857142858,2,476,1,0,0,41,7,74
0,95.0,0.052451539784669876,296.0,3.0,293.0,13772.0,246.57142857142838,11951.5,25.616666793823242,5.9666666984558105,15526.56640625,21.049999237060547,4.0,4.650000095367432,50.900001525878906,16351.0,2649.0857142857144,0.7177143096923828,25.437976837158203,154.4857142857143,1418.0611572265625,2008.5428466796875,0.02119048871099949,965.0857142857143,0,476,1,0,0,21,18,41
0,170.0,0.06499429792165756,296.0,3.0,293.0,14001.0,246.9591836734692,11591.0,24.566667556762695,5.7833333015441895,15462.2001953125,22.33333396911621,4.5,4.699999809265137,51.400001525878906,18437.0,2584.7428571428572,0.7036666870117188,25.26392936706543,156.68571428571428,1417.5211181640625,2006.6285400390625,-0.06333333253860474,957.0285714285715,1,476,1,0,0,21,13,76
0,230.0,0.1619156152009964,296.0,3.0,293.0,14123.0,246.9591836734692,12965.5,26.75555419921875,5.988889217376709,15825.0107421875,21.21666717529297,4.099999904632568,4.599999904632568,50.400001525878906,20020.833984375,2568.657142857143,0.7034524083137512,25.283571243286133,156.42857142857142,1421.854248046875,2010.1142578125,-0.06795239448547363,960.4,0,476,1,0,0,21,6,107
0,178.0,0.02508551813662052,296.0,3.0,293.0,6443.0,256.3061224489794,13431.8330078125,26.233333587646484,5.900000095367432,16668.3828125,22.66666603088379,4.5,4.616666793823242,49.56666564941406,23028.0,2582.5714285714284,0.7008809447288513,25.277379989624023,155.68571428571428,1417.720458984375,2020.142822265625,-0.11180952191352844,957.7428571428571,0,476,1,0,0,21,18,84
0,111.0,0.0,296.0,3.0,293.0,6277.0,248.10204081632628,16744.888671875,27.405555725097656,3.8888888359069824,14410.14453125,20.72222137451172,4.1666669845581055,4.599999904632568,48.58333206176758,16899.72265625,2531.6,0.6982619166374207,25.068214416503906,152.0857142857143,1422.84521484375,2017.3428955078125,-0.13326188921928406,960.8,1,476,1,0,0,21,15,49
0,192.0,0.009122006595134735,296.0,3.0,293.0,4537.0,245.99999999999972,12755.5,29.799999237060547,4.866666793823242,13956.1669921875,20.58333396911621,3.9000000953674316,4.583333492279053,45.766666412353516,15060.0,2491.6857142857143,0.6969285607337952,25.1252384185791,155.42857142857142,1425.0780029296875,2019.228515625,-0.1520952433347702,958.2857142857143,0,476,1,0,0,21,9,91
0,158.0,0.5781071782112122,296.0,3.0,293.0,14432.0,258.9795918367344,13664.0,32.25,5.449999809265137,13453.6669921875,20.200000762939453,3.9000000953674316,4.5,45.400001525878906,16268.6669921875,2543.1428571428573,0.7080000042915344,25.204404830932617,162.62857142857143,1425.406494140625,2029.6856689453125,-0.15547619760036469,955.0571428571428,1,476,1,0,0,21,15,58
0,209.0,0.0045610032975673676,296.0,3.0,293.0,9229.0,264.816326530612,13139.3330078125,31.71666717529297,3.200000047683716,14564.56640625,20.266666412353516,3.799999952316284,4.5333333015441895,43.266666412353516,15497.6669921875,2721.657142857143,0.7052381038665771,25.195476531982422,161.97142857142856,1429.5018310546875,2046.4285888671875,-0.2077857255935669,955.6857142857143,2,476,1,0,0,21,24,99
1,199.0,0.03648802638053894,296.0,3.0,293.0,21544.0,265.42857142857116,13934.0,29.933332443237305,2.116666555404663,15676.8662109375,20.983333587646484,4.599999904632568,4.550000190734863,43.96666717529297,15864.6669921875,2977.9142857142856,0.7103095054626465,25.25749969482422,161.45714285714286,1424.741943359375,2050.3427734375,-0.1903333216905594,956.3428571428572,0,476,1,0,0,21,23,76
0,203.0,0.03306727483868599,296.0,3.0,293.0,24521.0,270.67346938775484,13659.3330078125,32.733333587646484,3.0999999046325684,17594.099609375,20.183332443237305,4.0,4.599999904632568,44.04999923706055,18725.333984375,3078.4285714285716,0.708476185798645,25.222618103027344,160.0857142857143,1425.6043701171875,2054.17138671875,-0.23352381587028503,957.1714285714286,1,476,1,0,0,41,6,76
0,187.0,0.25997719168663025,296.0,3.0,293.0,19662.0,288.551020408163,13143.1669921875,28.316667556762695,2.75,14241.783203125,19.733333587646484,3.700000047683716,4.650000095367432,45.93333435058594,16599.5,3470.2285714285713,0.708309531211853,25.049047470092773,159.42857142857142,1434.1138916015625,2049.17138671875,-0.6324523687362671,958.5428571428571,2,476,1,0,0,21,12,74
0,250.0,0.015963511541485786,296.0,3.0,293.0,11052.0,300.1632653061221,13934.888671875,22.122222900390625,2.8333334922790527,14915.8779296875,21.894445419311523,4.366666316986084,4.599999904632568,50.988887786865234,15608.2216796875,3600.5714285714284,0.7090952396392822,25.040475845336914,164.62857142857143,1434.1810302734375,2026.2572021484375,-0.7996428608894348,952.8571428571429,1,476,1,0,0,21,3,98
0,135.0,0.03876852989196777,296.0,3.0,293.0,9332.0,300.1632653061221,10129.1669921875,28.200000762939453,3.866666555404663,14720.75,21.46666717529297,4.0,4.5,48.20000076293945,18623.333984375,3619.885714285714,0.7077381014823914,25.000713348388672,162.25714285714287,1438.695556640625,2033.4857177734375,-0.832714319229126,957.3428571428572,0,476,1,0,0,21,3,64
0,258.0,0.6989737749099731,296.0,3.0,293.0,2086.0,304.34693877550995,27693.0,22.366666793823242,3.700000047683716,13734.0,21.066667556762695,4.199999809265137,4.599999904632568,48.96666717529297,17372.0,3612.5714285714284,0.7074047923088074,25.14392852783203,167.17142857142858,1434.025146484375,2009.2572021484375,-1.0344523191452026,951.6,0,476,1,0,0,21,15,102
0,375.0,0.8563283681869507,296.0,3.0,293.0,1051.0,307.10204081632617,13475.0556640625,25.755556106567383,3.6611111164093018,16837.3046875,22.433332443237305,4.0333333015441895,4.472221851348877,49.9555549621582,19154.666015625,3608.4285714285716,0.6840952634811401,24.81404685974121,171.45714285714286,1433.147705078125,1987.800048828125,-1.1436666250228882,937.8285714285714,0,476,1,1,0,11,20,187
0,264.0,0.6408209800720215,296.0,3.0,293.0,1053.0,309.85714285714255,12394.6669921875,25.616666793823242,7.733333110809326,15520.06640625,24.816667556762695,4.800000190734863,4.5,53.53333282470703,18995.0,3644.5142857142855,0.6715952157974243,24.37845230102539,168.82857142857142,1429.259765625,1996.5714111328125,-1.1785000562667847,936.0,0,476,1,0,0,21,6,126
0,384.0,0.6077536940574646,296.0,3.0,293.0,1280.0,312.44897959183646,12403.5,24.41666603088379,4.4666666984558105,14368.5830078125,20.0,3.5,4.583333492279053,54.43333435058594,14728.0,3634.0285714285715,0.6914286017417908,24.727380752563477,172.14285714285714,1434.4627685546875,1998.914306640625,-1.181142807006836,943.0571428571428,0,476,1,0,0,31,6,171
0,158.0,0.2428734302520752,296.0,3.0,293.0,1937.0,311.8367346938773,10946.1669921875,22.450000762939453,2.9666666984558105,15966.1162109375,22.066667556762695,4.699999809265137,4.883333206176758,50.46666717529297,19894.5,3607.5714285714284,0.6985952258110046,24.722620010375977,175.22857142857143,1435.782958984375,1991.5142822265625,-1.1575952768325806,943.1714285714286,1,476,1,0,0,31,15,64
0,196.0,0.0034207524731755257,296.0,3.0,293.0,3259.0,310.79591836734664,11330.3330078125,23.149999618530273,4.511111259460449,17056.87890625,22.988887786865234,4.800000190734863,4.699999809265137,52.66666793823242,20303.77734375,3598.3142857142857,0.6950714588165283,24.556547164916992,176.97142857142856,1436.0772705078125,1992.4000244140625,-1.2446190118789673,935.9428571428572,1,476,1,0,0,21,11,82
0,263.7122644557316,0.9007982015609741,296.0,3.0,293.0,1038.0,314.79591836734664,13523.0,26.78333282470703,3.816666603088379,15454.5,22.25,4.400000095367432,4.599999904632568,48.79999923706055,18444.0,3589.4285714285716,0.7082619071006775,24.91642951965332,178.45714285714286,1434.07861328125,1996.3428955078125,-1.1479047536849976,940.1142857142858,0,476,1,0,0,11,28,134
0,189.0,0.4720638394355774,296.0,3.0,293.0,1067.0,313.42857142857116,15158.3330078125,25.616666793823242,3.5999999046325684,15776.2998046875,19.733333587646484,3.5,4.599999904632568,50.900001525878906,16521.666015625,3558.9142857142856,0.7341904640197754,25.208690643310547,181.68571428571428,1434.5660400390625,2016.8857421875,-0.8931190371513367,943.5428571428571,0,476,1,0,0,31,8,84
1,144.36641627985261,0.5530216693878174,296.0,3.0,293.0,1135.0,313.42857142857116,16758.0,23.850000381469727,3.4000000953674316,16087.2998046875,19.950000762939453,3.299999952316284,4.683333396911621,51.900001525878906,16653.5,3558.9142857142856,0.7341904640197754,25.208690643310547,181.68571428571428,1434.5660400390625,2016.8857421875,-0.8931190371513367,943.5428571428571,3,476,1,0,0,42,6,55
1,328.0,0.18129988014698029,296.0,3.0,293.0,1593.0,313.93877551020375,15279.8330078125,23.399999618530273,4.366666793823242,14750.68359375,20.399999618530273,3.0,4.383333206176758,51.53333282470703,15561.0,3542.5714285714284,0.7485714554786682,25.30821418762207,185.57142857142858,1440.9486083984375,2016.5142822265625,-0.7790952920913696,947.5142857142857,0,476,1,1,0,31,5,165
0,184.0,0.33409351110458374,296.0,3.0,293.0,1160.0,314.75510204081615,13176.5,27.566667556762695,4.333333492279053,14162.4169921875,20.66666603088379,4.0,4.599999904632568,48.483333587646484,16392.333984375,3578.657142857143,0.7699999809265137,25.3363094329834,184.31428571428572,1444.0565185546875,2062.142822265625,-0.540404736995697,956.2,2,476,1,0,0,31,2,90
0,328.0,0.0,296.0,3.0,293.0,3768.0,311.6938775510201,16535.333984375,23.950000762939453,5.066666603088379,13313.4501953125,20.28333282470703,3.9000000953674316,4.599999904632568,47.150001525878906,16040.8330078125,3615.2,0.7966428399085999,25.544166564941406,176.37142857142857,1433.0172119140625,2087.314208984375,-0.5786190629005432,966.0857142857143,0,476,1,0,0,21,6,159
0,219.0,0.4925883710384369,296.0,3.0,293.0,1167.0,312.22448979591815,15709.0,21.866666793823242,5.766666889190674,15696.099609375,20.399999618530273,4.0,4.400000095367432,50.599998474121094,16988.0,3572.2285714285713,0.7851190567016602,25.454404830932617,191.62857142857143,1444.9739990234375,2036.914306640625,-0.5515952110290527,953.5142857142857,1,476,1,0,0,21,18,90
0,85.0,0.010262257419526577,296.0,3.0,293.0,3265.0,310.1428571428569,16255.8330078125,27.52777862548828,2.183333396911621,14909.4384765625,20.933332443237305,3.633333206176758,4.633333206176758,46.95000076293945,17953.5,3590.3714285714286,0.7976190447807312,25.460952758789062,188.45714285714286,1445.5810546875,2050.17138671875,-0.5695714354515076,960.8857142857142,1,476,1,0,0,21,16,33
0,245.0,0.13683010637760162,296.0,3.0,293.0,1821.0,304.1020408163263,14678.6669921875,22.58333396911621,3.9666666984558105,14377.099609375,18.71666717529297,3.5999999046325684,4.699999809265137,50.33333206176758,17166.666015625,3461.2,0.798119068145752,25.292142868041992,202.45714285714286,1464.3375244140625,1984.5999755859375,-0.5693333148956299,956.0857142857143,1,476,1,0,0,21,7,110
0,107.0,0.03534777835011482,296.0,3.0,293.0,3185.0,302.2244897959182,13589.0,21.799999237060547,3.9833333492279053,13897.3662109375,19.799999237060547,3.799999952316284,4.550000190734863,48.41666793823242,14682.0,3440.657142857143,0.8131428360939026,25.47142791748047,201.8,1461.122802734375,1986.8857421875,-0.5646666884422302,960.5142857142857,1,476,1,0,0,41,12,50
0,279.0,0.9372861981391907,296.0,3.0,293.0,1097.0,295.12244897959175,16701.666015625,23.600000381469727,3.616666555404663,14070.9833984375,20.21666717529297,4.099999904632568,4.349999904632568,45.25,17085.833984375,3335.4285714285716,0.8069047331809998,25.24654769897461,206.31428571428572,1467.542236328125,1957.7142333984375,-0.3385952413082123,954.7428571428571,1,476,1,1,0,31,28,139
0,247.0,0.7525655627250671,296.0,3.0,293.0,1405.0,281.1020408163264,15331.5,21.96666717529297,6.7833333015441895,14726.4501953125,20.399999618530273,4.400000095367432,4.300000190734863,46.400001525878906,17158.5,3228.714285714286,0.822690486907959,25.286190032958984,208.71428571428572,1464.989990234375,1939.914306640625,-0.21478570997714996,955.6285714285714,1,476,1,1,0,41,20,109
0,179.0,0.9236031770706177,296.0,3.0,293.0,1267.0,281.57142857142844,14549.0,26.566667556762695,3.9666666984558105,17560.0,24.200000762939453,5.199999809265137,4.383333206176758,41.06666564941406,21709.166015625,3161.8571428571427,0.8390714526176453,25.461071014404297,214.14285714285714,1470.5654296875,1925.6571044921875,-0.00454762252047658,958.6857142857143,0,476,1,1,0,31,2,90
0,170.0,0.7696693539619446,296.0,3.0,293.0,4072.0,278.7346938775509,13713.6669921875,25.266666412353516,7.099999904632568,14955.400390625,23.399999618530273,4.900000095367432,4.383333206176758,41.56666564941406,18691.333984375,3123.9142857142856,0.8205237984657288,24.959524154663086,209.77142857142857,1463.6947021484375,1937.3428955078125,0.022976180538535118,951.3714285714286,0,476,1,0,0,31,8,70
0,246.0,0.25427594780921936,296.0,3.0,293.0,12651.0,274.4081632653059,11324.0,27.516666412353516,2.3333332538604736,14516.8837890625,18.933332443237305,3.4000000953674316,4.449999809265137,41.38333511352539,15651.1669921875,3036.0857142857144,0.8588333129882812,25.435237884521484,217.9142857142857,1469.9368896484375,1920.5428466796875,0.17154762148857117,960.0571428571428,0,476,1,0,0,31,12,92
0,179.0,0.20638540387153625,296.0,3.0,293.0,11925.0,271.3469387755101,15352.0,26.91666603088379,3.5166666507720947,14689.8330078125,20.233333587646484,3.799999952316284,4.599999904632568,38.63333511352539,17856.833984375,3032.0857142857144,0.8629999756813049,25.436309814453125,217.4,1469.3748779296875,1925.6571044921875,0.2323809564113617,961.4571428571429,1,476,1,0,0,21,9,68
0,178.0,0.7936145663261414,296.0,3.0,293.0,1635.0,269.3877551020408,13901.6669921875,25.733333587646484,3.5833332538604736,17543.93359375,25.100000381469727,4.400000095367432,4.400000095367432,40.03333282470703,19714.5,2996.4285714285716,0.8508809208869934,25.240951538085938,222.02857142857144,1470.15771484375,1926.3714599609375,0.27759525179862976,951.6,1,476,1,0,0,31,4,66
0,275.0,0.47662484645843506,296.0,3.0,293.0,2059.0,268.9999999999999,11866.6669921875,26.933332443237305,4.883333206176758,17511.19921875,24.71666717529297,4.900000095367432,4.583333492279053,39.599998474121094,21969.0,2992.0,0.8379047513008118,24.97249984741211,221.85714285714286,1468.5257568359375,1935.05712890625,0.3097380995750427,945.2285714285714,0,476,1,0,0,21,12,109
1,250.0,0.03648802638053894,296.0,3.0,293.0,5591.0,266.0408163265305,15079.888671875,23.016666412353516,3.4277777671813965,14460.6552734375,19.4777774810791,3.933333396911621,4.627777576446533,40.92777633666992,17868.443359375,2966.8571428571427,0.9086904525756836,25.914880752563477,232.42857142857142,1473.848876953125,1916.6571044921875,0.1705952286720276,964.0571428571428,1,476,1,0,0,42,25,108
0,234.0,0.0,296.0,3.0,293.0,2336.0,266.4285714285712,13506.3330078125,26.683332443237305,4.416666507720947,17184.099609375,21.78333282470703,4.5,4.699999809265137,46.21666717529297,19039.333984375,2948.285714285714,0.9147142767906189,25.783809661865234,232.14285714285714,1473.03662109375,1935.05712890625,-0.009095229208469391,965.6571428571428,2,476,1,0,0,31,9,117
0,242.0,0.44925883412361145,296.0,3.0,293.0,1532.0,261.9999999999997,13380.8330078125,24.299999237060547,4.616666793823242,15718.06640625,22.66666603088379,4.199999809265137,4.5333333015441895,49.46666717529297,19793.666015625,2948.285714285714,0.9147142767906189,25.783809661865234,232.14285714285714,1473.03662109375,1935.05712890625,-0.009095229208469391,965.6571428571428,1,476,1,0,0,21,13,119
0,300.0,0.06841505318880081,296.0,3.0,293.0,1985.0,259.77551020408146,14310.8330078125,26.816667556762695,2.4833333492279053,17398.650390625,20.96666717529297,4.400000095367432,4.900000095367432,40.0,20478.833984375,2922.057142857143,0.9192618727684021,25.823810577392578,235.71428571428572,1483.9091796875,1940.4571533203125,-0.33445239067077637,966.6571428571428,0,476,1,0,0,31,3,150
0,208.0,0.5062713623046875,296.0,3.0,293.0,1295.0,257.7959183673467,15658.0,37.20000076293945,2.7666666507720947,16113.0830078125,22.616666793823242,5.199999809265137,4.849999904632568,33.983333587646484,26385.166015625,2892.5142857142855,0.9141190648078918,25.71904754638672,235.0857142857143,1479.4454345703125,1948.3714599609375,-0.6539285778999329,964.9428571428572,0,476,1,0,0,21,8,80
0,237.0,0.5644241571426392,296.0,3.0,293.0,1512.0,257.9183673469385,14835.1669921875,29.58333396911621,6.483333110809326,15293.2001953125,21.700000762939453,5.300000190734863,4.583333492279053,46.53333282470703,19389.666015625,2886.8571428571427,0.9251904487609863,25.72940444946289,232.11428571428573,1477.7919921875,1957.3428955078125,-0.6852856874465942,970.1142857142858,1,476,1,0,0,31,13,89
0,249.0,0.5883694291114807,296.0,3.0,293.0,9024.0,256.63265306122423,13802.0,26.244443893432617,2.3499999046325684,14515.4326171875,21.633333206176758,4.5,4.488888740539551,51.86666488647461,18441.5,2866.885714285714,0.9319999814033508,25.761667251586914,232.31428571428572,1480.1112060546875,1968.6571044921875,-0.8045000433921814,971.6571428571428,0,476,1,0,0,31,16,112
0,212.0,0.16761687397956848,296.0,3.0,293.0,9030.0,253.42857142857122,12892.5,22.600000381469727,1.4833333492279053,16237.966796875,19.983333587646484,4.099999904632568,4.483333110809326,54.63333511352539,16348.1669921875,2856.0,0.9466904997825623,25.873689651489258,232.8,1487.1417236328125,1964.142822265625,-0.7657380700111389,978.8285714285714,0,476,1,0,0,41,2,89
0,253.0,0.6145952343940735,296.0,3.0,293.0,1097.0,251.1632653061222,12435.8330078125,23.28333282470703,3.0,17309.783203125,21.866666793823242,4.900000095367432,4.2833333015441895,54.733333587646484,19135.333984375,2829.9142857142856,0.9434999823570251,25.909761428833008,235.0857142857143,1488.8450927734375,1955.5142822265625,-0.9472142457962036,977.5714285714286,0,476,1,0,0,21,16,117
1,108.0,0.0672748014330864,296.0,3.0,293.0,1426.0,249.06122448979576,12933.037109375,23.633333206176758,2.0999999046325684,17112.662109375,20.355554580688477,4.744444370269775,4.581481456756592,50.16851806640625,17194.1484375,2800.1714285714284,0.9440476298332214,25.8988094329834,239.88571428571427,1489.428466796875,1915.1142578125,-1.0249524116516113,973.4,4,476,1,0,0,42,11,
0,92.0,0.01824401319026947,296.0,3.0,293.0,4784.0,248.3061224489794,14044.6669921875,27.549999237060547,1.2999999523162842,15384.533203125,23.600000381469727,4.599999904632568,4.699999809265137,52.46666717529297,17986.666015625,2811.5142857142855,0.9582619071006775,25.948095321655273,235.54285714285714,1489.005859375,1945.6285400390625,-1.1302380561828613,982.5714285714286,0,476,1,0,0,21,17,36
0,188.0,0.12998859584331512,296.0,3.0,293.0,7437.0,245.2040816326529,16960.5,24.03333282470703,2.6666667461395264,17470.482421875,25.049999237060547,4.900000095367432,4.483333110809326,54.54999923706055,25353.333984375,2778.3142857142857,0.9630952477455139,25.92547607421875,243.42857142857142,1490.9617919921875,1919.971435546875,-1.3662856817245483,977.6571428571428,2,476,1,0,0,11,8,94
0,219.0,0.0,296.0,3.0,293.0,15238.0,240.5306122448978,13742.8330078125,24.733333587646484,1.9500000476837158,15883.533203125,19.733333587646484,4.199999809265137,4.800000190734863,54.483333587646484,17243.666015625,2789.0,0.9815952181816101,25.931190490722656,241.0857142857143,1499.5599365234375,1952.771484375,-1.4974286556243896,992.6857142857143,0,476,1,0,0,34,24,88
0,174.0,0.026225769892334938,296.0,3.0,293.0,13825.0,238.38775510204067,13691.3330078125,23.866666793823242,1.850000023841858,14847.3837890625,20.016666412353516,4.199999809265137,4.7833333015441895,54.86666488647461,20114.0,2787.1428571428573,1.0096428394317627,26.153095245361328,239.0857142857143,1498.454833984375,1957.4285888671875,-1.6030714511871338,1000.4285714285714,1,476,1,0,0,21,14,65
0,263.0,0.5826681852340698,296.0,3.0,293.0,2302.0,238.93877551020395,16316.8330078125,25.799999237060547,2.3499999046325684,22132.982421875,23.0,4.699999809265137,4.483333110809326,47.099998474121094,21662.333984375,2782.6,0.9890000224113464,25.898927688598633,248.5142857142857,1498.1046142578125,1949.0,-1.8025000095367432,987.1142857142858,0,476,1,0,0,21,11,126
0,205.0,0.45496007800102234,296.0,3.0,293.0,5222.0,239.55102040816314,17156.5,24.183332443237305,1.7833333015441895,22125.05078125,24.133333206176758,5.300000190734863,4.5,52.233333587646484,22626.0,2782.6,0.9890000224113464,25.898927688598633,248.5142857142857,1498.1046142578125,1949.0,-1.8025000095367432,987.1142857142858,0,481,1,0,0,21,2,78
0,295.0,0.7069555521011353,296.0,3.0,293.0,3742.0,242.85714285714275,16478.0,25.450000762939453,2.7833333015441895,20378.30078125,23.950000762939453,5.900000095367432,4.550000190734863,48.68333435058594,23387.5,2805.6857142857143,1.007261872291565,25.96285629272461,247.71428571428572,1497.3228759765625,1983.0,-1.9978095293045044,994.6571428571428,1,476,1,0,0,41,7,124
0,259.0,0.2964652180671692,296.0,3.0,293.0,2996.0,245.83673469387736,18677.0,25.03333282470703,1.9833333492279053,20356.599609375,19.733333587646484,3.9000000953674316,4.7833333015441895,51.61666488647461,22857.666015625,2800.3142857142857,1.0398809909820557,26.244047164916992,243.5142857142857,1491.12060546875,2005.4285888671875,-2.02826189994812,1004.9428571428572,0,476,1,0,0,21,15,101
0,172.0,0.6727480292320251,296.0,3.0,293.0,2964.0,253.08163265306104,17630.5,27.28333282470703,1.850000023841858,18739.966796875,22.183332443237305,5.599999904632568,4.633333206176758,47.900001525878906,25531.5,2885.342857142857,0.9828095436096191,25.36916732788086,239.4,1490.8426513671875,2043.2857666015625,-2.1051905155181885,990.5714285714286,1,481,1,0,0,31,23,79
0,224.0,0.16647662222385406,296.0,3.0,293.0,3031.0,253.08163265306104,16197.8330078125,28.683332443237305,3.7666666507720947,20333.94921875,26.08333396911621,6.099999904632568,4.683333396911621,45.266666412353516,26352.833984375,2872.6285714285714,0.988261878490448,25.381309509277344,239.82857142857142,1491.048095703125,2049.571533203125,-2.069547653198242,992.5714285714286,1,476,1,0,0,21,22,91
0,196.0,0.06157354637980461,296.0,3.0,229.0,3704.0,253.73469387755082,16894.666015625,33.91666793823242,1.9333332777023315,19254.1328125,22.46666717529297,4.300000190734863,4.699999809265137,44.349998474121094,23258.666015625,2828.2285714285713,1.0173571109771729,25.57773780822754,243.88571428571427,1496.7799072265625,2066.1142578125,-2.1799285411834717,1000.4,1,481,1,0,0,31,18,87
0,249.0,0.0,296.0,3.0,293.0,3407.0,251.7755102040814,17197.166015625,32.0,3.5,20986.916015625,27.100000381469727,5.099999904632568,4.833333492279053,44.18333435058594,28773.0,2754.2,1.0567142963409424,25.885238647460938,244.94285714285715,1504.929443359375,2092.514404296875,-2.200833320617676,1015.3428571428572,3,476,1,0,0,24,8,96
0,146.0,0.8004561066627502,296.0,3.0,293.0,2838.0,248.28571428571405,17330.333984375,29.483333587646484,3.9000000953674316,20194.783203125,27.383333206176758,5.900000095367432,4.849999904632568,40.900001525878906,29120.5,2754.2,1.0567142963409424,25.885238647460938,244.94285714285715,1504.929443359375,2092.514404296875,-2.200833320617676,1015.3428571428572,0,476,1,0,0,21,13,55
0,285.0,0.9372861981391907,296.0,3.0,293.0,1151.0,244.3061224489794,15911.0,29.100000381469727,1.600000023841858,19638.43359375,23.733333587646484,5.300000190734863,4.7833333015441895,40.61666488647461,26908.0,2708.4,1.0894285440444946,26.228452682495117,245.57142857142858,1509.546630859375,2100.39990234375,-2.4749999046325684,1027.7142857142858,0,481,1,0,0,21,6,137
0,226.0,0.6533637642860413,267.0,4.0,293.0,1756.0,239.95918367346914,17577.833984375,25.850000381469727,3.5,20379.849609375,23.5,4.800000190734863,4.7833333015441895,49.20000076293945,24148.0,2676.657142857143,1.113452434539795,26.4905948638916,244.77142857142857,1514.9422607421875,2111.6572265625,-2.5299525260925293,1038.2571428571428,0,476,1,0,0,31,13,93
0,91.0,0.27366021275520325,267.0,4.0,229.0,2020.0,232.8571428571427,15289.6669921875,31.450000762939453,2.183333396911621,21099.80078125,24.649999618530273,5.300000190734863,4.7833333015441895,44.5,26605.666015625,2570.457142857143,1.153333306312561,26.64452362060547,241.25714285714287,1515.23681640625,2138.82861328125,-2.940333366394043,1052.8,1,481,1,0,0,31,10,33
0,165.0,0.04675028473138809,267.0,4.0,293.0,4291.0,228.32653061224474,13742.72265625,28.22222137451172,1.0111111402511597,19837.26171875,25.46666717529297,4.833333492279053,4.699999809265137,42.61111068725586,23566.388671875,2459.542857142857,1.1579524278640747,26.666427612304688,246.2,1519.307861328125,2158.685791015625,-3.0986428260803223,1053.2857142857142,7,481,1,0,0,21,5,65
0,209.0,0.14025086164474487,267.0,4.0,229.0,1424.0,222.99999999999983,16449.333984375,27.483333587646484,2.299999952316284,16660.8671875,21.983333587646484,4.400000095367432,4.733333110809326,49.41666793823242,19181.666015625,2371.6285714285714,1.1696666479110718,26.693452835083008,245.94285714285715,1521.9586181640625,2173.82861328125,-3.1344761848449707,1059.2,3,481,1,0,0,31,13,77
0,253.0,0.0,267.0,4.0,229.0,2253.0,218.75510204081618,16726.166015625,27.58333396911621,1.7000000476837158,16131.283203125,21.766666412353516,4.300000190734863,4.766666889190674,46.516666412353516,23337.0,2286.5714285714284,1.1647380590438843,26.539047241210938,255.22857142857143,1512.120849609375,2141.685791015625,-3.277880907058716,1040.857142857143,3,481,1,0,0,21,20,117
0,221.0,0.2440136820077896,267.0,4.0,229.0,1539.0,215.93877551020398,13740.3330078125,27.183332443237305,1.8666666746139526,16781.06640625,22.633333206176758,4.800000190734863,4.866666793823242,47.18333435058594,26417.0,2224.6,1.174476146697998,26.562976837158203,255.6,1519.6224365234375,2154.257080078125,-3.2701666355133057,1048.0285714285715,1,481,1,0,0,21,34,85
0,133.0,0.09122006595134735,267.0,4.0,229.0,2986.0,213.0408163265305,12601.1669921875,28.0,2.2166666984558105,17929.166015625,22.133333206176758,4.800000190734863,4.699999809265137,49.04999923706055,21745.0,2122.0857142857144,1.2015714645385742,26.69654655456543,264.9428571428571,1516.9468994140625,2126.6572265625,-3.447023868560791,1047.2,1,481,1,0,0,31,13,49
0,153.0,0.6955530047416687,267.0,4.0,229.0,4895.0,208.83673469387742,14988.0,28.899999618530273,1.0499999523162842,16206.0,22.78333282470703,4.699999809265137,4.833333492279053,44.13333511352539,23952.0,2115.8,1.2177857160568237,26.711904525756836,268.14285714285717,1524.0185546875,2122.39990234375,-3.540142774581909,1052.1714285714286,0,481,1,0,0,21,19,57
0,205.0,0.6818699836730957,267.0,4.0,229.0,1518.0,206.2857142857142,14539.5,28.08333396911621,2.3333332538604736,18323.19921875,22.883333206176758,5.099999904632568,4.883333206176758,45.43333435058594,23118.0,2116.8,1.2156428098678589,26.620237350463867,270.2,1525.73095703125,2117.199951171875,-3.5419046878814697,1050.5428571428572,0,481,1,0,0,31,3,80
0,138.83641273333535,0.0,267.0,4.0,293.0,8076.0,205.1020408163264,14208.6669921875,28.127777099609375,0.7888888716697693,17607.798828125,21.4777774810791,4.133333206176758,4.655555248260498,49.29999923706055,21428.77734375,2104.657142857143,1.2478333711624146,26.84642791748047,270.9714285714286,1525.735107421875,2114.71435546875,-3.485333204269409,1062.2,0,476,1,0,0,31,9,49
0,157.29741879751043,0.2440136820077896,267.0,4.0,293.0,7102.0,207.8163265306121,11943.3330078125,26.866666793823242,1.5166666507720947,15978.6669921875,21.83333396911621,4.199999809265137,4.633333206176758,52.150001525878906,20794.666015625,2104.657142857143,1.2478333711624146,26.84642791748047,270.9714285714286,1525.735107421875,2114.71435546875,-3.485333204269409,1062.2,1,476,1,0,0,21,7,77
0,135.0,0.05131128802895546,267.0,4.0,293.0,4552.0,210.28571428571414,12696.5,26.649999618530273,1.5166666507720947,16919.80078125,21.96666717529297,4.099999904632568,4.583333492279053,52.88333511352539,20503.0,2101.4857142857145,1.2492856979370117,26.814762115478516,275.6,1516.9300537109375,2108.1142578125,-3.33471417427063,1054.1142857142856,1,476,1,0,0,21,30,54
1,,0.28050172328948975,267.0,4.0,293.0,14328.0,215.34693877551004,12737.5,27.91111183166504,1.0777778625488281,19567.205078125,22.08888816833496,4.099999904632568,4.627778053283691,50.93333053588867,24152.111328125,2114.285714285714,1.2805476188659668,26.972620010375977,283.3142857142857,1531.5528564453125,2109.428466796875,-3.0147857666015625,1062.1142857142856,1,476,1,0,0,42,15,
1,136.0,0.0,267.0,4.0,293.0,4732.0,215.73469387755082,13226.0,29.950000762939453,1.8333333730697632,21874.283203125,24.266666412353516,4.199999809265137,4.7833333015441895,50.20000076293945,24899.0,1979.8285714285714,1.2913094758987427,27.02190589904785,305.51428571428573,1526.7342529296875,2084.28564453125,-2.3740475177764893,1039.5714285714287,1,476,1,0,0,41,23,55
1,129.0,0.09578107297420502,267.0,4.0,293.0,5486.0,220.48979591836715,11990.1669921875,22.950000762939453,0.9833333492279053,16185.7666015625,21.75,4.099999904632568,4.683333396911621,52.28333282470703,21534.833984375,2053.5714285714284,1.2779524326324463,27.015596389770508,304.48571428571427,1524.2581787109375,2061.17138671875,-2.591261863708496,1036.4285714285713,1,476,1,0,0,42,15,50
0,5.0,0.06841505318880081,267.0,4.0,293.0,5007.0,220.73469387755082,11022.0,24.483333587646484,0.699999988079071,14771.06640625,21.25,3.9000000953674316,4.683333396911621,51.86666488647461,19634.666015625,2042.3428571428572,1.2842856645584106,27.070476531982422,307.37142857142857,1526.929443359375,2060.05712890625,-2.563976287841797,1036.942857142857,4,476,1,0,0,41,14,2
1,193.0,0.5051311254501343,267.0,4.0,293.0,8934.0,218.57142857142836,12613.8330078125,28.75,1.2000000476837158,15609.7998046875,21.983333587646484,4.400000095367432,4.7833333015441895,47.11666488647461,21839.5,1979.7714285714285,1.2964524030685425,27.067380905151367,313.54285714285714,1523.64990234375,2092.3427734375,-2.5595953464508057,1034.2857142857142,1,476,1,0,0,21,15,65
1,,0.006841504946351051,267.0,4.0,293.0,10370.0,213.63265306122423,11288.0,26.25555419921875,0.6666666865348816,15012.8271484375,21.700000762939453,4.5333333015441895,4.650000095367432,50.38333511352539,19297.72265625,1980.942857142857,1.3053333759307861,27.15333366394043,313.4,1529.8953857421875,2118.17138671875,-2.499023914337158,1040.6857142857143,0,476,1,0,0,31,35,
0,159.0,0.12314709275960922,267.0,4.0,293.0,24627.0,206.73469387755074,12787.3330078125,28.66666603088379,0.4166666567325592,14496.099609375,21.950000762939453,4.599999904632568,4.633333206176758,47.78333282470703,20388.333984375,2000.2,1.2873095273971558,26.991071701049805,312.57142857142856,1533.6097412109375,2144.1142578125,-2.2105712890625,1040.4571428571428,3,476,1,0,0,31,16,63
0,167.0,0.2770809531211853,267.0,4.0,293.0,26246.0,200.2448979591834,12982.1669921875,30.266666412353516,0.8166666626930237,15616.9501953125,22.71666717529297,4.199999809265137,4.833333492279053,47.38333511352539,20716.166015625,2071.4857142857145,1.2839523553848267,27.0238094329834,308.9428571428571,1529.993408203125,2149.94287109375,-2.512381076812744,1040.2285714285715,2,476,1,0,0,21,16,86
1,128.0,0.0,267.0,4.0,293.0,32767.0,194.40816326530583,12843.7783203125,26.172222137451172,0.9111111164093018,17736.5,22.244443893432617,4.166666507720947,4.633333206176758,47.93888854980469,23179.77734375,2139.2,1.2739523649215698,27.005952835083008,307.0285714285714,1528.4490966796875,2154.571533203125,-2.473571538925171,1039.942857142857,2,476,1,0,0,34,20,45
1,63.0,0.0,267.0,4.0,293.0,32767.0,191.63265306122426,13134.0,27.433332443237305,1.649999976158142,17690.533203125,22.75,4.400000095367432,4.75,47.849998474121094,20409.833984375,2191.457142857143,1.2969048023223877,27.152856826782227,305.45714285714286,1532.2401123046875,2165.857177734375,-2.422666549682617,1051.5142857142857,1,476,1,0,0,34,8,23
0,68.0,0.023945268243551254,267.0,4.0,293.0,27520.0,186.3673469387753,14335.0,26.700000762939453,0.6666666865348816,17413.533203125,21.183332443237305,5.199999809265137,4.699999809265137,46.233333587646484,23960.5,2206.8571428571427,1.2899523973464966,27.04595184326172,304.22857142857146,1527.263427734375,2177.94287109375,-2.381190538406372,1047.1714285714286,1,476,1,0,0,31,8,22
0,89.0,0.0,267.0,4.0,293.0,13960.0,184.612244897959,15356.5,30.383333206176758,1.100000023841858,18742.8671875,24.600000381469727,5.199999809265137,4.900000095367432,39.75,23501.0,2327.057142857143,1.2823095321655273,26.9858341217041,297.0857142857143,1526.7227783203125,2196.685791015625,-2.323523759841919,1053.2285714285715,6,476,1,0,0,11,10,36
1,156.0,0.2371721714735031,267.0,4.0,293.0,2799.0,183.12244897959167,12097.6669921875,26.549999237060547,0.8833333253860474,16816.333984375,23.200000762939453,4.900000095367432,4.866666793823242,41.400001525878906,20342.333984375,2484.4285714285716,1.2278809547424316,26.724523544311523,292.54285714285714,1533.3411865234375,2179.800048828125,-2.29109525680542,1047.3142857142857,3,476,1,0,0,31,13,52
0,177.0,0.4116305708885193,267.0,4.0,293.0,1078.0,183.26530612244883,17750.666015625,27.016666412353516,2.1666667461395264,17790.732421875,23.066667556762695,4.800000190734863,4.7833333015441895,44.516666412353516,22981.666015625,2600.114285714286,1.2249761819839478,26.685714721679688,285.1142857142857,1539.8875732421875,2196.0,-2.2855000495910645,1058.057142857143,1,476,1,0,0,31,13,58
1,,0.0011402508243918419,267.0,4.0,293.0,1895.0,183.32653061224477,12923.6669921875,27.816667556762695,0.6499999761581421,20184.966796875,23.46666717529297,4.599999904632568,4.800000190734863,41.38333511352539,26930.833984375,2678.942857142857,1.2216428518295288,26.70226287841797,282.7142857142857,1540.067138671875,2193.0,-2.0815236568450928,1059.4,2,476,1,0,0,41,3,
0,202.0,0.5153933763504028,267.0,4.0,293.0,1125.0,183.57142857142844,10642.6669921875,32.70000076293945,2.5166666507720947,20062.916015625,27.049999237060547,5.400000095367432,4.816666603088379,31.983333587646484,25223.666015625,2770.4,1.211904764175415,26.604881286621094,276.6857142857143,1538.466552734375,2211.05712890625,-2.19602370262146,1065.4857142857143,1,476,1,0,0,21,23,65
0,125.0,0.7559863328933716,267.0,4.0,229.0,1832.0,180.51020408163254,11927.5,30.5,2.683333396911621,21441.349609375,28.383333206176758,5.800000190734863,4.4666666984558105,28.183332443237305,26680.5,2953.4285714285716,1.167023777961731,26.32107162475586,271.0571428571429,1534.8779296875,2216.28564453125,-2.0032618045806885,1056.142857142857,3,481,1,0,0,11,1,50
0,174.0,0.7377423048019409,267.0,4.0,229.0,3246.0,178.59183673469374,13799.8330078125,27.58333396911621,1.5666667222976685,19459.349609375,24.5,5.099999904632568,4.5333333015441895,32.28333282470703,25050.833984375,2966.8,1.1647857427597046,26.2834529876709,271.54285714285714,1533.226318359375,2222.45703125,-1.9927858114242554,1055.7714285714285,2,481,1,0,0,21,8,68
0,149.0,0.28848347067832947,267.0,4.0,229.0,11768.0,179.51020408163257,12542.3330078125,33.41666793823242,0.6333333253860474,18594.966796875,25.116666793823242,5.599999904632568,4.900000095367432,30.71666717529297,25600.0,3021.3714285714286,1.1685476303100586,26.315000534057617,266.45714285714286,1534.5784912109375,2235.45703125,-1.8586905002593994,1062.942857142857,2,481,1,0,0,31,3,62
0,153.0,0.24743443727493286,267.0,4.0,229.0,16408.0,181.20408163265287,13252.3330078125,32.04999923706055,1.2833333015441895,20258.767578125,25.733333587646484,5.800000190734863,4.599999904632568,35.08333206176758,29097.666015625,3007.9714285714285,1.118571400642395,25.805238723754883,264.85714285714283,1540.338134765625,2257.0,-1.600595235824585,1053.3142857142857,5,481,1,0,0,24,13,68
0,138.0408815191052,0.23945267498493195,267.0,4.0,229.0,9479.0,183.20408163265293,14142.3330078125,27.149999618530273,5.083333492279053,18971.966796875,26.816667556762695,5.699999809265137,4.833333492279053,35.849998474121094,28177.333984375,3074.4285714285716,1.1503809690475464,26.217023849487305,267.3142857142857,1544.0577392578125,2238.17138671875,-1.260023832321167,1063.1142857142856,3,481,1,0,0,21,3,45
0,77.0,0.7126567959785461,267.0,4.0,229.0,4361.0,183.5714285714284,15050.8330078125,31.399999618530273,1.6833332777023315,21018.31640625,27.266666412353516,6.300000190734863,4.599999904632568,32.43333435058594,31636.333984375,3116.7428571428572,1.1045714616775513,25.91023826599121,268.34285714285716,1548.4814453125,2237.371337890625,-0.7758333086967468,1049.7428571428572,4,481,1,0,0,21,6,27
0,49.0,0.09007981419563293,267.0,4.0,229.0,1991.0,180.8163265306121,16680.333984375,26.96666717529297,2.9000000953674316,19958.166015625,23.483333587646484,5.699999809265137,5.016666889190674,34.06666564941406,26230.0,3098.542857142857,1.0949047803878784,25.970476150512695,270.0285714285714,1555.3590087890625,2240.857177734375,-0.6385476589202881,1048.5428571428572,2,481,1,0,0,41,13,
0,155.0,0.5313568711280823,267.0,4.0,283.0,1127.0,184.71428571428555,14961.1669921875,24.83333396911621,3.6666667461395264,21772.93359375,23.983333587646484,5.699999809265137,4.75,34.58333206176758,28518.666015625,3161.2,1.0951428413391113,25.942142486572266,267.0857142857143,1554.335693359375,2246.28564453125,-0.467119038105011,1052.3142857142857,2,481,1,0,0,31,18,51
0,,0.5849486589431763,267.0,4.0,283.0,3636.0,189.10204081632637,16571.833984375,28.78333282470703,1.5666667222976685,21342.6171875,22.933332443237305,5.900000095367432,4.650000095367432,35.31666564941406,28181.333984375,3235.7428571428572,1.0928571224212646,26.14797592163086,266.54285714285714,1558.7918701171875,2243.0,-0.21433332562446594,1056.5428571428572,3,507,1,0,0,24,2,
0,182.16420416891341,0.41505131125450134,267.0,4.0,283.0,1756.0,188.02040816326513,17852.333984375,25.266666412353516,3.0833332538604736,23119.099609375,23.266666412353516,5.599999904632568,4.800000190734863,36.96666717529297,32493.5,3312.7714285714287,1.0981190204620361,26.109405517578125,258.25714285714287,1545.71044921875,2267.914306640625,-0.1587618738412857,1058.8857142857144,2,507,1,0,0,24,21,64
0,168.0,0.12086658924818039,267.0,4.0,283.0,1345.0,187.22448979591826,13959.5,25.41666603088379,1.899999976158142,17379.666015625,23.53333282470703,5.0,4.883333206176758,40.08333206176758,27250.666015625,3425.4285714285716,1.1272143125534058,26.340951919555664,250.17142857142858,1535.9207763671875,2293.71435546875,-0.26583331823349,1068.8857142857144,3,507,1,0,0,31,27,59
0,162.0,0.4469783306121826,267.0,4.0,283.0,1069.0,186.34693877551007,14215.2783203125,24.600000381469727,1.1555556058883667,16306.5107421875,23.53333282470703,5.099999904632568,5.127777576446533,39.38888931274414,24797.27734375,3427.4,1.0999761819839478,26.237380981445312,254.94285714285715,1557.1439208984375,2264.05712890625,-0.25654762983322144,1068.5142857142857,1,507,1,0,0,41,35,66
0,116.0,0.5005701184272766,267.0,4.0,229.0,1751.0,183.95918367346925,16532.666015625,25.366666793823242,2.799999952316284,15649.2998046875,23.53333282470703,5.900000095367432,4.75,42.900001525878906,40979.0,3077.8,1.052809476852417,26.265832901000977,255.62857142857143,1600.886474609375,2151.628662109375,-0.3771904706954956,1077.1714285714286,1,481,1,1,0,31,15,37
1,99.9085860722877,0.298745721578598,267.0,4.0,229.0,1433.0,181.87755102040802,15940.6669921875,23.53333282470703,2.2166666984558105,14717.3330078125,22.03333282470703,5.400000095367432,5.016666889190674,45.36666488647461,22755.333984375,2965.057142857143,1.055833339691162,26.316190719604492,253.6,1560.0618896484375,2148.428466796875,-0.27657145261764526,1059.7142857142858,2,481,1,0,0,41,6,33
0,123.0,0.8768529295921326,267.0,4.0,229.0,1071.0,181.5306122448978,16082.0,27.58333396911621,3.433333396911621,16812.599609375,23.71666717529297,6.0,4.75,39.04999923706055,23908.0,2858.8285714285716,1.0425952672958374,26.25368881225586,271.48571428571427,1593.79345703125,2094.257080078125,-0.1901666671037674,1057.2571428571428,4,481,1,0,0,24,30,53
0,52.0,0.0,267.0,4.0,229.0,3248.0,183.04081632653046,12248.3330078125,22.25,4.066666603088379,16766.267578125,22.433332443237305,5.699999809265137,5.050000190734863,45.53333282470703,21980.333984375,2801.942857142857,1.048547625541687,26.300594329833984,267.8857142857143,1561.7882080078125,2098.028564453125,-0.21392856538295746,1043.0857142857142,3,481,1,0,0,21,5,17
0,191.0,0.015963511541485786,267.0,4.0,229.0,5955.0,184.4489795918366,11213.3330078125,23.866666793823242,1.9500000476837158,14882.599609375,22.350000381469727,4.900000095367432,4.699999809265137,46.78333282470703,19806.666015625,2620.8285714285716,1.0491905212402344,26.28499984741211,275.2857142857143,1566.0892333984375,2070.857177734375,-0.358690470457077,1038.6285714285714,2,481,1,0,0,34,14,77
0,173.0,0.0,267.0,4.0,229.0,7064.0,184.5306122448978,11834.0,21.366666793823242,2.8499999046325684,13881.3330078125,22.133333206176758,5.599999904632568,4.949999809265137,48.53333282470703,21380.333984375,2587.1428571428573,1.0601190328598022,26.33928680419922,273.9142857142857,1556.813720703125,2073.82861328125,-0.33980950713157654,1037.8,0,481,1,0,0,24,27,61
0,197.0,0.48460662364959717,267.0,4.0,229.0,6400.0,184.77551020408148,11159.1669921875,23.600000381469727,2.2833333015441895,14962.283203125,22.21666717529297,4.900000095367432,4.583333492279053,50.56666564941406,19064.833984375,2572.2571428571428,1.055738091468811,26.438213348388672,286.22857142857146,1561.81689453125,2041.4000244140625,-0.3342142701148987,1028.7714285714285,0,481,1,0,0,31,29,62
0,202.0,0.08665906637907028,267.0,4.0,229.0,1709.0,180.0408163265304,11369.0,24.16666603088379,1.8666666746139526,15675.1669921875,22.016666412353516,5.5,4.550000190734863,47.983333587646484,21273.0,2601.3714285714286,1.0450952053070068,26.38785743713379,292.1714285714286,1569.2196044921875,2018.4285888671875,-0.3485476076602936,1024.0285714285715,1,481,1,0,0,34,15,70
0,174.0,0.3386545181274414,267.0,4.0,229.0,6536.0,178.32653061224468,12786.6669921875,23.633333206176758,5.300000190734863,15144.2666015625,21.450000762939453,5.5,4.650000095367432,49.63333511352539,20878.666015625,2555.1714285714284,1.039119005203247,26.41023826599121,302.14285714285717,1573.7056884765625,1996.0,-0.279285728931427,1015.2,2,481,1,0,0,31,32,60
0,,0.3511972725391388,267.0,4.0,229.0,11918.0,178.59183673469371,11582.3330078125,24.433332443237305,3.866666555404663,16339.1337890625,22.41666603088379,5.699999809265137,4.699999809265137,50.96666717529297,21584.5,2459.0857142857144,1.0420951843261719,26.507143020629883,309.8285714285714,1577.58740234375,1963.05712890625,-0.29630953073501587,1010.2571428571429,3,481,1,0,0,21,1,
0,82.0,0.028506271541118622,267.0,4.0,229.0,3761.0,173.93877551020393,12571.6669921875,23.25185203552246,5.349999904632568,22210.88671875,22.951852798461914,6.311110973358154,5.2962965965271,48.03333282470703,29235.57421875,2425.657142857143,1.0241190195083618,26.422380447387695,315.1714285714286,1581.903076171875,1940.5142822265625,-0.27847617864608765,1002.6571428571428,2,481,1,0,0,11,10,31
1,85.0,0.0,267.0,4.0,229.0,1845.0,169.2448979591835,11662.111328125,24.822221755981445,4.622221946716309,17512.8671875,22.433332443237305,6.433333396911621,4.916666507720947,48.900001525878906,26359.888671875,2392.285714285714,1.0287857055664062,26.439762115478516,315.6857142857143,1578.391357421875,1934.4000244140625,-0.28230953216552734,1002.8571428571429,1,481,1,0,0,34,21,28
1,192.0,0.045610032975673676,267.0,4.0,229.0,5843.0,166.10204081632637,12477.3330078125,23.899999618530273,3.8333332538604736,15742.533203125,24.08333396911621,5.900000095367432,4.650000095367432,46.75,20257.333984375,2392.285714285714,1.0287857055664062,26.439762115478516,315.6857142857143,1578.391357421875,1934.4000244140625,-0.28230953216552734,1002.8571428571429,0,481,1,0,0,31,31,63
0,121.0,0.06499429792165756,267.0,4.0,229.0,5338.0,162.612244897959,11017.0,20.383333206176758,5.699999809265137,15620.400390625,24.0,5.900000095367432,4.683333396911621,51.86666488647461,20860.0,2282.8571428571427,1.0084761381149292,26.390356063842773,333.54285714285714,1606.3365478515625,1881.4000244140625,-0.29640477895736694,996.6285714285714,1,481,1,0,0,24,34,40
1,65.0,0.0,267.0,4.0,229.0,10989.0,159.6734693877549,11930.5,22.288888931274414,3.4833333492279053,17092.73828125,25.0222225189209,6.5333333015441895,5.061110973358154,49.31666564941406,21782.5,2256.0285714285715,1.0162380933761597,26.42357063293457,328.0571428571429,1579.20556640625,1885.7142333984375,-0.30761903524398804,989.8571428571429,4,481,1,0,0,34,2,22
0,113.0,0.017103763297200203,267.0,4.0,229.0,18192.0,157.02040816326516,11706.6669921875,23.066667556762695,3.383333444595337,15134.1162109375,24.200000762939453,6.300000190734863,4.800000190734863,48.63333511352539,21189.166015625,2203.2285714285713,1.017785668373108,26.45452308654785,335.48571428571427,1579.48876953125,1869.6285400390625,-0.35388097167015076,983.8857142857142,2,481,1,0,0,34,2,52
0,,0.0,267.0,4.0,229.0,14510.0,155.4897959183672,12549.1669921875,20.200000762939453,1.649999976158142,14660.9169921875,22.383333206176758,5.599999904632568,4.849999904632568,54.21666717529297,22796.666015625,2169.2571428571428,1.0156667232513428,26.405357360839844,333.57142857142856,1570.466552734375,1872.028564453125,-0.36923810839653015,982.8285714285714,3,481,1,0,0,34,5,
1,101.0,0.38198402523994446,267.0,4.0,229.0,1596.0,153.81632653061212,15118.0,20.049999237060547,6.383333206176758,16332.1669921875,24.100000381469727,5.5,4.983333110809326,54.95000076293945,22876.0,2164.0285714285715,1.003666639328003,26.419404983520508,346.34285714285716,1593.3028564453125,1827.0,-0.3766428530216217,981.5714285714286,8,518,1,0,0,42,5,36
0,112.0,0.0946408212184906,267.0,4.0,191.0,4759.0,152.12244897959167,13070.6669921875,20.133333206176758,2.950000047683716,14408.7998046875,21.350000381469727,6.0,4.849999904632568,55.58333206176758,19162.0,2233.6857142857143,1.0147857666015625,26.63011932373047,339.51428571428573,1578.5584716796875,1831.5428466796875,-0.41716668009757996,982.9428571428572,12,518,1,0,0,21,9,44
0,156.0,0.05359179154038429,267.0,4.0,191.0,2267.0,151.51020408163254,12689.5,21.383333206176758,4.583333492279053,15846.7333984375,21.46666717529297,6.099999904632568,4.699999809265137,53.75,21251.166015625,2229.0857142857144,1.0088095664978027,26.65250015258789,347.34285714285716,1601.4129638671875,1803.028564453125,-0.427142858505249,985.2857142857143,3,567,1,0,0,34,26,68
0,105.0,0.3580387830734253,267.0,4.0,191.0,1577.0,150.4489795918366,13475.5,18.46666717529297,5.349999904632568,17321.966796875,21.16666603088379,6.199999809265137,5.099999904632568,56.04999923706055,22288.166015625,2240.285714285714,1.0117380619049072,26.699405670166016,347.9142857142857,1604.44873046875,1791.971435546875,-0.4559047520160675,986.8857142857142,3,567,1,0,0,31,4,37
0,95.0,0.0,267.0,4.0,260.0,11232.0,150.408163265306,10081.3330078125,20.91666603088379,3.0,14649.2998046875,21.266666412353516,5.900000095367432,4.7833333015441895,57.96666717529297,22371.0,2273.714285714286,1.0344047546386719,26.85607147216797,342.8285714285714,1584.26220703125,1798.2857666015625,-0.4931666851043701,987.1428571428571,3,518,1,0,0,24,26,32
0,122.0,0.14709235727787018,267.0,4.0,191.0,1394.0,149.57142857142847,11886.8330078125,19.16666603088379,4.25,15943.533203125,23.049999237060547,5.900000095367432,4.900000095367432,58.81666564941406,22697.833984375,2258.6285714285714,1.0291428565979004,26.826309204101562,350.4,1596.3690185546875,1774.7142333984375,-0.48164287209510803,984.6285714285714,4,567,1,0,0,34,12,43
0,129.0,0.05473203957080841,267.0,4.0,191.0,3434.0,148.81632653061217,10259.6669921875,22.28333282470703,1.7999999523162842,15309.06640625,21.883333206176758,5.699999809265137,4.699999809265137,57.33333206176758,20495.666015625,2227.1714285714284,1.0054047107696533,26.775238037109375,355.37142857142857,1601.5289306640625,1753.2572021484375,-0.5159761905670166,977.2285714285714,1,567,1,0,0,34,18,48
0,127.0,0.23261117935180664,267.0,4.0,229.0,3281.0,148.16326530612238,12413.0,21.683332443237305,4.616666793823242,15440.1669921875,22.03333282470703,6.099999904632568,4.849999904632568,54.20000076293945,27253.333984375,2208.8285714285716,0.9911190271377563,26.696666717529297,357.2,1604.05615234375,1748.4571533203125,-0.5506190657615662,971.3714285714286,1,481,1,0,0,41,28,43
0,55.0,0.571265697479248,267.0,4.0,229.0,1102.0,146.23913043478254,9010.888671875,22.011112213134766,2.75,15398.64453125,20.622220993041992,5.633333206176758,4.944444179534912,54.0,20707.443359375,2180.7428571428572,0.9772619009017944,26.606786727905273,365.0571428571429,1621.8651123046875,1730.7427978515625,-0.562166690826416,968.9714285714285,4,481,1,0,0,41,7,21
0,194.0,0.7001140117645264,296.0,3.0,313.0,1194.0,294.8979591836733,13266.92578125,29.616666793823242,2.605555534362793,15446.19921875,20.403703689575195,3.1777777671813965,5.0851850509643555,22.151851654052734,14482.4814453125,2579.342857142857,0.7540952563285828,24.98607063293457,130.45714285714286,1392.54150390625,1708.17138671875,0.39297619462013245,956.3142857142857,0,505,1,0,0,21,18,98
0,150.0,0.503990888595581,296.0,3.0,313.0,1576.0,296.08163265306115,14974.3330078125,30.200000762939453,5.866666793823242,15949.900390625,20.433332443237305,3.799999952316284,5.083333492279053,27.633333206176758,16356.6669921875,2637.5142857142855,0.7551904916763306,25.064523696899414,131.88571428571427,1394.9036865234375,1701.5142822265625,0.4540238082408905,957.8285714285714,0,505,1,0,0,31,31,55
1,85.0,0.7388825416564941,296.0,3.0,313.0,1217.0,292.89795918367327,13099.0,27.616666793823242,2.450000047683716,16693.900390625,21.100000381469727,3.5,4.849999904632568,20.766666412353516,15776.6669921875,2724.1428571428573,0.7419762015342712,25.042142868041992,129.0,1395.2974853515625,1725.6285400390625,0.5211189985275269,959.0857142857143,0,505,1,0,0,42,7,42
0,197.0,0.9042189121246338,296.0,3.0,313.0,1079.0,293.5918367346937,14376.0,28.28333282470703,3.066666603088379,15387.5,20.5,3.700000047683716,5.0,20.183332443237305,14402.0,2750.4285714285716,0.7382143139839172,24.992856979370117,128.74285714285713,1396.3724365234375,1723.17138671875,0.5389285683631897,958.6,0,505,1,0,1,21,35,73
0,314.0,0.7309008240699768,296.0,3.0,313.0,1033.0,297.22448979591826,10746.6669921875,25.116666793823242,5.949999809265137,17306.482421875,20.700000762939453,3.299999952316284,5.199999809265137,36.18333435058594,16041.6669921875,2833.942857142857,0.7291428446769714,24.847856521606445,130.85714285714286,1396.81787109375,1716.3714599609375,0.6309762001037598,957.1714285714286,0,505,1,0,1,31,22,158
0,266.0,0.8301026225090027,296.0,3.0,313.0,1028.0,297.59183673469374,12294.0,24.100000381469727,5.016666889190674,14752.533203125,20.566667556762695,3.299999952316284,5.050000190734863,31.549999237060547,14216.5,2905.3142857142857,0.7289524078369141,24.89666748046875,131.42857142857142,1394.1171875,1718.5428466796875,0.6679999828338623,956.4,0,505,1,0,1,31,9,133
0,311.0,0.8209806084632874,296.0,3.0,313.0,1116.0,292.65306122448965,13197.5,25.53333282470703,4.75,14005.0,21.483333587646484,4.099999904632568,5.0,36.03333282470703,14538.0,2931.542857142857,0.7294285893440247,24.97678565979004,131.05714285714285,1397.822998046875,1726.6285400390625,0.6376190781593323,962.3428571428572,3,505,1,0,1,21,13,156
0,191.0,0.7936145663261414,296.0,3.0,313.0,1144.0,289.69387755102025,10072.8330078125,24.700000762939453,6.816666603088379,14266.650390625,20.183332443237305,3.5,4.949999809265137,41.03333282470703,13414.5,2912.6857142857143,0.7210952639579773,24.964643478393555,130.28571428571428,1395.93310546875,1741.228515625,0.6483809351921082,960.8571428571429,0,505,1,0,1,41,3,95
0,208.0,0.7274800539016724,296.0,3.0,313.0,1406.0,286.14285714285694,14009.1669921875,23.53333282470703,3.116666555404663,14969.900390625,20.816667556762695,4.0,4.949999809265137,34.66666793823242,13590.8330078125,2912.6285714285714,0.7231190204620361,25.082857131958008,126.62857142857143,1386.692138671875,1748.4285888671875,0.6221190690994263,962.5428571428571,1,505,1,0,1,21,18,104
0,209.0,0.7901938557624817,296.0,3.0,313.0,1121.0,279.7551020408161,11880.0,23.983333587646484,5.800000190734863,15395.650390625,21.566667556762695,4.400000095367432,4.800000190734863,38.45000076293945,16069.0,2869.657142857143,0.7169761657714844,25.182262420654297,122.42857142857143,1384.711181640625,1741.6856689453125,0.5998333096504211,966.3714285714286,2,505,1,0,1,41,7,104
0,252.0,0.960091233253479,296.0,3.0,313.0,1027.0,277.9183673469385,11486.3330078125,25.200000762939453,9.100000381469727,15187.2666015625,21.66666603088379,4.099999904632568,4.849999904632568,37.516666412353516,15838.0,2828.6857142857143,0.7121190428733826,25.158571243286133,121.45714285714286,1383.5611572265625,1739.7427978515625,0.5834523439407349,965.2285714285714,1,505,1,0,1,21,11,125
0,179.0,0.8950968980789185,296.0,3.0,313.0,1119.0,277.6326530612243,11046.5,24.233333587646484,6.800000190734863,15772.8330078125,21.516666412353516,4.300000190734863,4.949999809265137,35.68333435058594,14272.6669921875,2705.2285714285713,0.7157618999481201,25.215238571166992,121.34285714285714,1386.953857421875,1720.7142333984375,0.5671904683113098,970.6285714285714,0,505,1,0,1,31,3,88
0,106.0,0.7354618310928345,296.0,3.0,313.0,2551.0,269.34693877550995,10317.8330078125,24.316667556762695,6.266666889190674,17410.517578125,22.21666717529297,4.5,4.800000190734863,32.83333206176758,18423.666015625,2451.114285714286,0.7089999914169312,25.30904769897461,110.11428571428571,1387.6541748046875,1666.228515625,0.42461904883384705,984.5428571428571,2,505,1,0,1,42,4,51
0,209.0,0.04104902967810631,296.0,3.0,313.0,2555.0,264.32653061224465,12785.8330078125,22.883333206176758,6.7166666984558105,19973.017578125,21.383333206176758,4.300000190734863,4.900000095367432,32.61666488647461,20103.833984375,2545.1714285714284,0.7281428575515747,25.47011947631836,100.37142857142857,1380.131591796875,1679.4857177734375,0.3364523947238922,998.3142857142857,3,505,1,0,0,31,9,98
0,142.0,0.0,296.0,3.0,313.0,6083.0,258.0612244897956,15685.388671875,25.83333396911621,5.77222204208374,19595.876953125,21.2277774810791,3.700000047683716,5.0,36.69444274902344,22894.0,2545.1714285714284,0.7281428575515747,25.47011947631836,100.37142857142857,1380.131591796875,1679.4857177734375,0.3364523947238922,998.3142857142857,5,505,1,0,0,31,2,51
0,183.0,0.03192702308297157,296.0,3.0,313.0,7094.0,251.6249999999997,15848.5,28.7722225189209,8.783332824707031,19370.2265625,21.122222900390625,3.866666555404663,4.866666793823242,30.899999618530273,24357.5,2666.0857142857144,0.739642858505249,25.53631019592285,99.82857142857142,1376.9903564453125,1679.0,0.2658333480358124,1001.1428571428571,4,469,1,0,0,41,4,76
0,190.0,0.9156214594841003,296.0,3.0,313.0,4682.0,247.6511627906974,14433.0,30.700000762939453,9.733333587646484,21057.849609375,23.766666412353516,4.099999904632568,5.0,28.450000762939453,26007.833984375,2720.2,0.744952380657196,25.584285736083984,101.17142857142858,1378.1737060546875,1690.3143310546875,0.27259522676467896,1002.8285714285714,1,505,1,0,0,21,5,89
0,198.0,0.11630558967590332,296.0,3.0,313.0,5384.0,236.83720930232533,15109.1669921875,33.0,6.699999809265137,18901.599609375,20.71666717529297,4.099999904632568,4.983333110809326,30.33333396911621,20545.333984375,2758.657142857143,0.7594524025917053,25.70464324951172,99.91428571428571,1387.4063720703125,1713.1142578125,0.24980953335762024,1014.4571428571429,5,505,1,0,0,34,27,74
0,209.0,0.0,296.0,3.0,302.0,10114.0,232.7999999999998,13361.5,28.183332443237305,6.199999809265137,20689.0,22.016666412353516,3.9000000953674316,4.833333492279053,34.45000076293945,20179.0,2803.0,0.7738571166992188,25.806547164916992,106.85714285714286,1392.4197998046875,1722.0,0.2842857241630554,1016.4,3,469,1,0,0,42,9,78
0,93.0,0.0,296.0,3.0,293.0,12254.0,252.28947368421032,15923.888671875,32.3055534362793,11.616666793823242,21630.6328125,22.094444274902344,4.099999904632568,4.75,38.377777099609375,19745.22265625,3799.342857142857,0.9387381076812744,26.962024688720703,147.82857142857142,1383.0823974609375,1824.228515625,0.4752380847930908,1024.2285714285715,1,476,1,0,0,21,18,36
0,146.0,0.2907639741897583,296.0,3.0,293.0,4485.0,249.56756756756735,11564.2216796875,34.25,9.45555591583252,17878.755859375,20.599998474121094,3.5999999046325684,4.461111068725586,46.83333206176758,16961.0,3793.057142857143,0.9058571457862854,26.78392791748047,151.85714285714286,1375.7921142578125,1795.857177734375,0.5402143001556396,1005.3142857142857,2,476,1,0,0,21,25,55
0,33.0,0.0,296.0,3.0,293.0,5586.0,257.4888888888886,15491.0,32.266666412353516,10.133333206176758,18753.06640625,20.883333206176758,3.9000000953674316,4.5,45.18333435058594,18311.666015625,3836.4857142857145,0.9158333539962769,26.786785125732422,148.28571428571428,1381.920166015625,1813.771484375,0.5172857046127319,1016.2571428571429,2,476,1,0,0,34,8,13
0,285.0,0.11630558967590332,296.0,3.0,293.0,1552.0,262.26530612244875,11569.5556640625,30.13888931274414,7.099999904632568,18697.994140625,21.683332443237305,4.066666603088379,4.349999904632568,53.116668701171875,19820.833984375,3848.4,0.8861904740333557,26.644880294799805,153.2,1377.9906005859375,1791.8857421875,0.5893333554267883,999.9428571428572,1,476,1,0,0,21,15,128
0,114.0,0.019384264945983887,296.0,3.0,293.0,4229.0,270.1020408163264,13300.1669921875,34.46666717529297,8.649999618530273,17690.533203125,20.766666412353516,3.9000000953674316,4.449999809265137,45.150001525878906,17329.666015625,3918.7428571428572,0.9008095264434814,26.66083335876465,143.17142857142858,1387.2484130859375,1833.17138671875,0.5426428318023682,1021.5142857142857,1,476,1,0,0,31,4,44
0,114.0,0.07753705978393555,296.0,3.0,293.0,7725.0,279.2040816326529,16296.5,37.099998474121094,10.583333015441895,18359.466796875,20.383333206176758,4.300000190734863,4.5,47.733333587646484,20454.666015625,3887.057142857143,0.885190486907959,26.610595703125,143.9142857142857,1385.7606201171875,1833.3428955078125,0.5839285850524902,1014.8857142857142,2,476,1,0,0,21,25,47
0,91.0,0.405929297208786,296.0,3.0,293.0,5547.0,287.5714285714284,14200.0,34.63333511352539,9.0,17980.466796875,19.399999618530273,3.5,4.400000095367432,42.11666488647461,17467.0,3888.9714285714285,0.8702381253242493,26.437143325805664,139.62857142857143,1383.2672119140625,1851.0,0.5557618737220764,1014.3428571428572,0,476,1,0,0,41,6,38
0,244.0,0.24629418551921844,296.0,3.0,293.0,9689.0,294.8367346938774,9514.1669921875,34.88333511352539,8.033333778381348,15897.400390625,20.53333282470703,3.700000047683716,4.333333492279053,39.733333587646484,15774.8330078125,3842.057142857143,0.8470476269721985,26.28071403503418,137.94285714285715,1390.9285888671875,1867.3143310546875,0.563452422618866,1012.1428571428571,0,476,1,0,0,31,3,125
0,318.0,0.10490307956933975,296.0,3.0,293.0,4182.0,300.34693877551007,18114.5,35.13333511352539,9.983333587646484,17264.3671875,19.75,4.099999904632568,4.333333492279053,43.766666412353516,17954.666015625,3812.885714285714,0.8356904983520508,26.334047317504883,139.42857142857142,1386.0341796875,1867.3428955078125,0.5344761610031128,1005.6285714285714,1,476,1,0,0,41,9,155
0,302.0,0.5781071782112122,296.0,3.0,293.0,1069.0,304.4897959183672,12381.5,35.13333511352539,11.283333778381348,16019.5830078125,20.116666793823242,3.700000047683716,4.25,48.599998474121094,17726.5,3788.1428571428573,0.8295000195503235,26.354761123657227,139.17142857142858,1391.8602294921875,1878.771484375,0.5257619023323059,1005.6571428571428,1,476,1,0,0,42,6,126
0,260.0,0.5758267045021057,296.0,3.0,293.0,2866.0,303.9999999999999,13554.3330078125,33.56666564941406,10.066666603088379,17301.18359375,21.566667556762695,4.5,4.150000095367432,45.70000076293945,17338.833984375,3686.8571428571427,0.8119524121284485,26.220596313476562,145.22857142857143,1398.6162109375,1882.2572021484375,0.5403571128845215,998.4857142857143,1,476,1,0,1,21,2,114
0,250.0,0.09122006595134735,296.0,3.0,293.0,4043.0,302.51020408163254,15026.6669921875,32.68333435058594,7.9666666984558105,17561.099609375,21.850000381469727,4.199999809265137,4.483333110809326,45.33333206176758,19136.666015625,3655.2,0.8093571662902832,26.124404907226562,142.77142857142857,1393.0953369140625,1889.2572021484375,0.5457618832588196,997.8571428571429,3,476,1,0,0,42,4,126
0,76.0,0.3454959988594055,296.0,3.0,293.0,15985.0,296.10204081632645,13163.77734375,32.75555419921875,5.344444274902344,16625.27734375,21.577777862548828,4.099999904632568,4.2833333015441895,47.41666793823242,17196.666015625,3512.4,0.8020952343940735,26.13488006591797,140.94285714285715,1396.8883056640625,1932.199951171875,0.5416428446769714,998.2571428571429,3,476,1,0,0,21,1,40
0,209.0,0.028506271541118622,296.0,3.0,293.0,22955.0,287.877551020408,15431.6669921875,35.266666412353516,3.116666555404663,19060.56640625,21.016666412353516,3.5999999046325684,4.25,38.900001525878906,19700.333984375,3379.057142857143,0.7901666760444641,25.99916648864746,138.11428571428573,1394.719970703125,1971.5142822265625,0.5070714354515076,995.6,2,476,1,0,0,42,12,97
0,59.0,0.36031925678253174,296.0,3.0,293.0,16839.0,278.85714285714266,13827.6669921875,37.63333511352539,4.599999904632568,18181.6171875,21.183332443237305,4.0,4.349999904632568,41.79999923706055,18861.0,3301.342857142857,0.7747856974601746,25.76119041442871,133.62857142857143,1394.77001953125,2013.4571533203125,0.453166663646698,993.8857142857142,4,476,1,0,0,31,3,21
0,93.0,0.30672746896743774,296.0,3.0,293.0,16659.0,269.7755102040814,12492.3330078125,39.733333587646484,3.5166666507720947,16579.80078125,20.200000762939453,4.199999809265137,4.199999809265137,42.016666412353516,18534.666015625,3219.2,0.7615952491760254,25.690595626831055,133.74285714285713,1395.10009765625,2043.800048828125,0.44300001859664917,990.0571428571428,0,476,1,0,0,21,17,37
0,170.0,0.27936145663261414,296.0,3.0,293.0,16954.0,261.6734693877549,12990.3330078125,38.400001525878906,3.866666555404663,18631.099609375,22.633333206176758,4.5,4.2833333015441895,44.266666412353516,17664.5,3194.7714285714287,0.7525714039802551,25.59190559387207,135.11428571428573,1393.1839599609375,2051.60009765625,0.439214289188385,984.9428571428572,1,476,1,0,0,21,13,67
0,72.72964713664435,0.25427594780921936,296.0,3.0,293.0,15244.0,256.5102040816325,12532.0,38.21666717529297,4.5,19293.80078125,24.46666717529297,4.599999904632568,4.5,38.61666488647461,21684.5,3089.6285714285714,0.7595714330673218,25.839048385620117,139.82857142857142,1414.503662109375,2117.257080078125,0.37700000405311584,994.8,0,476,1,0,0,21,6,31
0,193.0,0.26795893907546997,296.0,3.0,293.0,11069.0,256.20408163265284,15106.1669921875,34.766666412353516,4.516666889190674,18079.666015625,20.71666717529297,3.799999952316284,4.349999904632568,43.099998474121094,16744.333984375,3076.942857142857,0.7604761719703674,25.855119705200195,139.42857142857142,1407.538818359375,2123.94287109375,0.38183334469795227,992.0571428571428,0,476,1,0,0,41,19,86
0,190.0,0.3090079724788666,296.0,3.0,293.0,5982.0,258.20408163265284,13848.8330078125,36.900001525878906,4.683333396911621,17372.93359375,21.41666603088379,4.0,4.400000095367432,41.18333435058594,16766.0,3056.285714285714,0.7510476112365723,25.738332748413086,139.45714285714286,1409.4296875,2130.60009765625,0.3552619218826294,989.8857142857142,0,476,1,0,0,21,34,85
0,77.0,0.3432154953479767,296.0,3.0,293.0,4461.0,255.14285714285703,11399.0,36.20000076293945,6.266666889190674,16719.466796875,21.549999237060547,4.0,4.550000190734863,37.68333435058594,19009.333984375,2958.0857142857144,0.7325476408004761,25.529403686523438,138.57142857142858,1406.10546875,2111.742919921875,0.16671428084373474,983.6857142857143,1,476,1,0,0,31,3,34
0,256.1510377662208,0.6522234678268433,296.0,3.0,293.0,12581.0,260.14285714285694,13093.0,27.049999237060547,6.433333396911621,16125.06640625,21.433332443237305,3.9000000953674316,4.566666603088379,50.33333206176758,16781.0,2902.4285714285716,0.7181428670883179,25.342262268066406,143.4857142857143,1407.984130859375,2064.628662109375,0.16821429133415222,973.8,0,476,1,0,0,41,14,99
0,124.99087086954303,0.3295325040817261,296.0,3.0,293.0,14469.0,260.14285714285694,11928.1669921875,32.599998474121094,9.0,14819.56640625,21.83333396911621,4.5,4.599999904632568,48.95000076293945,17854.166015625,2870.4857142857145,0.7206428647041321,25.418333053588867,145.14285714285714,1412.29150390625,2054.257080078125,0.15321429073810577,973.9142857142857,2,476,1,0,0,31,10,49
0,158.0,0.32041049003601074,296.0,3.0,293.0,8529.0,251.65306122448965,14834.1669921875,30.116666793823242,4.7166666984558105,18019.0,20.46666717529297,4.800000190734863,4.650000095367432,47.38333511352539,20971.166015625,2798.2285714285713,0.7263571619987488,25.58119010925293,148.4857142857143,1419.669677734375,2049.142822265625,0.06650000065565109,977.0857142857143,1,476,1,0,0,31,12,62
0,169.0,0.010262257419526577,296.0,3.0,293.0,1776.0,254.65306122448962,16234.0,27.28333282470703,3.950000047683716,20040.19921875,25.0,4.199999809265137,4.650000095367432,47.349998474121094,18415.5,2714.7428571428572,0.7092142701148987,25.44095230102539,153.9142857142857,1416.2210693359375,2004.5142822265625,0.07545238733291626,963.6285714285714,1,476,1,0,0,34,16,73
0,257.0,0.5952109694480896,296.0,3.0,293.0,7522.0,249.0204081632651,14751.3330078125,23.616666793823242,6.4666666984558105,14486.1669921875,21.700000762939453,4.5,4.5,53.18333435058594,17527.0,2671.714285714286,0.7145476341247559,25.41797637939453,154.22857142857143,1414.8614501953125,2008.4857177734375,0.023238077759742737,962.8285714285714,1,476,1,0,0,31,35,94
0,53.0,0.16761687397956848,296.0,3.0,293.0,17843.0,250.06122448979573,12967.7783203125,28.33888816833496,5.761111259460449,16000.2666015625,24.72222328186035,5.433333396911621,4.599999904632568,46.977779388427734,22616.111328125,2599.2285714285713,0.6886428594589233,24.946189880371094,155.4857142857143,1415.495361328125,1970.142822265625,0.04511904716491699,952.5428571428571,1,476,1,0,0,31,15,20
0,237.0,0.27936145663261414,296.0,3.0,293.0,23759.0,246.30612244897938,12574.5556640625,26.433334350585938,4.866666793823242,15608.9501953125,20.549999237060547,4.300000190734863,4.599999904632568,49.42222213745117,15709.5,2586.6285714285714,0.7152857184410095,25.38249969482422,155.9142857142857,1416.658203125,1985.8857421875,0.01640475168824196,961.5428571428571,1,476,1,0,0,31,9,87
0,132.0,0.0946408212184906,296.0,3.0,293.0,20973.0,244.65306122448962,11750.6669921875,25.061111450195312,6.80555534362793,17275.966796875,22.322221755981445,4.0333333015441895,4.666666507720947,50.00555419921875,22293.333984375,2542.885714285714,0.7062143087387085,25.263452529907227,155.62857142857143,1418.766357421875,1987.2572021484375,-0.009023805148899555,959.2,2,476,1,0,0,21,7,56
0,155.0,0.17331813275814056,296.0,3.0,293.0,18214.0,242.40816326530592,10773.6669921875,27.816667556762695,7.7166666984558105,16940.6171875,24.41666603088379,5.099999904632568,4.699999809265137,49.43333435058594,20800.833984375,2416.5142857142855,0.6931666731834412,24.90357208251953,157.74285714285713,1421.3134765625,1982.5714111328125,-0.06254760921001434,952.8,0,476,1,0,0,21,8,71
0,155.0,0.1413911134004593,296.0,3.0,293.0,10138.0,242.40816326530592,13848.0,25.433332443237305,3.7166666984558105,14698.5,19.683332443237305,3.5999999046325684,4.75,48.61666488647461,14656.5,2472.457142857143,0.7000952363014221,25.096786499023438,154.82857142857142,1421.357177734375,2010.914306640625,-0.1304047554731369,958.2571428571429,1,476,1,0,0,21,30,68
0,179.0,0.13683010637760162,296.0,3.0,293.0,9830.0,245.99999999999972,13247.0,29.883333206176758,2.633333444595337,15416.31640625,20.316667556762695,4.0,4.583333492279053,49.900001525878906,15512.5,2423.7428571428572,0.7020714282989502,25.164403915405273,160.31428571428572,1421.4130859375,2014.028564453125,-0.14290474355220795,953.6857142857143,0,476,1,0,0,21,12,84
0,149.0,0.21208666265010834,296.0,3.0,293.0,21608.0,247.63265306122423,13366.1669921875,30.16666603088379,3.933333396911621,13231.7998046875,20.100000381469727,3.9000000953674316,4.599999904632568,48.25,15973.0,2395.114285714286,0.7071666717529297,25.13119125366211,163.57142857142858,1421.1993408203125,2020.82861328125,-0.13295239210128784,951.4857142857143,1,476,1,0,0,21,13,61
1,209.0,0.21208666265010834,296.0,3.0,293.0,21457.0,258.9795918367344,14006.8330078125,27.66666603088379,4.083333492279053,14303.3837890625,20.616666793823242,4.400000095367432,4.599999904632568,44.31666564941406,16334.5,2748.8285714285716,0.7089047431945801,25.233095169067383,163.0857142857143,1426.874755859375,2036.5999755859375,-0.16828571259975433,956.1142857142858,0,476,1,0,0,41,33,90
0,184.0,0.2759407162666321,296.0,3.0,293.0,32767.0,266.48979591836707,11627.9443359375,29.144445419311523,5.1777777671813965,14957.927734375,20.622220993041992,4.0333333015441895,4.594444274902344,48.733333587646484,17291.5546875,3030.7714285714287,0.7009285688400269,24.995119094848633,156.54285714285714,1421.595458984375,2043.3428955078125,-0.22504761815071106,956.0857142857143,0,476,1,0,0,21,11,79
0,179.0,0.07867731153964996,296.0,3.0,293.0,31191.0,272.81632653061195,13284.5556640625,27.7277774810791,3.9555556774139404,13139.5,20.38888931274414,3.933333396911621,4.599999904632568,47.4888916015625,16369.111328125,3257.0285714285715,0.7134285569190979,25.17738151550293,158.8,1429.537841796875,2047.3428955078125,-0.366690456867218,961.8857142857142,1,476,1,0,0,21,18,67
0,185.0,0.4264538288116455,296.0,3.0,293.0,22974.0,278.42857142857116,13502.1669921875,33.13333511352539,7.933333396911621,15722.099609375,25.75,5.199999809265137,4.699999809265137,45.400001525878906,24397.333984375,3364.542857142857,0.7089285850524902,25.07238006591797,160.34285714285716,1431.5029296875,2042.3428955078125,-0.4930952489376068,957.3714285714286,0,476,1,0,0,11,10,69
0,76.0,0.060433294624090195,296.0,3.0,293.0,16254.0,281.44897959183646,11576.6669921875,30.78333282470703,3.433333396911621,14137.716796875,19.71666717529297,4.099999904632568,4.599999904632568,45.599998474121094,14726.5,3571.5714285714284,0.707976222038269,25.01119041442871,159.68571428571428,1434.379638671875,2041.94287109375,-0.6309999823570251,959.2571428571429,2,476,1,0,0,41,13,35
0,103.0,0.6476624608039856,296.0,3.0,293.0,12204.0,291.69387755102014,12692.6669921875,26.799999237060547,3.450000047683716,13448.8330078125,19.91666603088379,3.9000000953674316,4.599999904632568,47.75,15403.1669921875,3620.1428571428573,0.7118571400642395,25.104642868041992,161.11428571428573,1433.5137939453125,2037.5428466796875,-0.6976428627967834,959.1142857142858,0,476,1,0,0,21,17,41
0,253.0,0.6773090362548828,296.0,3.0,293.0,1111.0,295.34693877550995,16628.666015625,22.633333206176758,3.7166666984558105,13783.900390625,19.200000762939453,3.5999999046325684,4.483333110809326,51.849998474121094,14336.0,3604.542857142857,0.6975714564323425,25.039642333984375,169.77142857142857,1434.4609375,1998.142822265625,-0.9687857031822205,945.9142857142857,0,476,1,0,0,21,34,121
0,273.0,0.8141391277313232,296.0,3.0,293.0,1111.0,307.10204081632617,14051.0,21.700000762939453,3.5999999046325684,15120.7001953125,22.483333587646484,4.300000190734863,4.449999809265137,48.96666717529297,22665.0,3610.657142857143,0.687166690826416,24.871427536010742,170.14285714285714,1432.0345458984375,1992.6856689453125,-1.0904285907745361,939.6857142857143,0,476,1,1,0,11,20,137
0,146.0,0.9486886858940125,296.0,3.0,293.0,1053.0,309.85714285714255,14122.77734375,28.816665649414062,5.394444465637207,16315.8896484375,24.844444274902344,5.233333110809326,4.5,48.661109924316406,21319.333984375,3615.285714285714,0.684166669845581,24.69011878967285,172.71428571428572,1434.0418701171875,1991.3714599609375,-1.1296666860580444,941.0857142857143,0,476,1,1,0,21,22,73
0,399.0,0.8745723962783813,296.0,3.0,293.0,1145.0,312.44897959183646,13186.3330078125,23.755556106567383,3.211111068725586,13022.4775390625,20.327777862548828,4.0,4.5,54.13888931274414,15679.77734375,3620.0285714285715,0.6852142810821533,24.607500076293945,173.25714285714287,1435.5904541015625,1997.085693359375,-1.1413333415985107,940.9142857142857,1,476,1,0,0,31,22,201
0,202.0,0.149372860789299,296.0,3.0,293.0,2005.0,305.61224489795893,11418.5,25.78333282470703,3.799999952316284,14903.599609375,19.350000381469727,3.5,4.599999904632568,51.63333511352539,17814.0,3601.714285714286,0.7152857184410095,24.87654685974121,173.45714285714286,1434.46337890625,2001.771484375,-1.184999942779541,949.7714285714286,0,476,1,0,0,21,34,97
0,298.0,0.4241733253002167,296.0,3.0,293.0,2980.0,305.34693877550995,16460.388671875,29.350000381469727,7.344444274902344,19373.35546875,26.816665649414062,6.0333333015441895,4.655555725097656,46.35555648803711,25774.666015625,3586.9904761905636,0.6881983876228333,24.329404830932617,175.3333333333212,1434.4644775390625,1992.3714599609375,-1.2236031293869019,936.323809523793,0,476,1,0,0,21,2,126
0,135.0,0.4378563165664673,296.0,3.0,293.0,1406.0,305.48979591836707,12312.7216796875,22.149999618530273,3.25,12925.677734375,19.21666717529297,3.4000000953674316,4.699999809265137,55.43333435058594,14928.3330078125,3547.6,0.7147856950759888,24.777618408203125,181.22857142857143,1441.1864013671875,1978.05712890625,-1.2034286260604858,944.4285714285714,0,476,1,0,0,41,9,68
0,169.0,0.060433294624090195,296.0,3.0,293.0,2001.0,306.6530612244895,17742.5,24.450000762939453,6.400000095367432,14519.5830078125,21.08333396911621,4.099999904632568,4.699999809265137,51.36666488647461,20260.166015625,3540.885714285714,0.7350237965583801,25.078927993774414,183.05714285714285,1436.25,1989.857177734375,-1.0219999551773071,946.4571428571429,1,476,1,0,0,21,14,83
0,223.0,0.0,296.0,3.0,293.0,3205.0,309.7959183673467,12865.3330078125,24.08333396911621,2.366666555404663,14283.9501953125,20.0,3.799999952316284,4.666666507720947,52.08333206176758,15621.5,3529.4285714285716,0.7629523873329163,25.30368995666504,183.65714285714284,1434.867919921875,1998.1142578125,-0.9348809719085693,952.9428571428572,1,476,1,0,0,31,8,93
0,240.0,0.9042189121246338,296.0,3.0,293.0,1100.0,312.89795918367315,12806.1669921875,24.066667556762695,3.6500000953674316,15449.81640625,20.53333282470703,4.0,4.400000095367432,47.13333511352539,17667.333984375,3555.6857142857143,0.7607380747795105,25.30821418762207,191.34285714285716,1451.793212890625,2022.199951171875,-0.5997619032859802,953.3428571428572,2,476,1,1,0,42,4,120
0,186.0,0.46978336572647095,296.0,3.0,293.0,1116.0,309.5714285714283,14872.3330078125,22.399999618530273,3.0166666507720947,13810.4501953125,18.96666717529297,3.0999999046325684,4.483333110809326,49.46666717529297,14691.0,3578.714285714286,0.7745952010154724,25.359405517578125,191.37142857142857,1453.7650146484375,2011.7427978515625,-0.6643095016479492,958.2571428571429,1,476,1,0,0,31,16,90
1,387.0,0.34663626551628113,296.0,3.0,293.0,2076.0,307.8775510204079,14828.6669921875,21.28333282470703,3.4166667461395264,14264.0166015625,19.91666603088379,3.0999999046325684,4.5,51.483333587646484,16049.6669921875,3588.6857142857143,0.7857618927955627,25.45273780822754,193.22857142857143,1454.365966796875,1999.3143310546875,-0.6756428480148315,959.4285714285714,1,476,1,0,0,42,8,184
0,210.0,0.1619156152009964,296.0,3.0,293.0,2057.0,306.89795918367327,15979.0,22.25,3.25,14253.5,19.683332443237305,3.4000000953674316,4.449999809265137,50.06666564941406,15126.0,3601.342857142857,0.7854762077331543,25.3266658782959,194.88571428571427,1457.4205322265625,1987.4571533203125,-0.6226190328598022,958.7428571428571,1,476,1,0,0,21,30,83
0,126.0,0.48460662364959717,296.0,3.0,293.0,1529.0,305.48979591836707,17746.166015625,22.399999618530273,4.166666507720947,16638.216796875,20.450000762939453,3.799999952316284,4.400000095367432,47.16666793823242,19545.5,3519.942857142857,0.7960952520370483,25.374523162841797,199.4,1459.478515625,1990.4857177734375,-0.5660476088523865,957.5428571428571,0,476,1,0,0,21,12,58
0,285.0,0.46864309906959534,296.0,3.0,293.0,1136.0,305.48979591836707,14860.6669921875,22.450000762939453,4.433333396911621,16852.0,20.450000762939453,4.099999904632568,4.383333206176758,45.91666793823242,18407.333984375,3507.6,0.7993571162223816,25.346309661865234,199.6,1459.9796142578125,1987.028564453125,-0.5396904945373535,957.8,0,476,1,0,0,31,12,128
0,197.0,0.9099201560020447,296.0,3.0,293.0,1097.0,301.8979591836732,11326.0,24.899999618530273,3.816666603088379,14625.0,23.100000381469727,4.699999809265137,4.349999904632568,40.75,19586.5,3411.342857142857,0.7838571667671204,24.896190643310547,199.42857142857142,1462.75244140625,1964.2857666015625,-0.41678571701049805,951.7714285714286,0,476,1,1,0,21,12,95
0,352.0,0.8620296716690063,296.0,3.0,293.0,2518.0,298.8979591836731,10851.0,25.71666717529297,3.7833333015441895,16764.43359375,25.266666412353516,4.800000190734863,4.449999809265137,37.86666488647461,21585.833984375,3378.1428571428573,0.7863809466362,24.89630889892578,202.25714285714287,1464.164306640625,1960.3714599609375,-0.38026192784309387,949.5428571428571,0,476,1,1,0,11,6,132
0,206.0,0.8871151804924011,296.0,3.0,293.0,1856.0,285.93877551020387,15036.1669921875,24.16666603088379,5.75,15929.783203125,22.733333587646484,4.300000190734863,4.383333206176758,47.21666717529297,20573.833984375,3153.4857142857145,0.8267857432365417,25.30666732788086,213.14285714285714,1469.499267578125,1922.028564453125,-0.08178570121526718,956.5142857142857,0,476,1,0,0,21,8,103
0,166.0,0.5267959237098694,296.0,3.0,293.0,4329.0,283.1020408163264,10510.0,26.299999237060547,6.666666507720947,15306.25,23.933332443237305,4.5,4.583333492279053,40.483333587646484,18963.0,3118.3142857142857,0.8243095278739929,25.034404754638672,209.05714285714285,1463.2821044921875,1941.142822265625,-0.02828570455312729,955.5714285714286,1,476,1,0,0,21,9,76
0,224.0,0.3500570058822632,296.0,3.0,293.0,6439.0,278.7142857142855,11390.27734375,24.427778244018555,3.0333333015441895,14600.439453125,20.255556106567383,3.633333206176758,4.666666507720947,43.733333587646484,17881.72265625,3023.8571428571427,0.8489047288894653,25.236665725708008,215.2,1475.9188232421875,1930.199951171875,0.10690475255250931,961.4285714285714,0,476,1,0,0,31,8,89
0,198.0,0.034207526594400406,296.0,3.0,293.0,4845.0,275.5714285714284,13749.0,27.850000381469727,4.383333206176758,16020.5,21.600000381469727,4.800000190734863,4.599999904632568,41.43333435058594,19468.333984375,2998.285714285714,0.8305714130401611,24.967023849487305,217.85714285714286,1473.385009765625,1930.4285888671875,0.11245235055685043,951.2571428571429,2,476,1,0,0,31,8,91
0,230.0,0.26795893907546997,296.0,3.0,293.0,2992.0,273.16326530612224,12561.8330078125,25.383333206176758,4.333333492279053,15346.0498046875,20.899999618530273,3.700000047683716,4.699999809265137,44.70000076293945,17848.666015625,2986.7714285714287,0.8462857007980347,25.132022857666016,218.31428571428572,1475.75439453125,1934.5999755859375,0.12466665357351303,957.7428571428571,1,476,1,0,0,31,13,101
0,214.0,0.5347776412963867,296.0,3.0,293.0,2396.0,268.9999999999999,13329.5,27.450000762939453,4.199999809265137,18799.6328125,25.78333282470703,5.400000095367432,4.400000095367432,37.0,27162.0,2992.0,0.8379047513008118,24.97249984741211,221.85714285714286,1468.5257568359375,1935.05712890625,0.3097380995750427,945.2285714285714,1,476,1,0,0,21,13,81
0,165.0,0.14481185376644135,296.0,3.0,293.0,5342.0,268.85714285714266,16211.0,29.200000762939453,4.7166666984558105,18265.150390625,24.53333282470703,4.400000095367432,4.433333396911621,37.83333206176758,24133.833984375,2992.3142857142857,0.8387619256973267,24.88892936706543,220.65714285714284,1468.93408203125,1944.7142333984375,0.2172619104385376,946.5714285714286,2,476,1,0,0,21,8,62
0,118.0,0.5381984114646912,296.0,3.0,293.0,8835.0,267.5918367346937,10870.6669921875,29.41666603088379,6.883333206176758,16903.533203125,24.983333587646484,5.599999904632568,4.483333110809326,38.21666717529297,22324.0,2961.2285714285713,0.8401666879653931,24.841190338134766,223.34285714285716,1469.1282958984375,1951.82861328125,0.08142860233783722,945.7428571428571,0,476,1,0,0,21,4,55
0,264.0,0.31356897950172424,296.0,3.0,293.0,5744.0,260.7959183673467,10150.3330078125,28.116666793823242,5.0333333015441895,14919.4501953125,21.266666412353516,4.199999809265137,4.683333396911621,44.11666488647461,18641.333984375,2896.9142857142856,0.8754761815071106,25.142738342285156,230.0857142857143,1482.7337646484375,1971.142822265625,-0.27023810148239136,961.0,3,476,1,0,0,31,13,114
0,194.0,0.6066134572029114,296.0,3.0,293.0,3902.0,259.5714285714283,12186.3330078125,28.549999237060547,2.5,16487.166015625,23.96666717529297,5.199999809265137,4.483333110809326,46.266666412353516,19800.666015625,2910.114285714286,0.9249285459518433,25.748689651489258,232.68571428571428,1485.058837890625,1961.17138671875,-0.3401666581630707,971.3428571428572,0,476,1,0,0,31,12,95
0,212.0,0.017103763297200203,296.0,3.0,293.0,2521.0,259.0204081632651,14886.3330078125,23.600000381469727,2.316666603088379,14962.5830078125,19.633333206176758,4.300000190734863,4.483333110809326,45.28333282470703,16060.3330078125,2854.7714285714287,0.932285726070404,25.83416748046875,237.85714285714286,1490.2034912109375,1958.8857421875,-0.7058333158493042,971.8285714285714,1,476,1,0,0,31,15,107
0,195.0,0.18700113892555237,296.0,3.0,293.0,2507.0,258.4693877551018,14184.0,21.016666412353516,3.3333332538604736,14756.2666015625,22.0,3.0,4.166666507720947,33.483333587646484,16421.333984375,2847.9142857142856,0.9333094954490662,25.875595092773438,237.97142857142856,1490.8486328125,1956.199951171875,-0.7933095097541809,972.6857142857143,0,476,1,0,0,21,23,74
0,201.0,0.08665906637907028,296.0,3.0,293.0,4420.0,256.6530612244896,11560.6669921875,27.049999237060547,2.5,15044.81640625,20.616666793823242,4.699999809265137,4.5333333015441895,49.61666488647461,17311.333984375,2832.6,0.9253095388412476,25.679643630981445,235.85714285714286,1485.5567626953125,1969.0,-0.8696666359901428,970.4285714285714,2,476,1,0,0,21,27,81
1,315.0,0.0,296.0,3.0,293.0,3094.0,253.71428571428555,11820.8330078125,28.183332443237305,1.2333333492279053,14739.1162109375,20.83333396911621,4.300000190734863,4.800000190734863,51.599998474121094,16614.5,2820.714285714286,0.9498571157455444,25.820833206176758,232.28571428571428,1488.872802734375,1991.3143310546875,-0.9727380871772766,983.9428571428572,1,476,1,0,0,31,21,142
0,234.0,0.18129988014698029,296.0,3.0,293.0,4563.0,251.1632653061222,12835.1669921875,22.149999618530273,3.299999952316284,17465.666015625,22.71666717529297,5.0,4.349999904632568,57.099998474121094,17388.0,2820.942857142857,0.949833333492279,25.89154624938965,236.28571428571428,1494.8414306640625,1971.028564453125,-1.0323333740234375,982.2571428571429,0,476,1,0,0,21,16,104
1,158.0,0.09236031770706177,296.0,3.0,293.0,3544.0,250.53061224489778,,,,,,,,,27244.0,2798.114285714286,0.9531904458999634,25.921428680419922,238.28571428571428,1484.486328125,1945.971435546875,-1.1814762353897095,976.9142857142857,0,476,1,0,0,31,5,75
1,251.0,0.5347776412963867,296.0,3.0,293.0,1303.0,248.8163265306121,18041.666015625,25.149999618530273,3.383333444595337,19537.19921875,22.96666717529297,4.800000190734863,4.183333396911621,58.33333206176758,20564.666015625,2796.5142857142855,0.9485238194465637,25.870237350463867,239.74285714285713,1486.975341796875,1937.3428955078125,-1.212238073348999,974.9714285714285,0,476,1,0,0,41,17,125
0,279.0,0.4253135621547699,296.0,3.0,293.0,7731.0,245.2040816326529,15418.3330078125,25.549999237060547,3.0,16012.9169921875,22.816667556762695,4.599999904632568,4.483333110809326,50.79999923706055,19190.0,2783.8,0.9641428589820862,25.86988067626953,243.4,1493.249267578125,1931.5714111328125,-1.353928565979004,979.9142857142857,1,476,1,0,0,11,1,158
0,267.0,0.1550741195678711,296.0,3.0,293.0,10944.0,241.0816326530611,15209.5,23.116666793823242,3.0166666507720947,16505.982421875,20.66666603088379,4.800000190734863,4.699999809265137,57.016666412353516,18349.5,2789.5142857142855,0.9737856984138489,25.923213958740234,243.28571428571428,1489.15771484375,1942.6285400390625,-1.402333378791809,982.2857142857143,0,476,1,0,0,41,8,104
0,209.0,0.24629418551921844,296.0,3.0,293.0,12845.0,239.18367346938763,14557.6669921875,26.883333206176758,4.4666666984558105,15896.400390625,22.683332443237305,5.300000190734863,4.583333492279053,48.86666488647461,21624.333984375,2816.1428571428573,0.9589047431945801,25.432619094848633,238.02857142857144,1498.068603515625,1974.857177734375,-1.559142827987671,987.1142857142858,2,476,1,0,0,41,4,94
0,163.0,0.2291904240846634,296.0,3.0,229.0,3145.0,240.18367346938763,14498.0,26.16666603088379,1.2333333492279053,18831.166015625,19.799999237060547,4.0,4.449999809265137,52.83333206176758,19722.0,2862.5142857142855,0.9575952291488647,25.453571319580078,236.94285714285715,1500.8299560546875,1990.0,-1.6679047346115112,992.4857142857143,3,481,1,0,0,21,3,77
0,167.0,0.09007981419563293,296.0,3.0,229.0,10658.0,240.18367346938763,16065.5,27.433332443237305,3.366666555404663,18953.966796875,22.983333587646484,5.900000095367432,5.050000190734863,49.06666564941406,23080.333984375,2858.9142857142856,0.9785952568054199,25.583452224731445,239.54285714285714,1500.8233642578125,1997.7142333984375,-1.8080952167510986,995.1714285714286,0,481,1,0,0,31,13,69
0,104.0,0.1356898546218872,296.0,3.0,229.0,6677.0,243.28571428571416,16260.3330078125,26.366666793823242,2.2166666984558105,19738.267578125,21.383333206176758,4.199999809265137,5.083333492279053,48.983333587646484,23458.0,2912.5142857142855,0.9898333549499512,25.634048461914062,233.0857142857143,1504.4068603515625,2031.2857666015625,-1.8240000009536743,1005.4857142857143,0,481,1,0,0,21,13,40
0,184.0,0.05131128802895546,296.0,3.0,229.0,2231.0,245.81632653061214,19039.5,27.866666793823242,1.9333332777023315,19316.982421875,21.03333282470703,4.400000095367432,5.0,48.516666412353516,22698.833984375,2897.0857142857144,0.9988333582878113,25.71666717529297,237.05714285714285,1501.67138671875,2028.05712890625,-1.937571406364441,1004.6,5,481,1,0,0,21,8,80
0,198.0,0.4675028622150421,296.0,3.0,229.0,1334.0,250.20408163265293,16662.5,29.100000381469727,1.7000000476837158,24194.1328125,22.600000381469727,5.199999809265137,4.75,42.06666564941406,24405.0,2910.3714285714286,0.9735952615737915,25.371309280395508,240.14285714285714,1492.0086669921875,2027.857177734375,-1.945285677909851,988.0857142857143,1,481,1,0,0,31,10,95
0,243.0,0.5062713623046875,296.0,3.0,293.0,1087.0,253.08163265306104,17263.333984375,28.41666603088379,3.200000047683716,22449.68359375,22.33333396911621,5.900000095367432,4.633333206176758,47.58333206176758,26496.0,2872.6285714285714,0.988261878490448,25.381309509277344,239.82857142857142,1491.048095703125,2049.571533203125,-2.069547653198242,992.5714285714286,1,481,1,0,0,31,21,97
0,228.0,0.6727480292320251,296.0,3.0,293.0,1709.0,253.73469387755082,17101.666015625,28.933332443237305,2.4833333492279053,22710.099609375,23.933332443237305,6.099999904632568,4.633333206176758,48.099998474121094,27213.333984375,2857.7428571428572,0.9986666440963745,25.499286651611328,241.5142857142857,1493.8070068359375,2056.914306640625,-2.108809471130371,996.1714285714286,1,481,1,0,0,21,24,89
0,247.0,0.0011402508243918419,296.0,3.0,229.0,4501.0,252.18367346938757,16486.0,30.25,4.2166666984558105,19648.44921875,21.549999237060547,4.800000190734863,4.7833333015441895,50.21666717529297,25558.5,2801.2285714285713,1.0431429147720337,25.783214569091797,244.0,1513.6387939453125,2086.485595703125,-2.2149524688720703,1017.8857142857142,1,481,1,0,0,31,6,93
0,87.0,0.06955530494451523,296.0,3.0,293.0,3025.0,247.9387755102039,15172.1669921875,32.650001525878906,3.0833332538604736,19405.349609375,24.46666717529297,4.699999809265137,4.833333492279053,42.96666717529297,26867.166015625,2801.2285714285713,1.0431429147720337,25.783214569091797,244.0,1513.6387939453125,2086.485595703125,-2.2149524688720703,1017.8857142857142,5,481,1,0,0,21,19,33
1,32.0,0.1425313502550125,267.0,4.0,229.0,5669.0,238.69387755102025,16568.166015625,27.316667556762695,2.5,19983.666015625,21.766666412353516,3.9000000953674316,4.766666889190674,50.25,24426.333984375,2641.7714285714287,1.149238109588623,26.696189880371094,237.4857142857143,1516.5279541015625,2130.314208984375,-2.6656665802001953,1057.3428571428572,1,481,1,0,0,41,12,14
0,171.0,0.19498290121555328,267.0,4.0,229.0,5003.0,231.55102040816308,16036.5,28.25,4.633333206176758,22341.25,25.983333587646484,6.400000095367432,4.849999904632568,42.56666564941406,27231.833984375,2603.6857142857143,1.1065475940704346,26.200714111328125,241.28571428571428,1511.1409912109375,2110.82861328125,-2.513333320617676,1037.5142857142857,0,481,1,0,0,31,13,68
0,132.0,0.5062713623046875,267.0,4.0,229.0,2857.0,227.02040816326516,17750.833984375,27.600000381469727,3.5166666507720947,21107.599609375,23.866666793823242,5.599999904632568,4.833333492279053,44.849998474121094,24054.833984375,2503.3142857142857,1.1025238037109375,26.10738182067871,245.5142857142857,1516.17724609375,2114.8857421875,-2.616642951965332,1036.8,1,481,1,0,0,41,24,63
0,186.0,0.0741163045167923,267.0,4.0,229.0,3079.0,222.2244897959182,15097.5,31.883333206176758,1.7000000476837158,19223.25,23.66666603088379,5.5,4.883333206176758,42.75,24038.0,2379.2285714285713,1.113976240158081,25.994403839111328,249.74285714285713,1510.793701171875,2117.60009765625,-2.4655001163482666,1033.4,2,481,1,0,0,31,3,67
0,213.0,0.07297605276107788,267.0,4.0,229.0,1993.0,218.5102040816325,15744.0,26.700000762939453,2.3333332538604736,15920.93359375,22.66666603088379,4.800000190734863,4.7166666984558105,46.11666488647461,22094.666015625,2300.8571428571427,1.1596428155899048,26.43857192993164,254.88571428571427,1511.2373046875,2132.800048828125,-3.0182619094848633,1039.4,0,481,1,0,0,41,13,90
0,256.0,0.17787913978099823,267.0,4.0,229.0,1572.0,213.38775510204064,12454.0,27.116666793823242,0.5333333611488342,15588.6337890625,21.116666793823242,4.599999904632568,4.733333110809326,48.54999923706055,20025.166015625,2174.714285714286,1.1748332977294922,26.47547721862793,264.1714285714286,1517.8450927734375,2111.228515625,-2.739166736602783,1041.2285714285715,1,481,1,0,0,31,31,92
0,189.0,0.24059292674064636,267.0,4.0,229.0,5096.0,213.38775510204064,14719.6669921875,26.16666603088379,0.8833333253860474,15563.716796875,21.633333206176758,5.199999809265137,4.766666889190674,49.96666717529297,21006.166015625,2133.2571428571428,1.198380947113037,26.607261657714844,266.62857142857143,1522.4412841796875,2113.485595703125,-2.741119146347046,1050.3428571428572,0,481,1,0,0,21,11,69
0,192.0,0.2440136820077896,267.0,4.0,229.0,7504.0,208.75510204081615,13028.5,31.049999237060547,4.066666603088379,16475.900390625,23.049999237060547,4.5,4.733333110809326,46.91666793823242,23272.166015625,2116.4,1.1960713863372803,26.421667098999023,266.8285714285714,1525.82275390625,2118.028564453125,-2.726119041442871,1047.5428571428572,0,481,1,0,0,31,10,81
0,187.0,0.718358039855957,267.0,4.0,229.0,3936.0,205.489795918437,14436.5,30.58333396911621,1.861111044883728,17496.439453125,23.922222137451172,4.933333396911621,4.794444561004639,41.96111297607422,22306.111328125,2095.2,1.207809567451477,26.475000381469727,271.54285714285714,1523.936767578125,2104.6572265625,-3.2063333988189697,1049.0857142857142,1,481,1,0,0,41,19,73
0,121.0,0.47548460960388184,267.0,4.0,229.0,4754.0,202.36734693877528,14893.1669921875,31.933332443237305,2.200000047683716,16515.466796875,21.933332443237305,4.400000095367432,4.733333110809326,45.766666412353516,22520.166015625,2081.114285714286,1.2127143144607544,26.55023765563965,273.2857142857143,1522.0406494140625,2094.771484375,-2.752833366394043,1045.4571428571428,0,481,1,0,0,31,16,43
0,102.0,0.29532498121261597,267.0,4.0,293.0,11265.0,207.8163265306121,12515.8330078125,28.183332443237305,1.2999999523162842,16233.31640625,22.21666717529297,4.199999809265137,4.633333206176758,47.83333206176758,21290.166015625,2079.2571428571428,1.2431905269622803,26.80047607421875,273.9428571428571,1525.895751953125,2106.17138671875,-3.1148808002471924,1057.9142857142858,4,476,1,0,0,21,9,37
1,38.0,0.07069555670022964,267.0,4.0,293.0,4641.0,210.28571428571414,12768.1669921875,27.183332443237305,1.0499999523162842,17978.267578125,21.383333206176758,3.9000000953674316,4.683333396911621,51.70000076293945,22417.166015625,2043.142857142857,1.2701904773712158,26.94869041442871,287.1142857142857,1522.29736328125,2089.6572265625,-2.8192617893218994,1049.2,0,476,1,0,0,42,17,13
1,219.0,0.04446978494524956,267.0,4.0,293.0,11686.0,209.9183673469385,13324.3330078125,25.16666603088379,3.5333333015441895,15874.56640625,22.433332443237305,4.699999809265137,4.650000095367432,50.70000076293945,37818.5,1939.4,1.2650238275527954,26.98369026184082,304.14285714285717,1524.6202392578125,2048.514404296875,-2.052309513092041,1029.6571428571428,0,476,1,0,0,34,6,96
0,125.0,0.08437856286764145,267.0,4.0,293.0,4944.0,212.65306122448956,11143.07421875,27.714815139770508,1.0685185194015503,17716.875,21.58333396911621,3.788888931274414,4.699999809265137,51.23518753051758,21911.591796875,1940.057142857143,1.2708570957183838,26.92547607421875,310.2,1533.9478759765625,2068.82861328125,-2.1675238609313965,1033.6,2,476,1,0,0,31,20,45
1,220.0,0.02166476659476757,267.0,4.0,293.0,3810.0,216.12244897959155,13046.3330078125,26.25,1.0499999523162842,15587.7001953125,22.25,3.9000000953674316,4.583333492279053,51.983333587646484,18543.0,1938.6,1.274047613143921,26.985713958740234,318.0285714285714,1528.6204833984375,2045.82861328125,-2.2952141761779785,1023.6857142857143,1,476,1,0,0,34,27,78
0,185.0,0.08209805935621262,267.0,4.0,293.0,6857.0,217.55102040816297,14345.8330078125,25.53333282470703,0.8833333253860474,16178.849609375,21.549999237060547,4.400000095367432,4.650000095367432,47.66666793823242,22816.833984375,1883.6285714285714,1.2767380475997925,27.015596389770508,319.45714285714286,1529.668212890625,2066.228515625,-2.06083345413208,1024.057142857143,4,476,1,0,0,42,5,69
0,112.0,0.020524514839053154,267.0,4.0,293.0,12025.0,216.12244897959155,13623.0,25.483333587646484,0.5666666626930237,15883.650390625,21.5,4.400000095367432,4.683333396911621,52.349998474121094,19935.0,1868.0857142857142,1.2951667308807373,27.011428833007812,321.25714285714287,1531.3914794921875,2100.028564453125,-1.995976209640503,1031.3428571428572,2,476,1,0,0,21,25,40
1,175.0,0.0,267.0,4.0,293.0,16887.0,213.63265306122423,12819.0,25.649999618530273,0.550000011920929,16089.466796875,22.450000762939453,4.5,4.550000190734863,51.21666717529297,18430.333984375,1921.8,1.3026666641235352,27.133928298950195,318.8857142857143,1530.61767578125,2109.800048828125,-2.225952386856079,1034.1714285714286,4,476,1,0,0,34,19,62
0,101.0,0.0,267.0,4.0,293.0,27593.0,203.7346938775507,13440.888671875,29.5,0.4333333373069763,17192.599609375,21.66666603088379,4.066666603088379,4.833333492279053,45.63333511352539,23095.16796875,1950.6857142857143,1.2849047183990479,26.924880981445312,317.9142857142857,1531.3424072265625,2138.142822265625,-1.923619031906128,1032.9714285714285,3,476,1,0,0,21,20,33
0,161.0,0.6077536940574646,267.0,4.0,293.0,32767.0,197.06122448979562,12425.888671875,25.205554962158203,1.3833333253860474,15663.27734375,22.927778244018555,4.633333206176758,4.644444465637207,43.655555725097656,21195.443359375,2002.8857142857144,1.2636666297912598,26.87821388244629,319.74285714285713,1528.5709228515625,2124.60009765625,-1.95121431350708,1023.5142857142857,1,476,1,0,0,31,6,70
0,8.0,0.0,267.0,4.0,293.0,32767.0,191.75510204081607,14584.8330078125,28.866666793823242,0.800000011920929,18353.732421875,22.450000762939453,4.5,4.7833333015441895,46.63333511352539,25417.833984375,2036.857142857143,1.2649524211883545,26.88678550720215,314.62857142857143,1527.2333984375,2143.314208984375,-1.941190481185913,1029.2857142857142,0,476,1,0,0,41,13,4
0,158.0,0.010262257419526577,267.0,4.0,293.0,32767.0,187.59183673469366,12163.3330078125,29.761112213134766,3.194444417953491,16436.994140625,22.700000762939453,4.133333206176758,4.738888740539551,42.61666488647461,24847.72265625,2088.1428571428573,1.2545475959777832,26.763809204101562,316.0285714285714,1533.4041748046875,2140.199951171875,-1.67721426486969,1029.9142857142858,0,476,1,0,0,21,10,52
0,79.0,0.0,267.0,4.0,293.0,24105.0,185.77551020408146,13096.6669921875,28.600000381469727,0.9833333492279053,18513.19921875,21.28333282470703,4.5,4.833333492279053,45.08333206176758,23745.333984375,2153.5714285714284,1.2559762001037598,26.77511978149414,312.25714285714287,1534.9940185546875,2151.71435546875,-1.6617143154144287,1035.1142857142856,1,476,1,0,0,31,17,28
0,160.0,0.0809578076004982,267.0,4.0,293.0,10098.0,184.93877551020395,13237.0,28.46666717529297,0.36666667461395264,15988.0498046875,22.733333587646484,4.800000190734863,4.7833333015441895,47.5,21262.0,2323.5714285714284,1.266357183456421,26.931549072265625,301.37142857142857,1529.556884765625,2169.914306640625,-1.8895952701568604,1046.5714285714287,1,476,1,0,0,31,11,55
1,166.0,0.14481185376644135,267.0,4.0,293.0,9463.0,184.93877551020395,13433.0,26.91666603088379,0.8500000238418579,15906.9501953125,22.08333396911621,4.800000190734863,4.75,47.31666564941406,23152.0,2323.5714285714284,1.266357183456421,26.931549072265625,301.37142857142857,1529.556884765625,2169.914306640625,-1.8895952701568604,1046.5714285714287,3,476,1,0,0,31,4,73
1,194.34325563047267,0.0,267.0,4.0,293.0,7698.0,186.18367346938763,12807.6669921875,29.633333206176758,0.21666666865348816,18433.982421875,22.366666793823242,4.199999809265137,4.883333206176758,44.33333206176758,36687.5,2526.542857142857,1.232785701751709,26.819761276245117,295.25714285714287,1538.5113525390625,2163.514404296875,-1.8917618989944458,1048.5714285714287,2,476,1,0,0,34,3,65
1,224.81305695167106,0.06157354637980461,267.0,4.0,293.0,6111.0,186.63265306122437,11566.0,27.299999237060547,0.6499999761581421,15983.466796875,21.933332443237305,4.300000190734863,4.683333396911621,46.483333587646484,21319.333984375,2584.2,1.2200714349746704,26.729761123657227,290.9428571428571,1541.7774658203125,2171.199951171875,-1.895738124847412,1051.3714285714286,0,476,1,0,0,31,35,73
1,175.0,0.0011402508243918419,267.0,4.0,293.0,5150.0,187.14285714285703,12041.6669921875,26.200000762939453,1.2333333492279053,17790.666015625,22.183332443237305,4.5,4.849999904632568,45.95000076293945,22121.666015625,2755.0285714285715,1.2152142524719238,26.688213348388672,281.1714285714286,1542.97119140625,2190.228515625,-1.918928623199463,1060.3142857142857,0,476,1,0,0,41,35,56
1,143.0,0.07297605276107788,267.0,4.0,293.0,5957.0,185.79591836734681,11915.6669921875,26.383333206176758,2.3333332538604736,18853.30078125,23.883333206176758,4.699999809265137,4.800000190734863,43.29999923706055,23465.333984375,2824.8285714285716,1.2075238227844238,26.6488094329834,272.8285714285714,1534.9366455078125,2204.914306640625,-1.8735238313674927,1062.0,5,476,1,0,0,31,9,45
0,63.0,0.31470924615859985,267.0,4.0,293.0,7930.0,182.73469387755088,12879.0,29.616666793823242,3.049999952316284,21123.06640625,26.25,5.599999904632568,4.983333110809326,38.266666412353516,25395.0,2845.2285714285713,1.1727380752563477,26.229522705078125,271.1142857142857,1530.8978271484375,2214.142822265625,-1.8842142820358276,1052.942857142857,5,476,1,0,0,31,12,26
0,,0.02166476659476757,267.0,4.0,229.0,9893.0,183.93877551020393,13863.1669921875,31.21666717529297,1.600000023841858,21293.75,26.0,5.400000095367432,4.900000095367432,36.233333587646484,27544.833984375,2879.9714285714285,1.1568095684051514,26.210357666015625,272.2,1534.7821044921875,2222.857177734375,-1.91009521484375,1049.7714285714285,6,481,1,0,0,21,4,
0,120.0,0.4994298815727234,267.0,4.0,229.0,10921.0,184.5714285714284,12536.3330078125,30.28333282470703,1.0499999523162842,17548.099609375,24.0,5.5,4.699999809265137,32.0,25024.833984375,2968.7428571428572,1.1106904745101929,25.728809356689453,267.0571428571429,1541.9200439453125,2251.971435546875,-1.6202380657196045,1048.1142857142856,4,481,1,0,0,41,15,38
0,152.0,0.2964652180671692,267.0,4.0,229.0,9932.0,183.69387755102025,15036.111328125,27.91111183166504,1.244444489479065,19748.056640625,25.988887786865234,6.133333206176758,4.733333110809326,32.28888702392578,28905.666015625,3020.019047619011,1.1148968935012817,25.82107162475586,267.790476190473,1545.040283203125,2250.276123046875,-1.2480080127716064,1052.4095238095051,1,481,1,0,0,21,19,53
0,77.0,0.02964652143418789,267.0,4.0,229.0,1750.0,187.20408163265293,17995.0,27.866666793823242,1.600000023841858,24167.166015625,22.983333587646484,6.099999904632568,5.099999904632568,36.33333206176758,25296.0,2976.9142857142856,1.0971190929412842,25.818927764892578,270.0,1547.7626953125,2251.05712890625,-1.01371431350708,1043.5142857142857,3,481,1,0,0,41,5,25
0,151.0,0.027366019785404205,267.0,4.0,229.0,2579.0,185.0816326530611,14006.0,24.766666412353516,3.5999999046325684,19442.900390625,22.75,5.400000095367432,4.699999809265137,37.733333587646484,27990.0,3103.0,1.107690453529358,26.149404525756836,270.22857142857146,1554.9366455078125,2240.485595703125,-0.6261667013168335,1052.8285714285714,2,481,1,0,0,31,23,52
0,207.0,0.3580387830734253,267.0,4.0,229.0,1276.0,188.32653061224474,14651.5,27.116666793823242,3.0833332538604736,19949.55078125,24.21666717529297,5.699999809265137,4.650000095367432,38.81666564941406,30681.833984375,3103.0,1.107690453529358,26.149404525756836,270.22857142857146,1554.9366455078125,2240.485595703125,-0.6261667013168335,1052.8285714285714,2,481,1,0,0,11,2,67
0,203.0,0.4583808481693268,267.0,4.0,283.0,2170.0,192.46938775510188,15691.0,23.75,3.1666667461395264,15777.599609375,22.75,5.300000190734863,5.0,40.016666412353516,24509.833984375,3222.3142857142857,1.0938094854354858,26.136308670043945,267.1714285714286,1554.177490234375,2257.0,-0.3597381114959717,1052.5142857142857,1,507,1,0,0,31,14,70
0,192.0,0.6727480292320251,267.0,4.0,283.0,1645.0,188.0612244897958,15376.5,26.96666717529297,2.2166666984558105,20617.5,23.96666717529297,5.800000190734863,4.699999809265137,40.78333282470703,30940.0,3304.4,1.0872857570648193,26.08892822265625,263.25714285714287,1556.4178466796875,2261.800048828125,-0.25511905550956726,1055.6285714285714,2,507,1,0,0,31,30,74
0,81.0,0.013683009892702103,267.0,4.0,283.0,3382.0,187.22448979591826,12858.5,25.700000762939453,0.5,16662.30078125,23.28333282470703,5.800000190734863,5.099999904632568,42.53333282470703,22658.5,3417.4857142857145,1.1228095293045044,26.30071449279785,249.6,1532.2796630859375,2308.485595703125,-0.29538097977638245,1066.0285714285715,2,507,1,0,0,31,34,32
0,,0.022805016487836838,267.0,4.0,283.0,2321.0,190.38775510204067,12739.5,25.96666717529297,1.7166666984558105,14643.400390625,22.08333396911621,6.0,5.449999809265137,41.04999923706055,23263.0,3486.057142857143,1.0913333892822266,26.19631004333496,252.97142857142856,1559.01513671875,2274.142822265625,-0.4079523980617523,1068.057142857143,3,481,1,0,0,31,8,
0,52.0,0.30672746896743774,267.0,4.0,229.0,1192.0,181.87755102040802,16591.0,23.0,1.9166666269302368,15892.849609375,23.41666603088379,5.699999809265137,4.650000095367432,41.016666412353516,22908.5,2928.342857142857,1.0553570985794067,26.3026180267334,250.85714285714286,1557.77587890625,2151.228515625,-0.3124285638332367,1060.6571428571428,2,481,1,1,0,31,5,18
0,168.46069161112155,0.019384264945983887,267.0,4.0,229.0,3249.0,181.91836734693868,14426.0,26.383333206176758,3.3499999046325684,15359.900390625,23.516666412353516,5.300000190734863,4.900000095367432,43.61666488647461,23312.0,2796.2285714285713,1.0597143173217773,26.337738037109375,252.97142857142856,1564.72900390625,2127.628662109375,-0.3779761791229248,1062.2,1,481,1,0,0,34,28,62
0,95.0,0.027366019785404205,267.0,4.0,229.0,3604.0,183.673469387755,11884.4443359375,25.78333282470703,1.7055555582046509,14989.25,22.466665267944336,4.9666666984558105,4.7166666984558105,44.39444351196289,20928.666015625,2688.7047619050695,1.0674207210540771,26.381746292114258,261.14285714282204,1564.891845703125,2107.123779296875,-0.3855396807193756,1056.4380952381246,1,481,1,0,0,34,7,35
0,117.0,0.4036487936973572,267.0,4.0,229.0,1048.0,185.36734693877543,12379.0,23.116666793823242,2.5833332538604736,15902.3662109375,23.100000381469727,5.199999809265137,4.75,47.36666488647461,21722.166015625,2561.0285714285715,1.0499285459518433,26.29357147216797,276.1714285714286,1566.4390869140625,2067.857177734375,-0.38395237922668457,1038.5714285714287,3,481,1,0,0,31,19,37
0,48.0,0.0,267.0,4.0,229.0,2699.0,185.57142857142847,11004.6669921875,23.700000762939453,1.2999999523162842,15150.75,21.983333587646484,5.599999904632568,4.916666507720947,46.0,20435.333984375,2561.0285714285715,1.0499285459518433,26.29357147216797,276.1714285714286,1566.4390869140625,2067.857177734375,-0.38395237922668457,1038.5714285714287,1,481,1,0,0,34,6,16
1,64.0,0.0,267.0,4.0,229.0,7920.0,184.77551020408148,10887.3330078125,24.200000762939453,1.7000000476837158,13521.650390625,23.200000762939453,5.400000095367432,5.099999904632568,46.45000076293945,22118.166015625,2527.2285714285713,1.0588809251785278,26.457977294921875,285.74285714285713,1565.7900390625,2042.05712890625,-0.33916667103767395,1032.142857142857,1,481,1,0,0,34,33,21
1,141.0,0.15165336430072784,267.0,4.0,229.0,3357.0,185.65306122448968,11684.3330078125,23.649999618530273,5.133333206176758,16338.5830078125,24.399999618530273,6.099999904632568,4.7833333015441895,47.54999923706055,19973.166015625,2411.342857142857,1.0455714464187622,26.45464324951172,308.6,1584.265380859375,1985.800048828125,-0.2898571491241455,1016.3142857142857,2,481,1,0,0,24,31,49
0,78.0,0.4070695638656616,267.0,4.0,229.0,2373.0,184.08163265306112,11960.8330078125,23.016666412353516,3.5833332538604736,14261.25,22.33333396911621,5.5,4.5333333015441895,49.900001525878906,20390.0,2410.6285714285714,1.048547625541687,26.43857192993164,307.0285714285714,1568.4814453125,1996.6856689453125,-0.2801666557788849,1008.8285714285714,2,481,1,0,0,21,4,24
0,29.0,0.34093499183654785,267.0,4.0,229.0,7134.0,178.59183673469371,10562.6669921875,22.866666793823242,4.650000095367432,14743.0166015625,21.96666717529297,5.599999904632568,4.75,52.41666793823242,20714.166015625,2417.5142857142855,1.0533095598220825,26.573570251464844,316.14285714285717,1584.7418212890625,1960.6285400390625,-0.2888333201408386,1011.3428571428572,1,481,1,0,0,21,4,9
1,,0.0,267.0,4.0,229.0,6564.0,175.65306122448968,11657.5,22.350000381469727,3.933333396911621,14876.2890625,26.46666717529297,5.900000095367432,4.9666666984558105,50.75,26924.5546875,2342.2,1.0510714054107666,26.59345245361328,320.0,1578.424072265625,1936.0,-0.2745238244533539,1004.0,2,481,1,0,0,34,11,
0,142.0,0.32041049003601074,267.0,4.0,229.0,6754.0,170.7755102040815,12614.4443359375,20.850000381469727,5.333333492279053,15156.01171875,23.03333282470703,5.900000095367432,4.683333396911621,53.099998474121094,20136.111328125,2298.4857142857145,1.0417381525039673,26.478927612304688,324.65714285714284,1580.00537109375,1924.6571044921875,-0.28292855620384216,998.7714285714286,2,481,1,0,0,31,23,53
0,169.0,0.0,267.0,4.0,229.0,5658.0,166.10204081632637,11436.0,26.850000381469727,1.5499999523162842,17114.30078125,22.200000762939453,5.5,4.800000190734863,49.599998474121094,24125.333984375,2303.942857142857,1.0375475883483887,26.50928497314453,320.4,1572.0531005859375,1922.1142578125,-0.2804524004459381,997.6571428571428,0,481,1,0,0,34,8,62
0,79.0,0.0,267.0,4.0,229.0,3949.0,164.2040816326529,12043.5,22.100000381469727,5.599999904632568,14982.5498046875,21.91666603088379,5.5,5.0,53.04999923706055,21107.5,2199.0285714285715,1.0195714235305786,26.347856521606445,334.22857142857146,1590.9244384765625,1888.82861328125,-0.28678572177886963,988.8857142857142,3,481,1,0,0,34,5,29
0,87.0,0.03876852989196777,267.0,4.0,229.0,9323.0,160.63265306122435,11144.8330078125,23.96666717529297,1.649999976158142,14435.75,23.200000762939453,5.599999904632568,4.900000095367432,50.71666717529297,22751.166015625,2149.6,1.0360952615737915,26.460357666015625,335.45714285714286,1574.834228515625,1888.6285400390625,-0.3179047703742981,987.2571428571429,0,481,1,0,0,34,3,33
1,107.0,0.0011402508243918419,267.0,4.0,229.0,19598.0,157.02040816326516,12644.833984375,20.86111068725586,4.222222328186035,15129.4169921875,23.844444274902344,6.166666507720947,4.9666666984558105,51.66666793823242,23070.77734375,2141.28571428583,1.0220555067062378,26.43754005432129,339.2761904761759,1575.2672119140625,1868.9619140625,-0.35500794649124146,979.923809523825,2,481,1,0,0,41,7,43
0,128.0,0.0,267.0,4.0,229.0,17273.0,156.04081632653052,12050.3330078125,24.33333396911621,3.8499999046325684,14968.400390625,23.366666793823242,6.099999904632568,4.900000095367432,53.06666564941406,22355.833984375,2053.285714285714,1.027571439743042,26.493215560913086,343.9428571428571,1568.894775390625,1863.199951171875,-0.36502382159233093,974.6571428571428,4,481,1,0,0,34,14,50
1,108.0,0.18472063541412354,267.0,4.0,229.0,12665.0,154.28571428571416,11112.1669921875,21.83333396911621,2.6666667461395264,16396.6328125,21.950000762939453,5.699999809265137,4.883333206176758,56.95000076293945,23573.166015625,2082.7428571428572,1.0048809051513672,26.255714416503906,345.54285714285714,1573.6619873046875,1845.4000244140625,-0.3820476233959198,972.7142857142857,4,481,1,0,0,31,8,37
0,95.0,0.06499429792165756,267.0,4.0,191.0,13299.0,152.87755102040802,13435.1669921875,20.116666793823242,3.7333333492279053,16660.216796875,21.58333396911621,5.5,5.099999904632568,59.849998474121094,23300.666015625,2109.542857142857,1.0235713720321655,26.6059513092041,350.0285714285714,1577.615966796875,1812.2857666015625,-0.36852380633354187,974.1714285714286,7,567,1,0,0,31,6,35
0,111.0,0.05359179154038429,267.0,4.0,191.0,9522.0,151.51020408163254,13655.3330078125,19.316667556762695,2.5833332538604736,16874.333984375,21.75,5.900000095367432,5.300000190734863,58.16666793823242,25150.666015625,2190.1714285714284,1.0328094959259033,26.747499465942383,347.54285714285714,1579.160888671875,1805.5142822265625,-0.4420238137245178,979.0571428571428,6,567,1,0,0,11,5,43
0,121.0,0.5530216693878174,267.0,4.0,191.0,12172.0,149.9999999999999,12980.5,19.116666793823242,4.400000095367432,16669.30078125,28.83333396911621,6.0,4.800000190734863,60.400001525878906,29633.0,2179.2285714285713,1.0355000495910645,26.75857162475586,350.25714285714287,1584.481689453125,1792.6856689453125,-0.43395236134529114,980.6571428571428,2,567,1,0,0,11,7,46
0,109.0,0.46180158853530884,267.0,4.0,191.0,11182.0,149.9999999999999,11919.1669921875,19.91666603088379,3.0166666507720947,15612.5830078125,24.633333206176758,5.699999809265137,4.800000190734863,63.016666412353516,31969.333984375,2197.285714285714,1.0359286069869995,26.79464340209961,350.2857142857143,1583.433837890625,1787.914306640625,-0.4541666805744171,979.2857142857143,4,567,1,0,0,11,9,37
0,82.0,0.4321550726890564,267.0,4.0,191.0,1144.0,149.57142857142847,15386.0,21.21666717529297,3.433333396911621,15338.650390625,23.83333396911621,6.099999904632568,4.800000190734863,54.83333206176758,23635.5,2246.6285714285714,1.0393095016479492,26.883333206176758,350.4,1587.81494140625,1770.7142333984375,-0.4814285635948181,982.9714285714285,5,567,1,0,0,34,19,28
0,153.23679887157815,0.08323831111192703,267.0,4.0,191.0,8017.0,147.73469387755097,12273.3330078125,21.649999618530273,1.899999976158142,15411.7333984375,22.649999618530273,5.5,4.75,60.53333282470703,23140.0,2217.7714285714287,1.0285238027572632,26.865358352661133,349.54285714285714,1584.7825927734375,1768.8857421875,-0.5059047341346741,979.2571428571429,1,567,1,0,0,34,19,55
0,90.0,0.045610032975673676,267.0,4.0,191.0,2313.0,147.29166666666657,10564.6669921875,21.41666603088379,4.483333110809326,15117.68359375,22.71666717529297,5.900000095367432,4.900000095367432,55.95000076293945,21558.666015625,2116.1714285714284,0.9831904768943787,26.57499885559082,370.0857142857143,1621.9329833984375,1730.5999755859375,-0.5521904826164246,965.3428571428572,1,567,1,0,0,41,12,37
0,90.0,0.9441276788711548,296.0,3.0,313.0,1059.0,296.34693877550995,15177.0,30.866666793823242,4.75,22251.93359375,23.816667556762695,3.9000000953674316,5.083333492279053,23.950000762939453,17680.333984375,2246.2571428571428,0.7721190452575684,24.861547470092773,121.34285714285714,1401.4150390625,1767.3143310546875,0.17242859303951263,972.1714285714286,0,505,1,0,0,42,9,42
0,223.0,0.8323830962181091,296.0,3.0,313.0,1288.0,296.1020408163263,14092.5,27.700000762939453,3.066666603088379,21360.650390625,22.200000762939453,3.799999952316284,5.150000095367432,22.983333587646484,17882.0,2413.2571428571428,0.7592619061470032,24.9377384185791,127.05714285714286,1395.7066650390625,1727.5428466796875,0.27973809838294983,960.9142857142857,0,505,1,1,0,21,15,114
0,297.0,0.6533637642860413,296.0,3.0,313.0,1127.0,297.38775510204056,14932.0,27.0,6.25,16919.349609375,22.5,4.199999809265137,5.099999904632568,20.899999618530273,17719.333984375,2459.885714285714,0.7661428451538086,24.972023010253906,130.0,1394.186279296875,1701.971435546875,0.28497618436813354,959.2857142857143,0,505,1,0,0,21,33,126
0,296.0,0.2360319197177887,296.0,3.0,313.0,1824.0,297.38775510204056,11951.6669921875,26.350000381469727,5.7166666984558105,19466.833984375,21.649999618530273,3.799999952316284,5.050000190734863,19.649999618530273,19017.666015625,2504.5714285714284,0.7608095407485962,24.970714569091797,130.31428571428572,1394.4515380859375,1705.5142822265625,0.3024999797344208,958.4,0,505,1,0,0,21,33,149
0,332.0,0.8437856435775757,296.0,3.0,313.0,1158.0,294.8979591836733,12615.1669921875,29.183332443237305,4.116666793823242,18184.56640625,21.233333587646484,3.5999999046325684,5.0,23.100000381469727,15689.1669921875,2606.714285714286,0.753261923789978,24.996904373168945,131.42857142857142,1393.1502685546875,1703.771484375,0.43176189064979553,955.6571428571428,0,505,1,0,0,31,18,142
0,212.0,0.8472064137458801,296.0,3.0,313.0,1037.0,299.30612244897935,12785.5,28.649999618530273,2.7166666984558105,14638.716796875,20.16666603088379,3.4000000953674316,5.150000095367432,29.33333396911621,14693.6669921875,2675.2,0.7500238418579102,24.890953063964844,137.0857142857143,1403.3857421875,1683.2857666015625,0.4796428382396698,959.2285714285714,1,505,1,0,1,21,29,107
0,223.0,0.9578106999397278,296.0,3.0,313.0,1069.0,299.7959183673467,13150.0,29.83333396911621,6.833333492279053,15304.599609375,21.049999237060547,3.5999999046325684,5.383333206176758,30.66666603088379,16564.0,2665.0,0.7530714273452759,24.85761833190918,139.11428571428573,1404.1407470703125,1671.2572021484375,0.4557380974292755,958.3714285714286,0,505,1,0,1,21,21,112
0,267.0,0.42075255513191223,296.0,3.0,313.0,1383.0,299.26530612244875,12264.8330078125,24.633333206176758,3.5333333015441895,15320.1162109375,21.21666717529297,3.4000000953674316,5.199999809265137,33.0,18198.833984375,2743.714285714286,0.7435238361358643,24.85714340209961,135.68571428571428,1397.1375732421875,1682.3143310546875,0.5312618613243103,956.4857142857143,0,505,1,0,1,21,15,135
0,306.0,0.892816424369812,296.0,3.0,313.0,1038.0,297.22448979591826,11584.0,25.08333396911621,5.0333333015441895,15386.93359375,20.950000762939453,3.200000047683716,5.300000190734863,28.116666793823242,13246.6669921875,2822.6,0.7341904640197754,24.807737350463867,132.74285714285713,1398.757080078125,1702.7142333984375,0.6067143082618713,956.2857142857143,1,505,1,0,1,42,26,154
0,187.58368221755205,0.6009122133255005,296.0,3.0,313.0,1867.0,299.1224489795916,13962.3330078125,24.561111450195312,4.916666507720947,14837.421875,21.127777099609375,3.4000000953674316,5.199999809265137,35.97222137451172,14883.0,2828.542857142857,0.7406190633773804,24.860595703125,135.28571428571428,1397.915771484375,1692.4857177734375,0.6139047741889954,956.5428571428571,4,505,1,0,1,31,21,91
0,110.0,0.7411630749702454,296.0,3.0,313.0,1074.0,297.59183673469374,11280.6669921875,24.58333396911621,3.549999952316284,13820.2666015625,20.66666603088379,3.299999952316284,5.099999904632568,40.56666564941406,14489.0,2878.9714285714285,0.7363333106040955,24.923213958740234,132.97142857142856,1398.5184326171875,1706.4571533203125,0.6558095216751099,958.8285714285714,2,505,1,0,1,42,10,55
0,217.0,0.9281641840934753,296.0,3.0,313.0,1155.0,297.81632653061206,13191.3330078125,27.78333282470703,8.050000190734863,17084.099609375,22.549999237060547,4.300000190734863,5.300000190734863,34.983333587646484,16154.3330078125,2937.4857142857145,0.7362619042396545,24.890953063964844,133.88571428571427,1400.747802734375,1707.085693359375,0.6735714077949524,960.0285714285715,0,505,1,0,1,21,21,109
0,149.0,0.8950968980789185,296.0,3.0,313.0,1087.0,295.91836734693857,12450.0,22.016666412353516,5.166666507720947,16474.30078125,20.850000381469727,3.4000000953674316,4.900000095367432,44.53333282470703,14181.0,2923.6857142857143,0.7500952482223511,24.98476219177246,137.37142857142857,1399.3521728515625,1702.771484375,0.6709523797035217,960.8857142857142,0,505,1,0,1,21,27,74
0,105.0,0.7115165591239929,296.0,3.0,313.0,1173.0,294.20408163265284,14469.1669921875,21.799999237060547,4.400000095367432,13812.0,19.816667556762695,3.5999999046325684,4.900000095367432,42.04999923706055,13396.5,2922.6,0.751880943775177,25.061784744262695,136.62857142857143,1399.6866455078125,1708.085693359375,0.664976179599762,964.0285714285715,1,505,1,0,1,42,8,52
0,57.0,0.8061573505401611,296.0,3.0,313.0,1302.0,289.69387755102025,11716.3330078125,24.96666717529297,6.400000095367432,13791.5166015625,21.049999237060547,3.700000047683716,4.949999809265137,38.400001525878906,14871.6669921875,2923.7714285714287,0.7281428575515747,24.975357055664062,130.4,1392.055419921875,1735.3143310546875,0.6420000195503235,960.5714285714286,0,505,1,0,1,21,20,29
0,337.0,0.6476624608039856,296.0,3.0,313.0,1585.0,286.14285714285694,11024.6669921875,27.600000381469727,7.083333492279053,14015.93359375,21.700000762939453,3.799999952316284,4.900000095367432,43.733333587646484,13579.3330078125,2917.114285714286,0.7282381057739258,25.016786575317383,128.68571428571428,1388.86083984375,1741.771484375,0.6279285550117493,961.6571428571428,1,505,1,0,1,21,6,168
0,280.0,0.7765108346939087,296.0,3.0,313.0,1843.0,284.67346938775495,9982.166015625,20.516666412353516,4.69444465637207,13963.5556640625,20.122220993041992,3.366666793823242,4.75,40.155555725097656,13007.166015625,2931.1428571428573,0.7419285774230957,25.168094635009766,130.34285714285716,1385.51953125,1742.3714599609375,0.6342142820358276,963.9428571428572,1,505,1,0,1,31,29,135
0,170.0,0.7787913084030151,296.0,3.0,313.0,1602.0,281.2448979591835,11083.4443359375,22.327777862548828,7.494444370269775,14437.689453125,22.16666603088379,4.099999904632568,4.75,41.0555534362793,15209.0,2923.4285714285716,0.7392619252204895,25.180118560791016,131.11428571428573,1389.6990966796875,1742.1142578125,0.6575238108634949,965.1714285714286,0,505,1,0,1,42,4,84
0,255.0,0.6202964782714844,296.0,3.0,313.0,1180.0,279.3673469387753,12844.1669921875,21.700000762939453,6.0333333015441895,14431.900390625,20.549999237060547,4.300000190734863,4.866666793823242,38.733333587646484,14202.6669921875,2839.0857142857144,0.7242618799209595,25.11142921447754,127.17142857142858,1389.6729736328125,1732.7142333984375,0.624500036239624,965.6,1,505,1,0,1,41,4,103
0,176.0,0.8586089015007019,296.0,3.0,313.0,1069.0,278.7916666666664,11292.0,24.483333587646484,8.216666221618652,15809.6337890625,24.066667556762695,4.599999904632568,4.849999904632568,32.516666412353516,17103.333984375,2746.2,0.7215238213539124,25.165237426757812,125.42857142857143,1388.5076904296875,1721.5142822265625,0.6049523949623108,968.3714285714286,1,505,1,0,1,31,29,86
0,329.0,0.8335233926773071,296.0,3.0,313.0,1989.0,276.1428571428569,11468.0,24.066667556762695,5.0333333015441895,14883.7001953125,22.066667556762695,3.799999952316284,4.766666889190674,34.43333435058594,16104.0,2573.7714285714287,0.7209761738777161,25.299760818481445,119.34285714285714,1387.6015625,1694.05712890625,0.5196904540061951,976.8857142857142,1,505,1,0,1,42,9,136
0,276.0,0.16533637046813965,296.0,3.0,313.0,1392.0,273.733333333333,9380.3330078125,24.66666603088379,8.766666412353516,16851.283203125,21.433332443237305,4.0,4.949999809265137,39.31666564941406,16237.0,2403.285714285714,0.7457619309425354,25.527381896972656,123.42857142857143,1389.0423583984375,1676.4000244140625,0.5146905183792114,983.3142857142857,2,469,1,0,0,31,13,102
0,189.0,0.38768529891967773,296.0,3.0,302.0,6248.0,261.7708333333331,10613.0,29.200000762939453,6.5333333015441895,16225.5,22.016666412353516,4.300000190734863,4.849999904632568,33.5,18987.5,2478.657142857143,0.736214280128479,25.539167404174805,113.02857142857142,1382.697265625,1659.6285400390625,0.4243333339691162,989.5142857142857,4,469,1,0,0,21,15,85
0,292.0,0.1220068410038948,296.0,3.0,313.0,2879.0,255.3589743589742,10325.8330078125,25.983333587646484,4.866666793823242,17116.966796875,20.700000762939453,3.5,4.75,27.91666603088379,19685.5,2550.057142857143,0.7493095397949219,25.587024688720703,111.2,1373.6722412109375,1669.6571044921875,0.4101666510105133,990.3714285714286,0,505,1,0,0,21,27,115
0,234.5567318215061,0.24857468903064728,296.0,3.0,313.0,7437.0,255.17391304347794,13123.3330078125,27.866666793823242,5.583333492279053,19881.349609375,20.983333587646484,4.0,4.883333206176758,26.46666717529297,21426.5,2592.9714285714285,0.7542619109153748,25.53154754638672,109.37142857142857,1373.8458251953125,1676.7427978515625,0.3758809268474579,993.0857142857143,10,505,1,0,0,21,28,93
0,268.0,0.11744584143161774,296.0,3.0,313.0,11282.0,247.9722222222221,13350.0,24.983333587646484,9.183333396911621,20387.400390625,22.21666717529297,3.700000047683716,5.0,42.41666793823242,19506.666015625,2687.5142857142855,0.768500030040741,25.59749984741211,105.34285714285714,1391.9674072265625,1708.94287109375,0.3034285604953766,1013.6,4,505,1,0,0,21,18,121
0,171.0,0.4458380937576294,296.0,3.0,313.0,6910.0,240.56249999999983,11235.0,25.233333587646484,6.2166666984558105,18250.599609375,20.899999618530273,3.700000047683716,4.900000095367432,29.299999237060547,18932.5,2734.342857142857,0.7713095545768738,25.65250015258789,110.45714285714286,1382.5419921875,1695.3714599609375,0.3525000214576721,1004.2857142857143,4,469,1,0,0,21,20,78
0,180.0,0.042189281433820724,296.0,3.0,302.0,10185.0,232.7999999999998,16603.0,22.066667556762695,5.166666507720947,18477.69921875,22.016666412353516,3.4000000953674316,4.900000095367432,45.150001525878906,18726.5,2810.9714285714285,0.7791428565979004,25.771190643310547,107.91428571428571,1390.4232177734375,1722.914306640625,0.28966668248176575,1015.4285714285714,2,469,1,0,0,21,4,63
0,134.0,0.08323831111192703,296.0,3.0,293.0,7018.0,252.28947368421032,13263.0,27.766666412353516,9.266666412353516,17486.6328125,19.799999237060547,4.099999904632568,4.683333396911621,42.5,17675.333984375,3811.9142857142856,0.9504285454750061,26.992143630981445,149.0857142857143,1383.5281982421875,1826.2572021484375,0.48821428418159485,1027.6285714285714,1,476,1,0,0,21,31,47
0,184.0,0.6168757081031799,296.0,3.0,293.0,1672.0,253.315789473684,10487.1669921875,28.450000762939453,8.266666412353516,16823.267578125,20.350000381469727,3.799999952316284,4.5,47.08333206176758,15030.0,3839.2571428571428,0.9312381148338318,26.820951461791992,153.77142857142857,1376.9346923828125,1796.94287109375,0.5635238289833069,1013.7428571428571,1,476,1,1,0,21,2,70
0,116.0,0.0,296.0,3.0,293.0,5457.0,262.26530612244875,12444.8330078125,33.56666564941406,13.966666221618652,20132.583984375,20.41666603088379,3.700000047683716,4.449999809265137,40.63333511352539,16537.333984375,3896.6857142857143,0.9220476150512695,26.8315486907959,143.31428571428572,1381.6920166015625,1832.3714599609375,0.5149285793304443,1024.142857142857,2,476,1,0,0,34,17,41
0,132.0,0.2976054847240448,296.0,3.0,293.0,4626.0,262.26530612244875,13152.0,37.75,9.633333206176758,17778.533203125,19.933332443237305,3.799999952316284,4.449999809265137,42.95000076293945,16647.333984375,3892.4857142857145,0.9121904969215393,26.776905059814453,146.74285714285713,1385.1744384765625,1823.3428955078125,0.5586190223693848,1019.9714285714285,0,476,1,0,0,21,30,56
0,229.0,0.07753705978393555,296.0,3.0,293.0,2461.0,268.9999999999997,11117.5,32.79999923706055,9.699999809265137,18354.05078125,21.766666412353516,4.599999904632568,4.483333110809326,50.36666488647461,15804.5,3919.457142857143,0.8889047503471375,26.543928146362305,148.2,1378.3134765625,1813.8857421875,0.5727618932723999,1007.0285714285715,1,476,1,0,0,21,7,90
0,249.0,0.1550741195678711,296.0,3.0,293.0,1482.0,277.5306122448977,9196.4443359375,31.44999885559082,7.44444465637207,21666.078125,21.872222900390625,3.5333333015441895,4.433333396911621,46.377777099609375,21834.77734375,3890.9142857142856,0.8640952706336975,26.378334045410156,146.37142857142857,1378.2412109375,1820.0,0.6415237784385681,1001.8,0,476,1,0,0,21,5,91
0,117.0,0.1288483440876007,296.0,3.0,293.0,4419.0,287.5714285714284,12873.8330078125,35.5,6.0,17546.3671875,20.53333282470703,3.700000047683716,4.349999904632568,44.650001525878906,15927.3330078125,3888.9714285714285,0.8702381253242493,26.437143325805664,139.62857142857143,1383.2672119140625,1851.0,0.5557618737220764,1014.3428571428572,0,476,1,0,0,41,10,44
0,291.0,0.12314709275960922,296.0,3.0,293.0,4484.0,291.57142857142827,14738.6669921875,36.79999923706055,7.133333206176758,18790.06640625,21.866666793823242,4.199999809265137,4.349999904632568,42.5,20225.666015625,3891.7428571428572,0.8617380857467651,26.273691177368164,140.85714285714286,1383.5345458984375,1851.085693359375,0.5966190695762634,1010.6857142857143,1,476,1,0,0,21,5,137
0,233.0,0.0045610032975673676,296.0,3.0,293.0,2244.0,300.34693877551007,11507.6669921875,30.71666717529297,6.383333206176758,17193.849609375,19.46666717529297,3.799999952316284,4.233333110809326,46.016666412353516,15617.1669921875,3839.342857142857,0.843999981880188,26.332143783569336,140.0857142857143,1388.0252685546875,1863.7142333984375,0.5528571009635925,1008.6285714285714,2,476,1,0,0,21,22,109
0,104.0,0.932725191116333,296.0,3.0,293.0,1151.0,303.4489795918366,11437.0,32.233333587646484,7.400000095367432,15727.31640625,21.600000381469727,4.099999904632568,4.25,52.28333282470703,18148.833984375,3797.8571428571427,0.825166642665863,26.18833351135254,147.11428571428573,1390.63916015625,1846.028564453125,0.5726190209388733,997.4,19,476,1,0,1,31,2,47
0,120.0,0.8209806084632874,296.0,3.0,293.0,1126.0,303.08163265306104,12993.6669921875,33.03333282470703,9.899999618530273,15426.7001953125,21.116666793823242,4.300000190734863,4.199999809265137,50.016666412353516,15156.3330078125,3761.5714285714284,0.8220952153205872,26.13976287841797,147.4,1392.3348388671875,1855.1142578125,0.5912380814552307,997.2857142857143,2,476,1,0,1,21,2,45
0,231.0,0.8175598382949829,296.0,3.0,293.0,2834.0,302.8979591836733,11903.0,33.46666717529297,6.099999904632568,17579.19921875,21.71666717529297,4.699999809265137,4.150000095367432,44.95000076293945,17101.0,3602.657142857143,0.7906428575515747,25.71309471130371,146.54285714285714,1395.6373291015625,1878.228515625,0.6109285950660706,989.0857142857143,0,476,1,0,1,21,23,91
0,256.0,0.36031925678253174,296.0,3.0,293.0,12952.0,296.10204081632645,15321.5556640625,34.244441986083984,9.61111068725586,17407.12890625,21.02777862548828,4.066666603088379,4.25,44.06111145019531,19334.111328125,3507.942857142857,0.8066428899765015,26.157737731933594,141.65714285714284,1397.1005859375,1923.17138671875,0.5845000147819519,999.7142857142857,0,476,1,0,0,31,1,133
0,257.0,0.8129988312721252,296.0,3.0,293.0,11790.0,289.93877551020387,10595.0,40.11666488647461,6.699999809265137,19082.666015625,25.96666717529297,6.400000095367432,4.383333206176758,40.71666717529297,25508.333984375,3345.4,0.7821905016899109,25.710357666015625,143.0857142857143,1397.032470703125,1933.2857666015625,0.5981904864311218,990.1142857142858,0,476,1,0,0,11,2,101
0,173.0,0.44925883412361145,296.0,3.0,293.0,6978.0,281.6734693877549,12029.3330078125,32.20000076293945,5.483333110809326,16695.783203125,19.983333587646484,3.799999952316284,4.25,47.93333435058594,17013.333984375,3239.2,0.7957143187522888,26.01761817932129,142.94285714285715,1397.330322265625,1966.028564453125,0.5912857055664062,995.2571428571429,0,476,1,0,0,41,8,63
0,149.0,0.27251994609832764,296.0,3.0,293.0,11624.0,273.2653061224488,12559.1669921875,36.21666717529297,5.383333206176758,18952.25,24.299999237060547,4.800000190734863,4.366666793823242,43.06666564941406,22888.333984375,3223.714285714286,0.7877380847930908,25.963214874267578,135.71428571428572,1398.4046630859375,2006.800048828125,0.5029047727584839,1000.0285714285715,0,476,1,0,0,11,3,53
0,242.0,0.18015962839126587,296.0,3.0,293.0,10685.0,265.22448979591815,13272.0,35.46666717529297,6.7166666984558105,18654.55078125,22.71666717529297,4.599999904632568,4.349999904632568,45.5,20340.666015625,3182.3714285714286,0.767714262008667,25.744047164916992,134.97142857142856,1396.8773193359375,2040.5142822265625,0.4827618896961212,993.7428571428571,0,476,1,0,0,41,6,115
0,170.0,0.19498290121555328,296.0,3.0,293.0,13017.0,257.5102040816325,12531.111328125,30.116666793823242,4.483333110809326,18068.056640625,20.172222137451172,3.7333333492279053,4.383333206176758,48.083335876464844,19925.4453125,3124.0,0.7579047679901123,25.784643173217773,138.65714285714284,1400.449951171875,2090.71435546875,0.4209047853946686,987.6571428571428,1,476,1,0,0,31,14,62
0,103.0,0.2690992057323456,296.0,3.0,293.0,16031.0,259.9183673469385,14641.3330078125,30.816667556762695,4.433333396911621,17958.0,20.100000381469727,4.400000095367432,4.400000095367432,47.13333511352539,16510.666015625,3081.285714285714,0.7507857084274292,25.689285278320312,140.14285714285714,1406.29345703125,2133.257080078125,0.4112619161605835,988.1428571428571,1,476,1,0,0,21,34,39
0,109.0,0.7548460364341736,296.0,3.0,293.0,16460.0,262.3877551020406,15516.0,33.68333435058594,6.916666507720947,15725.6337890625,21.03333282470703,4.599999904632568,4.383333206176758,43.5,18615.666015625,3077.2285714285713,0.7477619051933289,25.644285202026367,141.54285714285714,1408.0279541015625,2138.39990234375,0.4120238125324249,988.1428571428571,0,476,1,0,0,21,17,43
0,142.0,0.36259976029396057,296.0,3.0,293.0,14306.0,264.8571428571427,12724.8330078125,33.650001525878906,6.516666889190674,17678.517578125,23.766666412353516,5.599999904632568,4.5,45.016666412353516,19106.333984375,3020.8285714285716,0.7172142863273621,25.159881591796875,142.28571428571428,1411.147216796875,2086.39990234375,0.2980714440345764,978.5714285714286,1,476,1,0,0,21,7,53
0,169.0,0.03192702308297157,296.0,3.0,293.0,13225.0,260.26530612244886,15595.0,31.683332443237305,4.133333206176758,16601.333984375,20.950000762939453,3.5999999046325684,4.666666507720947,45.849998474121094,18475.0,2995.8285714285716,0.7157381176948547,25.18904685974121,143.34285714285716,1413.64990234375,2074.71435546875,0.28395235538482666,977.2,4,476,1,0,0,21,3,66
0,79.0,0.3911060392856598,296.0,3.0,293.0,7126.0,269.0612244897957,13933.0,32.13333511352539,4.766666889190674,13731.25,19.516666412353516,3.799999952316284,4.5,45.06666564941406,14876.5,2888.5714285714284,0.7170000076293945,25.371309280395508,147.88571428571427,1412.3690185546875,2035.94287109375,0.2207857072353363,972.1428571428571,1,476,1,0,0,31,5,30
0,139.0,0.7594070434570312,296.0,3.0,293.0,7313.0,269.1836734693875,11127.6669921875,26.950000762939453,3.049999952316284,13367.900390625,19.16666603088379,3.799999952316284,4.400000095367432,48.983333587646484,16081.3330078125,2812.4,0.7152618765830994,25.438690185546875,151.97142857142856,1410.7366943359375,2004.5428466796875,0.18345238268375397,965.9142857142857,3,476,1,1,0,41,14,53
0,201.0,0.6590650081634521,296.0,3.0,293.0,6613.0,259.22448979591815,14267.6669921875,28.950000762939453,6.616666793823242,17196.267578125,23.53333282470703,5.5,4.5,48.5,21369.0,2778.1428571428573,0.7171666622161865,25.48130989074707,151.54285714285714,1412.6585693359375,2012.2572021484375,0.13428571820259094,966.0,1,476,1,0,0,31,31,79
0,123.99788272128905,0.14481185376644135,296.0,3.0,293.0,3913.0,254.65306122448962,12478.3330078125,29.066667556762695,6.099999904632568,15942.6337890625,21.66666603088379,4.699999809265137,4.599999904632568,49.96666717529297,17512.666015625,2691.7714285714287,0.7001428604125977,25.188810348510742,150.94285714285715,1410.504638671875,1979.085693359375,0.12607143819332123,960.8,0,476,1,0,0,41,13,51
0,112.0,0.47776511311531067,296.0,3.0,293.0,12272.0,256.02040816326513,11028.0,25.75,5.833333492279053,16103.2001953125,22.0,4.400000095367432,4.599999904632568,50.06666564941406,17169.666015625,2640.542857142857,0.6969524025917053,25.110713958740234,154.6,1412.528564453125,1959.1142578125,0.13945238292217255,957.7714285714286,3,476,1,0,0,31,3,48
0,150.0,0.34093499183654785,296.0,3.0,293.0,27315.0,244.6326530612243,12726.8330078125,26.233333587646484,7.066666603088379,15121.81640625,23.133333206176758,4.800000190734863,4.699999809265137,48.483333587646484,20698.166015625,2511.2571428571428,0.6977857351303101,24.968929290771484,154.65714285714284,1415.9371337890625,1947.82861328125,0.07478570193052292,955.4,0,476,1,0,0,11,3,60
0,196.0,0.0,296.0,3.0,293.0,27017.0,244.6326530612243,11603.5,27.46666717529297,3.633333444595337,13991.5498046875,19.633333206176758,3.5999999046325684,4.800000190734863,47.56666564941406,15086.0,2470.6285714285714,0.7134285569190979,25.226072311401367,157.22857142857143,1421.332275390625,1948.5999755859375,0.06807143986225128,962.0857142857143,1,476,1,0,0,21,10,74
0,106.0,0.014823260717093945,296.0,3.0,293.0,26488.0,242.12244897959167,10785.111328125,28.416667938232422,5.472222328186035,15356.427734375,20.316667556762695,4.299999713897705,4.800000190734863,48.016666412353516,18187.27734375,2437.457142857143,0.7007380723953247,25.043214797973633,158.22857142857143,1421.3798828125,1965.228515625,0.009738084860146046,956.2,1,476,1,0,0,21,13,42
0,123.0,0.0,296.0,3.0,293.0,24062.0,240.081632653061,14280.5,27.766666412353516,5.916666507720947,14836.0830078125,20.450000762939453,4.400000095367432,4.666666507720947,50.29999923706055,28243.166015625,2317.2,0.7016428709030151,25.07238006591797,162.37142857142857,1422.1063232421875,1983.4571533203125,-0.07757142931222916,951.3428571428572,0,476,1,0,0,31,14,47
0,132.0,0.11744584143161774,296.0,3.0,293.0,24536.0,237.0612244897957,13156.8330078125,30.28333282470703,4.816666603088379,14765.18359375,20.149999618530273,4.099999904632568,4.599999904632568,46.29999923706055,17800.0,2264.6285714285714,0.708309531211853,25.143095016479492,162.65714285714284,1417.20849609375,2007.6856689453125,-0.09778571873903275,951.1714285714286,0,476,1,0,0,21,27,58
1,186.0,0.0,296.0,3.0,293.0,28403.0,242.7551020408161,17270.77734375,31.44444465637207,3.1611111164093018,16284.3671875,22.36111068725586,5.633333206176758,4.5333333015441895,41.2944450378418,31429.890625,2331.057142857143,0.7136190533638,25.205595016479492,155.77142857142857,1404.1484375,2048.28564453125,-0.13857144117355347,953.3428571428572,0,476,1,0,0,34,12,87
0,108.0,0.0,296.0,3.0,293.0,30875.0,249.44897959183652,13775.8330078125,28.71666717529297,5.550000190734863,13754.43359375,20.03333282470703,4.099999904632568,4.650000095367432,48.38333511352539,16208.5,2653.657142857143,0.704452395439148,25.082380294799805,160.94285714285715,1418.6839599609375,2022.5142822265625,-0.13164284825325012,952.3714285714286,0,476,1,0,0,21,32,48
0,153.0,0.07069555670022964,296.0,3.0,293.0,32767.0,256.26530612244875,12228.5,27.600000381469727,3.9666666984558105,14127.1337890625,19.049999237060547,3.299999952316284,4.650000095367432,47.70000076293945,15590.6669921875,2901.1714285714284,0.7028571367263794,24.960952758789062,155.34285714285716,1419.64990234375,2041.800048828125,-0.17676189541816711,957.8571428571429,1,476,1,0,0,41,7,56
0,136.0,0.29418471455574036,296.0,3.0,293.0,29630.0,267.42857142857116,10844.6669921875,29.172222137451172,3.527777671813965,13266.9609375,19.688888549804688,3.366666793823242,4.666666507720947,50.38888931274414,15211.611328125,3234.2571428571428,0.7095714211463928,25.082738876342773,158.82857142857142,1431.90380859375,2042.2572021484375,-0.33580952882766724,962.2571428571429,0,476,1,0,0,21,3,51
0,138.04626755989304,0.32611173391342163,296.0,3.0,293.0,22745.0,267.42857142857116,11321.0,24.46666717529297,9.183333396911621,15710.9833984375,20.75,3.9000000953674316,4.650000095367432,50.45000076293945,18845.333984375,3336.714285714286,0.7019047737121582,24.9905948638916,160.74285714285713,1434.0152587890625,2033.2572021484375,-0.3505000174045563,959.3714285714286,0,476,1,0,0,21,24,53
0,90.0,0.007981755770742893,296.0,3.0,293.0,10715.0,283.9183673469385,11606.6669921875,28.75,6.666666507720947,16579.416015625,21.683332443237305,4.599999904632568,4.75,44.83333206176758,21343.333984375,3639.8,0.706166684627533,24.848451614379883,157.9142857142857,1435.76953125,2044.4285888671875,-0.6089523434638977,961.3142857142857,0,476,1,0,0,21,34,35
0,70.0,0.0,296.0,3.0,293.0,9524.0,283.9183673469385,12883.6669921875,27.66666603088379,4.016666889190674,15086.966796875,19.816667556762695,3.700000047683716,4.599999904632568,46.28333282470703,16860.666015625,3639.8,0.706166684627533,24.848451614379883,157.9142857142857,1435.76953125,2044.4285888671875,-0.6089523434638977,961.3142857142857,3,476,1,0,0,21,15,26
0,191.0,0.14595210552215576,296.0,3.0,293.0,1266.0,287.4693877551018,13165.8330078125,25.049999237060547,2.799999952316284,15125.75,19.566667556762695,3.700000047683716,4.7833333015441895,48.08333206176758,17138.833984375,3614.657142857143,0.6966904997825623,24.90892791748047,165.4,1435.2257080078125,2023.3428955078125,-0.7737380862236023,952.3714285714286,3,476,1,0,0,31,5,88
1,337.0,0.4458380937576294,296.0,3.0,293.0,1556.0,290.2653061224488,17208.166015625,23.649999618530273,5.0,14993.5,20.41666603088379,3.799999952316284,4.433333396911621,53.56666564941406,16459.5,3614.657142857143,0.6966904997825623,24.90892791748047,165.4,1435.2257080078125,2023.3428955078125,-0.7737380862236023,952.3714285714286,0,476,1,0,0,41,11,164
0,281.0,0.9110604524612427,296.0,3.0,293.0,1087.0,292.877551020408,13579.8330078125,21.866666793823242,3.9166667461395264,13882.6337890625,20.433332443237305,4.0,4.483333110809326,50.08333206176758,16301.0,3581.3142857142857,0.6921428442001343,24.745952606201172,173.5142857142857,1440.0936279296875,2001.6285400390625,-0.9565714597702026,947.7714285714286,0,476,1,1,0,41,32,129
0,314.0,0.6887115240097046,296.0,3.0,293.0,1261.0,297.51020408163254,13369.3330078125,24.28333282470703,3.5,14472.716796875,22.91666603088379,4.300000190734863,4.5,49.599998474121094,19232.0,3581.5714285714284,0.6859047412872314,24.472261428833008,174.6,1439.750732421875,1995.3143310546875,-1.0709047317504883,942.9428571428572,1,476,1,1,0,31,18,157
0,195.0,0.03762827813625336,296.0,3.0,293.0,3639.0,299.63265306122423,11184.0,26.21666717529297,3.1500000953674316,14151.7333984375,20.46666717529297,3.799999952316284,4.583333492279053,51.70000076293945,15021.3330078125,3587.942857142857,0.711904764175415,24.781070709228516,172.02857142857144,1437.99462890625,2011.5428466796875,-1.1063809394836426,954.3714285714286,0,476,1,0,0,34,17,75
0,215.0,0.6704674959182739,296.0,3.0,293.0,5267.0,305.34693877550995,14891.8330078125,32.78333282470703,10.016666412353516,17197.30078125,23.616666793823242,5.800000190734863,4.5,43.099998474121094,20993.833984375,3587.2,0.6779047846794128,24.132261276245117,173.57142857142858,1430.9107666015625,1994.6571044921875,-1.1572142839431763,932.1428571428571,0,476,1,0,0,41,16,87
0,,0.1356898546218872,296.0,3.0,293.0,3251.0,305.48979591836707,12532.1669921875,23.405555725097656,3.8499999046325684,13813.5498046875,20.461111068725586,3.5333333015441895,4.633333206176758,50.78888702392578,16886.388671875,3542.5714285714284,0.7279999852180481,24.954286575317383,181.97142857142856,1440.2366943359375,1981.1142578125,-1.1667143106460571,948.4285714285714,0,476,1,0,0,21,7,
0,374.0,0.0,296.0,3.0,293.0,4385.0,303.4693877551017,12815.3330078125,23.16666603088379,3.5,12363.1669921875,21.75,3.9000000953674316,4.5,52.61666488647461,14360.6669921875,3525.542857142857,0.7605000138282776,25.2594051361084,182.54285714285714,1444.7911376953125,1982.5999755859375,-1.127833366394043,958.7714285714286,2,476,1,0,0,31,14,179
0,112.0,0.16761687397956848,296.0,3.0,293.0,1299.0,309.7959183673467,12861.6669921875,23.21666717529297,3.700000047683716,13996.9833984375,18.899999618530273,3.4000000953674316,4.699999809265137,51.08333206176758,15025.5,3529.4285714285716,0.7629523873329163,25.30368995666504,183.65714285714284,1434.867919921875,1998.1142578125,-0.9348809719085693,952.9428571428572,7,476,1,1,0,41,6,42
0,294.0,0.2371721714735031,296.0,3.0,293.0,1238.0,309.3877551020406,11827.0,24.899999618530273,3.433333396911621,13150.033203125,19.399999618530273,3.5,4.5,49.20000076293945,14947.6669921875,3528.3714285714286,0.7410714626312256,24.992143630981445,186.65714285714284,1442.4083251953125,1975.971435546875,-0.9864047765731812,948.3428571428572,1,476,1,1,0,31,30,140
0,228.0,0.9498289823532104,296.0,3.0,293.0,1053.0,308.67346938775484,12706.3330078125,23.96666717529297,3.450000047683716,15205.1337890625,21.71666717529297,4.400000095367432,4.349999904632568,44.93333435058594,21442.0,3560.0857142857144,0.7419999837875366,24.96000099182129,188.14285714285714,1448.2718505859375,1992.05712890625,-0.83990478515625,949.1714285714286,0,476,1,1,0,11,7,115
0,283.0,0.5781071782112122,296.0,3.0,293.0,1189.0,307.8775510204079,16321.8330078125,24.58333396911621,3.3499999046325684,12829.93359375,19.049999237060547,3.4000000953674316,4.400000095367432,50.70000076293945,13958.0,3590.8,0.7659047245979309,25.24416732788086,190.2,1449.7647705078125,1982.3143310546875,-0.7860714197158813,954.2285714285714,1,476,1,1,0,41,9,141
1,221.0,0.06499429792165756,296.0,3.0,293.0,2909.0,305.7551020408161,13063.3330078125,22.08333396911621,3.616666555404663,14410.466796875,19.549999237060547,3.4000000953674316,4.5,50.43333435058594,15166.6669921875,3635.3714285714286,0.8010238409042358,25.4853572845459,190.02857142857144,1454.0810546875,1998.8857421875,-0.6769999861717224,967.4571428571429,0,476,1,0,0,31,33,85
0,105.0,0.18015962839126587,296.0,3.0,293.0,1332.0,306.89795918367327,14089.3330078125,23.383333206176758,3.066666603088379,13918.466796875,19.016666412353516,3.4000000953674316,4.400000095367432,51.16666793823242,16167.1669921875,3601.342857142857,0.7854762077331543,25.3266658782959,194.88571428571427,1457.4205322265625,1987.4571533203125,-0.6226190328598022,958.7428571428571,0,476,1,0,0,21,34,41
0,186.0,0.35461801290512085,296.0,3.0,293.0,1160.0,305.7959183673467,14730.3330078125,24.616666793823242,4.333333492279053,15746.4501953125,21.91666603088379,4.0,4.599999904632568,46.599998474121094,17795.5,3559.2285714285713,0.7937857508659363,25.331905364990234,193.97142857142856,1455.7755126953125,1989.971435546875,-0.5854047536849976,959.9142857142857,0,476,1,0,0,31,7,72
1,236.0,0.27480044960975647,296.0,3.0,293.0,1431.0,306.28571428571405,16166.6669921875,24.066667556762695,2.8499999046325684,15884.43359375,21.016666412353516,4.099999904632568,4.650000095367432,45.75,18161.833984375,3496.657142857143,0.7966904640197754,25.24726104736328,199.42857142857142,1460.9337158203125,1968.4571533203125,-0.4690476059913635,957.9428571428572,1,476,1,0,0,41,8,111
0,244.0,0.9350057244300842,296.0,3.0,293.0,1067.0,305.9591836734691,15594.3330078125,27.233333587646484,4.433333396911621,13921.81640625,20.600000381469727,4.800000190734863,4.383333206176758,45.66666793823242,17683.0,3477.942857142857,0.78980952501297,25.12821388244629,199.28571428571428,1462.1102294921875,1963.6285400390625,-0.5071428418159485,955.4571428571429,2,476,1,0,0,31,22,122
0,217.0,0.7765108346939087,296.0,3.0,293.0,1127.0,304.26530612244875,14855.1669921875,28.350000381469727,5.5,16423.30078125,24.5,4.900000095367432,4.483333110809326,37.13333511352539,22100.333984375,3457.0,0.7734285593032837,24.805238723754883,197.8,1468.2132568359375,1961.0,-0.3829762041568756,954.4571428571429,1,476,1,1,0,41,22,108
0,307.0,0.6773090362548828,296.0,3.0,293.0,1195.0,298.8979591836731,14854.5,25.83333396911621,1.7166666984558105,15532.0,24.03333282470703,4.300000190734863,4.550000190734863,41.58333206176758,20962.0,3375.8285714285716,0.7944762110710144,25.069286346435547,202.62857142857143,1466.620361328125,1952.228515625,-0.39071425795555115,955.6285714285714,0,476,1,1,0,21,6,117
1,283.0,0.38084378838539124,296.0,3.0,293.0,1299.0,298.77551020408134,14319.1669921875,28.58333396911621,3.5166666507720947,15050.716796875,20.066667556762695,4.300000190734863,4.2833333015441895,40.0,19182.333984375,3224.8,0.8100476264953613,25.16154670715332,212.82857142857142,1476.041748046875,1923.914306640625,-0.33421429991722107,956.6857142857143,0,476,1,1,0,41,30,123
0,187.0,0.7400227785110474,296.0,3.0,293.0,1576.0,293.73469387755085,17976.833984375,24.983333587646484,3.433333396911621,15268.650390625,20.100000381469727,4.0,4.400000095367432,42.45000076293945,18766.666015625,3194.1714285714284,0.8221904635429382,25.336666107177734,213.42857142857142,1473.02685546875,1919.4857177734375,-0.29883334040641785,958.1142857142858,0,476,1,1,0,21,4,93
0,278.0,0.8574686646461487,296.0,3.0,293.0,1156.0,285.93877551020387,14888.0,24.399999618530273,3.933333396911621,17555.0,22.41666603088379,4.599999904632568,4.383333206176758,42.28333282470703,21587.0,3167.7714285714287,0.8283809423446655,25.361785888671875,214.4,1471.8204345703125,1917.17138671875,-0.2565000057220459,957.7714285714286,0,476,1,1,0,11,9,118
0,151.0,0.3249714970588684,296.0,3.0,293.0,2288.0,287.3673469387753,13834.6669921875,27.16666603088379,7.599999904632568,16150.2333984375,26.100000381469727,5.300000190734863,4.2833333015441895,38.983333587646484,23767.5,3051.5142857142855,0.8138571381568909,24.851308822631836,214.4,1466.8603515625,1929.2572021484375,-0.11083332449197769,948.8285714285714,0,476,1,0,0,31,12,62
0,151.0,0.45039910078048706,296.0,3.0,293.0,1135.0,283.9999999999999,10079.3330078125,25.049999237060547,3.0333333015441895,14002.900390625,19.16666603088379,3.5999999046325684,4.650000095367432,46.38333511352539,17775.0,3058.6285714285714,0.8300238251686096,25.094999313354492,212.9142857142857,1468.2147216796875,1932.800048828125,-0.09369049221277237,957.8857142857142,1,476,1,0,0,31,7,58
0,206.0,0.4800456166267395,296.0,3.0,293.0,3359.0,275.5714285714284,11511.4443359375,29.72222137451172,4.333333492279053,16781.412109375,23.794445037841797,5.5,4.527777671813965,42.13888931274414,20557.666015625,2998.285714285714,0.8305714130401611,24.967023849487305,217.85714285714286,1473.385009765625,1930.4285888671875,0.11245235055685043,951.2571428571429,3,476,1,0,0,21,9,81
0,250.0,0.43557581305503845,296.0,3.0,293.0,2457.0,273.16326530612224,10906.0,25.683332443237305,4.0333333015441895,14994.599609375,24.200000762939453,5.099999904632568,4.5,35.25,22004.333984375,2960.0857142857144,0.851190447807312,25.266666412353516,223.0,1480.21240234375,1927.085693359375,0.050047617405653,958.3714285714286,0,476,1,0,0,21,13,101
0,311.0,0.6259977221488953,296.0,3.0,293.0,2626.0,271.02040816326513,12060.6669921875,30.83333396911621,3.133333444595337,14389.81640625,22.25,4.900000095367432,4.483333110809326,36.233333587646484,18841.333984375,2920.8571428571427,0.8560237884521484,25.27988052368164,227.2,1480.5411376953125,1932.6571044921875,0.030690481886267662,955.2571428571429,2,476,1,0,0,31,21,142
0,155.0,0.3854047954082489,296.0,3.0,293.0,3833.0,273.8571428571426,16125.6669921875,27.63888931274414,4.311110973358154,15152.400390625,22.60555648803711,4.4666666984558105,4.488889217376709,40.844444274902344,19418.111328125,2915.885714285714,0.8539285659790039,25.137739181518555,226.45714285714286,1474.0631103515625,1949.3714599609375,-0.08430953323841095,952.2,1,476,1,0,0,21,10,59
0,251.0,0.45724058151245117,296.0,3.0,293.0,1997.0,267.5918367346937,14439.9443359375,27.744443893432617,3.277777910232544,16741.345703125,23.02777671813965,4.4666666984558105,4.383333206176758,34.161109924316406,21867.22265625,2939.6,0.8321428894996643,24.682737350463867,223.97142857142856,1469.246826171875,1963.857177734375,-0.05990476906299591,945.2571428571429,1,476,1,0,0,24,31,94
0,80.0,0.05473203957080841,296.0,3.0,293.0,1821.0,262.7551020408161,14006.0,31.71666717529297,6.333333492279053,17243.06640625,23.91666603088379,4.900000095367432,4.5333333015441895,38.16666793823242,20558.0,2922.5142857142855,0.8554047346115112,24.968334197998047,227.14285714285714,1468.3966064453125,1963.4857177734375,-0.13109524548053741,951.5142857142857,2,476,1,0,0,21,9,30
0,81.0,0.5290763974189758,296.0,3.0,293.0,6377.0,260.7959183673467,9182.0,27.516666412353516,3.049999952316284,15140.466796875,21.96666717529297,5.400000095367432,4.75,40.29999923706055,20439.333984375,2858.657142857143,0.9045476317405701,25.476667404174805,237.37142857142857,1488.9837646484375,1959.028564453125,-0.4983333349227905,962.7142857142857,3,476,1,0,0,31,17,32
0,147.0,0.5381984114646912,296.0,3.0,293.0,1297.0,260.36734693877537,11818.5,32.766666412353516,9.666666984558105,17923.333984375,24.566667556762695,6.199999809265137,4.5,36.766666412353516,25198.5,2829.885714285714,0.8662381172180176,24.8844051361084,236.34285714285716,1489.239013671875,1970.0,-0.7749524116516113,953.8571428571429,0,476,1,0,0,21,1,59
0,163.0,0.18700113892555237,296.0,3.0,293.0,4352.0,258.4693877551018,12430.1669921875,26.483333587646484,2.0166666507720947,15393.0830078125,19.616666793823242,4.0,4.75,49.18333435058594,18713.5,2823.4285714285716,0.932619035243988,25.844165802001953,239.42857142857142,1490.0474853515625,1957.085693359375,-0.8487380743026733,971.1714285714286,1,476,1,0,0,31,7,74
0,215.0,0.7206385135650635,296.0,3.0,293.0,1063.0,257.4081632653059,13683.3330078125,26.03333282470703,2.066666603088379,15625.2333984375,20.200000762939453,3.799999952316284,4.25,49.56666564941406,16705.5,2781.8571428571427,0.9222618937492371,25.651308059692383,239.28571428571428,1487.5364990234375,1956.028564453125,-1.0139046907424927,971.0,2,476,1,0,0,31,1,93
0,80.0,0.0672748014330864,296.0,3.0,293.0,1409.0,255.10204081632637,10202.0,25.600000381469727,4.666666507720947,16772.0,20.299999237060547,4.199999809265137,4.949999809265137,53.18333435058594,19295.666015625,2801.2571428571428,0.9282380938529968,25.652976989746094,235.0,1486.7381591796875,1972.17138671875,-0.9937381148338318,975.3714285714286,1,476,1,0,0,31,17,34
0,169.0,0.0,296.0,3.0,293.0,2564.0,252.36734693877534,13090.5,27.399999618530273,1.149999976158142,15692.93359375,20.383333206176758,3.799999952316284,4.699999809265137,52.88333511352539,17297.5,2797.6285714285714,0.9381190538406372,25.745357513427734,235.94285714285715,1489.7242431640625,1971.7142333984375,-1.086642861366272,977.6285714285714,1,476,1,0,0,21,2,63
1,284.0,0.0,296.0,3.0,293.0,3377.0,252.65306122448962,,,,,,,,,27058.166015625,2780.8285714285716,0.9546428322792053,25.94309425354004,241.65714285714284,1488.1558837890625,1935.8857421875,-1.208809494972229,976.2857142857143,0,476,1,0,0,41,23,117
1,283.0,0.2440136820077896,296.0,3.0,293.0,2897.0,250.83673469387742,14923.8330078125,24.5,2.2833333015441895,17481.732421875,19.850000381469727,4.400000095367432,4.5,52.400001525878906,17557.0,2796.1428571428573,0.9670237898826599,26.002857208251953,238.54285714285714,1487.9271240234375,1954.6571044921875,-1.2505238056182861,983.5142857142857,0,476,1,0,0,41,23,107
1,281.0,0.07867731153964996,296.0,3.0,293.0,3505.0,245.04081632653052,16407.666015625,26.516666412353516,2.7166666984558105,15712.5166015625,20.516666412353516,4.5,4.400000095367432,55.79999923706055,18648.166015625,2791.6,0.961309552192688,25.903451919555664,241.31428571428572,1488.0828857421875,1940.971435546875,-1.3105000257492065,979.0571428571428,1,476,1,0,0,31,9,135
0,200.0,0.4652223587036133,296.0,3.0,293.0,7925.0,241.0816326530611,16216.5,25.200000762939453,2.633333444595337,18305.833984375,22.866666793823242,5.300000190734863,4.383333206176758,56.099998474121094,20351.833984375,2789.5142857142855,0.9737856984138489,25.923213958740234,243.28571428571428,1489.15771484375,1942.6285400390625,-1.402333378791809,982.2857142857143,0,476,1,0,0,11,13,77
0,146.0,0.42759406566619873,296.0,3.0,293.0,10646.0,241.26530612244886,14077.6669921875,25.616666793823242,2.1666667461395264,17259.1171875,21.41666603088379,4.800000190734863,4.550000190734863,51.16666793823242,20726.0,2871.342857142857,0.9118809700012207,24.843690872192383,233.88571428571427,1498.3773193359375,1994.228515625,-1.4768333435058594,978.4,1,481,1,0,0,31,5,56
0,185.0,0.0,296.0,3.0,293.0,5223.0,241.0816326530611,20022.333984375,25.91666603088379,1.7166666984558105,17722.166015625,20.53333282470703,4.400000095367432,4.833333492279053,52.91666793823242,19942.666015625,2898.2285714285713,0.9528095126152039,25.396190643310547,234.0,1504.6375732421875,2004.05712890625,-1.5789047479629517,994.9142857142857,0,481,1,0,0,31,4,69
0,84.0,0.04789053648710251,296.0,3.0,229.0,4627.0,243.36734693877537,17017.703125,26.811111450195312,1.0018517971038818,19326.642578125,20.35555648803711,4.411110877990723,4.757407188415527,49.588890075683594,23344.77734375,2901.657142857143,0.9681428670883179,25.490833282470703,237.88571428571427,1505.4208984375,2003.3714599609375,-1.6833809614181519,994.8857142857142,3,481,1,0,0,42,3,32
0,195.0,0.18814139068126678,296.0,3.0,229.0,3103.0,243.36734693877537,17163.0,25.183332443237305,3.7166666984558105,19371.349609375,22.633333206176758,4.800000190734863,5.050000190734863,49.63333511352539,24097.0,2921.457142857143,0.9734523892402649,25.475595474243164,236.71428571428572,1507.487060546875,2017.2572021484375,-1.7445000410079956,1000.2571428571429,2,481,1,0,0,31,14,75
1,134.0,0.0,296.0,3.0,229.0,2159.0,244.99999999999986,16181.1669921875,29.933332443237305,2.549999952316284,18920.25,21.399999618530273,4.300000190734863,4.7833333015441895,46.93333435058594,24284.0,2957.0,0.9818095564842224,25.58309555053711,238.11428571428573,1502.6365966796875,2027.8857421875,-1.8347381353378296,998.8,3,481,1,0,0,31,12,50
0,103.0,0.0,296.0,3.0,229.0,1964.0,250.20408163265293,18608.0,29.116666793823242,2.7833333015441895,21406.0,22.549999237060547,4.5,5.083333492279053,47.983333587646484,25239.0,2939.8285714285716,0.9773333668708801,25.449405670166016,239.22857142857143,1493.9144287109375,2031.028564453125,-1.955214262008667,991.6857142857143,4,481,1,0,0,31,5,38
0,299.0,0.6031926870346069,296.0,3.0,229.0,2967.0,251.40816326530592,18365.666015625,29.816667556762695,2.0166666507720947,18676.666015625,22.049999237060547,4.400000095367432,4.733333110809326,46.88333511352539,24010.666015625,2960.714285714286,1.014285683631897,25.784048080444336,240.34285714285716,1503.20263671875,2050.54296875,-1.927047610282898,1008.2,1,481,1,0,0,31,14,127
0,133.0,0.11972633749246597,296.0,3.0,229.0,4182.0,252.06122448979573,16108.6669921875,28.75,2.0833332538604736,19703.19921875,21.200000762939453,4.699999809265137,4.583333492279053,44.31666564941406,23484.666015625,2875.457142857143,1.0326189994812012,25.972143173217773,250.9142857142857,1508.661865234375,2033.7142333984375,-1.9800000190734863,1006.5714285714286,2,481,1,0,0,31,14,73
0,320.0,0.4538198411464691,296.0,3.0,229.0,3419.0,251.75510204081615,19594.333984375,26.516666412353516,1.4500000476837158,20226.93359375,21.149999618530273,4.300000190734863,4.7833333015441895,49.86666488647461,23618.666015625,2846.4857142857145,1.0417381525039673,25.96607208251953,248.17142857142858,1507.2376708984375,2054.6572265625,-2.049476146697998,1009.8571428571429,2,481,1,0,0,42,10,176
0,45.0,0.4720638394355774,267.0,4.0,229.0,3263.0,239.55102040816314,18380.333984375,27.75,0.9833333492279053,19436.767578125,22.399999618530273,4.400000095367432,4.883333206176758,47.5,24859.0,2787.542857142857,1.0615476369857788,26.11107063293457,246.37142857142857,1512.03759765625,2062.142822265625,-2.1040475368499756,1019.6285714285714,1,481,1,0,0,21,8,18
0,50.0,0.8289623856544495,267.0,4.0,229.0,1857.0,233.71428571428558,18729.666015625,28.950000762939453,1.7833333015441895,18102.94921875,21.450000762939453,4.5,4.583333492279053,44.599998474121094,22818.166015625,2760.3714285714286,1.0690475702285767,26.05583381652832,246.5142857142857,1513.1712646484375,2061.628662109375,-2.0776190757751465,1023.2857142857143,2,481,1,0,0,31,4,18
0,59.0,0.5507411360740662,267.0,4.0,229.0,3971.0,227.63265306122435,18393.33203125,28.47222137451172,1.0777778625488281,19242.765625,21.711111068725586,4.900000095367432,4.866666793823242,45.20000076293945,25284.0,2673.3142857142857,1.0845952033996582,26.18488121032715,248.71428571428572,1514.02783203125,2066.60009765625,-2.0961904525756836,1025.2857142857142,2,481,1,0,0,24,10,22
1,165.0,0.09578107297420502,267.0,4.0,229.0,3921.0,218.4897959183672,16379.5,28.933332443237305,1.4666666984558105,16874.517578125,22.350000381469727,4.5,4.666666507720947,49.18333435058594,20202.5,2472.542857142857,1.1139285564422607,26.326309204101562,251.4857142857143,1516.924560546875,2085.371337890625,-2.2742857933044434,1032.7428571428572,1,481,1,0,0,41,23,60
0,128.0,0.3854047954082489,267.0,4.0,229.0,1679.0,222.2244897959182,14318.3330078125,29.683332443237305,1.2833333015441895,16064.56640625,22.600000381469727,4.800000190734863,4.816666603088379,40.71666717529297,22473.333984375,2379.2285714285713,1.113976240158081,25.994403839111328,249.74285714285713,1510.793701171875,2117.60009765625,-2.4655001163482666,1033.4,2,481,1,0,0,31,22,46
1,177.0,0.5473204255104065,267.0,4.0,229.0,1114.0,214.1020408163264,13018.8330078125,27.28333282470703,0.9333333373069763,15341.2001953125,22.25,4.400000095367432,4.733333110809326,45.13333511352539,20493.5,2349.6857142857143,1.1294523477554321,26.2785701751709,257.2,1517.8197021484375,2077.17138671875,-2.1183810234069824,1032.6571428571428,1,481,1,0,0,42,6,68
0,96.0,0.1425313502550125,267.0,4.0,229.0,2632.0,212.67346938775495,12458.5556640625,29.75,1.5555555820465088,17844.4609375,21.955554962158203,4.133333206176758,4.8222222328186035,47.47222137451172,23883.27734375,2264.0285714285715,1.1324762105941772,26.082500457763672,259.6857142857143,1522.6053466796875,2089.0,-2.1105475425720215,1036.2857142857142,2,481,1,0,0,31,13,42
0,261.0,0.3568985164165497,267.0,4.0,229.0,1384.0,209.69387755102022,11709.0556640625,31.200000762939453,0.8833333253860474,16818.123046875,22.11111068725586,4.099999904632568,4.72777795791626,43.377777099609375,20820.5,2168.7714285714287,1.1496191024780273,26.234046936035156,266.6857142857143,1517.6134033203125,2086.94287109375,-2.2825000286102295,1032.5142857142857,2,481,1,0,0,21,18,120
0,243.0,0.285062700510025,267.0,4.0,229.0,2196.0,205.9795918367345,11846.6669921875,29.75,1.4500000476837158,16799.02734375,23.10555648803711,5.099999904632568,4.761111259460449,46.622222900390625,22996.4453125,2067.2285714285713,1.1791905164718628,26.400833129882812,283.45714285714286,1532.3472900390625,2054.142822265625,-1.9618809223175049,1031.8,1,481,1,0,0,21,21,86
0,207.0,0.007981755770742893,267.0,4.0,229.0,3413.0,202.22448979591812,11614.6669921875,29.433332443237305,1.4666666984558105,16849.583984375,23.566667556762695,4.699999809265137,4.699999809265137,44.81666564941406,23226.666015625,2044.0,1.1899523735046387,26.48238182067871,284.1714285714286,1525.892333984375,2052.6572265625,-1.9455000162124634,1030.8857142857144,1,481,1,0,0,31,15,73
1,157.0,0.2223489135503769,267.0,4.0,229.0,8179.0,202.36734693877528,12210.4443359375,28.94444465637207,0.8166666626930237,15411.6220703125,21.377777099609375,4.233333110809326,4.5722222328186035,48.75,21168.77734375,2059.714285714286,1.2203094959259033,26.654403686523438,276.51428571428573,1520.4420166015625,2081.771484375,-2.4133095741271973,1043.0285714285715,1,481,1,0,0,31,6,71
0,203.0,0.36259976029396057,267.0,4.0,229.0,18536.0,201.12244897959164,13611.5,29.33333396911621,2.066666603088379,15991.25,22.33333396911621,4.5,4.75,46.5,22481.666015625,1950.142857142857,1.2283095121383667,26.72809600830078,294.9142857142857,1519.2843017578125,2049.71435546875,-1.78852379322052,1029.1714285714286,1,481,1,0,0,21,20,74
0,82.0,0.0672748014330864,267.0,4.0,293.0,17498.0,204.02040816326505,14138.0,26.21666717529297,2.0833332538604736,16597.3671875,22.53333282470703,4.199999809265137,4.683333396911621,52.16666793823242,21941.0,1908.3714285714286,1.249500036239624,26.830358505249023,300.45714285714286,1523.94482421875,2053.485595703125,-1.6988333463668823,1030.2857142857142,0,476,1,0,0,21,17,28
0,195.0,0.06271379441022873,267.0,4.0,293.0,13085.0,205.77551020408134,12776.6669921875,26.866666793823242,1.1166666746139526,16035.7998046875,23.066667556762695,4.300000190734863,4.733333110809326,49.54999923706055,23129.166015625,1880.2285714285715,1.2441904544830322,26.826786041259766,312.62857142857143,1527.4410400390625,2033.3428955078125,-1.8305714130401611,1017.6285714285714,0,476,1,0,0,21,11,68
1,,0.03762827813625336,267.0,4.0,293.0,11569.0,207.69387755102014,12570.0,25.950000762939453,0.8999999761581421,17881.3671875,21.46666717529297,4.0,4.699999809265137,51.53333282470703,23449.666015625,1803.5714285714287,1.2583333253860474,26.85607147216797,321.48571428571427,1531.8795166015625,2051.314208984375,-1.4964286088943481,1017.2,1,476,1,0,0,34,19,
0,167.0,0.23147092759609222,267.0,4.0,293.0,2891.0,210.9387755102038,11683.3330078125,27.03333282470703,0.2666666805744171,15547.849609375,21.53333282470703,4.300000190734863,4.683333396911621,54.04999923706055,22394.833984375,1744.2857142857142,1.2727142572402954,26.937620162963867,335.2,1531.1651611328125,2054.514404296875,-1.427642822265625,1008.6285714285714,3,476,1,0,0,21,9,60
0,39.0,0.09007981419563293,267.0,4.0,293.0,6077.0,211.9591836734691,11408.3330078125,25.549999237060547,0.6666666865348816,16457.916015625,22.316667556762695,4.400000095367432,4.650000095367432,51.83333206176758,22093.666015625,1774.8,1.2628809213638306,26.934165954589844,333.9714285714286,1530.7044677734375,2047.7142333984375,-1.597428560256958,1006.0571428571428,0,476,1,0,0,21,23,15
0,152.0,0.49600911140441895,267.0,4.0,293.0,17467.0,209.9795918367344,11320.0,28.649999618530273,0.4833333194255829,15721.8662109375,21.600000381469727,4.599999904632568,4.75,48.96666717529297,22275.5,1733.4571428571428,1.2750476598739624,26.895475387573242,338.0571428571429,1534.117431640625,2080.771484375,-1.5391191244125366,1010.4,2,476,1,0,0,31,20,68
1,105.0,0.0,267.0,4.0,293.0,26184.0,211.22448979591803,14248.3330078125,27.549999237060547,1.0,16461.56640625,21.100000381469727,4.900000095367432,4.699999809265137,48.86666488647461,24894.333984375,1828.9142857142858,1.2811191082000732,27.027856826782227,331.8,1533.5887451171875,2088.257080078125,-1.7243332862854004,1017.5714285714286,3,476,1,0,0,41,9,42
1,132.0,0.027366019785404205,267.0,4.0,293.0,27698.0,198.3265306122446,10937.6669921875,22.58333396911621,0.3499999940395355,14241.81640625,21.700000762939453,4.599999904632568,4.583333492279053,52.29999923706055,19064.666015625,1807.2,1.2653571367263794,26.925832748413086,336.57142857142856,1540.705810546875,2089.60009765625,-1.5381428003311157,1013.6571428571428,0,476,1,0,0,21,19,49
1,133.0,0.0,267.0,4.0,293.0,20777.0,193.6326530612242,13179.8330078125,24.116666793823242,0.44999998807907104,16569.1171875,21.850000381469727,4.400000095367432,4.599999904632568,53.58333206176758,25326.0,1829.2,1.2609761953353882,26.884523391723633,337.37142857142857,1537.279296875,2092.3427734375,-1.3249762058258057,1010.9428571428572,0,476,1,0,0,34,13,46
1,133.0,0.202964648604393,267.0,4.0,293.0,23586.0,189.99999999999977,13018.0,25.233333587646484,0.550000011920929,15182.93359375,21.66666603088379,4.400000095367432,4.650000095367432,50.45000076293945,18637.666015625,1979.2571428571428,1.2550238370895386,26.856189727783203,330.0,1539.69287109375,2101.428466796875,-1.3467381000518799,1018.4,0,476,1,0,0,41,5,43
0,76.0,0.2633979618549347,267.0,4.0,293.0,29411.0,186.71428571428552,11148.0,28.08333396911621,0.44999998807907104,16760.716796875,21.433332443237305,4.0,4.800000190734863,48.516666412353516,21841.666015625,2055.9714285714285,1.2523095607757568,26.77130889892578,320.2,1534.9090576171875,2128.199951171875,-1.4635714292526245,1025.8857142857144,0,476,1,0,0,21,16,26
0,175.0,0.3511972725391388,267.0,4.0,293.0,25233.0,185.77551020408146,12285.3330078125,27.25,0.75,16286.2001953125,22.46666717529297,4.699999809265137,4.733333110809326,46.83333206176758,23175.166015625,2153.5714285714284,1.2559762001037598,26.77511978149414,312.25714285714287,1534.9940185546875,2151.71435546875,-1.6617143154144287,1035.1142857142856,1,476,1,0,0,21,20,72
0,108.0,0.16077536344528198,267.0,4.0,293.0,21724.0,187.7959183673468,12185.8330078125,32.95000076293945,1.649999976158142,16811.44921875,24.03333282470703,5.0,4.650000095367432,39.45000076293945,24413.833984375,2245.2285714285713,1.1965714693069458,26.28928565979004,312.45714285714286,1532.92138671875,2132.8857421875,-1.3276190757751465,1017.1428571428571,2,476,1,0,0,21,11,38
0,165.0,0.06841505318880081,267.0,4.0,293.0,13022.0,189.10204081632642,12118.5,28.71666717529297,0.4166666567325592,14775.8330078125,22.0,4.599999904632568,4.683333396911621,43.150001525878906,21334.5,2368.8,1.2344048023223877,26.701904296875,305.6,1540.900146484375,2147.199951171875,-1.4983808994293213,1038.6857142857143,3,476,1,0,0,31,13,53
0,115.0,0.2018243968486786,267.0,4.0,293.0,16140.0,190.87755102040805,12125.0,29.16666603088379,1.1166666746139526,17459.68359375,26.366666793823242,5.300000190734863,4.683333396911621,42.150001525878906,23702.0,2343.3142857142857,1.2040475606918335,26.4276180267334,306.8285714285714,1541.7080078125,2137.028564453125,-1.3413095474243164,1030.0857142857142,2,476,1,0,0,21,10,47
1,161.0,0.0,267.0,4.0,293.0,10003.0,191.53061224489784,12455.0,26.91666603088379,1.4666666984558105,14606.150390625,23.149999618530273,5.199999809265137,4.633333206176758,47.88333511352539,21894.5,2545.5142857142855,1.211214303970337,26.68988037109375,295.37142857142857,1540.9639892578125,2143.485595703125,-1.4543571472167969,1042.2,1,476,1,0,0,41,6,53
0,166.0,0.6054732203483582,267.0,4.0,293.0,14040.0,192.1224489795917,12687.8330078125,27.299999237060547,0.9333333373069763,18383.416015625,26.08333396911621,5.199999809265137,4.666666507720947,39.266666412353516,25129.5,2695.0,1.2013095617294312,26.568809509277344,283.65714285714284,1537.061279296875,2175.6572265625,-1.6918809413909912,1049.4285714285713,4,476,1,0,0,21,8,56
0,12.0,0.0877993181347847,267.0,4.0,293.0,10320.0,191.2653061224489,12787.0,29.950000762939453,3.0833332538604736,21167.083984375,24.33333396911621,4.900000095367432,5.0,41.13333511352539,29112.333984375,2757.4857142857145,1.1790000200271606,26.322500228881836,278.2,1533.4107666015625,2190.45703125,-1.6989047527313232,1047.0857142857142,24,476,1,0,0,21,14,6
0,92.0,0.5347776412963867,267.0,4.0,293.0,9496.0,182.73469387755088,12172.0,31.950000762939453,0.7166666388511658,17134.19921875,23.5,5.099999904632568,4.683333396911621,33.5,23852.666015625,2845.2285714285713,1.1727380752563477,26.229522705078125,271.1142857142857,1530.8978271484375,2214.142822265625,-1.8842142820358276,1052.942857142857,2,476,1,0,0,21,4,31
0,104.0,0.30102622509002686,267.0,4.0,229.0,1622.0,188.3877551020407,13626.1669921875,27.266666412353516,3.200000047683716,16202.0,23.450000762939453,5.099999904632568,4.650000095367432,41.983333587646484,22899.833984375,2803.542857142857,1.1159285306930542,25.8992862701416,278.9142857142857,1547.22021484375,2200.142822265625,-1.8451428413391113,1038.0857142857142,3,481,1,0,0,31,7,44
0,81.0,0.3295325040817261,267.0,4.0,229.0,1434.0,188.53061224489784,11756.3330078125,28.5,1.7999999523162842,20621.31640625,23.133333206176758,5.5,4.983333110809326,40.28333282470703,24020.666015625,2885.5142857142855,1.1272857189178467,26.001903533935547,270.9714285714286,1540.65576171875,2234.94287109375,-1.6827380657196045,1047.4,2,481,1,0,0,31,6,30
0,141.0,0.4036487936973572,267.0,4.0,229.0,3689.0,189.16326530612236,12771.0,28.116666793823242,2.116666555404663,17686.94921875,22.33333396911621,5.099999904632568,4.566666603088379,37.83333206176758,24031.0,2898.5142857142855,1.1288095712661743,26.03881072998047,271.0285714285714,1542.0032958984375,2236.028564453125,-1.540690541267395,1048.0,2,481,1,0,0,31,11,44
0,134.0,0.1767388880252838,267.0,4.0,229.0,3342.0,190.18367346938763,14792.5,26.983333587646484,1.0833333730697632,23171.6171875,23.016666412353516,5.199999809265137,4.699999809265137,41.650001525878906,24085.333984375,2888.714285714286,1.0866904258728027,25.701309204101562,272.6857142857143,1548.0777587890625,2236.971435546875,-1.2978571653366089,1036.6,2,481,1,0,0,21,32,42
0,144.0,0.15279361605644226,267.0,4.0,229.0,2731.0,185.0816326530611,15726.0,25.299999237060547,3.4833333492279053,22922.900390625,23.5,5.800000190734863,4.75,37.86666488647461,24840.0,3076.4857142857145,1.0992618799209595,26.040952682495117,271.65714285714284,1558.72314453125,2238.199951171875,-0.7070714235305786,1050.6,1,481,1,0,0,31,35,46
0,157.0,0.07639680802822113,267.0,4.0,229.0,2663.0,191.5306122448978,15409.6484375,26.729629516601562,4.6370368003845215,20447.779296875,24.405555725097656,6.044444561004639,4.800000190734863,38.931480407714844,32456.57421875,3095.7714285714287,1.080547571182251,25.822975158691406,267.74285714285713,1558.03515625,2251.142822265625,-0.7851190567016602,1048.057142857143,1,481,1,0,0,21,13,52
0,170.0,0.46180158853530884,267.0,4.0,283.0,2204.0,192.46938775510188,16453.166015625,25.97222328186035,4.8333330154418945,18828.615234375,23.122222900390625,5.766666412353516,4.75,35.67777633666992,28960.056640625,3248.457142857143,1.086142897605896,26.108095169067383,269.1714285714286,1571.66943359375,2256.199951171875,-0.4187619090080261,1057.942857142857,1,507,1,0,0,24,32,60
0,167.0,0.5507411360740662,267.0,4.0,283.0,1299.0,194.83673469387733,17466.5,26.58333396911621,3.2833333015441895,17853.93359375,23.816667556762695,6.0,4.849999904632568,36.650001525878906,27732.166015625,3308.7428571428572,1.0857380628585815,26.097620010375977,265.0571428571429,1563.7940673828125,2271.257080078125,-0.5161190629005432,1056.4,0,507,1,0,0,24,10,60
0,85.0,0.08209805935621262,267.0,4.0,283.0,1891.0,194.51020408163245,15401.8330078125,26.649999618530273,4.066666603088379,19070.033203125,22.799999237060547,6.0,4.883333206176758,42.900001525878906,23959.833984375,3409.057142857143,1.0824047327041626,26.1636905670166,262.0285714285714,1576.3177490234375,2268.45703125,-0.5294761657714844,1065.5714285714287,1,507,1,0,0,31,10,30
0,,0.042189281433820724,267.0,4.0,283.0,2216.0,194.46938775510185,14375.5,24.983333587646484,1.600000023841858,17459.80078125,23.25,5.900000095367432,5.0,44.31666564941406,25888.166015625,3554.8,1.0816190242767334,26.121191024780273,247.8,1549.1297607421875,2288.228515625,-0.6156666278839111,1063.8285714285714,2,507,1,0,0,41,8,
1,121.0,0.0,267.0,4.0,229.0,2291.0,182.0408163265305,18296.833984375,26.21666717529297,4.5333333015441895,15318.75,23.25,5.5,4.75,37.96666717529297,21294.5,2814.6857142857143,1.0384762287139893,26.195119857788086,260.9428571428571,1600.4725341796875,2123.28564453125,-0.41935715079307556,1066.942857142857,5,481,1,0,0,34,5,47
0,48.0,0.3044469654560089,267.0,4.0,229.0,1316.0,181.08163265306112,15574.6669921875,26.600000381469727,4.016666889190674,18776.30078125,23.733333587646484,5.800000190734863,5.0,40.68333435058594,25881.333984375,2614.3714285714286,1.062928557395935,26.308570861816406,255.94285714285715,1567.461669921875,2111.228515625,-0.49947619438171387,1061.5714285714287,4,481,1,0,0,21,4,16
0,146.0,0.04332953318953514,267.0,4.0,229.0,3503.0,183.5306122448979,12328.8330078125,21.766666412353516,6.099999904632568,13686.43359375,22.399999618530273,5.599999904632568,4.699999809265137,46.79999923706055,19190.0,2500.8,1.0524524450302124,26.281667709350586,267.85714285714283,1573.827880859375,2077.514404296875,-0.4666190445423126,1050.0857142857142,3,481,1,0,0,21,20,48
0,152.0,0.0,267.0,4.0,229.0,4870.0,185.22448979591832,11874.3330078125,24.33333396911621,6.150000095367432,15091.06640625,24.200000762939453,5.800000190734863,4.583333492279053,45.983333587646484,20302.333984375,2500.8,1.0524524450302124,26.281667709350586,267.85714285714283,1573.827880859375,2077.514404296875,-0.4666190445423126,1050.0857142857142,1,481,1,0,0,24,23,46
0,158.0,0.0,267.0,4.0,229.0,9347.0,185.6122448979591,11713.0,24.133333206176758,3.200000047683716,15067.4501953125,21.455554962158203,5.400000095367432,4.616666793823242,45.988887786865234,21379.166015625,2375.2571428571428,1.062571406364441,26.337858200073242,281.6,1559.61572265625,2057.1142578125,-0.38804760575294495,1033.3428571428572,0,481,1,0,0,21,31,48
0,188.0,0.0,267.0,4.0,229.0,10890.0,186.04081632653055,10797.3330078125,25.266666412353516,1.7666666507720947,14547.7001953125,21.116666793823242,5.300000190734863,4.800000190734863,47.733333587646484,21330.333984375,2362.2571428571428,1.0579285621643066,26.350833892822266,287.0285714285714,1564.95458984375,2037.6285400390625,-0.36650002002716064,1028.7428571428572,0,481,1,0,0,21,25,65
0,130.0,0.48346635699272156,267.0,4.0,229.0,3637.0,185.71428571428567,11036.3330078125,24.350000381469727,0.9333333373069763,14192.3330078125,22.766666412353516,5.099999904632568,5.0333333015441895,50.96666717529297,22022.5,2324.6857142857143,1.048976182937622,26.396785736083984,303.74285714285713,1577.921875,1996.2857666015625,-0.29264286160469055,1017.3142857142857,1,481,1,0,0,21,35,40
0,74.0,0.5541619062423706,267.0,4.0,229.0,1151.0,184.51020408163262,13127.3330078125,23.116666793823242,3.7166666984558105,15359.25,22.433332443237305,5.5,4.75,49.86666488647461,20098.5,2273.0,1.0333095788955688,26.3797607421875,331.2857142857143,1616.2626953125,1945.6571044921875,-0.2603333294391632,1006.8857142857142,4,481,1,0,0,31,7,31
0,1.0,0.20410490036010742,267.0,4.0,229.0,7317.0,180.6326530612244,12797.3330078125,23.799999237060547,4.150000095367432,17659.400390625,22.766666412353516,5.800000190734863,4.983333110809326,51.46666717529297,25929.833984375,2330.057142857143,1.0356428623199463,26.397857666015625,316.1714285714286,1580.08642578125,1961.771484375,-0.27707141637802124,1003.5714285714286,5,481,1,0,0,31,5,
0,85.0,0.799315869808197,267.0,4.0,229.0,2295.0,177.24489795918362,12050.3330078125,25.116666793823242,5.099999904632568,14210.599609375,21.816667556762695,5.5,4.75,50.04999923706055,19255.5,2208.5714285714284,1.0359761714935303,26.40654754638672,333.37142857142857,1587.74951171875,1914.4857177734375,-0.26523810625076294,991.9714285714285,3,481,1,0,0,31,5,33
0,88.0,0.48232612013816833,267.0,4.0,229.0,5956.0,172.67346938775503,11149.611328125,25.116666793823242,2.222222089767456,16644.060546875,22.399999618530273,5.166666507720947,4.833333492279053,53.67222213745117,20240.333984375,2239.6,1.0497618913650513,26.511310577392578,326.57142857142856,1578.1990966796875,1924.05712890625,-0.25261905789375305,997.5428571428571,1,481,1,0,0,21,11,32
0,122.0,0.19042189419269562,267.0,4.0,229.0,15596.0,169.53061224489784,11668.6669921875,21.03333282470703,2.9000000953674316,16561.482421875,21.46666717529297,5.5,5.050000190734863,52.766666412353516,22355.666015625,2185.342857142857,1.0528810024261475,26.53630828857422,331.22857142857146,1577.875732421875,1912.17138671875,-0.2720952332019806,995.5428571428571,6,481,1,0,0,21,5,40
0,90.0,0.11972633749246597,267.0,4.0,229.0,11959.0,166.3469387755101,12452.5,24.16666603088379,2.116666555404663,14965.0,22.350000381469727,5.699999809265137,5.0,51.95000076293945,22152.0,2095.7714285714287,1.0710713863372803,26.857261657714844,340.9428571428571,1574.2490234375,1875.4000244140625,-0.30964285135269165,988.9142857142857,4,481,1,0,0,34,12,32
0,121.0,0.38996580243110657,267.0,4.0,229.0,17343.0,162.53061224489787,13163.0,21.58333396911621,3.75,15201.1337890625,22.766666412353516,5.900000095367432,4.900000095367432,53.650001525878906,23101.333984375,2011.3714285714286,1.065000057220459,26.812143325805664,351.2857142857143,1577.774658203125,1852.6285400390625,-0.31278571486473083,978.3142857142857,5,481,1,0,0,41,4,45
0,66.0,0.3306727409362793,267.0,4.0,229.0,21371.0,158.46938775510193,13977.3330078125,23.733333587646484,7.150000095367432,14698.0,26.28333282470703,6.0,4.900000095367432,53.78333282470703,25556.0,1979.8285714285714,1.0599048137664795,26.810832977294922,355.8857142857143,1581.3045654296875,1846.914306640625,-0.3474999964237213,978.3142857142857,6,481,1,0,0,11,7,22
0,42.0,0.020524514839053154,267.0,4.0,229.0,9931.0,156.10204081632642,12289.1669921875,23.383333206176758,3.366666555404663,17726.517578125,22.683332443237305,6.0,5.050000190734863,55.16666793823242,24133.333984375,1876.6285714285714,1.0227142572402954,26.380001068115234,363.0857142857143,1582.3525390625,1832.0,-0.3206428587436676,961.2857142857143,8,481,1,0,0,21,6,15
0,80.0,0.3979475498199463,267.0,4.0,229.0,9274.0,154.28571428571416,10425.8330078125,22.383333206176758,2.633333444595337,15928.75,22.950000762939453,5.699999809265137,4.800000190734863,55.04999923706055,21680.833984375,2031.3428571428572,1.0102380514144897,26.33547592163086,350.6,1576.3985595703125,1832.4000244140625,-0.3808095455169678,968.3142857142857,4,481,1,0,0,31,17,28
0,139.0,0.22690992057323456,267.0,4.0,191.0,11465.0,152.87755102040802,12179.1669921875,22.933332443237305,5.599999904632568,16457.80078125,22.383333206176758,5.699999809265137,4.7833333015441895,53.38333511352539,22905.833984375,2038.3428571428572,0.9909999966621399,26.149999618530273,350.74285714285713,1577.7998046875,1814.971435546875,-0.376714289188385,962.2571428571429,3,481,1,0,0,21,10,53
0,70.0,0.049030788242816925,267.0,4.0,191.0,7732.0,149.61224489795904,14091.1669921875,20.683332443237305,3.0333333015441895,19575.5,23.633333206176758,6.199999809265137,5.25,59.016666412353516,26530.833984375,2055.3142857142857,0.9992856979370117,26.288095474243164,353.6857142857143,1585.27783203125,1797.5142822265625,-0.3846428692340851,966.6571428571428,11,481,1,0,0,31,7,24
0,188.0,0.5108323693275452,267.0,4.0,191.0,2676.0,148.61224489795907,14427.0,21.399999618530273,8.5,16185.2998046875,24.649999618530273,6.099999904632568,4.900000095367432,57.31666564941406,27064.0,2150.657142857143,1.027333378791809,26.72857093811035,356.85714285714283,1592.666259765625,1768.3714599609375,-0.4442142844200134,975.4571428571429,3,567,1,0,0,11,9,73
0,56.0,0.48346635699272156,267.0,4.0,191.0,5524.0,148.64583333333323,12954.8330078125,20.21666717529297,3.6666667461395264,15671.5498046875,22.450000762939453,5.699999809265137,4.849999904632568,61.08333206176758,21672.666015625,2178.7428571428572,1.0214999914169312,26.689762115478516,355.1714285714286,1594.35986328125,1764.6856689453125,-0.46245238184928894,976.3714285714286,3,567,1,0,0,34,2,19
0,153.0,0.0946408212184906,267.0,4.0,191.0,3330.0,148.73469387755097,11477.1669921875,19.233333587646484,3.549999952316284,15623.1162109375,22.233333587646484,6.400000095367432,5.0,61.71666717529297,22354.166015625,2217.2285714285713,1.024976134300232,26.820594787597656,354.1142857142857,1593.4925537109375,1758.6285400390625,-0.48045238852500916,978.0285714285715,4,567,1,0,0,41,8,57
0,95.0,0.11744584143161774,267.0,4.0,191.0,4642.0,147.61702127659564,12977.6669921875,21.316667556762695,2.0999999046325684,14207.1337890625,26.299999237060547,5.800000190734863,4.800000190734863,60.36666488647461,24775.166015625,2155.057142857143,1.0255951881408691,26.760713577270508,359.9142857142857,1597.5196533203125,1750.771484375,-0.49173811078071594,974.9142857142857,3,567,1,0,0,34,10,33
0,142.0,0.6009122133255005,267.0,4.0,191.0,1256.0,147.29166666666657,13630.6669921875,20.71666717529297,5.650000095367432,14443.1162109375,24.399999618530273,5.599999904632568,5.0,62.016666412353516,21544.166015625,2125.0,0.9965000152587891,26.492023468017578,361.54285714285714,1601.624755859375,1747.8857421875,-0.5212380886077881,964.2285714285714,2,567,1,0,0,31,7,53
0,276.0,0.6898517608642578,296.0,3.0,313.0,1891.0,298.1020408163263,13947.0,25.28333282470703,2.8499999046325684,16793.232421875,21.066667556762695,3.5999999046325684,5.0,18.46666717529297,16978.5,2399.542857142857,0.781761884689331,25.01333236694336,128.88571428571427,1389.625732421875,1704.17138671875,0.26452380418777466,960.6857142857143,0,505,1,1,0,41,14,114
0,247.0,0.2519954442977905,296.0,3.0,313.0,1589.0,296.1020408163263,13766.0,26.28333282470703,5.683333396911621,16372.6669921875,22.75,4.0,5.099999904632568,24.866666793823242,16003.0,2459.885714285714,0.7661428451538086,24.972023010253906,130.0,1394.186279296875,1701.971435546875,0.28497618436813354,959.2857142857143,3,505,1,0,0,31,7,125
0,264.0,0.4675028622150421,296.0,3.0,313.0,1284.0,300.1428571428569,11053.6669921875,29.183332443237305,3.049999952316284,17380.333984375,21.016666412353516,3.5999999046325684,5.183333396911621,29.816667556762695,17874.166015625,2531.457142857143,0.7669761776924133,24.8655948638916,137.37142857142857,1395.98046875,1659.5999755859375,0.3585476279258728,954.4,1,505,1,0,1,42,14,125
0,254.0,0.6887115240097046,296.0,3.0,313.0,1087.0,300.1428571428569,13047.0,25.450000762939453,4.416666507720947,14903.849609375,22.116666793823242,3.799999952316284,5.300000190734863,25.66666603088379,17139.0,2560.1428571428573,0.7657142877578735,24.873571395874023,138.6,1394.93603515625,1655.971435546875,0.3852618932723999,952.9714285714285,1,505,1,0,1,21,3,106
0,100.0,0.9623717069625854,296.0,3.0,313.0,1067.0,300.8979591836732,12225.5,29.516666412353516,4.633333206176758,15398.56640625,20.566667556762695,3.5,5.25,32.31666564941406,14724.6669921875,2598.6,0.7582380771636963,24.86321449279785,137.28571428571428,1400.211181640625,1662.028564453125,0.3991190791130066,956.2857142857143,1,505,1,0,1,42,10,51
0,119.0,0.6841505169868469,296.0,3.0,313.0,1413.0,301.2040816326528,14893.5,27.83333396911621,5.199999809265137,17791.18359375,22.0,3.5999999046325684,5.349999904632568,33.18333435058594,18295.333984375,2645.7428571428572,0.7578333616256714,24.774999618530273,141.28571428571428,1404.2921142578125,1641.17138671875,0.42407143115997314,955.3714285714286,1,505,1,0,1,21,1,48
0,337.0,0.6955530047416687,296.0,3.0,313.0,1144.0,300.7551020408161,15279.3330078125,23.316667556762695,2.683333396911621,14192.2666015625,20.600000381469727,4.199999809265137,4.900000095367432,39.45000076293945,17242.333984375,2718.7428571428572,0.7645952701568604,24.912500381469727,141.6,1396.4029541015625,1648.199951171875,0.4947619140148163,956.4,4,505,1,0,1,42,5,161
0,311.0,0.5587229132652283,296.0,3.0,313.0,1157.0,300.57142857142827,14329.5,23.516666412353516,3.3499999046325684,14262.43359375,19.71666717529297,3.700000047683716,4.900000095367432,37.45000076293945,14506.3330078125,2780.6857142857143,0.758476197719574,24.963809967041016,138.4,1394.5560302734375,1665.94287109375,0.5631428360939026,958.6285714285714,2,505,1,0,1,41,26,120
0,301.0,0.638540506362915,296.0,3.0,313.0,1117.0,299.1224489795916,15455.3330078125,22.83333396911621,5.916666507720947,14623.8837890625,20.766666412353516,3.700000047683716,4.900000095367432,41.68333435058594,14590.8330078125,2819.9142857142856,0.7489047646522522,24.885000228881836,136.4,1396.704833984375,1681.3428955078125,0.595880925655365,959.4,0,505,1,0,1,21,29,137
0,135.0,0.8768529295921326,296.0,3.0,313.0,1195.0,298.4897959183671,15263.1669921875,19.350000381469727,5.7833333015441895,13132.3837890625,20.41666603088379,3.5,5.0,42.03333282470703,14308.1669921875,2860.6285714285714,0.760452389717102,25.02857208251953,137.9142857142857,1394.1817626953125,1680.4571533203125,0.610619068145752,960.2,2,505,1,0,1,31,9,60
0,144.0,0.8050171136856079,296.0,3.0,313.0,1158.0,298.71428571428544,10360.4443359375,19.572221755981445,5.455555438995361,13642.6943359375,20.077777862548828,3.2333333492279053,4.900000095367432,43.25555419921875,13244.2783203125,2904.114285714286,0.7606428265571594,25.027976989746094,137.54285714285714,1388.09912109375,1690.4285888671875,0.6329047679901123,957.8,1,505,1,0,1,31,2,72
0,377.0,0.8494868874549866,296.0,3.0,313.0,1078.0,296.59183673469363,13170.3330078125,20.049999237060547,6.7166666984558105,15276.1669921875,21.71666717529297,3.5999999046325684,5.0,42.91666793823242,15293.3330078125,2916.057142857143,0.7620000243186951,25.07131004333496,136.77142857142857,1389.7740478515625,1701.94287109375,0.6565714478492737,959.5142857142857,2,505,1,0,1,41,14,189
0,131.0,0.026225769892334938,296.0,3.0,313.0,4019.0,294.7755102040814,13649.0,19.049999237060547,3.4666666984558105,20025.732421875,19.066667556762695,3.5999999046325684,4.75,36.150001525878906,14428.0,2931.114285714286,0.7657619118690491,25.198095321655273,132.45714285714286,1377.3607177734375,1722.3428955078125,0.6440237760543823,960.3428571428572,2,505,1,0,0,31,16,63
0,190.0,0.10718358308076859,296.0,3.0,313.0,3114.0,291.5714285714283,10685.0,17.66666603088379,3.700000047683716,16374.7001953125,19.28333282470703,3.0,4.650000095367432,50.36666488647461,15182.0,2931.542857142857,0.7645714282989502,25.24726104736328,132.37142857142857,1369.5174560546875,1733.2572021484375,0.6448571085929871,956.1428571428571,6,505,1,0,0,41,6,69
0,240.0,0.32611173391342163,296.0,3.0,313.0,1613.0,284.9999999999997,10455.1669921875,19.850000381469727,3.8333332538604736,15313.6337890625,19.200000762939453,3.299999952316284,4.75,41.03333282470703,14456.8330078125,2923.6,0.7767381072044373,25.343095779418945,129.34285714285716,1375.701171875,1763.6285400390625,0.6237619519233704,968.1428571428571,5,505,1,0,0,31,2,113
0,183.0,0.9042189121246338,296.0,3.0,313.0,1220.0,284.9999999999997,9629.6669921875,20.983333587646484,3.433333396911621,14271.533203125,19.066667556762695,3.5999999046325684,4.75,45.61666488647461,15987.3330078125,2927.6285714285714,0.7555238008499146,25.209999084472656,132.42857142857142,1381.195556640625,1742.971435546875,0.6394285559654236,962.4,4,505,1,0,0,31,3,91
0,289.0,0.6191562414169312,296.0,3.0,313.0,4245.0,281.91836734693845,11723.0,21.08333396911621,5.550000190734863,15652.599609375,21.516666412353516,4.0,4.75,45.70000076293945,15222.0,2898.885714285714,0.7472142577171326,25.218690872192383,132.2,1380.083740234375,1739.228515625,0.6645238399505615,961.6857142857143,1,505,1,0,0,42,10,121
0,206.0,0.6795895099639893,296.0,3.0,313.0,1538.0,280.5714285714283,10385.3330078125,20.322221755981445,5.938889026641846,14826.6669921875,21.061111450195312,3.8333332538604736,4.7833333015441895,45.81111145019531,14908.0556640625,2846.9142857142856,0.7460476160049438,25.279285430908203,132.28571428571428,1379.207275390625,1735.7142333984375,0.670285701751709,962.4857142857143,2,505,1,0,1,42,5,102
0,128.50322222896858,0.7400227785110474,296.0,3.0,313.0,1216.0,279.63829787234016,10200.8330078125,23.299999237060547,5.099999904632568,16324.25,22.983333587646484,4.300000190734863,4.900000095367432,37.150001525878906,14837.3330078125,2711.3714285714286,0.7514285445213318,25.402379989624023,131.62857142857143,1387.9078369140625,1718.17138671875,0.6083571314811707,972.8285714285714,2,505,1,0,1,31,3,63
0,184.0,0.4469783306121826,296.0,3.0,313.0,1856.0,278.3777777777775,9989.5,18.433332443237305,6.566666603088379,16320.966796875,19.41666603088379,3.700000047683716,4.75,45.11666488647461,16748.0,2609.8571428571427,0.7443809509277344,25.361190795898438,127.42857142857143,1384.6553955078125,1701.771484375,0.5910952687263489,973.4857142857143,4,505,1,0,1,31,35,83
0,234.0,0.4116305708885193,296.0,3.0,313.0,1716.0,277.3478260869562,9936.8330078125,24.21666717529297,7.166666507720947,16353.18359375,21.233333587646484,3.700000047683716,5.0,40.04999923706055,15441.1669921875,2529.4857142857145,0.7542142868041992,25.543094635009766,123.31428571428572,1378.26025390625,1697.4000244140625,0.5600714087486267,978.8571428571429,2,505,1,0,0,21,29,84
0,340.0,0.42759406566619873,296.0,3.0,313.0,1060.0,273.733333333333,9168.833984375,22.91666603088379,6.116666793823242,15668.75,20.883333206176758,3.8333334922790527,4.9666666984558105,36.93333053588867,16362.3330078125,2403.285714285714,0.7457619309425354,25.527381896972656,123.42857142857143,1389.0423583984375,1676.4000244140625,0.5146905183792114,983.3142857142857,2,469,1,0,0,41,13,145
0,249.0,0.7924743294715881,296.0,3.0,313.0,1103.0,271.1025641025639,8921.0,29.399999618530273,7.7833333015441895,17066.56640625,21.75,4.5,4.949999809265137,34.93333435058594,15835.0,2370.1428571428573,0.7493571639060974,25.47011947631836,124.22857142857143,1392.6357421875,1667.2857666015625,0.5089523792266846,985.4571428571429,1,505,1,0,0,41,30,119
0,208.0,0.5199543833732605,296.0,3.0,313.0,5194.0,262.64285714285694,10413.1669921875,23.46666717529297,8.566666603088379,18052.982421875,21.899999618530273,4.199999809265137,4.849999904632568,34.5,19064.5,2508.1428571428573,0.7564523816108704,25.513452529907227,119.74285714285715,1380.759765625,1665.771484375,0.5005238056182861,987.0857142857143,1,505,1,0,0,31,27,79
0,213.0,0.19270239770412445,296.0,3.0,313.0,3275.0,256.03124999999994,10671.111328125,23.744443893432617,8.338889122009277,16952.560546875,23.02777671813965,4.0,4.866666793823242,38.93333435058594,21915.77734375,2648.3142857142857,0.7710714340209961,25.642738342285156,114.05714285714286,1381.211669921875,1685.5714111328125,0.4027143120765686,999.0285714285715,1,505,1,0,0,21,2,78
0,,0.03534777835011482,296.0,3.0,313.0,8527.0,247.9722222222221,13042.22265625,29.455554962158203,3.4833333492279053,18299.873046875,20.711111068725586,3.7333333492279053,4.8111114501953125,37.88333511352539,19097.611328125,2680.1428571428573,0.7767381072044373,25.66214370727539,108.11428571428571,1394.6934814453125,1711.4000244140625,0.3263571560382843,1015.2,3,505,1,0,0,42,16,
0,93.0,0.17787913978099823,296.0,3.0,293.0,4031.0,252.92105263157873,12404.5,36.0,5.699999809265137,18632.44921875,20.75,4.300000190734863,4.5,43.266666412353516,21222.0,3851.9714285714285,0.9532142877578735,26.987857818603516,153.54285714285714,1380.9356689453125,1810.6285400390625,0.5277142524719238,1024.7142857142858,0,476,1,0,0,21,6,40
0,195.0,0.30102622509002686,296.0,3.0,293.0,2641.0,252.92105263157873,12607.3330078125,38.16666793823242,10.766666412353516,19141.583984375,21.71666717529297,3.799999952316284,4.699999809265137,35.66666793823242,20893.333984375,3895.8571428571427,0.9494524002075195,26.926427841186523,155.4857142857143,1378.2216796875,1802.1142578125,0.5298571586608887,1022.4857142857143,0,476,1,1,0,31,11,74
0,126.0,0.7844926118850708,296.0,3.0,293.0,1103.0,260.38775510204056,11665.6669921875,30.299999237060547,11.766666412353516,17009.31640625,21.883333206176758,3.9000000953674316,4.550000190734863,51.93333435058594,23174.0,3912.9142857142856,0.9066428542137146,26.69440460205078,156.0857142857143,1378.1162109375,1789.800048828125,0.6184523701667786,1005.5142857142857,1,476,1,1,0,31,25,57
0,86.0,0.91904217004776,296.0,3.0,293.0,1093.0,266.81632653061206,13408.0,30.316667556762695,12.416666984558105,17392.1171875,22.200000762939453,4.0,4.7833333015441895,51.150001525878906,19709.5,3941.6,0.897261917591095,26.62761878967285,155.97142857142856,1379.2000732421875,1792.7142333984375,0.6577380895614624,1003.0857142857143,0,476,1,1,0,42,21,39
0,200.0,0.9452679753303528,296.0,3.0,293.0,1067.0,274.8979591836732,14181.1669921875,33.266666412353516,12.050000190734863,15814.0830078125,22.383333206176758,4.099999904632568,4.599999904632568,47.41666793823242,23416.166015625,3938.9714285714285,0.885190486907959,26.542142868041992,154.22857142857143,1383.6090087890625,1804.3143310546875,0.6544286012649536,1004.3142857142857,1,476,1,1,0,31,25,77
0,283.0,0.41619154810905457,296.0,3.0,293.0,3113.0,288.1020408163262,11859.3330078125,35.95000076293945,7.349999904632568,18807.833984375,24.116666793823242,4.400000095367432,4.349999904632568,47.41666793823242,22843.5,3920.7428571428572,0.8720952272415161,26.37714195251465,146.9142857142857,1387.6724853515625,1832.4857177734375,0.650857150554657,1010.8,3,476,1,0,0,11,6,100
0,177.0,0.07753705978393555,296.0,3.0,293.0,2390.0,291.57142857142827,12719.8330078125,33.86666488647461,9.583333015441895,18105.017578125,21.100000381469727,3.799999952316284,4.349999904632568,44.66666793823242,16951.0,3874.2571428571428,0.8576428890228271,26.329166412353516,141.97142857142856,1385.1771240234375,1849.4000244140625,0.5804523825645447,1009.7428571428571,2,476,1,0,0,21,12,85
0,272.0,0.8141391277313232,296.0,3.0,293.0,1177.0,297.1632653061222,11671.0,34.744441986083984,9.05555534362793,22223.34375,25.03333282470703,5.666666507720947,4.316666603088379,44.366668701171875,24221.388671875,3871.9714285714285,0.8223809599876404,25.900238037109375,145.85714285714286,1386.5963134765625,1839.6856689453125,0.6147142648696899,994.9714285714285,0,476,1,0,1,21,7,103
0,175.0,0.5644241571426392,296.0,3.0,293.0,1406.0,303.08163265306104,12778.3330078125,35.150001525878906,6.949999809265137,18924.849609375,23.53333282470703,6.099999904632568,4.199999809265137,46.150001525878906,19143.0,3707.4285714285716,0.8137618899345398,26.028095245361328,147.28571428571428,1393.5048828125,1861.4857177734375,0.5896190404891968,995.5428571428571,2,476,1,0,1,31,2,62
0,323.0,0.8015963435173035,296.0,3.0,293.0,2719.0,301.93877551020387,10833.0,38.58333206176758,7.233333110809326,19218.80078125,23.5,4.5,4.349999904632568,41.233333587646484,22259.0,3652.6285714285714,0.781166672706604,25.556072235107422,144.5142857142857,1393.6917724609375,1873.6856689453125,0.6364523768424988,987.2,0,476,1,0,1,21,33,115
0,251.0,0.8551881313323975,296.0,3.0,293.0,1316.0,297.06122448979573,13211.6669921875,38.733333587646484,12.483333587646484,17432.18359375,21.46666717529297,5.0,4.349999904632568,41.43333435058594,16356.6669921875,3558.342857142857,0.7860952615737915,25.774166107177734,147.5142857142857,1397.8648681640625,1881.7427978515625,0.6500238180160522,988.3142857142857,0,476,1,0,1,31,2,98
0,297.0,0.7822120785713196,296.0,3.0,293.0,10375.0,289.93877551020387,11261.5,36.88333511352539,5.916666507720947,18383.232421875,24.233333587646484,6.099999904632568,4.449999809265137,41.016666412353516,21316.833984375,3397.4857142857145,0.7699999809265137,25.49118995666504,143.77142857142857,1399.9749755859375,1922.05712890625,0.6131428480148315,986.6285714285714,0,476,1,0,0,21,33,159
0,241.0,0.5153933763504028,296.0,3.0,293.0,4743.0,283.89795918367315,12007.0,38.29999923706055,5.099999904632568,18159.533203125,21.433332443237305,4.0,4.366666793823242,42.04999923706055,17655.5,3422.5714285714284,0.7492380738258362,25.272619247436523,142.54285714285714,1397.6309814453125,1919.5142822265625,0.6353809237480164,981.2571428571429,0,476,1,0,0,31,31,112
0,210.0,0.7286202907562256,296.0,3.0,293.0,2125.0,277.1632653061222,11538.1669921875,38.400001525878906,8.383333206176758,20800.216796875,26.983333587646484,7.0,4.449999809265137,39.58333206176758,23925.0,3311.457142857143,0.7618571519851685,25.53523826599121,144.45714285714286,1403.68994140625,1948.028564453125,0.6237381100654602,986.6571428571428,0,476,1,0,0,21,9,78
0,80.0,0.9281641840934753,296.0,3.0,293.0,1090.0,267.7551020408161,15451.0927734375,37.74629592895508,5.607407093048096,18758.634765625,20.655555725097656,4.622222423553467,4.418518543243408,41.77407455444336,18010.1484375,3270.885714285714,0.7543809413909912,25.546546936035156,141.28571428571428,1406.5809326171875,2021.228515625,0.568142831325531,988.8285714285714,2,476,1,0,0,42,2,30
0,119.0,0.3728620409965515,296.0,3.0,293.0,3992.0,261.04081632653043,13870.3330078125,31.46666717529297,7.116666793823242,18580.416015625,23.933332443237305,4.900000095367432,4.583333492279053,44.266666412353516,20901.333984375,3151.4285714285716,0.7540952563285828,25.510833740234375,136.0857142857143,1399.484619140625,2059.628662109375,0.49385714530944824,988.9428571428572,0,476,1,0,0,21,1,42
0,150.0,0.12542758882045746,296.0,3.0,293.0,10945.0,266.6938775510201,13497.1669921875,28.933332443237305,4.0,16773.716796875,19.950000762939453,4.300000190734863,4.400000095367432,47.96666717529297,15864.0,3157.8571428571427,0.7543809413909912,25.641189575195312,136.77142857142857,1404.79931640625,2125.1142578125,0.4693571627140045,992.5428571428571,1,476,1,0,0,21,12,56
0,65.0,0.16761687397956848,296.0,3.0,293.0,13420.0,262.3877551020406,15466.5,31.850000381469727,4.183333396911621,17058.8828125,21.133333206176758,4.5,4.416666507720947,46.63333511352539,17160.5,3065.657142857143,0.7394999861717224,25.5238094329834,141.62857142857143,1408.84130859375,2125.628662109375,0.38930949568748474,986.5142857142857,1,476,1,0,0,21,3,27
0,174.0,0.42075255513191223,296.0,3.0,293.0,6275.0,274.816326530612,13595.0,29.46666717529297,5.7166666984558105,18456.93359375,23.816667556762695,5.400000095367432,4.599999904632568,45.41666793823242,21567.333984375,3125.4857142857145,0.7113571166992188,24.971904754638672,139.11428571428573,1404.9117431640625,2065.3427734375,0.3602142632007599,974.4285714285714,0,476,1,0,0,21,1,80
0,207.0,0.571265697479248,296.0,3.0,293.0,7834.0,268.08163265306104,14021.3330078125,23.433332443237305,7.2166666984558105,16817.599609375,21.733333587646484,3.700000047683716,4.550000190734863,53.266666412353516,16232.0,3084.6285714285714,0.7126428484916687,25.188095092773438,141.6,1405.5596923828125,2052.514404296875,0.33197617530822754,973.2,3,476,1,0,0,41,21,82
0,167.0,0.745724081993103,296.0,3.0,293.0,1216.0,280.53061224489767,12311.0,35.18333435058594,4.383333206176758,17681.94921875,24.266666412353516,5.400000095367432,4.483333110809326,39.91666793823242,20687.333984375,3013.9142857142856,0.7002381086349487,25.198928833007812,148.4,1411.95849609375,1988.2572021484375,0.31545236706733704,965.5142857142857,1,476,1,1,0,41,18,78
0,140.0,0.7194982767105103,296.0,3.0,293.0,1031.0,269.1836734693875,14052.0,30.7722225189209,4.099999904632568,16284.0107421875,22.094444274902344,4.566666603088379,4.599999904632568,44.400001525878906,16492.77734375,2833.4952380953137,0.7042698264122009,25.33222198486328,153.83809523809668,1415.1748046875,1975.6380615234375,0.24788887798786163,963.4095238095165,1,476,1,1,0,31,33,56
1,283.0,0.557582676410675,296.0,3.0,293.0,1382.0,280.22448979591826,14762.6669921875,29.75,4.5,14873.466796875,19.399999618530273,4.0,4.75,48.900001525878906,13862.0,2801.657142857143,0.6995476484298706,25.300832748413086,155.11428571428573,1413.07275390625,1942.5142822265625,0.256119042634964,959.9428571428572,2,476,1,1,0,21,32,124
0,203.0,0.07981756329536438,296.0,3.0,293.0,5337.0,274.9183673469387,11501.0,27.183332443237305,9.916666984558105,16359.033203125,24.316667556762695,5.599999904632568,4.599999904632568,49.20000076293945,17473.5,2737.1714285714284,0.6991190314292908,25.159284591674805,151.25714285714287,1412.3619384765625,1967.085693359375,0.20228572189807892,963.6857142857143,0,476,1,0,0,21,6,74
0,205.0,0.3090079724788666,296.0,3.0,293.0,14855.0,256.02040816326513,11430.166015625,29.511112213134766,8.822222709655762,18893.43359375,23.327777862548828,5.066666603088379,4.627777576446533,45.42222213745117,21455.388671875,2614.3142857142857,0.6851190328598022,24.851428985595703,152.74285714285713,1410.5682373046875,1955.4285888671875,0.10897618532180786,953.7142857142857,3,476,1,0,0,21,8,84
0,189.0,0.05359179154038429,296.0,3.0,293.0,24051.0,244.6326530612243,11301.5,27.883333206176758,6.5333333015441895,15203.31640625,20.850000381469727,4.5,4.683333396911621,46.45000076293945,22677.166015625,2459.8571428571427,0.7110714316368103,25.142620086669922,158.37142857142857,1425.540771484375,1938.3143310546875,0.08773809671401978,962.9428571428572,0,476,1,0,0,21,7,75
0,122.0,0.0,296.0,3.0,293.0,23725.0,244.6326530612243,11242.1669921875,31.766666412353516,5.266666889190674,13731.0830078125,19.183332443237305,3.799999952316284,4.616666793823242,44.06666564941406,14756.0,2433.7428571428572,0.7029761672019958,25.012619018554688,156.9142857142857,1420.44140625,1941.4857177734375,0.07607143372297287,959.0857142857143,1,476,1,0,0,21,15,46
0,189.0,0.3318130075931549,296.0,3.0,293.0,21623.0,246.46938775510193,12127.5,26.183332443237305,3.5,13548.5,19.71666717529297,4.099999904632568,4.699999809265137,50.75,14784.6669921875,2359.6285714285714,0.7081905007362366,25.114166259765625,160.54285714285714,1429.41259765625,1947.05712890625,0.0549047589302063,960.6285714285714,0,476,1,0,0,21,11,86
0,185.0,0.0,296.0,3.0,293.0,28528.0,242.61224489795904,14655.3330078125,25.28333282470703,5.0,15082.2666015625,20.633333206176758,4.400000095367432,4.699999809265137,48.0,20937.333984375,2291.542857142857,0.7090238332748413,25.155834197998047,162.97142857142856,1425.5865478515625,1957.17138671875,0.006476208567619324,956.6,0,476,1,0,0,21,10,79
0,100.0,0.2303306758403778,296.0,3.0,293.0,32767.0,238.57142857142844,12129.0,26.21666717529297,3.2166666984558105,14210.7998046875,20.700000762939453,3.700000047683716,4.650000095367432,50.03333282470703,14137.0,2221.7428571428572,0.7096190452575684,25.19928550720215,166.14285714285714,1422.137451171875,1967.5714111328125,-0.03895236924290657,951.9428571428572,1,476,1,0,0,31,9,42
0,122.0,0.010262257419526577,296.0,3.0,293.0,32767.0,241.9183673469386,14467.5,24.149999618530273,2.6666667461395264,14543.6162109375,19.899999618530273,3.799999952316284,4.699999809265137,50.75,15635.5,2237.4,0.697952389717102,24.912261962890625,166.02857142857144,1418.439208984375,1967.771484375,-0.048642877489328384,944.0,0,476,1,0,0,21,23,54
0,141.0,0.05131128802895546,296.0,3.0,293.0,32767.0,249.44897959183652,13625.3330078125,26.883333206176758,4.933333396911621,15150.650390625,20.299999237060547,4.0,4.5,44.63333511352539,16564.833984375,2503.1714285714284,0.7042142748832703,25.046428680419922,160.94285714285715,1414.7261962890625,2012.4000244140625,-0.10897618532180786,949.9142857142857,3,476,1,0,0,21,13,63
0,190.0,0.1356898546218872,296.0,3.0,293.0,32767.0,254.2653061224488,12276.8330078125,24.233333587646484,3.1666667461395264,14345.033203125,19.483333587646484,3.700000047683716,4.599999904632568,52.5,15505.8330078125,2702.7714285714287,0.6938095092773438,24.817975997924805,156.45714285714286,1423.5777587890625,2013.3714599609375,-0.12619046866893768,954.4857142857143,0,476,1,0,0,21,15,78
0,158.0,0.15849487483501434,296.0,3.0,293.0,32767.0,262.63265306122423,10639.0,26.950000762939453,2.799999952316284,14832.2333984375,19.700000762939453,3.5999999046325684,4.699999809265137,50.266666412353516,16962.833984375,3073.1428571428573,0.6996190547943115,24.971309661865234,159.22857142857143,1431.4884033203125,2031.6571044921875,-0.23878571391105652,958.8285714285714,0,476,1,0,0,41,4,59
0,109.0,0.28848347067832947,296.0,3.0,293.0,24392.0,262.97959183673447,11341.0,27.58333396911621,2.9166667461395264,13906.150390625,19.483333587646484,3.5,4.599999904632568,50.41666793823242,15158.8330078125,3310.6285714285714,0.7002618908882141,24.95107078552246,158.74285714285713,1433.71484375,2035.7427978515625,-0.3327857255935669,960.4,1,476,1,0,0,31,10,49
0,194.0,0.4116305708885193,296.0,3.0,293.0,16985.0,268.9183673469386,14866.1669921875,27.616666793823242,4.016666889190674,14744.849609375,19.850000381469727,4.199999809265137,4.650000095367432,50.08333206176758,18716.333984375,3545.1714285714284,0.7132856845855713,24.985118865966797,155.85714285714286,1436.9468994140625,2056.571533203125,-0.43145236372947693,968.9142857142857,0,476,1,0,0,21,28,94
0,81.0,0.0,296.0,3.0,293.0,3965.0,283.9183673469385,12374.0,25.08333396911621,6.333333492279053,14563.75,20.80555534362793,4.0,4.616666793823242,50.58333206176758,16220.5546875,3635.0,0.6994285583496094,24.861309051513672,160.14285714285714,1434.322265625,2042.17138671875,-0.6673571467399597,957.5142857142857,4,476,1,0,0,31,8,43
0,79.0,0.3055872321128845,296.0,3.0,293.0,4204.0,279.38775510204067,13812.5,23.616666793823242,8.666666984558105,16486.8828125,24.066667556762695,5.699999809265137,4.699999809265137,52.88333511352539,19927.0,3563.942857142857,0.6988809704780579,24.752857208251953,158.02857142857144,1435.8680419921875,2055.6572265625,-0.5699999928474426,959.3428571428572,0,476,1,0,0,31,30,33
0,229.45806478682812,0.771949827671051,296.0,3.0,293.0,1894.0,290.2653061224488,17127.166015625,24.683332443237305,3.9666666984558105,16172.0830078125,20.933332443237305,4.599999904632568,4.483333110809326,52.0,17719.666015625,3600.1428571428573,0.6930000185966492,24.87738037109375,168.65714285714284,1435.92236328125,2011.085693359375,-0.8268095254898071,949.6857142857143,0,476,1,0,0,31,35,90
0,210.0,0.2576966881752014,296.0,3.0,293.0,2272.0,289.53061224489784,13424.0,25.0,6.7166666984558105,16357.2333984375,24.133333206176758,5.099999904632568,4.683333396911621,54.58333206176758,18953.333984375,3584.0,0.717285692691803,24.731904983520508,171.22857142857143,1439.65869140625,2010.7142333984375,-1.041523814201355,956.4285714285714,0,476,1,0,0,21,14,81
1,220.0,0.11744584143161774,296.0,3.0,293.0,2788.0,292.75510204081615,13469.0,22.91666603088379,4.0,13898.0,19.75,3.700000047683716,4.599999904632568,48.96666717529297,14964.5,3577.942857142857,0.7438571453094482,24.9901180267334,172.57142857142858,1444.679443359375,2008.4000244140625,-1.1063809394836426,965.8285714285714,1,476,1,0,0,21,14,110
0,179.0,0.39452680945396423,296.0,3.0,293.0,1215.0,294.85714285714266,10545.77734375,23.377777099609375,3.933333396911621,14616.533203125,20.005556106567383,3.9666666984558105,4.633333206176758,54.07221984863281,16805.333984375,3564.714285714286,0.7337142825126648,24.92011833190918,174.57142857142858,1442.004638671875,2000.5428466796875,-1.1897857189178467,958.1714285714286,1,476,1,0,0,21,6,82
0,271.0,0.5427594184875488,296.0,3.0,293.0,1371.0,296.7142857142855,12181.6669921875,26.58333396911621,4.733333110809326,16109.466796875,24.08333396911621,5.300000190734863,4.599999904632568,49.78333282470703,21777.666015625,3536.2,0.7306904792785645,24.7646427154541,184.65714285714284,1449.5196533203125,1959.914306640625,-1.2643095254898071,948.4285714285714,0,476,1,0,0,11,9,107
0,305.0,0.8563283681869507,296.0,3.0,293.0,2788.0,299.46938775510176,12766.0,23.450000762939453,4.7166666984558105,12762.2998046875,21.16666603088379,3.5,4.483333110809326,53.16666793823242,14679.0,3520.6285714285714,0.7488809823989868,25.119403839111328,185.22857142857143,1446.3662109375,1962.5428466796875,-1.1714524030685425,952.2,0,476,1,0,0,21,7,153
0,423.0,0.6259977221488953,296.0,3.0,293.0,1224.0,303.0204081632651,15755.8330078125,25.100000381469727,5.266666889190674,12567.3330078125,20.233333587646484,3.5,4.583333492279053,51.25,13817.0,3510.114285714286,0.7461190819740295,25.111190795898438,188.25714285714287,1446.502197265625,1962.05712890625,-1.087642788887024,948.9142857142857,0,476,1,1,0,24,11,213
0,187.0,0.30102622509002686,296.0,3.0,293.0,1136.0,309.3877551020406,12485.0,23.71666717529297,3.4166667461395264,13372.6669921875,20.149999618530273,3.5,4.5,50.93333435058594,15055.3330078125,3528.3714285714286,0.7410714626312256,24.992143630981445,186.65714285714284,1442.4083251953125,1975.971435546875,-0.9864047765731812,948.3428571428572,1,476,1,1,0,21,13,79
0,286.0,0.6966933012008667,296.0,3.0,293.0,1144.0,309.5102040816324,14060.0,24.03333282470703,7.5,14535.0,21.049999237060547,3.799999952316284,4.5,52.56666564941406,18904.166015625,3547.9142857142856,0.7421190738677979,24.963809967041016,188.4,1446.760498046875,1979.3428955078125,-0.9097142815589905,948.0857142857143,1,476,1,1,0,21,17,133
0,109.0,0.5860889554023743,296.0,3.0,293.0,1153.0,307.8775510204079,15724.0,24.633333206176758,3.1666667461395264,13426.599609375,19.883333206176758,3.799999952316284,4.400000095367432,47.83333206176758,14237.0,3590.8,0.7659047245979309,25.24416732788086,190.2,1449.7647705078125,1982.3143310546875,-0.7860714197158813,954.2285714285714,0,476,1,1,0,31,1,53
1,287.0,0.892816424369812,296.0,3.0,293.0,1126.0,306.34693877551,16717.0,21.450000762939453,3.0333333015441895,14413.06640625,18.683332443237305,3.299999952316284,4.449999809265137,51.46666717529297,14618.3330078125,3631.4285714285716,0.7768571376800537,25.256309509277344,193.2,1454.498779296875,1966.1142578125,-0.7749285697937012,956.9428571428572,0,476,1,1,0,41,27,143
0,83.0,0.5940706729888916,296.0,3.0,293.0,1251.0,305.7551020408161,14865.6669921875,21.21666717529297,3.183333396911621,15361.2998046875,21.816667556762695,3.9000000953674316,4.5,48.349998474121094,35804.33203125,3639.114285714286,0.7886190414428711,25.337499618530273,192.0857142857143,1454.538330078125,1979.4285888671875,-0.6998095512390137,961.1142857142858,1,476,1,1,0,31,6,41
0,311.0,0.9555302262306213,296.0,3.0,293.0,1079.0,305.55102040816297,13167.3330078125,23.483333587646484,10.449999809265137,16000.1337890625,23.816667556762695,4.599999904632568,4.383333206176758,40.29999923706055,23288.5,3633.3714285714286,0.776023805141449,25.06761932373047,192.62857142857143,1452.2801513671875,1974.914306640625,-0.6295475959777832,954.6,0,476,1,0,0,11,7,155
0,296.0,0.6271379590034485,296.0,3.0,293.0,1087.0,305.9591836734691,15218.3330078125,24.883333206176758,7.333333492279053,16038.4169921875,23.75,5.099999904632568,4.833333492279053,38.20000076293945,20844.72265625,3575.885714285714,0.772261917591095,24.91619110107422,194.77142857142857,1457.361083984375,1974.4857177734375,-0.5784285664558411,951.6857142857143,3,476,1,0,0,31,7,111
0,323.0,0.9270239472389221,296.0,3.0,293.0,1050.0,304.26530612244875,14009.8330078125,25.566667556762695,3.25,15333.8837890625,23.266666412353516,4.400000095367432,4.349999904632568,41.599998474121094,20466.833984375,3438.942857142857,0.774238109588623,24.80261993408203,197.5142857142857,1465.68408203125,1957.8857421875,-0.38914287090301514,953.6285714285714,0,476,1,1,0,21,32,161
0,252.0,0.8164196014404297,296.0,3.0,293.0,1094.0,298.77551020408134,15551.8330078125,27.41666603088379,3.383333444595337,14674.5498046875,19.549999237060547,3.9000000953674316,4.383333206176758,41.900001525878906,17458.333984375,3311.4,0.8023571372032166,25.136428833007812,207.28571428571428,1471.88330078125,1924.82861328125,-0.32397618889808655,957.4857142857143,0,476,1,1,0,31,6,125
0,96.0,0.7297605276107788,296.0,3.0,293.0,1176.0,293.73469387755085,12419.8330078125,28.75,4.0,16403.8671875,23.600000381469727,4.400000095367432,4.300000190734863,36.95000076293945,21546.666015625,3218.3142857142857,0.7805476188659668,24.593334197998047,208.77142857142857,1472.7359619140625,1935.4571533203125,-0.26719048619270325,948.2285714285714,0,476,1,1,0,31,28,42
0,304.0,0.2827822268009186,296.0,3.0,293.0,3811.0,290.8367346938773,14723.3330078125,26.600000381469727,3.566666603088379,15264.099609375,23.649999618530273,4.599999904632568,4.400000095367432,39.04999923706055,18647.333984375,3055.2571428571428,0.8126190304756165,24.893451690673828,214.8,1469.2471923828125,1925.82861328125,-0.1629047840833664,949.6285714285714,2,476,1,0,0,31,5,143
0,264.0,0.5940706729888916,296.0,3.0,293.0,1959.0,283.9999999999999,14948.3330078125,24.633333206176758,6.650000095367432,15171.6337890625,22.46666717529297,4.099999904632568,4.483333110809326,46.04999923706055,18780.666015625,3008.1714285714284,0.831000030040741,25.174762725830078,217.71428571428572,1475.0499267578125,1919.8857421875,-0.1460714489221573,956.0285714285715,1,476,1,0,0,31,13,100
0,174.0,0.11972633749246597,296.0,3.0,293.0,5264.0,280.77551020408146,10668.8330078125,25.516666412353516,3.0999999046325684,14842.7666015625,19.733333587646484,4.0,4.650000095367432,40.03333282470703,18163.833984375,2959.657142857143,0.8451904654502869,25.173095703125,221.6,1477.6761474609375,1927.4857177734375,-0.05766666680574417,956.8571428571429,2,476,1,0,0,41,13,66
0,315.94030320642116,0.32155072689056396,296.0,3.0,293.0,1785.0,278.1632653061222,10674.0,29.33333396911621,3.799999952316284,15038.400390625,22.03333282470703,5.099999904632568,4.483333110809326,34.849998474121094,20453.5,2930.4285714285716,0.8575000166893005,25.188928604125977,224.2,1485.16552734375,1945.5428466796875,-0.19997620582580566,963.4571428571429,0,476,1,0,0,41,13,117
0,175.0,0.015963511541485786,296.0,3.0,293.0,1872.0,275.3877551020406,9928.1669921875,24.433332443237305,2.7166666984558105,14570.1669921875,18.066667556762695,3.700000047683716,4.900000095367432,45.266666412353516,17295.333984375,2911.1714285714284,0.854023814201355,25.25749969482422,228.62857142857143,1477.3670654296875,1925.5714111328125,-0.0032380905468016863,952.9428571428572,0,476,1,0,0,31,8,70
0,162.0,0.8893956542015076,296.0,3.0,293.0,1275.0,273.8571428571426,13478.8330078125,32.016666412353516,4.705555438995361,16001.783203125,23.91666603088379,4.933333396911621,4.349999904632568,33.88888931274414,21891.611328125,2895.2,0.8521190285682678,25.149761199951172,230.57142857142858,1476.8514404296875,1928.914306640625,-0.15135714411735535,949.9428571428572,0,476,1,0,0,21,9,75
0,168.0,0.34207525849342346,296.0,3.0,293.0,1431.0,271.3265306122447,11550.6669921875,40.20000076293945,4.4666666984558105,17398.900390625,26.08333396911621,5.599999904632568,4.400000095367432,28.950000762939453,24330.333984375,2892.7714285714287,0.8296666741371155,24.700000762939453,227.4857142857143,1477.7025146484375,1957.5428466796875,-0.2072380930185318,947.4,1,476,1,0,0,21,12,74
0,166.0,0.4811858534812927,296.0,3.0,293.0,1100.0,265.04081632653043,12914.6669921875,34.75,3.75,15403.8330078125,23.0,5.0,4.400000095367432,34.86666488647461,20897.0,2884.8285714285716,0.8370000123977661,24.798213958740234,228.05714285714285,1476.7174072265625,1967.17138671875,-0.23138095438480377,949.0857142857143,0,476,1,0,0,21,15,82
0,311.0,0.352337509393692,296.0,3.0,293.0,2935.0,261.5714285714284,13114.1669921875,34.91666793823242,3.316666603088379,15429.2998046875,24.366666793823242,5.199999809265137,4.2833333015441895,34.53333282470703,21150.666015625,2846.3142857142857,0.8375238180160522,24.573213577270508,233.77142857142857,1481.6248779296875,1971.3428955078125,-0.6233095526695251,943.1714285714286,0,476,1,0,0,21,21,150
0,119.0,0.20752565562725067,296.0,3.0,293.0,1713.0,259.30612244897947,11395.5,32.099998474121094,6.266666889190674,17676.650390625,22.683332443237305,5.099999904632568,4.800000190734863,42.983333587646484,21212.5,2859.714285714286,0.8639047741889954,24.83380889892578,228.22857142857143,1486.552490234375,1989.800048828125,-0.8719761967658997,959.4857142857143,2,476,1,0,0,21,5,51
0,340.0,0.8426454067230225,296.0,3.0,293.0,1266.0,257.81632653061206,12026.0,31.850000381469727,9.866666793823242,17016.466796875,24.53333282470703,5.900000095367432,4.449999809265137,36.400001525878906,23632.666015625,2826.457142857143,0.8709523677825928,24.942380905151367,238.62857142857143,1491.645263671875,1962.4857177734375,-0.8888095021247864,957.3142857142857,0,476,1,0,0,21,29,133
0,240.0,0.0011402508243918419,296.0,3.0,293.0,2757.0,257.4081632653059,12768.0,26.233333587646484,3.25,15841.349609375,18.649999618530273,3.9000000953674316,4.650000095367432,46.733333587646484,16199.0,2786.7714285714287,0.9291190505027771,25.746904373168945,239.25714285714287,1491.4779052734375,1961.028564453125,-1.0042142868041992,975.8285714285714,2,476,1,0,0,31,19,91
0,122.0,0.7685290575027466,296.0,3.0,293.0,1097.0,255.10204081632637,12187.0,27.96666717529297,2.200000047683716,14817.5498046875,19.950000762939453,4.300000190734863,4.233333110809326,47.79999923706055,17655.0,2781.8571428571427,0.9222618937492371,25.651308059692383,239.28571428571428,1487.5364990234375,1956.028564453125,-1.0139046907424927,971.0,2,476,1,0,0,41,1,61
0,317.0,0.5347776412963867,296.0,3.0,293.0,1339.0,253.24489795918353,15255.6669921875,27.366666793823242,4.516666889190674,17717.8671875,23.66666603088379,5.800000190734863,4.483333110809326,47.849998474121094,24446.0,2805.0,0.9302856922149658,25.64154815673828,242.17142857142858,1490.8687744140625,1938.771484375,-1.2056666612625122,971.1428571428571,0,476,1,1,0,21,15,153
0,303.0,0.6841505169868469,296.0,3.0,293.0,1127.0,252.5306122448978,16349.0556640625,26.19999885559082,3.7722222805023193,17101.33203125,23.072221755981445,5.700000286102295,4.416666507720947,50.42777633666992,22901.0546875,2805.0,0.9302856922149658,25.64154815673828,242.17142857142858,1490.8687744140625,1938.771484375,-1.2056666612625122,971.1428571428571,0,476,1,1,0,31,13,150
0,215.0,0.4652223587036133,296.0,3.0,293.0,4425.0,250.83673469387742,16493.666015625,25.66666603088379,4.083333492279053,18415.5,24.883333206176758,5.900000095367432,4.2833333015441895,51.78333282470703,23259.333984375,2797.9142857142856,0.9692142605781555,25.94440460205078,238.68571428571428,1490.1214599609375,1956.17138671875,-1.2767857313156128,986.3714285714286,0,476,1,0,0,11,19,80
0,186.0,0.4937286078929901,296.0,3.0,293.0,4003.0,248.26530612244883,14859.6669921875,25.600000381469727,2.5333333015441895,17081.400390625,21.266666412353516,5.300000190734863,4.550000190734863,52.45000076293945,20415.166015625,2798.342857142857,0.9559999704360962,25.76714324951172,242.05714285714285,1487.11181640625,1947.085693359375,-1.325952410697937,977.2285714285714,1,476,1,0,0,21,3,75
0,51.0,0.017103763297200203,296.0,3.0,293.0,6206.0,244.6938775510203,12444.0,29.299999237060547,2.7166666984558105,16430.69921875,21.0,4.599999904632568,5.050000190734863,50.08333206176758,20120.0,2836.6,0.9440237879753113,25.381071090698242,235.71428571428572,1493.2418212890625,1981.8857421875,-1.386618971824646,982.1428571428571,2,476,1,0,0,41,5,19
0,171.0,0.4173318147659302,296.0,3.0,293.0,1352.0,242.28571428571416,14330.1669921875,29.133333206176758,2.75,16821.05078125,21.200000762939453,4.699999809265137,4.699999809265137,50.150001525878906,19986.833984375,2827.285714285714,0.9595714211463928,25.57845115661621,237.88571428571427,1493.1201171875,1980.028564453125,-1.3767142295837402,985.4857142857143,1,476,1,0,0,21,8,69
0,144.0,0.36031925678253174,296.0,3.0,293.0,4785.0,241.32653061224477,16783.166015625,28.816667556762695,5.166666507720947,21565.650390625,21.399999618530273,4.400000095367432,4.866666793823242,52.11666488647461,21838.666015625,2906.4857142857145,0.9369761943817139,25.16190528869629,234.28571428571428,1498.3948974609375,2001.5714111328125,-1.549142837524414,984.3714285714286,2,476,1,0,0,31,8,61
0,225.0,0.28050172328948975,296.0,3.0,229.0,3937.0,241.12244897959167,19651.0,27.766666412353516,3.0,18821.650390625,22.28333282470703,5.099999904632568,4.983333110809326,49.08333206176758,23589.5,2906.4857142857145,0.9369761943817139,25.16190528869629,234.28571428571428,1498.3948974609375,2001.5714111328125,-1.549142837524414,984.3714285714286,1,481,1,0,0,31,10,101
0,258.0,0.0045610032975673676,296.0,3.0,229.0,1472.0,243.36734693877537,16123.1669921875,27.549999237060547,2.816666603088379,19248.400390625,20.649999618530273,4.5,4.983333110809326,48.599998474121094,24882.0,2967.4857142857145,0.9732142686843872,25.48285675048828,237.94285714285715,1509.3492431640625,2020.8857421875,-1.674142837524414,999.8857142857142,2,481,1,0,0,31,9,107
0,180.0,0.2713797092437744,296.0,3.0,229.0,1560.0,244.99999999999986,16666.0,28.0,1.5333333015441895,18406.083984375,20.549999237060547,4.5,4.983333110809326,49.79999923706055,25653.5,2988.2285714285713,0.97945237159729,25.530118942260742,236.85714285714286,1512.3387451171875,2030.228515625,-1.6941428184509277,1004.8857142857142,0,481,1,0,0,41,7,66
0,211.0,0.4104903042316437,296.0,3.0,229.0,4162.0,246.1632653061223,17136.333984375,28.399999618530273,1.8333333730697632,20098.1328125,22.600000381469727,4.900000095367432,4.5333333015441895,46.400001525878906,28167.666015625,3017.285714285714,1.0011428594589233,25.763214111328125,243.14285714285714,1505.6619873046875,2027.5428466796875,-1.802904725074768,1003.2,1,481,1,0,0,21,14,87
0,242.0,0.8722919225692749,267.0,4.0,229.0,3092.0,248.57142857142838,15991.0,28.91666603088379,2.6500000953674316,19620.30078125,24.633333206176758,5.300000190734863,4.733333110809326,43.63333511352539,26210.666015625,2998.285714285714,1.0024523735046387,25.69869041442871,243.68571428571428,1504.551513671875,2027.7142333984375,-1.826023817062378,1001.7714285714286,1,481,1,0,0,31,3,112
0,183.0,0.6351197361946106,267.0,4.0,229.0,1176.0,249.42857142857125,19079.5,28.266666412353516,2.0833332538604736,21397.517578125,22.366666793823242,5.0,4.650000095367432,47.11666488647461,24986.333984375,2992.9714285714285,1.0019762516021729,25.682737350463867,244.17142857142858,1506.9915771484375,2022.94287109375,-1.791690468788147,1003.6857142857143,0,481,1,0,0,41,11,88
0,180.0,0.47662484645843506,267.0,4.0,229.0,1125.0,247.612244897959,17623.666015625,29.41666603088379,2.066666603088379,18867.69921875,20.78333282470703,4.5,4.7833333015441895,46.21666717529297,27438.333984375,2885.457142857143,1.0333809852600098,25.90011978149414,248.74285714285713,1509.7572021484375,2032.142822265625,-1.8961905241012573,1008.9428571428572,1,481,1,0,0,41,7,82
0,102.0,0.08551881462335587,267.0,4.0,229.0,1756.0,241.6938775510202,16281.3330078125,29.883333206176758,1.600000023841858,19092.6328125,20.96666717529297,4.599999904632568,4.7833333015441895,48.53333282470703,23691.666015625,2855.9142857142856,1.0361428260803223,25.896547317504883,251.22857142857143,1512.786376953125,2032.8857421875,-1.9455000162124634,1009.7142857142857,3,481,1,0,0,31,5,45
0,17.0,0.4982896149158478,267.0,4.0,229.0,2082.0,239.55102040816314,15653.6669921875,28.5,0.8999999761581421,17325.017578125,21.58333396911621,4.699999809265137,4.683333396911621,46.41666793823242,23894.166015625,2777.9142857142856,1.0622857809066772,26.058809280395508,247.57142857142858,1513.4471435546875,2053.028564453125,-2.0567142963409424,1020.8571428571429,4,481,1,0,0,31,3,7
0,37.86687412098325,0.32839223742485046,267.0,4.0,229.0,1357.0,233.71428571428558,18929.333984375,28.53333282470703,1.2999999523162842,18620.033203125,20.866666793823242,4.699999809265137,4.883333206176758,45.400001525878906,20502.0,2783.5142857142855,1.0720714330673218,26.05428695678711,246.77142857142857,1522.6751708984375,2060.685791015625,-2.0413095951080322,1028.942857142857,4,481,1,0,0,41,4,17
0,96.0,0.5496008992195129,267.0,4.0,229.0,1453.0,223.87755102040805,18424.0,28.58333396911621,1.0333333015441895,18029.466796875,20.016666412353516,4.0,4.633333206176758,49.0,20537.0,2644.1428571428573,1.0813095569610596,26.104286193847656,251.57142857142858,1517.044189453125,2050.771484375,-2.0189762115478516,1023.4571428571429,1,481,1,0,0,21,12,38
0,76.0,0.09236031770706177,267.0,4.0,229.0,5694.0,219.30612244897947,17717.0,26.683332443237305,1.350000023841858,17617.1328125,20.133333206176758,4.199999809265137,4.583333492279053,51.78333282470703,19715.0,2608.6857142857143,1.0874285697937012,26.105594635009766,248.5142857142857,1517.213134765625,2064.94287109375,-1.9916191101074219,1029.2857142857142,5,481,1,0,0,42,10,33
0,178.0,0.13226909935474396,267.0,4.0,229.0,2219.0,214.40816326530592,13972.0,26.616666793823242,1.4166666269302368,17175.43359375,21.116666793823242,4.300000190734863,4.583333492279053,49.68333435058594,19919.666015625,2460.342857142857,1.1069761514663696,26.24952507019043,255.82857142857142,1515.5567626953125,2051.39990234375,-2.0124523639678955,1025.3142857142857,2,481,1,0,0,31,5,76
0,233.0,0.6362599730491638,267.0,4.0,229.0,1553.0,214.1020408163264,14099.3330078125,31.883333206176758,2.7833333015441895,16783.06640625,23.883333206176758,5.0,4.733333110809326,40.53333282470703,24036.5,2313.2571428571428,1.1172857284545898,25.963333129882812,257.48571428571427,1518.99365234375,2087.514404296875,-2.1409761905670166,1031.7428571428572,0,481,1,0,0,21,32,100
0,202.0,0.624857485294342,267.0,4.0,229.0,4048.0,208.61224489795902,12456.0,29.950000762939453,2.9000000953674316,15714.2333984375,23.850000381469727,4.900000095367432,4.633333206176758,41.5,22268.666015625,2290.0285714285715,1.1044048070907593,25.848094940185547,263.22857142857146,1520.9554443359375,2065.45703125,-1.9413809776306152,1023.2571428571429,4,481,1,0,0,21,27,73
0,164.0,0.04675028473138809,267.0,4.0,229.0,6170.0,206.10204081632634,13052.0,29.700000762939453,2.9666666984558105,16250.599609375,23.78333282470703,5.099999904632568,4.75,44.31666564941406,23524.0,2180.2,1.1337857246398926,26.024999618530273,268.3142857142857,1528.6566162109375,2071.742919921875,-1.9230713844299316,1031.5714285714287,3,481,1,0,0,21,14,58
0,227.8291168368644,0.45496007800102234,267.0,4.0,229.0,5196.0,203.2857142857141,11703.6669921875,31.899999618530273,4.599999904632568,18446.05078125,27.53333282470703,5.400000095367432,4.733333110809326,45.63333511352539,23802.833984375,2144.4,1.1556904315948486,26.18047523498535,276.1142857142857,1531.3218994140625,2048.971435546875,-1.7082856893539429,1032.0285714285715,0,481,1,0,0,31,6,95
0,180.0,0.42189282178878784,267.0,4.0,229.0,7073.0,200.3673469387753,14137.0,31.683332443237305,2.2833333015441895,18889.033203125,25.566667556762695,5.800000190734863,4.766666889190674,43.33333206176758,23607.166015625,2109.3714285714286,1.1695475578308105,26.31059455871582,282.14285714285717,1527.824462890625,2037.228515625,-1.6349761486053467,1027.9714285714285,0,481,1,0,0,21,14,64
0,186.0,0.3854047954082489,267.0,4.0,229.0,17697.0,201.12244897959164,13788.3330078125,29.83333396911621,1.850000023841858,18139.767578125,23.33333396911621,5.400000095367432,4.7833333015441895,45.599998474121094,22958.666015625,1971.9142857142858,1.2174999713897705,26.622737884521484,292.57142857142856,1518.4609375,2041.857177734375,-1.81592857837677,1027.142857142857,0,481,1,0,0,21,18,65
0,143.0,0.10604333132505417,267.0,4.0,229.0,20458.0,199.77551020408146,12720.6669921875,26.816667556762695,1.5166666507720947,15872.849609375,22.383333206176758,4.699999809265137,4.7833333015441895,48.46666717529297,20233.833984375,1968.4857142857143,1.2030237913131714,26.528451919555664,294.85714285714283,1523.4375,2031.5142822265625,-1.6656904220581055,1023.3142857142857,2,481,1,0,0,31,4,52
1,157.0,0.0,267.0,4.0,293.0,20392.0,205.77551020408134,11888.6669921875,26.266666412353516,1.2000000476837158,15332.93359375,20.96666717529297,4.199999809265137,4.633333206176758,50.400001525878906,19725.0,1885.857142857143,1.2618809938430786,26.897737503051758,304.0285714285714,1528.0816650390625,2056.60009765625,-1.6782143115997314,1032.142857142857,0,476,1,0,0,21,13,62
1,115.0,0.03534777835011482,267.0,4.0,293.0,19766.0,205.77551020408134,12133.5,29.116666793823242,1.9666666984558105,17807.3828125,21.899999618530273,3.9000000953674316,4.683333396911621,49.06666564941406,21609.5,1836.8857142857144,1.2471904754638672,26.880952835083008,319.74285714285713,1531.3154296875,2021.17138671875,-1.596404790878296,1012.6,1,476,1,0,0,31,12,39
1,140.0,0.0022805016487836838,267.0,4.0,293.0,20328.0,205.0408163265304,10257.3330078125,24.799999237060547,0.75,15090.7666015625,22.46666717529297,4.199999809265137,4.633333206176758,51.71666717529297,19955.333984375,1809.0285714285715,1.2442857027053833,26.846548080444336,326.85714285714283,1530.225830078125,2013.914306640625,-1.3053333759307861,1003.7142857142857,1,476,1,0,0,34,10,55
0,200.0,0.23261117935180664,267.0,4.0,293.0,12703.0,207.12244897959158,11867.5,30.450000762939453,2.816666603088379,15608.0830078125,24.5,5.400000095367432,4.766666889190674,43.88333511352539,22641.5,1754.3142857142857,1.2489285469055176,26.722023010253906,337.45714285714286,1535.8087158203125,2036.7427978515625,-1.207547664642334,1002.1428571428571,0,476,1,0,0,11,35,75
0,110.0,0.02508551813662052,267.0,4.0,293.0,11803.0,206.816326530612,13814.5,27.399999618530273,0.4000000059604645,16517.6171875,23.33333396911621,4.599999904632568,4.7833333015441895,49.63333511352539,22323.833984375,1734.057142857143,1.2610714435577393,26.856904983520508,340.0285714285714,1535.8704833984375,2037.1142578125,-1.20121431350708,1002.4285714285714,0,476,1,0,0,11,30,37
1,115.0,0.019384264945983887,267.0,4.0,293.0,19602.0,204.34693877550995,10018.3330078125,24.950000762939453,0.3166666626930237,14595.1669921875,22.100000381469727,4.599999904632568,4.699999809265137,50.79999923706055,19688.333984375,1675.7142857142858,1.254190444946289,26.86488151550293,350.9714285714286,1538.451416015625,2030.914306640625,-1.1677619218826294,990.5714285714286,2,476,1,0,0,41,14,42
0,65.0,0.0,267.0,4.0,293.0,23433.0,199.24489795918342,14699.0,25.183332443237305,0.6333333253860474,16756.6171875,20.78333282470703,4.300000190734863,4.849999904632568,50.83333206176758,23595.0,1703.4285714285713,1.264809489250183,26.871904373168945,344.1714285714286,1535.858154296875,2071.94287109375,-1.2723571062088013,1002.1142857142858,3,476,1,0,0,21,20,22
1,144.0,0.09578107297420502,267.0,4.0,293.0,21749.0,198.3265306122446,13639.833984375,28.22222137451172,1.2111111879348755,14229.6220703125,22.200000762939453,4.800000190734863,4.800000190734863,49.32777786254883,21781.9453125,1753.6,1.2653095722198486,26.94011878967285,342.2857142857143,1538.61865234375,2075.199951171875,-1.3204761743545532,1005.1714285714286,3,476,1,0,0,34,23,54
0,78.0,0.3933865427970886,267.0,4.0,293.0,14123.0,190.1632653061222,13270.1669921875,25.96666717529297,0.44999998807907104,14356.1669921875,22.08333396911621,4.699999809265137,4.75,49.41666793823242,23381.833984375,1811.057142857143,1.2507857084274292,26.87202262878418,342.0857142857143,1536.36279296875,2069.199951171875,-1.284833312034607,1000.4857142857143,2,476,1,0,0,21,13,25
0,90.0,0.019384264945983887,267.0,4.0,293.0,11716.0,187.04081632653038,11551.6669921875,29.299999237060547,0.699999988079071,17476.55078125,20.983333587646484,4.800000190734863,4.75,46.766666412353516,23548.0,1913.2571428571428,1.2396904230117798,26.781309127807617,336.2,1536.7061767578125,2067.8857421875,-1.130833387374878,1005.8285714285714,2,476,1,0,0,21,9,32
0,86.0,0.0,267.0,4.0,293.0,22384.0,185.3877551020406,11725.0,30.16666603088379,2.816666603088379,18549.916015625,28.049999237060547,5.400000095367432,4.849999904632568,42.66666793823242,26089.166015625,2061.714285714286,1.2419524192810059,26.716190338134766,323.4,1535.72705078125,2106.771484375,-1.249571442604065,1018.8571428571429,1,476,1,0,0,21,9,29
0,145.0,0.3112884759902954,267.0,4.0,293.0,24456.0,186.81632653061203,12164.0,30.866666793823242,1.4666666984558105,17125.849609375,23.66666603088379,4.800000190734863,4.7833333015441895,41.31666564941406,22510.5,2149.6285714285714,1.2021428346633911,26.319284439086914,318.65714285714284,1531.211669921875,2119.257080078125,-1.208809494972229,1010.9142857142857,1,476,1,0,0,21,14,54
0,98.0,0.02508551813662052,267.0,4.0,293.0,25751.0,188.44897959183655,12950.3330078125,30.08333396911621,4.25,18318.416015625,24.5,5.0,4.7833333015441895,42.233333587646484,27418.333984375,2208.2571428571428,1.1857142448425293,26.129762649536133,311.0857142857143,1534.3148193359375,2136.685791015625,-1.2148571014404297,1015.8285714285714,1,476,1,0,0,41,17,35
0,69.0,0.3454959988594055,267.0,4.0,293.0,18420.0,190.81632653061206,10262.3330078125,29.78333282470703,2.200000047683716,19163.69921875,25.483333587646484,5.599999904632568,4.75,41.0,22766.0,2335.0,1.1814762353897095,26.250476837158203,306.9714285714286,1538.032958984375,2123.571533203125,-1.104714274406433,1019.5428571428571,4,476,1,0,0,21,9,23
0,149.0,0.35575827956199646,267.0,4.0,293.0,13841.0,192.81632653061206,12017.0,28.183332443237305,1.350000023841858,16449.267578125,24.983333587646484,5.099999904632568,4.75,38.36666488647461,23873.666015625,2398.2,1.1956428289413452,26.444047927856445,302.8857142857143,1540.6605224609375,2130.0,-1.253523826599121,1029.857142857143,1,476,1,0,0,21,16,68
0,172.0,0.4937286078929901,267.0,4.0,293.0,13494.0,194.34693877551007,11832.6669921875,28.75,2.5999999046325684,18173.517578125,25.633333206176758,6.0,4.683333396911621,39.88333511352539,24620.166015625,2527.0285714285715,1.1863332986831665,26.455595016479492,300.48571428571427,1542.4248046875,2114.371337890625,-1.2227143049240112,1029.3428571428572,2,476,1,0,0,21,21,63
0,129.0,0.12428734451532364,267.0,4.0,293.0,7625.0,195.91836734693868,12620.4443359375,26.33888816833496,1.783333420753479,16611.966796875,22.672222137451172,5.099999904632568,4.650000095367432,42.5,21734.111328125,2676.2571428572414,1.1815873384475708,26.437103271484375,286.17142857142727,1537.2213134765625,2149.47607421875,-1.475428581237793,1040.5809523809485,6,476,1,0,0,21,5,51
0,95.0,0.0672748014330864,267.0,4.0,293.0,7922.0,197.12244897959178,12808.3330078125,25.505556106567383,1.9833332300186157,16177.578125,23.100000381469727,4.833333492279053,4.766666412353516,44.016666412353516,22597.611328125,2717.657142857143,1.1817142963409424,26.443689346313477,283.0,1538.2078857421875,2162.39990234375,-1.5575475692749023,1044.8,4,476,1,0,0,31,10,42
0,153.0,0.45039910078048706,267.0,4.0,293.0,2583.0,195.67346938775503,11405.22265625,25.383333206176758,1.9666666984558105,16230.8779296875,22.705556869506836,5.0333333015441895,4.5722222328186035,46.69999694824219,20997.4453125,2786.9142857142856,1.1224523782730103,25.95452308654785,278.8,1541.47509765625,2183.485595703125,-1.725928544998169,1034.942857142857,5,481,1,0,0,41,8,63
0,113.0,0.030786773189902306,267.0,4.0,229.0,2181.0,196.51020408163257,11918.0,26.816667556762695,0.8999999761581421,15952.783203125,21.983333587646484,5.5,4.900000095367432,43.599998474121094,23174.333984375,2811.542857142857,1.111047625541687,25.89130973815918,277.6857142857143,1545.2408447265625,2196.028564453125,-1.8177143335342407,1037.6,3,481,1,0,0,21,9,36
0,124.0,0.45496007800102234,267.0,4.0,229.0,1341.0,195.20408163265296,12024.5,29.266666412353516,0.8999999761581421,15975.966796875,22.566667556762695,5.199999809265137,4.883333206176758,42.516666412353516,21406.5,2830.8,1.101285696029663,25.781665802001953,273.8857142857143,1544.1905517578125,2205.257080078125,-1.8822380304336548,1036.942857142857,0,481,1,0,0,42,4,39
0,96.0,0.690991997718811,267.0,4.0,229.0,1049.0,194.91836734693865,12768.1298828125,29.038888931274414,1.8370370864868164,20466.81640625,22.89629554748535,5.3222222328186035,4.583333492279053,39.65925979614258,22869.333984375,2920.5714285714284,1.0713571310043335,25.62583351135254,271.6857142857143,1547.7115478515625,2215.6572265625,-1.625238060951233,1031.9714285714285,3,481,1,0,0,21,11,33
0,120.0,0.49600911140441895,267.0,4.0,229.0,1097.0,195.44897959183658,17209.5,26.200000762939453,0.8166666626930237,24320.8671875,23.21666717529297,5.400000095367432,5.0,40.483333587646484,23924.166015625,2939.342857142857,1.0889524221420288,25.780595779418945,273.0285714285714,1549.9735107421875,2223.54296875,-1.4541428089141846,1038.9142857142858,3,481,1,0,0,21,14,44
0,125.0,0.0,267.0,4.0,229.0,2567.0,193.83673469387736,13818.8330078125,26.66666603088379,1.6166666746139526,18983.400390625,22.233333587646484,5.699999809265137,4.7833333015441895,43.099998474121094,23575.666015625,2982.5714285714284,1.091428518295288,25.87071418762207,272.54285714285714,1558.50244140625,2232.6572265625,-1.087499976158142,1046.4,1,481,1,0,0,34,8,40
0,127.0,0.0,267.0,4.0,229.0,1727.0,191.5306122448978,16744.333984375,27.28333282470703,3.866666555404663,20787.216796875,23.183332443237305,5.699999809265137,5.0,41.63333511352539,27235.333984375,3095.7714285714287,1.080547571182251,25.822975158691406,267.74285714285713,1558.03515625,2251.142822265625,-0.7851190567016602,1048.057142857143,2,481,1,0,0,21,10,41
1,142.0,0.49030786752700806,267.0,4.0,283.0,1141.0,195.1224489795916,12425.1669921875,24.816667556762695,4.066666603088379,19135.150390625,22.866666793823242,5.300000190734863,4.900000095367432,41.25,25791.666015625,3193.0,1.08388090133667,26.010595321655273,270.6857142857143,1574.611083984375,2248.82861328125,-0.7958571314811707,1055.9714285714285,2,481,1,0,0,42,13,46
0,61.0,0.0,267.0,4.0,229.0,3149.0,194.28571428571405,12776.5,24.700000762939453,2.616666555404663,15424.7001953125,22.649999618530273,5.5,5.400000095367432,45.13333511352539,22351.0,3404.657142857143,1.100595235824585,26.176427841186523,257.0,1558.2666015625,2301.1142578125,-0.7672619223594666,1064.4857142857143,2,481,1,0,0,24,6,27
0,103.0,0.022805016487836838,267.0,4.0,229.0,1826.0,194.99999999999983,15098.6669921875,23.299999237060547,3.3333332538604736,16831.333984375,22.983333587646484,5.699999809265137,5.150000095367432,47.016666412353516,25196.0,3453.457142857143,1.09759521484375,26.209165573120117,257.85714285714283,1564.15869140625,2291.685791015625,-0.7658809423446655,1065.942857142857,0,481,1,0,0,34,30,38
0,122.0,0.010262257419526577,267.0,4.0,229.0,2579.0,195.04081632653043,13592.3330078125,25.066667556762695,1.0333333015441895,15070.7666015625,22.71666717529297,5.599999904632568,5.199999809265137,43.25,23301.666015625,3585.457142857143,1.0824761390686035,26.11333465576172,249.28571428571428,1561.3836669921875,2270.54296875,-0.9797857403755188,1068.2571428571428,2,481,1,0,0,21,8,41
0,91.0,0.5940706729888916,267.0,4.0,229.0,1187.0,193.7959183673467,16392.5,25.016666412353516,1.7666666507720947,17918.466796875,23.0,6.0,4.849999904632568,45.233333587646484,27495.333984375,3431.2571428571428,1.0659524202346802,26.11988067626953,255.88571428571427,1591.28369140625,2230.771484375,-0.7900238037109375,1073.6857142857143,1,481,1,1,0,41,11,37
0,89.0,0.4389965832233429,267.0,4.0,229.0,1313.0,182.12244897959172,,,,,,,,,,2968.8,1.058309555053711,26.189762115478516,257.77142857142854,1598.858642578125,2163.6572265625,-0.6224285960197449,1072.4285714285713,1,481,1,1,0,21,35,32
0,125.0,0.3785632848739624,267.0,4.0,229.0,1159.0,179.97959183673458,17950.333984375,26.0,6.2833333015441895,18903.0,23.233333587646484,5.400000095367432,4.599999904632568,40.75,24750.166015625,2719.4857142857145,1.0519047975540161,26.153690338134766,248.97142857142856,1566.681640625,2151.1142578125,-0.6624285578727722,1063.6,5,481,1,0,0,24,8,39
0,201.0,0.0,267.0,4.0,229.0,1945.0,179.14285714285703,12589.0,25.316667556762695,2.1500000953674316,13962.75,22.149999618530273,5.5,4.883333206176758,47.233333587646484,20318.166015625,2655.1714285714284,1.0562143325805664,26.23880958557129,258.42857142857144,1586.176025390625,2117.6572265625,-0.6261666417121887,1066.2857142857142,1,481,1,0,0,21,33,71
0,43.0,0.4310148358345032,267.0,4.0,229.0,3141.0,181.08163265306112,16768.666015625,24.016666412353516,4.7166666984558105,16240.533203125,24.133333206176758,5.400000095367432,4.800000190734863,45.11666488647461,23138.0,2657.542857142857,1.0495952367782593,26.268810272216797,255.37142857142857,1578.1256103515625,2114.8857421875,-0.5355714559555054,1064.0,1,481,1,0,0,31,4,13
0,192.0,0.1151653379201889,267.0,4.0,229.0,6149.0,181.9795918367346,11888.1669921875,24.255556106567383,3.6777777671813965,15009.466796875,22.788888931274414,5.366666793823242,4.650000095367432,48.68888854980469,22309.943359375,2470.6285714285714,1.0742857456207275,26.375951766967773,261.3142857142857,1558.6903076171875,2098.428466796875,-0.5391428470611572,1054.0,1,481,1,0,0,31,25,59
0,185.0,0.01254275906831026,267.0,4.0,229.0,5986.0,185.22448979591832,12340.27734375,23.811111450195312,4.605555534362793,14693.3828125,22.766666412353516,5.333333492279053,4.650000095367432,46.31111145019531,21224.5,2500.8,1.0524524450302124,26.281667709350586,267.85714285714283,1573.827880859375,2077.514404296875,-0.4666190445423126,1050.0857142857142,1,481,1,0,0,34,31,56
0,106.0,0.1425313502550125,267.0,4.0,229.0,10529.0,185.6122448979591,9559.1669921875,25.066667556762695,5.166666507720947,17012.68359375,22.75,5.0,5.099999904632568,47.86666488647461,22053.666015625,2272.285714285714,1.0728095769882202,26.439523696899414,283.48571428571427,1562.63330078125,2049.485595703125,-0.39123809337615967,1034.6,0,481,1,0,0,21,33,34
0,,0.0,267.0,4.0,229.0,8668.0,182.938775510204,13771.8330078125,24.08333396911621,1.5833333730697632,14609.6337890625,21.799999237060547,5.099999904632568,4.949999809265137,54.54999923706055,23047.0,2247.7714285714287,1.0779762268066406,26.55738067626953,295.2,1559.418701171875,2022.857177734375,-0.353547602891922,1023.0285714285715,3,481,1,0,0,41,6,
0,,0.0,267.0,4.0,229.0,9214.0,182.42857142857136,10933.8330078125,25.049999237060547,2.299999952316284,14243.25,23.233333587646484,5.400000095367432,5.083333492279053,51.58333206176758,22084.666015625,2173.4285714285716,1.0720000267028809,26.53714370727539,312.34285714285716,1571.8170166015625,1988.5142822265625,-0.2885476350784302,1011.2571428571429,4,481,1,0,0,24,2,
0,,0.02508551813662052,267.0,4.0,229.0,7124.0,181.34693877551013,12920.6669921875,23.149999618530273,4.400000095367432,16023.2666015625,34.61666488647461,6.5,5.083333492279053,49.54999923706055,28868.666015625,2199.8,1.0561904907226562,26.474761962890625,322.34285714285716,1573.5474853515625,1969.7427978515625,-0.23235714435577393,996.8285714285714,8,481,1,0,0,24,3,
1,87.0,0.04789053648710251,267.0,4.0,229.0,7178.0,179.16326530612236,11524.0,22.33333396911621,3.3333332538604736,14230.0,24.100000381469727,5.900000095367432,4.800000190734863,52.25,19166.0,2182.885714285714,1.0574285984039307,26.526905059814453,326.0857142857143,1574.0849609375,1952.5142822265625,-0.2509523928165436,995.1714285714286,6,481,1,0,0,34,5,29
1,148.0,0.18472063541412354,267.0,4.0,229.0,1785.0,177.24489795918362,11362.0,22.41666603088379,3.799999952316284,13750.8662109375,22.58333396911621,5.099999904632568,4.7833333015441895,50.83333206176758,17618.333984375,2160.114285714286,1.0365476608276367,26.4280948638916,335.74285714285713,1590.111083984375,1917.228515625,-0.2625952363014221,990.4857142857143,1,481,1,0,0,41,4,48
1,22.0,0.43443557620048523,267.0,4.0,229.0,9799.0,171.2083333333332,11248.6669921875,21.616666793823242,3.8499999046325684,14327.466796875,22.200000762939453,5.5,4.699999809265137,51.28333282470703,18928.333984375,2137.057142857143,1.0510714054107666,26.521072387695312,338.7142857142857,1586.5615234375,1904.8857421875,-0.2880000174045563,992.8,5,481,1,0,0,31,8,7
0,111.0,0.3112884759902954,267.0,4.0,229.0,16953.0,169.53061224489784,13699.0,23.96666717529297,3.383333444595337,18503.466796875,22.33333396911621,5.300000190734863,5.099999904632568,50.983333587646484,24294.333984375,2107.285714285714,1.065690517425537,26.712499618530273,339.48571428571427,1578.4451904296875,1886.5428466796875,-0.3019999861717224,990.2,4,481,1,0,0,21,6,44
0,98.0,0.5131129026412964,267.0,4.0,229.0,16697.0,169.53061224489784,11604.0,22.950000762939453,3.366666555404663,19045.349609375,23.316667556762695,5.699999809265137,4.833333492279053,51.95000076293945,22189.0,2107.285714285714,1.065690517425537,26.712499618530273,339.48571428571427,1578.4451904296875,1886.5428466796875,-0.3019999861717224,990.2,3,481,1,0,0,21,6,40
0,109.0,0.02964652143418789,267.0,4.0,229.0,20847.0,163.91666666666652,12033.0,24.433332443237305,3.299999952316284,15480.900390625,22.75,5.800000190734863,4.800000190734863,50.900001525878906,22634.666015625,1978.4857142857143,1.076547622680664,26.902856826782227,352.85714285714283,1573.4796142578125,1856.5714111328125,-0.28459522128105164,977.8571428571429,2,481,1,0,0,34,15,39
0,98.0,0.26681870222091675,267.0,4.0,229.0,13914.0,159.70833333333323,11988.5,24.066667556762695,3.433333396911621,15302.900390625,21.66666603088379,4.900000095367432,5.0,52.41666793823242,22930.0,1896.3714285714286,1.0750237703323364,26.88190460205078,364.8,1579.127197265625,1825.7142333984375,-0.31583333015441895,969.7142857142857,3,481,1,0,0,21,10,32
0,70.0,0.14025086164474487,267.0,4.0,229.0,9873.0,157.12499999999986,13477.0,24.683332443237305,6.099999904632568,19975.599609375,24.233333587646484,6.099999904632568,5.199999809265137,53.75,26441.0,1862.2857142857142,1.0468333959579468,26.613332748413086,369.57142857142856,1583.669189453125,1815.2857666015625,-0.3013571500778198,959.3714285714286,9,481,1,0,0,21,9,25
0,154.0,0.24059292674064636,267.0,4.0,229.0,1964.0,155.0408163265305,15371.0,21.33333396911621,4.816666603088379,17493.232421875,22.933332443237305,6.400000095367432,4.800000190734863,58.45000076293945,29232.0,1883.9714285714285,1.0435714721679688,26.745832443237305,371.51428571428573,1589.6986083984375,1794.5428466796875,-0.34864285588264465,962.1142857142858,5,481,1,0,0,31,29,57
0,,0.0,267.0,4.0,229.0,4599.0,152.85416666666654,12561.1669921875,24.883333206176758,5.900000095367432,18978.916015625,26.08333396911621,6.5,4.983333110809326,50.08333206176758,31155.5,1985.0285714285715,0.9586666822433472,25.828332901000977,352.9142857142857,1583.1741943359375,1806.228515625,-0.37392857670783997,952.1142857142858,7,481,1,1,0,31,4,
0,,0.39452680945396423,267.0,4.0,229.0,3909.0,151.34693877551004,11673.3330078125,21.83333396911621,6.4666666984558105,17614.166015625,24.21666717529297,6.400000095367432,5.066666603088379,56.36666488647461,30122.333984375,2010.4857142857143,0.9348095059394836,25.456905364990234,347.9714285714286,1586.6807861328125,1816.05712890625,-0.36478573083877563,949.9714285714285,9,481,1,1,0,31,1,
0,132.0,0.3101482391357422,267.0,4.0,191.0,2165.0,148.61224489795907,11963.0,23.316667556762695,10.050000190734863,20373.25,26.600000381469727,6.400000095367432,4.599999904632568,59.36666488647461,27931.5,2078.2571428571428,0.9785714149475098,26.104881286621094,356.8,1597.307373046875,1782.3428955078125,-0.40864282846450806,963.4857142857143,6,481,1,1,0,41,2,44
0,145.0,0.7616875767707825,267.0,4.0,191.0,1069.0,149.1818181818181,11444.5,22.71666717529297,8.416666984558105,20615.283203125,27.83333396911621,7.5,4.75,59.04999923706055,31291.5,2101.7428571428572,0.9780238270759583,26.191072463989258,368.48571428571427,1628.1658935546875,1748.4857177734375,-0.4623333215713501,967.4285714285714,2,481,1,0,0,21,20,49
0,109.0,0.08323831111192703,,,191.0,2490.0,148.47619047619037,11551.0,24.46666717529297,2.8333332538604736,15275.400390625,22.049999237060547,6.199999809265137,4.883333206176758,54.56666564941406,22154.0,2136.1714285714284,1.0367143154144287,26.87285804748535,362.77142857142854,1594.3546142578125,1745.085693359375,-0.4922380745410919,972.4285714285714,5,567,1,0,0,41,14,40
0,110.0,0.21322691440582275,267.0,4.0,191.0,3405.0,147.13043478260857,12567.3330078125,19.766666412353516,3.6666667461395264,14274.0,20.700000762939453,5.900000095367432,5.0,60.483333587646484,23166.666015625,2062.0857142857144,1.010952353477478,26.648096084594727,373.2,1607.1329345703125,1729.5999755859375,-0.5452619194984436,959.9714285714285,3,567,1,0,0,11,5,38
0,110.0,0.16647662222385406,,,191.0,4256.0,147.81081081081072,12148.3154296875,20.538888931274414,5.1240739822387695,16418.646484375,22.55370330810547,5.455555438995361,5.046296119689941,59.02592468261719,25331.703125,2062.0857142857144,1.010952353477478,26.648096084594727,373.2,1607.1329345703125,1729.5999755859375,-0.5452619194984436,959.9714285714285,3,567,1,0,0,21,4,41
0,145.0,0.6225769519805908,296.0,3.0,313.0,1512.0,301.89795918367315,15692.3330078125,30.566667556762695,4.433333396911621,17571.43359375,23.08333396911621,3.9000000953674316,5.099999904632568,24.5,16431.333984375,2263.8571428571427,0.7997381091117859,24.979761123657227,122.11428571428571,1402.0706787109375,1759.7142333984375,0.1576666533946991,976.0857142857143,0,505,1,1,0,21,8,54
0,273.0,0.530216634273529,296.0,3.0,313.0,1935.0,301.89795918367315,16523.333984375,29.983333587646484,4.349999904632568,16678.06640625,21.950000762939453,3.799999952316284,4.983333110809326,25.316667556762695,15842.0,2263.8571428571427,0.7997381091117859,24.979761123657227,122.11428571428571,1402.0706787109375,1759.7142333984375,0.1576666533946991,976.0857142857143,0,505,1,1,0,21,6,117
1,170.0,0.34207525849342346,296.0,3.0,313.0,1524.0,298.53061224489767,14473.1669921875,28.149999618530273,3.0999999046325684,17367.083984375,21.133333206176758,4.199999809265137,5.0,26.41666603088379,21462.0,2326.8571428571427,0.7925714254379272,25.018571853637695,125.08571428571429,1398.2183837890625,1735.2857666015625,0.21049997210502625,970.8857142857142,0,505,1,1,0,41,15,88
0,214.17202817175632,0.38768529891967773,296.0,3.0,313.0,1640.0,300.1428571428569,12800.8330078125,25.0,1.9666666984558105,16156.2998046875,21.200000762939453,3.4000000953674316,5.25,24.700000762939453,16265.6669921875,2531.457142857143,0.7669761776924133,24.8655948638916,137.37142857142857,1395.98046875,1659.5999755859375,0.3585476279258728,954.4,0,505,1,0,1,21,3,81
0,301.0,0.7879133224487305,296.0,3.0,313.0,1157.0,302.67346938775484,14274.6669921875,28.516666412353516,5.666666507720947,13994.599609375,19.933332443237305,3.700000047683716,5.0,21.28333282470703,16038.5,2527.7714285714287,0.7712857127189636,24.862262725830078,138.45714285714286,1394.6805419921875,1652.7427978515625,0.35114288330078125,954.6571428571428,3,505,1,0,1,31,8,153
0,217.0,0.7434435486793518,296.0,3.0,313.0,1079.0,302.7551020408161,14955.6669921875,24.53333282470703,6.0333333015441895,16748.3828125,21.633333206176758,3.799999952316284,5.199999809265137,28.950000762939453,17216.166015625,2580.457142857143,0.7646904587745667,24.79380989074707,141.14285714285714,1402.01220703125,1640.971435546875,0.3895714282989502,955.2,3,505,1,0,1,42,11,103
0,374.0,0.6602052450180054,296.0,3.0,313.0,1309.0,301.2040816326528,13850.6669921875,26.183332443237305,4.550000190734863,16426.0,21.350000381469727,3.9000000953674316,5.099999904632568,32.91666793823242,17086.833984375,2684.885714285714,0.7592856884002686,24.838571548461914,141.97142857142856,1402.9300537109375,1640.7142333984375,0.4552857279777527,956.4,1,505,1,0,1,31,25,160
0,97.0,0.9566704630851746,296.0,3.0,313.0,1079.0,302.020408163265,14610.0,22.899999618530273,4.599999904632568,21051.900390625,21.016666412353516,3.5,5.199999809265137,38.03333282470703,15179.0,2651.7428571428572,0.7695714235305786,24.815834045410156,146.71428571428572,1406.0089111328125,1618.05712890625,0.4402380883693695,956.0285714285715,0,505,1,0,1,31,2,49
0,220.0,0.7377423048019409,296.0,3.0,313.0,1168.0,300.57142857142827,11952.3330078125,23.799999237060547,3.5999999046325684,14567.533203125,19.549999237060547,3.5,4.983333110809326,36.900001525878906,15329.5,2715.6857142857143,0.7717381119728088,24.909404754638672,142.85714285714286,1395.574951171875,1640.2572021484375,0.48914283514022827,955.6857142857143,2,505,1,0,1,42,5,100
0,297.0,0.9144811630249023,296.0,3.0,313.0,1071.0,301.9591836734691,12268.0,22.633333206176758,6.050000190734863,14721.7001953125,19.566667556762695,3.299999952316284,4.900000095367432,38.78333282470703,13066.8330078125,2743.542857142857,0.7753571271896362,25.012975692749023,142.5142857142857,1396.8912353515625,1645.3714599609375,0.5226666927337646,958.4285714285714,1,505,1,0,1,42,23,149
0,239.0,0.6431014537811279,296.0,3.0,313.0,3232.0,299.77551020408134,11408.5556640625,22.450000762939453,3.883333444595337,14088.677734375,18.794445037841797,3.433333396911621,4.75,41.266666412353516,14187.6669921875,2787.2285714285713,0.7800952196121216,25.099761962890625,139.71428571428572,1385.272705078125,1657.17138671875,0.564214289188385,956.3428571428572,1,505,1,0,1,31,5,92
0,223.0,0.7149372696876526,296.0,3.0,313.0,1248.0,298.79591836734664,14140.6669921875,20.633333206176758,3.8499999046325684,13909.8662109375,18.78333282470703,3.4000000953674316,4.949999809265137,42.03333282470703,13813.0,2775.885714285714,0.7860237956047058,25.06571388244629,142.71428571428572,1392.0048828125,1659.971435546875,0.5745238065719604,959.2285714285714,2,505,1,0,1,41,5,111
0,97.0,0.27251994609832764,296.0,3.0,313.0,2252.0,294.7755102040814,10638.6669921875,20.21666717529297,3.1666667461395264,14540.7998046875,18.433332443237305,3.299999952316284,4.683333396911621,45.849998474121094,14476.6669921875,2885.7428571428572,0.775857150554657,25.228452682495117,137.28571428571428,1392.383544921875,1703.5142822265625,0.642047643661499,965.2571428571429,2,505,1,0,1,42,19,38
0,280.0,0.8209806084632874,296.0,3.0,313.0,1186.0,294.7755102040814,10088.8330078125,22.200000762939453,4.25,13736.0166015625,19.266666412353516,3.299999952316284,4.983333110809326,43.61666488647461,13368.3330078125,2886.6857142857143,0.7759285569190979,25.258689880371094,136.85714285714286,1389.873291015625,1707.971435546875,0.6275476217269897,965.3714285714286,0,505,1,0,1,31,22,135
0,279.0,0.9521094560623169,296.0,3.0,313.0,1078.0,292.2244897959181,10854.0,18.799999237060547,5.933333396911621,15450.75,20.350000381469727,4.0,4.849999904632568,40.70000076293945,15192.0,2854.942857142857,0.7803809642791748,25.21928596496582,138.68571428571428,1386.8717041015625,1706.2857666015625,0.6328809857368469,963.0285714285715,2,505,1,0,1,21,18,133
0,300.0,0.07867731153964996,296.0,3.0,313.0,4037.0,288.26530612244875,11252.0,20.16666603088379,3.633333444595337,15181.966796875,19.899999618530273,3.5,4.849999904632568,47.86666488647461,13375.0,2886.0857142857144,0.7863571643829346,25.41773796081543,134.6,1366.16796875,1745.771484375,0.6532142758369446,959.0285714285715,2,505,1,0,0,31,28,124
0,222.0,0.33979475498199463,296.0,3.0,313.0,5906.0,284.9999999999997,12368.0,19.016666412353516,2.2833333015441895,19670.900390625,19.616666793823242,3.4000000953674316,4.75,39.016666412353516,15116.6669921875,2894.2571428571428,0.7909761667251587,25.44928550720215,133.57142857142858,1363.582275390625,1754.8857421875,0.644095242023468,960.8857142857142,6,505,1,0,0,31,17,90
0,158.0,0.4241733253002167,296.0,3.0,313.0,11785.0,283.1632653061223,18046.833984375,21.03333282470703,4.599999904632568,21985.3828125,21.549999237060547,4.099999904632568,4.650000095367432,46.45000076293945,22935.166015625,2883.3714285714286,0.7740238308906555,25.36916732788086,133.11428571428573,1365.3681640625,1755.82861328125,0.6455237865447998,959.8857142857142,2,505,1,0,0,31,2,61
0,213.09604607302074,0.29532498121261597,296.0,3.0,313.0,8969.0,282.2499999999998,11828.0,18.41666603088379,3.1666667461395264,15513.599609375,19.21666717529297,3.0999999046325684,4.550000190734863,46.03333282470703,17412.0,2844.9142857142856,0.7973333597183228,25.614999771118164,131.94285714285715,1380.99365234375,1769.228515625,0.633309543132782,979.3428571428572,3,505,1,0,0,31,10,86
0,269.3434393214789,0.14595210552215576,296.0,3.0,313.0,2354.0,279.8333333333331,12305.3330078125,17.894445419311523,4.344444274902344,18430.400390625,21.755556106567383,3.566666603088379,4.883333206176758,48.27777862548828,17475.333984375,2721.9142857142856,0.7792381048202515,25.520238876342773,130.5142857142857,1386.780029296875,1721.4285888671875,0.5905476212501526,980.8857142857142,2,469,1,0,0,41,5,99
0,183.0,0.18472063541412354,296.0,3.0,302.0,1723.0,279.8333333333331,10446.3330078125,19.450000762939453,4.366666793823242,17396.232421875,20.899999618530273,3.799999952316284,4.866666793823242,42.86666488647461,14686.1669921875,2668.2571428571428,0.7678571343421936,25.526309967041016,128.65714285714284,1377.2418212890625,1708.800048828125,0.5927380919456482,974.9142857142857,2,469,1,0,0,21,10,67
0,221.0,0.7970353364944458,296.0,3.0,302.0,1097.0,278.34883720930213,10609.5,22.633333206176758,7.333333492279053,16788.416015625,22.200000762939453,4.199999809265137,4.900000095367432,36.733333587646484,13635.3330078125,2594.885714285714,0.7671904563903809,25.51071548461914,127.88571428571429,1387.3826904296875,1693.971435546875,0.5824047923088074,981.6571428571428,1,469,1,0,0,21,2,94
0,329.0,0.21322691440582275,296.0,3.0,313.0,2222.0,275.14634146341444,10580.3330078125,23.83333396911621,8.300000190734863,17664.6328125,20.91666603088379,3.5999999046325684,4.949999809265137,39.83333206176758,21464.666015625,2442.114285714286,0.7632856965065002,25.527856826782227,123.4,1382.86181640625,1683.771484375,0.5290952324867249,984.7714285714286,2,505,1,0,0,31,16,132
0,248.60858747108992,0.01824401319026947,296.0,3.0,313.0,3381.0,271.1025641025639,13133.1669921875,26.766666412353516,3.1666667461395264,18519.017578125,19.983333587646484,3.5,4.800000190734863,42.516666412353516,17761.666015625,2462.7428571428572,0.7645238041877747,25.51119041442871,118.17142857142858,1374.622314453125,1688.17138671875,0.5035238265991211,986.1428571428571,6,505,1,0,0,42,30,104
0,131.0,0.0,296.0,3.0,313.0,6446.0,264.5277777777776,10174.6669921875,21.96666717529297,3.5,17597.25,20.183332443237305,3.4000000953674316,4.849999904632568,43.46666717529297,19137.666015625,2649.6,0.7857857346534729,25.695714950561523,118.02857142857142,1382.1805419921875,1686.6285400390625,0.499523788690567,999.2571428571429,13,505,1,0,0,41,8,47
0,187.0,0.2497149407863617,296.0,3.0,293.0,9425.0,251.51351351351326,13412.5,29.983333587646484,7.800000190734863,20336.3828125,21.516666412353516,4.099999904632568,4.599999904632568,38.849998474121094,19679.333984375,3931.5142857142855,0.9792143106460571,27.02940559387207,150.82857142857142,1384.3853759765625,1831.5714111328125,0.48116669058799744,1039.8,2,476,1,0,0,21,28,103
0,159.0,0.09578107297420502,296.0,3.0,293.0,4415.0,251.51351351351326,12362.3330078125,32.61666488647461,6.983333110809326,17707.767578125,21.633333206176758,4.0,4.650000095367432,34.86666488647461,18001.333984375,3989.9142857142856,0.9900000095367432,27.097620010375977,151.82857142857142,1382.3944091796875,1830.3714599609375,0.5035714507102966,1041.2857142857142,2,476,1,0,0,34,17,58
0,199.0,0.352337509393692,296.0,3.0,293.0,1999.0,254.1818181818179,11129.3330078125,33.150001525878906,5.650000095367432,16541.8671875,20.899999618530273,3.5999999046325684,4.366666793823242,51.0,18588.166015625,3956.114285714286,0.9311428666114807,26.795000076293945,159.8,1385.3663330078125,1790.5142822265625,0.6025238037109375,1017.6285714285714,3,476,1,1,0,31,7,90
0,88.0,0.15393386781215668,296.0,3.0,293.0,2754.0,257.8749999999997,13639.3330078125,34.83333206176758,7.916666507720947,17267.80078125,21.41666603088379,3.9000000953674316,4.449999809265137,41.71666717529297,17271.333984375,4122.4,0.9316666722297668,26.710952758789062,149.97142857142856,1383.795654296875,1826.6285400390625,0.595547616481781,1026.8,0,476,1,0,0,21,33,31
0,259.0,0.46408209204673767,296.0,3.0,293.0,1234.0,266.81632653061206,13487.5,32.68333435058594,7.516666889190674,18106.3828125,22.299999237060547,3.9000000953674316,4.349999904632568,52.41666793823242,18034.833984375,4075.8285714285716,0.9040714502334595,26.592618942260742,153.68571428571428,1380.593994140625,1808.3143310546875,0.6316428780555725,1012.7714285714286,1,476,1,1,0,41,6,106
0,113.0,0.5017103552818298,296.0,3.0,293.0,2842.0,277.5918367346936,11248.6669921875,33.04999923706055,7.650000095367432,19551.599609375,27.066667556762695,4.300000190734863,4.5,43.03333282470703,31899.666015625,4134.085714285714,0.8824047446250916,26.212499618530273,148.42857142857142,1370.0965576171875,1818.94287109375,0.6523809432983398,1004.6,1,476,1,0,1,11,6,50
0,142.0,0.5336374044418335,296.0,3.0,293.0,1950.0,277.5918367346936,12361.1669921875,32.04999923706055,8.600000381469727,18398.966796875,23.21666717529297,4.199999809265137,4.349999904632568,48.88333511352539,17839.166015625,4050.2571428571428,0.8807142972946167,26.376785278320312,152.14285714285714,1381.2149658203125,1811.1142578125,0.6545476317405701,1007.2285714285714,0,476,1,0,1,41,7,61
0,305.0,0.9384264349937439,296.0,3.0,293.0,1069.0,301.93877551020387,10663.0,37.099998474121094,7.477777481079102,19218.376953125,26.46666717529297,4.933333396911621,4.349999904632568,40.905555725097656,22301.611328125,3866.2,0.7914524078369141,25.561071395874023,143.5142857142857,1385.137451171875,1851.17138671875,0.6609285473823547,987.0857142857143,0,476,1,0,1,21,32,108
0,315.0,0.8882554173469543,296.0,3.0,293.0,1153.0,301.28571428571405,13363.0,34.31666564941406,8.183333396911621,18737.216796875,25.883333206176758,5.800000190734863,4.349999904632568,41.483333587646484,21338.666015625,3928.6,0.8126190304756165,25.839284896850586,146.14285714285714,1386.075927734375,1838.6285400390625,0.6870714426040649,993.7714285714286,0,476,1,0,1,31,7,111
0,234.0,0.852907657623291,296.0,3.0,293.0,2000.0,298.6530612244896,15728.0,33.75,8.533333778381348,20433.599609375,24.899999618530273,5.900000095367432,4.449999809265137,42.71666717529297,24251.666015625,3783.4285714285716,0.7820952534675598,25.497499465942383,145.0,1387.1593017578125,1852.4285888671875,0.6941428780555725,984.3142857142857,0,476,1,0,1,21,1,86
0,253.0,0.9133409261703491,296.0,3.0,293.0,1059.0,294.5306122448978,10943.0,34.70000076293945,6.5333333015441895,19303.25,25.399999618530273,5.5,4.5,42.63333511352539,22584.833984375,3681.7428571428572,0.7765714526176453,25.570119857788086,145.62857142857143,1394.4072265625,1864.914306640625,0.6713333129882812,986.2,0,476,1,0,1,31,32,90
0,249.0,0.597491443157196,296.0,3.0,293.0,2400.0,289.34693877551,10185.8330078125,37.349998474121094,8.466666221618652,21307.416015625,25.383333206176758,6.599999904632568,4.400000095367432,38.29999923706055,26211.666015625,3535.4285714285716,0.7446190714836121,25.148691177368164,144.74285714285713,1406.9744873046875,1902.4285888671875,0.6402857303619385,982.6,1,476,1,0,0,21,7,115
0,257.0,0.6727480292320251,296.0,3.0,293.0,3760.0,277.1632653061222,11137.6669921875,37.88333511352539,7.816666603088379,21263.533203125,24.950000762939453,6.199999809265137,4.449999809265137,41.41666793823242,19238.666015625,3311.457142857143,0.7618571519851685,25.53523826599121,144.45714285714286,1403.68994140625,1948.028564453125,0.6237381100654602,986.6571428571428,0,476,1,0,0,21,8,111
0,191.0,0.9407069683074951,296.0,3.0,293.0,1079.0,280.6938775510202,14108.111328125,32.80555725097656,4.211111068725586,17425.166015625,20.516666412353516,4.400000095367432,4.7833333015441895,43.53333282470703,16656.4453125,3448.9142857142856,0.7577857375144958,25.566547393798828,145.4857142857143,1410.2896728515625,1939.4571533203125,0.636904776096344,989.1428571428571,0,476,1,1,1,42,35,82
0,194.0,0.6054732203483582,296.0,3.0,293.0,1669.0,278.97959183673447,16177.3330078125,33.21666717529297,5.4666666984558105,16553.232421875,20.200000762939453,4.199999809265137,4.300000190734863,41.849998474121094,15799.3330078125,3453.942857142857,0.7344047427177429,25.36964225769043,137.02857142857144,1397.8037109375,2021.142822265625,0.5571428537368774,983.2571428571429,2,476,1,0,0,41,17,87
0,,0.009122006595134735,296.0,3.0,293.0,8409.0,282.7551020408161,14281.5,29.683332443237305,4.75,18961.1328125,21.66666603088379,4.699999809265137,4.583333492279053,48.31666564941406,19315.333984375,3343.4285714285716,0.744357168674469,25.40999984741211,136.82857142857142,1401.3902587890625,2068.085693359375,0.45478570461273193,988.4,1,476,1,0,0,31,1,
0,167.0,0.16761687397956848,296.0,3.0,293.0,3716.0,287.3673469387753,11956.6669921875,33.516666412353516,5.449999809265137,18811.0,22.46666717529297,4.800000190734863,4.599999904632568,43.31666564941406,18316.5,3404.2,0.6967619061470032,24.840238571166992,141.34285714285716,1404.83251953125,1992.3714599609375,0.4209761619567871,970.4,1,476,1,0,0,21,31,60
0,179.0,0.7548460364341736,296.0,3.0,293.0,3740.0,279.26530612244875,12715.6298828125,32.151851654052734,6.1370368003845215,18260.78515625,21.55740737915039,4.5333333015441895,4.644444465637207,42.598148345947266,20629.0,3178.9142857142856,0.708309531211853,25.152856826782227,141.28571428571428,1406.69384765625,2034.17138671875,0.348238080739975,973.8,0,476,1,0,0,11,31,64
0,89.04155732878628,0.07753705978393555,296.0,3.0,293.0,1637.0,280.22448979591826,14742.5,28.799999237060547,5.4666666984558105,14820.0830078125,20.633333206176758,4.0,4.550000190734863,50.25,14969.1669921875,2769.057142857143,0.7054523825645447,25.27107048034668,151.4857142857143,1414.88671875,1955.085693359375,0.23407141864299774,966.8571428571429,1,476,1,0,0,11,3,35
0,110.0,0.08893956989049911,296.0,3.0,293.0,7220.0,284.26530612244886,11929.6669921875,29.366666793823242,9.366666793823242,16550.533203125,21.899999618530273,4.199999809265137,4.75,48.900001525878906,23982.166015625,2692.2,0.7033095359802246,25.030118942260742,152.68571428571428,1414.0225830078125,1928.8857421875,0.23602381348609924,963.1714285714286,4,476,1,0,0,21,7,51
0,122.0,0.20068414509296417,296.0,3.0,293.0,12101.0,263.7959183673468,14690.8330078125,33.06666564941406,10.133333206176758,16443.68359375,24.08333396911621,4.5,4.7166666984558105,42.650001525878906,20814.166015625,2606.457142857143,0.6932380795478821,24.817975997924805,151.42857142857142,1411.775146484375,1908.5999755859375,0.20745238661766052,959.0,3,476,1,0,0,21,18,47
0,108.0,0.0,296.0,3.0,293.0,12977.0,263.7959183673468,14347.3330078125,31.08333396911621,6.449999809265137,15985.6669921875,23.66666603088379,5.099999904632568,4.800000190734863,46.71666717529297,21866.666015625,2567.0285714285715,0.6884762048721313,24.774524688720703,153.17142857142858,1411.8094482421875,1901.085693359375,0.19483333826065063,955.4857142857143,1,476,1,0,0,31,4,47
0,128.0,0.05473203957080841,296.0,3.0,293.0,8177.0,253.51020408163257,12061.0,27.016666412353516,3.7833333015441895,16801.333984375,20.78333282470703,4.300000190734863,4.75,46.733333587646484,18309.333984375,2483.6,0.7003809213638306,24.99738121032715,157.88571428571427,1417.2498779296875,1896.771484375,0.1642380952835083,957.8857142857142,1,476,1,0,0,21,15,53
0,195.0,0.013683009892702103,296.0,3.0,293.0,15790.0,246.32653061224477,14466.0,26.766666412353516,4.800000190734863,17276.650390625,24.566667556762695,4.900000095367432,4.699999809265137,47.33333206176758,19144.5,2368.8571428571427,0.7059285640716553,25.002857208251953,161.02857142857144,1421.598876953125,1915.3428955078125,0.11428570747375488,956.8571428571429,2,476,1,0,0,31,6,88
0,135.0,0.10034207254648209,296.0,3.0,293.0,19629.0,240.12244897959172,18504.0,28.450000762939453,5.650000095367432,13733.56640625,20.08333396911621,4.400000095367432,4.599999904632568,42.66666793823242,17839.166015625,2291.8571428571427,0.7058095335960388,25.13809585571289,166.42857142857142,1420.0389404296875,1916.228515625,0.07342858612537384,949.7142857142857,2,476,1,0,0,21,14,52
0,186.0,0.042189281433820724,296.0,3.0,293.0,27825.0,238.57142857142844,15220.22265625,23.02777671813965,3.6777777671813965,13957.6337890625,19.755556106567383,4.766666889190674,4.733333110809326,49.42777633666992,27855.77734375,2230.3714285714286,0.7074761986732483,25.108333587646484,165.94285714285715,1423.43701171875,1940.771484375,0.0073809497989714146,952.0,0,476,1,0,0,31,28,84
0,176.0,0.0,296.0,3.0,293.0,32767.0,237.9591836734692,11868.6669921875,24.049999237060547,6.516666889190674,16812.8671875,23.549999237060547,4.800000190734863,4.9666666984558105,53.61666488647461,21131.666015625,2205.4,0.7010952234268188,24.94071388244629,164.74285714285713,1421.19189453125,1947.2857666015625,-0.010833329521119595,949.2,0,476,1,0,0,21,11,81
0,60.0,0.27936145663261414,296.0,3.0,293.0,32767.0,243.42857142857125,13191.6669921875,24.08333396911621,6.900000095367432,15032.099609375,22.866666793823242,4.599999904632568,4.616666793823242,50.81666564941406,17962.0,2548.0,0.6839523911476135,24.703927993774414,158.05714285714285,1420.0628662109375,1983.4000244140625,-0.07516665011644363,950.2285714285714,0,476,1,0,0,31,7,22
