floodable_forests,biomass,sur_cover,quarter_biomass,quarter,ecoreg_biomass,dist,nearest_mature,cec,clay,cfvo,nitro,ocd,ocs,phh2o,sand,soc,mean_soil,mean_vpd,mean_temp,mean_def,mean_srad,mean_pr,mean_pdsi,mean_aet,num_fires,ecoreg,biome,indig,protec,topography,age,sd
0,32.0,0.06841505318880081,267.0,4.0,260.0,9575.0,165.9591836734693,12169.6669921875,29.78333282470703,5.650000095367432,15223.716796875,26.03333282470703,5.699999809265137,4.800000190734863,44.08333206176758,24092.833984375,2591.0285714285715,0.9311428666114807,25.794523239135742,291.9714285714286,1566.230712890625,1947.3714599609375,-0.5002143383026123,998.1142857142858,6,518,1,0,0,21,1,11
0,98.0,0.19042189419269562,267.0,4.0,260.0,10121.0,165.2857142857142,10691.6669921875,28.46666717529297,4.300000190734863,18155.833984375,24.516666412353516,6.400000095367432,4.900000095367432,42.63333511352539,27790.333984375,2586.5714285714284,0.9058095216751099,25.48178482055664,290.74285714285713,1574.5836181640625,1944.17138671875,-0.46604761481285095,994.3428571428572,6,518,1,0,0,31,7,37
0,186.0,0.5473204255104065,267.0,4.0,260.0,6372.0,165.95918367346928,12800.6669921875,28.383333206176758,8.783333778381348,17707.93359375,24.366666793823242,6.300000190734863,4.699999809265137,43.38333511352539,26730.666015625,2570.057142857143,0.8983809351921082,25.48452377319336,294.9142857142857,1587.259765625,1932.4285888671875,-0.4774285554885864,995.6,3,518,1,0,0,31,13,77
0,135.0,0.8973774313926697,267.0,4.0,260.0,9445.0,162.42857142857133,11306.5,23.866666793823242,6.333333492279053,16407.19921875,23.933332443237305,5.300000190734863,4.900000095367432,48.71666717529297,25492.5,2576.2,0.8805238008499146,25.257261276245117,290.6857142857143,1577.8428955078125,1922.8857421875,-0.4811428487300873,993.0571428571428,2,518,1,0,0,21,13,44
0,40.0,0.38882553577423096,267.0,4.0,260.0,4327.0,164.1020408163264,12535.8330078125,27.066667556762695,2.700000047683716,15134.533203125,22.883333206176758,5.699999809265137,4.699999809265137,50.650001525878906,23155.166015625,2567.5142857142855,0.8862143158912659,25.48821449279785,295.0857142857143,1585.373779296875,1902.2857666015625,-0.5077618956565857,995.2857142857143,7,518,1,0,0,21,33,13
0,146.0,0.0,267.0,4.0,260.0,5756.0,160.44897959183658,11485.1669921875,23.816667556762695,0.8999999761581421,14885.9501953125,22.233333587646484,4.800000190734863,4.849999904632568,49.54999923706055,23016.0,2588.1714285714284,0.9085952043533325,25.7403564453125,292.0285714285714,1565.9996337890625,1905.0,-0.5465238094329834,996.0857142857143,1,518,1,0,0,31,21,49
0,116.0,0.3728620409965515,267.0,4.0,229.0,6470.0,151.63265306122432,12836.888671875,23.094444274902344,4.133333206176758,17055.900390625,22.11111068725586,6.133333206176758,4.866666793823242,52.07221984863281,26661.443359375,2596.9238095238097,0.9016507863998413,25.593849182128906,290.57142857142856,1563.466796875,1907.20947265625,-0.5759682655334473,993.2095238095237,6,518,1,0,0,41,4,48
0,80.0,0.0,267.0,4.0,229.0,9416.0,147.3673469387754,13678.4443359375,22.811111450195312,1.894444465637207,16608.6328125,22.422222137451172,6.133333206176758,4.916666507720947,51.772220611572266,26417.056640625,2615.2285714285713,0.9171190857887268,25.69869041442871,291.54285714285714,1560.979248046875,1903.7142333984375,-0.5846904516220093,995.8571428571429,2,481,1,0,0,41,9,28
0,99.0,0.149372860789299,267.0,4.0,229.0,13810.0,141.18367346938763,10972.1669921875,18.71666717529297,1.0,14988.033203125,22.733333587646484,5.300000190734863,4.983333110809326,55.41666793823242,21842.166015625,2605.3142857142857,0.932023823261261,25.9089298248291,297.65714285714284,1573.0982666015625,1880.800048828125,-0.5945237874984741,1003.0857142857143,2,518,1,0,0,31,30,35
0,68.98093475893137,0.19498290121555328,267.0,4.0,229.0,12859.0,134.22448979591826,14900.5,21.200000762939453,3.299999952316284,16996.283203125,23.049999237060547,5.400000095367432,4.800000190734863,52.68333435058594,24546.5,2489.3714285714286,0.9706666469573975,26.48607063293457,301.9714285714286,1563.40673828125,1872.771484375,-0.6022619009017944,1010.2857142857143,5,481,1,0,0,31,5,23
0,87.0,0.7514253258705139,267.0,4.0,229.0,4600.0,131.22448979591823,10762.3330078125,20.03333282470703,3.6500000953674316,13952.216796875,21.53333282470703,4.800000190734863,4.699999809265137,53.61666488647461,19937.666015625,2385.5142857142855,0.951452374458313,26.432857513427734,318.2857142857143,1600.909912109375,1838.971435546875,-0.569595217704773,1008.9142857142857,5,481,1,0,0,41,7,32
0,20.0,0.3454959988594055,267.0,4.0,260.0,1860.0,127.67346938775499,11502.5,21.149999618530273,3.8499999046325684,14828.650390625,23.71666717529297,5.199999809265137,4.7833333015441895,46.16666793823242,26195.5,2263.885714285714,0.9531905055046082,26.457977294921875,330.0857142857143,1601.34423828125,1831.94287109375,-0.5425000190734863,995.6571428571428,4,518,1,0,0,34,6,7
0,30.0,0.6362599730491638,267.0,4.0,260.0,1268.0,124.38775510204071,11189.5,20.933332443237305,4.050000190734863,14394.5,23.03333282470703,4.599999904632568,4.7833333015441895,43.41666793823242,22875.5,2230.8,0.9477381110191345,26.435712814331055,329.42857142857144,1594.3817138671875,1834.4571533203125,-0.5478809475898743,990.3714285714286,3,518,1,0,0,34,4,10
0,59.0,0.014823260717093945,267.0,4.0,260.0,2264.0,126.28571428571419,11998.8330078125,22.46666717529297,5.75,17267.06640625,23.450000762939453,5.0,4.599999904632568,43.79999923706055,22252.5,2124.1714285714284,0.9412142634391785,26.39238166809082,341.9428571428571,1605.981201171875,1818.800048828125,-0.5195952653884888,981.8285714285714,7,518,1,0,0,34,2,21
0,66.0,0.01254275906831026,267.0,4.0,229.0,8517.0,125.6122448979591,10663.0,25.816667556762695,2.2833333015441895,15242.099609375,24.33333396911621,5.400000095367432,4.883333206176758,47.28333282470703,21382.5,2043.4571428571428,0.9700714349746704,26.480833053588867,335.65714285714284,1571.447021484375,1842.5714111328125,-0.5342618823051453,976.0285714285715,8,481,1,0,0,24,5,26
0,385.0,0.8369441032409668,296.0,3.0,313.0,1176.0,333.073170731707,17932.5,27.96666717529297,3.2666666507720947,16840.900390625,21.53333282470703,3.9000000953674316,5.5,24.53333282470703,19102.5,1459.5142857142857,0.7465476393699646,25.012737274169922,115.2,1389.0203857421875,1642.028564453125,-0.8365238308906555,959.6571428571428,0,505,1,1,0,31,27,189
0,293.0,0.6043329238891602,296.0,3.0,313.0,1282.0,327.8571428571426,15308.0,29.016666412353516,1.4833333492279053,20018.80078125,21.766666412353516,4.0,5.300000190734863,24.733333587646484,24225.666015625,1472.0285714285715,0.7320238351821899,24.94333267211914,117.08571428571429,1403.124267578125,1653.5142822265625,-0.6923571228981018,962.4857142857143,0,505,1,1,0,42,17,160
0,372.0,0.7080957889556885,296.0,3.0,313.0,1130.0,328.5306122448978,18206.0,29.683332443237305,6.016666889190674,18240.333984375,23.133333206176758,4.199999809265137,5.650000095367432,18.183332443237305,21331.333984375,1483.1142857142856,0.7310000061988831,24.893451690673828,115.57142857142857,1397.9854736328125,1665.199951171875,-0.6220476031303406,959.9142857142857,0,505,1,1,0,42,17,188
0,358.0,0.9703534841537476,296.0,3.0,313.0,1037.0,325.7346938775508,17515.0,30.41666603088379,1.5499999523162842,16904.05078125,21.899999618530273,3.9000000953674316,5.516666889190674,18.483333587646484,19474.0,1526.6571428571428,0.7227619290351868,24.929523468017578,109.6,1403.814208984375,1707.028564453125,-0.28583332896232605,969.0571428571428,1,505,1,1,0,21,5,195
0,206.4949118854958,0.2576966881752014,296.0,3.0,313.0,1229.0,319.7142857142855,16208.6669921875,23.700000762939453,0.699999988079071,17079.767578125,21.78333282470703,4.099999904632568,5.099999904632568,32.016666412353516,22885.0,1640.6,0.7095237970352173,25.098928451538086,102.71428571428571,1390.8516845703125,1784.5999755859375,-0.05773809924721718,966.8,0,505,1,1,0,41,17,80
0,326.0,0.9566704630851746,296.0,3.0,313.0,1046.0,308.45454545454515,16038.2783203125,26.088890075683594,1.9444444179534912,17688.734375,22.572221755981445,3.9666666984558105,4.833333492279053,34.29999923706055,17079.22265625,2163.6285714285714,0.680904746055603,24.91190528869629,96.51428571428572,1386.9986572265625,1925.6571044921875,0.4128571152687073,965.8857142857142,0,505,1,0,0,41,35,139
0,247.0,0.503990888595581,296.0,3.0,313.0,1440.0,310.13333333333316,13346.1669921875,26.950000762939453,2.200000047683716,18624.099609375,21.53333282470703,3.799999952316284,4.900000095367432,28.933332443237305,17724.333984375,2248.6,0.6708809733390808,24.77940559387207,94.97142857142858,1383.3154296875,1947.771484375,0.4574761986732483,962.0571428571428,1,505,1,0,0,31,15,92
0,269.0,0.9338654279708862,296.0,3.0,313.0,1060.0,305.9183673469385,19998.0,30.700000762939453,2.6500000953674316,19475.69921875,24.383333206176758,4.5,5.166666507720947,29.53333282470703,17624.0,2345.942857142857,0.6686428785324097,24.836904525756836,97.85714285714286,1375.6026611328125,1966.771484375,0.5532857179641724,956.0285714285715,0,505,1,0,1,21,4,136
0,369.0,0.91904217004776,296.0,3.0,313.0,1050.0,302.1224489795916,15138.6669921875,33.016666412353516,2.316666603088379,19939.232421875,23.25,3.5999999046325684,4.7833333015441895,23.66666603088379,19345.333984375,2518.2285714285713,0.6680952310562134,24.913928985595703,99.8,1376.29296875,1992.800048828125,0.6001428365707397,957.1142857142858,0,505,1,0,1,42,6,186
1,261.0,0.3443557620048523,296.0,3.0,313.0,1381.0,299.081632653061,17036.333984375,33.400001525878906,4.016666889190674,25025.30078125,23.600000381469727,4.300000190734863,4.683333396911621,24.549999237060547,18040.0,2550.8285714285716,0.6694285869598389,24.937023162841797,100.71428571428571,1377.5003662109375,1996.914306640625,0.6133571267127991,957.4571428571429,1,505,1,0,1,31,8,106
0,294.0,0.8209806084632874,296.0,3.0,313.0,1095.0,301.8775510204079,13660.8330078125,29.450000762939453,1.899999976158142,18186.650390625,21.950000762939453,4.0,4.699999809265137,20.266666412353516,16334.8330078125,3051.885714285714,0.6262381076812744,24.759761810302734,98.71428571428571,1376.946044921875,2002.4857177734375,0.6371428370475769,957.0,2,505,1,0,1,42,6,133
0,169.0,0.6100342273712158,296.0,3.0,313.0,1304.0,309.9999999999998,12158.6669921875,26.149999618530273,1.5499999523162842,16270.0166015625,20.200000762939453,3.799999952316284,4.566666603088379,22.200000762939453,16789.833984375,3068.3714285714286,0.6325238347053528,24.90035629272461,96.22857142857143,1371.171630859375,1999.4571533203125,0.5736904740333557,958.4285714285714,2,505,1,0,0,42,10,82
0,255.0,0.7480045557022095,296.0,3.0,313.0,1182.0,309.9999999999998,12417.3330078125,29.566667556762695,2.2166666984558105,20683.8671875,21.266666412353516,3.700000047683716,4.550000190734863,17.816667556762695,21829.0,3067.885714285714,0.6303809285163879,24.923452377319336,96.82857142857142,1369.7000732421875,2006.971435546875,0.568142831325531,957.1142857142858,5,505,1,0,0,31,5,96
1,359.0,0.5131129026412964,296.0,3.0,313.0,1915.0,309.6326530612242,11739.8330078125,30.549999237060547,1.5166666507720947,17863.349609375,20.633333206176758,3.700000047683716,4.599999904632568,23.116666793823242,19859.666015625,3078.4857142857145,0.6251904964447021,24.924285888671875,97.57142857142857,1368.2301025390625,1968.5999755859375,0.517214298248291,955.1142857142858,0,505,1,0,0,31,18,148
0,132.0,0.7137970328330994,296.0,3.0,313.0,2037.0,300.95918367346917,11607.0,32.61666488647461,2.200000047683716,16431.19921875,20.549999237060547,3.5999999046325684,4.483333110809326,30.933332443237305,15063.6669921875,3110.5714285714284,0.6067380905151367,24.664403915405273,96.6,1384.13720703125,1952.971435546875,0.5140476226806641,959.6571428571428,2,505,1,0,0,42,3,66
0,346.0,0.8631699085235596,296.0,3.0,313.0,1634.0,293.71428571428544,10711.0,28.96666717529297,4.633333206176758,18480.19921875,19.983333587646484,3.700000047683716,4.550000190734863,32.766666412353516,17231.0,3100.285714285714,0.6174523830413818,24.877857208251953,95.54285714285714,1380.5048828125,1916.0,0.48404762148857117,964.2571428571429,4,505,1,0,0,42,5,139
0,297.0,0.6567844748497009,296.0,3.0,313.0,1397.0,288.7755102040813,13179.3330078125,23.933332443237305,5.566666603088379,18945.232421875,20.149999618530273,3.4000000953674316,4.550000190734863,23.16666603088379,17279.666015625,3108.885714285714,0.6180475950241089,24.911190032958984,94.17142857142858,1374.957275390625,1906.94287109375,0.45054763555526733,963.2571428571429,1,505,1,0,0,21,32,119
0,220.0,0.3637400269508362,296.0,3.0,313.0,4590.0,284.8571428571426,12709.6669921875,30.049999237060547,3.683333396911621,21816.30078125,21.433332443237305,4.0,4.550000190734863,23.200000762939453,20048.833984375,3134.8285714285716,0.6316666603088379,25.06035614013672,89.28571428571429,1358.9959716796875,1900.17138671875,0.3937380909919739,964.2857142857143,4,505,1,0,0,41,27,86
0,211.0,0.3306727409362793,296.0,3.0,313.0,1906.0,280.81632653061195,10810.3330078125,29.366666793823242,2.8499999046325684,20463.966796875,21.100000381469727,3.700000047683716,4.599999904632568,27.78333282470703,19146.833984375,3134.5714285714284,0.6331190466880798,25.088333129882812,89.68571428571428,1356.3319091796875,1889.771484375,0.3845714330673218,963.5142857142857,3,505,1,0,0,21,29,88
0,138.0,0.0,296.0,3.0,313.0,1729.0,278.57142857142827,12193.6669921875,36.33333206176758,4.300000190734863,20419.8671875,20.200000762939453,3.299999952316284,4.5,19.149999618530273,20137.833984375,3129.714285714286,0.6295714378356934,25.089048385620117,90.34285714285714,1362.6429443359375,1873.5999755859375,0.3423571288585663,966.4857142857143,3,505,1,0,0,21,29,59
0,155.0,0.3979475498199463,296.0,3.0,313.0,1418.0,276.7142857142854,13666.6669921875,35.11666488647461,3.4666666984558105,18901.099609375,21.46666717529297,3.9000000953674316,4.699999809265137,20.41666603088379,20540.666015625,3108.4857142857145,0.6346904635429382,25.160356521606445,93.94285714285714,1368.441162109375,1842.971435546875,0.25097620487213135,969.0,1,505,1,0,0,42,2,62
0,190.0,0.6442417502403259,296.0,3.0,313.0,1117.0,277.89795918367315,11359.6669921875,31.66666603088379,5.0,16544.916015625,20.450000762939453,3.799999952316284,4.699999809265137,32.233333587646484,17587.166015625,3073.457142857143,0.639214277267456,25.216903686523438,100.4,1377.7469482421875,1832.085693359375,0.22816665470600128,969.6571428571428,1,505,1,0,0,21,30,91
0,143.0,0.013683009892702103,296.0,3.0,313.0,2852.0,286.18367346938766,12644.4443359375,27.038888931274414,4.583333492279053,19578.98828125,20.488889694213867,3.8333332538604736,4.550000190734863,20.677778244018555,19244.0,3118.3714285714286,0.6389762163162231,25.204286575317383,99.8,1374.5614013671875,1868.5142822265625,0.19969046115875244,968.2857142857143,4,505,1,0,0,41,2,53
0,119.0,0.2827822268009186,296.0,3.0,313.0,2364.0,286.67346938775495,12703.6669921875,34.31666564941406,4.633333206176758,17721.1171875,21.016666412353516,3.700000047683716,4.550000190734863,25.866666793823242,20080.333984375,3079.057142857143,0.6584761738777161,25.47702407836914,108.82857142857142,1367.169677734375,1908.914306640625,0.22952382266521454,962.5142857142857,1,505,1,0,0,42,10,43
0,112.0,0.27480044960975647,296.0,3.0,313.0,2744.0,281.38775510204067,13681.0,28.316667556762695,5.75,17723.349609375,21.450000762939453,4.199999809265137,4.550000190734863,28.883333206176758,18106.0,3017.0857142857144,0.6742143034934998,25.527738571166992,109.08571428571429,1375.7176513671875,1894.2857666015625,0.17726190388202667,970.6571428571428,2,505,1,0,0,42,3,40
0,,0.4925883710384369,296.0,3.0,285.0,1247.0,280.44897959183663,12313.5556640625,30.72222328186035,7.233333110809326,17666.27734375,20.855554580688477,3.566666603088379,4.377778053283691,36.0444450378418,18756.166015625,2982.1428571428573,0.6795238256454468,25.6252384185791,116.82857142857142,1375.862548828125,1888.6285400390625,0.24807143211364746,965.2571428571429,15,505,1,0,0,31,4,
0,288.0,0.473204106092453,296.0,3.0,272.0,1146.0,282.4081632653059,12106.888671875,31.433332443237305,5.672222137451172,18926.59375,22.950000762939453,3.5999999046325684,4.333333492279053,33.411109924316406,15595.0556640625,3078.9142857142856,0.6769523620605469,25.502262115478516,126.48571428571428,1382.1708984375,1952.05712890625,0.3834523558616638,957.5714285714286,1,497,1,0,0,31,11,117
0,263.0,0.19156214594841003,296.0,3.0,272.0,3902.0,279.10204081632634,13818.5,31.78333282470703,5.5,21405.69921875,22.41666603088379,3.799999952316284,4.300000190734863,26.983333587646484,22536.0,3129.7714285714287,0.6898809671401978,25.6488094329834,123.94285714285714,1377.3104248046875,1981.1142578125,0.36507144570350647,962.5714285714286,3,497,1,0,0,31,8,93
0,289.0,0.4811858534812927,296.0,3.0,272.0,1472.0,277.63265306122435,11144.3330078125,29.600000381469727,3.6666667461395264,18402.93359375,21.399999618530273,3.700000047683716,4.383333206176758,30.266666412353516,17780.333984375,3222.342857142857,0.7135476469993591,25.748689651489258,126.37142857142857,1376.2188720703125,1987.5714111328125,0.3891666531562805,967.1142857142858,3,497,1,0,0,41,10,103
0,318.0,0.5598631501197815,296.0,3.0,272.0,2766.0,278.4693877551019,11610.3330078125,34.79999923706055,5.949999809265137,16277.9169921875,21.183332443237305,3.9000000953674316,4.150000095367432,41.516666412353516,15709.1669921875,3265.7428571428572,0.7082856893539429,25.72940444946289,131.34285714285716,1377.455322265625,1994.0,0.4646666646003723,960.4857142857143,0,497,1,0,0,41,2,122
0,113.0,0.7035347819328308,296.0,3.0,272.0,1178.0,272.4693877551019,11060.1669921875,34.54999923706055,3.4000000953674316,15469.1337890625,20.78333282470703,4.0,4.133333206176758,37.06666564941406,18144.166015625,3384.9142857142856,0.729119062423706,25.91214370727539,134.22857142857143,1375.1097412109375,1946.82861328125,0.48454758524894714,962.3714285714286,2,497,1,0,0,34,8,52
0,192.0,0.4925883710384369,296.0,3.0,272.0,1784.0,271.8163265306121,10655.3330078125,33.68333435058594,4.016666889190674,16528.19921875,21.116666793823242,4.0,4.133333206176758,34.5,16462.666015625,3429.6285714285714,0.7283571362495422,25.953332901000977,134.25714285714287,1374.281494140625,1960.4571533203125,0.497476190328598,962.4571428571429,0,497,1,0,0,31,8,88
0,131.0,0.7172178030014038,296.0,3.0,272.0,1161.0,271.99999999999983,10281.3330078125,33.099998474121094,3.799999952316284,16582.517578125,20.766666412353516,4.099999904632568,4.133333206176758,36.71666717529297,15366.8330078125,3453.2285714285713,0.7375476360321045,25.985475540161133,136.14285714285714,1372.7896728515625,1955.2857666015625,0.5449286103248596,961.3142857142857,0,497,1,0,0,31,18,61
1,320.0,0.38768529891967773,296.0,3.0,272.0,2227.0,272.12244897959164,11201.888671875,36.89999771118164,4.505555629730225,16290.0439453125,20.616666793823242,3.5999999046325684,4.083333492279053,34.877777099609375,16014.1103515625,3460.0857142857144,0.7453095316886902,26.062618255615234,136.62857142857143,1370.00927734375,1955.142822265625,0.6020952463150024,961.7714285714286,1,497,1,0,0,42,11,150
0,157.0,0.16305586695671082,296.0,3.0,272.0,2643.0,278.85714285714266,18720.443359375,37.53888702392578,3.038888931274414,16547.9453125,20.205554962158203,3.866666793823242,4.150000095367432,26.677778244018555,17898.888671875,3508.1428571428573,0.7456666827201843,26.017738342285156,133.82857142857142,1372.539306640625,1967.4285888671875,0.6087142825126648,965.7142857142857,2,497,1,0,0,41,13,60
0,277.0,0.11174458265304565,296.0,3.0,272.0,4584.0,279.6530612244896,12013.5,38.599998474121094,4.916666507720947,16142.9501953125,20.350000381469727,3.4000000953674316,4.099999904632568,25.183332443237305,15963.5,3517.4,0.746833324432373,26.038333892822266,132.37142857142857,1369.7451171875,1975.914306640625,0.5728095173835754,966.2,2,497,1,0,0,42,4,99
0,95.0,0.0877993181347847,296.0,3.0,272.0,1482.0,273.5918367346937,12470.3330078125,35.56666564941406,3.950000047683716,17548.833984375,21.100000381469727,3.5999999046325684,4.349999904632568,23.41666603088379,20940.666015625,3535.0,0.7762143015861511,26.19261932373047,134.54285714285714,1373.0111083984375,1964.3714599609375,0.5719285607337952,973.6285714285714,6,505,1,0,0,41,3,41
0,321.0,0.5632839202880859,296.0,3.0,313.0,1205.0,273.8749999999998,10524.6669921875,35.06666564941406,4.316666603088379,16384.30078125,21.049999237060547,3.799999952316284,4.183333396911621,24.66666603088379,15975.6669921875,3533.3714285714286,0.7755476236343384,26.156904220581055,140.25714285714287,1369.69384765625,1956.17138671875,0.5570952296257019,968.0857142857143,1,505,1,1,0,41,3,129
0,185.0,0.6624857187271118,296.0,3.0,272.0,1258.0,282.85714285714266,11333.4443359375,37.64999771118164,2.7944445610046387,17474.41015625,19.994443893432617,3.4666666984558105,4.061110973358154,34.911109924316406,15532.77734375,3541.542857142857,0.7709285616874695,26.200834274291992,141.65714285714284,1367.63720703125,1953.800048828125,0.5421666502952576,964.8571428571429,1,505,1,1,0,21,6,87
0,131.0,0.6282781958580017,296.0,3.0,272.0,1304.0,279.29787234042533,12760.3330078125,36.79999923706055,2.9166667461395264,16090.8330078125,20.116666793823242,3.4000000953674316,4.083333492279053,32.81666564941406,15544.6669921875,3539.542857142857,0.7754047513008118,26.236190795898438,143.65714285714284,1369.0224609375,1950.7142333984375,0.5385714173316956,965.1714285714286,1,497,1,1,0,31,2,50
1,383.0,0.6727480292320251,296.0,3.0,272.0,1314.0,282.28260869565196,11837.5,33.31666564941406,3.6500000953674316,15891.4833984375,20.33333396911621,3.5,4.133333206176758,31.183332443237305,16137.0,3535.4857142857145,0.7852380871772766,26.31916618347168,146.77142857142857,1373.02880859375,1950.82861328125,0.5245952010154724,966.8571428571429,1,497,1,0,0,21,8,137
0,330.0,0.9418472051620483,296.0,3.0,272.0,1081.0,287.4489795918366,10672.3330078125,35.733333587646484,5.066666603088379,17248.533203125,19.983333587646484,3.5,4.199999809265137,32.233333587646484,17604.0,3552.057142857143,0.7816904783248901,26.18000030517578,145.0857142857143,1372.0574951171875,1955.199951171875,0.5023095607757568,967.2571428571429,0,497,1,0,0,31,24,155
0,299.0,0.0,296.0,3.0,272.0,3286.0,285.9772727272726,17888.0,32.70000076293945,2.316666603088379,16767.5,22.399999618530273,4.099999904632568,4.349999904632568,36.04999923706055,16959.0,3574.3142857142857,0.7919047474861145,26.2886905670166,142.05714285714285,1379.7457275390625,1961.4857177734375,0.47630953788757324,979.2285714285714,4,497,1,0,0,34,3,139
0,180.0,0.0,296.0,3.0,272.0,2384.0,287.8181818181817,17738.5,31.933332443237305,4.4666666984558105,18541.0,24.316667556762695,4.599999904632568,4.5,31.649999618530273,17721.0,3578.2571428571428,0.8136190176010132,26.432619094848633,144.22857142857143,1379.082275390625,1956.05712890625,0.4842381179332733,981.6571428571428,1,497,1,0,0,34,10,64
0,277.0782994735109,0.4914481043815613,296.0,3.0,272.0,2326.0,289.31111111111096,11098.6669921875,38.91666793823242,7.383333206176758,19211.533203125,21.71666717529297,4.699999809265137,4.333333492279053,38.04999923706055,19525.0,3562.8,0.7854047417640686,26.19952392578125,150.11428571428573,1378.6158447265625,1898.94287109375,0.4579523801803589,966.1142857142858,0,497,1,0,0,21,5,116
0,144.0,0.6282781958580017,296.0,3.0,272.0,1722.0,288.2272727272726,14599.3330078125,32.33333206176758,6.916666507720947,19116.0,22.649999618530273,4.199999809265137,4.199999809265137,33.43333435058594,19086.333984375,3586.1428571428573,0.8087618947029114,26.419761657714844,146.4,1374.4464111328125,1883.971435546875,0.455357164144516,974.8857142857142,1,497,1,0,0,31,11,67
0,314.0,0.9236031770706177,296.0,3.0,272.0,1066.0,283.70454545454527,14128.111328125,32.32777786254883,7.711111068725586,18583.0546875,22.655555725097656,3.9666666984558105,4.316666603088379,36.91666793823242,20213.666015625,3567.5142857142855,0.7963809370994568,26.355356216430664,155.2,1381.0191650390625,1814.2572021484375,0.4936428368091583,967.2285714285714,0,497,1,0,0,41,23,146
0,120.0,0.57012540102005,296.0,3.0,272.0,1222.0,268.34042553191466,13809.5,35.79999923706055,3.9000000953674316,17379.75,21.816667556762695,4.400000095367432,4.449999809265137,37.016666412353516,17721.5,3571.1714285714284,0.8033809661865234,26.516191482543945,148.28571428571428,1374.93994140625,1762.3428955078125,0.3318571448326111,972.9142857142857,1,497,1,0,1,31,3,43
0,68.0,0.47662484645843506,296.0,3.0,272.0,1294.0,268.34042553191466,13855.6669921875,36.099998474121094,4.405555725097656,16958.244140625,22.233333587646484,4.300000190734863,4.455555438995361,37.31111145019531,17685.388671875,3571.1714285714284,0.8033809661865234,26.516191482543945,148.28571428571428,1374.93994140625,1762.3428955078125,0.3318571448326111,972.9142857142857,1,497,1,0,1,41,1,26
0,105.0,0.45724058151245117,296.0,3.0,293.0,1574.0,266.55319148936144,12027.6669921875,33.71666717529297,2.383333444595337,15863.2333984375,21.799999237060547,4.5,4.449999809265137,37.66666793823242,19811.5,3555.542857142857,0.8076905012130737,26.567975997924805,144.0857142857143,1374.8251953125,1754.2857666015625,0.34261903166770935,978.8857142857142,3,476,1,0,0,41,8,37
0,120.0,0.22690992057323456,296.0,3.0,272.0,1527.0,266.1914893617019,11846.3330078125,33.266666412353516,4.0,17234.517578125,22.883333206176758,4.400000095367432,4.4666666984558105,41.21666717529297,22378.0,3549.7428571428572,0.8086666464805603,26.575119018554688,142.94285714285715,1373.1640625,1759.085693359375,0.3140714466571808,978.9714285714285,5,476,1,0,0,34,4,48
0,192.0,0.8814139366149902,296.0,3.0,272.0,1037.0,270.36734693877526,13475.3330078125,29.683332443237305,7.883333206176758,17138.75,21.71666717529297,3.9000000953674316,4.150000095367432,47.099998474121094,19260.833984375,3515.114285714286,0.7839523553848267,26.375476837158203,138.17142857142858,1383.0953369140625,1798.857177734375,0.30445238947868347,984.1428571428571,0,497,1,0,1,41,2,88
0,273.0,0.8232611417770386,296.0,3.0,272.0,1671.0,266.59183673469363,9971.5,34.81666564941406,9.550000190734863,19450.25,24.75,5.199999809265137,4.383333206176758,44.71666717529297,27518.166015625,3494.2571428571428,0.7746190428733826,26.258214950561523,137.0857142857143,1386.3841552734375,1810.7427978515625,0.27409523725509644,984.2,0,497,1,0,1,11,23,97
0,88.0,0.8380843997001648,296.0,3.0,272.0,1061.0,271.9591836734692,11777.0,29.566667556762695,6.699999809265137,16485.06640625,20.91666603088379,3.799999952316284,4.349999904632568,49.95000076293945,15269.3330078125,3467.3142857142857,0.77397620677948,26.375476837158203,133.97142857142856,1387.931884765625,1826.2572021484375,0.21847619116306305,987.2857142857143,2,497,1,0,1,42,3,33
0,268.0,0.312428742647171,296.0,3.0,293.0,5377.0,278.9387755102039,12296.1669921875,35.08333206176758,7.566666603088379,16165.1337890625,19.766666412353516,3.700000047683716,4.199999809265137,45.266666412353516,16654.5,3457.8,0.7709524035453796,26.38166618347168,128.0857142857143,1388.1322021484375,1871.028564453125,0.19876189529895782,992.6857142857143,0,476,1,0,0,21,26,96
0,199.0,0.060433294624090195,296.0,3.0,293.0,1993.0,278.9387755102039,11981.3330078125,31.200000762939453,6.2166666984558105,17081.8671875,21.850000381469727,4.5,4.099999904632568,47.16666793823242,17317.666015625,3455.4,0.7685952186584473,26.31095314025879,131.82857142857142,1393.8402099609375,1870.05712890625,0.21157141029834747,991.8,0,476,1,0,0,21,5,69
0,131.07937384844948,0.5233751535415649,296.0,3.0,293.0,5649.0,280.5918367346937,13422.77734375,31.77777671813965,5.349999904632568,16895.234375,20.52777862548828,3.5333333015441895,4.150000095367432,44.20000076293945,17934.666015625,3414.6285714285714,0.7597380876541138,26.199642181396484,129.14285714285714,1395.4281005859375,1910.05712890625,0.15283331274986267,991.1142857142858,2,476,1,0,0,31,7,46
0,106.0,0.07183580100536346,296.0,3.0,293.0,9296.0,290.4693877551018,15530.0,33.81666564941406,5.050000190734863,15873.0,20.183332443237305,3.799999952316284,4.199999809265137,38.75,15269.8330078125,3376.1714285714284,0.7621904611587524,26.276309967041016,126.82857142857142,1393.0755615234375,1963.800048828125,0.09185714274644852,990.6285714285714,3,476,1,0,0,31,3,41
0,235.0,0.34207525849342346,296.0,3.0,293.0,8225.0,290.4693877551018,13007.5,33.25,3.450000047683716,16629.05078125,21.450000762939453,4.0,4.183333396911621,44.81666564941406,16120.6669921875,3343.4,0.7524762153625488,26.308929443359375,126.88571428571429,1394.2652587890625,1976.857177734375,0.06716667115688324,990.6,2,476,1,0,0,31,18,86
0,249.0,0.7103762626647949,296.0,3.0,293.0,1633.0,302.59183673469363,12657.5,31.71666717529297,3.433333396911621,13933.5,20.41666603088379,3.9000000953674316,4.083333492279053,43.349998474121094,13477.3330078125,3348.6857142857143,0.7425952553749084,26.205120086669922,133.28571428571428,1401.309814453125,1972.05712890625,0.11702381819486618,984.1428571428571,1,476,1,0,1,31,3,91
0,258.0,0.851767361164093,296.0,3.0,293.0,2059.0,309.26530612244864,12617.5,39.233333587646484,4.150000095367432,15939.599609375,21.21666717529297,4.099999904632568,4.150000095367432,37.08333206176758,15010.1669921875,3302.342857142857,0.729023814201355,26.14392852783203,133.4857142857143,1404.7901611328125,2014.771484375,0.05735715106129646,982.7714285714286,2,476,1,0,1,42,6,92
0,304.0,0.5153933763504028,296.0,3.0,293.0,2787.0,311.36734693877526,13077.3330078125,35.18333435058594,4.2833333015441895,15282.599609375,21.450000762939453,3.9000000953674316,4.050000190734863,40.766666412353516,15926.8330078125,3303.885714285714,0.7238571643829346,26.035951614379883,132.28571428571428,1403.4815673828125,2035.7427978515625,0.08430951833724976,980.4857142857143,0,476,1,0,1,41,7,117
0,157.0,0.7251995205879211,296.0,3.0,293.0,1092.0,313.6734693877548,12049.6669921875,35.233333587646484,2.700000047683716,14462.2666015625,21.53333282470703,3.799999952316284,4.099999904632568,41.46666717529297,14403.6669921875,3297.3714285714286,0.7227619290351868,26.07773780822754,130.68571428571428,1400.03173828125,2044.085693359375,0.02854759991168976,981.1142857142858,4,476,1,0,1,42,4,57
0,195.0,0.6864309906959534,296.0,3.0,293.0,1124.0,314.7755102040813,12740.8330078125,33.63333511352539,1.7999999523162842,14900.5830078125,21.066667556762695,3.5,4.150000095367432,41.04999923706055,15060.3330078125,3270.714285714286,0.709928572177887,25.905475616455078,131.82857142857142,1406.177490234375,2082.914306640625,-0.003404767019674182,978.0,0,476,1,0,1,31,8,74
0,160.0,0.47662484645843506,296.0,3.0,293.0,12420.0,307.2653061224487,15743.5556640625,42.55185317993164,8.607407569885254,17040.69921875,21.0,4.05555534362793,4.050000190734863,31.60555648803711,18318.796875,3155.3619047619045,0.7074365019798279,25.842300415039062,134.7047619047619,1409.9344482421875,2115.352294921875,-0.04610316455364227,977.0666666666666,1,476,1,0,0,31,1,57
0,154.0,0.47548460960388184,296.0,3.0,293.0,1307.0,302.3061224489793,15868.0,39.43333435058594,3.2833333015441895,15064.033203125,20.53333282470703,4.199999809265137,4.183333396911621,38.66666793823242,15251.3330078125,3078.9714285714285,0.6961190700531006,25.89714241027832,139.6,1417.2662353515625,2126.771484375,-0.09180951863527298,973.0,1,476,1,0,1,41,9,71
0,223.0,0.3318130075931549,296.0,3.0,293.0,2469.0,296.9999999999997,12978.0,38.733333587646484,3.866666555404663,16982.19921875,21.200000762939453,4.400000095367432,4.099999904632568,34.75,16062.0,3047.3714285714286,0.6919999718666077,25.797500610351562,139.25714285714287,1412.9405517578125,2129.628662109375,-0.088976189494133,969.2,0,476,1,0,1,31,11,102
0,218.0,0.06841505318880081,296.0,3.0,293.0,5485.0,290.20408163265273,12722.8330078125,35.81666564941406,3.049999952316284,16606.06640625,19.433332443237305,4.300000190734863,4.349999904632568,38.91666793823242,16884.333984375,2962.6285714285714,0.7005476355552673,25.848928451538086,137.94285714285715,1416.24853515625,2166.800048828125,-0.11390475928783417,974.1142857142858,2,476,1,0,0,34,5,88
0,245.0,0.3968072831630707,296.0,3.0,293.0,9217.0,284.42857142857116,13414.6669921875,36.68333435058594,7.666666507720947,14133.56640625,19.616666793823242,4.0,4.183333396911621,39.31666564941406,15120.3330078125,2929.114285714286,0.7045952081680298,25.88892936706543,138.77142857142857,1419.0579833984375,2174.085693359375,-0.12404761463403702,976.2,1,476,1,0,0,31,14,89
0,111.0,0.11972633749246597,296.0,3.0,293.0,16150.0,284.77551020408146,12966.3330078125,42.56111145019531,2.788888931274414,16304.755859375,19.33888816833496,3.700000047683716,4.255555629730225,39.733333587646484,17339.77734375,2929.1714285714284,0.6939523816108704,25.717737197875977,138.37142857142857,1421.1981201171875,2210.971435546875,-0.21614284813404083,974.9142857142857,3,476,1,0,0,41,4,41
0,133.0,0.05929304286837578,296.0,3.0,293.0,24614.0,276.7959183673468,13476.5,36.03333282470703,1.7833333015441895,15381.2998046875,19.58333396911621,3.5999999046325684,4.2833333015441895,44.46666717529297,17002.0,2949.8,0.6937381029129028,25.77190589904785,144.42857142857142,1427.0972900390625,2207.485595703125,-0.21888096630573273,971.8,2,476,1,0,0,34,19,48
0,166.0,0.027366019785404205,296.0,3.0,293.0,22094.0,276.7959183673468,12427.0,34.45000076293945,2.2166666984558105,15301.900390625,19.399999618530273,3.5999999046325684,4.2833333015441895,43.766666412353516,16038.0,2949.8,0.6937381029129028,25.77190589904785,144.42857142857142,1427.0972900390625,2207.485595703125,-0.21888096630573273,971.8,1,476,1,0,0,21,15,63
0,234.0,0.02166476659476757,296.0,3.0,293.0,20905.0,281.1632653061223,14238.3330078125,36.349998474121094,3.2333333492279053,15896.099609375,19.96666717529297,3.5,4.349999904632568,43.68333435058594,15114.0,3024.3142857142857,0.6887381076812744,25.74761962890625,144.0,1423.48681640625,2226.685791015625,-0.33830949664115906,966.2,3,476,1,0,0,21,30,85
0,129.41859713378983,0.33409351110458374,296.0,3.0,293.0,16251.0,284.55102040816314,12889.8330078125,36.61666488647461,2.4666666984558105,15201.6337890625,19.616666793823242,3.5999999046325684,4.2833333015441895,42.233333587646484,16572.833984375,3057.5714285714284,0.685952365398407,25.674880981445312,139.77142857142857,1423.7728271484375,2247.628662109375,-0.35569047927856445,969.9714285714285,1,476,1,0,0,21,32,49
0,94.0,0.10946407914161682,296.0,3.0,293.0,6897.0,288.83673469387736,13531.5,35.96666717529297,3.450000047683716,17620.68359375,20.866666793823242,3.799999952316284,4.349999904632568,35.11666488647461,18247.166015625,3101.1714285714284,0.6904761791229248,25.67892837524414,138.31428571428572,1418.2874755859375,2264.0,-0.3620952367782593,968.8571428571429,2,476,1,0,0,21,8,34
0,99.0,0.23375143110752106,296.0,3.0,293.0,4932.0,293.9591836734692,12347.3330078125,37.1944465637207,2.327777862548828,16838.55078125,20.183334350585938,3.633333206176758,4.405555248260498,44.32777786254883,17480.166015625,3086.4000000000733,0.6846825480461121,25.61940574645996,141.58095238094046,1429.7679443359375,2288.4951171875,-0.4256746172904968,970.5238095238294,2,476,1,0,0,21,31,45
0,226.0,0.21208666265010834,296.0,3.0,293.0,5650.0,293.9591836734692,14010.1669921875,36.016666412353516,2.5999999046325684,15960.9833984375,19.96666717529297,3.4000000953674316,4.2833333015441895,47.86666488647461,16242.1669921875,3083.4857142857145,0.6785714030265808,25.501190185546875,140.8,1427.741943359375,2303.05712890625,-0.4619523882865906,969.0571428571428,1,476,1,0,0,21,24,110
0,153.0,0.4127708077430725,296.0,3.0,293.0,1767.0,291.12244897959164,14833.6669921875,35.31666564941406,3.4000000953674316,16224.3837890625,20.866666793823242,3.5999999046325684,4.25,40.599998474121094,17396.5,3120.3142857142857,0.6764761805534363,25.48452377319336,136.9142857142857,1418.64501953125,2327.60009765625,-0.47842857241630554,967.4,0,476,1,0,0,31,24,70
0,312.0,0.7137970328330994,296.0,3.0,293.0,1142.0,280.1428571428569,15166.0,34.93333435058594,2.366666555404663,15706.75,20.200000762939453,3.5,4.2833333015441895,42.31666564941406,15650.6669921875,3051.1714285714284,0.6635714173316956,25.371429443359375,142.77142857142857,1417.1234130859375,2300.228515625,-0.5719761848449707,956.3428571428572,0,476,1,0,0,21,28,124
0,323.0,0.6100342273712158,296.0,3.0,293.0,1070.0,280.1428571428569,16135.0556640625,37.594444274902344,2.2944445610046387,16581.734375,21.46666717529297,3.866666555404663,4.338888645172119,42.60000228881836,16695.4453125,3051.1714285714284,0.6635714173316956,25.371429443359375,142.77142857142857,1417.1234130859375,2300.228515625,-0.5719761848449707,956.3428571428572,0,476,1,0,0,31,28,136
0,126.0,0.17217788100242615,296.0,3.0,293.0,5398.0,268.30612244897935,18940.666015625,40.04999923706055,4.150000095367432,27176.93359375,21.91666603088379,3.700000047683716,4.650000095367432,38.28333282470703,21524.0,3106.942857142857,0.6706190705299377,25.27321434020996,139.5142857142857,1425.25830078125,2336.199951171875,-0.6851904988288879,963.0857142857143,0,476,1,0,0,41,14,54
0,118.0,0.0,296.0,3.0,293.0,8706.0,267.4081632653059,19036.333984375,36.5,3.066666603088379,23480.466796875,22.566667556762695,3.5,4.550000190734863,41.766666412353516,23109.333984375,3133.0857142857144,0.6691666841506958,25.26392936706543,137.57142857142858,1429.200439453125,2337.71435546875,-0.7078571319580078,967.0571428571428,0,476,1,0,0,21,10,46
0,286.0,0.2565564513206482,296.0,3.0,293.0,2377.0,265.2653061224487,14833.5,41.766666412353516,3.4666666984558105,17849.6171875,21.71666717529297,3.5999999046325684,4.5333333015441895,40.68333435058594,17402.0,3171.285714285714,0.6764523983001709,25.33440399169922,143.85714285714286,1428.6578369140625,2271.6572265625,-0.7853095531463623,962.3142857142857,0,476,1,0,0,31,16,110
0,248.0,0.4925883710384369,296.0,3.0,293.0,1544.0,264.3061224489793,14386.0,37.61666488647461,4.166666507720947,17402.0,22.200000762939453,4.300000190734863,4.5,38.71666717529297,18618.0,3183.9714285714285,0.6713571548461914,25.269285202026367,145.5142857142857,1424.02587890625,2239.771484375,-0.8007143139839172,955.8571428571429,1,476,1,0,0,41,5,93
0,232.0,0.23375143110752106,296.0,3.0,293.0,5074.0,270.26530612244875,13399.5,51.03333282470703,3.799999952316284,24463.283203125,21.850000381469727,4.699999809265137,4.383333206176758,32.68333435058594,20450.5,3227.4285714285716,0.6931666731834412,25.465356826782227,147.97142857142856,1433.4765625,2196.628662109375,-0.9151904582977295,966.5142857142857,1,476,1,0,0,21,10,98
0,194.0,0.23489168286323547,296.0,3.0,293.0,3759.0,276.1632653061222,13238.3330078125,40.483333587646484,2.2333333492279053,21260.732421875,22.700000762939453,4.400000095367432,4.2833333015441895,40.16666793823242,18622.666015625,3268.0285714285715,0.7062143087387085,25.549524307250977,154.11428571428573,1428.6492919921875,2144.742919921875,-0.9984762072563171,961.0,1,476,1,0,0,21,17,73
0,118.0,0.4070695638656616,296.0,3.0,293.0,3569.0,288.5306122448978,26161.333984375,44.233333587646484,3.616666555404663,22927.732421875,24.766666412353516,4.699999809265137,4.400000095367432,38.36666488647461,23261.333984375,3285.8285714285716,0.6967619061470032,25.386667251586914,156.11428571428573,1426.852294921875,2126.514404296875,-1.0374284982681274,953.7428571428571,1,476,1,0,0,41,13,46
0,198.0,0.5359178781509399,296.0,3.0,293.0,2160.0,298.4489795918365,12161.6669921875,34.099998474121094,3.6500000953674316,14204.5,20.91666603088379,3.9000000953674316,4.383333206176758,46.33333206176758,16668.333984375,3291.114285714286,0.6900238394737244,25.2983341217041,160.74285714285713,1426.258056640625,2102.085693359375,-1.061904788017273,945.8571428571429,2,476,1,0,0,31,16,86
0,185.0,0.7331812977790833,296.0,3.0,293.0,1120.0,306.67346938775484,15113.0,34.983333587646484,2.133333444595337,16207.3837890625,19.600000381469727,4.800000190734863,4.383333206176758,43.46666717529297,26695.333984375,3354.9142857142856,0.691261887550354,25.402738571166992,168.65714285714284,1429.7567138671875,2067.82861328125,-1.1600476503372192,941.3142857142857,3,476,1,0,1,21,5,83
0,279.0,0.7867730855941772,296.0,3.0,293.0,1049.0,306.4081632653059,14871.8330078125,29.766666412353516,3.200000047683716,20254.8671875,25.016666412353516,5.099999904632568,4.383333206176758,44.61666488647461,20111.333984375,3385.8571428571427,0.6940476298332214,25.414762496948242,167.02857142857144,1428.4552001953125,2077.82861328125,-1.0805000066757202,942.6571428571428,3,476,1,0,1,21,15,136
0,251.0,0.4937286078929901,296.0,3.0,293.0,1890.0,318.75510204081604,15756.7783203125,33.55555725097656,1.3833333253860474,15495.7666015625,21.0222225189209,3.933333396911621,4.377777576446533,48.866668701171875,14407.3330078125,3430.400000000066,0.7187222242355347,25.49972152709961,167.27619047619262,1426.1937255859375,2156.199951171875,-0.5394999980926514,945.2571428571462,2,476,1,1,0,31,29,117
0,218.0,0.517673909664154,296.0,3.0,293.0,1039.0,324.2040816326529,14965.6669921875,31.16666603088379,2.633333444595337,18752.833984375,21.066667556762695,3.9000000953674316,4.599999904632568,53.21666717529297,18073.333984375,3396.8,0.727238118648529,25.484167098999023,164.8,1429.2421875,2182.428466796875,-0.49978572130203247,953.3428571428572,3,476,1,1,0,42,4,93
0,150.0,0.42189282178878784,296.0,3.0,293.0,1603.0,328.14285714285705,12691.0,25.766666412353516,4.233333110809326,13375.8662109375,20.366666793823242,4.400000095367432,4.400000095367432,57.20000076293945,15552.0,3351.5714285714284,0.7295238375663757,25.402976989746094,173.25714285714287,1433.935791015625,2157.1142578125,-0.5022143125534058,948.2857142857143,0,476,1,1,0,41,7,67
0,239.0,0.42075255513191223,296.0,3.0,293.0,1284.0,328.4897959183672,14618.5,27.350000381469727,1.7666666507720947,13881.900390625,19.983333587646484,3.700000047683716,4.383333206176758,53.56666564941406,13502.0,3346.4857142857145,0.7366666793823242,25.495357513427734,174.6,1432.55908203125,2153.39990234375,-0.501714289188385,947.4285714285714,0,476,1,1,0,42,12,121
0,126.82241838304601,0.352337509393692,296.0,3.0,293.0,1847.0,328.5918367346937,13346.6669921875,23.766666412353516,2.8333332538604736,15207.033203125,20.16666603088379,3.9000000953674316,4.5,54.81666564941406,14214.3330078125,3375.8,0.7423095107078552,25.492856979370117,176.0,1433.8536376953125,2148.199951171875,-0.5107142925262451,947.8857142857142,3,476,1,1,0,41,9,46
0,144.0,0.11288483440876007,296.0,3.0,293.0,1603.0,327.95918367346917,13209.6669921875,29.53333282470703,3.5833332538604736,19124.767578125,20.700000762939453,3.9000000953674316,4.5,47.16666793823242,19370.333984375,3382.2571428571428,0.7532380819320679,25.584285736083984,176.25714285714287,1433.9915771484375,2147.371337890625,-0.49940475821495056,950.5428571428571,1,476,1,1,0,31,3,56
1,172.0,0.060433294624090195,296.0,3.0,293.0,2443.0,326.9999999999997,14575.888671875,24.55555534362793,3.288888931274414,18837.1328125,20.64444351196289,3.9666666984558105,4.611111164093018,47.60555648803711,18759.888671875,3421.7714285714287,0.7695952653884888,25.702619552612305,179.6,1432.1224365234375,2128.8857421875,-0.5056190490722656,949.9428571428572,2,476,1,0,0,21,6,70
0,274.0,0.5929304361343384,296.0,3.0,293.0,1153.0,326.081632653061,13859.6669921875,25.200000762939453,4.7833333015441895,12664.9169921875,20.049999237060547,3.700000047683716,4.550000190734863,50.516666412353516,16228.5,3447.7714285714287,0.7691904902458191,25.693571090698242,179.54285714285714,1434.23974609375,2116.8857421875,-0.5147380828857422,952.3428571428572,1,476,1,0,1,31,15,117
0,294.0,0.8836944103240967,296.0,3.0,293.0,1062.0,321.8367346938773,14778.3330078125,28.983333587646484,2.2666666507720947,14420.6669921875,19.450000762939453,3.5,4.400000095367432,43.81666564941406,15470.1669921875,3443.2571428571428,0.7776666879653931,25.66559600830078,185.02857142857144,1436.1473388671875,2089.428466796875,-0.5302857160568237,951.1142857142858,1,476,1,0,0,21,5,150
0,237.0,0.8266818523406982,296.0,3.0,293.0,1224.0,322.57142857142844,13649.1669921875,32.08333206176758,2.5,14927.68359375,19.53333282470703,3.5,4.2833333015441895,32.93333435058594,14602.0,3446.114285714286,0.7813095450401306,25.747499465942383,182.88571428571427,1433.984375,2094.199951171875,-0.538428544998169,951.0857142857143,0,476,1,0,0,31,8,120
0,211.0,0.20524515211582184,296.0,3.0,293.0,1369.0,320.612244897959,12774.77734375,25.983333587646484,3.9388887882232666,14672.8388671875,20.450000762939453,3.633333206176758,4.483333110809326,47.616668701171875,16795.5546875,3449.285714285714,0.791357159614563,25.747024536132812,183.14285714285714,1434.69482421875,2071.17138671875,-0.4247381091117859,953.8571428571429,1,476,1,0,0,41,7,80
0,35.0,0.34093499183654785,296.0,3.0,293.0,1142.0,312.63265306122423,13280.666015625,27.038888931274414,5.494444370269775,17174.7890625,22.622222900390625,4.866666793823242,4.561110973358154,45.833335876464844,23177.056640625,3455.0857142857144,0.7820000052452087,25.50261878967285,183.31428571428572,1434.2315673828125,2063.028564453125,-0.4046904742717743,950.0857142857143,2,476,1,0,0,31,7,13
0,417.0,0.8973774313926697,296.0,3.0,293.0,1066.0,306.91836734693857,16660.5,29.866666793823242,11.133333206176758,19188.099609375,26.28333282470703,5.699999809265137,4.449999809265137,40.29999923706055,24880.166015625,3440.3142857142857,0.7681666612625122,25.193809509277344,184.0857142857143,1439.490234375,2044.6571044921875,-0.14264285564422607,946.5714285714286,0,476,1,0,0,31,12,213
0,100.0,0.7753705978393555,296.0,3.0,293.0,1111.0,298.1836734693876,14186.3330078125,28.21666717529297,2.866666555404663,21752.68359375,23.516666412353516,4.800000190734863,4.599999904632568,42.63333511352539,21264.833984375,3320.5714285714284,0.7967380881309509,25.63357162475586,191.25714285714287,1445.264404296875,2011.914306640625,0.1625238060951233,953.9714285714285,4,476,1,0,0,31,4,40
0,165.0,0.27936145663261414,296.0,3.0,293.0,1484.0,289.1632653061223,15023.3330078125,26.66666603088379,2.1666667461395264,17604.916015625,20.049999237060547,3.200000047683716,4.383333206176758,39.650001525878906,15140.5,3210.6,0.8182619214057922,25.881309509277344,198.31428571428572,1449.3228759765625,1989.2572021484375,0.2582381069660187,956.8,1,476,1,0,0,21,2,84
0,182.0,0.4583808481693268,296.0,3.0,293.0,1306.0,289.1632653061223,14421.0,27.5,2.933333396911621,18874.017578125,20.41666603088379,3.4000000953674316,4.433333396911621,39.06666564941406,15782.8330078125,3210.6,0.8182619214057922,25.881309509277344,198.31428571428572,1449.3228759765625,1989.2572021484375,0.2582381069660187,956.8,2,476,1,0,0,31,2,92
0,210.0,0.23261117935180664,296.0,3.0,293.0,1247.0,278.1836734693876,12303.5,24.633333206176758,2.0,14278.150390625,20.233333587646484,3.5,4.550000190734863,45.43333435058594,14290.5,3091.714285714286,0.8346190452575684,25.957143783569336,198.8,1446.2012939453125,1977.4857177734375,0.6670952439308167,958.8,2,476,1,0,0,41,16,86
1,255.0,0.17103762924671173,296.0,3.0,293.0,2413.0,278.7755102040815,,,,,,,,,36788.5,3046.0285714285715,0.8523571491241455,26.14714241027832,203.68571428571428,1447.3734130859375,1961.4285888671875,0.6970238089561462,960.2,0,476,1,0,0,21,27,99
0,177.0,0.19270239770412445,296.0,3.0,293.0,2949.0,273.4693877551019,13041.6669921875,26.133333206176758,2.0999999046325684,16809.5,21.016666412353516,3.5,4.400000095367432,47.16666793823242,17541.5,3076.8285714285716,0.8544762134552002,26.096071243286133,203.6,1446.9423828125,1962.085693359375,0.8259523510932922,959.4857142857143,0,476,1,0,0,21,9,69
0,274.0,0.07069555670022964,296.0,3.0,293.0,4277.0,269.081632653061,13673.5,24.03333282470703,1.8166667222976685,15278.2998046875,20.516666412353516,3.700000047683716,4.483333110809326,51.31666564941406,16958.166015625,3088.9142857142856,0.8575476408004761,26.073572158813477,204.4,1450.5452880859375,1961.2572021484375,0.7968809604644775,961.0,0,476,1,0,0,31,9,133
0,169.74236897035317,0.2622576951980591,296.0,3.0,293.0,3650.0,263.87755102040796,13590.3330078125,30.03333282470703,4.433333396911621,16217.6337890625,20.78333282470703,3.5999999046325684,4.483333110809326,41.56666564941406,16768.333984375,3140.2,0.8813095092773438,26.17523765563965,202.28571428571428,1445.351318359375,1968.914306640625,0.8892619013786316,966.8857142857142,0,476,1,0,0,41,20,64
0,99.0,0.07867731153964996,296.0,3.0,293.0,5608.0,264.7959183673467,12755.1669921875,28.616666793823242,3.6500000953674316,14551.68359375,20.200000762939453,3.5,4.599999904632568,43.36666488647461,16839.833984375,3171.457142857143,0.8790476322174072,26.016904830932617,202.37142857142857,1449.2894287109375,1967.6856689453125,0.8394761681556702,970.3428571428572,2,476,1,0,0,21,6,43
0,112.0,0.07639680802822113,296.0,3.0,293.0,5445.0,266.30612244897935,13986.3330078125,26.41666603088379,2.0,18472.1328125,20.83333396911621,3.5999999046325684,4.650000095367432,42.900001525878906,19638.0,3217.8285714285716,0.8842856884002686,26.025714874267578,202.94285714285715,1448.5911865234375,1953.82861328125,0.7696666717529297,970.1714285714286,4,476,1,0,0,31,5,51
0,210.0,0.3375142514705658,296.0,3.0,293.0,6655.0,272.53061224489784,12784.1669921875,28.5,3.0,16303.150390625,24.649999618530273,4.900000095367432,4.5,45.61666488647461,19043.833984375,3210.2285714285713,0.866095244884491,25.66880989074707,204.0,1452.871826171875,1948.3714599609375,0.6813571453094482,963.6857142857143,0,476,1,0,0,21,12,93
0,141.0,0.16419611871242523,296.0,3.0,293.0,1627.0,272.53061224489784,12261.5,30.399999618530273,3.7333333492279053,18022.3671875,22.366666793823242,4.5,4.699999809265137,40.20000076293945,21346.666015625,3200.3142857142857,0.8616190552711487,25.587499618530273,205.17142857142858,1456.4532470703125,1944.085693359375,0.6321428418159485,963.8285714285714,2,476,1,0,0,21,3,54
0,112.0,0.019384264945983887,296.0,3.0,293.0,1901.0,274.2244897959182,15197.3330078125,27.96666717529297,2.1666667461395264,16733.599609375,19.683332443237305,4.0,4.550000190734863,42.75,16066.0,3128.6857142857143,0.9299047589302063,26.09988021850586,218.97142857142856,1463.7032470703125,1862.5428466796875,0.245309516787529,970.9428571428572,2,476,1,0,0,31,14,48
0,82.0,0.0,296.0,3.0,293.0,1729.0,272.1224489795917,10400.6669921875,31.25,1.5666667222976685,15818.75,20.483333587646484,3.799999952316284,4.5,39.900001525878906,17039.5,3103.285714285714,0.9346190690994263,26.057737350463867,222.4857142857143,1465.5787353515625,1852.6285400390625,0.21085715293884277,971.0,1,476,1,0,0,41,6,36
1,337.0,0.02508551813662052,296.0,3.0,293.0,4423.0,269.59183673469374,11665.5,21.850000381469727,2.433333396911621,13887.4501953125,18.883333206176758,3.799999952316284,4.5,48.599998474121094,25467.5,3163.4857142857145,0.9585952162742615,26.246309280395508,221.85714285714286,1472.31201171875,1845.17138671875,0.1397143006324768,981.2571428571429,0,476,1,0,0,34,33,126
0,265.0,0.799315869808197,296.0,3.0,293.0,1219.0,263.63265306122435,13441.3330078125,30.566667556762695,2.366666555404663,15725.93359375,21.633333206176758,4.300000190734863,4.5,35.75,18005.333984375,3203.4857142857145,0.9628571271896362,26.157976150512695,218.22857142857143,1468.102783203125,1863.1142578125,0.12271428853273392,984.6,1,476,1,0,0,42,7,106
0,253.0,0.0,296.0,3.0,293.0,3241.0,259.4897959183671,13367.5,36.31666564941406,5.75,17738.517578125,22.58333396911621,4.300000190734863,4.583333492279053,39.53333282470703,18385.166015625,3190.714285714286,0.9724524021148682,26.134048461914062,217.37142857142857,1472.9857177734375,1878.3428955078125,0.07245241105556488,992.3142857142857,2,476,1,0,0,31,6,124
0,201.0,0.15279361605644226,296.0,3.0,293.0,1718.0,257.48979591836724,14844.1669921875,28.733333587646484,7.416666507720947,17504.31640625,21.75,4.199999809265137,4.5,43.63333511352539,21797.166015625,3187.6857142857143,0.9870238304138184,26.281070709228516,219.28571428571428,1476.8343505859375,1878.3714599609375,0.08623810857534409,997.2,1,476,1,0,0,41,9,93
0,115.0,0.0,296.0,3.0,293.0,4248.0,255.9795918367345,13110.4443359375,32.483333587646484,4.266666889190674,16134.599609375,22.922222137451172,4.133333206176758,4.766666889190674,39.094444274902344,20695.5546875,3160.885714285714,0.9940714240074158,26.24142837524414,215.62857142857143,1480.209716796875,1904.4285888671875,0.04669046774506569,1005.0857142857143,0,476,1,0,0,21,17,46
0,294.0,0.5724059343338013,296.0,3.0,293.0,2078.0,255.59183673469366,14278.1669921875,34.02777862548828,2.1666667461395264,15441.52734375,22.58333396911621,4.5,4.477777481079102,30.377779006958008,19248.9453125,3101.5142857142855,0.9972380995750427,26.195594787597656,215.4857142857143,1480.2833251953125,1912.82861328125,0.018476199358701706,1006.2,2,476,1,0,0,21,3,128
0,144.6544235785066,0.5849486589431763,296.0,3.0,293.0,3726.0,255.32653061224474,12150.1669921875,36.016666412353516,2.2166666984558105,17187.80078125,25.66666603088379,5.599999904632568,4.550000190734863,36.83333206176758,23563.166015625,3074.8285714285716,1.0116666555404663,26.253570556640625,211.9142857142857,1480.0728759765625,1935.199951171875,0.009071449749171734,1017.1428571428571,1,476,1,0,0,11,5,54
0,196.0,0.7297605276107788,296.0,3.0,293.0,4818.0,255.32653061224474,12027.1669921875,33.91666793823242,1.8166667222976685,17136.06640625,24.483333587646484,5.5,4.599999904632568,37.650001525878906,21433.666015625,3057.4,1.016190528869629,26.202024459838867,211.34285714285716,1480.4547119140625,1948.6571044921875,0.0308571495115757,1019.4571428571429,1,476,1,0,0,21,16,72
0,238.0,0.29304447770118713,296.0,3.0,293.0,2377.0,258.65306122448965,13772.6669921875,28.866666793823242,1.5,15548.3330078125,21.46666717529297,4.599999904632568,4.583333492279053,40.71666717529297,19187.333984375,3031.4285714285716,1.048547625541687,26.459524154663086,205.6,1483.456787109375,1984.199951171875,0.18142856657505035,1034.6,0,476,1,0,0,21,8,113
0,86.0,0.13683010637760162,296.0,3.0,293.0,4236.0,258.65306122448965,14073.3330078125,35.650001525878906,2.0833332538604736,16088.3662109375,20.733333587646484,4.5,4.583333492279053,41.68333435058594,19614.0,3027.885714285714,1.06850004196167,26.555952072143555,205.42857142857142,1481.6805419921875,1992.1142578125,0.1709761917591095,1037.7428571428572,2,476,1,0,0,21,8,32
0,175.0,0.13112884759902954,296.0,3.0,293.0,3450.0,258.97959183673447,13555.8330078125,37.18333435058594,0.8666666746139526,15740.5,21.266666412353516,4.0,4.383333206176758,44.31666564941406,18254.166015625,3027.5714285714284,1.097428560256958,26.72035789489746,200.11428571428573,1481.56982421875,2021.1142578125,0.24728572368621826,1050.2,1,476,1,0,0,21,3,86
0,204.0,0.26681870222091675,296.0,3.0,293.0,1252.0,256.61224489795904,13716.5,31.28333282470703,1.0,15821.0498046875,21.233333587646484,4.199999809265137,4.483333110809326,42.75,20180.5,2971.8,1.1025238037109375,26.727380752563477,205.5142857142857,1486.91845703125,2034.771484375,0.24328570067882538,1049.9714285714285,0,476,1,0,0,42,13,95
0,242.0,0.32725200057029724,296.0,3.0,293.0,2693.0,260.71428571428555,12221.5,36.36666488647461,1.0,16784.216796875,23.58333396911621,5.199999809265137,4.483333110809326,40.766666412353516,22128.5,2984.714285714286,1.1095951795578003,26.702619552612305,204.22857142857143,1487.37744140625,2044.971435546875,0.2622142732143402,1054.4,1,476,1,0,0,21,14,88
0,286.0,0.33409351110458374,296.0,3.0,293.0,3516.0,257.0816326530611,14549.1669921875,26.899999618530273,3.549999952316284,17605.650390625,23.91666603088379,6.400000095367432,4.75,47.29999923706055,24013.333984375,2919.4857142857145,1.113452434539795,26.667142868041992,210.4,1491.58984375,2064.314208984375,0.0751190334558487,1053.2571428571428,1,476,1,0,0,31,13,114
0,180.0,0.020524514839053154,296.0,3.0,293.0,6739.0,259.83673469387736,15090.5,32.67777633666992,2.288888931274414,19522.14453125,24.005556106567383,4.933333396911621,4.605555534362793,41.80555725097656,29091.888671875,2938.2571428571428,1.1302857398986816,26.68297576904297,206.28571428571428,1494.5494384765625,2107.6572265625,0.03269047662615776,1065.3428571428572,2,476,1,0,0,31,18,78
0,287.0,0.1892816424369812,296.0,3.0,293.0,6168.0,259.2857142857141,15346.3330078125,33.06666564941406,2.9166667461395264,19211.5,23.75,4.300000190734863,4.483333110809326,47.016666412353516,22715.5,2932.2285714285713,1.1319999694824219,26.668094635009766,208.34285714285716,1492.55810546875,2115.571533203125,0.011809536255896091,1064.6,0,476,1,0,0,31,13,105
0,144.0,0.19042189419269562,296.0,3.0,293.0,6354.0,257.65306122448965,13012.8330078125,33.58333206176758,1.600000023841858,17969.833984375,22.799999237060547,4.099999904632568,4.583333492279053,42.08333206176758,24985.833984375,2939.885714285714,1.1349761486053467,26.51892852783203,205.25714285714287,1492.69189453125,2147.60009765625,-0.02845236286520958,1068.5714285714287,0,476,1,0,0,21,7,55
0,243.55748302999365,0.0,267.0,4.0,293.0,3198.0,250.91836734693865,12845.8330078125,27.316667556762695,3.2166666984558105,16852.56640625,22.299999237060547,4.0,4.5333333015441895,43.53333282470703,22112.0,2854.8285714285716,1.1748095750808716,26.859882354736328,216.31428571428572,1492.5030517578125,2140.228515625,-0.23357143998146057,1067.2,3,476,1,0,0,21,14,91
0,245.0,0.583808422088623,267.0,4.0,293.0,2019.0,246.08163265306106,12871.0,31.200000762939453,2.616666555404663,18846.533203125,22.866666793823242,4.199999809265137,4.5333333015441895,45.75,21859.333984375,2762.714285714286,1.1989047527313232,26.945117950439453,224.74285714285713,1501.5205078125,2149.45703125,-0.3412618935108185,1071.4285714285713,1,476,1,0,0,31,14,94
0,221.0,0.1824401319026947,267.0,4.0,293.0,2977.0,249.877551020408,11322.0,28.5,1.7666666507720947,17385.5,22.16666603088379,4.0,4.5,48.43333435058594,24380.0,2912.0285714285715,1.1931904554367065,26.887380599975586,225.57142857142858,1500.49658203125,2141.857177734375,-0.2893333435058594,1069.9714285714285,1,476,1,0,0,21,11,78
0,160.0,0.08323831111192703,267.0,4.0,293.0,9270.0,248.7551020408161,13198.0,30.883333206176758,2.0,19045.666015625,22.683332443237305,3.799999952316284,4.583333492279053,42.5,21174.666015625,2878.1714285714284,1.2521429061889648,27.165119171142578,228.57142857142858,1496.90234375,2170.3427734375,-0.46799999475479126,1080.4285714285713,0,476,1,0,0,21,3,57
1,249.0,0.0,267.0,4.0,293.0,10316.0,248.75510204081613,,,,,,,,,30615.5,2876.3714285714286,1.263952374458313,27.215238571166992,234.74285714285713,1503.41162109375,2171.514404296875,-0.5087857246398926,1082.0857142857142,3,476,1,0,0,31,12,92
0,247.0,0.10376282781362534,267.0,4.0,293.0,4091.0,243.14285714285697,14939.8330078125,30.58333396911621,0.6833333373069763,17068.017578125,23.116666793823242,4.400000095367432,4.5333333015441895,43.400001525878906,21638.666015625,2812.457142857143,1.270880937576294,27.162141799926758,243.74285714285713,1509.5438232421875,2182.8857421875,-0.6349999904632568,1082.9142857142858,2,476,1,0,0,21,5,99
0,285.0,0.5096921324729919,267.0,4.0,293.0,1649.0,244.34693877550998,12523.3330078125,31.755556106567383,1.888888955116272,17352.04296875,24.311111450195312,5.333333492279053,4.566666603088379,40.85555648803711,23586.333984375,2839.4285714285716,1.2647380828857422,26.99654769897461,242.0,1503.977783203125,2199.3427734375,-0.6573809385299683,1079.6,0,476,1,0,0,41,27,111
0,251.0,0.1562143713235855,267.0,4.0,293.0,2553.0,245.0612244897957,12606.6669921875,29.116666793823242,2.5999999046325684,18201.6328125,24.66666603088379,5.300000190734863,4.733333110809326,38.66666793823242,24086.333984375,2852.8285714285716,1.2791666984558105,27.095001220703125,244.31428571428572,1506.658935546875,2200.571533203125,-0.6469523906707764,1084.2,0,481,1,0,0,21,11,90
0,257.0,0.08665906637907028,267.0,4.0,229.0,1707.0,247.93877551020387,11935.1669921875,27.883333206176758,1.9500000476837158,15982.849609375,22.0,4.400000095367432,4.633333206176758,46.81666564941406,21409.833984375,2852.8285714285716,1.2791666984558105,27.095001220703125,244.31428571428572,1506.658935546875,2200.571533203125,-0.6469523906707764,1084.2,3,481,1,0,0,31,4,94
0,351.0,0.1425313502550125,267.0,4.0,229.0,2198.0,249.26530612244875,13830.6669921875,27.049999237060547,2.549999952316284,16956.783203125,22.116666793823242,4.199999809265137,4.483333110809326,43.599998474121094,21828.666015625,2921.5142857142855,1.2770951986312866,27.16499900817871,246.25714285714287,1512.20556640625,2187.685791015625,-0.607619047164917,1089.6,1,481,1,0,1,21,34,161
0,239.0,0.3055872321128845,267.0,4.0,229.0,1517.0,248.36734693877534,12931.1669921875,29.33333396911621,2.25,17530.31640625,22.799999237060547,4.599999904632568,4.633333206176758,45.33333206176758,21052.0,2934.2285714285713,1.2756904363632202,27.11833381652832,245.34285714285716,1508.7913818359375,2192.371337890625,-0.6016666889190674,1088.3142857142857,0,481,1,0,1,31,9,103
0,295.0,0.46978336572647095,267.0,4.0,229.0,1113.0,247.99999999999972,13385.0,32.599998474121094,2.816666603088379,20973.849609375,26.816667556762695,5.5,4.583333492279053,35.54999923706055,28140.5,2955.285714285714,1.2548809051513672,26.847856521606445,243.62857142857143,1510.8948974609375,2198.199951171875,-0.561119019985199,1090.8857142857144,0,481,1,0,0,11,2,123
0,163.0,0.8061573505401611,267.0,4.0,229.0,1095.0,243.34693877550995,14411.3330078125,30.516666412353516,4.400000095367432,17053.900390625,23.883333206176758,5.5,4.733333110809326,39.45000076293945,22540.833984375,2909.885714285714,1.2551666498184204,26.846786499023438,249.97142857142856,1520.111572265625,2186.228515625,-0.49221429228782654,1091.857142857143,0,481,1,0,0,41,4,79
0,267.0,0.8631699085235596,267.0,4.0,229.0,1037.0,240.34693877551,13487.5,26.600000381469727,2.616666555404663,16647.166015625,22.200000762939453,4.699999809265137,4.616666793823242,47.88333511352539,23423.5,2965.2285714285713,1.2786904573440552,27.157142639160156,250.05714285714285,1521.139404296875,2178.3427734375,-0.47340479493141174,1096.8285714285714,0,481,1,0,1,41,3,129
0,127.0,0.9304447174072266,267.0,4.0,229.0,1062.0,234.95918367346925,14509.3330078125,27.766666412353516,5.099999904632568,18450.416015625,25.149999618530273,5.800000190734863,4.583333492279053,38.71666717529297,26388.666015625,2973.2,1.2723095417022705,27.040834426879883,250.2,1517.673095703125,2192.94287109375,-0.41011902689933777,1095.2857142857142,0,481,1,0,0,42,1,62
0,200.64826609151973,0.7377423048019409,267.0,4.0,229.0,2166.0,229.9183673469387,13813.8330078125,32.650001525878906,3.7333333492279053,18066.3671875,24.366666793823242,6.0,4.633333206176758,35.766666412353516,27744.333984375,2931.342857142857,1.2632380723953247,26.876310348510742,251.31428571428572,1517.3883056640625,2201.085693359375,-0.36807140707969666,1089.9142857142858,0,481,1,0,0,21,3,74
0,268.0,0.8802736401557922,267.0,4.0,229.0,1030.0,223.9183673469387,12188.0,30.649999618530273,3.549999952316284,17144.80078125,24.08333396911621,5.800000190734863,4.683333396911621,35.81666564941406,23804.0,2890.9142857142856,1.2384761571884155,26.531667709350586,254.4857142857143,1514.2484130859375,2220.514404296875,-0.2930714190006256,1081.3428571428572,0,481,1,0,0,41,3,100
0,196.0,0.7354618310928345,267.0,4.0,229.0,2263.0,218.55102040816328,11270.6669921875,33.36666488647461,2.2166666984558105,18908.099609375,25.183332443237305,5.5,4.5333333015441895,32.33333206176758,24309.833984375,2790.2285714285713,1.2684762477874756,26.789644241333008,259.1142857142857,1503.547607421875,2234.742919921875,-0.2590714395046234,1079.4571428571428,1,481,1,0,0,21,4,70
0,184.0,0.5518814325332642,267.0,4.0,229.0,8874.0,212.22448979591834,11887.0,31.016666412353516,2.9666666984558105,17256.900390625,23.53333282470703,5.199999809265137,4.550000190734863,33.21666717529297,22875.166015625,2794.6,1.2414761781692505,26.48130989074707,257.37142857142857,1504.463623046875,2246.314208984375,-0.21135714650154114,1076.3428571428572,2,481,1,0,0,31,1,65
1,80.0,0.34891676902770996,267.0,4.0,229.0,11035.0,206.91836734693874,12249.0,30.5,4.099999904632568,17410.599609375,24.933332443237305,5.199999809265137,4.733333110809326,36.75,21681.0,2766.4,1.2583571672439575,26.648096084594727,252.42857142857142,1496.9234619140625,2273.314208984375,-0.21247617900371552,1082.5142857142857,3,481,1,0,0,42,13,31
1,161.0,0.3717217743396759,267.0,4.0,229.0,12703.0,203.4489795918367,14920.0,29.516666412353516,2.700000047683716,17857.150390625,24.066667556762695,5.300000190734863,4.633333206176758,38.43333435058594,23381.0,2790.0285714285715,1.2679286003112793,26.69131088256836,260.1714285714286,1502.9569091796875,2255.314208984375,-0.20338097214698792,1080.6857142857143,1,481,1,0,0,21,15,78
0,60.0,0.0,267.0,4.0,229.0,4742.0,203.2857142857142,12879.1669921875,36.53333282470703,3.2833333015441895,18922.19921875,24.683332443237305,5.400000095367432,4.833333492279053,35.56666564941406,25989.5,2919.6,1.2434285879135132,26.408571243286133,248.45714285714286,1499.9464111328125,2275.17138671875,-0.21940477192401886,1085.3428571428572,6,481,1,0,0,21,16,21
0,173.0,0.8403648734092712,267.0,4.0,229.0,4523.0,201.79591836734681,10903.3330078125,35.099998474121094,1.9666666984558105,17116.3671875,24.850000381469727,5.400000095367432,4.566666603088379,32.016666412353516,23492.666015625,3103.2285714285713,1.2104761600494385,26.1584529876709,245.25714285714287,1498.2598876953125,2245.8857421875,-0.20259524881839752,1078.6285714285714,1,481,1,0,0,21,20,60
0,72.0,0.503990888595581,267.0,4.0,229.0,2959.0,207.65306122448962,13906.6669921875,31.366666793823242,3.6666667461395264,22547.43359375,26.5,5.900000095367432,4.883333206176758,30.46666717529297,28755.333984375,3203.4,1.1761904954910278,25.881547927856445,247.11428571428573,1509.267578125,2226.971435546875,-0.19340473413467407,1074.8,1,481,1,0,0,31,3,30
0,106.0,0.32041049003601074,267.0,4.0,229.0,4247.0,203.7142857142855,13543.0,32.16666793823242,8.25,21984.19921875,28.899999618530273,6.300000190734863,4.849999904632568,32.81666564941406,29591.0,3261.4857142857145,1.1731904745101929,25.925119400024414,244.71428571428572,1511.582763671875,2219.28564453125,-0.20040476322174072,1077.5142857142857,0,481,1,0,0,21,4,37
0,177.0,0.45952108502388,267.0,4.0,229.0,5409.0,213.08163265306095,12564.8330078125,29.91666603088379,4.766666889190674,19991.283203125,26.799999237060547,5.900000095367432,4.583333492279053,32.150001525878906,28034.666015625,3384.1428571428573,1.1827143430709839,26.194522857666016,247.22857142857143,1523.814453125,2189.1142578125,-0.18219046294689178,1083.0,0,481,1,0,0,21,15,63
0,182.0,0.37514254450798035,267.0,4.0,229.0,4833.0,210.61224489795893,11695.3330078125,29.155555725097656,2.3722221851348877,19332.3671875,27.455556869506836,5.0,4.550000190734863,33.46666717529297,26665.77734375,3382.657142857143,1.200095295906067,26.506547927856445,247.74285714285713,1519.1083984375,2181.71435546875,-0.18519046902656555,1085.4285714285713,0,481,1,0,0,11,11,70
0,161.0,0.5119726061820984,267.0,4.0,229.0,5963.0,211.75510204081604,13580.5,29.91666603088379,4.666666507720947,20435.849609375,28.41666603088379,6.400000095367432,4.583333492279053,30.66666603088379,26143.833984375,3368.542857142857,1.1852142810821533,26.508928298950195,250.57142857142858,1530.523193359375,2172.142822265625,-0.14985714852809906,1084.4857142857143,0,481,1,0,0,41,16,55
0,147.0,0.5005701184272766,267.0,4.0,283.0,1524.0,211.22448979591812,13825.0,28.33333396911621,2.5,18000.033203125,24.450000762939453,5.5,4.800000190734863,37.849998474121094,25421.333984375,3383.3714285714286,1.1646666526794434,26.5530948638916,248.88571428571427,1543.8480224609375,2154.742919921875,-0.18502379953861237,1088.2,0,507,1,1,0,24,12,62
0,191.0,0.17331813275814056,267.0,4.0,283.0,2197.0,214.10204081632634,12574.3330078125,28.016666412353516,1.0,15996.533203125,22.899999618530273,5.199999809265137,4.683333396911621,41.29999923706055,23309.5,3412.285714285714,1.145380973815918,26.565595626831055,243.9142857142857,1540.14453125,2149.71435546875,-0.24657145142555237,1085.6571428571428,2,507,1,1,0,21,9,83
1,157.0,0.0,267.0,4.0,283.0,1514.0,212.9387755102039,12164.3330078125,28.0,1.2999999523162842,16334.3837890625,23.133333206176758,5.599999904632568,4.75,40.68333435058594,22977.166015625,3420.2,1.1389285326004028,26.524761199951172,242.31428571428572,1541.6319580078125,2151.628662109375,-0.2945714294910431,1086.0857142857142,3,507,1,1,0,41,6,52
1,233.0,0.14025086164474487,267.0,4.0,283.0,2031.0,195.73469387755088,11278.537109375,29.724075317382812,1.5185185670852661,16635.6953125,23.5222225189209,5.6777777671813965,4.800000190734863,40.41481399536133,25066.314453125,3483.8285714285716,1.080142855644226,26.41880989074707,237.42857142857142,1559.0054931640625,2146.571533203125,-0.37369048595428467,1085.4571428571428,3,507,1,1,0,34,5,105
0,20.121386087303037,0.20068414509296417,267.0,4.0,229.0,2339.0,167.63265306122443,12180.0,25.933332443237305,4.666666507720947,15183.283203125,22.58333396911621,5.400000095367432,4.983333110809326,46.91666793823242,28972.666015625,2780.457142857143,0.9829285740852356,26.241785049438477,289.2,1594.89990234375,1972.1142578125,-0.5011904835700989,1027.3428571428572,4,481,1,1,0,31,6,8
0,10.0,0.09578107297420502,267.0,4.0,229.0,8276.0,165.46938775510196,10490.6669921875,27.700000762939453,5.733333110809326,17218.533203125,26.116666793823242,6.699999809265137,4.75,40.66666793823242,27360.833984375,2608.1428571428573,0.9593095183372498,25.917617797851562,294.4,1575.5760498046875,1970.771484375,-0.4528333246707916,1007.1714285714286,11,481,1,0,0,21,1,4
0,14.0,0.23147092759609222,267.0,4.0,229.0,5593.0,164.4285714285713,10424.0,27.633333206176758,6.4666666984558105,18693.8671875,26.16666603088379,6.5,4.699999809265137,37.61666488647461,26511.833984375,2612.457142857143,0.9577142596244812,25.767976760864258,293.85714285714283,1576.113525390625,1974.085693359375,-0.42123809456825256,1005.9428571428572,6,481,1,0,0,11,20,7
0,128.0,0.0,267.0,4.0,260.0,5906.0,166.04081632653055,12749.5,27.149999618530273,2.700000047683716,15684.849609375,27.28333282470703,6.5,4.949999809265137,50.099998474121094,26054.5,2587.2285714285713,0.962071418762207,26.094165802001953,294.3142857142857,1576.522705078125,1955.6856689453125,-0.4420476257801056,1010.4571428571429,5,518,1,0,0,24,9,48
0,83.0,0.08893956989049911,267.0,4.0,260.0,5738.0,164.67346938775495,11837.4443359375,25.850000381469727,1.649999976158142,15321.0,24.366666793823242,5.666666507720947,4.866666793823242,51.22777557373047,23612.333984375,2569.057142857143,0.9739047884941101,26.218929290771484,297.62857142857143,1574.083251953125,1942.3428955078125,-0.4514285922050476,1010.0,4,518,1,0,0,21,7,28
0,185.0,0.892816424369812,267.0,4.0,260.0,1469.0,165.93877551020393,13669.6669921875,23.016666412353516,2.799999952316284,18245.900390625,22.549999237060547,5.599999904632568,4.766666889190674,45.96666717529297,24700.0,2525.9142857142856,0.9440237879753113,25.981548309326172,310.7142857142857,1610.780517578125,1914.3143310546875,-0.45914286375045776,1008.9428571428572,3,518,1,0,0,21,1,66
0,148.0,0.8996579051017761,267.0,4.0,260.0,3771.0,166.5306122448978,11787.1669921875,26.21666717529297,4.666666507720947,17512.400390625,26.5,6.599999904632568,4.699999809265137,48.71666717529297,27751.5,2523.2285714285713,0.9111190438270569,25.671667098999023,302.51428571428573,1593.3056640625,1909.05712890625,-0.4796190559864044,996.1428571428571,2,518,1,0,0,11,12,54
0,94.0,0.8848346471786499,267.0,4.0,260.0,1168.0,164.99999999999983,11446.3330078125,26.016666412353516,4.416666507720947,16611.232421875,25.983333587646484,6.900000095367432,4.599999904632568,47.650001525878906,27113.333984375,2536.5142857142855,0.8974761962890625,25.482261657714844,299.0857142857143,1585.40771484375,1915.5999755859375,-0.4805952310562134,992.3428571428572,2,518,1,0,0,21,13,30
0,156.0,0.6214367151260376,267.0,4.0,260.0,1754.0,163.87755102040802,11296.0,23.149999618530273,4.133333206176758,16869.099609375,25.08333396911621,5.900000095367432,4.599999904632568,49.016666412353516,24149.5,2557.7714285714287,0.8793571591377258,25.36880874633789,297.0285714285714,1594.5029296875,1895.800048828125,-0.5092381238937378,995.0285714285715,2,518,1,0,0,31,12,51
0,119.0,0.0,267.0,4.0,260.0,4127.0,160.44897959183658,11875.5,21.200000762939453,1.2000000476837158,16187.7001953125,22.016666412353516,5.599999904632568,4.883333206176758,52.03333282470703,24118.5,2592.0857142857144,0.9085952043533325,25.623332977294922,290.9714285714286,1558.02734375,1907.800048828125,-0.5475237965583801,991.0,2,518,1,0,0,41,6,40
0,85.0,0.03648802638053894,267.0,4.0,229.0,9159.0,154.10204081632637,11314.3330078125,21.711111068725586,1.1611111164093018,16620.078125,22.233333587646484,5.433333396911621,5.099999904632568,51.78889083862305,23535.888671875,2599.8571428571427,0.9119285941123962,25.651309967041016,290.6,1558.929443359375,1903.085693359375,-0.5725476145744324,993.1142857142858,4,518,1,0,0,31,7,29
0,104.0,0.10946407914161682,267.0,4.0,260.0,14057.0,147.3673469387754,11723.6669921875,21.7277774810791,1.7999999523162842,17491.439453125,23.127779006958008,6.433333396911621,4.700000286102295,51.838890075683594,28950.5546875,2593.5142857142855,0.9412381052970886,26.040119171142578,299.37142857142857,1568.0382080078125,1880.7427978515625,-0.576119065284729,1001.2285714285714,4,518,1,0,0,11,8,38
0,135.0,0.12086658924818039,267.0,4.0,260.0,10610.0,141.3877551020407,11037.0,19.53333282470703,2.450000047683716,19819.216796875,24.75,6.300000190734863,5.099999904632568,54.91666793823242,27909.333984375,2513.457142857143,0.9585714340209961,26.22702407836914,308.48571428571427,1583.18359375,1854.0,-0.5580476522445679,1005.6,5,518,1,0,0,21,10,58
0,85.0,0.0,267.0,4.0,229.0,15926.0,135.73469387755094,11224.0,18.33333396911621,2.25,15603.0,21.450000762939453,5.400000095367432,4.699999809265137,52.96666717529297,23410.0,2481.6,0.9787380695343018,26.50214385986328,309.14285714285717,1574.5372314453125,1856.028564453125,-0.574404776096344,1007.9714285714285,2,518,1,0,0,41,8,29
0,134.0,0.0,267.0,4.0,229.0,7007.0,132.46938775510196,11898.0,19.566667556762695,2.5166666507720947,13914.283203125,25.0,6.0,4.900000095367432,55.099998474121094,23731.0,2356.0,0.9618571400642395,26.396665573120117,321.57142857142856,1588.5889892578125,1834.857177734375,-0.5364999771118164,997.7714285714286,0,481,1,0,0,21,30,53
0,99.0,0.36830103397369385,267.0,4.0,229.0,3355.0,128.6326530612244,10380.6669921875,19.566667556762695,3.25,16705.19921875,22.75,5.400000095367432,4.800000190734863,54.099998474121094,21568.666015625,2303.5142857142855,0.9494999647140503,26.364166259765625,321.42857142857144,1580.9896240234375,1840.3428955078125,-0.5216904878616333,991.2,6,481,1,0,0,21,8,34
0,89.0,0.37628278136253357,267.0,4.0,229.0,3041.0,127.81632653061213,10312.0,20.816667556762695,2.8333332538604736,14989.3330078125,24.616666793823242,5.5,4.699999809265137,48.88333511352539,20338.5,2239.7714285714287,0.942309558391571,26.321428298950195,330.0571428571429,1597.3038330078125,1824.7142333984375,-0.524238109588623,988.4571428571429,3,518,1,0,0,24,6,33
0,34.0,0.0,267.0,4.0,260.0,2799.0,127.02083333333321,11035.0,18.766666412353516,2.299999952316284,16725.8671875,25.33333396911621,5.300000190734863,4.900000095367432,54.58333206176758,24868.666015625,2148.6285714285714,0.9572619199752808,26.35761833190918,325.8285714285714,1567.925048828125,1840.5714111328125,-0.5155237913131714,979.6,7,518,1,0,0,21,4,12
0,125.0,0.07183580100536346,267.0,4.0,229.0,8198.0,125.6122448979591,13745.5,27.91666603088379,2.816666603088379,19593.68359375,24.049999237060547,5.400000095367432,4.7833333015441895,43.06666564941406,23754.333984375,2048.8285714285716,0.9628333449363708,26.46952247619629,337.0285714285714,1578.011474609375,1832.028564453125,-0.5237380862236023,975.8571428571429,3,481,1,0,0,42,10,53
0,143.0,0.020524514839053154,267.0,4.0,260.0,5859.0,125.90476190476178,10900.8330078125,18.600000381469727,2.366666555404663,14811.5498046875,26.633333206176758,5.300000190734863,4.849999904632568,48.38333511352539,23908.833984375,2057.1428571428573,0.9512618780136108,26.4084529876709,340.9142857142857,1589.8009033203125,1813.6285400390625,-0.5374523997306824,973.4857142857143,1,518,1,0,0,34,18,51
0,383.0,0.8460661172866821,296.0,3.0,313.0,1136.0,335.60526315789457,17042.333984375,30.233333587646484,2.066666603088379,16322.8662109375,23.21666717529297,4.300000190734863,5.766666889190674,24.950000762939453,20304.0,1450.6857142857143,0.7595238089561462,24.975595474243164,117.02857142857142,1402.2550048828125,1643.82861328125,-0.8499523997306824,966.8,0,505,1,1,0,42,14,211
0,333.0,0.9635119438171387,296.0,3.0,313.0,1049.0,334.16279069767415,18898.333984375,32.86666488647461,2.7166666984558105,19890.982421875,23.049999237060547,5.199999809265137,5.866666793823242,17.549999237060547,22355.833984375,1467.5714285714287,0.75128573179245,24.8558349609375,113.85714285714286,1395.50537109375,1657.028564453125,-0.7664523720741272,962.6,1,505,1,1,0,41,32,183
0,269.0,0.73204106092453,296.0,3.0,313.0,1339.0,330.62499999999966,15908.0,34.66666793823242,1.899999976158142,21180.05078125,22.200000762939453,3.9000000953674316,5.599999904632568,22.66666603088379,18274.0,1478.6571428571428,0.7404524087905884,24.897619247436523,113.28571428571429,1397.4005126953125,1663.228515625,-0.6879285573959351,963.4,0,505,1,1,0,42,19,148
0,424.0,0.9578106999397278,296.0,3.0,313.0,1029.0,331.22448979591815,18896.666015625,32.41666793823242,2.616666555404663,18372.150390625,22.450000762939453,4.099999904632568,5.800000190734863,16.316667556762695,22752.666015625,1484.142857142857,0.7413333058357239,24.823570251464844,113.05714285714286,1404.706787109375,1668.5142822265625,-0.6564761996269226,966.9428571428572,0,505,1,1,0,42,21,233
0,200.0,0.9293044209480286,296.0,3.0,313.0,1071.0,326.83673469387736,20750.333984375,35.150001525878906,4.25,18512.19921875,22.899999618530273,4.800000190734863,5.699999809265137,18.91666603088379,20207.666015625,1499.6857142857143,0.732452392578125,24.850000381469727,113.57142857142857,1399.998291015625,1684.4857177734375,-0.4550952613353729,962.4,0,505,1,1,0,41,14,109
0,269.0,0.7708095908164978,296.0,3.0,313.0,1553.0,322.79591836734664,23421.333984375,28.516666412353516,1.0333333015441895,18709.06640625,23.96666717529297,4.199999809265137,5.166666507720947,31.03333282470703,22134.833984375,1574.7714285714285,0.7322381138801575,25.1247615814209,104.31428571428572,1383.7529296875,1761.228515625,-0.13523811101913452,965.9142857142857,0,505,1,1,0,31,13,132
0,247.0,0.5667046904563904,296.0,3.0,313.0,1642.0,321.58333333333303,17810.666015625,26.22222137451172,3.5722222328186035,16078.77734375,22.461111068725586,3.7333333492279053,5.0333333015441895,27.344444274902344,18722.77734375,1615.9714285714285,0.7232857346534729,25.114286422729492,104.28571428571429,1389.55126953125,1771.971435546875,-0.08245237171649933,966.5142857142857,0,505,1,1,0,41,5,101
0,216.0,0.8711516261100769,296.0,3.0,313.0,1102.0,301.8775510204079,13685.0,31.600000381469727,3.383333444595337,20650.833984375,23.25,4.699999809265137,4.583333492279053,23.21666717529297,17847.666015625,3041.5714285714284,0.6303571462631226,24.764524459838867,101.17142857142858,1377.3134765625,1981.914306640625,0.6459047794342041,955.2857142857143,4,505,1,0,1,42,3,104
0,335.0,0.16077536344528198,296.0,3.0,313.0,2827.0,311.3265306122446,12333.3330078125,32.95000076293945,1.0499999523162842,17912.93359375,20.5,3.700000047683716,4.550000190734863,17.883333206176758,18185.666015625,3064.9714285714285,0.6399285793304443,24.964523315429688,97.94285714285714,1366.6131591796875,1983.8857421875,0.5895714163780212,956.0,1,505,1,0,0,21,20,129
0,314.0,0.7571265697479248,296.0,3.0,313.0,1049.0,311.3265306122446,10919.8330078125,30.383333206176758,0.75,16326.9169921875,20.78333282470703,3.799999952316284,4.566666603088379,15.916666984558105,16101.3330078125,3051.2285714285713,0.6398571133613586,24.921667098999023,101.6,1374.9620361328125,1961.6285400390625,0.6143571734428406,956.3714285714286,4,505,1,0,0,21,4,149
0,222.0,0.3511972725391388,296.0,3.0,313.0,1930.0,309.6530612244895,12085.8330078125,27.91666603088379,2.066666603088379,18064.31640625,21.53333282470703,3.700000047683716,4.599999904632568,20.0,18196.333984375,3046.3714285714286,0.63185715675354,24.89023780822754,100.37142857142857,1374.2528076171875,1941.1142578125,0.5515238046646118,956.2571428571429,5,505,1,0,0,41,4,82
0,249.0,0.27251994609832764,296.0,3.0,313.0,2012.0,309.6326530612242,11789.1669921875,31.116666793823242,4.766666889190674,19067.150390625,20.883333206176758,3.4000000953674316,4.566666603088379,18.799999237060547,18653.5,3063.657142857143,0.6292619109153748,24.955476760864258,98.54285714285714,1367.6881103515625,1951.4285888671875,0.5197380781173706,954.7142857142857,1,505,1,0,0,31,8,92
0,340.0,0.7217788100242615,296.0,3.0,313.0,2019.0,304.8163265306119,11637.0,28.83333396911621,5.566666603088379,17523.0,21.03333282470703,4.0,4.616666793823242,30.96666717529297,19339.333984375,3049.4285714285716,0.6149047613143921,24.729999542236328,101.31428571428572,1382.956298828125,1926.8857421875,0.5269761681556702,956.1428571428571,0,505,1,0,0,31,26,169
0,182.0,0.7696693539619446,296.0,3.0,313.0,1718.0,290.10204081632634,10969.8330078125,31.28333282470703,2.799999952316284,16860.767578125,20.183332443237305,3.5,4.5,23.616666793823242,17467.166015625,3070.7714285714287,0.6193809509277344,24.850000381469727,96.31428571428572,1374.8714599609375,1905.7427978515625,0.4965476393699646,959.9714285714285,3,505,1,0,0,31,2,69
0,256.0,0.06955530494451523,296.0,3.0,313.0,1386.0,290.10204081632634,13418.111328125,26.75,1.6166666746139526,18485.69921875,20.75,3.9000000953674316,4.599999904632568,23.16666603088379,19002.556640625,3069.4476190476494,0.6192380785942078,24.856706619262695,96.43809523809242,1376.8956298828125,1903.4285888671875,0.49557143449783325,961.2285714285428,3,505,1,0,0,41,8,116
0,254.0,0.20410490036010742,296.0,3.0,313.0,1217.0,283.73469387755074,10727.3330078125,26.96666717529297,5.083333492279053,18950.3828125,21.233333587646484,3.799999952316284,4.699999809265137,19.28333282470703,19334.166015625,3064.542857142857,0.6224523782730103,24.91452407836914,96.54285714285714,1380.1015625,1885.7142333984375,0.4666904807090759,965.0,1,505,1,0,0,42,5,100
0,131.0,0.0,296.0,3.0,313.0,3415.0,284.8571428571426,15163.5,29.71666717529297,3.2166666984558105,19787.75,20.549999237060547,3.5999999046325684,4.5,25.933332443237305,17981.0,3098.342857142857,0.6324762105941772,25.023452758789062,89.22857142857143,1363.237060546875,1886.4571533203125,0.3916904628276825,966.8571428571429,2,505,1,0,0,31,27,60
0,285.0,0.4401368200778961,296.0,3.0,313.0,3590.0,274.3469387755099,10058.3330078125,37.20000076293945,3.5999999046325684,20150.482421875,20.08333396911621,3.5999999046325684,4.650000095367432,17.049999237060547,20887.833984375,3006.5142857142855,0.638785719871521,25.027381896972656,91.48571428571428,1366.8076171875,1839.228515625,0.41421428322792053,968.9428571428572,0,505,1,0,0,41,14,120
0,220.0,0.07753705978393555,296.0,3.0,313.0,5723.0,271.6530612244896,13191.3330078125,36.96666717529297,3.9166667461395264,19999.8671875,20.71666717529297,3.9000000953674316,4.699999809265137,9.683333396911621,20217.666015625,3011.285714285714,0.6508095264434814,25.190834045410156,88.62857142857143,1374.8170166015625,1838.5428466796875,0.3221904933452606,981.1714285714286,5,505,1,0,0,21,23,88
0,158.0,0.1277080923318863,296.0,3.0,313.0,2015.0,269.816326530612,11699.8330078125,34.016666412353516,4.766666889190674,20267.8828125,19.866666793823242,3.4000000953674316,4.449999809265137,15.833333015441895,19695.0,3031.4,0.6361428499221802,25.133928298950195,91.62857142857143,1366.1280517578125,1815.7142333984375,0.2737142741680145,969.6,2,505,1,0,0,21,4,61
0,263.0,0.2919042110443115,296.0,3.0,313.0,2696.0,269.0408163265304,11795.5,30.16666603088379,3.066666603088379,19024.599609375,20.383333206176758,3.700000047683716,4.683333396911621,17.383333206176758,18819.333984375,3032.0857142857144,0.6517142653465271,25.291427612304688,90.25714285714285,1374.2874755859375,1821.3714599609375,0.2156190276145935,980.7142857142857,3,505,1,0,0,31,6,109
0,192.0,0.13112884759902954,296.0,3.0,313.0,2454.0,279.57142857142827,12428.6669921875,34.04999923706055,4.666666507720947,17479.80078125,21.200000762939453,3.5999999046325684,4.599999904632568,25.21666717529297,19884.666015625,3037.6,0.6469523906707764,25.338571548461914,98.68571428571428,1375.6514892578125,1821.82861328125,0.16042856872081757,972.6857142857143,2,505,1,0,0,31,13,80
0,291.0,0.19726340472698212,296.0,3.0,313.0,1894.0,272.8979591836732,12461.833984375,32.06111145019531,4.011111259460449,18448.072265625,20.86111068725586,3.7333333492279053,4.727777481079102,19.33888816833496,20090.22265625,3001.2,0.6492857336997986,25.31785774230957,97.31428571428572,1377.499267578125,1799.228515625,0.13609524071216583,976.4285714285714,6,505,1,0,0,31,8,118
0,315.0,0.1151653379201889,296.0,3.0,313.0,7688.0,274.5102040816325,13248.0,30.600000381469727,3.4000000953674316,19120.06640625,21.600000381469727,3.799999952316284,4.699999809265137,15.949999809265137,19147.333984375,2966.285714285714,0.6740952134132385,25.38785743713379,97.82857142857142,1373.760009765625,1809.6571044921875,0.09173809736967087,980.0571428571428,7,505,1,0,0,21,10,156
0,166.0,0.013683009892702103,296.0,3.0,313.0,4957.0,275.75510204081615,12455.0,29.03333282470703,2.933333396911621,19764.18359375,20.600000381469727,3.9000000953674316,4.849999904632568,31.600000381469727,19645.5,2984.542857142857,0.6772857308387756,25.456071853637695,101.74285714285715,1376.4210205078125,1839.5428466796875,0.12276190519332886,978.7714285714286,8,505,1,0,0,41,8,69
0,259.0,0.42189282178878784,296.0,3.0,285.0,5213.0,280.44897959183663,14136.22265625,29.427778244018555,4.2833333015441895,18349.744140625,22.494443893432617,4.400000095367432,4.549999713897705,25.21666717529297,18155.833984375,2965.2285714285713,0.6831904649734497,25.63785743713379,113.25714285714285,1370.6275634765625,1872.3143310546875,0.1883571445941925,966.8,4,496,1,0,0,41,4,93
0,246.0,0.13797035813331604,296.0,3.0,272.0,4492.0,275.14285714285705,10679.0,37.0,6.2833333015441895,16872.25,20.933332443237305,4.199999809265137,4.400000095367432,32.33333206176758,16184.0,3017.457142857143,0.6904523968696594,25.53714370727539,120.8,1377.28466796875,1890.199951171875,0.2421666532754898,965.7428571428571,0,497,1,0,0,21,4,98
0,220.0,0.16077536344528198,296.0,3.0,272.0,3841.0,279.10204081632634,11717.6669921875,30.483333587646484,3.0833332538604736,16676.400390625,20.299999237060547,3.9000000953674316,4.449999809265137,28.066667556762695,16113.6669921875,3166.3714285714286,0.72602379322052,25.776548385620117,123.42857142857143,1382.268310546875,1968.0,0.314380943775177,976.5428571428571,0,497,1,0,0,21,7,96
0,206.0,0.014823260717093945,296.0,3.0,272.0,5197.0,274.8571428571427,15184.0,32.733333587646484,5.883333206176758,18176.0,21.46666717529297,4.099999904632568,4.349999904632568,24.883333206176758,19449.0,3198.342857142857,0.7334762215614319,25.785715103149414,121.17142857142858,1378.987548828125,1962.5142822265625,0.28576189279556274,979.9428571428572,1,497,1,0,0,31,8,77
0,245.0,0.7867730855941772,296.0,3.0,272.0,3908.0,272.7959183673468,10442.3330078125,32.0,4.75,16210.7333984375,21.183332443237305,3.5,4.150000095367432,36.16666793823242,15626.0,3272.4285714285716,0.7350714206695557,25.935476303100586,135.37142857142857,1378.022705078125,1925.5714111328125,0.4637380838394165,964.0,4,497,1,0,0,31,1,95
0,274.0,0.6043329238891602,296.0,3.0,272.0,3503.0,272.4693877551019,9829.5,35.38333511352539,4.449999809265137,15873.0498046875,21.616666793823242,4.099999904632568,4.199999809265137,28.766666412353516,15410.5,3348.942857142857,0.7262380719184875,25.9040470123291,132.4,1372.8990478515625,1951.94287109375,0.4807380735874176,962.1714285714286,1,497,1,0,0,41,8,128
0,261.0,0.03534777835011482,296.0,3.0,272.0,3729.0,269.1428571428569,11385.8330078125,34.81666564941406,3.383333444595337,16454.283203125,21.049999237060547,4.0,4.383333206176758,24.516666412353516,15719.6669921875,3419.4857142857145,0.7501428723335266,25.980833053588867,131.34285714285716,1375.655029296875,1949.2857666015625,0.4775238037109375,971.0571428571428,2,497,1,0,0,31,4,118
0,259.0,0.3511972725391388,296.0,3.0,272.0,1811.0,269.24489795918345,12069.1669921875,37.71666717529297,4.25,15250.349609375,20.549999237060547,3.5,4.25,29.433332443237305,14985.6669921875,3420.457142857143,0.7636904716491699,26.030475616455078,130.85714285714286,1375.93408203125,1945.82861328125,0.4879523813724518,976.7142857142857,2,497,1,0,0,21,6,106
0,297.0,0.2782212197780609,296.0,3.0,272.0,2282.0,272.12244897959164,10390.0,35.349998474121094,4.550000190734863,16888.033203125,20.33333396911621,3.700000047683716,4.083333492279053,31.066667556762695,15251.6669921875,3465.057142857143,0.7547380924224854,26.090713500976562,135.34285714285716,1371.6732177734375,1952.914306640625,0.6102619171142578,966.0571428571428,0,497,1,0,0,31,5,138
0,348.0,0.5803877115249634,296.0,3.0,313.0,1237.0,270.1914893617019,11556.6669921875,35.483333587646484,5.099999904632568,17684.900390625,20.299999237060547,3.799999952316284,4.300000190734863,21.450000762939453,18373.5,3475.4857142857145,0.7679047584533691,26.005237579345703,137.22857142857143,1370.8204345703125,1936.5999755859375,0.6557618975639343,968.9714285714285,1,505,1,0,0,42,6,140
0,232.0,0.37400227785110474,296.0,3.0,313.0,2775.0,270.1914893617019,11833.6669921875,33.95000076293945,5.016666889190674,18098.767578125,21.200000762939453,3.5999999046325684,4.300000190734863,19.03333282470703,18585.0,3505.3714285714286,0.7693571448326111,26.04773712158203,134.94285714285715,1368.5009765625,1954.4285888671875,0.6197142601013184,970.5142857142857,1,505,1,0,0,31,2,82
0,254.0,0.2440136820077896,296.0,3.0,313.0,2315.0,269.5217391304345,9696.5,34.66666793823242,5.633333206176758,17167.93359375,20.46666717529297,3.4000000953674316,4.25,19.5,15953.0,3521.5714285714284,0.7843095064163208,26.149642944335938,136.6,1364.015380859375,1951.6856689453125,0.6089285612106323,970.7428571428571,2,505,1,0,0,41,4,99
0,266.0,0.03192702308297157,296.0,3.0,272.0,8305.0,269.522727272727,9515.8330078125,36.70000076293945,3.5,16061.0498046875,20.866666793823242,3.5999999046325684,4.2833333015441895,18.683332443237305,16269.6669921875,3533.114285714286,0.7914285659790039,26.20273780822754,138.31428571428572,1374.480224609375,1964.94287109375,0.5809761881828308,977.2285714285714,1,505,1,0,0,21,4,98
0,279.0,0.06385404616594315,296.0,3.0,272.0,8029.0,271.690476190476,11564.3330078125,37.33333206176758,4.338888645172119,16586.66796875,20.653703689575195,4.066666603088379,4.292593002319336,25.08518409729004,18667.203125,3534.057142857143,0.8146904706954956,26.38892936706543,143.62857142857143,1382.0888671875,1970.2857666015625,0.5742619037628174,983.7428571428571,1,505,1,0,0,34,6,129
0,291.98535744364546,0.09806157648563385,296.0,3.0,272.0,5173.0,275.9024390243901,10405.5,34.88333511352539,3.700000047683716,17793.732421875,20.816667556762695,3.700000047683716,4.2833333015441895,30.933332443237305,15321.0,3530.657142857143,0.8177857398986816,26.4375,146.6,1375.0670166015625,1959.82861328125,0.5560476183891296,978.4857142857143,0,505,1,0,0,21,3,117
1,233.0,0.07525655627250671,296.0,3.0,272.0,4254.0,278.92499999999984,11201.5,39.266666412353516,2.2666666507720947,16269.7998046875,21.350000381469727,3.9000000953674316,4.25,24.133333206176758,16549.0,3532.8571428571427,0.8070476055145264,26.4136905670166,149.88571428571427,1370.9508056640625,1956.4857177734375,0.5629285573959351,969.8857142857142,2,497,1,0,0,42,10,89
1,279.0,0.3044469654560089,296.0,3.0,272.0,2910.0,281.89473684210515,11618.6669921875,42.983333587646484,4.300000190734863,20021.1171875,21.96666717529297,4.199999809265137,4.199999809265137,23.78333282470703,18176.0,3533.942857142857,0.8203333020210266,26.494047164916992,156.45714285714286,1375.604248046875,1964.028564453125,0.571309506893158,969.6857142857143,9,497,1,0,0,42,10,103
0,175.93651329770248,0.4173318147659302,296.0,3.0,272.0,1603.0,283.2702702702702,12503.1669921875,34.900001525878906,3.3499999046325684,16559.6171875,21.316667556762695,4.300000190734863,4.199999809265137,31.383333206176758,15286.8330078125,3531.3714285714286,0.823023796081543,26.534881591796875,158.17142857142858,1376.8065185546875,1954.228515625,0.571571409702301,969.3142857142857,3,497,1,0,0,31,14,77
0,290.0,0.0,296.0,3.0,272.0,2129.0,285.99999999999994,13893.5,37.86666488647461,4.816666603088379,17017.75,21.049999237060547,4.400000095367432,4.550000190734863,27.649999618530273,15795.1669921875,3558.114285714286,0.8163809776306152,26.451547622680664,153.57142857142858,1377.841552734375,1943.7427978515625,0.548880934715271,973.6857142857143,1,497,1,0,0,21,8,126
0,150.0,0.2428734302520752,296.0,3.0,272.0,4290.0,288.1315789473683,11640.3330078125,34.71666717529297,4.099999904632568,16660.267578125,20.600000381469727,4.0,4.25,26.066667556762695,15597.1669921875,3577.542857142857,0.8206190466880798,26.430715560913086,150.94285714285715,1382.096435546875,1901.771484375,0.4732857048511505,980.4857142857143,2,497,1,0,0,21,3,65
0,44.0,0.0,296.0,3.0,272.0,9587.0,286.9729729729728,15817.388671875,43.14999771118164,5.394444465637207,16967.033203125,20.7277774810791,4.0333333015441895,4.366666793823242,25.822221755981445,17189.27734375,3581.0857142857144,0.8301666378974915,26.519285202026367,151.82857142857142,1376.8238525390625,1881.142822265625,0.48759523034095764,979.6285714285714,4,497,1,0,0,34,14,15
0,223.0,0.4994298815727234,296.0,3.0,272.0,1252.0,275.9499999999997,12855.6669921875,37.96666717529297,5.683333396911621,16957.05078125,21.21666717529297,4.300000190734863,4.25,27.733333587646484,16813.5,3589.4285714285716,0.8255476355552673,26.574047088623047,151.37142857142857,1380.8255615234375,1808.857177734375,0.4228571653366089,981.2857142857143,5,497,1,0,0,31,20,83
0,218.0,0.5210946202278137,296.0,3.0,272.0,1403.0,275.9499999999997,13631.1669921875,36.08333206176758,6.2166666984558105,16410.849609375,21.66666603088379,4.099999904632568,4.333333492279053,37.56666564941406,16698.666015625,3589.4285714285716,0.8255476355552673,26.574047088623047,151.37142857142857,1380.8255615234375,1808.857177734375,0.4228571653366089,981.2857142857143,0,497,1,0,0,21,32,77
0,49.0,0.38768529891967773,296.0,3.0,272.0,1279.0,271.978260869565,14267.6669921875,33.25,4.766666889190674,16753.900390625,21.71666717529297,4.199999809265137,4.449999809265137,30.91666603088379,20130.0,3572.457142857143,0.8134285807609558,26.582857131958008,151.97142857142856,1379.12255859375,1756.6856689453125,0.4018809497356415,975.5142857142857,3,497,1,0,0,41,2,23
1,192.0,0.022805016487836838,296.0,3.0,293.0,2492.0,267.11331399096173,15429.77734375,32.89999771118164,2.549999952316284,21787.732421875,23.038888931274414,4.599999904632568,4.550000190734863,35.011112213134766,20765.111328125,3553.2,0.8152142763137817,26.62309455871582,150.71428571428572,1375.866455078125,1738.2572021484375,0.3545714318752289,976.4,0,476,1,0,0,41,6,83
0,147.0,0.5929304361343384,296.0,3.0,293.0,1420.0,262.5555555555552,12214.0,29.899999618530273,4.083333492279053,18935.56640625,24.58333396911621,4.599999904632568,4.550000190734863,32.08333206176758,17483.833984375,3553.7428571428572,0.8197857141494751,26.627262115478516,148.82857142857142,1381.9686279296875,1740.5999755859375,0.31380951404571533,982.6857142857143,3,476,1,0,0,31,6,55
0,,0.5381984114646912,296.0,3.0,272.0,3959.0,266.1914893617019,11734.3330078125,35.91666793823242,5.199999809265137,16441.8671875,23.71666717529297,4.199999809265137,4.550000190734863,36.03333282470703,22432.666015625,3549.7428571428572,0.8086666464805603,26.575119018554688,142.94285714285715,1373.1640625,1759.085693359375,0.3140714466571808,978.9714285714285,3,476,1,0,0,24,2,
0,182.0,0.23489168286323547,296.0,3.0,293.0,4216.0,263.5102040816324,15283.0,32.71666717529297,7.083333492279053,16428.5,22.16666603088379,4.400000095367432,4.449999809265137,42.11666488647461,17767.0,3557.457142857143,0.8135476112365723,26.61916732788086,140.22857142857143,1383.2291259765625,1783.2572021484375,0.29647618532180786,988.9714285714285,3,476,1,0,0,34,4,70
0,67.0,0.0022805016487836838,296.0,3.0,272.0,6384.0,266.59183673469363,11803.0,33.61666488647461,5.733333110809326,17673.80078125,21.316667556762695,4.0,4.4666666984558105,40.79999923706055,19977.0,3520.0857142857144,0.8066428899765015,26.620119094848633,135.94285714285715,1383.0557861328125,1808.1142578125,0.2639523446559906,990.8571428571429,5,476,1,0,0,42,1,31
0,191.0,0.16647662222385406,296.0,3.0,293.0,2704.0,267.79591836734676,13374.8330078125,33.16666793823242,3.5166666507720947,15428.466796875,20.383333206176758,3.799999952316284,4.349999904632568,39.983333587646484,15861.5,3536.6285714285714,0.7977856993675232,26.487262725830078,135.6,1387.4554443359375,1816.771484375,0.2800714373588562,992.3714285714286,2,476,1,0,0,21,7,67
0,229.0,0.4857468605041504,296.0,3.0,293.0,1507.0,273.8367346938773,12075.77734375,35.411109924316406,7.3111114501953125,16756.078125,21.327777862548828,3.799999952316284,4.199999809265137,43.49444580078125,16881.22265625,3543.4857142857145,0.793071448802948,26.45166778564453,131.31428571428572,1385.6490478515625,1834.228515625,0.23804764449596405,994.6285714285714,2,476,1,0,0,21,12,90
0,242.0,0.2759407162666321,296.0,3.0,293.0,5368.0,280.46938775510176,10928.1669921875,35.03333282470703,5.016666889190674,15716.349609375,20.366666793823242,3.799999952316284,4.183333396911621,39.266666412353516,15146.8330078125,3494.3714285714286,0.7778095006942749,26.346071243286133,128.94285714285715,1389.5115966796875,1873.085693359375,0.2135714292526245,994.4,1,476,1,0,0,31,13,92
0,244.0,0.1824401319026947,296.0,3.0,293.0,5891.0,286.6938775510202,10916.5,35.400001525878906,4.4666666984558105,15404.2998046875,19.950000762939453,3.700000047683716,4.183333396911621,32.96666717529297,15954.0,3475.8285714285716,0.7738333344459534,26.346309661865234,128.0857142857143,1391.81298828125,1898.0,0.1960476189851761,994.3428571428572,2,476,1,0,0,41,4,95
0,212.0,0.47548460960388184,296.0,3.0,293.0,11079.0,293.5714285714283,13114.5,37.41666793823242,9.316666603088379,17272.333984375,22.46666717529297,3.799999952316284,4.183333396911621,34.849998474121094,19656.833984375,3510.0285714285715,0.7747619152069092,26.24488067626953,128.45714285714286,1390.9132080078125,1918.028564453125,0.1735714226961136,995.0,0,476,1,0,0,21,4,75
0,207.0,0.15393386781215668,296.0,3.0,293.0,5203.0,299.32653061224454,12454.2783203125,35.377777099609375,4.266666889190674,16803.494140625,20.261112213134766,3.8333334922790527,4.133333206176758,41.0444450378418,16005.0,3453.1428571428573,0.7682619094848633,26.29595184326172,129.25714285714287,1394.9281005859375,1945.0,0.13059525191783905,992.9428571428572,1,476,1,0,0,21,3,94
0,234.0,0.7080957889556885,296.0,3.0,293.0,6567.0,302.59183673469363,12362.3330078125,34.33333206176758,2.5166666507720947,14331.06640625,20.549999237060547,3.700000047683716,4.083333492279053,42.91666793823242,14979.0,3384.457142857143,0.7519761919975281,26.246427536010742,132.97142857142856,1399.8648681640625,1956.028564453125,0.13457141816616058,986.9428571428572,0,476,1,0,1,21,9,86
0,327.0,0.3705815374851227,296.0,3.0,293.0,5852.0,308.3061224489793,12627.0,31.383333206176758,4.005555629730225,14684.3447265625,21.03333282470703,4.166666507720947,4.116666793823242,45.72222137451172,14708.4443359375,3365.057142857143,0.7399047613143921,26.101072311401367,133.6,1402.098876953125,1989.199951171875,0.12897618114948273,983.7142857142857,0,476,1,0,1,41,8,145
0,241.0,0.7867730855941772,296.0,3.0,293.0,5525.0,311.1428571428568,12622.0,31.566667556762695,1.7999999523162842,14141.5830078125,20.899999618530273,4.0,4.150000095367432,45.38333511352539,14465.8330078125,3323.7714285714287,0.7313571572303772,26.033214569091797,133.62857142857143,1400.8321533203125,2025.4571533203125,0.10390475392341614,981.4571428571429,2,476,1,0,1,42,8,84
0,235.0,0.7594070434570312,296.0,3.0,293.0,13502.0,308.7755102040814,12071.0,42.83333206176758,2.8499999046325684,15920.099609375,20.183332443237305,3.5999999046325684,4.083333492279053,33.88333511352539,15473.5,3298.9714285714285,0.7247857451438904,25.88249969482422,134.97142857142856,1404.9908447265625,2047.05712890625,0.10845238715410233,978.4,1,476,1,0,1,31,2,94
0,125.0,0.42873433232307434,296.0,3.0,293.0,17510.0,308.7755102040814,11460.5,36.5,2.866666555404663,15972.3662109375,20.850000381469727,3.299999952316284,4.349999904632568,39.21666717529297,16048.6669921875,3273.2571428571428,0.72730952501297,25.979642868041992,129.88571428571427,1412.95849609375,2094.05712890625,0.023476196452975273,988.5428571428571,1,476,1,0,0,31,4,46
0,168.0,0.24059292674064636,296.0,3.0,293.0,14538.0,307.2653061224487,12193.6669921875,36.33333206176758,2.0833332538604736,15878.6669921875,21.08333396911621,3.5999999046325684,4.183333396911621,41.86666488647461,15700.8330078125,3226.4,0.7222142815589905,25.955595016479492,132.4,1413.3597412109375,2099.371337890625,-0.022452378645539284,985.1428571428571,1,476,1,0,0,31,5,60
0,225.0,0.1562143713235855,296.0,3.0,293.0,11488.0,296.4897959183672,12045.0,37.25,2.9833333492279053,16108.7001953125,20.316667556762695,3.5,4.183333396911621,41.099998474121094,15134.0,3150.4,0.70804762840271,25.802143096923828,135.85714285714286,1412.3394775390625,2109.3427734375,-0.01826190948486328,977.2285714285714,0,476,1,0,0,21,3,100
0,209.0,0.2976054847240448,296.0,3.0,293.0,7907.0,292.16326530612224,12380.7216796875,36.900001525878906,3.0999999046325684,15623.3388671875,20.133333206176758,3.700000047683716,4.150000095367432,41.983333587646484,15076.8330078125,3075.5142857142855,0.7064999938011169,25.83464241027832,137.8,1409.7064208984375,2116.28564453125,-0.0284285806119442,972.3142857142857,2,476,1,0,0,21,20,82
0,194.0,0.3797035217285156,296.0,3.0,293.0,2138.0,286.3877551020406,13424.3330078125,35.20000076293945,4.050000190734863,16558.466796875,20.633333206176758,3.5999999046325684,4.150000095367432,37.03333282470703,15391.6669921875,2964.4285714285716,0.7034761905670166,25.827499389648438,140.94285714285715,1413.307861328125,2140.82861328125,-0.07378572225570679,970.8285714285714,1,476,1,0,0,31,2,82
0,218.0,0.12656784057617188,296.0,3.0,293.0,7145.0,284.42857142857116,10630.5,38.5,2.7333333492279053,14421.93359375,20.0,3.4000000953674316,4.183333396911621,41.516666412353516,15076.0,2911.4,0.7064047455787659,25.878690719604492,140.4857142857143,1420.078125,2167.60009765625,-0.10114284604787827,975.5714285714286,0,476,1,0,0,24,3,89
0,240.0,0.5062713623046875,296.0,3.0,293.0,13079.0,276.04081632653043,11855.3330078125,34.400001525878906,3.299999952316284,13814.599609375,19.91666603088379,3.9000000953674316,4.233333110809326,44.93333435058594,16110.6669921875,2867.4285714285716,0.7012618780136108,25.745119094848633,143.0857142857143,1421.4493408203125,2182.428466796875,-0.10480954498052597,973.3428571428572,0,476,1,0,0,31,12,115
0,188.0,0.2976054847240448,296.0,3.0,293.0,15362.0,272.51020408163254,12662.6669921875,38.61666488647461,3.2333333492279053,15624.06640625,20.933332443237305,4.0,4.25,42.95000076293945,15873.1669921875,2885.1714285714284,0.701452374458313,25.725238800048828,142.57142857142858,1424.04638671875,2194.0,-0.12128572911024094,974.1428571428571,1,476,1,0,0,31,20,74
0,139.0,0.2234891653060913,296.0,3.0,293.0,27627.0,272.7755102040815,12643.111328125,34.2944450378418,1.7722222805023193,15902.822265625,19.850000381469727,3.4000000953674316,4.30555534362793,45.81666946411133,17367.888671875,2933.457142857143,0.701619029045105,25.773096084594727,143.42857142857142,1428.507080078125,2210.60009765625,-0.22007142007350922,974.9714285714285,4,476,1,0,0,31,7,50
0,136.0,0.0,296.0,3.0,293.0,22877.0,276.8367346938774,13525.0,34.53333282470703,2.3333332538604736,13793.0166015625,19.866666793823242,3.700000047683716,4.349999904632568,44.66666793823242,16859.166015625,2966.6857142857143,0.6942142844200134,25.72785758972168,146.14285714285714,1423.4180908203125,2208.028564453125,-0.21630951762199402,966.9428571428572,1,476,1,0,0,31,31,49
0,210.0,0.298745721578598,296.0,3.0,293.0,14470.0,280.4897959183672,13631.0,33.483333587646484,3.5166666507720947,14309.5,19.850000381469727,3.5999999046325684,4.300000190734863,40.66666793823242,16493.666015625,2983.885714285714,0.6934285759925842,25.687379837036133,146.11428571428573,1422.335205078125,2215.771484375,-0.2450714409351349,965.8285714285714,2,476,1,0,0,31,21,76
0,159.0,0.11174458265304565,296.0,3.0,293.0,9084.0,285.3877551020406,13713.6669921875,33.766666412353516,7.133333206176758,17500.5,23.866666793823242,4.900000095367432,4.349999904632568,43.93333435058594,21700.333984375,2988.714285714286,0.6905476450920105,25.46690559387207,145.0857142857143,1422.913330078125,2224.45703125,-0.248738095164299,966.6,1,476,1,0,0,31,5,63
0,177.0,0.7867730855941772,296.0,3.0,293.0,1069.0,292.55102040816314,14485.0,37.25,2.566666603088379,14548.2333984375,19.100000381469727,3.5999999046325684,4.233333110809326,42.650001525878906,15683.3330078125,3054.1714285714284,0.6859999895095825,25.60357093811035,144.02857142857144,1423.86962890625,2251.71435546875,-0.3638094961643219,963.9428571428572,2,476,1,0,0,42,22,65
0,199.0,0.4116305708885193,296.0,3.0,293.0,3490.0,292.12244897959164,12587.888671875,42.483333587646484,2.3333332538604736,15434.466796875,23.950000762939453,4.199999809265137,4.333333492279053,40.54999923706055,17402.33203125,3019.3714285714286,0.6907380819320679,25.56035804748535,142.97142857142856,1429.578857421875,2270.685791015625,-0.38192859292030334,969.4857142857143,2,476,1,0,0,21,28,81
0,309.0,0.2839224636554718,296.0,3.0,293.0,1336.0,290.18367346938754,14402.6669921875,41.79999923706055,2.1666667461395264,21121.8828125,25.700000762939453,4.699999809265137,4.300000190734863,41.56666564941406,18420.666015625,3002.0,0.6722142696380615,25.40166664123535,146.5142857142857,1420.994140625,2257.971435546875,-0.42869046330451965,955.3714285714286,1,476,1,0,0,31,16,132
0,218.0,0.05359179154038429,296.0,3.0,293.0,1673.0,288.4081632653059,15107.6669921875,36.54999923706055,1.899999976158142,17622.8671875,20.75,3.4000000953674316,4.483333110809326,44.25,16084.6669921875,3027.114285714286,0.6681904792785645,25.34773826599121,142.8,1422.4033203125,2292.0,-0.5694523453712463,959.7428571428571,0,476,1,0,0,31,25,81
0,297.0,0.46180158853530884,296.0,3.0,293.0,4453.0,281.48979591836707,15163.0,36.599998474121094,4.199999809265137,16924.3828125,21.233333587646484,3.4000000953674316,4.5,42.68333435058594,17051.833984375,2987.6857142857143,0.6660476326942444,25.194047927856445,146.22857142857143,1420.8079833984375,2278.485595703125,-0.6592618823051453,953.1714285714286,0,476,1,0,0,31,15,110
0,258.0,0.5005701184272766,296.0,3.0,293.0,1187.0,274.12244897959164,18824.0,41.483333587646484,3.5333333015441895,23569.849609375,24.799999237060547,4.099999904632568,4.400000095367432,42.38333511352539,20203.333984375,3003.0,0.6598095297813416,25.125595092773438,145.85714285714286,1425.98193359375,2280.39990234375,-0.6904761791229248,954.3428571428572,0,476,1,0,0,31,32,103
0,278.0,0.3580387830734253,296.0,3.0,293.0,4465.0,269.5918367346937,20367.333984375,38.20000076293945,3.616666555404663,17526.25,21.483333587646484,4.699999809265137,4.550000190734863,43.43333435058594,19806.5,3066.714285714286,0.6683571338653564,25.22440528869629,147.22857142857143,1429.882080078125,2275.199951171875,-0.7522143125534058,957.9142857142857,1,476,1,0,0,31,11,103
0,173.0,0.1482326090335846,296.0,3.0,293.0,9644.0,266.65306122448953,15440.6669921875,38.016666412353516,4.516666889190674,19077.0,22.066667556762695,4.0,4.800000190734863,42.766666412353516,19336.666015625,3151.457142857143,0.6829524040222168,25.279644012451172,149.77142857142857,1436.9925537109375,2234.514404296875,-0.8518571257591248,962.9714285714285,1,476,1,0,0,21,3,70
0,167.0,0.03192702308297157,296.0,3.0,293.0,3766.0,263.93877551020387,14545.6669921875,44.86666488647461,2.6666667461395264,19049.833984375,22.233333587646484,3.700000047683716,4.599999904632568,39.95000076293945,20154.833984375,3204.0,0.692714273929596,25.428333282470703,150.11428571428573,1429.3067626953125,2205.971435546875,-0.8654761910438538,961.8857142857142,3,476,1,0,0,21,4,63
1,293.0,0.11174458265304565,296.0,3.0,293.0,5826.0,276.5918367346936,13860.3330078125,37.11666488647461,3.9833333492279053,19874.30078125,22.516666412353516,4.5,4.5,40.11666488647461,18403.333984375,3244.2285714285713,0.6919524073600769,25.414167404174805,159.37142857142857,1432.88134765625,2145.685791015625,-0.9318333268165588,954.5714285714286,0,476,1,0,0,21,25,113
0,275.0,0.6328392028808594,296.0,3.0,293.0,1279.0,284.5102040816324,13570.5,30.96666717529297,6.2833333015441895,16179.033203125,23.350000381469727,5.300000190734863,4.483333110809326,40.28333282470703,19178.5,3293.3714285714286,0.6889047622680664,25.290119171142578,163.6,1426.3157958984375,2105.857177734375,-0.9850476384162903,944.1428571428571,2,476,1,0,1,41,7,110
0,275.0,0.1425313502550125,296.0,3.0,293.0,5683.0,294.79591836734676,13795.0,30.549999237060547,4.75,14869.099609375,21.766666412353516,3.9000000953674316,4.583333492279053,47.45000076293945,16579.0,3359.2285714285713,0.6986666917800903,25.35440444946289,166.94285714285715,1434.1767578125,2081.8857421875,-1.0222618579864502,948.3714285714286,0,476,1,0,0,21,6,105
0,178.0,0.2782212197780609,296.0,3.0,293.0,1767.0,305.26530612244875,12729.2216796875,20.399999618530273,4.327777862548828,15371.8056640625,22.66666603088379,3.799999952316284,4.5333333015441895,51.06666946411133,50865.77734375,3376.457142857143,0.6900237798690796,25.35845184326172,172.17142857142858,1426.229248046875,2046.7142333984375,-1.1304285526275635,936.4285714285714,0,476,1,0,1,21,16,73
0,285.0,0.5233751535415649,296.0,3.0,293.0,1071.0,306.67346938775484,12269.6669921875,31.433332443237305,2.0,13717.31640625,20.21666717529297,4.400000095367432,4.383333206176758,47.900001525878906,14869.6669921875,3378.3714285714286,0.6843095421791077,25.25154685974121,170.17142857142858,1426.9793701171875,2051.314208984375,-1.1759761571884155,936.0,0,476,1,0,1,21,13,138
0,150.0,0.8985176682472229,296.0,3.0,293.0,1136.0,324.4081632653059,14412.5,26.100000381469727,1.8166667222976685,13310.099609375,20.100000381469727,3.700000047683716,4.416666507720947,53.5,16182.0,3478.714285714286,0.7124523520469666,25.42119026184082,170.28571428571428,1431.2037353515625,2130.742919921875,-0.6163095235824585,945.3142857142857,1,476,1,0,0,31,31,76
0,86.0,0.7400227785110474,296.0,3.0,293.0,1089.0,328.14285714285705,13653.1484375,26.953704833984375,2.131481409072876,14186.0927734375,20.212963104248047,4.455555438995361,4.390740871429443,51.57222366333008,15692.92578125,3367.057142857143,0.7298333644866943,25.40095329284668,175.42857142857142,1434.815185546875,2150.17138671875,-0.5011667013168335,946.6571428571428,0,476,1,1,0,42,11,43
0,211.0,0.45610034465789795,296.0,3.0,293.0,1080.0,329.53061224489784,12472.6669921875,27.516666412353516,2.700000047683716,13774.4833984375,20.91666603088379,4.0,4.449999809265137,47.16666793823242,15053.6669921875,3412.4285714285716,0.729190468788147,25.26011848449707,177.82857142857142,1435.1009521484375,2141.199951171875,-0.5172380805015564,943.4,2,476,1,1,0,41,10,82
0,312.0,0.9441276788711548,296.0,3.0,293.0,1075.0,329.55102040816314,14567.388671875,25.72222137451172,4.7166666984558105,16889.2109375,23.55555534362793,4.8333330154418945,4.416666507720947,46.377777099609375,23337.27734375,3389.8571428571427,0.7377142906188965,25.363096237182617,177.4,1436.9691162109375,2141.28564453125,-0.5030476450920105,946.0571428571428,0,476,1,1,0,21,13,134
0,370.0,0.8859749436378479,296.0,3.0,293.0,1039.0,328.71428571428555,13895.0,27.549999237060547,3.116666555404663,13083.5166015625,18.983333587646484,3.5999999046325684,4.483333110809326,46.83333206176758,14442.5,3405.657142857143,0.7458571195602417,25.46047592163086,179.9142857142857,1435.3487548828125,2132.3427734375,-0.49440476298332214,946.0571428571428,0,476,1,1,0,31,15,189
1,375.0,0.0,296.0,3.0,293.0,2327.0,327.12244897959164,17954.5,27.21666717529297,2.9833333492279053,14626.349609375,21.399999618530273,4.199999809265137,4.449999809265137,44.66666793823242,17088.0,3433.6285714285714,0.7749523520469666,25.747737884521484,182.45714285714286,1436.7861328125,2117.371337890625,-0.5246904492378235,950.7714285714286,1,476,1,0,1,31,18,187
0,233.0,0.704675018787384,296.0,3.0,293.0,1280.0,325.612244897959,16154.4443359375,23.7277774810791,3.694444417953491,15036.578125,20.644445419311523,3.5999999046325684,4.522222518920898,48.10555648803711,16464.22265625,3433.6285714285714,0.7749523520469666,25.747737884521484,182.45714285714286,1436.7861328125,2117.371337890625,-0.5246904492378235,950.7714285714286,1,476,1,0,1,31,8,118
0,285.0,0.6180159449577332,296.0,3.0,293.0,1410.0,324.081632653061,13254.0,23.71666717529297,4.400000095367432,15701.9833984375,21.28333282470703,3.700000047683716,4.483333110809326,48.75,16414.833984375,3461.942857142857,0.7692857384681702,25.648096084594727,181.28571428571428,1435.300537109375,2108.771484375,-0.5383095145225525,951.4857142857143,0,476,1,0,0,31,11,129
0,250.0,0.7765108346939087,296.0,3.0,293.0,1076.0,321.8367346938773,14387.888671875,26.049999237060547,2.8333332538604736,14228.7333984375,19.955556869506836,3.2666666507720947,4.449999809265137,47.93333435058594,13391.4443359375,3446.6857142857143,0.7728095054626465,25.625595092773438,186.4857142857143,1441.492919921875,2094.05712890625,-0.5227143168449402,951.6,1,476,1,0,0,31,9,124
0,257.0,0.972633957862854,296.0,3.0,293.0,1030.0,312.1632653061221,14065.3330078125,25.58333396911621,2.844444513320923,13379.1884765625,19.688888549804688,3.2666666507720947,4.472221851348877,42.85555648803711,14817.111328125,3433.542857142857,0.7888333201408386,25.681428909301758,190.65714285714284,1442.84423828125,2056.0,-0.5091904997825623,949.9714285714285,0,476,1,0,0,41,9,130
0,158.0,0.5553021430969238,296.0,3.0,293.0,1275.0,307.816326530612,11519.3330078125,28.549999237060547,3.183333396911621,14103.5,19.75,3.5,4.383333206176758,43.91666793823242,15976.0,3430.885714285714,0.7995238304138184,25.809642791748047,189.4,1441.9635009765625,2048.39990234375,-0.4685952663421631,955.0,1,476,1,0,1,31,8,61
0,172.0,0.17217788100242615,296.0,3.0,293.0,1404.0,307.816326530612,11393.4443359375,27.927778244018555,2.722222328186035,13943.4609375,19.88888931274414,3.633333444595337,4.433333396911621,45.80000305175781,16826.5,3441.8,0.7977142930030823,25.79273796081543,186.31428571428572,1437.2275390625,2056.142822265625,-0.4259999990463257,954.6571428571428,1,476,1,0,1,31,8,64
0,290.0,0.3386545181274414,296.0,3.0,293.0,1304.0,286.3877551020406,15041.0,29.266666412353516,5.150000095367432,17405.19921875,23.350000381469727,4.800000190734863,4.5,44.5,22082.333984375,3189.4,0.8201904892921448,25.82607078552246,198.37142857142857,1450.236083984375,1982.800048828125,0.35735711455345154,957.2857142857143,0,476,1,0,0,31,12,120
1,330.0,0.07183580100536346,296.0,3.0,293.0,2200.0,274.85714285714266,15968.6669921875,22.816667556762695,2.9000000953674316,13365.1669921875,20.149999618530273,4.0,4.483333110809326,47.53333282470703,31793.333984375,3039.1428571428573,0.8502143025398254,26.11571502685547,207.4857142857143,1453.0238037109375,1950.142822265625,0.7170000076293945,958.6571428571428,0,476,1,1,0,42,1,129
1,269.0,0.08323831111192703,296.0,3.0,293.0,2322.0,274.85714285714266,,,,,,,,,,3039.1428571428573,0.8502143025398254,26.11571502685547,207.4857142857143,1453.0238037109375,1950.142822265625,0.7170000076293945,958.6571428571428,0,476,1,1,0,41,32,119
0,261.0,0.3865450322628021,296.0,3.0,293.0,1068.0,271.22448979591815,16212.0,26.950000762939453,2.2166666984558105,15389.400390625,19.53333282470703,3.9000000953674316,4.583333492279053,48.53333282470703,15750.0,3089.885714285714,0.8515475988388062,25.985713958740234,207.05714285714285,1453.5330810546875,1952.4000244140625,0.7806904911994934,960.4285714285714,2,476,1,0,0,41,3,114
0,265.0,0.4948688745498657,296.0,3.0,293.0,4551.0,266.30612244897935,13022.3330078125,30.983333587646484,3.25,14128.900390625,19.700000762939453,3.5,4.5,43.93333435058594,13804.3330078125,3131.0,0.8737857341766357,26.041547775268555,205.57142857142858,1451.4073486328125,1966.6285400390625,0.8446190357208252,966.5142857142857,1,476,1,0,0,31,13,139
0,179.35494322995362,0.3249714970588684,296.0,3.0,293.0,4364.0,268.12244897959164,10866.0,30.049999237060547,3.25,15951.2001953125,21.600000381469727,4.0,4.599999904632568,41.53333282470703,17582.666015625,3177.342857142857,0.8575952649116516,25.64666748046875,204.54285714285714,1450.7225341796875,1953.7427978515625,0.748285710811615,960.5142857142857,1,476,1,0,0,21,6,76
0,314.778752934535,0.27480044960975647,296.0,3.0,293.0,1528.0,269.83673469387736,11871.888671875,26.938888549804688,3.655555486679077,16595.255859375,22.372222900390625,4.266666889190674,4.505555629730225,47.372222900390625,20271.77734375,3166.7714285714287,0.8810952305793762,26.016189575195312,210.37142857142857,1452.0958251953125,1929.05712890625,0.6590713858604431,963.2285714285714,0,476,1,0,0,31,4,143
0,158.0,0.36031925678253174,296.0,3.0,293.0,3649.0,272.1836734693876,11424.8330078125,27.850000381469727,3.4166667461395264,15181.4501953125,20.33333396911621,3.5999999046325684,4.400000095367432,44.983333587646484,16655.166015625,3193.885714285714,0.8651190400123596,25.735475540161133,206.85714285714286,1450.5599365234375,1942.7142333984375,0.6428095102310181,961.6285714285714,1,476,1,0,0,21,5,59
0,59.0,0.03762827813625336,296.0,3.0,293.0,2867.0,272.53061224489784,13030.22265625,26.038888931274414,2.7055554389953613,15872.677734375,20.96666717529297,4.166666507720947,4.583333492279053,41.605552673339844,19144.888671875,3188.3714285714286,0.8523333072662354,25.44523811340332,206.68571428571428,1455.3123779296875,1943.228515625,0.6416904926300049,958.7142857142857,0,476,1,0,0,31,3,22
0,91.0,0.6157354712486267,296.0,3.0,293.0,1068.0,281.61224489795904,12656.3330078125,28.049999237060547,2.883333444595337,15249.599609375,20.049999237060547,4.0,4.449999809265137,42.5,17531.666015625,3094.3142857142857,0.8742142915725708,25.641666412353516,218.05714285714285,1465.285888671875,1897.5428466796875,0.5194999575614929,957.7714285714286,1,476,1,1,0,42,6,34
0,356.0,0.9646522402763367,296.0,3.0,293.0,1037.0,282.5510204081631,13925.111328125,29.36111068725586,1.5833333730697632,14588.388671875,20.344444274902344,3.6666667461395264,4.383333206176758,41.71666717529297,16827.888671875,3059.0857142857144,0.8999999761581421,25.860595703125,220.71428571428572,1462.408203125,1871.6856689453125,0.3758809566497803,962.2285714285714,0,476,1,1,0,31,35,182
0,158.0,0.12428734451532364,296.0,3.0,293.0,1573.0,276.551020408163,15175.3330078125,29.600000381469727,5.266666889190674,15705.0498046875,21.450000762939453,4.5,4.433333396911621,38.33333206176758,16775.666015625,3037.885714285714,0.9241904616355896,26.026071548461914,225.11428571428573,1466.3328857421875,1850.228515625,0.2294047474861145,966.7428571428571,1,476,1,0,0,21,1,74
0,354.0,0.892816424369812,296.0,3.0,293.0,1182.0,271.0204081632651,11046.5,26.350000381469727,2.8611109256744385,14862.005859375,19.58888816833496,3.799999952316284,4.550000190734863,42.17222213745117,16706.66796875,3053.7428571428572,0.9357619285583496,25.99678611755371,223.14285714285714,1468.38671875,1852.4285888671875,0.16457141935825348,972.9428571428572,0,476,1,0,0,31,35,162
0,258.0,0.8232611417770386,296.0,3.0,293.0,1153.0,267.3061224489794,13348.6669921875,25.88888931274414,3.144444465637207,15144.533203125,20.08333396911621,3.8333332538604736,4.416666507720947,48.227779388427734,15874.6669921875,3002.8571428571427,0.949571430683136,26.11107063293457,231.94285714285715,1474.15576171875,1824.2572021484375,0.08438093960285187,971.3142857142857,0,476,1,0,0,21,35,131
0,130.0,0.049030788242816925,296.0,3.0,293.0,1954.0,263.63265306122435,12263.5556640625,30.288888931274414,2.0555553436279297,17535.10546875,21.511110305786133,3.7333333492279053,4.633333206176758,41.42777633666992,17133.5,3139.7428571428572,0.9577381014823914,26.007856369018555,218.82857142857142,1469.7921142578125,1870.4285888671875,0.0435476154088974,984.8285714285714,1,476,1,0,0,21,14,62
0,249.0,0.6351197361946106,296.0,3.0,293.0,1491.0,258.1632653061223,13224.5,27.883333206176758,4.383333206176758,17295.232421875,20.46666717529297,3.9000000953674316,4.583333492279053,42.483333587646484,20106.333984375,3049.714285714286,0.9727619290351868,26.052738189697266,226.02857142857144,1475.4150390625,1865.05712890625,-0.00983333494514227,987.6571428571428,0,476,1,0,0,21,19,125
0,288.0,0.4173318147659302,296.0,3.0,293.0,3386.0,255.1224489795917,12847.8330078125,30.25,3.1500000953674316,16983.783203125,22.116666793823242,4.300000190734863,4.683333396911621,36.016666412353516,19208.666015625,3062.057142857143,0.9952142834663391,26.210952758789062,223.6,1479.31787109375,1879.5714111328125,-0.060738056898117065,997.4857142857143,0,476,1,0,0,31,11,108
0,235.0,0.20752565562725067,296.0,3.0,293.0,4216.0,253.04081632653046,11809.5,31.149999618530273,3.366666555404663,15698.0498046875,21.133333206176758,3.799999952316284,4.483333110809326,30.866666793823242,16319.1669921875,3013.4,1.0046190023422241,26.282499313354492,227.05714285714285,1480.7515869140625,1886.4857177734375,-0.1610237956047058,996.6,1,476,1,0,0,21,10,93
0,181.0,0.6579247713088989,296.0,3.0,293.0,1598.0,252.85714285714266,11892.4443359375,34.583335876464844,2.5055556297302246,18748.34375,23.950000762939453,4.799999713897705,4.588889122009277,30.177778244018555,21532.111328125,3061.142857142857,0.9953492283821106,26.08357048034668,220.75238095238095,1479.618408203125,1908.838134765625,-0.1355396807193756,1001.8190476190476,0,476,1,0,0,21,13,79
0,206.0,0.17103762924671173,296.0,3.0,293.0,2248.0,252.55102040816303,11144.3330078125,30.46666717529297,1.5166666507720947,16847.833984375,22.16666603088379,4.099999904632568,4.683333396911621,44.5,21736.0,2995.5142857142855,1.0123095512390137,26.226547241210938,222.68571428571428,1486.826904296875,1918.7142333984375,-0.22288094460964203,1009.1428571428571,1,476,1,0,0,41,9,82
0,220.0,0.7651083469390869,296.0,3.0,293.0,1386.0,252.10204081632634,12805.3330078125,31.21666717529297,1.899999976158142,16427.466796875,22.016666412353516,4.5,4.650000095367432,37.983333587646484,20256.0,2928.5142857142855,1.0037143230438232,26.01761817932129,222.37142857142857,1490.339111328125,1943.94287109375,-0.25209522247314453,1009.6571428571428,1,476,1,0,0,21,13,85
0,241.0,0.19954389333724976,296.0,3.0,293.0,3655.0,254.5918367346937,14438.5,30.33333396911621,1.7833333015441895,19514.06640625,24.66666603088379,5.699999809265137,4.583333492279053,35.54999923706055,23547.166015625,2987.6285714285714,1.0309761762619019,26.229047775268555,211.25714285714287,1483.4674072265625,1973.7427978515625,0.003571423701941967,1025.0285714285715,0,476,1,0,0,11,9,96
0,178.0,0.4184720516204834,296.0,3.0,293.0,3979.0,252.6734693877549,13402.0,33.16666793823242,1.7833333015441895,18497.6328125,22.450000762939453,5.400000095367432,4.550000190734863,41.70000076293945,21836.333984375,2963.2,1.0673571825027466,26.47011947631836,207.37142857142857,1484.8314208984375,2012.4000244140625,0.05445237457752228,1038.4,0,476,1,0,0,21,11,79
0,189.0,0.0,296.0,3.0,293.0,5514.0,255.22448979591815,13111.6669921875,33.79999923706055,1.2333333492279053,15806.716796875,21.83333396911621,4.400000095367432,4.400000095367432,48.43333435058594,16814.666015625,2957.9714285714285,1.0952856540679932,26.638452529907227,204.22857142857143,1486.097900390625,2038.5999755859375,0.11214285343885422,1048.942857142857,1,476,1,0,0,31,9,69
0,265.0,0.3386545181274414,296.0,3.0,293.0,2702.0,256.61224489795904,15160.5,29.75,2.2666666507720947,16673.232421875,21.983333587646484,4.800000190734863,4.550000190734863,42.900001525878906,22248.333984375,2937.4,1.100000023841858,26.726070404052734,209.4,1485.7509765625,2031.028564453125,0.15402382612228394,1044.5142857142857,4,476,1,0,0,31,5,125
1,102.0,0.16647662222385406,296.0,3.0,293.0,7683.0,255.40816326530597,13804.3330078125,29.516666412353516,2.316666603088379,17326.3828125,23.46666717529297,5.0,4.7833333015441895,44.099998474121094,21135.0,2892.1428571428573,1.1194523572921753,26.72249984741211,209.0857142857143,1491.099609375,2094.371337890625,0.12054763734340668,1055.6,3,476,1,0,0,31,13,37
0,221.0,0.4583808481693268,296.0,3.0,293.0,4840.0,257.0816326530611,13138.0,27.316667556762695,3.1500000953674316,16178.7998046875,23.0,4.900000095367432,4.5333333015441895,45.03333282470703,23259.5,2907.7714285714287,1.132095217704773,26.7884521484375,207.17142857142858,1489.2720947265625,2096.28564453125,0.016190461814403534,1060.5428571428572,1,476,1,0,0,21,10,103
0,185.0,0.2759407162666321,296.0,3.0,293.0,2284.0,252.7346938775509,12677.611328125,28.288888931274414,1.6111111640930176,16087.6611328125,21.938888549804688,4.4666666984558105,4.633333206176758,46.46110916137695,19467.556640625,2841.0761904762903,1.1260554790496826,26.682222366333008,215.90476190475437,1494.911376953125,2110.8857421875,-0.09350793063640594,1054.1333333332964,2,476,1,0,0,31,14,82
0,98.0,0.4583808481693268,267.0,4.0,293.0,1100.0,255.48979591836724,13990.0,30.03333282470703,1.350000023841858,16617.19921875,21.5,4.400000095367432,4.583333492279053,45.83333206176758,20131.0,2849.114285714286,1.1474047899246216,26.802143096923828,213.45714285714286,1492.7552490234375,2125.05712890625,-0.14640475809574127,1063.1714285714286,1,476,1,0,0,41,2,45
0,203.0,0.7080957889556885,267.0,4.0,293.0,1088.0,247.3469387755101,13112.5,25.5,1.7166666984558105,16153.1337890625,21.96666717529297,4.300000190734863,4.616666793823242,47.650001525878906,19558.333984375,2794.2,1.1493571996688843,26.74571418762207,215.94285714285715,1493.923095703125,2134.771484375,-0.2231428623199463,1063.057142857143,0,476,1,0,0,31,7,73
0,226.0,0.43443557620048523,267.0,4.0,293.0,5205.0,250.91836734693865,12961.6669921875,30.266666412353516,2.1500000953674316,16746.666015625,22.100000381469727,3.9000000953674316,4.5333333015441895,45.38333511352539,20837.0,2802.0,1.1690000295639038,26.780000686645508,217.31428571428572,1493.361083984375,2145.60009765625,-0.2668095529079437,1066.6,0,476,1,0,0,31,34,84
1,221.0,0.13683010637760162,267.0,4.0,293.0,10540.0,238.95918367346925,14108.6669921875,26.649999618530273,1.649999976158142,15997.31640625,21.633333206176758,4.199999809265137,4.5333333015441895,46.900001525878906,18760.333984375,2693.285714285714,1.218500018119812,27.027023315429688,225.02857142857144,1504.0855712890625,2171.685791015625,-0.45507144927978516,1079.0285714285715,0,476,1,0,0,21,3,93
0,203.0,0.21436716616153717,267.0,4.0,293.0,2108.0,241.85714285714266,14460.5,28.71666717529297,2.6500000953674316,17427.232421875,22.316667556762695,4.300000190734863,4.633333206176758,43.71666717529297,20584.166015625,2729.8571428571427,1.2318809032440186,26.984405517578125,229.17142857142858,1498.670166015625,2174.371337890625,-0.4814285933971405,1075.2571428571428,0,476,1,0,0,21,3,71
0,158.0,0.14481185376644135,267.0,4.0,293.0,7360.0,232.89795918367335,12946.5,31.450000762939453,1.5499999523162842,19348.19921875,22.366666793823242,4.199999809265137,4.683333396911621,42.733333587646484,21425.5,2673.942857142857,1.2696905136108398,27.156904220581055,229.31428571428572,1504.9644775390625,2205.257080078125,-0.6359761953353882,1091.3142857142857,0,476,1,0,0,21,19,77
1,225.0,0.020524514839053154,267.0,4.0,293.0,3399.0,241.97959183673456,10911.0,26.200000762939453,1.3166667222976685,17705.966796875,21.266666412353516,3.799999952316284,4.633333206176758,51.78333282470703,19683.333984375,2730.8285714285716,1.2662856578826904,27.18190574645996,247.11428571428573,1517.2484130859375,2165.17138671875,-0.6404285430908203,1082.5142857142857,1,476,1,0,0,42,3,97
0,247.0,0.2519954442977905,267.0,4.0,293.0,3689.0,243.14285714285697,12850.0,26.700000762939453,0.9166666865348816,16743.033203125,21.016666412353516,3.9000000953674316,4.683333396911621,49.483333587646484,20115.666015625,2730.8285714285716,1.2662856578826904,27.18190574645996,247.11428571428573,1517.2484130859375,2165.17138671875,-0.6404285430908203,1082.5142857142857,1,476,1,0,0,41,3,109
1,163.0,0.010262257419526577,267.0,4.0,293.0,4986.0,237.7959183673468,14171.8330078125,33.016666412353516,1.2000000476837158,19208.8828125,22.366666793823242,4.199999809265137,4.849999904632568,46.21666717529297,23648.666015625,2695.4285714285716,1.3069523572921753,27.331308364868164,251.57142857142858,1504.650146484375,2192.199951171875,-0.7208333015441895,1082.6285714285714,1,476,1,0,0,31,12,58
1,211.0,0.0,267.0,4.0,293.0,3126.0,239.8163265306121,13480.0,26.733333587646484,1.850000023841858,15734.7998046875,21.549999237060547,5.300000190734863,4.583333492279053,45.33333206176758,21566.0,2719.8285714285716,1.2914047241210938,27.236665725708008,254.2,1515.409423828125,2185.199951171875,-0.7144286036491394,1081.942857142857,0,476,1,0,0,34,32,96
0,259.18022900031235,0.2622576951980591,267.0,4.0,293.0,3994.0,242.79591836734676,12656.0,28.53333282470703,3.633333444595337,21142.650390625,26.399999618530273,5.900000095367432,4.633333206176758,40.68333435058594,28055.666015625,2753.3142857142857,1.3024523258209229,27.280237197875977,252.9142857142857,1513.514404296875,2190.28564453125,-0.7028095126152039,1086.9714285714285,1,481,1,0,0,21,9,93
1,243.0,0.16419611871242523,267.0,4.0,229.0,1904.0,244.4489795918366,13465.5,26.08333396911621,0.8166666626930237,15008.150390625,21.03333282470703,4.5,4.483333110809326,48.150001525878906,19075.5,2752.4285714285716,1.2939047813415527,27.26333236694336,254.11428571428573,1518.829833984375,2179.54296875,-0.7002857327461243,1088.2285714285715,2,481,1,0,0,31,8,88
0,218.0,0.1482326090335846,267.0,4.0,293.0,6618.0,244.8571428571427,11021.0,30.83333396911621,4.916666507720947,19088.017578125,25.816667556762695,6.300000190734863,4.583333492279053,36.33333206176758,23922.166015625,2737.3142857142857,1.299285650253296,27.136308670043945,253.0857142857143,1509.06103515625,2197.39990234375,-0.6737856864929199,1087.7428571428572,1,481,1,0,0,21,3,91
0,189.0,0.5530216693878174,267.0,4.0,229.0,1128.0,246.06122448979568,14715.0,29.5,2.433333396911621,19776.25,25.5,5.400000095367432,4.683333396911621,38.233333587646484,27938.5,2862.0857142857144,1.2296428680419922,26.499048233032227,247.34285714285716,1509.9454345703125,2202.571533203125,-0.5813095569610596,1078.942857142857,1,481,1,0,0,21,3,69
0,301.0,0.13112884759902954,267.0,4.0,229.0,2123.0,243.34693877550995,13900.8330078125,30.100000381469727,1.9833333492279053,17744.267578125,23.46666717529297,4.699999809265137,4.633333206176758,38.03333282470703,24298.5,2857.9142857142856,1.2366905212402344,26.62285804748535,250.4,1513.3232421875,2194.771484375,-0.5254523754119873,1082.0,1,481,1,0,0,21,3,135
0,210.0,0.08323831111192703,267.0,4.0,229.0,2644.0,237.1836734693876,14384.5,32.81666564941406,2.933333396911621,20275.150390625,24.116666793823242,5.400000095367432,4.75,37.150001525878906,25680.5,2836.942857142857,1.2733094692230225,26.884403228759766,253.22857142857143,1509.328369140625,2200.0,-0.47833332419395447,1085.7428571428572,1,481,1,0,0,31,10,77
0,201.0,0.26681870222091675,267.0,4.0,229.0,3209.0,232.1020408163264,12543.1669921875,28.544445037841797,0.7666666507720947,16444.400390625,21.55555534362793,4.699999809265137,4.566666603088379,41.511112213134766,20543.666015625,2813.3142857142857,1.2840476036071777,26.991308212280273,255.22857142857143,1510.1807861328125,2204.0,-0.39352381229400635,1086.9142857142858,2,481,1,0,0,31,14,85
0,190.0,0.14367160201072693,267.0,4.0,229.0,4208.0,221.9183673469387,14172.3330078125,36.0,4.5333333015441895,15728.1669921875,24.649999618530273,4.900000095367432,4.733333110809326,36.58333206176758,23545.0,2725.3714285714286,1.2727380990982056,26.789644241333008,260.4,1514.7564697265625,2226.17138671875,-0.33707141876220703,1084.6857142857143,1,481,1,0,0,21,11,84
0,222.0,0.8540478944778442,267.0,4.0,229.0,2582.0,221.9183673469387,12493.1669921875,31.149999618530273,4.516666889190674,15880.75,23.799999237060547,5.099999904632568,4.666666507720947,34.04999923706055,21908.333984375,2770.0285714285715,1.2841904163360596,26.92500114440918,256.14285714285717,1509.60498046875,2231.571533203125,-0.34573808312416077,1088.7714285714285,2,481,1,0,0,21,14,83
0,101.0,0.9110604524612427,267.0,4.0,229.0,1116.0,218.55102040816328,12404.3330078125,32.849998474121094,3.4833333492279053,17066.767578125,24.25,5.400000095367432,4.5333333015441895,31.66666603088379,24021.0,2764.3714285714286,1.2649047374725342,26.72166633605957,263.7142857142857,1516.2158203125,2226.771484375,-0.27190476655960083,1082.4571428571428,0,481,1,0,0,21,3,36
1,190.0,0.0022805016487836838,267.0,4.0,229.0,4254.0,211.73469387755097,11546.6669921875,28.566667556762695,2.933333396911621,16975.466796875,23.58333396911621,5.300000190734863,4.75,35.5,21944.666015625,2677.6857142857143,1.2794286012649536,26.869644165039062,269.9714285714286,1514.848876953125,2241.28564453125,-0.2112381011247635,1078.5428571428572,3,481,1,0,0,41,14,84
1,150.0,0.12998859584331512,267.0,4.0,229.0,8229.0,206.91836734693874,12468.0,31.30000114440918,4.383333206176758,18627.8671875,24.11111068725586,5.0333333015441895,4.722222328186035,34.61111068725586,23651.66796875,2702.714285714286,1.2746905088424683,26.713571548461914,266.62857142857143,1509.383544921875,2252.142822265625,-0.21126189827919006,1078.3142857142857,0,481,1,0,0,31,7,54
0,130.0,0.42873433232307434,267.0,4.0,229.0,6359.0,203.4489795918367,13895.8330078125,32.63333511352539,5.733333110809326,19586.5,25.066667556762695,5.800000190734863,4.849999904632568,34.66666793823242,24520.166015625,2824.6857142857143,1.2559285163879395,26.562023162841797,258.14285714285717,1497.880126953125,2265.800048828125,-0.18557144701480865,1076.0,1,481,1,0,0,41,12,52
0,93.0,0.5518814325332642,267.0,4.0,229.0,2207.0,199.48979591836724,13889.8330078125,33.95000076293945,2.9666666984558105,19480.25,25.366666793823242,5.099999904632568,4.75,29.08333396911621,23794.333984375,2854.9714285714285,1.236547589302063,26.340118408203125,257.8857142857143,1501.6126708984375,2278.085693359375,-0.1804523766040802,1074.057142857143,0,481,1,0,0,21,13,33
0,98.0,0.1151653379201889,267.0,4.0,229.0,2249.0,201.79591836734681,13134.6669921875,32.150001525878906,4.2833333015441895,21129.349609375,24.799999237060547,5.300000190734863,4.733333110809326,34.5,27457.333984375,2994.6,1.205214262008667,26.128570556640625,251.4857142857143,1503.7994384765625,2257.28564453125,-0.17047618329524994,1073.9142857142858,1,481,1,0,0,21,6,35
0,104.0,0.473204106092453,267.0,4.0,229.0,4685.0,197.77551020408146,12324.8330078125,33.650001525878906,2.116666555404663,19595.900390625,24.566667556762695,5.400000095367432,4.75,32.11666488647461,23203.166015625,3101.2285714285713,1.2197856903076172,26.38809585571289,249.68571428571428,1508.8218994140625,2244.428466796875,-0.2043333351612091,1083.5714285714287,0,481,1,0,0,31,11,40
0,196.0,0.5769669413566589,267.0,4.0,229.0,5567.0,203.7142857142855,10287.5556640625,29.21666717529297,2.8777778148651123,18366.767578125,25.86111068725586,5.433333396911621,4.461111068725586,34.93888854980469,25457.666015625,3260.6285714285714,1.19778573513031,26.3030948638916,248.71428571428572,1518.873779296875,2218.17138671875,-0.1992381066083908,1083.8,1,481,1,0,0,21,9,69
0,206.0,0.40136829018592834,267.0,4.0,229.0,11160.0,207.4081632653059,12498.0,30.5,3.5,19338.416015625,28.383333206176758,5.599999904632568,4.550000190734863,32.04999923706055,28778.833984375,3345.0,1.190690517425537,26.34583282470703,249.8,1526.245361328125,2196.571533203125,-0.17435713112354279,1084.3714285714286,0,481,1,0,0,11,20,71
0,239.68887667796977,0.638540506362915,267.0,4.0,229.0,11984.0,210.61224489795893,12113.8330078125,29.066667556762695,2.7666666507720947,20233.0,27.16666603088379,6.199999809265137,4.583333492279053,31.316667556762695,28132.166015625,3350.1714285714284,1.1995476484298706,26.558452606201172,249.6,1524.6292724609375,2189.371337890625,-0.16519047319889069,1086.3714285714286,2,481,1,0,0,11,14,82
0,130.0,0.36031925678253174,267.0,4.0,229.0,9583.0,206.51020408163248,11186.1669921875,27.03333282470703,3.4166667461395264,20258.69921875,24.96666717529297,5.800000190734863,4.666666507720947,33.11666488647461,26285.666015625,3341.942857142857,1.197952389717102,26.536428451538086,250.17142857142858,1521.3516845703125,2198.199951171875,-0.1577380895614624,1082.7142857142858,1,481,1,0,0,31,3,48
0,167.0,0.22805017232894897,267.0,4.0,283.0,1840.0,207.22448979591817,12124.9443359375,27.577777862548828,0.6833333373069763,17492.216796875,23.144445419311523,4.933333396911621,4.683333396911621,38.64444351196289,22372.556640625,3357.8571428571427,1.1685476303100586,26.481666564941406,249.71428571428572,1530.813232421875,2179.0,-0.15630953013896942,1080.7142857142858,0,507,1,1,0,31,25,63
0,209.0,0.38084378838539124,267.0,4.0,283.0,1986.0,208.51020408163254,11809.0,26.883333206176758,0.7666666507720947,17746.30078125,24.183332443237305,5.599999904632568,4.7833333015441895,31.233333587646484,26143.333984375,3372.6,1.1512857675552368,26.457857131958008,248.28571428571428,1539.7919921875,2185.857177734375,-0.1630714386701584,1083.0285714285715,1,507,1,1,0,31,21,79
0,76.0,0.7103762626647949,267.0,4.0,283.0,1113.0,194.2857142857142,12825.3330078125,28.816667556762695,2.2666666507720947,17341.267578125,23.883333206176758,5.800000190734863,4.7833333015441895,36.04999923706055,24722.666015625,3446.5714285714284,1.0974047183990479,26.44631004333496,235.9142857142857,1550.46533203125,2171.371337890625,-0.4561904966831207,1087.3142857142857,1,507,1,1,0,31,6,33
1,181.0,0.09806157648563385,267.0,4.0,229.0,2789.0,172.04081632653052,13668.3330078125,25.100000381469727,3.450000047683716,16640.333984375,22.350000381469727,5.5,5.083333492279053,42.29999923706055,39179.66796875,3210.542857142857,1.0152380466461182,26.37047576904297,263.45714285714286,1606.35595703125,2022.857177734375,-0.37016668915748596,1067.2571428571428,1,481,1,1,0,42,9,65
1,151.0,0.023945268243551254,267.0,4.0,229.0,2744.0,169.22448979591832,14036.0556640625,27.700000762939453,3.8500001430511475,15615.5107421875,21.71666717529297,5.400000095367432,4.755555629730225,44.655555725097656,21692.0546875,3046.2571428571428,1.0016905069351196,26.290834426879883,274.1714285714286,1614.466064453125,1995.7427978515625,-0.4724523723125458,1057.6857142857143,0,481,1,0,0,21,35,65
1,108.0,0.06499429792165756,267.0,4.0,229.0,6265.0,166.04081632653057,15242.0,26.25,6.166666507720947,15133.06640625,22.566667556762695,5.5,4.949999809265137,40.18333435058594,23211.0,2860.714285714286,1.0034047365188599,26.353927612304688,287.51428571428573,1593.909912109375,1980.7427978515625,-0.4852142930030823,1031.9714285714285,3,481,1,1,0,41,4,51
0,2.0,0.014823260717093945,267.0,4.0,229.0,3267.0,164.89795918367344,15677.8330078125,25.877777099609375,3.644444465637207,17074.966796875,21.633333206176758,5.933333396911621,5.083333492279053,47.161109924316406,23672.388671875,2765.0285714285715,0.9934523701667786,26.319881439208984,295.7142857142857,1609.968017578125,1965.5714111328125,-0.46347618103027344,1031.6285714285714,1,481,1,1,0,42,7,1
0,151.0,0.5017103552818298,267.0,4.0,229.0,4472.0,164.1224489795918,13947.3330078125,25.483333587646484,2.9166667461395264,17846.8828125,23.149999618530273,5.800000190734863,4.7833333015441895,46.016666412353516,22068.333984375,2655.5714285714284,0.9903333187103271,26.22464370727539,293.0,1572.7413330078125,1977.085693359375,-0.44130951166152954,1016.3714285714286,4,481,1,1,0,21,6,56
0,145.0,0.0,267.0,4.0,229.0,11042.0,163.2857142857142,13613.6669921875,26.100000381469727,3.0333333015441895,15095.283203125,21.483333587646484,5.099999904632568,4.900000095367432,51.5,21887.166015625,2629.885714285714,1.0042381286621094,26.29297637939453,296.4,1569.527099609375,1964.914306640625,-0.3925238251686096,1014.4,9,481,1,0,0,31,18,50
0,32.0,0.13112884759902954,267.0,4.0,229.0,5832.0,164.4285714285713,10628.3330078125,29.816667556762695,3.383333444595337,16522.916015625,23.91666603088379,5.599999904632568,4.683333396911621,38.68333435058594,24846.5,2620.0857142857144,0.9924761652946472,26.115238189697266,293.6857142857143,1561.09326171875,1978.5714111328125,-0.41671428084373474,1009.8857142857142,6,481,1,0,0,21,17,11
0,41.0,0.42189282178878784,267.0,4.0,229.0,3298.0,162.93877551020395,10825.3330078125,26.350000381469727,4.0333333015441895,15948.533203125,24.733333587646484,6.300000190734863,4.75,42.28333282470703,25693.333984375,2602.2,0.953499972820282,25.81571388244629,296.42857142857144,1577.629150390625,1955.028564453125,-0.4160238206386566,1003.5428571428571,7,481,1,0,0,11,3,19
0,93.0,0.0672748014330864,267.0,4.0,260.0,5716.0,163.22448979591823,11372.3330078125,22.383333206176758,5.433333396911621,17476.232421875,24.433332443237305,6.099999904632568,4.849999904632568,54.58333206176758,28596.0,2563.2285714285713,0.9348809719085693,25.767379760742188,299.2,1588.925048828125,1926.771484375,-0.4551190435886383,1002.9714285714285,6,518,1,0,0,31,5,31
0,168.0,0.3226909935474396,267.0,4.0,260.0,1616.0,165.55782312924794,13067.111328125,24.411109924316406,3.472222089767456,15543.810546875,22.2277774810791,5.333333492279053,4.816666603088379,52.161109924316406,21958.111328125,2528.3714285714286,0.9494285583496094,26.07476234436035,308.51428571428573,1605.0650634765625,1907.7142333984375,-0.4721904695034027,1010.2571428571429,2,518,1,0,0,21,28,55
0,99.0,0.2565564513206482,267.0,4.0,260.0,7937.0,166.34693877551004,12297.3330078125,23.600000381469727,4.016666889190674,15944.81640625,26.41666603088379,6.199999809265137,4.849999904632568,54.53333282470703,24543.333984375,2530.6285714285714,0.9473571181297302,25.972143173217773,301.3142857142857,1578.322998046875,1918.0,-0.47852379083633423,1000.7142857142857,4,518,1,0,0,31,13,34
0,165.0,0.7377423048019409,267.0,4.0,260.0,6301.0,165.77551020408148,11072.6669921875,23.733333587646484,3.25,16699.8671875,27.16666603088379,6.800000190734863,4.683333396911621,50.56666564941406,26448.666015625,2539.0,0.8918571472167969,25.488927841186523,299.54285714285714,1584.62548828125,1904.6571044921875,-0.4876190423965454,988.9428571428572,3,518,1,0,0,21,12,62
0,75.0,0.4675028622150421,267.0,4.0,260.0,1222.0,163.87755102040802,11930.3330078125,22.883333206176758,6.233333110809326,19772.19921875,26.5,7.0,4.900000095367432,45.900001525878906,29677.666015625,2542.342857142857,0.8680952191352844,25.168928146362305,299.77142857142854,1598.5765380859375,1899.3428955078125,-0.49352380633354187,988.8571428571429,4,518,1,0,0,31,1,24
0,124.0,0.5815279483795166,267.0,4.0,260.0,3447.0,160.35374149659893,13772.4443359375,21.27777862548828,4.116666793823242,18119.1328125,25.122222900390625,6.5,4.633333206176758,52.10555648803711,27059.22265625,2534.057142857143,0.9443809390068054,26.134761810302734,308.3142857142857,1579.91748046875,1870.4285888671875,-0.5390238165855408,1000.1714285714286,1,518,1,0,0,21,1,46
0,144.0,0.8369441032409668,267.0,4.0,260.0,1470.0,154.142857142857,11732.9443359375,20.188888549804688,4.372221946716309,16626.91796875,26.261112213134766,6.366666793823242,4.650000095367432,49.5,25443.833984375,2542.7714285714287,0.94647616147995,26.177858352661133,308.0285714285714,1587.9716796875,1857.6856689453125,-0.5443571209907532,1006.2571428571429,2,518,1,0,0,21,9,48
0,71.0,0.4515393376350403,267.0,4.0,229.0,5543.0,148.5714285714285,13449.5,17.83333396911621,1.899999976158142,15928.2998046875,25.450000762939453,6.0,4.800000190734863,55.349998474121094,24946.0,2525.4,0.9742857217788696,26.49142837524414,309.9714285714286,1580.015625,1845.6856689453125,-0.5735952258110046,1007.2285714285714,3,481,1,0,0,34,7,23
0,73.0,0.5085518956184387,267.0,4.0,229.0,1462.0,143.2653061224489,10998.8330078125,17.316667556762695,3.2166666984558105,15215.0,22.600000381469727,5.900000095367432,4.800000190734863,48.25,21575.166015625,2524.0857142857144,0.9766904711723328,26.45726203918457,306.48571428571427,1567.43798828125,1854.4000244140625,-0.5765476226806641,1004.5428571428571,2,481,1,0,0,31,10,25
0,73.0,0.1413911134004593,267.0,4.0,260.0,9591.0,135.73469387755094,12081.6669921875,16.866666793823242,2.633333444595337,16880.466796875,23.366666793823242,5.5,5.050000190734863,56.04999923706055,26056.666015625,2471.0,0.984000027179718,26.49071502685547,313.0285714285714,1571.2489013671875,1853.6856689453125,-0.5464524030685425,1002.0285714285715,4,518,1,0,0,31,5,31
0,85.0,0.03990878164768219,267.0,4.0,229.0,2198.0,135.2857142857142,12472.6669921875,18.28333282470703,3.5833332538604736,15892.93359375,27.600000381469727,6.099999904632568,4.800000190734863,57.63333511352539,30440.0,2442.4285714285716,0.9816666841506958,26.55738067626953,312.0857142857143,1573.0205078125,1851.142822265625,-0.5423809289932251,1002.9428571428572,3,481,1,0,0,42,11,33
0,134.0,0.23945267498493195,267.0,4.0,229.0,4721.0,132.65306122448968,11463.0,20.16666603088379,3.700000047683716,19309.55078125,26.350000381469727,6.099999904632568,4.800000190734863,49.43333435058594,28557.5,2349.6285714285714,0.9675238132476807,26.465238571166992,324.9428571428571,1592.1510009765625,1823.7427978515625,-0.5446904301643372,997.1142857142858,2,518,1,0,0,21,29,49
1,95.0,0.060433294624090195,267.0,4.0,260.0,1787.0,132.65306122448968,10317.3330078125,22.366666793823242,4.416666507720947,16325.5498046875,23.683332443237305,5.900000095367432,4.900000095367432,41.96666717529297,20851.833984375,2301.9714285714285,0.9471190571784973,26.440834045410156,339.2857142857143,1630.624755859375,1786.1142578125,-0.5524523854255676,997.2857142857143,1,518,1,0,0,41,19,32
1,133.0,0.0,267.0,4.0,260.0,3563.0,129.93617021276583,11219.0,25.116666793823242,4.150000095367432,14025.466796875,24.08333396911621,5.5,4.683333396911621,49.599998474121094,23337.333984375,2217.2571428571428,0.9524762034416199,26.480356216430664,333.14285714285717,1595.9542236328125,1803.5714111328125,-0.5509523749351501,985.4571428571429,2,518,1,0,0,34,30,46
0,191.0,0.3101482391357422,267.0,4.0,260.0,3388.0,127.17021276595733,12575.3330078125,20.450000762939453,3.383333444595337,15578.75,26.233333587646484,6.0,4.7833333015441895,53.95000076293945,24048.166015625,2088.1714285714284,0.9327142834663391,26.359285354614258,338.8285714285714,1595.209716796875,1802.6856689453125,-0.5139047503471375,972.8285714285714,3,518,1,0,0,34,17,81
0,55.0,0.4652223587036133,267.0,4.0,229.0,1089.0,128.56410256410243,11229.0,23.08333396911621,2.633333444595337,16174.716796875,22.450000762939453,6.0,4.866666793823242,43.11666488647461,22433.166015625,2064.9714285714285,0.9226666688919067,26.311189651489258,353.54285714285714,1636.18115234375,1770.228515625,-0.5761904716491699,978.0857142857143,3,518,1,0,0,41,2,21
0,326.0,0.9509692192077637,296.0,3.0,313.0,1065.0,331.22448979591815,21415.666015625,30.0,6.650000095367432,18956.099609375,24.16666603088379,5.099999904632568,5.900000095367432,19.133333206176758,23095.333984375,1491.3428571428572,0.7477142810821533,24.86380958557129,112.11428571428571,1398.7353515625,1680.800048828125,-0.5924761891365051,965.6285714285714,0,505,1,1,0,42,27,179
0,255.0,0.5781071782112122,296.0,3.0,313.0,1237.0,330.3061224489793,22122.5,30.350000381469727,3.866666555404663,16520.017578125,23.08333396911621,4.199999809265137,5.099999904632568,26.53333282470703,20362.833984375,1525.2571428571428,0.7578333616256714,25.1492862701416,108.65714285714286,1395.6536865234375,1725.4857177734375,-0.2944047749042511,972.4857142857143,0,505,1,1,0,42,10,120
0,291.0,0.6020524501800537,296.0,3.0,313.0,1309.0,328.5714285714283,20856.333984375,29.950000762939453,2.866666555404663,15936.25,24.366666793823242,4.199999809265137,5.099999904632568,33.483333587646484,20821.666015625,1529.942857142857,0.7511666417121887,25.148452758789062,108.68571428571428,1398.4951171875,1728.7427978515625,-0.25740477442741394,972.7428571428571,0,505,1,1,0,31,13,116
0,53.14809042286827,0.6100342273712158,296.0,3.0,313.0,1187.0,324.60416666666646,18682.166015625,27.0,0.8333333134651184,15854.900390625,21.78333282470703,3.5,5.099999904632568,27.183332443237305,15918.3330078125,1588.8285714285714,0.7367143034934998,25.06571388244629,105.85714285714286,1397.7393798828125,1764.4571533203125,-0.14252381026744843,971.6857142857143,0,505,1,1,0,31,28,21
0,299.0,0.9418472051620483,296.0,3.0,313.0,1040.0,303.3404255319145,21406.666015625,26.75,2.2833333015441895,19052.466796875,23.149999618530273,4.400000095367432,5.099999904632568,32.483333587646484,19076.0,2226.6,0.6984524130821228,24.877857208251953,101.54285714285714,1383.5198974609375,1907.228515625,0.45304763317108154,963.2571428571429,0,505,1,0,1,42,2,152
0,248.0,0.5781071782112122,296.0,3.0,313.0,1426.0,298.3265306122446,17851.666015625,29.08333396911621,2.066666603088379,19171.232421875,22.950000762939453,4.099999904632568,4.800000190734863,20.816667556762695,19676.666015625,2542.657142857143,0.6923094987869263,24.978927612304688,107.51428571428572,1384.876708984375,1929.94287109375,0.5500714182853699,959.5428571428571,7,505,1,0,1,31,7,91
0,240.0,0.8677309155464172,296.0,3.0,313.0,1059.0,292.34693877550984,17189.0,29.91666603088379,2.950000047683716,20666.599609375,23.933332443237305,4.300000190734863,4.800000190734863,21.399999618530273,18007.0,2675.4,0.682357132434845,24.873332977294922,106.45714285714286,1375.2471923828125,1921.3714599609375,0.5737143158912659,954.1714285714286,0,505,1,0,1,42,4,122
0,247.0,0.932725191116333,296.0,3.0,313.0,1112.0,294.63265306122423,13211.8330078125,34.25,1.2999999523162842,16527.982421875,22.266666412353516,3.9000000953674316,4.599999904632568,21.566667556762695,17105.5,3009.5714285714284,0.6573333144187927,24.91988182067871,105.94285714285714,1374.4622802734375,1926.5714111328125,0.6412143111228943,954.0285714285715,1,505,1,0,1,31,5,116
0,184.0,0.3580387830734253,296.0,3.0,313.0,2258.0,301.53061224489767,13511.3330078125,26.633333206176758,1.8166667222976685,18519.033203125,21.049999237060547,3.799999952316284,4.650000095367432,21.799999237060547,19923.0,3023.4285714285716,0.6588095426559448,24.965951919555664,104.74285714285715,1368.902099609375,1927.4857177734375,0.6416428685188293,953.0857142857143,0,505,1,0,0,41,17,85
0,355.0,0.8232611417770386,296.0,3.0,313.0,1137.0,307.9591836734691,11554.8330078125,30.28333282470703,2.5166666507720947,15801.9169921875,20.616666793823242,3.700000047683716,4.599999904632568,21.41666603088379,17127.5,3038.9142857142856,0.6440714001655579,24.915714263916016,104.68571428571428,1380.2142333984375,1943.6285400390625,0.6571666598320007,957.0,1,505,1,0,0,21,18,145
0,235.0,0.3511972725391388,296.0,3.0,313.0,1208.0,306.53061224489767,12609.8330078125,28.683332443237305,7.7833333015441895,16820.5,21.683332443237305,4.199999809265137,4.599999904632568,35.349998474121094,18304.0,2998.4285714285716,0.6432142853736877,24.91297721862793,105.51428571428572,1380.725830078125,1887.199951171875,0.6011190414428711,956.5714285714286,1,505,1,0,0,21,25,87
0,256.75457091663844,0.6066134572029114,296.0,3.0,313.0,1145.0,306.53061224489767,10215.0,32.86666488647461,5.300000190734863,18145.099609375,21.21666717529297,3.700000047683716,4.550000190734863,30.816667556762695,18758.0,3010.942857142857,0.6325952410697937,24.787023544311523,101.6,1370.5137939453125,1900.94287109375,0.5540475845336914,952.1428571428571,1,505,1,0,0,42,4,102
0,282.0,0.7103762626647949,296.0,3.0,313.0,1111.0,304.8163265306119,13226.6669921875,34.08333206176758,4.75,17820.349609375,22.78333282470703,4.0,4.849999904632568,27.03333282470703,18043.166015625,3014.6,0.6222142577171326,24.687976837158203,101.2,1382.5648193359375,1899.0,0.5371666550636292,956.8285714285714,1,505,1,0,0,21,13,121
0,306.0,0.7263398170471191,296.0,3.0,313.0,2442.0,293.2857142857141,13364.0,33.400001525878906,4.2833333015441895,16333.5498046875,21.183332443237305,3.5999999046325684,4.800000190734863,25.816667556762695,18451.0,2993.4,0.6354285478591919,24.850238800048828,98.74285714285715,1366.9930419921875,1879.6856689453125,0.5263095498085022,955.7142857142857,2,505,1,0,0,31,8,145
0,123.65603415746297,0.6100342273712158,296.0,3.0,313.0,2405.0,285.06122448979573,12396.5,31.733333587646484,3.183333396911621,19384.55078125,22.183332443237305,3.799999952316284,4.699999809265137,25.16666603088379,22246.833984375,2981.2,0.6325714588165283,24.871665954589844,97.77142857142857,1369.177001953125,1858.857177734375,0.5112857222557068,958.9428571428572,1,505,1,0,0,42,4,64
0,,0.20410490036010742,296.0,3.0,313.0,7007.0,273.8571428571426,13924.3330078125,26.5,2.200000047683716,21251.1328125,20.616666793823242,3.4000000953674316,4.5,24.78333282470703,19378.0,2980.285714285714,0.6347857117652893,24.907499313354492,93.8,1365.11181640625,1847.3143310546875,0.48845237493515015,962.9714285714285,2,505,1,0,0,42,1,
0,,0.0,296.0,3.0,313.0,4286.0,273.8571428571426,10662.3330078125,33.849998474121094,3.116666555404663,19625.017578125,20.850000381469727,3.200000047683716,4.5,17.899999618530273,18896.0,2980.285714285714,0.6347857117652893,24.907499313354492,93.8,1365.11181640625,1847.3143310546875,0.48845237493515015,962.9714285714285,4,505,1,0,0,42,9,
0,214.0,0.4606613516807556,296.0,3.0,313.0,1211.0,269.48979591836707,10137.5,29.700000762939453,5.900000095367432,20484.482421875,21.516666412353516,3.700000047683716,4.900000095367432,27.149999618530273,19841.166015625,2966.7428571428572,0.6418095231056213,25.035356521606445,91.65714285714286,1370.2412109375,1824.3143310546875,0.42023810744285583,971.3714285714286,5,505,1,0,0,31,7,93
0,201.0,0.3990877866744995,296.0,3.0,313.0,2616.0,266.2244897959181,12915.3330078125,34.46666717529297,3.7833333015441895,20201.8671875,20.850000381469727,3.700000047683716,4.800000190734863,16.450000762939453,19454.333984375,2997.714285714286,0.647761881351471,25.19440460205078,90.14285714285714,1364.0692138671875,1813.82861328125,0.3134523928165436,972.6571428571428,4,505,1,0,0,42,5,75
0,215.0,0.18814139068126678,296.0,3.0,313.0,3325.0,263.67346938775484,14997.7783203125,33.72777557373047,7.277777671813965,21098.056640625,21.64444351196289,3.7666666507720947,4.699999809265137,20.827777862548828,22238.0,2944.342857142857,0.6459285616874695,25.198095321655273,90.48571428571428,1365.2314453125,1782.142822265625,0.25240474939346313,972.4285714285714,7,505,1,0,0,31,9,82
0,211.0,0.32611173391342163,296.0,3.0,313.0,2327.0,262.9591836734692,12369.3330078125,29.366666793823242,5.483333110809326,18022.68359375,21.116666793823242,3.5999999046325684,4.75,21.433332443237305,21021.333984375,2934.942857142857,0.6424047350883484,25.203094482421875,91.17142857142858,1370.119384765625,1763.4285888671875,0.15283331274986267,975.4,2,505,1,0,0,42,15,98
0,200.0,0.12086658924818039,296.0,3.0,313.0,3242.0,264.34693877551,14463.5,34.33333206176758,4.349999904632568,21030.6171875,21.899999618530273,3.799999952316284,4.800000190734863,15.616666793823242,21600.5,2987.657142857143,0.6534285545349121,25.296546936035156,91.14285714285714,1369.29736328125,1791.771484375,0.12652382254600525,978.5714285714286,7,505,1,0,0,21,14,89
0,204.0,0.28848347067832947,296.0,3.0,313.0,5947.0,266.0204081632651,13584.111328125,31.94999885559082,4.988889217376709,20578.111328125,22.02777671813965,3.700000047683716,4.900000095367432,17.616666793823242,22749.166015625,2955.4285714285716,0.6554047465324402,25.32345199584961,90.11428571428571,1366.26806640625,1772.971435546875,0.06990475952625275,978.6285714285714,2,505,1,0,0,31,3,78
0,292.0,0.09578107297420502,296.0,3.0,313.0,5935.0,267.1224489795917,12508.6669921875,33.78333282470703,6.333333492279053,19012.232421875,20.75,4.099999904632568,4.800000190734863,18.733333587646484,21064.5,2961.8571428571427,0.6754523515701294,25.44976234436035,99.17142857142858,1379.087890625,1822.771484375,0.0939047783613205,983.0857142857143,7,505,1,0,0,42,7,105
0,271.0,0.1151653379201889,296.0,3.0,313.0,3539.0,275.75510204081615,15588.3330078125,35.516666412353516,7.016666889190674,18770.56640625,21.933332443237305,3.9000000953674316,4.699999809265137,22.683332443237305,19439.666015625,2948.8285714285716,0.677142858505249,25.53761863708496,102.25714285714285,1376.6461181640625,1827.5142822265625,0.10788093507289886,979.6857142857143,7,505,1,0,0,21,11,96
1,80.0,0.14367160201072693,296.0,3.0,285.0,3600.0,275.6530612244897,16404.5,30.016666412353516,4.233333110809326,17899.55078125,21.66666603088379,4.400000095367432,4.816666603088379,29.350000381469727,18373.5,2898.8,0.6840476393699646,25.593334197998047,114.02857142857142,1375.7474365234375,1826.5714111328125,0.1525714248418808,970.4285714285714,0,496,1,0,0,41,23,28
0,277.0,0.8278221487998962,296.0,3.0,272.0,1072.0,267.65306122448965,9492.5,34.43333435058594,5.0,15648.3330078125,20.41666603088379,3.799999952316284,4.683333396911621,36.06666564941406,15472.8330078125,2920.457142857143,0.6859762072563171,25.465595245361328,118.88571428571429,1383.311767578125,1831.914306640625,0.17923808097839355,970.4857142857143,0,497,1,0,0,41,10,104
0,241.0,0.24059292674064636,296.0,3.0,272.0,5319.0,268.3877551020406,12981.5,32.96666717529297,5.5333333015441895,24238.5,22.450000762939453,4.599999904632568,4.599999904632568,28.16666603088379,20682.166015625,3008.885714285714,0.7267619371414185,25.70619010925293,114.8,1386.283203125,1870.6856689453125,0.18835711479187012,987.8571428571429,3,497,1,0,0,21,7,96
1,159.0,0.06955530494451523,296.0,3.0,272.0,8319.0,267.8979591836733,11606.0,36.21666717529297,4.566666603088379,18253.099609375,19.766666412353516,3.5999999046325684,4.266666889190674,26.366666793823242,18227.833984375,3180.5714285714284,0.742904782295227,25.92892837524414,125.0,1380.5462646484375,1907.3428955078125,0.3034047484397888,977.5428571428571,1,497,1,0,0,21,3,76
0,236.22450992380263,0.2976054847240448,296.0,3.0,272.0,6768.0,272.7959183673468,13495.6669921875,38.08333206176758,2.7166666984558105,16629.0,21.899999618530273,4.5,4.449999809265137,26.21666717529297,16997.333984375,3274.4285714285716,0.7458333373069763,25.969881057739258,130.02857142857144,1380.20263671875,1926.1142578125,0.42211905121803284,972.9428571428572,2,497,1,0,0,34,5,95
0,275.0,0.7149372696876526,296.0,3.0,272.0,5393.0,264.8958333333331,9882.5,33.400001525878906,5.199999809265137,16748.099609375,20.700000762939453,3.4000000953674316,4.349999904632568,25.516666412353516,16275.5,3288.4285714285716,0.7584999799728394,25.950952529907227,128.54285714285714,1383.087158203125,1911.3714599609375,0.40880951285362244,979.8,0,497,1,0,0,42,15,121
0,245.0,0.2976054847240448,296.0,3.0,272.0,2923.0,265.6086956521736,9571.6669921875,34.45000076293945,4.0,16496.267578125,19.96666717529297,3.5,4.25,25.733333587646484,15008.0,3391.8,0.7781190276145935,26.121070861816406,130.85714285714286,1382.503173828125,1928.1142578125,0.47138094902038574,985.5428571428571,2,497,1,0,0,31,4,89
0,300.0,0.46180158853530884,296.0,3.0,272.0,3717.0,265.6086956521736,12380.0,35.733333587646484,3.7166666984558105,15970.75,20.616666793823242,3.700000047683716,4.25,28.266666412353516,16112.5,3414.057142857143,0.7743809223175049,26.14023780822754,132.74285714285713,1367.8572998046875,1926.142822265625,0.5566190481185913,972.3714285714286,2,497,1,0,0,21,7,106
0,303.0,0.8950968980789185,296.0,3.0,272.0,1117.0,265.4318181818179,9898.8330078125,36.43333435058594,4.483333110809326,17298.482421875,21.03333282470703,3.5,4.25,21.299999237060547,16016.5,3446.3142857142857,0.7765952348709106,26.08380889892578,135.22857142857143,1373.142822265625,1932.8857421875,0.6224285960197449,974.4,2,505,1,0,0,41,11,109
0,181.0,0.7628278136253357,296.0,3.0,313.0,1161.0,266.348837209302,9693.6669921875,35.5,4.516666889190674,22811.0,21.450000762939453,3.4000000953674316,4.183333396911621,27.16666603088379,15269.1669921875,3464.0857142857144,0.7773809432983398,26.062618255615234,134.22857142857143,1376.724609375,1943.5428466796875,0.6345476508140564,978.8857142857142,1,505,1,0,0,42,3,72
0,250.0,0.48460662364959717,296.0,3.0,313.0,2625.0,266.90243902439,9032.0,34.733333587646484,7.050000190734863,16413.80078125,21.816667556762695,3.5999999046325684,4.2833333015441895,21.28333282470703,15818.8330078125,3493.4,0.7753333449363708,26.057737350463867,136.4,1368.1407470703125,1943.228515625,0.6421428918838501,970.3142857142857,1,505,1,0,0,21,15,93
0,219.0,0.6043329238891602,296.0,3.0,313.0,2048.0,266.179487179487,10022.1669921875,37.04999923706055,6.366666793823242,16662.833984375,21.25,3.9000000953674316,4.400000095367432,25.799999237060547,15652.3330078125,3503.0,0.7909761667251587,26.20642852783203,140.2,1373.00927734375,1943.17138671875,0.6212856769561768,974.9714285714285,0,505,1,0,0,41,6,78
1,194.0,0.2428734302520752,296.0,3.0,272.0,12966.0,269.522727272727,11909.5,33.983333587646484,3.0333333015441895,16774.30078125,20.616666793823242,3.799999952316284,4.199999809265137,19.41666603088379,17067.5,3523.8,0.8034523725509644,26.32988166809082,140.22857142857143,1375.2713623046875,1958.1142578125,0.5882856845855713,980.6857142857143,4,497,1,0,0,31,8,73
1,336.0,0.11060433089733124,296.0,3.0,272.0,6229.0,275.9024390243901,12561.5,32.63333511352539,2.2166666984558105,17243.900390625,20.633333206176758,3.799999952316284,4.300000190734863,25.83333396911621,16461.5,3530.657142857143,0.8177857398986816,26.4375,146.6,1375.0670166015625,1959.82861328125,0.5560476183891296,978.4857142857143,2,505,1,0,0,42,4,149
0,255.0,0.28050172328948975,296.0,3.0,272.0,7176.0,275.9024390243901,10703.9443359375,33.47222137451172,4.355555534362793,16911.333984375,20.10555648803711,3.299999952316284,4.133333206176758,28.483333587646484,16328.833984375,3535.942857142857,0.8163095116615295,26.402738571166992,147.54285714285714,1373.76025390625,1963.028564453125,0.583476185798645,976.4285714285714,2,505,1,0,0,41,6,91
0,267.0,0.014823260717093945,296.0,3.0,313.0,5538.0,279.29032258064507,11847.4443359375,33.27222442626953,6.25,20912.755859375,21.72222137451172,3.9000000953674316,4.27222204208374,32.42778015136719,16639.611328125,3552.2285714285713,0.8391666412353516,26.521547317504883,150.14285714285714,1380.08251953125,1987.085693359375,0.56378573179245,985.2,2,505,1,0,0,31,14,124
0,120.0,0.026225769892334938,296.0,3.0,313.0,4868.0,279.29032258064507,14081.5,35.0,1.8333333730697632,18345.900390625,20.53333282470703,3.700000047683716,4.25,30.450000762939453,17639.333984375,3552.2285714285713,0.8391666412353516,26.521547317504883,150.14285714285714,1380.08251953125,1987.085693359375,0.56378573179245,985.2,4,505,1,0,0,34,4,54
0,257.0,0.21436716616153717,296.0,3.0,272.0,2758.0,280.99999999999994,10211.5,34.45000076293945,3.133333444595337,15543.033203125,20.983333587646484,3.799999952316284,4.2833333015441895,28.049999237060547,15517.1669921875,3549.9142857142856,0.8441190719604492,26.574167251586914,154.94285714285715,1376.1944580078125,1982.3143310546875,0.5753095149993896,979.9428571428572,1,505,1,0,0,21,32,114
0,319.0,0.5746864080429077,296.0,3.0,272.0,2427.0,285.99999999999994,11993.6669921875,33.79999923706055,4.416666507720947,18479.19921875,22.0,3.9000000953674316,4.199999809265137,28.28333282470703,17926.666015625,3565.2571428571428,0.8304286003112793,26.53333282470703,154.0857142857143,1376.0693359375,1926.971435546875,0.540238082408905,977.3142857142857,1,497,1,0,0,21,25,144
0,235.0,0.5496008992195129,296.0,3.0,272.0,7937.0,286.64516129032245,11461.5,36.93333435058594,3.883333444595337,20293.43359375,22.08333396911621,3.799999952316284,4.25,29.299999237060547,16548.5,3560.3142857142857,0.8326666951179504,26.61190414428711,157.6,1374.2791748046875,1878.199951171875,0.5266428589820862,973.8,0,497,1,0,0,21,33,89
0,233.0,0.4982896149158478,296.0,3.0,272.0,6160.0,285.76666666666654,13773.0,34.650001525878906,5.833333492279053,17737.69921875,22.016666412353516,4.599999904632568,4.25,25.266666412353516,17290.666015625,3564.7428571428572,0.8326428532600403,26.5865478515625,156.62857142857143,1377.4033203125,1865.0,0.5121190547943115,977.0857142857143,1,497,1,0,0,31,13,88
0,295.0,0.5461801886558533,296.0,3.0,272.0,3547.0,278.0937499999998,11921.1669921875,39.54999923706055,5.433333396911621,17227.099609375,22.08333396911621,4.199999809265137,4.199999809265137,29.566667556762695,21048.0,3582.9714285714285,0.83304762840271,26.5721435546875,153.17142857142858,1376.337646484375,1819.0,0.49102380871772766,978.5714285714286,0,497,1,0,0,21,5,117
0,101.83150509205994,0.22462941706180573,296.0,3.0,293.0,3927.0,262.5555555555552,25954.9453125,30.177778244018555,3.2833333015441895,17849.044921875,22.544445037841797,4.5333333015441895,4.516666889190674,28.377777099609375,18410.22265625,3560.457142857143,0.8303571343421936,26.681072235107422,151.22857142857143,1382.2777099609375,1727.5999755859375,0.3918571472167969,984.1142857142858,0,476,1,0,0,31,5,35
0,233.0,0.05929304286837578,296.0,3.0,293.0,3520.0,256.8604651162788,13423.1669921875,34.849998474121094,3.25,16191.0498046875,20.433332443237305,4.099999904632568,4.449999809265137,30.116666793823242,16716.5,3565.3714285714286,0.8250476121902466,26.629880905151367,147.68571428571428,1381.198974609375,1744.4000244140625,0.3877619504928589,984.9714285714285,4,476,1,0,0,41,4,82
0,154.0,0.3033067286014557,296.0,3.0,293.0,2382.0,256.44444444444423,17075.22265625,32.31111145019531,4.611111164093018,17094.56640625,21.872222900390625,3.933333396911621,4.433333396911621,34.655555725097656,16475.111328125,3586.5142857142855,0.8388333320617676,26.704404830932617,144.88571428571427,1383.66259765625,1759.771484375,0.34426191449165344,994.8285714285714,0,476,1,0,0,21,8,56
0,205.0,0.4139110743999481,296.0,3.0,293.0,1790.0,263.5102040816324,12577.6669921875,32.91666793823242,3.75,17010.8671875,21.96666717529297,4.199999809265137,4.449999809265137,41.733333587646484,16795.666015625,3588.3714285714286,0.8207380771636963,26.638690948486328,137.68571428571428,1381.981689453125,1791.085693359375,0.29797616600990295,993.6285714285714,0,476,1,0,0,21,3,78
0,244.0,0.7217788100242615,296.0,3.0,293.0,2960.0,259.7959183673467,12131.6669921875,32.766666412353516,8.550000190734863,18643.80078125,21.600000381469727,4.0,4.449999809265137,46.79999923706055,17000.666015625,3611.6285714285714,0.8048809766769409,26.477737426757812,140.8,1384.5096435546875,1785.94287109375,0.33714285492897034,987.5714285714286,1,476,1,0,0,31,6,107
0,243.0,0.690991997718811,296.0,3.0,293.0,1164.0,273.8367346938773,12175.0,33.349998474121094,4.900000095367432,16450.650390625,21.33333396911621,3.700000047683716,4.199999809265137,39.233333587646484,15668.1669921875,3559.114285714286,0.7869523763656616,26.356904983520508,134.17142857142858,1388.838134765625,1829.228515625,0.28340476751327515,992.9142857142857,0,476,1,0,0,42,7,91
0,216.0,0.557582676410675,296.0,3.0,293.0,1091.0,282.6326530612242,12907.8330078125,33.79999923706055,9.199999809265137,18544.30078125,21.700000762939453,4.099999904632568,4.349999904632568,48.31666564941406,19660.0,3544.3142857142857,0.7824285626411438,26.325834274291992,132.4857142857143,1386.697265625,1846.6856689453125,0.22202381491661072,992.7714285714286,0,476,1,0,0,21,6,76
0,181.0,0.15279361605644226,296.0,3.0,293.0,3220.0,280.46938775510176,13241.0,32.53333282470703,9.866666793823242,16679.6328125,22.933332443237305,4.300000190734863,4.25,48.766666412353516,18903.333984375,3526.7428571428572,0.7793571352958679,26.31785774230957,134.34285714285716,1392.17138671875,1852.17138671875,0.2416904717683792,991.9428571428572,0,476,1,0,0,21,9,65
0,271.0,0.15735462307929993,296.0,3.0,293.0,13750.0,293.5714285714283,13026.6669921875,38.16666793823242,5.183333396911621,15644.400390625,20.816667556762695,3.9000000953674316,4.083333492279053,32.900001525878906,16990.0,3510.0285714285715,0.7747619152069092,26.24488067626953,128.45714285714286,1390.9132080078125,1918.028564453125,0.1735714226961136,995.0,1,476,1,0,0,31,3,142
0,125.0,0.02964652143418789,296.0,3.0,293.0,10748.0,293.5714285714283,14707.0,39.83333206176758,5.733333110809326,16232.650390625,21.049999237060547,4.0,4.150000095367432,36.21666717529297,16725.333984375,3510.0285714285715,0.7747619152069092,26.24488067626953,128.45714285714286,1390.9132080078125,1918.028564453125,0.1735714226961136,995.0,2,476,1,0,0,21,2,45
0,232.0,0.5917901992797852,296.0,3.0,293.0,2815.0,299.32653061224454,13367.3330078125,34.016666412353516,8.300000190734863,19107.267578125,22.600000381469727,3.700000047683716,4.083333492279053,46.900001525878906,20315.666015625,3464.7428571428572,0.7598571181297302,26.16880989074707,130.25714285714287,1391.4588623046875,1946.17138671875,0.17847616970539093,987.0571428571428,1,476,1,0,0,21,10,87
0,232.0,0.865450382232666,296.0,3.0,293.0,1094.0,308.7346938775506,13394.0,37.21666717529297,4.933333396911621,16557.033203125,22.950000762939453,4.199999809265137,4.083333492279053,43.849998474121094,19100.333984375,3459.4,0.7503095269203186,26.091190338134766,134.82857142857142,1396.6197509765625,1950.5714111328125,0.20588095486164093,983.6857142857143,0,476,1,1,0,11,35,106
0,305.0,0.013683009892702103,296.0,3.0,293.0,6035.0,309.7959183673466,11649.5,38.11666488647461,3.3499999046325684,15384.7666015625,20.25,3.799999952316284,4.199999809265137,31.33333396911621,15159.0,3416.8285714285716,0.7464285492897034,26.109046936035156,130.62857142857143,1393.4664306640625,1987.914306640625,0.14188094437122345,984.6857142857143,2,476,1,0,1,21,2,160
0,213.0,0.18700113892555237,296.0,3.0,293.0,2995.0,310.69387755102014,12843.6669921875,43.31666564941406,5.150000095367432,17102.416015625,22.33333396911621,3.9000000953674316,4.050000190734863,37.766666412353516,18461.0,3368.0857142857144,0.7435952425003052,26.093095779418945,133.77142857142857,1398.30126953125,2008.028564453125,0.14288096129894257,982.8285714285714,0,476,1,0,1,21,1,91
0,243.0,0.22576966881752014,296.0,3.0,293.0,15450.0,308.7755102040814,11670.5,42.04999923706055,4.366666793823242,15184.6669921875,20.75,3.700000047683716,4.099999904632568,35.68333435058594,15103.3330078125,3281.3142857142857,0.7280952334403992,26.006071090698242,135.54285714285714,1406.3897705078125,2057.45703125,0.07135713845491409,979.4,1,476,1,0,1,21,3,110
0,149.0,0.07183580100536346,296.0,3.0,293.0,13991.0,304.81632653061206,13813.5,36.56666564941406,2.450000047683716,16763.3828125,21.200000762939453,3.5999999046325684,4.2833333015441895,39.599998474121094,16225.0,3264.5142857142855,0.7307142615318298,25.966785430908203,134.6,1403.792724609375,2069.771484375,0.07778571546077728,980.0285714285715,2,476,1,0,0,42,2,53
0,204.0,0.32725200057029724,296.0,3.0,293.0,7036.0,297.8367346938774,13870.1669921875,40.18333435058594,4.550000190734863,17683.833984375,20.233333587646484,3.9000000953674316,4.199999809265137,37.88333511352539,16181.6669921875,3216.4857142857145,0.7278333306312561,25.8844051361084,138.05714285714285,1407.2509765625,2070.800048828125,0.09590474516153336,978.9714285714285,2,476,1,0,0,31,11,72
0,183.0,0.13683010637760162,296.0,3.0,293.0,8418.0,292.0408163265305,12795.3330078125,36.86666488647461,3.633333444595337,17081.68359375,20.25,3.700000047683716,4.25,41.71666717529297,18417.0,3108.6,0.7132856845855713,25.778928756713867,136.71428571428572,1412.0960693359375,2112.3427734375,0.006595228798687458,977.4857142857143,1,476,1,0,0,21,4,88
0,142.0,0.28620296716690063,296.0,3.0,293.0,9533.0,287.18367346938754,13502.5,34.83333206176758,4.449999809265137,16937.349609375,21.200000762939453,3.5999999046325684,4.300000190734863,42.54999923706055,19087.333984375,3069.714285714286,0.7137143015861511,25.764286041259766,137.62857142857143,1411.33935546875,2120.28564453125,-0.0084285419434309,976.3428571428572,1,476,1,0,0,41,7,50
0,189.0,0.20410490036010742,296.0,3.0,293.0,5069.0,286.3877551020406,12239.5,35.18333435058594,2.683333396911621,14851.349609375,19.700000762939453,3.5999999046325684,4.150000095367432,36.54999923706055,16436.0,2954.0857142857144,0.7095476388931274,25.855714797973633,141.57142857142858,1414.99755859375,2139.971435546875,-0.04092855378985405,972.8,1,476,1,0,0,21,1,69
0,67.0,0.312428742647171,296.0,3.0,293.0,3944.0,276.938775510204,10585.5,37.06666564941406,2.116666555404663,14378.150390625,22.03333282470703,3.700000047683716,4.183333396911621,43.96666717529297,19540.166015625,2881.6857142857143,0.7356428503990173,25.933095932006836,136.37142857142857,1415.369873046875,2173.371337890625,-0.00799999013543129,985.3714285714286,0,476,1,0,0,31,10,27
0,138.0,0.13226909935474396,296.0,3.0,293.0,12576.0,272.51020408163254,11982.3330078125,37.21666717529297,3.5333333015441895,14261.3837890625,19.866666793823242,3.5,4.25,44.150001525878906,16409.5,2851.885714285714,0.7097380757331848,25.798809051513672,143.2,1421.9154052734375,2178.54296875,-0.0728333368897438,975.0285714285715,1,476,1,0,0,21,3,49
0,154.0,0.419612318277359,296.0,3.0,293.0,11324.0,267.3877551020407,12370.5,34.70000076293945,3.0166666507720947,14801.650390625,19.733333587646484,3.700000047683716,4.25,45.43333435058594,14610.0,2851.8571428571427,0.7122142910957336,25.733095169067383,142.34285714285716,1416.705810546875,2182.428466796875,-0.05864286050200462,974.9714285714285,0,476,1,0,0,31,6,55
0,126.0,0.2645381987094879,296.0,3.0,293.0,23092.0,266.89795918367344,18155.666015625,39.400001525878906,2.616666555404663,17369.68359375,20.08333396911621,4.099999904632568,4.300000190734863,34.766666412353516,17890.666015625,2908.4857142857145,0.7214285731315613,25.79464340209961,134.57142857142858,1403.7926025390625,2221.0,-0.08959522843360901,975.2,0,476,1,0,0,31,21,45
0,250.0,0.5826681852340698,296.0,3.0,293.0,21467.0,276.8367346938774,14138.1669921875,33.28333282470703,3.049999952316284,14023.5830078125,20.066667556762695,4.199999809265137,4.300000190734863,44.56666564941406,17093.833984375,2935.4,0.7031905055046082,25.71904754638672,144.05714285714285,1422.068115234375,2204.60009765625,-0.16216666996479034,970.0,3,476,1,0,0,41,5,93
0,88.0,0.0877993181347847,296.0,3.0,293.0,17813.0,280.4897959183672,15235.0,33.68333435058594,5.150000095367432,14513.4501953125,20.0,4.400000095367432,4.349999904632568,43.483333587646484,20456.5,2963.457142857143,0.7028571367263794,25.69095230102539,144.45714285714286,1423.5234375,2216.514404296875,-0.21030955016613007,970.6,2,476,1,0,0,24,29,32
0,123.0,0.08323831111192703,296.0,3.0,293.0,13197.0,280.55102040816314,14108.5,36.21666717529297,2.5833332538604736,16167.4501953125,21.0,4.400000095367432,4.449999809265137,43.099998474121094,19839.666015625,2922.542857142857,0.698119044303894,25.51119041442871,146.68571428571428,1425.8316650390625,2194.45703125,-0.15290476381778717,968.9428571428572,1,476,1,0,0,31,15,47
0,250.0,0.2827822268009186,296.0,3.0,293.0,15246.0,285.0612244897958,14029.3330078125,32.61666488647461,4.016666889190674,14815.3330078125,19.75,3.5,4.349999904632568,41.81666564941406,16146.6669921875,2958.942857142857,0.6973571181297302,25.56166648864746,145.17142857142858,1425.494384765625,2225.142822265625,-0.26923811435699463,969.1142857142858,2,476,1,0,0,31,22,91
0,255.0,0.20638540387153625,296.0,3.0,293.0,13812.0,289.34693877551007,15015.1669921875,37.29999923706055,1.7166666984558105,15917.216796875,22.0,3.700000047683716,4.383333206176758,42.91666793823242,16879.166015625,2920.714285714286,0.6979285478591919,25.49071502685547,147.4,1426.178955078125,2210.742919921875,-0.2586904764175415,968.0571428571428,7,476,1,0,0,31,15,100
0,309.0,0.0,296.0,3.0,293.0,4695.0,289.1020408163264,14241.8330078125,38.79999923706055,3.3333332538604736,18527.533203125,22.28333282470703,3.799999952316284,4.583333492279053,41.68333435058594,17054.0,2942.285714285714,0.6853571534156799,25.43083381652832,148.88571428571427,1431.4044189453125,2238.0,-0.37771427631378174,965.1142857142858,0,476,1,0,0,34,24,146
0,205.0,0.7616875767707825,296.0,3.0,293.0,1030.0,289.0204081632651,13313.8330078125,37.36666488647461,2.566666603088379,14709.68359375,19.950000762939453,3.5,4.2833333015441895,47.150001525878906,15619.0,2936.0285714285715,0.6771904826164246,25.332975387573242,150.14285714285714,1424.546142578125,2230.71435546875,-0.40321430563926697,956.7142857142857,0,476,1,0,0,42,24,93
0,362.0,0.6316989660263062,296.0,3.0,293.0,3153.0,281.0408163265304,14587.6669921875,38.20000076293945,4.016666889190674,15765.6669921875,21.366666793823242,3.5999999046325684,4.483333110809326,42.79999923706055,15864.6669921875,2935.4,0.6681904792785645,25.163570404052734,149.37142857142857,1421.6953125,2234.54296875,-0.5738571286201477,951.6857142857143,0,476,1,0,0,31,16,156
0,273.0,0.298745721578598,296.0,3.0,293.0,2460.0,274.12244897959164,15059.3330078125,38.20000076293945,3.200000047683716,17389.3671875,20.66666603088379,3.5,4.633333206176758,40.983333587646484,19292.666015625,3008.9142857142856,0.6682618856430054,25.218570709228516,149.94285714285715,1427.3944091796875,2251.05712890625,-0.7332857251167297,954.3142857142857,1,476,1,0,0,31,22,103
0,224.0,0.023945268243551254,296.0,3.0,293.0,1513.0,271.73469387755085,17518.333984375,36.18333435058594,2.450000047683716,23393.18359375,22.616666793823242,4.0,4.699999809265137,44.06666564941406,20809.166015625,3072.7714285714287,0.6858571171760559,25.33845329284668,150.4857142857143,1428.2230224609375,2224.257080078125,-0.8496428728103638,959.1142857142858,2,476,1,0,0,31,6,104
0,181.0,0.15279361605644226,296.0,3.0,293.0,8286.0,269.81632653061206,14364.0,38.08333206176758,4.233333110809326,18136.267578125,21.066667556762695,3.700000047683716,4.633333206176758,40.25,19382.833984375,3131.3142857142857,0.6860714554786682,25.314285278320312,157.2,1431.5360107421875,2186.771484375,-0.8941190242767334,954.0285714285715,2,476,1,0,0,21,6,71
0,261.0,0.6602052450180054,296.0,3.0,293.0,11541.0,271.8979591836733,13681.5,35.849998474121094,5.2166666984558105,17805.900390625,23.866666793823242,5.699999809265137,4.5,41.766666412353516,20366.0,3167.5142857142855,0.6807143092155457,25.23988151550293,158.11428571428573,1428.5926513671875,2166.228515625,-0.9055476188659668,948.7714285714286,0,476,1,0,1,31,21,99
0,194.0,0.516533613204956,296.0,3.0,293.0,1186.0,281.9387755102038,13556.0,34.16666793823242,4.650000095367432,17003.06640625,21.53333282470703,3.700000047683716,4.599999904632568,41.900001525878906,17465.333984375,3238.3142857142857,0.6901904940605164,25.33571434020996,160.9142857142857,1425.9237060546875,2134.771484375,-0.9543095231056213,947.7428571428571,2,476,1,0,0,41,2,73
0,271.0,0.5929304361343384,296.0,3.0,293.0,3535.0,290.5306122448978,12959.6669921875,23.83333396911621,9.566666603088379,17255.30078125,25.100000381469727,4.900000095367432,4.583333492279053,50.31666564941406,21209.0,3371.8571428571427,0.6744285821914673,25.02452278137207,166.28571428571428,1418.7646484375,2071.142822265625,-0.9827619194984436,931.3428571428572,0,476,1,0,1,21,7,108
0,335.0,0.24629418551921844,296.0,3.0,293.0,7767.0,301.9999999999997,14229.5,32.599998474121094,3.5,23269.400390625,25.28333282470703,4.400000095367432,4.699999809265137,43.5,19207.0,3387.1714285714284,0.6975476145744324,25.306785583496094,167.05714285714285,1432.6593017578125,2074.685791015625,-1.0474286079406738,946.6571428571428,1,476,1,0,0,21,2,139
0,224.0,0.7628278136253357,296.0,3.0,293.0,1806.0,305.26530612244875,12978.5,28.850000381469727,3.9666666984558105,16053.099609375,20.46666717529297,3.9000000953674316,4.400000095367432,46.54999923706055,17609.5,3383.657142857143,0.6939047574996948,25.39642906188965,171.94285714285715,1425.24853515625,2049.3427734375,-1.0931190252304077,937.9428571428572,1,476,1,0,1,31,15,95
0,197.0,0.6830102801322937,296.0,3.0,293.0,1080.0,318.57142857142827,13953.6669921875,29.866666793823242,3.0333333015441895,13404.2998046875,19.116666793823242,3.5,4.483333110809326,47.56666564941406,16857.833984375,3438.714285714286,0.6864047646522522,25.25273895263672,175.02857142857144,1431.21142578125,2024.4571533203125,-1.1788095235824585,934.4,0,476,1,0,1,21,15,99
1,231.0,0.2428734302520752,296.0,3.0,293.0,1322.0,326.0204081632651,16350.8330078125,29.78333282470703,2.566666603088379,14075.783203125,20.266666412353516,3.799999952316284,4.633333206176758,50.54999923706055,16465.166015625,3553.2,0.7145952582359314,25.36488151550293,171.37142857142857,1436.4482421875,2111.428466796875,-0.6542142629623413,947.9428571428572,1,476,1,0,0,42,10,114
1,109.23240606816519,0.28050172328948975,296.0,3.0,293.0,2435.0,325.816326530612,14752.1669921875,27.483333587646484,2.133333444595337,13000.650390625,20.566667556762695,3.700000047683716,4.483333110809326,52.45000076293945,14655.1669921875,3505.5142857142855,0.7213095426559448,25.397619247436523,175.54285714285714,1432.846923828125,2129.39990234375,-0.47999998927116394,943.5142857142857,1,476,1,0,0,31,1,56
0,275.6316856749582,0.7708095908164978,296.0,3.0,293.0,1482.0,326.4693877551018,14299.6669921875,26.700000762939453,1.850000023841858,13270.56640625,19.46666717529297,3.200000047683716,4.383333206176758,52.099998474121094,13986.3330078125,3495.5142857142855,0.7215238213539124,25.373214721679688,175.31428571428572,1431.26123046875,2131.628662109375,-0.47130951285362244,942.6571428571428,0,476,1,1,0,21,15,140
0,340.0,0.879133403301239,296.0,3.0,293.0,1049.0,327.551020408163,13562.1669921875,25.83333396911621,4.550000190734863,17210.533203125,24.53333282470703,4.800000190734863,4.400000095367432,47.266666412353516,25526.333984375,3459.4285714285716,0.7218809723854065,25.254047393798828,176.28571428571428,1432.456298828125,2135.8857421875,-0.48671427369117737,942.6571428571428,0,476,1,1,0,11,12,163
0,375.0,0.2018243968486786,296.0,3.0,293.0,1425.0,329.2857142857142,12602.833984375,25.933332443237305,2.944444417953491,13879.6171875,19.933334350585938,4.099999904632568,4.4277777671813965,49.17222213745117,15239.666015625,3411.7714285714287,0.7254047393798828,25.24869155883789,176.8,1435.310791015625,2140.914306640625,-0.5072618722915649,945.5142857142857,1,476,1,1,0,31,26,174
0,270.0,0.9692132472991943,296.0,3.0,293.0,1049.0,328.59183673469363,11827.5,24.700000762939453,4.416666507720947,14113.650390625,20.049999237060547,3.4000000953674316,4.383333206176758,47.71666717529297,18274.166015625,3422.9142857142856,0.734666645526886,25.335596084594727,180.31428571428572,1439.0025634765625,2129.17138671875,-0.538095235824585,944.9142857142857,0,476,1,1,0,21,12,138
0,181.0,0.31470924615859985,296.0,3.0,293.0,2183.0,327.9387755102038,12710.6669921875,24.33333396911621,3.0333333015441895,14486.2998046875,20.600000381469727,3.200000047683716,4.599999904632568,48.900001525878906,14420.3330078125,3413.9142857142856,0.7518571615219116,25.531070709228516,182.42857142857142,1437.481689453125,2125.54296875,-0.5279523730278015,946.7142857142857,1,476,1,1,0,31,2,92
0,340.0,0.4139110743999481,296.0,3.0,293.0,1217.0,326.4897959183671,14235.0,27.316667556762695,2.75,14575.033203125,20.58333396911621,3.799999952316284,4.5,45.43333435058594,14706.6669921875,3456.657142857143,0.7665476202964783,25.556547164916992,186.34285714285716,1439.35595703125,2099.39990234375,-0.5156905055046082,946.8571428571429,5,476,1,0,0,31,21,145
0,250.0,0.6624857187271118,296.0,3.0,293.0,1187.0,316.89795918367327,14441.3330078125,27.649999618530273,3.4166667461395264,14329.06640625,19.799999237060547,3.5,4.449999809265137,42.483333587646484,14798.3330078125,3471.2,0.7769761681556702,25.573808670043945,188.17142857142858,1440.3848876953125,2078.3427734375,-0.5269761681556702,949.6285714285714,1,476,1,0,0,21,3,127
0,178.0,0.42987456917762756,296.0,3.0,293.0,2341.0,307.816326530612,18515.166015625,29.799999237060547,5.800000190734863,14692.2001953125,20.399999618530273,3.5999999046325684,4.383333206176758,39.70000076293945,16058.6669921875,3426.2,0.8061428666114807,25.82607078552246,190.88571428571427,1446.62548828125,2027.4000244140625,-0.3453333377838135,957.3714285714286,0,476,1,0,0,21,9,77
1,91.0,0.7366020679473877,296.0,3.0,293.0,1157.0,292.40816326530603,16905.0,29.649999618530273,4.366666793823242,15216.2666015625,20.899999618530273,3.299999952316284,4.599999904632568,39.483333587646484,19386.333984375,3366.2571428571428,0.8058809638023376,25.710596084594727,194.9142857142857,1449.349853515625,2003.4571533203125,-0.10583334416151047,956.6857142857143,4,476,1,0,0,42,4,33
0,72.0,0.2827822268009186,296.0,3.0,293.0,1555.0,285.73469387755085,11767.3330078125,28.08333396911621,1.9666666984558105,14402.3330078125,20.450000762939453,3.5999999046325684,4.300000190734863,36.516666412353516,14923.3330078125,3250.457142857143,0.8157142996788025,25.726072311401367,201.05714285714285,1458.5301513671875,1977.6571044921875,0.16123810410499573,958.7714285714286,0,476,1,0,0,21,1,27
1,233.0,0.01254275906831026,296.0,3.0,293.0,3107.0,275.55102040816314,17180.166015625,22.616666793823242,3.3499999046325684,16172.5,20.433332443237305,3.5,4.483333110809326,54.78333282470703,17036.5,3065.114285714286,0.8613571524620056,26.09107208251953,212.68571428571428,1459.4781494140625,1934.914306640625,0.6798571348190308,959.9428571428572,0,476,1,1,0,42,16,110
0,302.0,0.8859749436378479,296.0,3.0,293.0,1140.0,272.4897959183672,14274.5,23.366666793823242,3.0999999046325684,15801.18359375,20.683332443237305,3.4000000953674316,4.483333110809326,47.400001525878906,15722.5,3074.9142857142856,0.8546428680419922,25.986547470092773,213.4,1461.8876953125,1936.7142333984375,0.7506666779518127,958.7714285714286,0,476,1,0,0,31,35,154
0,282.0,0.37400227785110474,296.0,3.0,293.0,3193.0,268.9795918367345,12812.7783203125,28.161109924316406,3.4666666984558105,14975.8828125,20.166667938232422,3.933333396911621,4.472221851348877,45.60000228881836,15863.888671875,3105.9714285714285,0.8619047403335571,25.962142944335938,210.54285714285714,1453.723876953125,1948.05712890625,0.8009285926818848,960.9714285714285,0,476,1,0,0,41,14,127
0,218.0,0.6088939309120178,296.0,3.0,293.0,8717.0,270.83673469387736,12056.0,28.383333206176758,2.366666555404663,14438.6337890625,19.91666603088379,3.700000047683716,4.400000095367432,43.349998474121094,16247.3330078125,3120.5142857142855,0.8830714225769043,26.06142807006836,211.8,1459.8660888671875,1946.199951171875,0.7500476241111755,966.1142857142858,0,476,1,0,0,31,12,112
0,223.0,0.07525655627250671,296.0,3.0,293.0,1577.0,269.83673469387736,14594.5,24.78333282470703,4.983333110809326,17995.599609375,21.733333587646484,4.099999904632568,4.5,48.5,17910.166015625,3166.7714285714287,0.8810952305793762,26.016189575195312,210.37142857142857,1452.0958251953125,1929.05712890625,0.6590713858604431,963.2285714285714,1,476,1,0,0,21,2,87
0,255.0,0.7069555521011353,296.0,3.0,293.0,1155.0,272.1836734693876,15158.3330078125,29.383333206176758,6.050000190734863,17647.0,24.149999618530273,4.800000190734863,4.483333110809326,39.83333206176758,21609.333984375,3170.057142857143,0.8697381019592285,25.867977142333984,210.68571428571428,1452.45166015625,1927.7427978515625,0.6646904945373535,960.3714285714286,0,476,1,0,0,11,20,98
0,372.0,0.9418472051620483,296.0,3.0,293.0,1065.0,276.4285714285712,12269.1669921875,27.183332443237305,1.4500000476837158,14637.5166015625,20.700000762939453,4.199999809265137,4.400000095367432,38.38333511352539,18580.666015625,3111.714285714286,0.8799999952316284,25.82880973815918,217.8,1458.2362060546875,1910.2857666015625,0.6069047451019287,960.0,1,476,1,0,0,31,13,187
0,194.0,0.6408209800720215,296.0,3.0,293.0,1185.0,276.4285714285712,12395.111328125,27.200000762939453,2.6111111640930176,14193.9560546875,20.0222225189209,3.799999952316284,4.516666889190674,42.633331298828125,16120.0,3086.3142857142857,0.8964762091636658,25.97083282470703,219.42857142857142,1461.7728271484375,1909.971435546875,0.4384523928165436,964.0,1,476,1,0,0,21,10,91
0,254.0,0.5781071782112122,296.0,3.0,293.0,1128.0,278.97959183673447,13779.5,26.483333587646484,2.866666555404663,15882.033203125,21.683332443237305,4.800000190734863,4.650000095367432,46.766666412353516,23045.833984375,3080.457142857143,0.8743571639060974,25.616905212402344,218.8,1464.7852783203125,1897.7427978515625,0.49488094449043274,956.8285714285714,1,476,1,0,0,31,10,129
0,176.0,0.17331813275814056,296.0,3.0,293.0,1336.0,279.5918367346937,12406.8330078125,26.600000381469727,3.5,16448.56640625,21.133333206176758,3.9000000953674316,4.650000095367432,45.599998474121094,16958.666015625,3058.057142857143,0.8952142596244812,25.75749969482422,220.85714285714286,1461.986572265625,1881.7427978515625,0.40738096833229065,959.6285714285714,2,476,1,0,0,21,6,78
1,159.0,0.41619154810905457,296.0,3.0,293.0,1606.0,277.71428571428544,11509.6669921875,24.649999618530273,3.5166666507720947,15304.533203125,20.816667556762695,3.5999999046325684,4.599999904632568,44.46666717529297,15793.6669921875,3013.3714285714286,0.9129523634910583,25.897619247436523,222.65714285714284,1465.484130859375,1881.771484375,0.26680952310562134,965.6857142857143,0,476,1,0,0,41,6,66
0,170.0,0.23261117935180664,296.0,3.0,293.0,3475.0,272.42857142857116,11979.6669921875,25.200000762939453,2.5166666507720947,15480.8330078125,20.433332443237305,4.0,4.5,47.983333587646484,18207.166015625,2992.9714285714285,0.9233095049858093,25.856548309326172,228.05714285714285,1469.3826904296875,1850.94287109375,0.18407145142555237,965.9142857142857,1,476,1,0,0,21,6,64
0,164.0,0.17103762924671173,296.0,3.0,293.0,1395.0,267.24489795918345,14280.5,23.350000381469727,2.866666555404663,14861.68359375,20.149999618530273,4.099999904632568,4.583333492279053,49.45000076293945,16152.8330078125,2947.457142857143,0.9439762234687805,26.01892852783203,232.68571428571428,1471.9224853515625,1826.199951171875,0.05716666951775551,970.0,1,476,1,0,0,21,3,63
0,295.0,0.8232611417770386,296.0,3.0,293.0,1164.0,267.3061224489794,13331.6669921875,25.866666793823242,2.9000000953674316,15070.9501953125,20.066667556762695,3.799999952316284,4.400000095367432,47.70000076293945,15843.0,3002.8571428571427,0.949571430683136,26.11107063293457,231.94285714285715,1474.15576171875,1824.2572021484375,0.08438093960285187,971.3142857142857,1,476,1,0,0,21,35,149
0,260.0,0.35461801290512085,296.0,3.0,293.0,3055.0,260.69387755102025,13467.72265625,28.155555725097656,4.027777671813965,17604.693359375,24.2277774810791,5.0333333015441895,4.672222137451172,43.43888854980469,21790.166015625,2986.4285714285716,0.9797142744064331,26.17226219177246,231.8,1475.087890625,1841.4857177734375,-0.011190474033355713,982.8,1,476,1,0,0,31,10,100
0,262.0,0.3375142514705658,296.0,3.0,293.0,1716.0,255.7959183673468,13492.5,24.53333282470703,3.2333333492279053,16435.150390625,21.83333396911621,4.599999904632568,4.583333492279053,45.96666717529297,22170.666015625,2999.1714285714284,0.9986190795898438,26.292142868041992,228.05714285714285,1477.210205078125,1857.3428955078125,-0.051928576081991196,993.3428571428572,2,476,1,0,0,31,14,118
0,163.0,0.14709235727787018,296.0,3.0,293.0,3992.0,252.24489795918353,13372.3330078125,34.13333511352539,7.266666889190674,18585.93359375,23.233333587646484,4.5,4.650000095367432,41.516666412353516,22194.666015625,2994.285714285714,1.0013333559036255,26.206071853637695,231.14285714285714,1480.4613037109375,1870.05712890625,-0.09609522670507431,991.6,0,476,1,0,0,21,5,83
1,269.0,0.3181299865245819,296.0,3.0,293.0,4492.0,249.93877551020393,12095.6669921875,31.133333206176758,1.9666666984558105,15448.6337890625,21.133333206176758,4.0,4.483333110809326,39.31666564941406,16210.3330078125,2972.0,1.010095238685608,26.28523826599121,229.77142857142857,1484.7923583984375,1891.7142333984375,-0.1755238026380539,998.6285714285714,0,476,1,0,0,42,5,103
0,156.0,0.0,296.0,3.0,293.0,6616.0,249.3265306122447,12419.3330078125,36.54999923706055,2.1500000953674316,17687.099609375,21.41666603088379,4.0,4.733333110809326,39.38333511352539,20068.833984375,2941.0857142857144,1.0175000429153442,26.21202278137207,231.4857142857143,1482.4659423828125,1905.7427978515625,-0.2496904730796814,999.6857142857143,0,476,1,0,0,42,8,60
0,208.0,0.0,296.0,3.0,293.0,2777.0,252.55102040816303,11259.0,28.41666603088379,1.0666667222976685,17612.55078125,22.233333587646484,4.5,4.849999904632568,40.46666717529297,19110.666015625,2942.942857142857,1.0126667022705078,26.13190460205078,223.77142857142857,1486.354248046875,1932.5999755859375,-0.25450003147125244,1007.9142857142857,1,476,1,0,0,31,9,77
0,244.0,0.37628278136253357,296.0,3.0,293.0,1318.0,248.89795918367327,11120.1669921875,28.399999618530273,1.4833333492279053,16347.93359375,22.58333396911621,4.800000190734863,4.883333206176758,39.233333587646484,19343.666015625,2873.1714285714284,1.017619013786316,26.100833892822266,225.2,1494.510009765625,1955.4571533203125,-0.3045238256454468,1013.6571428571428,2,476,1,0,0,31,18,102
0,214.0,0.007981755770742893,296.0,3.0,293.0,1902.0,249.57142857142833,13117.3330078125,29.049999237060547,0.8500000238418579,18146.55078125,21.266666412353516,4.900000095367432,4.683333396911621,44.54999923706055,18313.666015625,2864.2285714285713,1.0326905250549316,26.257858276367188,222.31428571428572,1492.8431396484375,1973.6856689453125,-0.22342857718467712,1020.3714285714286,2,476,1,0,0,41,8,79
0,293.0,0.664766252040863,296.0,3.0,293.0,1642.0,252.6734693877549,15622.9443359375,29.572221755981445,1.0666667222976685,15835.072265625,21.83888816833496,4.300000190734863,4.550000190734863,44.488887786865234,18027.0,2880.342857142857,1.0761666297912598,26.551071166992188,213.65714285714284,1484.207763671875,2029.8857421875,0.007166662253439426,1035.2,1,476,1,0,0,42,8,123
0,123.0,0.38996580243110657,296.0,3.0,293.0,7352.0,251.44897959183652,13968.6669921875,33.93333435058594,0.7666666507720947,16186.400390625,20.899999618530273,4.0,4.4666666984558105,43.11666488647461,18363.666015625,2852.8,1.0914762020111084,26.596786499023438,211.94285714285715,1486.908447265625,2068.8857421875,-0.007857113145291805,1043.6857142857143,2,476,1,0,0,31,7,60
0,157.0,0.27251994609832764,296.0,3.0,293.0,3841.0,254.16326530612227,14611.3330078125,29.933332443237305,1.5666667222976685,17632.56640625,21.850000381469727,4.400000095367432,4.550000190734863,45.400001525878906,19970.0,2851.3142857142857,1.111380934715271,26.633928298950195,208.57142857142858,1488.6688232421875,2124.1142578125,0.09161903709173203,1053.7428571428572,3,476,1,0,0,41,4,64
0,72.0,0.014823260717093945,296.0,3.0,293.0,6037.0,255.40816326530597,15480.77734375,29.36111068725586,2.288888931274414,17272.216796875,23.05555534362793,4.633333206176758,4.5333333015441895,46.07222366333008,21209.888671875,2865.7428571428572,1.1248809099197388,26.757619857788086,210.11428571428573,1489.1104736328125,2108.485595703125,0.089452363550663,1055.2571428571428,0,476,1,0,0,41,19,38
0,294.0,0.473204106092453,296.0,3.0,293.0,4588.0,252.46938775510188,13524.0,28.96666717529297,2.066666603088379,19294.19921875,21.566667556762695,4.599999904632568,4.5333333015441895,47.08333206176758,21494.0,2812.1428571428573,1.1327142715454102,26.6872615814209,214.94285714285715,1489.1103515625,2145.05712890625,-0.10747618228197098,1053.3714285714286,0,476,1,0,0,31,10,146
0,206.0,0.13797035813331604,296.0,3.0,293.0,3300.0,249.7346938775509,14670.0,30.5,1.1833332777023315,18611.267578125,21.46666717529297,4.099999904632568,4.5333333015441895,47.483333587646484,20705.666015625,2781.342857142857,1.1371190547943115,26.650238037109375,215.82857142857142,1497.3623046875,2173.94287109375,-0.28026190400123596,1059.3428571428572,1,476,1,0,0,21,11,78
0,146.0,0.28164196014404297,296.0,3.0,293.0,3815.0,246.12244897959178,13686.5,26.616666793823242,1.3333333730697632,19572.44921875,21.450000762939453,4.5,4.483333110809326,51.61666488647461,19453.0,2726.057142857143,1.1469523906707764,26.73285675048828,219.6,1495.083740234375,2164.857177734375,-0.3231428563594818,1057.5714285714287,1,476,1,0,0,42,6,55
0,204.0,0.5610034465789795,267.0,4.0,293.0,1490.0,241.91836734693877,14299.6669921875,28.683332443237305,1.3166667222976685,17573.650390625,24.200000762939453,4.800000190734863,4.683333396911621,41.11666488647461,25469.166015625,2690.8,1.1522142887115479,26.654403686523438,219.71428571428572,1498.9674072265625,2154.742919921875,-0.3499523997306824,1064.4285714285713,0,476,1,0,0,31,7,83
0,216.0,0.3192702531814575,267.0,4.0,293.0,3175.0,237.46938775510202,12860.5,29.08333396911621,1.5499999523162842,18533.900390625,22.299999237060547,4.099999904632568,4.733333110809326,47.233333587646484,21653.5,2670.114285714286,1.15583336353302,26.601665496826172,219.28571428571428,1501.118896484375,2165.142822265625,-0.3767857253551483,1066.9142857142858,0,476,1,0,0,21,13,82
0,96.0,0.38312429189682007,267.0,4.0,293.0,17694.0,231.44897959183666,12337.8330078125,25.183332443237305,0.9333333373069763,16814.267578125,20.33333396911621,4.099999904632568,4.633333206176758,50.86666488647461,18423.166015625,2552.2,1.2204047441482544,27.004047393798828,233.6,1510.8837890625,2169.257080078125,-0.5077857375144958,1075.6857142857143,0,476,1,0,0,21,9,36
0,222.0,0.4401368200778961,267.0,4.0,293.0,20379.0,226.9999999999999,15491.0,26.183332443237305,0.7333333492279053,16060.3837890625,21.299999237060547,4.599999904632568,4.566666603088379,48.95000076293945,19310.333984375,2439.1714285714284,1.239119052886963,27.00928497314453,240.68571428571428,1504.067138671875,2182.17138671875,-0.6792142987251282,1070.0285714285715,0,476,1,0,0,21,20,102
0,204.0,0.312428742647171,267.0,4.0,293.0,11391.0,224.7755102040815,14100.0,30.350000381469727,2.450000047683716,19524.1171875,23.0,5.0,4.733333110809326,45.099998474121094,22927.5,2524.9714285714285,1.2621666193008423,27.091785430908203,238.45714285714286,1506.5933837890625,2196.028564453125,-0.6788333058357239,1081.8,1,476,1,0,0,31,3,97
0,72.0,0.034207526594400406,267.0,4.0,293.0,9353.0,225.30612244897944,13634.8330078125,30.233333587646484,1.6166666746139526,18216.033203125,22.41666603088379,4.0,4.733333110809326,46.71666717529297,22020.333984375,2541.1428571428573,1.288785696029663,27.27511978149414,248.57142857142858,1510.0880126953125,2191.314208984375,-0.7425238490104675,1083.3714285714286,1,476,1,0,0,21,6,27
0,192.0,0.6476624608039856,267.0,4.0,293.0,7752.0,228.12244897959167,13085.5,29.316667556762695,1.7000000476837158,16009.150390625,22.41666603088379,4.800000190734863,4.683333396911621,44.03333282470703,20166.666015625,2526.542857142857,1.309499979019165,27.245834350585938,258.9428571428571,1506.866455078125,2199.54296875,-0.8793333172798157,1076.4571428571428,1,476,1,0,0,21,10,68
1,,0.0,267.0,4.0,293.0,4069.0,231.12244897959167,14453.3330078125,34.900001525878906,0.8999999761581421,19918.767578125,22.616666793823242,4.199999809265137,4.583333492279053,44.06666564941406,22576.0,2614.2285714285713,1.325714349746704,27.40916633605957,255.45714285714286,1502.3970947265625,2206.685791015625,-0.7955476641654968,1082.6571428571428,1,476,1,0,0,34,14,
0,155.0,0.28620296716690063,267.0,4.0,293.0,6466.0,233.6326530612243,12123.0,33.13333511352539,2.383333444595337,16305.0,24.799999237060547,4.0,4.583333492279053,45.75,22424.333984375,2674.342857142857,1.3002142906188965,27.253808975219727,255.05714285714285,1510.70654296875,2193.628662109375,-0.739809513092041,1080.4857142857143,0,476,1,0,0,21,21,59
0,274.0,0.5028506517410278,267.0,4.0,293.0,2177.0,236.6938775510202,13415.3330078125,26.899999618530273,1.0666667222976685,15554.81640625,22.58333396911621,4.199999809265137,4.566666603088379,48.93333435058594,19380.833984375,2651.4857142857145,1.3060238361358643,27.270713806152344,261.2,1512.9708251953125,2187.485595703125,-0.7447381019592285,1081.142857142857,0,476,1,0,0,41,16,102
0,161.0,0.38084378838539124,267.0,4.0,293.0,2296.0,238.71428571428552,13247.3330078125,28.633333206176758,1.4666666984558105,16675.1328125,21.53333282470703,3.799999952316284,4.583333492279053,49.150001525878906,19805.0,2620.542857142857,1.326380968093872,27.33678436279297,258.74285714285713,1514.2342529296875,2199.257080078125,-0.8026190400123596,1090.1714285714286,0,476,1,0,0,31,6,58
1,171.0,0.0,267.0,4.0,293.0,14506.0,240.12244897959164,11977.1669921875,22.83333396911621,0.8999999761581421,14934.1669921875,21.75,4.800000190734863,4.683333396911621,51.78333282470703,32214.833984375,2628.0857142857144,1.3279048204421997,27.404523849487305,263.9714285714286,1520.428955078125,2156.199951171875,-0.737333357334137,1090.2,0,476,1,0,0,42,3,62
1,216.0,0.0,267.0,4.0,293.0,14352.0,238.65306122448962,11678.3330078125,25.100000381469727,0.8999999761581421,15643.0,21.433332443237305,4.400000095367432,4.566666603088379,47.31666564941406,18648.0,2628.0857142857144,1.3279048204421997,27.404523849487305,263.9714285714286,1520.428955078125,2156.199951171875,-0.737333357334137,1090.2,1,476,1,0,0,34,4,80
0,281.0,0.4104903042316437,267.0,4.0,293.0,12903.0,235.81632653061203,14144.8330078125,26.83333396911621,1.6833332777023315,16079.283203125,20.816667556762695,4.400000095367432,4.683333396911621,49.099998474121094,19794.166015625,2646.3142857142857,1.3164523839950562,27.279285430908203,262.22857142857146,1516.6552734375,2172.71435546875,-0.69435715675354,1090.4,0,476,1,0,0,21,15,101
0,209.0,0.5359178781509399,267.0,4.0,293.0,9567.0,233.55102040816308,14085.0,28.433332443237305,1.75,15933.650390625,22.21666717529297,4.400000095367432,4.633333206176758,44.58333206176758,20514.0,2674.942857142857,1.3065952062606812,27.15416717529297,262.62857142857143,1507.341064453125,2187.857177734375,-0.5462380647659302,1085.2571428571428,0,476,1,0,0,31,6,92
0,244.0,0.5233751535415649,267.0,4.0,293.0,3320.0,232.1020408163264,14942.9443359375,27.538888931274414,4.827777862548828,19079.6875,22.905555725097656,4.833333492279053,4.550000190734863,43.05555725097656,23951.388671875,2771.885714285714,1.3003333806991577,27.15761947631836,259.9428571428571,1509.0540771484375,2194.628662109375,-0.4263095259666443,1086.6857142857143,2,481,1,0,0,41,3,87
0,242.0,0.7480045557022095,267.0,4.0,293.0,6615.0,225.14285714285703,12885.0,30.933332443237305,9.550000190734863,19109.400390625,24.883333206176758,6.300000190734863,4.766666889190674,40.03333282470703,23948.5,2701.5714285714284,1.281904697418213,26.90035629272461,263.1714285714286,1507.3837890625,2208.39990234375,-0.3848809599876404,1078.0285714285715,0,476,1,0,0,21,11,104
1,260.0,0.34663626551628113,267.0,4.0,293.0,2911.0,220.2244897959183,12926.6669921875,28.450000762939453,2.5166666507720947,17277.083984375,23.16666603088379,4.900000095367432,4.633333206176758,41.266666412353516,23650.333984375,2614.5142857142855,1.302714228630066,27.175355911254883,270.22857142857146,1514.836181640625,2206.71435546875,-0.4049762189388275,1080.4285714285713,0,476,1,0,0,31,7,107
0,234.0,0.5963512063026428,267.0,4.0,229.0,5353.0,215.73469387755097,12317.0,29.25,2.366666555404663,19494.482421875,25.483333587646484,6.300000190734863,4.483333110809326,38.5,24303.333984375,2646.9142857142856,1.2896904945373535,27.04428482055664,268.65714285714284,1518.0780029296875,2213.571533203125,-0.3189047574996948,1080.2285714285715,0,481,1,0,0,31,15,86
0,190.0,0.5131129026412964,267.0,4.0,229.0,1349.0,211.73469387755097,13747.6669921875,31.0,3.5166666507720947,16387.732421875,24.366666793823242,5.300000190734863,4.733333110809326,33.900001525878906,23408.666015625,2659.8571428571427,1.263023853302002,26.705595016479492,271.25714285714287,1520.295166015625,2234.8857421875,-0.2408571094274521,1074.6857142857143,1,481,1,0,0,31,3,74
0,76.0,0.7058152556419373,267.0,4.0,229.0,3830.0,206.12244897959178,11877.0,31.266666412353516,3.950000047683716,19326.5,25.933332443237305,5.300000190734863,4.650000095367432,31.616666793823242,24840.5,2637.885714285714,1.2595714330673218,26.582382202148438,271.22857142857146,1515.1346435546875,2255.857177734375,-0.1920476257801056,1073.6571428571428,2,481,1,0,0,31,16,26
0,166.0,0.1220068410038948,267.0,4.0,229.0,16182.0,197.61224489795916,14596.0,29.850000381469727,5.116666793823242,20764.732421875,26.233333587646484,5.699999809265137,4.633333206176758,34.45000076293945,24327.333984375,2587.0857142857144,1.2956666946411133,27.004404067993164,276.3142857142857,1520.8167724609375,2263.82861328125,-0.24897617101669312,1079.0285714285715,3,481,1,0,0,21,14,59
0,188.0,0.19270239770412445,267.0,4.0,229.0,11399.0,193.8571428571428,13527.5,32.483333587646484,11.5,24741.017578125,25.33333396911621,5.699999809265137,4.900000095367432,32.233333587646484,26386.166015625,2877.457142857143,1.2333095073699951,26.430356979370117,260.3142857142857,1504.6107177734375,2268.857177734375,-0.17783333361148834,1072.1142857142856,1,481,1,0,0,41,6,74
0,149.0,0.6031926870346069,267.0,4.0,229.0,8819.0,190.97959183673464,14439.6669921875,27.83333396911621,3.9166667461395264,22859.18359375,24.483333587646484,6.0,4.833333492279053,36.016666412353516,27684.666015625,2972.4285714285716,1.222190499305725,26.31511878967285,257.74285714285713,1508.65380859375,2267.742919921875,-0.1850714534521103,1074.2285714285715,2,481,1,0,0,21,23,51
0,74.0,0.2702394425868988,267.0,4.0,229.0,6275.0,191.22448979591832,12851.0,32.07222366333008,2.6277778148651123,20818.755859375,23.450000762939453,4.9666666984558105,4.800000190734863,35.19444274902344,25953.27734375,3010.1714285714284,1.2170952558517456,26.304405212402344,255.82857142857142,1508.979248046875,2275.94287109375,-0.22695238888263702,1075.9142857142858,3,481,1,0,0,21,2,33
0,156.0,0.37628278136253357,267.0,4.0,229.0,8781.0,191.02040816326522,11600.1669921875,32.599998474121094,2.2666666507720947,18966.25,26.700000762939453,5.900000095367432,4.75,31.600000381469727,26157.666015625,3203.8571428571427,1.1989047527313232,26.294048309326172,250.71428571428572,1517.0621337890625,2243.571533203125,-0.21040475368499756,1080.6857142857143,1,481,1,0,0,21,21,56
0,206.0,0.73204106092453,267.0,4.0,229.0,15179.0,193.89795918367335,11666.8330078125,30.516666412353516,3.049999952316284,20421.3828125,28.183332443237305,6.199999809265137,4.483333110809326,30.83333396911621,29085.666015625,3304.5714285714284,1.1953095197677612,26.354286193847656,251.22857142857143,1523.319091796875,2217.45703125,-0.19004760682582855,1083.2,3,481,1,0,0,11,19,72
0,168.0,0.4811858534812927,267.0,4.0,229.0,11879.0,197.73469387755088,11581.1669921875,29.91666603088379,1.7333333492279053,18346.333984375,23.850000381469727,4.699999809265137,4.7833333015441895,33.400001525878906,24256.5,3293.342857142857,1.198357105255127,26.446428298950195,250.4,1513.5841064453125,2236.571533203125,-0.22840476036071777,1079.1714285714286,2,481,1,0,0,11,7,61
0,212.0,0.202964648604393,267.0,4.0,229.0,6331.0,200.30612244897944,11746.6669921875,29.766666412353516,1.8666666746139526,19309.06640625,23.200000762939453,5.0,4.800000190734863,35.58333206176758,23926.666015625,3310.8571428571427,1.1747143268585205,26.338451385498047,251.11428571428573,1518.6400146484375,2220.371337890625,-0.185785710811615,1075.6,2,481,1,1,0,31,4,74
0,215.0,0.7776510715484619,267.0,4.0,283.0,2406.0,204.10204081632642,12118.3330078125,28.483333587646484,0.949999988079071,17556.099609375,24.200000762939453,5.5,4.650000095367432,36.400001525878906,24370.333984375,3347.7714285714287,1.1646428108215332,26.386308670043945,250.34285714285716,1532.9552001953125,2196.514404296875,-0.12480950355529785,1080.4285714285713,2,507,1,1,0,41,6,77
0,207.0,0.3226909935474396,267.0,4.0,283.0,2062.0,204.10204081632642,12665.5,29.516666412353516,4.083333492279053,20229.69921875,28.566667556762695,6.300000190734863,4.650000095367432,26.58333396911621,31566.5,3355.0857142857144,1.1616666316986084,26.477737426757812,249.34285714285716,1537.912353515625,2190.628662109375,-0.15447619557380676,1083.3714285714286,0,507,1,1,0,11,19,68
0,195.0,0.6294184923171997,267.0,4.0,283.0,1072.0,202.69387755102025,12001.0,27.5,1.5499999523162842,18443.94921875,23.950000762939453,5.099999904632568,4.75,30.16666603088379,24566.5,3400.4857142857145,1.1432619094848633,26.357738494873047,243.37142857142857,1533.4534912109375,2211.3427734375,-0.21085713803768158,1082.1142857142856,0,507,1,0,0,42,7,75
0,171.0,0.8460661172866821,267.0,4.0,283.0,1136.0,201.71428571428555,10721.5,28.899999618530273,0.7666666507720947,18212.43359375,23.866666793823242,5.199999809265137,4.650000095367432,32.28333282470703,25653.0,3400.5142857142855,1.1352380514144897,26.318334579467773,244.6,1534.88916015625,2205.914306640625,-0.25780948996543884,1078.6,2,507,1,0,0,21,1,55
0,225.0,0.8768529295921326,267.0,4.0,283.0,1681.0,200.32653061224474,13541.3330078125,30.549999237060547,1.6666666269302368,18170.767578125,24.96666717529297,5.800000190734863,4.733333110809326,26.066667556762695,29835.0,3409.3142857142857,1.1140713691711426,26.32452392578125,239.62857142857143,1541.775634765625,2205.28564453125,-0.4627142548561096,1081.6857142857143,1,507,1,1,0,21,5,85
0,190.0,0.5404788851737976,267.0,4.0,283.0,2357.0,197.38775510204067,13241.5,27.03333282470703,1.3166667222976685,17988.466796875,23.96666717529297,5.599999904632568,4.683333396911621,32.13333511352539,26896.0,3395.7428571428572,1.118642807006836,26.44845199584961,242.4857142857143,1549.840087890625,2198.60009765625,-0.5444285869598389,1085.2571428571428,1,507,1,1,0,21,1,73
1,209.0,0.023945268243551254,267.0,4.0,283.0,5768.0,193.8571428571427,14127.8330078125,29.75,1.2000000476837158,16848.267578125,24.866666793823242,5.5,4.733333110809326,39.58333206176758,24568.666015625,3418.714285714286,1.1444286108016968,26.613927841186523,232.17142857142858,1518.4619140625,2245.485595703125,-0.6413809657096863,1085.2571428571428,0,507,1,0,0,21,22,70
0,221.0,0.7867730855941772,267.0,4.0,283.0,1042.0,190.67346938775498,12770.0,26.066667556762695,1.2999999523162842,19328.80078125,27.16666603088379,6.099999904632568,4.699999809265137,27.71666717529297,28236.0,3416.0285714285715,1.083976149559021,26.251785278320312,237.57142857142858,1556.5423583984375,2189.371337890625,-0.4749999940395355,1084.7428571428572,0,507,1,0,0,21,24,73
0,90.0,0.5769669413566589,267.0,4.0,283.0,1068.0,188.44897959183658,13441.5,28.78333282470703,3.3499999046325684,20993.849609375,28.733333587646484,6.0,4.883333206176758,30.950000762939453,29026.666015625,3395.6285714285714,1.0731667280197144,26.182262420654297,239.68571428571428,1560.0269775390625,2194.314208984375,-0.4870952367782593,1082.5142857142857,0,507,1,0,0,31,2,40
0,7.0,0.045610032975673676,267.0,4.0,229.0,7373.0,164.42857142857136,14800.0,27.355554580688477,3.51111102104187,16483.51171875,22.399999618530273,5.699999809265137,5.0333333015441895,43.60000228881836,24615.22265625,2899.0,1.007785677909851,26.367023468017578,285.0285714285714,1591.5626220703125,1989.4000244140625,-0.45883333683013916,1034.057142857143,4,481,1,1,0,41,6,4
0,,0.3922463059425354,267.0,4.0,229.0,1187.0,164.89795918367344,14701.3330078125,24.03333282470703,3.200000047683716,16559.517578125,22.08333396911621,5.599999904632568,5.050000190734863,46.516666412353516,22277.833984375,2833.1714285714284,1.0109286308288574,26.41107177734375,284.25714285714287,1574.528564453125,1990.028564453125,-0.45085716247558594,1026.857142857143,7,481,1,1,0,34,6,
1,39.0,0.16761687397956848,267.0,4.0,229.0,3985.0,162.28571428571428,13558.0,23.516666412353516,5.233333110809326,17164.583984375,21.733333587646484,5.5,4.9666666984558105,55.21666717529297,22476.833984375,2745.657142857143,1.010428547859192,26.363332748413086,291.8285714285714,1579.05908203125,1974.05712890625,-0.43354764580726624,1023.9142857142857,7,481,1,0,0,42,2,16
1,76.0,0.0,267.0,4.0,229.0,8413.0,161.67346938775506,13041.6669921875,25.41666603088379,6.433333396911621,16632.3828125,22.03333282470703,5.699999809265137,4.900000095367432,53.38333511352539,22418.666015625,2637.057142857143,1.006666660308838,26.33571434020996,299.85714285714283,1584.8702392578125,1959.199951171875,-0.38654762506484985,1019.0,8,518,1,0,0,41,12,25
0,56.0,0.22690992057323456,267.0,4.0,260.0,9957.0,160.87755102040813,13718.111328125,27.905555725097656,6.05555534362793,18309.078125,22.28333282470703,5.599999904632568,4.94444465637207,51.27777862548828,24493.888671875,2620.5714285714284,0.9805952310562134,26.090951919555664,303.0857142857143,1589.90673828125,1949.085693359375,-0.3810952305793762,1012.1142857142858,7,518,1,0,0,31,1,22
0,57.0,0.6316989660263062,267.0,4.0,260.0,3634.0,161.32653061224482,10359.1669921875,25.600000381469727,4.5333333015441895,16978.150390625,26.233333587646484,6.599999904632568,4.75,44.16666793823242,25826.833984375,2613.6,0.9435714483261108,25.668333053588867,293.9428571428571,1571.2440185546875,1954.7427978515625,-0.3735714256763458,997.5428571428571,3,518,1,0,0,31,1,19
0,64.0,0.14595210552215576,267.0,4.0,260.0,6731.0,162.55102040816314,10844.22265625,26.038888931274414,4.377777576446533,17878.69921875,24.97222328186035,6.5333333015441895,4.7833333015441895,44.844444274902344,24075.22265625,2597.885714285714,0.9361190795898438,25.60369110107422,297.14285714285717,1584.918701171875,1942.17138671875,-0.37823811173439026,1000.4,4,518,1,0,0,21,1,28
0,126.0,0.6100342273712158,267.0,4.0,260.0,2921.0,163.8571428571427,12042.1669921875,25.422222137451172,8.05555534362793,21035.033203125,24.677778244018555,6.733333110809326,4.800000190734863,52.07222366333008,27156.611328125,2561.6,0.9302619099617004,25.72785758972168,299.65714285714284,1588.8563232421875,1917.3428955078125,-0.45242857933044434,1000.5142857142857,5,518,1,0,0,31,8,46
0,90.0,0.31356897950172424,267.0,4.0,260.0,5319.0,166.34693877551004,13841.6669921875,21.53333282470703,4.599999904632568,14742.6337890625,27.516666412353516,6.5,4.800000190734863,55.56666564941406,24786.333984375,2534.8285714285716,0.9490714073181152,26.018810272216797,302.1142857142857,1576.540771484375,1909.6285400390625,-0.48247620463371277,999.1428571428571,4,518,1,0,0,34,1,
0,62.0,0.32155072689056396,267.0,4.0,260.0,4625.0,165.2040816326529,12926.0,24.688888549804688,3.2444443702697754,16070.072265625,22.80555534362793,5.733333587646484,4.799999713897705,53.29999923706055,22253.83203125,2532.7428571428572,0.9357143044471741,25.776071548461914,304.2,1575.8912353515625,1900.085693359375,-0.4845714271068573,991.0,2,518,1,0,0,21,6,22
0,111.0,0.09806157648563385,267.0,4.0,260.0,6131.0,163.8571428571427,14109.5,26.58333396911621,4.066666603088379,17054.716796875,22.41666603088379,5.5,4.699999809265137,48.81666564941406,26813.833984375,2538.9714285714285,0.9168094992637634,25.559524536132812,299.2,1571.000244140625,1902.2572021484375,-0.4812142848968506,988.8,8,518,1,0,0,41,26,40
0,102.0,0.8836944103240967,267.0,4.0,260.0,2367.0,160.81632653061212,13695.0,21.483333587646484,8.466666221618652,17562.900390625,26.950000762939453,6.699999809265137,4.699999809265137,48.08333206176758,30129.5,2512.8571428571427,0.9020476341247559,25.543333053588867,311.54285714285714,1599.7850341796875,1873.17138671875,-0.5275475978851318,989.2571428571429,2,518,1,0,0,21,7,34
0,133.0,0.0011402508243918419,267.0,4.0,260.0,2643.0,154.93877551020393,11900.0,21.066667556762695,2.5333333015441895,13930.93359375,23.183332443237305,5.699999809265137,4.883333206176758,50.96666717529297,22337.0,2513.114285714286,0.9681666493415833,26.379880905151367,309.9142857142857,1576.420654296875,1854.199951171875,-0.5446428656578064,1002.5428571428571,3,518,1,0,0,21,19,56
0,65.0,0.405929297208786,267.0,4.0,229.0,7847.0,149.59183673469374,11626.1669921875,20.91666603088379,3.200000047683716,17728.400390625,24.75,6.599999904632568,5.0,49.150001525878906,27070.833984375,2475.6,0.9626904726028442,26.2261905670166,316.2,1585.503173828125,1842.771484375,-0.5449761748313904,996.6285714285714,4,481,1,0,0,31,8,21
1,103.0,0.0,267.0,4.0,229.0,4923.0,145.0408163265305,12985.0,22.600000381469727,3.133333444595337,17174.55078125,26.58333396911621,5.699999809265137,5.0,56.33333206176758,27101.0,2479.0857142857144,0.9815952181816101,26.5672607421875,315.34285714285716,1583.4600830078125,1834.82861328125,-0.5555952191352844,1004.3428571428572,5,518,1,0,0,34,21,44
0,107.0,0.4583808481693268,267.0,4.0,229.0,1268.0,137.9999999999999,10430.0,20.25,4.016666889190674,15114.6337890625,22.566667556762695,5.599999904632568,4.599999904632568,47.33333206176758,19763.333984375,2452.9714285714285,0.963690459728241,26.456546783447266,317.1142857142857,1584.9884033203125,1834.4000244140625,-0.5319047570228577,999.2285714285714,3,518,1,0,0,42,21,38
0,90.0,0.0,267.0,4.0,260.0,7869.0,137.4693877551019,11101.2216796875,22.483333587646484,4.755555629730225,14803.85546875,23.7277774810791,6.099999904632568,4.800000190734863,53.24444580078125,24726.333984375,2411.4857142857145,0.9948333501815796,26.66071319580078,318.1142857142857,1572.5572509765625,1838.199951171875,-0.5396190285682678,999.5142857142857,3,518,1,0,0,11,16,36
1,,0.0,267.0,4.0,229.0,5804.0,132.65306122448968,10135.0,24.383333206176758,3.116666555404663,14911.900390625,23.0,5.5,4.800000190734863,48.349998474121094,21458.166015625,2364.8285714285716,0.9787856936454773,26.590356826782227,324.74285714285713,1592.4383544921875,1815.8857421875,-0.550261914730072,999.8285714285714,1,518,1,0,0,41,2,
0,84.0,0.2371721714735031,267.0,4.0,260.0,1967.0,133.28571428571414,12453.5,22.566667556762695,4.766666889190674,15157.349609375,24.316667556762695,5.400000095367432,4.7833333015441895,49.16666793823242,25592.0,2323.8,0.9428333640098572,26.40642738342285,336.0857142857143,1620.7984619140625,1786.2572021484375,-0.5450237989425659,993.1714285714286,2,518,1,0,0,34,15,30
1,100.0,0.0,267.0,4.0,260.0,3187.0,129.93617021276583,10168.6669921875,21.899999618530273,4.2166666984558105,15713.7001953125,23.5,5.300000190734863,4.983333110809326,46.71666717529297,19006.0,2250.1714285714284,0.9407142996788025,26.444881439208984,338.3142857142857,1616.1185302734375,1786.1142578125,-0.5574285984039307,987.6571428571428,4,518,1,0,0,34,15,36
1,64.0,0.0,267.0,4.0,260.0,4224.0,132.5116279069766,10300.0,22.049999237060547,4.616666793823242,15906.650390625,23.850000381469727,5.5,4.683333396911621,46.25,20871.666015625,2261.0285714285715,0.9297381043434143,26.382261276245117,341.0,1631.68505859375,1770.05712890625,-0.5713809132575989,990.1428571428571,1,518,1,0,0,34,31,35
0,130.0,0.011402508243918419,267.0,4.0,229.0,2761.0,128.56410256410243,10614.6669921875,22.683332443237305,3.950000047683716,16057.7001953125,22.149999618530273,5.699999809265137,4.699999809265137,52.20000076293945,21279.666015625,2148.885714285714,0.9495238065719604,26.437856674194336,339.6857142857143,1599.8406982421875,1792.4000244140625,-0.5522381067276001,978.7714285714286,3,481,1,0,0,41,5,48
0,222.0,0.6043329238891602,296.0,3.0,313.0,1306.0,298.9183673469385,19909.333984375,29.649999618530273,1.7222222089767456,15777.7333984375,21.583332061767578,3.9000000953674316,4.788888931274414,27.799999237060547,16786.4453125,2412.4285714285716,0.7110000252723694,25.007381439208984,108.51428571428572,1390.0499267578125,1888.971435546875,0.4932857155799866,965.4285714285714,0,505,1,0,1,21,27,113
0,149.0,0.8608893752098083,296.0,3.0,313.0,1182.0,291.42857142857116,13141.1669921875,28.266666412353516,2.5999999046325684,16432.767578125,20.983333587646484,3.5999999046325684,4.699999809265137,20.616666793823242,14943.0,2693.2,0.6818095445632935,24.831666946411133,107.82857142857142,1381.045654296875,1906.914306640625,0.5681428909301758,957.0,0,505,1,0,1,31,1,73
0,262.0,0.8369441032409668,296.0,3.0,313.0,1072.0,287.3877551020406,10814.6669921875,29.766666412353516,1.4333332777023315,16409.166015625,20.483333587646484,3.700000047683716,4.566666603088379,23.566667556762695,14375.3330078125,2966.8,0.6712856888771057,24.968095779418945,110.45714285714286,1376.1239013671875,1893.5714111328125,0.6398809552192688,953.6285714285714,1,505,1,0,1,41,10,107
0,354.0,0.9304447174072266,296.0,3.0,313.0,1117.0,293.30612244897935,10484.22265625,29.577777862548828,1.1111111640930176,15797.533203125,20.24444580078125,3.799999952316284,4.5333333015441895,19.705556869506836,14682.5556640625,3001.6857142857143,0.6634047627449036,24.964523315429688,107.28571428571429,1374.979248046875,1911.2857666015625,0.6451428532600403,954.7714285714286,0,505,1,0,0,42,6,164
0,203.0,0.36944127082824707,296.0,3.0,313.0,1158.0,301.53061224489767,14263.6669921875,27.799999237060547,3.9000000953674316,20430.583984375,21.366666793823242,4.099999904632568,4.699999809265137,23.350000381469727,21657.0,3023.4285714285716,0.6588095426559448,24.965951919555664,104.74285714285715,1368.902099609375,1927.4857177734375,0.6416428685188293,953.0857142857143,0,505,1,0,0,42,7,76
0,240.0,0.3021664619445801,296.0,3.0,313.0,3182.0,305.59183673469363,10683.0,30.66666603088379,2.75,16985.650390625,20.53333282470703,3.5999999046325684,4.599999904632568,25.683332443237305,15533.5,3011.8571428571427,0.6615952253341675,25.002262115478516,106.4,1371.3798828125,1876.7142333984375,0.6483809351921082,954.5428571428571,0,505,1,0,0,21,8,102
0,421.0,0.45724058151245117,296.0,3.0,313.0,4275.0,309.8571428571425,10836.6669921875,27.399999618530273,2.5333333015441895,17032.3671875,20.066667556762695,4.0,4.5,25.483333587646484,17883.666015625,3010.114285714286,0.6488094925880432,24.980356216430664,105.65714285714286,1378.1402587890625,1896.3428955078125,0.6112381219863892,956.8285714285714,0,505,1,0,0,42,5,208
0,276.0,0.7354618310928345,296.0,3.0,313.0,1800.0,301.77551020408134,10071.3330078125,32.81666564941406,6.133333206176758,15839.349609375,21.600000381469727,3.799999952316284,4.699999809265137,29.433332443237305,15175.0,2970.1714285714284,0.6379047632217407,24.747976303100586,106.97142857142858,1385.249755859375,1868.3714599609375,0.5989047288894653,955.1142857142858,1,505,1,0,0,41,5,118
0,242.0,0.07981756329536438,296.0,3.0,313.0,1391.0,301.20408163265284,11103.5,28.549999237060547,1.9500000476837158,18048.55078125,20.75,3.299999952316284,4.599999904632568,22.866666793823242,18720.666015625,2983.4857142857145,0.635619044303894,24.731548309326172,100.25714285714285,1374.7532958984375,1884.8857421875,0.5513571500778198,957.0,0,505,1,0,0,42,5,101
0,226.0,0.01254275906831026,296.0,3.0,313.0,1473.0,288.28571428571416,13520.3330078125,25.516666412353516,4.2166666984558105,23826.783203125,21.766666412353516,3.5999999046325684,4.699999809265137,27.66666603088379,20294.0,2928.942857142857,0.6505476236343384,24.886308670043945,100.82857142857142,1370.1976318359375,1853.5999755859375,0.543404757976532,960.4857142857143,4,505,1,0,0,41,3,83
0,199.0,0.0,296.0,3.0,313.0,8266.0,280.1632653061223,11175.0,28.16666603088379,2.5,18843.75,20.28333282470703,3.4000000953674316,4.599999904632568,27.08333396911621,18672.5,2932.8571428571427,0.6489047408103943,24.937023162841797,96.71428571428571,1368.26806640625,1849.028564453125,0.517714262008667,964.4285714285714,3,505,1,0,0,21,7,78
0,147.0,0.32155072689056396,296.0,3.0,313.0,7721.0,278.40816326530586,11821.1669921875,32.63888931274414,3.0944442749023438,19292.73828125,20.78333282470703,3.2333333492279053,4.788888931274414,14.966666221618652,19520.77734375,2951.6285714285714,0.6403095126152039,24.976667404174805,93.14285714285714,1360.2982177734375,1837.142822265625,0.48726192116737366,962.3142857142857,3,505,1,0,0,31,5,67
0,301.0,0.47548460960388184,296.0,3.0,313.0,2739.0,270.3673469387753,9726.388671875,31.08333396911621,4.022222518920898,19286.078125,19.983333587646484,3.5,4.683333396911621,21.844444274902344,17183.166015625,2861.7714285714287,0.6553333401679993,25.086427688598633,94.94285714285714,1367.2122802734375,1799.199951171875,0.45266667008399963,969.1428571428571,3,505,1,0,0,41,8,114
0,197.0,0.12428734451532364,296.0,3.0,313.0,2935.0,269.48979591836707,10629.3330078125,30.83333396911621,3.2166666984558105,21117.283203125,20.683332443237305,3.5999999046325684,4.516666889190674,17.683332443237305,19637.833984375,2942.9142857142856,0.6475714445114136,25.121309280395508,88.97142857142858,1372.611328125,1826.5428466796875,0.39759525656700134,977.6,3,505,1,0,0,21,2,72
0,158.0339620430335,0.1277080923318863,296.0,3.0,313.0,2904.0,263.3673469387753,13895.1669921875,30.600000381469727,5.383333206176758,20429.099609375,21.483333587646484,4.099999904632568,4.800000190734863,19.649999618530273,21485.5,2821.8285714285716,0.6496666669845581,25.091428756713867,89.57142857142857,1374.20068359375,1750.800048828125,0.3088809549808502,978.8285714285714,0,505,1,0,0,42,6,62
0,161.0,0.0,296.0,3.0,313.0,2379.0,262.9591836734692,14020.3330078125,31.0222225189209,3.5888888835906982,20203.599609375,20.450000762939453,3.866666793823242,4.866666793823242,19.044445037841797,20120.833984375,2889.2,0.6477857232093811,25.18083381652832,89.8,1372.1104736328125,1750.3143310546875,0.18035714328289032,978.4,8,505,1,0,0,41,11,59
0,143.0,0.013683009892702103,296.0,3.0,313.0,5602.0,259.8979591836733,12945.5,32.733333587646484,5.066666603088379,20589.216796875,21.299999237060547,3.799999952316284,4.883333206176758,19.16666603088379,23551.5,2861.0,0.6542142629623413,25.19797706604004,85.8,1369.943115234375,1745.05712890625,0.14730952680110931,982.7142857142857,3,505,1,0,0,41,6,58
0,233.0,0.0057012541219592094,296.0,3.0,313.0,2592.0,264.34693877551,12568.8330078125,26.58333396911621,6.75,18717.083984375,21.58333396911621,4.5,4.800000190734863,26.866666793823242,20992.166015625,2909.5714285714284,0.6441666483879089,25.18964385986328,89.11428571428571,1365.690673828125,1739.5428466796875,0.10426191240549088,975.2857142857143,1,505,1,0,0,31,11,83
0,171.83763566240077,0.0,296.0,3.0,313.0,13362.0,261.4489795918365,13414.833984375,35.28333282470703,5.244444370269775,20399.888671875,21.316667556762695,4.0,4.699999809265137,23.44444465637207,23151.0,2846.714285714286,0.6715475916862488,25.382261276245117,87.57142857142857,1377.9981689453125,1715.05712890625,0.03754762187600136,994.8,3,505,1,0,0,31,22,61
0,243.0,0.433295339345932,296.0,3.0,313.0,8483.0,261.1224489795916,13219.3330078125,28.78333282470703,5.816666603088379,18675.400390625,21.983333587646484,3.5,4.883333206176758,29.75,23326.0,2875.9714285714285,0.6779285669326782,25.431190490722656,93.14285714285714,1377.85498046875,1746.028564453125,0.03738095238804817,991.2,1,505,1,0,0,31,5,97
0,258.0,0.6670467257499695,296.0,3.0,285.0,4051.0,259.7551020408161,11189.0,33.29999923706055,4.116666793823242,19313.767578125,21.683332443237305,4.099999904632568,4.7166666984558105,22.78333282470703,21097.666015625,2849.6,0.6899523735046387,25.584047317504883,102.91428571428571,1368.5888671875,1761.3143310546875,0.09909524768590927,979.1714285714286,0,496,1,0,0,42,6,91
0,280.0,0.18358038365840912,296.0,3.0,272.0,1432.0,259.8367346938773,11270.888671875,31.966665267944336,7.133333683013916,20009.416015625,21.627777099609375,3.933333396911621,4.866666793823242,31.355554580688477,22938.833984375,2814.942857142857,0.6957380771636963,25.52642822265625,105.45714285714286,1374.4686279296875,1756.82861328125,0.10047619044780731,980.6571428571428,5,496,1,0,0,42,10,124
0,144.0,0.0,296.0,3.0,272.0,3973.0,260.08163265306104,17061.0,33.349998474121094,3.4666666984558105,21900.982421875,22.866666793823242,3.799999952316284,4.883333206176758,26.233333587646484,21062.333984375,2952.1428571428573,0.7271666526794434,25.698333740234375,110.31428571428572,1388.527587890625,1843.5714111328125,0.12597618997097015,993.2,0,497,1,0,0,21,3,55
0,232.696024015361,0.0,296.0,3.0,302.0,9912.0,260.69387755102025,12387.8330078125,30.899999618530273,2.683333396911621,18198.81640625,20.75,4.199999809265137,4.550000190734863,26.28333282470703,16327.8330078125,3020.285714285714,0.7356666922569275,25.846548080444336,117.37142857142857,1384.4478759765625,1851.7142333984375,0.19707141816616058,985.7714285714286,1,469,1,0,0,21,6,94
0,229.0,0.27366021275520325,296.0,3.0,272.0,8180.0,267.8979591836733,11640.3330078125,34.78333282470703,5.300000190734863,16632.267578125,20.366666793823242,3.799999952316284,4.449999809265137,27.25,15496.3330078125,3113.285714285714,0.7377380728721619,25.88119125366211,124.42857142857143,1377.3121337890625,1876.3714599609375,0.27985715866088867,974.1714285714286,2,497,1,0,0,31,4,90
0,246.0,0.14367160201072693,296.0,3.0,272.0,14863.0,260.14583333333303,13471.833984375,31.700000762939453,4.027777671813965,16664.94921875,20.066667556762695,4.199999809265137,4.383333206176758,28.788888931274414,16816.72265625,3141.942857142857,0.7469285726547241,25.90250015258789,123.48571428571428,1385.703369140625,1878.7142333984375,0.2719285786151886,983.3142857142857,0,497,1,0,0,31,4,98
0,135.0,0.27366021275520325,296.0,3.0,272.0,14035.0,259.4130434782606,11714.6669921875,27.133333206176758,6.5,16952.0,21.03333282470703,3.5,4.300000190734863,28.91666603088379,15594.6669921875,3258.6,0.7640714049339294,25.93488121032715,126.62857142857143,1385.4893798828125,1887.5714111328125,0.3868333399295807,985.6857142857143,3,497,1,0,0,42,16,49
0,283.2447761538063,0.3968072831630707,296.0,3.0,272.0,10451.0,260.63636363636334,10277.611328125,35.60555648803711,3.6666667461395264,16104.23828125,20.38888931274414,3.9666666984558105,4.366666793823242,26.822221755981445,15004.3330078125,3346.1428571428573,0.783380925655365,26.14238166809082,130.68571428571428,1384.0706787109375,1903.6856689453125,0.44797617197036743,989.0285714285715,3,497,1,0,0,31,3,129
0,155.0,0.22576966881752014,296.0,3.0,313.0,11855.0,261.6410256410254,9936.0,32.016666412353516,5.983333110809326,16396.267578125,20.78333282470703,3.5,4.300000190734863,25.016666412353516,18896.0,3382.285714285714,0.7893333435058594,26.141189575195312,135.25714285714287,1383.85498046875,1909.7142333984375,0.553690493106842,986.5142857142857,0,469,1,0,0,21,4,58
0,302.0,0.07069555670022964,296.0,3.0,313.0,10925.0,261.6410256410254,28218.0,27.816667556762695,4.949999809265137,16346.400390625,19.649999618530273,4.0,4.449999809265137,20.96666717529297,17246.0,3402.285714285714,0.788357138633728,26.133333206176758,133.05714285714285,1384.543212890625,1926.4857177734375,0.5688809156417847,988.2571428571429,4,469,1,0,0,31,4,107
0,251.0,0.4652223587036133,296.0,3.0,313.0,5645.0,262.9999999999997,11326.0,35.31666564941406,6.483333110809326,17528.05078125,20.316667556762695,3.700000047683716,4.383333206176758,16.91666603088379,16775.0,3461.114285714286,0.8013809323310852,26.201309204101562,135.31428571428572,1386.5516357421875,1938.857177734375,0.6199285387992859,991.7714285714286,0,505,1,0,0,21,5,92
0,116.98638951858341,0.03648802638053894,296.0,3.0,313.0,8062.0,266.90243902439,13134.5,30.0,6.183333396911621,17610.43359375,21.03333282470703,3.700000047683716,4.349999904632568,18.700000762939453,19012.833984375,3482.2,0.7978333234786987,26.183570861816406,131.88571428571427,1384.23486328125,1956.2572021484375,0.6214285492897034,991.7428571428571,7,505,1,0,0,21,7,45
0,285.0,0.6727480292320251,296.0,3.0,313.0,5733.0,266.179487179487,10074.8330078125,33.63333511352539,5.116666793823242,17888.666015625,21.266666412353516,3.5,4.300000190734863,19.133333206176758,16971.5,3495.4,0.8114761710166931,26.314285278320312,140.57142857142858,1379.2894287109375,1943.800048828125,0.635357141494751,985.0285714285715,3,505,1,0,0,41,5,102
0,198.0,0.0,296.0,3.0,313.0,5380.0,265.97297297297274,23849.333984375,33.58333206176758,4.916666507720947,16124.966796875,21.299999237060547,4.0,4.300000190734863,26.899999618530273,26070.0,3509.5142857142855,0.8231666684150696,26.367977142333984,142.68571428571428,1379.1202392578125,1953.228515625,0.6225476264953613,986.6571428571428,3,505,1,0,0,21,4,78
0,221.0,0.43557581305503845,296.0,3.0,293.0,8770.0,252.8780487804877,10643.6669921875,34.04999923706055,4.833333492279053,16798.80078125,21.766666412353516,4.5,4.449999809265137,30.816667556762695,17772.666015625,3614.6857142857143,0.8391904830932617,26.61642837524414,145.65714285714284,1382.8201904296875,1756.914306640625,0.37340477108955383,992.0285714285715,0,476,1,0,0,34,5,87
0,127.0,0.2896237075328827,296.0,3.0,293.0,2155.0,253.34090909090898,11703.0,31.133333206176758,8.016666412353516,15557.216796875,20.866666793823242,3.9000000953674316,4.449999809265137,38.516666412353516,15359.8330078125,3640.2285714285713,0.8384285569190979,26.602500915527344,144.11428571428573,1388.87353515625,1772.1142578125,0.38340476155281067,996.9428571428572,1,476,1,0,0,21,7,45
0,151.0,0.5553021430969238,296.0,3.0,293.0,1187.0,255.81632653061214,13251.3330078125,32.20000076293945,5.333333492279053,15700.68359375,20.83333396911621,4.0,4.449999809265137,43.53333282470703,16038.5,3649.0,0.8248095512390137,26.537500381469727,142.8,1384.4996337890625,1774.5142822265625,0.3764285743236542,992.5142857142857,0,476,1,0,0,21,16,58
1,243.0,0.29418471455574036,296.0,3.0,293.0,1306.0,259.7959183673467,12555.6669921875,33.88333511352539,6.366666793823242,16787.849609375,21.53333282470703,4.0,4.349999904632568,45.266666412353516,18552.5,3627.7714285714287,0.8083333373069763,26.49440574645996,134.45714285714286,1385.5941162109375,1813.6856689453125,0.2773571312427521,996.6571428571428,0,476,1,0,0,31,4,97
0,274.0,0.5347776412963867,296.0,3.0,293.0,1427.0,277.2448979591834,12233.8330078125,34.63333511352539,6.083333492279053,18801.30078125,21.566667556762695,4.0,4.25,41.29999923706055,18658.333984375,3634.542857142857,0.807023823261261,26.43130874633789,134.14285714285714,1388.89697265625,1829.3714599609375,0.27557143568992615,998.4285714285714,0,476,1,0,0,41,16,105
0,222.0,0.5689851641654968,296.0,3.0,293.0,5788.0,277.2448979591834,10133.6669921875,33.016666412353516,6.433333396911621,15462.06640625,21.149999618530273,3.9000000953674316,4.300000190734863,52.75,15443.3330078125,3605.5142857142855,0.7897857427597046,26.320594787597656,136.74285714285713,1389.09033203125,1833.085693359375,0.3079523742198944,991.4,1,476,1,0,0,41,1,84
0,142.0,0.1755986362695694,296.0,3.0,293.0,13272.0,286.5918367346936,11397.1669921875,34.71666717529297,9.016666412353516,17449.150390625,22.58333396911621,4.400000095367432,4.133333206176758,49.650001525878906,17766.333984375,3601.114285714286,0.7864285707473755,26.250476837158203,134.65714285714284,1386.8988037109375,1860.6856689453125,0.29640474915504456,990.7428571428571,0,476,1,0,0,31,1,60
0,115.0,0.1413911134004593,296.0,3.0,293.0,10207.0,294.4081632653058,12303.0,35.63333511352539,9.233333587646484,15292.8330078125,21.633333206176758,4.300000190734863,4.050000190734863,49.70000076293945,16635.0,3594.457142857143,0.7814047336578369,26.187976837158203,133.71428571428572,1389.0667724609375,1872.5999755859375,0.2926190495491028,991.2285714285714,0,476,1,0,0,31,3,61
0,164.0,0.516533613204956,296.0,3.0,293.0,2191.0,302.6530612244894,12403.0,37.599998474121094,5.849999904632568,15228.75,20.75,3.700000047683716,4.150000095367432,40.43333435058594,16037.5,3600.2,0.7685475945472717,26.10785675048828,132.9142857142857,1391.635009765625,1900.6856689453125,0.3117142915725708,990.2285714285714,0,476,1,0,0,21,1,60
0,308.0,0.7890536189079285,296.0,3.0,293.0,1112.0,303.2244897959179,12018.5556640625,36.10555648803711,4.911110877990723,16370.8994140625,21.5,3.5999999046325684,4.083333492279053,37.488887786865234,16104.111328125,3517.2571428571428,0.7680237889289856,26.192380905151367,130.54285714285714,1391.384033203125,1938.771484375,0.22876189649105072,990.5142857142857,1,476,1,0,0,31,1,109
0,284.0,0.2839224636554718,296.0,3.0,293.0,9280.0,310.5714285714283,14545.0556640625,38.96666717529297,5.188889026641846,16641.978515625,21.450000762939453,3.7333333492279053,4.2166666984558105,45.94999694824219,18489.9453125,3440.0285714285715,0.7560238242149353,26.115238189697266,133.45714285714286,1395.1480712890625,1987.5999755859375,0.19628572463989258,987.4857142857143,0,476,1,0,1,41,10,100
0,163.0,0.14709235727787018,296.0,3.0,293.0,10736.0,309.32653061224465,14986.3330078125,41.650001525878906,6.183333396911621,15719.7333984375,21.100000381469727,3.5999999046325684,4.083333492279053,40.86666488647461,16758.0,3397.0857142857144,0.7506190538406372,26.076786041259766,134.4,1398.2669677734375,2006.3714599609375,0.17092858254909515,986.8,2,476,1,0,1,21,3,66
0,274.0,0.3648802638053894,296.0,3.0,293.0,12299.0,308.71428571428544,12631.3330078125,38.21666717529297,3.5999999046325684,15349.8837890625,20.450000762939453,3.9000000953674316,4.099999904632568,42.400001525878906,14671.6669921875,3334.4285714285716,0.73416668176651,25.94869041442871,135.71428571428572,1402.9095458984375,2025.085693359375,0.13976190984249115,982.4,0,476,1,0,1,21,7,121
0,187.0,0.5188141465187073,296.0,3.0,293.0,8523.0,292.40816326530603,12078.0,41.5,3.866666555404663,17178.599609375,20.53333282470703,3.700000047683716,4.25,39.18333435058594,16605.0,3228.542857142857,0.7316190600395203,25.856548309326172,136.02857142857144,1406.078857421875,2073.3427734375,0.09133334457874298,982.8571428571429,2,476,1,0,0,41,9,66
0,183.0,0.7080957889556885,296.0,3.0,293.0,3858.0,286.51020408163254,12070.8330078125,37.25,5.566666603088379,17092.517578125,23.33333396911621,5.0,4.199999809265137,40.016666412353516,19810.666015625,3143.7428571428572,0.7126904726028442,25.619998931884766,137.17142857142858,1404.8948974609375,2089.857177734375,0.08152381330728531,973.3142857142857,0,476,1,0,0,11,8,65
0,203.0,0.03648802638053894,296.0,3.0,293.0,3861.0,292.0408163265305,12236.0,39.88333511352539,3.0166666507720947,15498.0498046875,19.71666717529297,3.5999999046325684,4.199999809265137,37.91666793823242,15299.0,3136.7428571428572,0.7144047617912292,25.729642868041992,139.11428571428573,1410.360107421875,2091.17138671875,0.0640714168548584,974.9142857142857,2,476,1,0,0,21,1,89
0,188.0,0.7137970328330994,296.0,3.0,293.0,2557.0,278.10204081632645,11834.6669921875,33.11666488647461,2.1500000953674316,15593.7998046875,20.183332443237305,3.5,4.2833333015441895,42.29999923706055,15657.0,2972.4285714285716,0.7163571119308472,25.84083366394043,140.05714285714285,1410.396240234375,2119.82861328125,0.026476191356778145,972.8571428571429,1,476,1,0,0,41,7,67
0,179.0,0.31470924615859985,296.0,3.0,293.0,5421.0,282.32653061224477,13534.3330078125,33.04999923706055,2.6500000953674316,15920.533203125,21.100000381469727,3.5,4.300000190734863,36.36666488647461,17217.333984375,2974.0857142857144,0.7120952606201172,25.81678581237793,141.31428571428572,1412.408935546875,2119.142822265625,0.01783333532512188,971.3428571428572,3,476,1,0,0,31,6,64
0,108.0,0.01254275906831026,296.0,3.0,293.0,3486.0,271.469387755102,12150.72265625,31.866666793823242,1.5333333015441895,16366.1396484375,20.100000381469727,3.799999952316284,4.25,43.983333587646484,16357.4453125,2821.885714285714,0.7270476222038269,25.889524459838867,142.62857142857143,1418.5875244140625,2163.94287109375,0.009880964644253254,978.4857142857143,1,476,1,0,0,34,18,49
0,157.0,0.32839223742485046,296.0,3.0,293.0,9933.0,267.3877551020407,11243.1669921875,31.366666793823242,2.433333396911621,13749.6162109375,19.21666717529297,3.700000047683716,4.2833333015441895,47.08333206176758,14955.6669921875,2808.0857142857144,0.715499997138977,25.79726219177246,146.65714285714284,1422.9017333984375,2164.314208984375,0.01754760928452015,976.1714285714286,1,476,1,0,0,41,9,57
0,140.0,0.06841505318880081,296.0,3.0,293.0,15327.0,262.0,13949.0,35.93333435058594,5.25,15622.716796875,20.649999618530273,3.700000047683716,4.349999904632568,41.733333587646484,18204.666015625,2797.542857142857,0.7101666927337646,25.683570861816406,148.25714285714287,1419.39697265625,2154.485595703125,0.016238100826740265,969.6,0,476,1,0,0,34,31,
0,165.0,0.3797035217285156,296.0,3.0,293.0,21695.0,266.89795918367344,11394.1669921875,35.0,1.9333332777023315,14335.0830078125,20.066667556762695,3.5,4.349999904632568,44.25,15320.3330078125,2862.2571428571428,0.715071439743042,25.729524612426758,144.5142857142857,1417.756591796875,2179.371337890625,-0.043047644197940826,972.8,2,476,1,0,0,31,31,60
0,248.0,0.4743443429470062,296.0,3.0,293.0,12406.0,271.77551020408157,12860.388671875,32.877777099609375,2.7333333492279053,14862.283203125,19.866666793823242,3.6666667461395264,4.372222423553467,43.92778015136719,15649.388671875,2893.0857142857144,0.7146905064582825,25.73714256286621,142.74285714285713,1413.8609619140625,2192.685791015625,-0.08171427249908447,971.7142857142857,1,476,1,0,0,21,15,99
1,190.0,0.23261117935180664,296.0,3.0,293.0,5848.0,269.9999999999999,13951.1669921875,35.099998474121094,7.300000190734863,17776.55078125,21.58333396911621,5.199999809265137,4.449999809265137,40.36666488647461,23350.833984375,2862.3142857142857,0.7152857184410095,25.7405948638916,149.57142857142858,1419.66943359375,2160.1142578125,-0.07999997586011887,966.4285714285714,1,476,1,0,0,31,26,73
0,252.0,0.8289623856544495,296.0,3.0,293.0,5618.0,273.5510204081632,13163.0,33.66666793823242,3.7333333492279053,15303.2666015625,19.316667556762695,3.799999952316284,4.400000095367432,44.983333587646484,16630.666015625,2871.457142857143,0.7022619247436523,25.59559440612793,149.8,1420.75390625,2162.742919921875,-0.1055714339017868,962.9428571428572,2,476,1,0,0,21,31,99
0,244.0,0.46294185519218445,296.0,3.0,293.0,12262.0,278.32653061224477,14342.6669921875,31.116666793823242,5.166666507720947,14782.0498046875,20.91666603088379,4.099999904632568,4.433333396911621,43.45000076293945,17083.166015625,2885.8285714285716,0.698023796081543,25.49761962890625,149.05714285714285,1418.9188232421875,2173.857177734375,-0.21345236897468567,962.4285714285714,4,476,1,0,0,31,7,88
0,228.0,0.7548460364341736,296.0,3.0,293.0,11540.0,289.34693877551007,15465.3330078125,35.36666488647461,4.0333333015441895,14911.2998046875,21.03333282470703,3.5,4.400000095367432,44.650001525878906,16427.333984375,2918.6857142857143,0.6962618827819824,25.4858341217041,147.65714285714284,1426.874755859375,2214.1142578125,-0.2793571352958679,967.6285714285714,0,476,1,0,0,31,13,107
0,276.0,0.46294185519218445,296.0,3.0,293.0,5326.0,286.53061224489784,13542.8330078125,36.06666564941406,2.4666666984558105,15455.2333984375,19.850000381469727,3.700000047683716,4.433333396911621,47.150001525878906,15800.1669921875,2874.5714285714284,0.6825476288795471,25.304523468017578,153.17142857142858,1424.1959228515625,2185.685791015625,-0.34159523248672485,954.9428571428572,1,476,1,0,0,21,6,118
0,148.0,0.6887115240097046,296.0,3.0,293.0,2496.0,286.14285714285694,18455.833984375,36.900001525878906,1.1166666746139526,13968.0498046875,20.133333206176758,4.400000095367432,4.433333396911621,41.58333206176758,17084.333984375,2873.885714285714,0.6798095107078552,25.257261276245117,153.5142857142857,1426.1016845703125,2190.60009765625,-0.3735952377319336,954.5714285714286,2,476,1,0,0,42,14,63
0,241.0,0.4139110743999481,296.0,3.0,293.0,1513.0,279.142857142857,14294.888671875,32.50555419921875,3.383333444595337,13595.93359375,19.433332443237305,3.7333333492279053,4.455555438995361,46.4888916015625,16264.2783203125,2865.6857142857143,0.676880955696106,25.24071502685547,156.37142857142857,1427.9742431640625,2185.45703125,-0.5292618870735168,952.1714285714286,0,476,1,0,0,21,24,92
0,321.0,0.17103762924671173,296.0,3.0,293.0,3442.0,276.1632653061223,12754.6669921875,36.150001525878906,4.75,17841.30078125,22.399999618530273,4.400000095367432,4.699999809265137,44.18333435058594,20518.0,2946.657142857143,0.68878573179245,25.366310119628906,153.97142857142856,1429.9578857421875,2196.571533203125,-0.7007142901420593,959.7142857142857,1,476,1,0,0,21,10,121
0,244.0,0.4948688745498657,296.0,3.0,293.0,7510.0,274.65306122448965,14300.0,37.56666564941406,3.0999999046325684,14826.06640625,20.649999618530273,3.5,4.5333333015441895,42.78333282470703,15555.0,3035.8285714285716,0.6811904907226562,25.20619010925293,157.57142857142858,1431.448486328125,2173.54296875,-0.7711666822433472,952.5428571428571,0,476,1,0,0,31,6,93
0,225.0,0.052451539784669876,296.0,3.0,293.0,12678.0,273.36734693877526,14572.0,36.46666717529297,2.75,15921.849609375,22.049999237060547,4.599999904632568,4.699999809265137,43.03333282470703,18871.0,3129.2285714285713,0.6940237879753113,25.307024002075195,158.54285714285714,1434.35693359375,2161.771484375,-0.8459285497665405,957.0,1,476,1,0,0,21,7,99
0,216.0,0.015963511541485786,296.0,3.0,293.0,12512.0,274.63265306122423,14561.5,35.844444274902344,3.2944445610046387,19658.720703125,25.755556106567383,4.566666603088379,4.605555534362793,43.89444351196289,18739.388671875,3184.1714285714284,0.6959523558616638,25.252262115478516,159.34285714285716,1430.874755859375,2136.371337890625,-0.809238076210022,954.7714285714286,1,476,1,0,0,21,11,107
0,156.0,0.5792474150657654,296.0,3.0,293.0,2788.0,281.9387755102038,16432.0,34.83333206176758,3.950000047683716,16099.0,21.46666717529297,4.400000095367432,4.583333492279053,42.66666793823242,18429.666015625,3249.542857142857,0.6913809776306152,25.262500762939453,162.02857142857144,1426.5728759765625,2122.45703125,-0.9095237851142883,946.3714285714286,1,476,1,0,0,21,8,60
0,,0.06157354637980461,296.0,3.0,293.0,3824.0,294.081632653061,14397.3330078125,27.08333396911621,3.299999952316284,20131.55078125,22.96666717529297,4.0,4.650000095367432,46.46666717529297,23151.833984375,3427.714285714286,0.7040952444076538,25.321548461914062,165.54285714285714,1429.172119140625,2072.0,-0.9496904611587524,948.7428571428571,2,476,1,0,0,41,4,
0,440.0,0.5005701184272766,296.0,3.0,293.0,1418.0,306.06122448979556,16829.27734375,32.14444351196289,2.6666667461395264,15124.7109375,20.46666717529297,3.799999952316284,4.383333206176758,44.03333282470703,14957.111328125,3453.9714285714285,0.6957619190216064,25.351428985595703,174.65714285714284,1429.454833984375,2035.2572021484375,-1.0077619552612305,937.8,0,476,1,0,1,41,10,193
0,151.0,0.47662484645843506,296.0,3.0,293.0,1202.0,314.7142857142854,12835.5,32.83333206176758,3.4833333492279053,14862.150390625,20.899999618530273,4.099999904632568,4.449999809265137,43.75,15124.0,3480.714285714286,0.6836904883384705,25.17119026184082,174.02857142857144,1427.272705078125,2022.5714111328125,-1.1224285364151,932.0,3,476,1,0,1,21,6,69
0,402.0,0.9076396822929382,296.0,3.0,293.0,1039.0,324.30612244897935,13714.6669921875,27.5,2.700000047683716,13221.6669921875,21.0,3.700000047683716,4.483333110809326,47.53333282470703,14666.3330078125,3520.8,0.6968333125114441,25.302143096923828,175.34285714285716,1430.89794921875,2038.0,-1.0305237770080566,936.3714285714286,0,476,1,0,1,21,34,204
1,288.0,0.05815279483795166,296.0,3.0,293.0,1929.0,325.26530612244875,12868.1669921875,30.116666793823242,1.9833333492279053,18050.232421875,20.316667556762695,3.799999952316284,4.449999809265137,49.21666717529297,16143.1669921875,3642.2,0.71490478515625,25.312381744384766,168.05714285714285,1430.643310546875,2089.39990234375,-0.8250714540481567,949.0857142857143,2,476,1,0,0,42,9,138
1,141.0,0.1277080923318863,296.0,3.0,293.0,2147.0,325.26530612244875,13679.0,24.53333282470703,2.883333444595337,13602.2001953125,19.83333396911621,3.299999952316284,4.599999904632568,54.28333282470703,16181.8330078125,3642.2,0.71490478515625,25.312381744384766,168.05714285714285,1430.643310546875,2089.39990234375,-0.8250714540481567,949.0857142857143,2,476,1,0,0,42,7,62
0,358.0,0.4446978271007538,296.0,3.0,293.0,1512.0,324.73469387755074,15640.6669921875,23.816667556762695,4.949999809265137,12838.3837890625,20.299999237060547,4.099999904632568,4.483333110809326,54.53333282470703,15481.0,3538.7714285714287,0.7201666831970215,25.32154655456543,176.0857142857143,1435.29833984375,2110.45703125,-0.5272380709648132,942.8857142857142,0,476,1,0,0,41,12,166
0,356.0,0.2919042110443115,296.0,3.0,293.0,2402.0,326.7346938775508,12723.1669921875,29.116666793823242,3.299999952316284,14912.9833984375,19.649999618530273,3.5999999046325684,4.683333396911621,40.88333511352539,14899.1669921875,3473.7428571428572,0.7540476322174072,25.436309814453125,186.74285714285713,1439.0955810546875,2100.571533203125,-0.5145952105522156,944.5714285714286,2,476,1,0,0,41,12,164
0,367.0,0.15849487483501434,296.0,3.0,293.0,1341.0,325.1224489795915,12250.6669921875,26.450000762939453,2.633333444595337,14296.06640625,20.016666412353516,3.700000047683716,4.5,46.04999923706055,16628.166015625,3471.0857142857144,0.7806428670883179,25.709762573242188,184.71428571428572,1440.5875244140625,2116.800048828125,-0.510952353477478,954.1142857142858,2,476,1,0,0,21,9,171
0,286.0,0.8643101453781128,296.0,3.0,293.0,1040.0,314.34693877550995,12588.0,28.799999237060547,3.8499999046325684,13339.716796875,19.899999618530273,3.4000000953674316,4.400000095367432,41.78333282470703,14634.5,3470.7714285714287,0.7785238027572632,25.51785659790039,189.45714285714286,1442.67724609375,2067.28564453125,-0.5328333377838135,949.4857142857143,0,476,1,0,0,41,13,117
0,155.8945437242065,0.8472064137458801,296.0,3.0,293.0,1091.0,304.55102040816314,15205.4443359375,29.2722225189209,3.1777777671813965,14386.3896484375,20.044443130493164,3.299999952316284,4.444444179534912,40.03333282470703,14372.888671875,3418.6857142857143,0.7999761700630188,25.64630889892578,196.05714285714285,1447.6263427734375,2022.3428955078125,-0.46950000524520874,951.9714285714285,0,476,1,0,0,21,1,79
1,323.0,0.7172178030014038,296.0,3.0,293.0,1237.0,299.75510204081615,17590.5,24.616666793823242,4.599999904632568,14510.75,19.83333396911621,3.200000047683716,4.400000095367432,43.266666412353516,14519.8330078125,3409.285714285714,0.8109285831451416,25.7882137298584,195.17142857142858,1448.89599609375,2013.5428466796875,-0.3915952444076538,955.0,1,476,1,0,0,41,8,164
0,191.0,0.6271379590034485,296.0,3.0,293.0,1246.0,293.8367346938775,13634.3330078125,26.933332443237305,2.383333444595337,14556.716796875,19.733333587646484,3.0999999046325684,4.483333110809326,40.61666488647461,14557.8330078125,3404.0,0.8157380819320679,25.758453369140625,195.2,1449.2105712890625,2009.82861328125,-0.38366666436195374,958.0285714285715,2,476,1,0,0,42,9,71
0,69.0,0.2964652180671692,296.0,3.0,293.0,1327.0,289.16326530612236,11785.5,29.03333282470703,2.9666666984558105,14720.75,19.866666793823242,3.0999999046325684,4.400000095367432,44.53333282470703,14808.3330078125,3354.9142857142856,0.8139523863792419,25.711427688598633,197.25714285714287,1448.9873046875,1997.3428955078125,-0.1402857005596161,955.9428571428572,1,476,1,0,0,41,7,26
0,118.0,0.7229190468788147,296.0,3.0,293.0,1157.0,284.877551020408,15798.1669921875,27.366666793823242,9.016666412353516,23313.400390625,20.683332443237305,3.4000000953674316,4.383333206176758,45.56666564941406,22779.166015625,3308.657142857143,0.8092619180679321,25.602737426757812,197.97142857142856,1453.4923095703125,1985.6856689453125,0.07502381503582001,956.5428571428571,1,476,1,0,0,31,11,47
0,165.0,0.5564424395561218,296.0,3.0,293.0,1123.0,282.9999999999999,12940.3330078125,30.116666793823242,2.7666666507720947,15200.2001953125,20.233333587646484,3.0999999046325684,4.449999809265137,46.56666564941406,15135.5,3251.2285714285713,0.8239285945892334,25.775238037109375,202.02857142857144,1457.964111328125,1971.4571533203125,0.1225714460015297,959.4857142857143,1,476,1,0,0,41,17,69
0,267.0,0.7696693539619446,296.0,3.0,293.0,1083.0,282.3673469387753,15836.1669921875,28.91666603088379,2.5333333015441895,14250.716796875,19.133333206176758,3.200000047683716,4.383333206176758,43.400001525878906,14939.3330078125,3190.5142857142855,0.8326190710067749,25.814285278320312,207.05714285714285,1461.6011962890625,1950.6571044921875,0.239976167678833,958.9428571428572,0,476,1,1,0,21,11,120
1,265.0,0.21208666265010834,296.0,3.0,293.0,1359.0,276.8571428571427,17374.0,23.433332443237305,3.0166666507720947,15240.900390625,19.233333587646484,3.0999999046325684,4.483333110809326,52.650001525878906,14043.0,3087.8285714285716,0.8542619347572327,26.031429290771484,209.68571428571428,1458.5269775390625,1941.5999755859375,0.4977380931377411,961.5714285714286,0,476,1,1,0,31,22,135
0,174.0,0.45039910078048706,296.0,3.0,293.0,2408.0,274.51020408163254,14165.0,26.71666717529297,4.116666793823242,15885.5,19.633333206176758,3.5999999046325684,4.483333110809326,48.599998474121094,14534.8330078125,3085.6285714285714,0.8598095178604126,25.923809051513672,213.14285714285714,1461.18115234375,1936.6285400390625,0.5531190633773804,959.6,0,476,1,0,0,31,15,71
1,60.0,0.009122006595134735,296.0,3.0,293.0,3181.0,272.4897959183672,16262.7783203125,25.711111068725586,3.3333332538604736,17228.126953125,20.016666412353516,3.433333396911621,4.583333492279053,56.06666564941406,14712.27734375,3073.4285714285716,0.8640238046646118,26.07559585571289,215.37142857142857,1462.191650390625,1932.228515625,0.7252143025398254,959.7428571428571,1,476,1,0,0,31,30,24
0,305.0,0.839224636554718,296.0,3.0,293.0,1128.0,271.2857142857141,17234.666015625,23.350000381469727,2.799999952316284,15812.466796875,19.266666412353516,3.0999999046325684,4.383333206176758,54.900001525878906,16030.0,3102.1714285714284,0.8792856931686401,26.048572540283203,217.0857142857143,1462.104736328125,1926.199951171875,0.7224523425102234,960.8571428571429,0,476,1,0,0,21,35,155
0,122.0,0.03762827813625336,296.0,3.0,293.0,5699.0,271.2857142857141,,,,,,,,,,3117.3142857142857,0.892047643661499,26.09404754638672,214.88571428571427,1459.9132080078125,1934.6285400390625,0.6679762005805969,966.2571428571429,1,476,1,0,0,21,26,51
0,96.0,0.1345496028661728,296.0,3.0,293.0,3829.0,271.5102040816325,11946.1669921875,28.266666412353516,3.2333333492279053,16503.0,22.766666412353516,4.300000190734863,4.550000190734863,47.81666564941406,19681.166015625,3123.0285714285715,0.8825476169586182,25.839405059814453,218.14285714285714,1462.828857421875,1927.199951171875,0.5643333196640015,964.3714285714286,0,476,1,0,0,21,6,37
0,173.0,0.8221208453178406,296.0,3.0,293.0,1616.0,271.6734693877549,15009.6669921875,25.08333396911621,2.2166666984558105,14463.0498046875,19.21666717529297,3.299999952316284,4.416666507720947,51.400001525878906,15610.6669921875,3108.7428571428572,0.8852618932723999,25.915237426757812,220.82857142857142,1463.2891845703125,1918.1142578125,0.5285714268684387,961.8285714285714,0,476,1,0,0,21,35,83
0,58.0,0.7890536189079285,296.0,3.0,293.0,1065.0,271.7346938775508,12349.6669921875,29.08333396911621,2.7166666984558105,15383.099609375,19.566667556762695,3.5,4.483333110809326,40.38333511352539,16180.3330078125,3112.2285714285713,0.8779761791229248,25.812856674194336,218.42857142857142,1460.498046875,1920.3428955078125,0.5519047379493713,961.3142857142857,2,476,1,0,0,31,1,29
0,178.0,0.7673888206481934,296.0,3.0,293.0,1727.0,272.59183673469363,11347.0,22.883333206176758,4.099999904632568,15475.650390625,20.450000762939453,4.0,4.383333206176758,41.36666488647461,19456.0,3042.285714285714,0.8933571577072144,25.77130889892578,224.65714285714284,1466.703369140625,1908.228515625,0.37659525871276855,961.0857142857143,0,476,1,0,0,31,35,77
0,190.0,0.13340935111045837,296.0,3.0,293.0,3364.0,274.22448979591815,13286.6669921875,25.566667556762695,3.450000047683716,16257.56640625,19.58333396911621,3.700000047683716,4.550000190734863,48.53333282470703,15589.5,3034.1428571428573,0.9051190614700317,25.76226234436035,220.71428571428572,1461.386474609375,1912.4000244140625,0.2623809576034546,963.6571428571428,0,476,1,0,0,21,9,72
0,194.0,0.26567843556404114,296.0,3.0,293.0,4434.0,274.04081632653043,14235.0,24.91666603088379,2.450000047683716,14382.716796875,20.850000381469727,3.4000000953674316,4.650000095367432,48.150001525878906,17064.5,3023.7428571428572,0.9177619218826294,25.818214416503906,219.8,1463.0189208984375,1915.8857421875,0.23297619819641113,968.8857142857142,2,476,1,0,0,21,5,90
0,125.0,0.17901939153671265,296.0,3.0,293.0,3634.0,271.3265306122447,11448.111328125,24.02777671813965,2.0999999046325684,14796.0947265625,19.9777774810791,3.700000047683716,4.688889026641846,52.7055549621582,15892.0556640625,2978.1428571428573,0.9299047589302063,25.966428756713867,224.88571428571427,1471.9112548828125,1885.3143310546875,0.18097618222236633,973.1428571428571,1,476,1,0,0,31,10,49
0,157.0,0.7297605276107788,296.0,3.0,293.0,2750.0,261.7142857142855,14487.1669921875,23.21666717529297,3.799999952316284,15607.2998046875,19.83333396911621,4.199999809265137,4.699999809265137,50.18333435058594,16745.666015625,2940.1714285714284,0.9356428384780884,25.91023826599121,229.65714285714284,1468.645751953125,1844.4571533203125,0.02733333222568035,968.3428571428572,2,476,1,0,0,41,9,58
0,85.0,0.027366019785404205,296.0,3.0,293.0,1454.0,259.99999999999983,13663.3330078125,23.366666793823242,4.199999809265137,15846.93359375,20.016666412353516,4.0,4.650000095367432,50.04999923706055,20213.0,2910.4,0.9505476355552673,26.028213500976562,234.88571428571427,1471.31884765625,1816.6856689453125,-0.042642850428819656,968.8,2,476,1,0,0,21,9,36
1,190.0,0.017103763297200203,296.0,3.0,293.0,1528.0,256.16326530612236,13236.22265625,23.811111450195312,3.444444417953491,14808.72265625,18.988887786865234,3.700000047683716,4.633333206176758,49.594444274902344,16510.111328125,2858.4857142857145,0.9737619161605835,26.226905822753906,239.97142857142856,1477.916259765625,1811.7427978515625,-0.20545238256454468,974.9714285714285,1,476,1,0,0,41,10,71
0,211.0,0.0,296.0,3.0,293.0,3997.0,255.7959183673468,14534.0,28.16666603088379,8.383333206176758,15975.8330078125,22.100000381469727,4.699999809265137,4.599999904632568,40.54999923706055,18992.5,2977.714285714286,1.0132380723953247,26.35285758972168,223.34285714285716,1472.288818359375,1874.2572021484375,-0.1124761775135994,999.7428571428571,1,476,1,0,0,31,18,94
0,194.0,0.3922463059425354,296.0,3.0,293.0,1192.0,248.3469387755101,16217.0,28.350000381469727,2.049999952316284,20916.55078125,21.233333587646484,3.799999952316284,4.683333396911621,47.0,18511.666015625,2909.7714285714287,0.9762619137763977,26.003808975219727,235.9142857142857,1482.032958984375,1861.6285400390625,-0.23509524762630463,983.3714285714286,1,476,1,0,0,31,4,84
1,176.0,0.29304447770118713,296.0,3.0,293.0,9784.0,249.93877551020393,12124.5,27.433332443237305,2.683333396911621,16323.533203125,21.266666412353516,4.0,4.5,42.31666564941406,16637.333984375,2927.8285714285716,1.0051904916763306,26.276309967041016,236.14285714285714,1481.7008056640625,1869.6856689453125,-0.22607143223285675,988.6857142857143,0,476,1,0,0,21,4,80
1,110.0,0.0045610032975673676,296.0,3.0,293.0,14846.0,245.79591836734681,12050.8330078125,27.950000762939453,1.3166667222976685,17180.083984375,20.933332443237305,3.5999999046325684,4.583333492279053,46.70000076293945,18374.166015625,2850.657142857143,1.031333327293396,26.388689041137695,238.14285714285714,1485.923095703125,1902.971435546875,-0.4998333156108856,1000.4,1,476,1,0,0,31,13,44
1,129.0,0.3318130075931549,296.0,3.0,293.0,11532.0,248.85714285714266,12894.6669921875,29.866666793823242,1.2000000476837158,15490.2998046875,21.383333206176758,3.9000000953674316,4.683333396911621,45.71666717529297,17373.833984375,2872.8,1.038619041442871,26.363332748413086,234.05714285714285,1483.09375,1925.4857177734375,-0.39330950379371643,1003.7428571428571,1,476,1,0,0,41,18,53
1,109.0,0.3591790199279785,296.0,3.0,293.0,1088.0,248.40816326530592,14601.3330078125,27.0,1.4666666984558105,15492.8837890625,22.049999237060547,4.300000190734863,4.833333492279053,42.43333435058594,19588.0,2754.5714285714284,1.0371904373168945,26.233808517456055,230.37142857142857,1490.2283935546875,1986.5428466796875,-0.6091428399085999,1012.8285714285714,0,476,1,0,0,31,15,46
0,96.0,0.27480044960975647,296.0,3.0,293.0,1871.0,248.40816326530592,12412.0,27.516666412353516,2.2833333015441895,15948.6669921875,21.366666793823242,4.400000095367432,4.766666889190674,47.900001525878906,20496.166015625,2785.285714285714,1.0327857732772827,26.142620086669922,224.5142857142857,1493.571533203125,2003.771484375,-0.48992857336997986,1019.5142857142857,1,476,1,0,0,42,15,38
0,155.0,0.38996580243110657,296.0,3.0,293.0,1108.0,250.67346938775484,12706.5,31.0,0.949999988079071,17381.482421875,21.66666603088379,4.199999809265137,4.583333492279053,48.016666412353516,19204.333984375,2825.0857142857144,1.0593810081481934,26.375595092773438,215.5142857142857,1486.92138671875,2038.800048828125,-0.25942856073379517,1032.0857142857142,2,476,1,0,0,21,9,61
0,209.0,0.5553021430969238,296.0,3.0,293.0,1677.0,250.85714285714263,15767.8330078125,24.66666603088379,2.0166666507720947,16516.517578125,21.433332443237305,4.699999809265137,4.650000095367432,48.04999923706055,18073.5,2770.285714285714,1.0749762058258057,26.4375,220.62857142857143,1495.3719482421875,2091.485595703125,-0.2850238084793091,1037.5428571428572,1,476,1,0,0,31,7,81
0,229.0,0.5473204255104065,296.0,3.0,293.0,1030.0,250.85714285714263,16153.6669921875,28.238887786865234,2.200000047683716,16867.009765625,22.322221755981445,4.566666603088379,4.661111354827881,46.988887786865234,20496.72265625,2770.942857142857,1.0754761695861816,26.3896427154541,219.22857142857143,1491.7799072265625,2109.17138671875,-0.25842854380607605,1036.9142857142858,1,476,1,0,0,21,12,98
1,250.0,0.1277080923318863,296.0,3.0,293.0,2225.0,251.1632653061223,17301.0,27.21666717529297,3.4000000953674316,19492.93359375,21.383333206176758,5.400000095367432,4.683333396911621,47.900001525878906,21929.0,2772.114285714286,1.0943571329116821,26.540119171142578,217.85714285714286,1489.1934814453125,2128.199951171875,-0.27092859148979187,1040.7142857142858,0,476,1,0,0,41,13,91
0,128.0,0.10946407914161682,296.0,3.0,293.0,2377.0,250.22448979591826,18513.0,29.883333206176758,4.75,23559.69921875,23.850000381469727,4.599999904632568,4.833333492279053,44.58333206176758,25650.0,2755.9714285714285,1.120904803276062,26.510356903076172,218.74285714285713,1498.0750732421875,2176.314208984375,-0.4252142906188965,1054.0285714285715,1,476,1,0,0,31,13,46
0,201.0,0.5017103552818298,296.0,3.0,293.0,1633.0,249.7346938775509,15453.166015625,29.961111068725586,1.4444444179534912,17656.990234375,21.88888931274414,4.0,4.44444465637207,48.54999923706055,20406.27734375,2781.342857142857,1.1371190547943115,26.650238037109375,215.82857142857142,1497.3623046875,2173.94287109375,-0.28026190400123596,1059.3428571428572,0,476,1,0,0,21,13,74
1,220.0,0.20638540387153625,267.0,4.0,293.0,3010.0,237.7346938775509,15287.3330078125,26.30000114440918,2.805555582046509,17211.15625,22.655555725097656,4.199999809265137,4.483333587646484,50.71666717529297,18889.22265625,2615.6,1.1622618436813354,26.845001220703125,227.88571428571427,1500.2662353515625,2156.971435546875,-0.542285680770874,1057.057142857143,1,476,1,0,0,21,15,82
0,165.0,0.5199543833732605,267.0,4.0,293.0,4036.0,237.7346938775509,13893.0,28.133333206176758,1.3166667222976685,17141.44921875,21.433332443237305,4.400000095367432,4.7166666984558105,48.150001525878906,23845.5,2615.6,1.1622618436813354,26.845001220703125,227.88571428571427,1500.2662353515625,2156.971435546875,-0.542285680770874,1057.057142857143,1,476,1,0,0,21,14,70
0,130.0,0.014823260717093945,267.0,4.0,293.0,10222.0,232.5510204081632,11853.3330078125,26.566667556762695,1.3666666746139526,18170.599609375,21.25,3.9000000953674316,4.633333206176758,52.900001525878906,20981.333984375,2444.9142857142856,1.2006428241729736,26.877262115478516,232.11428571428573,1509.3851318359375,2185.142822265625,-0.8483809232711792,1070.5714285714287,1,476,1,0,0,21,9,49
0,195.0,0.1961231529712677,267.0,4.0,293.0,17181.0,227.42857142857127,12555.3330078125,29.316667556762695,1.2333333492279053,17033.267578125,21.53333282470703,4.199999809265137,4.5333333015441895,49.13333511352539,18535.666015625,2457.6285714285714,1.2144999504089355,26.975000381469727,236.0857142857143,1508.2291259765625,2173.6572265625,-0.7251666784286499,1069.7714285714285,0,476,1,0,0,21,17,75
0,192.0,0.4047890603542328,267.0,4.0,293.0,16384.0,223.20408163265287,14311.6669921875,26.549999237060547,1.0333333015441895,17040.5,21.433332443237305,4.0,4.566666603088379,49.5,20216.666015625,2372.5714285714284,1.2404999732971191,27.012144088745117,241.88571428571427,1507.2781982421875,2187.54296875,-0.8145952224731445,1071.4571428571428,0,476,1,0,0,21,15,80
0,179.0,0.08209805935621262,267.0,4.0,293.0,10753.0,219.63265306122432,13205.0,26.483333587646484,2.8499999046325684,16938.5,22.566667556762695,4.599999904632568,4.683333396911621,46.58333206176758,21181.333984375,2389.3142857142857,1.2652618885040283,27.106189727783203,254.6,1515.211181640625,2186.228515625,-0.8749285936355591,1073.6,1,476,1,0,0,21,2,73
0,177.0,0.07753705978393555,267.0,4.0,293.0,4156.0,225.30612244897944,12463.5,26.899999618530273,1.3666666746139526,17381.916015625,22.233333587646484,4.800000190734863,4.7833333015441895,48.63333511352539,19328.333984375,2473.942857142857,1.280238151550293,27.22297477722168,253.37142857142857,1510.671875,2184.800048828125,-0.8125238418579102,1077.3142857142857,0,476,1,0,0,21,9,62
1,201.0,0.0057012541219592094,267.0,4.0,293.0,3918.0,228.12244897959167,13749.3330078125,28.21666717529297,1.0333333015441895,18224.666015625,22.566667556762695,4.199999809265137,4.683333396911621,48.04999923706055,21092.333984375,2493.942857142857,1.2924761772155762,27.23952293395996,253.4,1514.185546875,2200.485595703125,-0.8397142887115479,1083.2285714285715,1,476,1,0,0,31,20,84
1,109.0,0.01254275906831026,267.0,4.0,293.0,13153.0,228.3877551020406,14136.6669921875,31.233333587646484,0.6166666746139526,18590.216796875,21.899999618530273,4.199999809265137,4.683333396911621,47.78333282470703,20775.333984375,2508.1428571428573,1.3352619409561157,27.41190528869629,257.2857142857143,1509.6060791015625,2213.257080078125,-0.9852380752563477,1086.5714285714287,0,476,1,0,0,31,17,40
0,,0.06385404616594315,267.0,4.0,293.0,10975.0,228.3877551020406,12539.1669921875,34.68333435058594,0.7166666388511658,19599.25,22.266666412353516,4.300000190734863,4.666666507720947,45.099998474121094,22050.0,2530.1714285714284,1.3450238704681396,27.436548233032227,255.62857142857143,1508.9407958984375,2218.514404296875,-0.9753333330154419,1091.4285714285713,0,476,1,0,0,34,33,
0,264.0,0.15849487483501434,267.0,4.0,293.0,8605.0,231.77551020408143,13773.0,30.03333282470703,3.450000047683716,18339.94921875,24.566667556762695,4.800000190734863,4.583333492279053,40.45000076293945,25574.0,2575.6,1.3299047946929932,27.310237884521484,258.4,1507.062744140625,2204.971435546875,-0.9370952248573303,1086.8,2,476,1,0,0,31,8,103
0,245.0,0.5849486589431763,267.0,4.0,293.0,4068.0,238.71428571428552,12141.6669921875,28.172222137451172,0.7166666388511658,16846.099609375,21.7277774810791,4.099999904632568,4.733333110809326,51.18888854980469,19925.166015625,2620.542857142857,1.326380968093872,27.33678436279297,258.74285714285713,1514.2342529296875,2199.257080078125,-0.8026190400123596,1090.1714285714286,1,476,1,0,0,42,8,88
1,121.0,0.017103763297200203,267.0,4.0,293.0,13880.0,236.0408163265304,11927.3330078125,24.83333396911621,0.75,14641.1337890625,21.733333587646484,4.099999904632568,4.583333492279053,50.900001525878906,35344.33203125,2570.4,1.3390476703643799,27.438928604125977,264.2857142857143,1517.0484619140625,2177.742919921875,-0.8711428642272949,1090.2285714285715,1,476,1,0,0,41,27,45
1,247.0,0.04675028473138809,267.0,4.0,293.0,21339.0,235.02040816326507,10920.5,29.016666412353516,1.0166666507720947,17264.3671875,21.200000762939453,4.5,4.683333396911621,47.33333206176758,36974.16796875,2577.6285714285714,1.3340952396392822,27.415000915527344,268.45714285714286,1519.65673828125,2147.914306640625,-0.8106666803359985,1086.4571428571428,0,476,1,0,0,41,11,93
0,305.78398720064604,0.17103762924671173,267.0,4.0,293.0,19034.0,232.95918367346923,12472.0,27.75,0.7166666388511658,15201.0,21.16666603088379,3.799999952316284,4.633333206176758,46.66666793823242,18474.0,2588.3142857142857,1.3210713863372803,27.312856674194336,267.9142857142857,1516.2056884765625,2157.199951171875,-0.7798333168029785,1084.4,1,476,1,0,0,41,8,117
0,,0.019384264945983887,267.0,4.0,293.0,17302.0,231.14285714285697,15543.22265625,29.7277774810791,1.2944444417953491,18098.7109375,23.744443893432617,4.5333333015441895,4.694444179534912,47.227779388427734,24740.666015625,2564.0,1.3137381076812744,27.2065486907959,267.8,1517.6370849609375,2170.82861328125,-0.838952362537384,1086.5714285714287,3,476,1,0,0,24,6,
0,182.0,0.4321550726890564,267.0,4.0,293.0,12874.0,227.61224489795904,13110.1669921875,30.91666603088379,1.5333333015441895,16270.3837890625,23.433332443237305,4.099999904632568,4.566666603088379,45.86666488647461,20804.666015625,2623.1714285714284,1.3148809671401978,27.214048385620117,265.37142857142857,1508.8602294921875,2183.28564453125,-0.684499979019165,1085.6285714285714,2,476,1,0,0,31,6,66
0,176.0,0.29532498121261597,267.0,4.0,293.0,4955.0,222.93877551020398,14240.6669921875,28.28333282470703,2.299999952316284,17494.767578125,25.03333282470703,5.0,4.633333206176758,42.81666564941406,24067.166015625,2607.5142857142855,1.299380898475647,27.089879989624023,267.65714285714284,1509.454345703125,2202.6572265625,-0.5704047679901123,1078.7142857142858,0,476,1,0,0,21,12,66
1,249.0,0.0946408212184906,267.0,4.0,293.0,8291.0,217.24489795918356,12868.3330078125,26.816667556762695,2.433333396911621,15150.4833984375,21.566667556762695,4.599999904632568,4.5333333015441895,47.68333435058594,19573.0,2583.285714285714,1.3078094720840454,27.210834503173828,272.14285714285717,1513.63818359375,2201.71435546875,-0.5177618861198425,1078.6857142857143,2,476,1,0,0,42,3,87
0,132.0,0.6442417502403259,267.0,4.0,293.0,8906.0,215.73469387755097,11824.6669921875,34.349998474121094,9.783333778381348,20472.1171875,26.41666603088379,6.0,4.633333206176758,30.899999618530273,25155.833984375,2595.2285714285713,1.2742619514465332,26.780595779418945,272.34285714285716,1518.6663818359375,2238.1142578125,-0.32695236802101135,1075.4571428571428,2,476,1,0,0,21,1,57
0,121.0,0.1767388880252838,267.0,4.0,293.0,15441.0,206.46938775510196,14966.0,30.616666793823242,0.7166666388511658,20458.599609375,25.350000381469727,5.599999904632568,4.683333396911621,36.68333435058594,26896.666015625,2557.2571428571428,1.295880913734436,26.965476989746094,271.9428571428571,1514.38330078125,2256.857177734375,-0.41504761576652527,1079.1142857142856,2,476,1,0,0,21,9,44
0,75.0,0.02964652143418789,267.0,4.0,293.0,22423.0,199.9183673469387,14241.5,30.100000381469727,1.9500000476837158,18765.0,22.866666793823242,4.699999809265137,4.916666507720947,42.75,23223.333984375,2508.3714285714286,1.3090952634811401,27.135000228881836,277.0285714285714,1515.17724609375,2258.17138671875,-0.49573808908462524,1078.5714285714287,6,476,1,0,0,31,10,28
0,131.0,0.3717217743396759,267.0,4.0,293.0,26478.0,193.95918367346934,13309.0,30.516666412353516,3.2333333492279053,21076.18359375,26.399999618530273,6.0,4.583333492279053,34.266666412353516,27093.833984375,2658.6,1.2671904563903809,26.739404678344727,272.65714285714284,1510.6015625,2279.45703125,-0.4469524025917053,1071.5428571428572,3,476,1,0,0,21,24,67
0,114.0,0.0,267.0,4.0,229.0,24757.0,190.08163265306118,13922.3330078125,31.100000381469727,0.9666666388511658,23749.333984375,24.383333206176758,5.800000190734863,4.683333396911621,33.54999923706055,24515.333984375,2682.5142857142855,1.2740952968597412,26.845476150512695,272.4,1513.4449462890625,2281.028564453125,-0.36502382159233093,1074.7428571428572,1,481,1,0,0,21,22,45
0,,0.11630558967590332,267.0,4.0,229.0,19425.0,187.44897959183666,14844.6669921875,30.183332443237305,3.9666666984558105,23066.033203125,25.58333396911621,5.599999904632568,4.683333396911621,33.61666488647461,24923.666015625,2835.714285714286,1.23285710811615,26.42273712158203,265.25714285714287,1511.6146240234375,2282.39990234375,-0.42342856526374817,1072.3714285714286,2,481,1,0,0,31,11,
0,130.0,0.21094641089439392,267.0,4.0,229.0,10365.0,187.77551020408154,11021.3330078125,30.883333206176758,2.316666603088379,20336.833984375,27.983333587646484,5.599999904632568,4.483333110809326,30.58333396911621,26545.666015625,2986.0285714285715,1.2159762382507324,26.357379913330078,257.2,1512.5797119140625,2275.39990234375,-0.3133571147918701,1076.7142857142858,1,481,1,0,0,21,20,53
0,144.0,0.17217788100242615,267.0,4.0,229.0,16465.0,187.9795918367346,12054.388671875,30.088890075683594,2.422222137451172,21146.10546875,27.700000762939453,6.099999904632568,4.672222137451172,29.322221755981445,27097.388671875,3137.0285714285715,1.208309531211853,26.337617874145508,255.0,1518.4595947265625,2264.199951171875,-0.4465000033378601,1079.057142857143,3,481,1,0,0,21,9,48
0,176.0,0.2759407162666321,267.0,4.0,229.0,13889.0,190.08163265306112,13366.1669921875,27.83333396911621,3.366666555404663,25545.80078125,25.700000762939453,5.199999809265137,4.933333396911621,33.56666564941406,27614.5,3196.285714285714,1.1996428966522217,26.313095092773438,253.5142857142857,1517.079833984375,2253.8857421875,-0.4524523913860321,1078.6857142857143,2,481,1,0,0,21,3,78
0,91.0,0.5005701184272766,267.0,4.0,229.0,8832.0,194.04081632653052,12743.0,30.366666793823242,2.9666666984558105,21797.466796875,25.183332443237305,5.300000190734863,4.7833333015441895,31.633333206176758,26574.666015625,3273.2,1.1792142391204834,26.251667022705078,252.25714285714287,1521.5067138671875,2231.800048828125,-0.3040475845336914,1076.6285714285714,0,481,1,0,0,41,9,30
0,129.0,0.2291904240846634,267.0,4.0,229.0,4966.0,200.30612244897944,12375.3330078125,27.41666603088379,1.7166666984558105,18758.833984375,23.549999237060547,5.0,4.5333333015441895,30.71666717529297,26123.0,3295.885714285714,1.188523769378662,26.41559600830078,252.62857142857143,1518.2369384765625,2222.6572265625,-0.2088095098733902,1076.7142857142858,1,481,1,1,0,31,21,43
0,250.0,0.8620296716690063,267.0,4.0,229.0,2288.0,198.3265306122448,13782.2216796875,32.53888702392578,1.3277777433395386,18817.0,25.55555534362793,5.833333492279053,4.583333492279053,32.594444274902344,26207.888671875,3321.8,1.151976227760315,26.3271427154541,253.94285714285715,1541.7874755859375,2204.17138671875,-0.2605952322483063,1077.5428571428572,0,481,1,1,0,42,17,87
0,200.0,0.41505131125450134,267.0,4.0,283.0,2471.0,200.63265306122437,12169.5,30.816667556762695,2.2166666984558105,19290.0,27.616666793823242,5.800000190734863,4.683333396911621,29.133333206176758,29893.5,3355.3142857142857,1.1384762525558472,26.243213653564453,250.57142857142858,1540.243408203125,2213.428466796875,-0.2456904798746109,1076.2,2,507,1,0,0,21,9,78
0,196.0,0.5724059343338013,267.0,4.0,283.0,2575.0,199.0816326530611,13065.6669921875,29.149999618530273,3.4166667461395264,19914.150390625,25.96666717529297,5.699999809265137,4.7833333015441895,29.16666603088379,30305.666015625,3365.0285714285715,1.1425714492797852,26.29511833190918,249.88571428571427,1533.9893798828125,2219.60009765625,-0.2900238335132599,1074.6,1,507,1,0,0,31,10,72
0,184.0,0.9224629402160645,267.0,4.0,283.0,1157.0,197.02040816326513,14497.6669921875,28.133333206176758,1.6833332777023315,19046.216796875,26.016666412353516,5.699999809265137,4.683333396911621,29.116666793823242,28286.833984375,3381.4,1.1196904182434082,26.303808212280273,245.85714285714286,1550.7652587890625,2210.45703125,-0.3226190507411957,1081.6285714285714,2,507,1,0,0,31,1,77
0,63.0,0.6602052450180054,267.0,4.0,283.0,4970.0,200.32653061224474,13541.8330078125,29.433332443237305,1.7999999523162842,20178.349609375,25.600000381469727,5.800000190734863,4.833333492279053,28.78333282470703,27866.333984375,3393.8285714285716,1.1197381019592285,26.331308364868164,242.8,1545.097412109375,2209.314208984375,-0.3645714223384857,1081.6571428571428,5,507,1,0,0,31,2,27
0,202.0,0.5963512063026428,267.0,4.0,283.0,4647.0,197.38775510204067,13462.0,27.766666412353516,1.9666666984558105,20093.099609375,27.883333206176758,5.800000190734863,5.0,27.233333587646484,29537.0,3394.657142857143,1.1229286193847656,26.408689498901367,242.4,1544.35546875,2210.05712890625,-0.4277142882347107,1083.0285714285715,1,507,1,1,0,21,30,86
1,178.0,0.0,267.0,4.0,283.0,5046.0,190.65306122448962,14201.3330078125,26.299999237060547,0.8999999761581421,18207.19921875,23.616666793823242,5.400000095367432,4.7833333015441895,36.08333206176758,24689.333984375,3385.7714285714287,1.1441904306411743,26.547739028930664,237.31428571428572,1523.6279296875,2255.857177734375,-0.5330237746238708,1082.7714285714285,0,507,1,0,0,41,22,58
0,66.0,0.09236031770706177,267.0,4.0,283.0,3019.0,190.67346938775498,12774.6669921875,29.100000381469727,0.8166666626930237,18561.1328125,26.633333206176758,6.099999904632568,4.7833333015441895,34.099998474121094,27197.333984375,3410.0,1.121166706085205,26.482141494750977,233.62857142857143,1525.2445068359375,2231.39990234375,-0.6284762024879456,1081.3714285714286,2,507,1,0,0,42,9,27
0,,0.0,267.0,4.0,283.0,2760.0,185.38775510204061,16040.888671875,30.30000114440918,1.9611111879348755,19979.767578125,25.600000381469727,5.699999809265137,5.0,35.94444274902344,28659.77734375,3346.0285714285715,1.0893809795379639,26.278095245361328,243.77142857142857,1538.7303466796875,2226.800048828125,-0.43864282965660095,1071.0285714285715,2,481,1,0,0,24,2,
0,,0.0,267.0,4.0,229.0,5031.0,184.65306122448968,15185.1669921875,27.78333282470703,2.5166666507720947,23719.611328125,25.427778244018555,5.166666507720947,4.9666666984558105,30.94999885559082,29425.33203125,3393.0857142857144,1.0835238695144653,26.21690559387207,234.4,1532.5499267578125,2219.6572265625,-0.6005714535713196,1074.4857142857143,13,481,1,1,0,21,1,
0,,0.0,267.0,4.0,229.0,5379.0,182.59183673469377,11431.8330078125,26.03333282470703,1.7833333015441895,17270.56640625,22.866666793823242,4.900000095367432,4.900000095367432,34.63333511352539,21720.333984375,3363.0,1.0862618684768677,26.38857078552246,238.34285714285716,1540.1861572265625,2201.1142578125,-0.5894999504089355,1076.857142857143,18,481,1,1,0,24,5,
0,104.9524482385457,0.798175573348999,267.0,4.0,229.0,2112.0,177.34693877551004,12117.6669921875,25.566667556762695,3.8499999046325684,19592.666015625,28.71666717529297,7.0,4.800000190734863,24.366666793823242,28780.0,3282.2,1.020880937576294,26.064167022705078,250.62857142857143,1570.14892578125,2114.05712890625,-0.2776428461074829,1060.0,0,481,1,1,0,21,25,40
1,158.0,0.3192702531814575,267.0,4.0,229.0,4100.0,172.97959183673453,12924.5,26.483333587646484,4.349999904632568,15010.8837890625,22.75,5.599999904632568,4.75,40.88333511352539,23133.166015625,3175.1714285714284,1.0235238075256348,26.31595230102539,264.0,1592.845458984375,2049.628662109375,-0.2938571572303772,1060.0857142857142,1,481,1,1,1,31,12,66
0,10.0,0.19270239770412445,267.0,4.0,229.0,2583.0,165.38775510204076,14947.5,25.21666717529297,5.0333333015441895,17384.333984375,22.299999237060547,6.099999904632568,4.900000095367432,50.75,24068.0,2898.3714285714286,1.023714303970337,26.41690444946289,279.25714285714287,1569.677001953125,2006.0,-0.4448571503162384,1031.5428571428572,4,481,1,0,0,41,6,4
0,93.0,0.298745721578598,267.0,4.0,229.0,8618.0,163.81632653061214,12631.1669921875,23.08333396911621,5.616666793823242,15701.3837890625,22.399999618530273,5.599999904632568,5.050000190734863,49.0,21072.5,2862.1428571428573,1.0281428098678589,26.476070404052734,284.9428571428571,1572.46728515625,1999.914306640625,-0.4194047451019287,1028.2285714285715,3,481,1,0,0,21,4,34
0,44.0,0.10490307956933975,267.0,4.0,229.0,4589.0,162.5918367346938,16129.1669921875,25.71666717529297,2.866666555404663,16887.8828125,21.450000762939453,5.699999809265137,5.0,51.54999923706055,34127.5,2790.8571428571427,1.0144286155700684,26.37714195251465,288.45714285714286,1574.404296875,1986.2572021484375,-0.3653571307659149,1025.1714285714286,6,481,1,0,0,31,4,15
0,,0.01824401319026947,267.0,4.0,229.0,3740.0,162.28571428571428,14522.0,24.08333396911621,5.699999809265137,17419.69921875,21.53333282470703,5.699999809265137,4.949999809265137,53.54999923706055,21855.0,2745.657142857143,1.010428547859192,26.363332748413086,291.8285714285714,1579.05908203125,1974.05712890625,-0.43354764580726624,1023.9142857142857,7,481,1,0,0,41,7,
0,151.0,0.22006841003894806,267.0,4.0,260.0,6358.0,161.59183673469383,12523.5,26.03333282470703,3.9666666984558105,16642.666015625,23.733333587646484,5.300000190734863,4.699999809265137,49.71666717529297,25099.5,2635.1714285714284,0.9955000281333923,26.24916648864746,302.6,1586.8541259765625,1949.6571044921875,-0.3555714190006256,1014.9714285714285,3,518,1,0,0,21,14,50
1,163.0,0.03762827813625336,267.0,4.0,229.0,4172.0,160.97959183673464,13017.1669921875,26.08333396911621,3.0333333015441895,15435.9169921875,22.483333587646484,5.199999809265137,4.900000095367432,50.93333435058594,21731.333984375,2644.0285714285715,0.9963809251785278,26.27833366394043,300.51428571428573,1588.9757080078125,1946.199951171875,-0.3600238263607025,1017.9714285714285,4,518,1,0,0,34,10,58
0,182.0,0.583808422088623,267.0,4.0,260.0,1468.0,161.40816326530603,13495.1669921875,26.46666717529297,4.25,17328.583984375,23.16666603088379,5.5,4.699999809265137,44.08333206176758,23551.0,2596.0,0.9620952606201172,26.01952362060547,305.9714285714286,1594.3521728515625,1930.05712890625,-0.4081428349018097,1006.8285714285714,5,518,1,0,0,21,7,60
0,66.0,0.2919042110443115,267.0,4.0,260.0,2751.0,162.24489795918356,10635.111328125,25.733333587646484,2.4833333492279053,16684.19921875,22.2277774810791,5.699999809265137,4.733333110809326,50.16666793823242,23832.5546875,2588.2571428571428,0.9624761939048767,26.000356674194336,300.9714285714286,1573.8018798828125,1928.6571044921875,-0.4050000011920929,1000.4857142857143,3,518,1,0,0,11,4,22
0,61.0,0.08323831111192703,267.0,4.0,260.0,4880.0,163.8571428571427,14166.1669921875,29.266666412353516,1.6666666269302368,19296.05078125,24.549999237060547,5.900000095367432,4.883333206176758,49.36666488647461,24886.0,2574.2285714285713,0.9377619028091431,25.802499771118164,295.2,1572.152587890625,1922.82861328125,-0.42838093638420105,998.2,8,518,1,0,0,21,3,25
0,40.0,0.0022805016487836838,267.0,4.0,260.0,4500.0,165.53061224489778,14390.5,24.91666603088379,4.7166666984558105,18911.06640625,26.133333206176758,6.400000095367432,4.983333110809326,52.25,29380.166015625,2547.6857142857143,0.942976176738739,25.817975997924805,299.65714285714284,1582.5660400390625,1906.2572021484375,-0.4614761769771576,1001.6571428571428,7,518,1,0,0,21,6,16
