floodable_forests,biomass,sur_cover,dist,nearest_mature,cec,clay,cfvo,nitro,ocd,ocs,phh2o,sand,soc,mean_soil,mean_vpd,mean_temp,mean_def,mean_srad,mean_pr,mean_pdsi,mean_aet,num_fires,ecoreg,biome,indig,protec,topography,age,sd
0,162.0,0.8050171136856079,1282.0,314.22448979591803,17596.833984375,33.16666793823242,2.366666555404663,18641.599609375,22.100000381469727,4.0,4.150000095367432,38.66666793823242,20213.5,2396.9142857142856,0.9313333630561829,26.738691329956055,141.0857142857143,1425.6910400390625,2510.685791015625,0.7560476064682007,1034.5428571428572,1,507,1,0,1,21,9,72
0,182.0,0.4526796042919159,4914.0,311.1836734693874,18324.166015625,34.86666488647461,6.2833333015441895,23413.68359375,24.950000762939453,4.400000095367432,4.150000095367432,37.11666488647461,24462.5,2402.5714285714284,0.9237619042396545,26.637619018554688,140.9142857142857,1425.4761962890625,2483.314208984375,0.5838095545768738,1032.942857142857,0,507,1,0,0,42,7,99
0,308.0,0.42075255513191223,4176.0,311.9795918367344,16054.0,35.43333435058594,2.299999952316284,18327.833984375,23.25,4.300000190734863,4.150000095367432,37.58333206176758,20410.0,2410.0,0.919952392578125,26.625476837158203,140.88571428571427,1423.453857421875,2495.45703125,0.4773809611797333,1032.2571428571428,0,507,1,0,0,31,35,126
0,263.0,0.48232612013816833,3091.0,309.42857142857105,17441.833984375,35.70000076293945,3.2333333492279053,32779.33203125,22.483333587646484,4.400000095367432,4.083333492279053,37.849998474121094,24624.666015625,2413.8,0.9242143034934998,26.65380859375,143.8,1430.1905517578125,2458.314208984375,0.3879047930240631,1035.2285714285715,0,507,1,0,0,21,31,116
0,,0.19726340472698212,1349.0,310.48979591836695,16446.0,38.53333282470703,5.916666507720947,22390.333984375,25.483333587646484,6.0,4.25,33.21666717529297,32700.666015625,2445.7714285714287,0.9017142653465271,26.449642181396484,140.22857142857143,1419.9593505859375,2469.94287109375,0.3403809368610382,1027.5142857142857,2,507,1,0,0,21,4,
0,351.0,0.21892815828323364,1295.0,310.28571428571394,14898.833984375,35.383331298828125,2.711111068725586,20181.671875,24.350000381469727,4.633333206176758,4.199999809265137,35.338890075683594,21188.4453125,2457.2,0.9095714092254639,26.574403762817383,138.34285714285716,1421.729736328125,2479.05712890625,0.32709524035453796,1034.4285714285713,1,507,1,0,0,21,21,162
0,248.0,0.46294185519218445,1054.0,311.06122448979556,15873.1669921875,34.58333206176758,7.2166666984558105,20316.1328125,25.116666793823242,5.0,4.25,35.650001525878906,22850.5,2449.057142857143,0.8457381129264832,25.99250030517578,152.74285714285713,1434.0263671875,2416.428466796875,0.20278571546077728,1014.5428571428571,1,507,1,0,1,41,9,122
0,212.0,0.5131129026412964,1440.0,304.8979591836732,15511.72265625,34.22222137451172,2.694444417953491,19251.822265625,24.011110305786133,4.4666666984558105,4.205555438995361,35.18333435058594,23062.22265625,2451.1428571428573,0.8650237917900085,26.285476684570312,157.22857142857143,1445.2677001953125,2371.628662109375,0.193619042634964,1023.2,1,507,1,0,0,21,5,96
0,244.0,0.866590678691864,1076.0,301.69387755102025,14672.8330078125,29.816667556762695,3.299999952316284,16740.583984375,21.71666717529297,4.099999904632568,4.25,41.70000076293945,21401.166015625,2483.3142857142857,0.8574047684669495,26.281190872192383,163.4857142857143,1448.9373779296875,2280.914306640625,0.021952372044324875,1019.8,2,507,1,0,1,31,7,129
0,122.0,0.8768529295921326,1073.0,302.142857142857,15018.6669921875,28.116666793823242,4.266666889190674,24980.94921875,24.016666412353516,4.300000190734863,4.25,42.38333511352539,23039.666015625,2474.0285714285715,0.8510714173316956,26.2113094329834,166.85714285714286,1451.6610107421875,2267.028564453125,-0.007095253095030785,1016.9714285714285,2,507,1,0,1,31,4,65
0,253.0,0.7343215346336365,1070.0,304.1020408163264,15085.0,29.683332443237305,4.116666793823242,18178.30078125,22.683332443237305,3.9000000953674316,4.333333492279053,43.266666412353516,21388.0,2460.5714285714284,0.856071412563324,26.351070404052734,172.6,1452.0858154296875,2231.8857421875,-0.11414285004138947,1016.1714285714286,1,507,1,0,1,41,13,132
1,86.0,0.3169897496700287,1245.0,309.34693877550995,11918.0,29.100000381469727,2.9666666984558105,17331.900390625,22.566667556762695,4.400000095367432,4.25,43.04999923706055,38325.5,2462.8285714285716,0.8527619242668152,26.337024688720703,174.85714285714286,1456.1793212890625,2191.3427734375,-0.1781904697418213,1012.8571428571429,3,507,1,0,1,41,6,28
0,185.0,0.9270239472389221,1182.0,311.40816326530586,13269.0,29.5,2.9000000953674316,17890.30078125,21.21666717529297,4.0,4.333333492279053,43.36666488647461,19466.0,2431.885714285714,0.8427143096923828,26.317142486572266,185.4,1460.4498291015625,2151.085693359375,-0.25402382016181946,1003.0285714285715,0,507,1,0,1,31,9,89
1,187.0,0.473204106092453,1200.0,297.22448979591815,13774.3330078125,26.266666412353516,3.366666555404663,19409.69921875,22.183332443237305,4.099999904632568,4.333333492279053,43.21666717529297,29755.333984375,2397.114285714286,0.8254047632217407,26.193689346313477,189.14285714285714,1475.4815673828125,2047.17138671875,-0.21316665410995483,1007.9714285714285,0,507,1,0,1,41,19,77
0,290.0,0.516533613204956,1252.0,289.4081632653059,12816.3330078125,29.133333206176758,2.5166666507720947,17247.232421875,22.899999618530273,4.099999904632568,4.400000095367432,42.66666793823242,18182.166015625,2417.0285714285715,0.8021190762519836,25.92440414428711,187.8,1463.1385498046875,2034.3714599609375,-0.26430952548980713,998.0571428571428,0,507,1,0,1,41,13,109
0,256.0,0.10034207254648209,2746.0,284.3265306122447,11945.6669921875,29.233333587646484,1.9500000476837158,16896.767578125,22.299999237060547,4.300000190734863,4.449999809265137,40.900001525878906,23647.333984375,2457.7428571428572,0.7782142758369446,25.817975997924805,181.45714285714286,1473.2386474609375,1998.971435546875,-0.12002383917570114,1006.8285714285714,2,507,1,0,1,31,6,94
0,236.0,0.0057012541219592094,3229.0,283.79591836734676,13453.6669921875,28.566667556762695,2.7333333492279053,18745.06640625,22.016666412353516,3.5999999046325684,4.5,39.11666488647461,19950.166015625,2473.2,0.7771904468536377,25.934165954589844,178.9142857142857,1471.5302734375,1996.6856689453125,-0.006333319004625082,1010.4857142857143,2,507,1,0,1,41,5,100
0,268.0,0.6955530047416687,1982.0,281.04081632653043,15838.3330078125,28.433332443237305,3.799999952316284,21652.0,22.683332443237305,4.199999809265137,4.599999904632568,42.54999923706055,21287.333984375,2474.4285714285716,0.7392857074737549,25.715595245361328,178.0857142857143,1481.7138671875,1985.8857421875,0.17588096857070923,1006.9142857142857,0,507,1,0,1,21,14,111
0,226.0,0.22006841003894806,1503.0,277.14285714285694,12765.8330078125,26.58333396911621,3.2166666984558105,17186.732421875,22.433332443237305,3.9000000953674316,4.349999904632568,43.266666412353516,19161.166015625,2487.657142857143,0.7265238165855408,25.66214370727539,171.54285714285714,1477.4117431640625,1991.228515625,0.3066190481185913,1008.1428571428571,1,507,1,0,1,21,7,88
0,97.0,0.24173317849636078,5432.0,272.6326530612243,13548.3330078125,31.683332443237305,2.0333333015441895,19483.06640625,22.899999618530273,4.300000190734863,4.550000190734863,36.63333511352539,23722.0,2477.4,0.7146428823471069,25.567380905151367,172.88571428571427,1480.668212890625,1986.2572021484375,0.37385714054107666,1005.7714285714286,2,507,1,0,1,31,7,43
0,257.0,0.3854047954082489,4985.0,266.5714285714283,13399.1669921875,28.299999237060547,5.0333333015441895,17752.25,23.483333587646484,4.800000190734863,4.599999904632568,39.91666793823242,21829.333984375,2468.114285714286,0.6952618956565857,25.453332901000977,173.8,1487.3203125,1974.5999755859375,0.2663809359073639,1003.9142857142857,1,507,1,0,1,21,15,97
0,240.0,0.6271379590034485,1053.0,261.46938775510193,10648.888671875,29.399999618530273,2.6499998569488525,16696.1328125,23.80555534362793,4.566666603088379,4.616666793823242,41.5444450378418,18056.888671875,2458.457142857143,0.6901428699493408,25.371309280395508,175.62857142857143,1492.036376953125,1976.2857666015625,0.2702142894268036,1006.5142857142857,1,507,1,0,1,31,5,98
0,221.0,0.892816424369812,1073.0,254.59183673469377,14078.6669921875,28.883333206176758,4.349999904632568,19368.80078125,22.78333282470703,4.0,4.5,42.61666488647461,22822.0,2441.1714285714284,0.6975714564323425,25.626190185546875,180.71428571428572,1492.636962890625,1968.3428955078125,0.0940714105963707,1007.0571428571428,1,507,1,0,1,42,20,86
0,272.0,0.17331813275814056,4934.0,245.48979591836715,10660.1669921875,28.149999618530273,3.5166666507720947,17632.150390625,21.53333282470703,4.099999904632568,4.383333206176758,42.5,16437.5,2462.0,0.6821666359901428,25.500715255737305,177.9142857142857,1482.1519775390625,1980.05712890625,-0.011619050987064838,999.6571428571428,1,507,1,0,1,34,15,107
0,152.0,0.2964652180671692,1376.0,236.877551020408,11717.3330078125,30.816667556762695,5.483333110809326,19143.43359375,25.0,4.099999904632568,4.550000190734863,42.61666488647461,17606.833984375,2394.542857142857,0.6691904664039612,25.37821388244629,190.9142857142857,1492.1357421875,1971.228515625,-0.07504761964082718,986.7142857142857,0,507,1,0,1,42,11,57
0,103.0,0.2839224636554718,11958.0,231.3469387755101,11081.0,29.616666793823242,5.833333492279053,17641.25,21.950000762939453,3.9000000953674316,4.800000190734863,43.18333435058594,22545.833984375,2429.5714285714284,0.6664285659790039,25.498332977294922,190.9142857142857,1499.6512451171875,1956.05712890625,-0.0867857113480568,990.1428571428571,0,507,1,0,1,21,9,40
0,213.0,0.13112884759902954,13355.0,223.9999999999999,11934.1669921875,31.799999237060547,5.75,19427.68359375,22.75,4.300000190734863,4.650000095367432,42.150001525878906,21685.333984375,2330.8,0.6710952520370483,25.56488037109375,196.11428571428573,1504.5279541015625,1958.971435546875,-0.08116666972637177,987.8571428571429,0,507,1,0,1,34,7,84
1,70.0,0.020524514839053154,15768.0,217.7755102040815,12454.666015625,32.738887786865234,6.266666889190674,17777.35546875,22.127777099609375,3.9666666984558105,4.633333206176758,40.52222442626953,19468.666015625,2305.8571428571427,0.6731428503990173,25.628095626831055,201.42857142857142,1517.091552734375,1947.0,-0.07852380722761154,989.0,5,507,1,0,1,41,1,29
0,139.0,0.014823260717093945,17435.0,211.22448979591832,12208.0,30.100000381469727,6.199999809265137,17347.5,21.316667556762695,3.9000000953674316,4.650000095367432,40.88333511352539,18023.0,2458.8285714285716,0.6557857394218445,25.47273826599121,189.17142857142858,1499.51953125,1963.857177734375,-0.09121429175138474,986.3714285714286,2,518,1,0,0,21,9,68
0,195.06993604416073,0.5359178781509399,7692.0,198.18367346938766,14703.6669921875,31.299999237060547,7.433333396911621,18375.166015625,21.766666412353516,4.400000095367432,4.599999904632568,40.31666564941406,22269.333984375,2444.2,0.6447857022285461,25.330238342285156,189.4857142857143,1504.8797607421875,1969.800048828125,-0.07509524375200272,985.4571428571429,1,518,1,0,0,21,15,88
0,135.0,0.03876852989196777,1722.0,193.16326530612236,12495.3330078125,29.366666793823242,8.933333396911621,19978.1171875,22.66666603088379,5.0,4.800000190734863,39.86666488647461,21963.333984375,2420.2285714285713,0.6433095335960388,25.35333251953125,193.45714285714286,1509.3743896484375,1962.971435546875,-0.05597618967294693,987.7714285714286,0,518,1,0,0,21,5,52
0,124.0,0.1151653379201889,8693.0,196.91836734693874,10906.0,31.41666603088379,5.833333492279053,18078.81640625,22.799999237060547,4.300000190734863,4.5,40.29999923706055,19336.666015625,2548.885714285714,0.6467381119728088,25.300357818603516,185.4,1497.186767578125,1958.7427978515625,-0.11564285308122635,991.9714285714285,1,518,1,0,0,34,14,52
0,142.0,0.03534777835011482,14444.0,197.08163265306118,11931.0,28.766666412353516,8.183333396911621,18209.333984375,22.799999237060547,4.0,4.766666889190674,43.516666412353516,22339.333984375,2586.8571428571427,0.6516904830932617,25.400951385498047,185.11428571428573,1500.2216796875,1942.771484375,-0.17211905121803284,994.4857142857143,1,518,1,0,0,34,9,58
0,174.0,0.17331813275814056,13458.0,198.53061224489787,11703.3330078125,32.46666717529297,7.066666603088379,16883.732421875,22.483333587646484,4.199999809265137,4.650000095367432,39.96666717529297,20695.333984375,2586.8571428571427,0.6516904830932617,25.400951385498047,185.11428571428573,1500.2216796875,1942.771484375,-0.17211905121803284,994.4857142857143,2,518,1,0,0,41,8,70
0,134.0,0.042189281433820724,8089.0,200.0204081632652,12630.6669921875,34.81666564941406,3.2166666984558105,18535.400390625,23.600000381469727,4.5,4.599999904632568,39.45000076293945,21377.333984375,2605.0,0.6396190524101257,25.287857055664062,188.25714285714287,1506.8795166015625,1918.5142822265625,-0.2621666491031647,990.8857142857142,4,518,1,0,0,21,7,51
0,213.0,0.10034207254648209,9440.0,195.63265306122435,14348.1669921875,33.516666412353516,8.166666984558105,19996.333984375,24.53333282470703,4.300000190734863,4.5,38.45000076293945,22205.333984375,2577.885714285714,0.6381190419197083,25.291786193847656,190.2,1509.6727294921875,1912.914306640625,-0.2785714268684387,998.3428571428572,3,518,1,0,0,31,10,84
0,128.0,0.08665906637907028,6197.0,202.51020408163248,13607.3330078125,30.66666603088379,5.733333110809326,17419.166015625,21.183332443237305,4.300000190734863,4.5,38.79999923706055,19335.666015625,2604.5714285714284,0.6432142853736877,25.383094787597656,191.77142857142857,1513.21826171875,1893.7142333984375,-0.30628570914268494,995.6857142857143,3,518,1,0,0,31,3,49
0,183.0,0.015963511541485786,2332.0,195.9183673469386,14485.5,32.70000076293945,3.5999999046325684,18633.1328125,24.5,4.099999904632568,4.599999904632568,37.71666717529297,21046.666015625,2605.9714285714285,0.6466190218925476,25.319761276245117,188.8,1507.5675048828125,1916.800048828125,-0.33478572964668274,994.6285714285714,3,518,1,0,0,21,9,69
0,46.0,0.13911060988903046,9700.0,205.61224489795902,13327.0,28.600000381469727,5.050000190734863,27816.732421875,24.616666793823242,4.5,4.566666603088379,39.70000076293945,21278.833984375,2678.4,0.6580714583396912,25.34273910522461,193.94285714285715,1509.7025146484375,1907.17138671875,-0.43642857670783997,993.5428571428571,2,518,1,0,0,21,10,20
0,105.0,0.1482326090335846,9680.0,201.61224489795902,13376.1669921875,32.61666488647461,3.049999952316284,18749.033203125,23.766666412353516,4.400000095367432,4.550000190734863,35.91666793823242,22402.0,2725.9714285714285,0.663261890411377,25.2978572845459,192.68571428571428,1509.6953125,1919.5714111328125,-0.4498809576034546,995.7714285714286,2,518,1,0,0,41,9,41
0,57.0,0.022805016487836838,13085.0,202.77551020408146,14024.6669921875,31.983333587646484,3.9166667461395264,28184.0,25.866666793823242,4.800000190734863,4.800000190734863,37.13333511352539,25210.666015625,2835.285714285714,0.6601428389549255,25.194761276245117,189.9142857142857,1505.1944580078125,1921.3714599609375,-0.44928571581840515,993.8,2,518,1,0,0,21,10,22
0,117.0,0.0,8405.0,207.34693877551004,13304.6669921875,32.5,3.049999952316284,19255.349609375,25.299999237060547,4.300000190734863,4.800000190734863,39.04999923706055,23135.666015625,3070.285714285714,0.6777142882347107,25.251667022705078,190.88571428571427,1506.56884765625,1931.3428955078125,-0.5099999904632568,999.5428571428571,1,518,1,0,0,41,7,48
0,119.0,0.0022805016487836838,7305.0,214.142857142857,12757.5,33.38333511352539,2.549999952316284,19881.0,25.950000762939453,4.900000095367432,4.800000190734863,40.13333511352539,24487.5,3322.4857142857145,0.6814761757850647,25.235713958740234,190.42857142857142,1517.8087158203125,1928.6285400390625,-0.5384523868560791,1007.8,3,518,1,0,0,31,5,45
0,133.0,0.06385404616594315,2010.0,222.51020408163254,11663.6669921875,29.71666717529297,6.0333333015441895,18812.666015625,25.850000381469727,5.400000095367432,4.800000190734863,39.5,24450.666015625,3369.6,0.6731428503990173,25.184524536132812,198.4857142857143,1534.21630859375,1896.5999755859375,-0.5250476002693176,1005.3142857142857,0,518,1,0,0,41,14,51
0,74.0,0.3363740146160126,1792.0,228.81632653061214,13797.0,28.46666717529297,6.7166666984558105,17918.283203125,22.616666793823242,4.5,4.7833333015441895,39.95000076293945,22800.666015625,3520.1714285714284,0.6929047703742981,25.590238571166992,203.97142857142856,1551.36474609375,1864.05712890625,-0.6082618832588196,1018.0857142857143,1,518,1,1,0,31,9,28
0,223.0,0.9224629402160645,3812.0,237.7755102040815,12785.0,30.244443893432617,8.949999809265137,18649.595703125,22.86111068725586,4.933333396911621,4.833333492279053,39.011112213134766,21149.72265625,3480.7428571428572,0.7030714154243469,25.69285774230957,207.31428571428572,1555.766357421875,1850.94287109375,-0.638190507888794,1021.3714285714286,2,518,1,1,0,41,18,82
0,201.0,0.7970353364944458,1102.0,227.53061224489784,14917.3330078125,29.25,7.483333110809326,24590.1328125,24.28333282470703,5.0,4.933333396911621,35.86666488647461,28026.0,3526.3714285714286,0.6875,25.308809280395508,202.25714285714287,1560.7945556640625,1870.4857177734375,-0.6810952425003052,1019.9714285714285,2,518,1,1,0,41,3,98
0,183.0,0.8825541734695435,1068.0,233.38775510204067,14037.0,32.36666488647461,12.300000190734863,19528.05078125,23.850000381469727,5.0,4.983333110809326,36.53333282470703,23576.0,3427.3714285714286,0.7057619094848633,25.645952224731445,212.74285714285713,1579.20849609375,1836.2572021484375,-0.7028809785842896,1029.857142857143,0,518,1,1,0,31,9,90
0,351.0,0.3728620409965515,2005.0,215.02040816326522,11830.6669921875,28.366666793823242,9.766666412353516,25875.8671875,29.53333282470703,6.699999809265137,4.699999809265137,34.41666793823242,31891.666015625,3462.7714285714287,0.6069762110710144,23.709880828857422,184.82857142857142,1533.1182861328125,1909.800048828125,-0.7857857346534729,984.5142857142857,0,518,1,0,1,41,5,146
0,195.0,0.7548460364341736,1159.0,200.38775510204067,10388.6669921875,32.16666793823242,8.550000190734863,24257.69921875,26.96666717529297,6.300000190734863,4.849999904632568,33.61666488647461,29461.333984375,3035.3714285714286,0.6645952463150024,24.504047393798828,213.25714285714287,1569.99560546875,1841.3428955078125,-0.8042380809783936,1000.0285714285715,0,518,1,0,1,21,31,87
0,96.0,0.2770809531211853,5778.0,194.93877551020393,12441.0,33.150001525878906,8.666666984558105,21546.916015625,25.5,5.099999904632568,4.699999809265137,34.70000076293945,24725.333984375,2915.5142857142855,0.6770238280296326,24.3752384185791,209.37142857142857,1542.125732421875,1849.1142578125,-0.8587856888771057,997.8571428571429,6,518,1,0,1,31,3,43
0,180.0,0.1288483440876007,10324.0,191.2448979591835,11792.0,34.43333435058594,8.850000381469727,24021.666015625,28.183332443237305,5.599999904632568,4.800000190734863,36.766666412353516,28401.0,2890.714285714286,0.6719523668289185,24.220714569091797,213.88571428571427,1552.91796875,1837.3143310546875,-0.8440952301025391,1000.8571428571429,6,481,1,0,1,21,16,88
0,169.0,0.06955530494451523,7147.0,187.877551020408,13969.5,33.483333587646484,11.772221565246582,25988.6171875,29.094444274902344,6.0,4.8111114501953125,36.994441986083984,35637.609375,2815.5142857142855,0.7787619233131409,25.72702407836914,229.88571428571427,1550.206787109375,1807.2572021484375,-0.9097142815589905,1024.8857142857144,2,481,1,0,1,31,11,83
0,133.0,0.2690992057323456,7202.0,181.83673469387742,12122.0,33.03333282470703,8.533333778381348,19773.099609375,25.366666793823242,4.900000095367432,4.7833333015441895,37.900001525878906,23772.833984375,2814.0,0.7537381052970886,25.312976837158203,229.4857142857143,1552.3154296875,1807.4000244140625,-0.924047589302063,1018.6857142857143,4,481,1,0,0,21,8,57
0,52.0,0.0,11467.0,177.673469387755,10025.0,31.683332443237305,9.083333015441895,20495.55078125,25.983333587646484,5.099999904632568,4.900000095367432,38.86666488647461,25093.5,2794.0,0.7888095378875732,25.714405059814453,232.71428571428572,1554.114013671875,1796.0,-0.9156190156936646,1029.5714285714287,1,481,1,0,0,31,8,23
0,141.0,0.0045610032975673676,22743.0,175.20408163265301,11753.0,33.766666412353516,5.133333206176758,17262.25,21.16666603088379,4.300000190734863,4.800000190734863,38.33333206176758,18076.5,2759.4857142857145,0.8523809313774109,26.38202476501465,245.17142857142858,1567.885009765625,1760.94287109375,-0.9448333382606506,1044.8857142857144,0,481,1,0,0,41,7,57
0,129.0,0.352337509393692,32767.0,160.81632653061217,12535.0,30.71666717529297,7.066666603088379,15413.5,22.799999237060547,4.0,5.050000190734863,39.66666793823242,17379.166015625,2674.9142857142856,0.8812142610549927,26.661666870117188,261.45714285714286,1571.4110107421875,1705.971435546875,-0.9789761900901794,1038.6,0,518,1,0,0,31,1,56
0,128.0,0.47092360258102417,32767.0,154.59183673469377,10479.111328125,28.494443893432617,7.9666666984558105,17746.466796875,21.85555648803711,3.866666793823242,4.905555248260498,46.627777099609375,17632.556640625,2751.6,0.8892381191253662,26.71500015258789,253.65714285714284,1567.9180908203125,1727.2572021484375,-1.0215952396392822,1047.6,0,518,1,0,0,31,2,51
0,113.0,0.049030788242816925,29950.0,149.3877551020407,10286.888671875,29.366666793823242,7.611111164093018,18062.56640625,21.688888549804688,4.066666603088379,4.900000095367432,41.74444580078125,18342.5546875,2717.6,0.8709523677825928,26.390953063964844,256.74285714285713,1578.8221435546875,1714.5428466796875,-1.0259523391723633,1041.7714285714285,2,518,1,0,0,21,6,44
0,,0.0,30845.0,150.83673469387745,11074.5,29.116666793823242,7.183333396911621,19303.0,23.46666717529297,3.700000047683716,5.099999904632568,42.29999923706055,16764.5,2781.8,0.8915237784385681,26.661190032958984,262.8857142857143,1577.1676025390625,1676.0,-1.101428508758545,1040.7142857142858,1,518,1,0,0,21,9,
0,24.0,0.023945268243551254,28104.0,144.40816326530603,10176.5,27.933332443237305,7.583333492279053,19032.650390625,22.683332443237305,4.199999809265137,4.983333110809326,41.41666793823242,19227.0,2795.0857142857144,0.8915476202964783,26.60202407836914,263.3142857142857,1579.394287109375,1673.4571533203125,-1.1165000200271606,1040.6857142857143,4,518,1,0,0,34,5,9
0,124.0,0.0,28651.0,148.53061224489784,12178.2216796875,29.955554962158203,6.483333587646484,18774.828125,22.9777774810791,4.133333206176758,4.888888835906982,43.21110916137695,20361.77734375,2817.7714285714287,0.8977380990982056,26.58785629272461,267.22857142857146,1578.841064453125,1640.5714111328125,-1.1422618627548218,1036.4285714285713,1,518,1,0,0,31,14,53
0,87.0170131019611,0.19156214594841003,28334.0,144.59183673469377,12400.6669921875,29.41666603088379,9.066666603088379,19139.1328125,21.516666412353516,4.099999904632568,4.983333110809326,43.83333206176758,19220.333984375,2818.8285714285716,0.9061904549598694,26.546667098999023,270.0285714285714,1582.49658203125,1623.4285888671875,-1.153166651725769,1037.057142857143,2,518,1,0,0,21,14,43
0,58.0,0.0022805016487836838,25485.0,146.38775510204067,11447.8330078125,26.683332443237305,6.349999904632568,21191.283203125,21.850000381469727,3.9000000953674316,5.099999904632568,43.75,19968.0,2892.9142857142856,0.9122381210327148,26.53095245361328,269.37142857142857,1586.10107421875,1603.1142578125,-1.183309555053711,1041.4857142857143,0,518,1,0,0,31,7,27
0,128.0,0.11174458265304565,30603.0,147.57142857142844,11572.8330078125,25.683332443237305,8.566666603088379,19603.94921875,21.933332443237305,4.099999904632568,5.0,42.70000076293945,19433.333984375,3009.8285714285716,0.9235714077949524,26.51547622680664,275.37142857142857,1590.7476806640625,1548.5714111328125,-1.2427618503570557,1040.4571428571428,3,518,1,0,0,21,9,53
0,49.7808645143348,0.08209805935621262,32767.0,148.0612244897958,14500.8330078125,27.399999618530273,9.966666221618652,22126.599609375,21.933332443237305,4.5,5.0,45.56666564941406,31779.166015625,3068.2571428571428,0.940666675567627,26.524524688720703,274.51428571428573,1596.8128662109375,1541.4285888671875,-1.2848094701766968,1047.142857142857,3,518,1,0,0,31,18,22
0,119.0,0.14025086164474487,27367.0,149.97959183673453,10893.0,28.866666793823242,10.933333396911621,20222.849609375,22.899999618530273,4.699999809265137,5.0,44.08333206176758,22623.0,3186.057142857143,0.8786666393280029,25.817262649536133,267.51428571428573,1594.5665283203125,1563.6571044921875,-1.2745000123977661,1033.2857142857142,0,518,1,0,1,31,6,46
0,78.0,0.08437856286764145,18494.0,147.91836734693868,9484.0,25.566667556762695,10.833333015441895,21327.6328125,22.0,4.400000095367432,5.0,47.86666488647461,19744.0,3179.342857142857,0.9153571128845215,26.245595932006836,280.8,1604.6356201171875,1520.2857666015625,-1.290928602218628,1036.7142857142858,2,518,1,0,1,31,18,31
1,117.0,0.0,19209.0,145.1020408163265,12424.0,25.933332443237305,7.5,18502.333984375,21.566667556762695,3.799999952316284,5.183333396911621,39.18333435058594,19243.5,3137.114285714286,0.9393095374107361,26.434404373168945,281.25714285714287,1603.7083740234375,1540.5428466796875,-1.3075000047683716,1039.4,2,481,1,0,1,31,8,56
1,100.0,0.0,21695.0,144.70212765957444,10969.1669921875,24.600000381469727,5.683333396911621,19541.30078125,22.049999237060547,4.0,5.0,41.516666412353516,17760.5,3118.542857142857,0.9414762258529663,26.386428833007812,284.85714285714283,1610.833251953125,1549.94287109375,-1.3221666812896729,1039.3714285714286,1,481,1,0,0,41,2,48
0,84.0,0.0034207524731755257,24136.0,144.19512195121953,7735.66650390625,25.549999237060547,4.933333396911621,19674.482421875,21.950000762939453,4.300000190734863,4.883333206176758,47.58333206176758,16818.666015625,3114.6,0.9358333349227905,26.304166793823242,285.74285714285713,1610.0849609375,1552.8857421875,-1.3246666193008423,1035.7714285714285,3,481,1,0,0,21,32,34
1,388.0,0.3842645287513733,1705.0,308.3265306122446,15585.6669921875,33.04999923706055,1.4166666269302368,24011.533203125,25.21666717529297,5.0,4.150000095367432,31.433332443237305,36619.16796875,1363.6,0.604619026184082,25.763809204101562,20.97142857142857,1312.263916015625,2487.857177734375,-0.3157142996788025,995.0285714285715,0,505,1,1,0,41,16,167
0,285.0,0.8882554173469543,1133.0,323.1632653061222,17840.0,33.5,12.316666603088379,22085.533203125,25.899999618530273,4.900000095367432,4.383333206176758,33.36666488647461,53444.66796875,1333.2857142857142,0.5897619128227234,25.49464225769043,20.97142857142857,1309.7601318359375,2549.71435546875,-0.5053333044052124,991.8285714285714,0,505,1,1,0,21,17,138
1,260.0,0.6875712871551514,1370.0,325.2040816326528,15137.3330078125,28.78333282470703,2.1666667461395264,25059.416015625,23.83333396911621,4.5,4.349999904632568,32.58333206176758,31648.333984375,1298.6571428571428,0.6083571314811707,25.73261833190918,22.542857142857144,1312.83251953125,2538.914306640625,-0.5327857136726379,997.0,0,505,1,1,0,42,7,104
0,451.0,0.8848346471786499,1027.0,329.6122448979589,15126.5,31.016666412353516,2.8499999046325684,25594.916015625,23.883333206176758,4.900000095367432,4.349999904632568,29.766666412353516,28612.666015625,1304.7714285714285,0.6157380938529968,25.612024307250977,25.0,1321.7054443359375,2521.0,-0.6908571720123291,999.7714285714286,0,505,1,1,0,42,3,197
0,369.0,0.9657924771308899,1027.0,306.8163265306119,18822.166015625,31.183332443237305,0.8833333253860474,19280.19921875,22.700000762939453,4.800000190734863,4.150000095367432,39.016666412353516,24346.5,1663.4571428571428,0.6520952582359314,25.81678581237793,53.02857142857143,1323.5926513671875,2525.60009765625,-0.9144999980926514,983.2857142857143,0,505,1,0,1,21,35,178
0,317.0,0.865450382232666,1053.0,310.3877551020405,18580.833984375,31.53333282470703,2.316666603088379,18949.75,23.350000381469727,4.699999809265137,4.099999904632568,34.233333587646484,22928.666015625,1684.2,0.6482856869697571,25.96368980407715,64.77142857142857,1327.8360595703125,2556.514404296875,-0.7939523458480835,977.0857142857143,0,505,1,0,0,31,32,120
1,354.0,0.3979475498199463,3293.0,308.4693877551017,18124.0,29.049999237060547,3.5166666507720947,20908.1328125,25.75,5.300000190734863,4.349999904632568,30.399999618530273,43770.66796875,1687.5428571428572,0.6485475897789001,26.053333282470703,67.22857142857143,1328.4786376953125,2562.54296875,-0.7695237994194031,976.8857142857142,0,505,1,0,0,31,30,130
0,369.0,0.5598631501197815,1406.0,305.816326530612,19359.666015625,28.616666793823242,4.150000095367432,17464.56640625,23.383333206176758,4.800000190734863,4.099999904632568,29.5,21209.666015625,1691.3714285714286,0.6456190347671509,26.02666664123535,68.31428571428572,1328.1104736328125,2557.857177734375,-0.7664762139320374,974.8,0,505,1,0,0,31,35,133
0,282.0,0.5381984114646912,1644.0,300.38775510204056,17217.333984375,30.383333206176758,5.5,17870.650390625,24.183332443237305,5.5,4.150000095367432,34.28333282470703,27181.166015625,1683.1142857142856,0.6359285712242126,25.934642791748047,71.62857142857143,1332.48681640625,2536.514404296875,-0.7289524078369141,971.9142857142857,0,474,1,0,0,41,4,96
1,191.86798293773606,0.3979475498199463,4562.0,296.65306122448953,,,,,,,,,47468.33203125,1686.4,0.6462380886077881,26.13190460205078,73.82857142857142,1329.26513671875,2511.28564453125,-0.6934762001037598,972.3714285714286,0,474,1,0,0,42,21,67
1,,0.0741163045167923,7062.0,293.7959183673467,,,,,,,,,,1674.6571428571428,0.6436428427696228,26.14583396911621,70.65714285714286,1322.3570556640625,2522.1142578125,-0.7069761753082275,971.6,0,474,1,0,0,41,2,
0,216.0,0.5290763974189758,1264.0,292.1632653061222,20380.166015625,28.71666717529297,0.01666666753590107,17243.0,23.566667556762695,5.300000190734863,3.950000047683716,30.33333396911621,24260.833984375,1733.5142857142857,0.6336190700531006,26.118690490722656,67.91428571428571,1322.65576171875,2514.085693359375,-0.5880714058876038,973.0857142857143,0,496,1,1,0,41,10,81
1,138.0,0.5131129026412964,1971.0,286.7755102040814,19169.333984375,30.96666717529297,2.6500000953674316,17861.8671875,23.516666412353516,5.300000190734863,4.050000190734863,32.38333511352539,22423.333984375,1726.8285714285714,0.6266428828239441,26.06761932373047,64.91428571428571,1319.87353515625,2525.54296875,-0.5513571500778198,973.1428571428571,1,496,1,1,0,21,3,50
0,318.0,0.9441276788711548,1041.0,309.6938775510202,21458.0,27.850000381469727,0.550000011920929,18008.55078125,24.883333206176758,5.599999904632568,4.0,38.20000076293945,25796.833984375,1956.3142857142857,0.6135237812995911,26.192737579345703,60.42857142857143,1323.293212890625,2531.71435546875,-0.4925714433193207,981.6,0,474,1,0,0,21,35,151
0,239.0,0.946408212184906,1033.0,315.79591836734676,17436.666015625,37.45000076293945,0.7833333611488342,18770.767578125,26.78333282470703,5.900000095367432,4.050000190734863,35.38333511352539,26058.0,2250.8,0.6177619099617004,26.390119552612305,53.68571428571428,1323.499267578125,2670.3427734375,0.04478570446372032,995.0571428571428,0,474,1,0,0,21,17,110
0,285.0,0.2371721714735031,1511.0,307.91836734693845,20081.666015625,35.0,2.2833333015441895,21564.1171875,26.566667556762695,5.599999904632568,4.183333396911621,25.53333282470703,46407.16796875,2354.285714285714,0.6423095464706421,26.713571548461914,54.65714285714286,1338.205322265625,2781.60009765625,0.1912619024515152,1011.0,0,474,1,0,0,21,34,98
1,329.0,0.0,1562.0,304.95918367346906,21236.166015625,30.683332443237305,0.5,22002.19921875,27.049999237060547,6.300000190734863,4.183333396911621,22.516666412353516,30273.666015625,2348.8285714285716,0.6402142643928528,26.718570709228516,54.0,1340.0545654296875,2801.742919921875,0.1459999978542328,1012.4,0,474,1,0,0,42,31,113
1,280.0,0.18700113892555237,2017.0,302.22448979591803,17865.0,37.08333206176758,1.4499999284744263,21493.80078125,26.83888816833496,5.799999713897705,4.144444465637207,20.850000381469727,27837.77734375,2388.4,0.6415714025497437,26.711904525756836,54.371428571428574,1338.3057861328125,2818.514404296875,0.14735715091228485,1011.2571428571429,0,474,1,0,0,31,20,113
1,317.0,0.45496007800102234,1438.0,296.8571428571427,17143.0,33.53333282470703,0.4000000059604645,21226.017578125,26.950000762939453,6.099999904632568,4.0333333015441895,23.183332443237305,32346.333984375,2487.657142857143,0.6444761753082275,26.72833251953125,51.65714285714286,1348.6103515625,2941.428466796875,0.06411904096603394,1020.6857142857143,1,496,1,0,0,34,16,128
0,326.0,0.4481185972690582,1248.0,294.63265306122435,17957.0,35.04999923706055,2.1500000953674316,19648.1328125,24.933332443237305,5.300000190734863,4.083333492279053,25.66666603088379,48501.0,2491.457142857143,0.6479523777961731,26.789047241210938,48.77142857142857,1354.2149658203125,2997.1142578125,0.10792858153581619,1028.057142857143,2,474,1,0,0,24,3,117
0,312.0,0.473204106092453,1430.0,290.08163265306104,16086.3330078125,34.400001525878906,0.6666666865348816,19161.533203125,25.33333396911621,5.300000190734863,4.099999904632568,25.100000381469727,33792.33203125,2503.657142857143,0.6465952396392822,26.760356903076172,49.371428571428574,1353.41455078125,3024.39990234375,0.10195238143205643,1026.2571428571428,0,496,1,0,0,41,30,115
1,269.60922403695594,0.11630558967590332,1520.0,277.99999999999983,18381.0,31.83333396911621,0.8666666746139526,19217.099609375,26.91666603088379,5.5,4.199999809265137,23.433332443237305,32081.666015625,2503.3142857142857,0.6563095450401306,26.882619857788086,47.8,1357.6712646484375,3083.028564453125,0.10673809051513672,1033.4,0,496,1,0,0,34,18,96
1,293.6482383267738,0.017103763297200203,1720.0,277.99999999999983,17374.0,34.11666488647461,0.6499999761581421,19425.033203125,26.21666717529297,5.199999809265137,4.150000095367432,22.316667556762695,45127.83203125,2503.3142857142857,0.6563095450401306,26.882619857788086,47.8,1357.6712646484375,3083.028564453125,0.10673809051513672,1033.4,1,496,1,0,0,34,20,107
1,290.0,0.0,2578.0,270.87755102040796,23168.166015625,35.56666564941406,1.1666666269302368,23002.43359375,28.5,5.5,4.300000190734863,18.91666603088379,31798.0,2528.285714285714,0.6608809232711792,26.902856826782227,45.74285714285714,1356.7486572265625,3117.8857421875,0.12404760718345642,1035.6571428571428,0,496,1,0,0,34,26,111
1,226.0,0.0022805016487836838,12016.0,252.0612244897957,21031.833984375,28.183332443237305,3.2333333492279053,25920.30078125,29.399999618530273,5.099999904632568,4.2833333015441895,22.233333587646484,28335.0,2511.8,0.6677142977714539,26.892261505126953,82.0,1370.6815185546875,2424.685791015625,0.05704760551452637,1008.2857142857143,0,496,1,0,1,42,17,101
0,188.0,0.5142531394958496,1061.0,254.59183673469366,16935.333984375,34.16666793823242,2.8333334922790527,20061.80078125,23.91111183166504,5.233333110809326,4.261111259460449,27.16111183166504,23407.166015625,2504.657142857143,0.6660714149475098,26.85547637939453,85.82857142857142,1371.7132568359375,2380.17138671875,0.02542857825756073,1004.3142857142857,0,496,1,0,0,31,33,77
1,178.0,0.45039910078048706,1182.0,265.06122448979573,20462.666015625,27.549999237060547,2.549999952316284,17188.81640625,23.633333206176758,4.300000190734863,4.2833333015441895,24.700000762939453,21378.666015625,2522.4,0.6623333096504211,26.797380447387695,89.28571428571429,1383.846435546875,2321.428466796875,0.029238086193799973,1006.2,2,497,1,0,0,41,11,79
1,414.0,0.0672748014330864,1609.0,280.95918367346934,19125.166015625,31.733333587646484,1.399999976158142,18366.69921875,24.58333396911621,4.800000190734863,4.183333396911621,20.83333396911621,21803.166015625,2504.9142857142856,0.675261914730072,26.85178565979004,94.4,1391.792724609375,2276.914306640625,0.019166668877005577,1008.1428571428571,0,497,1,0,1,41,34,184
1,235.0,0.40935006737709045,1354.0,281.04081632653055,17284.556640625,33.24444580078125,2.327777862548828,16749.1875,23.422222137451172,4.599999904632568,4.155555725097656,24.238889694213867,20988.4453125,2486.4857142857145,0.6772142648696899,26.87309455871582,92.45714285714286,1391.6641845703125,2273.28564453125,0.011166668497025967,1010.6571428571428,0,497,1,0,1,21,34,104
1,271.0,0.2098061591386795,1264.0,282.46938775510193,16042.6669921875,34.4555549621582,2.7277777194976807,17157.1875,22.938888549804688,4.433333396911621,4.2166666984558105,22.961111068725586,19261.77734375,2493.6285714285714,0.6873809099197388,26.879642486572266,97.59047619047618,1400.6536865234375,2230.704833984375,-0.030420644208788872,1012.5904761904762,0,497,1,0,1,31,27,101
1,193.0,0.1824401319026947,1310.0,281.40816326530853,21611.556640625,34.06666564941406,3.1777777671813965,19387.416015625,23.905555725097656,4.900000095367432,4.155555725097656,20.28333282470703,23336.0546875,2496.7428571428572,0.6927381157875061,26.942380905151367,98.97142857142858,1402.0245361328125,2223.6572265625,-0.026738092303276062,1013.3428571428572,2,497,1,0,1,21,13,85
0,94.0,0.4378563165664673,1416.0,267.4081632653059,14667.666015625,32.5111083984375,3.394444465637207,18001.966796875,23.25,4.733333587646484,4.122222423553467,20.105554580688477,24883.888671875,2518.542857142857,0.7023571133613586,26.890119552612305,100.05714285714286,1405.9266357421875,2179.085693359375,-0.12083333730697632,1014.7428571428571,4,497,1,0,0,42,3,41
0,136.0,0.5199543833732605,1546.0,267.4081632653059,16330.1669921875,26.616666793823242,3.2166666984558105,17907.283203125,23.616666793823242,4.900000095367432,4.0,20.200000762939453,20854.5,2505.8285714285716,0.7040714025497437,26.900238037109375,99.48571428571428,1407.2392578125,2165.82861328125,-0.12966665625572205,1016.7428571428571,0,497,1,0,0,41,18,47
1,247.0,0.20410490036010742,2347.0,263.24489795918345,20176.666015625,28.149999618530273,4.366666793823242,21117.099609375,24.299999237060547,5.0,4.133333206176758,20.633333206176758,27417.333984375,2516.9714285714285,0.7142618894577026,26.967857360839844,100.97142857142858,1410.0009765625,2149.39990234375,-0.16028572618961334,1019.6857142857143,0,497,1,0,0,31,33,84
0,146.0,0.7810718417167664,1102.0,261.95918367346917,12385.6669921875,26.299999237060547,1.2166666984558105,15926.2333984375,23.25,4.400000095367432,3.9833333492279053,18.700000762939453,19701.333984375,2498.9142857142856,0.7242618799209595,27.039642333984375,102.51428571428572,1421.288330078125,2117.3427734375,-0.1877381056547165,1027.057142857143,3,497,1,0,0,21,2,52
1,130.0,0.3021664619445801,2142.0,263.5918367346937,13881.9443359375,26.494443893432617,3.8111112117767334,15991.966796875,23.066667556762695,4.9666666984558105,4.155555725097656,23.4777774810791,38141.72265625,2486.8285714285716,0.7197380661964417,26.99916648864746,101.68571428571428,1418.882080078125,2112.257080078125,-0.16266664862632751,1025.4857142857143,0,497,1,0,0,31,18,45
0,107.0,0.4982896149158478,1162.0,262.95918367346917,14054.8330078125,25.933332443237305,1.2833333015441895,16726.80078125,22.08333396911621,4.199999809265137,4.050000190734863,20.983333587646484,18342.666015625,2502.2571428571428,0.7284761667251587,27.082500457763672,103.05714285714286,1425.0887451171875,2096.485595703125,-0.23169048130512238,1029.8,0,497,1,0,0,31,5,38
1,115.0,0.0,4447.0,259.9591836734691,12606.6669921875,26.116666793823242,1.649999976158142,18335.69921875,23.649999618530273,4.800000190734863,4.0,19.41666603088379,23829.666015625,2532.2,0.7386666536331177,27.10333251953125,102.71428571428571,1420.109619140625,2105.60009765625,-0.2509523928165436,1028.5142857142857,0,497,1,0,0,24,1,51
1,232.98505467219653,0.0,9635.0,260.26530612244875,12335.5,26.233333587646484,2.9666666984558105,16484.30078125,23.116666793823242,4.400000095367432,4.083333492279053,20.566667556762695,22234.5,2531.4857142857145,0.7467142939567566,27.167142868041992,102.17142857142858,1421.4801025390625,2081.228515625,-0.21440476179122925,1031.8,0,497,1,0,0,31,26,98
1,270.0,0.1767388880252838,7216.0,262.6326530612243,13181.1669921875,31.700000762939453,4.416666507720947,18237.232421875,22.58333396911621,5.099999904632568,4.349999904632568,24.133333206176758,37961.33203125,2531.8285714285716,0.7450952529907227,27.17416763305664,101.02857142857142,1421.7156982421875,2060.199951171875,-0.18552380800247192,1034.2285714285715,0,482,1,0,0,21,29,96
1,267.4098141741719,0.07297605276107788,1627.0,265.2857142857141,14850.1669921875,32.28333282470703,2.0833332538604736,16293.8662109375,22.600000381469727,4.300000190734863,4.183333396911621,23.816667556762695,23359.5,2543.1714285714284,0.7563095092773438,27.212261199951172,102.0,1420.7747802734375,2053.628662109375,-0.19859522581100464,1035.1142857142856,0,482,1,0,0,31,6,91
1,181.0,0.02166476659476757,1652.0,267.0204081632652,12275.3330078125,29.450000762939453,2.0833332538604736,16220.1337890625,21.799999237060547,4.199999809265137,4.150000095367432,24.799999237060547,24236.333984375,2595.7714285714287,0.7631904482841492,27.230714797973633,99.2,1422.3543701171875,2098.199951171875,-0.22450001537799835,1039.7428571428572,1,476,1,0,0,31,27,64
0,219.0,0.8848346471786499,1041.0,269.02040816326513,17248.4453125,30.061111450195312,4.866666793823242,17699.27734375,25.19444465637207,4.700000286102295,4.0611114501953125,22.94444465637207,25232.27734375,2614.285714285714,0.7610238194465637,27.18880844116211,97.11428571428571,1418.158935546875,2093.199951171875,-0.20126190781593323,1038.1142857142856,0,482,1,0,0,42,13,95
0,129.0,0.530216634273529,1134.0,270.7959183673468,15208.1669921875,38.66666793823242,3.616666555404663,18032.283203125,23.08333396911621,5.0,4.050000190734863,34.95000076293945,27508.166015625,2716.3714285714286,0.7760952115058899,27.280118942260742,87.25714285714285,1424.3287353515625,2287.257080078125,-0.2126428484916687,1054.6571428571428,0,476,1,0,0,21,2,47
0,213.0,0.3797035217285156,1883.0,274.6938775510202,14268.5,33.016666412353516,3.1666667461395264,19083.849609375,23.91666603088379,4.599999904632568,4.0,32.25,21309.5,2800.285714285714,0.774571418762207,27.229761123657227,81.45714285714286,1428.662841796875,2436.39990234375,-0.22311906516551971,1061.942857142857,0,476,1,0,0,21,3,75
0,270.0,0.7388825416564941,1032.0,276.081632653061,16941.166015625,35.95000076293945,3.4666666984558105,18914.0,23.16666603088379,5.199999809265137,4.050000190734863,31.316667556762695,20889.833984375,2843.657142857143,0.7757856845855713,27.222618103027344,79.54285714285714,1423.3231201171875,2490.628662109375,-0.2134285718202591,1061.6571428571428,0,476,1,0,0,31,2,94
0,177.0,0.42303305864334106,1389.0,269.0408163265304,16326.9453125,39.35000228881836,4.127778053283691,18453.015625,24.655555725097656,5.299999713897705,4.050000190734863,38.400001525878906,23340.943359375,2924.6857142857143,0.7975952625274658,27.327857971191406,86.31428571428572,1426.8126220703125,2504.45703125,-0.23335714638233185,1060.2857142857142,0,476,1,0,0,21,4,77
1,100.0,0.4800456166267395,1433.0,256.3061224489794,15163.0556640625,37.594444274902344,3.4777777194976807,19527.421875,26.816665649414062,5.833333492279053,4.066666603088379,32.9555549621582,23019.888671875,3004.9714285714285,0.8100714087486267,27.35845184326172,83.6,1412.539794921875,2541.82861328125,-0.14330950379371643,1058.3428571428572,0,476,1,0,0,42,11,40
0,,0.40250855684280396,1399.0,253.6938775510202,14777.0,31.005556106567383,7.811110973358154,22315.732421875,24.016666412353516,5.099999904632568,4.22777795791626,34.97777557373047,23653.5,3100.942857142857,0.8357856869697571,27.396190643310547,93.57142857142857,1411.6739501953125,2478.257080078125,0.07438095659017563,1053.3714285714286,1,476,1,0,0,34,2,
1,141.0,0.19954389333724976,1746.0,259.6530612244896,17558.666015625,30.08333396911621,6.416666507720947,21129.68359375,25.66666603088379,4.900000095367432,4.349999904632568,36.28333282470703,44200.33203125,3098.0285714285715,0.843500018119812,27.3799991607666,99.25714285714285,1416.0650634765625,2415.742919921875,0.2664523720741272,1050.4285714285713,0,476,1,0,1,41,20,51
0,156.0,0.9429874420166016,1070.0,270.83673469387736,11859.6669921875,39.233333587646484,2.0,16021.75,24.649999618530273,5.5,3.950000047683716,33.599998474121094,21411.333984375,3077.0,0.8578095436096191,27.42464256286621,104.34285714285714,1404.128173828125,2354.17138671875,0.37197619676589966,1041.4,0,476,1,0,1,42,15,74
0,170.0,0.41505131125450134,1372.0,275.5102040816325,13767.5,38.349998474121094,2.3499999046325684,18924.966796875,25.799999237060547,6.400000095367432,4.099999904632568,32.66666793823242,23858.0,3084.6857142857143,0.8537619113922119,27.268333435058594,104.88571428571429,1402.0439453125,2331.05712890625,0.3592619001865387,1036.857142857143,2,476,1,0,0,21,8,63
0,96.0,0.571265697479248,1096.0,281.06122448979573,12197.6669921875,38.81666564941406,4.366666793823242,16463.400390625,23.33333396911621,5.900000095367432,4.050000190734863,32.599998474121094,22495.666015625,3085.0857142857144,0.8447619080543518,27.132261276245117,108.34285714285714,1406.8863525390625,2297.45703125,0.3834761679172516,1032.7428571428572,1,476,1,0,0,31,1,45
0,378.0,0.9635119438171387,1057.0,293.24489795918345,12082.1669921875,35.483333587646484,2.049999952316284,16291.3330078125,22.233333587646484,4.599999904632568,4.050000190734863,40.96666717529297,18690.0,2941.885714285714,0.9097142815589905,26.937143325805664,138.05714285714285,1392.39599609375,2230.628662109375,0.13607142865657806,1003.0857142857143,0,476,1,0,1,41,1,145
0,125.0,0.7525655627250671,1123.0,293.24489795918345,12583.3330078125,35.650001525878906,5.016666889190674,18990.466796875,25.91666603088379,5.5,4.083333492279053,36.06666564941406,19249.333984375,2914.8285714285716,0.9350476264953613,27.17119026184082,140.0857142857143,1391.8302001953125,2234.857177734375,0.1468571424484253,1006.8,1,476,1,0,0,31,6,68
0,183.0,0.43557581305503845,1508.0,293.3877551020406,12279.8330078125,36.650001525878906,2.9666666984558105,18261.3828125,23.299999237060547,4.5,4.050000190734863,36.81666564941406,18863.0,2884.4857142857145,0.9508571624755859,27.280834197998047,140.54285714285714,1394.3426513671875,2236.685791015625,0.11666665971279144,1008.7142857142857,0,476,1,0,0,31,10,91
0,201.0,0.3637400269508362,1943.0,291.9183673469386,12041.8330078125,39.0,2.049999952316284,18360.8828125,24.816667556762695,4.900000095367432,4.066666603088379,37.93333435058594,21546.5,2884.4857142857145,0.9508571624755859,27.280834197998047,140.54285714285714,1394.3426513671875,2236.685791015625,0.11666665971279144,1008.7142857142857,0,476,1,0,0,41,10,94
0,191.0,0.2234891653060913,3295.0,297.7959183673177,12523.22265625,35.36111068725586,2.7055554389953613,19368.14453125,23.766666412353516,5.099999904632568,4.088889122009277,33.78333282470703,20811.77734375,2828.0857142857144,0.9673333168029785,27.429882049560547,141.74285714285713,1396.5775146484375,2242.771484375,0.14830952882766724,1012.3428571428572,0,476,1,0,0,34,14,90
1,303.0,0.015963511541485786,7368.0,292.5102040816324,14216.6669921875,31.649999618530273,3.2333333492279053,20090.900390625,22.899999618530273,5.0,4.083333492279053,37.54999923706055,19876.5,2777.942857142857,0.9981666803359985,27.60821533203125,141.94285714285715,1400.4451904296875,2237.800048828125,0.16271430253982544,1020.7714285714286,1,476,1,0,0,41,16,158
1,196.0,0.0,4495.0,304.020408163265,10478.0,37.733333587646484,2.9166667461395264,17119.56640625,21.91666603088379,4.5,4.150000095367432,36.79999923706055,35716.16796875,2736.9714285714285,1.0019762516021729,27.61809539794922,144.68571428571428,1406.3758544921875,2230.60009765625,0.1495238095521927,1022.7428571428571,0,476,1,1,0,24,2,79
0,69.0,0.48232612013816833,1282.0,306.551020408163,13247.6669921875,36.38333511352539,2.75,20052.333984375,22.41666603088379,4.400000095367432,4.099999904632568,37.68333435058594,18291.0,2724.0,0.9989286065101624,27.514881134033203,142.4857142857143,1404.6087646484375,2233.82861328125,0.20714285969734192,1022.5714285714286,0,476,1,1,0,41,6,36
0,89.0,0.43671607971191406,1222.0,308.8571428571426,14845.6669921875,35.21666717529297,4.449999809265137,23520.583984375,24.0,5.099999904632568,4.083333492279053,37.04999923706055,20474.0,2710.0285714285715,1.0073332786560059,27.528690338134766,142.14285714285714,1398.563720703125,2241.914306640625,0.24078573286533356,1021.8,3,507,1,1,0,42,7,49
0,252.0,0.839224636554718,1302.0,315.6122448979588,13901.5,35.93333435058594,3.0333333015441895,21305.30078125,22.96666717529297,4.5,4.099999904632568,40.04999923706055,22197.5,2696.4,0.9937618970870972,27.397380828857422,130.11428571428573,1400.8870849609375,2248.685791015625,0.3375714421272278,1034.6571428571428,0,507,1,1,0,31,3,139
0,229.0,0.9167616963386536,1085.0,326.71428571428544,18808.5,38.483333587646484,2.0,24037.6171875,26.616666793823242,5.800000190734863,4.050000190734863,36.016666412353516,28451.833984375,2672.542857142857,0.9280714392662048,26.73714256286621,124.11428571428571,1400.96142578125,2278.82861328125,0.3928571343421936,1027.5714285714287,0,507,1,0,1,21,35,126
0,314.77855397636586,0.4583808481693268,1349.0,336.2653061224487,16151.8330078125,32.56666564941406,4.449999809265137,18930.150390625,22.71666717529297,5.0,4.349999904632568,40.766666412353516,25191.0,2619.0857142857144,0.9307143092155457,26.75881004333496,132.5142857142857,1411.75146484375,2285.085693359375,0.528071403503418,1026.7428571428572,0,507,1,0,1,41,22,172
0,437.0,0.32611173391342163,2989.0,332.02040816326496,17967.833984375,32.46666717529297,3.700000047683716,19179.466796875,23.899999618530273,4.900000095367432,4.083333492279053,42.266666412353516,22249.5,2531.4285714285716,0.9370238184928894,26.746191024780273,136.42857142857142,1421.9007568359375,2423.6572265625,0.9658809900283813,1035.942857142857,0,507,1,0,1,21,31,219
0,154.0,0.11630558967590332,1819.0,325.8163265306119,18014.666015625,33.400001525878906,2.5,18752.8671875,22.133333206176758,4.199999809265137,4.050000190734863,43.233333587646484,22692.833984375,2509.7428571428572,0.937166690826416,26.650476455688477,135.68571428571428,1417.765625,2446.571533203125,1.0635952949523926,1033.142857142857,1,507,1,0,1,21,21,62
0,414.0,0.3968072831630707,1554.0,320.36734693877514,18067.4453125,34.483333587646484,3.172222137451172,18159.611328125,21.46666717529297,3.5,4.050000190734863,33.81666946411133,19104.72265625,2471.542857142857,0.934166669845581,26.65333366394043,137.31428571428572,1420.55859375,2450.971435546875,0.992904782295227,1032.5714285714287,1,507,1,0,1,21,6,178
0,161.0,0.2702394425868988,1853.0,316.40816326530575,14326.0,33.33333206176758,7.099999904632568,22684.69921875,27.549999237060547,7.099999904632568,4.150000095367432,39.650001525878906,26166.333984375,2445.542857142857,0.9004762172698975,26.148571014404297,135.4,1421.1513671875,2437.0,0.9726190567016602,1026.0857142857142,3,507,1,0,0,21,4,81
0,148.0,0.06271379441022873,1830.0,312.8979591836731,16895.666015625,32.13333511352539,4.583333492279053,19526.81640625,24.683332443237305,4.599999904632568,4.083333492279053,31.399999618530273,22671.0,2400.114285714286,0.9294999837875366,26.59988021850586,138.42857142857142,1420.6876220703125,2454.685791015625,0.830380916595459,1034.0857142857142,0,507,1,0,0,41,11,66
0,282.0,0.39566704630851746,2450.0,309.61224489795876,14839.3330078125,35.38333511352539,3.683333396911621,20641.267578125,23.266666412353516,4.400000095367432,4.300000190734863,36.099998474121094,23865.333984375,2389.8285714285716,0.9328333139419556,26.657976150512695,145.11428571428573,1428.3485107421875,2422.800048828125,0.7127618789672852,1032.1142857142856,0,507,1,0,0,31,19,113
1,334.0,0.4538198411464691,1800.0,307.6122448979588,16538.0,30.91666603088379,2.4166667461395264,23699.599609375,22.0,4.099999904632568,4.150000095367432,41.81666564941406,20960.833984375,2403.5714285714284,0.9282143115997314,26.67202377319336,146.11428571428573,1434.806640625,2410.485595703125,0.6104047894477844,1035.2857142857142,2,507,1,0,0,41,16,170
0,308.0,0.4583808481693268,1707.0,307.30612244897924,15507.0,33.86666488647461,5.633333206176758,17798.0,23.03333282470703,4.400000095367432,4.099999904632568,36.08333206176758,40981.0,2412.4285714285716,0.9285476207733154,26.69845199584961,146.2,1434.1219482421875,2408.17138671875,0.5494047403335571,1036.2571428571428,1,507,1,0,1,21,9,141
0,215.0,0.48232612013816833,1479.0,307.48979591836695,19217.833984375,33.71666717529297,3.8499999046325684,18094.916015625,22.366666793823242,4.0,4.183333396911621,37.11666488647461,17774.5,2419.8571428571427,0.9108333587646484,26.54166603088379,147.62857142857143,1438.730224609375,2412.94287109375,0.40659523010253906,1033.8285714285714,0,507,1,0,1,31,8,114
0,126.0,0.0,3218.0,306.20408163265273,15522.6669921875,37.79999923706055,2.116666555404663,18786.3671875,22.933332443237305,3.799999952316284,4.300000190734863,36.83333206176758,22017.666015625,2439.942857142857,0.9275000095367432,26.705951690673828,146.28571428571428,1431.769287109375,2418.6572265625,0.3706904947757721,1037.2571428571428,1,507,1,0,0,21,2,52
0,267.0,0.40136829018592834,1128.0,302.87755102040785,14122.3330078125,33.38333511352539,2.0833332538604736,18380.333984375,22.733333587646484,4.099999904632568,4.150000095367432,36.25,20483.0,2445.114285714286,0.9076428413391113,26.586191177368164,153.34285714285716,1442.0242919921875,2382.228515625,0.3100952208042145,1033.3428571428572,2,507,1,0,0,21,4,120
0,266.0,0.4583808481693268,3188.0,301.4693877551019,14192.3330078125,33.91666793823242,4.0,18327.93359375,22.183332443237305,4.5,4.266666889190674,39.45000076293945,20616.666015625,2451.4285714285716,0.9049999713897705,26.579761505126953,154.0,1441.0997314453125,2380.05712890625,0.2879285514354706,1033.4857142857143,1,507,1,0,0,31,3,134
0,302.0,0.517673909664154,1057.0,300.61224489795904,14900.72265625,36.58333206176758,2.1277778148651123,17794.939453125,23.183332443237305,4.366666316986084,4.288888931274414,32.744441986083984,26802.27734375,2491.3714285714286,0.8965714573860168,26.453571319580078,148.22857142857143,1436.1279296875,2371.3427734375,0.2524999976158142,1034.9714285714285,0,507,1,0,0,21,7,142
0,319.7001520318464,0.8768529295921326,1080.0,300.51020408163254,15170.77734375,34.400001525878906,2.26111102104187,19203.39453125,23.36111068725586,4.5333333015441895,4.277777671813965,36.14444351196289,23120.056640625,2476.4,0.870119035243988,26.214048385620117,156.0,1442.16796875,2343.971435546875,0.18971426784992218,1023.2,1,507,1,0,0,21,14,135
0,303.09400573964007,0.6031926870346069,1273.0,299.5714285714284,14577.3330078125,26.566667556762695,3.5999999046325684,17556.80078125,22.46666717529297,4.300000190734863,4.433333396911621,44.21666717529297,20141.333984375,2498.3714285714286,0.874833345413208,26.413333892822266,163.71428571428572,1455.3057861328125,2267.94287109375,-0.013999988324940205,1028.4,0,507,1,0,1,21,13,142
0,188.0,0.3021664619445801,1284.0,302.4285714285712,14069.3330078125,33.66666793823242,1.8666666746139526,18725.599609375,23.950000762939453,4.800000190734863,4.333333492279053,34.66666793823242,21062.833984375,2481.2571428571428,0.8583333492279053,26.288928985595703,167.77142857142857,1452.0968017578125,2241.94287109375,-0.08845236897468567,1018.0857142857143,4,507,1,0,1,21,7,99
0,234.0,0.4070695638656616,4274.0,305.32653061224465,14931.1669921875,29.100000381469727,2.0999999046325684,17129.599609375,20.649999618530273,4.199999809265137,4.2833333015441895,45.266666412353516,24530.833984375,2488.5714285714284,0.8691428303718567,26.42357063293457,168.65714285714284,1453.2913818359375,2215.485595703125,-0.14616666734218597,1021.5428571428571,0,507,1,0,1,31,3,117
0,114.0,0.41505131125450134,1061.0,308.34693877551007,13628.0,31.08333396911621,1.899999976158142,18630.5,21.950000762939453,3.9000000953674316,4.2833333015441895,40.36666488647461,17967.5,2492.285714285714,0.8598333597183228,26.32369041442871,167.9142857142857,1453.001953125,2211.17138671875,-0.1519523710012436,1020.6285714285714,2,507,1,0,1,21,2,37
0,298.0,0.9384264349937439,1042.0,310.4081632653059,13983.8330078125,28.33333396911621,1.9166666269302368,29368.1328125,24.96666717529297,4.900000095367432,4.349999904632568,40.983333587646484,26562.166015625,2466.2285714285713,0.8365476131439209,26.1009521484375,173.14285714285714,1459.485107421875,2142.428466796875,-0.20595236122608185,1017.4,0,507,1,0,1,11,35,154
1,192.0,0.5188141465187073,1752.0,294.61224489795893,,,,,,,,,,2413.057142857143,0.823285698890686,26.12047576904297,182.71428571428572,1470.8580322265625,2051.199951171875,-0.17007140815258026,1012.0857142857143,0,507,1,0,1,31,12,66
0,250.0,0.7616875767707825,1280.0,287.63265306122435,14286.1669921875,28.316667556762695,3.299999952316284,23833.56640625,21.383333206176758,4.099999904632568,4.349999904632568,40.150001525878906,18746.333984375,2429.657142857143,0.8044762015342712,25.92095184326172,184.77142857142857,1471.7119140625,2032.17138671875,-0.09471428394317627,1009.6285714285714,0,507,1,0,1,21,15,127
0,345.0,0.4925883710384369,1399.0,285.7551020408161,13499.0,31.538888931274414,1.855555534362793,19096.732421875,23.794445037841797,4.900000095367432,4.449999809265137,38.03889083862305,22543.22265625,2462.8285714285716,0.7725714445114136,25.600238800048828,180.77142857142857,1480.4503173828125,2008.05712890625,0.13340474665164948,1011.6,0,507,1,0,1,31,9,126
0,105.0,0.013683009892702103,1732.0,285.612244897959,11823.0,28.233333587646484,2.933333396911621,18529.732421875,22.883333206176758,4.099999904632568,4.550000190734863,44.849998474121094,19734.666015625,2472.2,0.7726666927337646,25.829286575317383,183.11428571428573,1487.18212890625,1993.2572021484375,0.19928571581840515,1013.4285714285714,2,507,1,0,1,41,9,41
0,219.0,0.39566704630851746,1386.0,282.142857142857,12066.0,27.600000381469727,3.1500000953674316,16966.69921875,21.91666603088379,4.699999809265137,4.5333333015441895,44.25,18060.666015625,2484.0,0.7570475935935974,25.785476684570312,177.94285714285715,1483.6712646484375,1993.8857421875,0.2925238013267517,1011.8285714285714,2,507,1,0,1,31,7,83
0,228.0,0.6054732203483582,1758.0,278.4489795918365,10284.1669921875,31.08333396911621,3.2833333015441895,18243.150390625,21.83333396911621,4.0,4.5333333015441895,42.68333435058594,18318.833984375,2487.1714285714284,0.7430952191352844,25.702619552612305,173.57142857142858,1478.866943359375,1997.7142333984375,0.33464285731315613,1010.9142857142857,1,507,1,0,1,21,8,86
0,202.0,0.27251994609832764,1386.0,273.8979591836732,13265.3330078125,31.016666412353516,2.816666603088379,24248.5,25.58333396911621,5.0,4.5,37.29999923706055,22242.666015625,2481.457142857143,0.6867856979370117,25.147857666015625,171.02857142857144,1484.297607421875,1998.7142333984375,0.3876904845237732,1002.3142857142857,3,507,1,0,1,31,15,79
0,176.0,0.5324971675872803,1150.0,268.2040816326528,12735.4443359375,30.205554962158203,6.105555534362793,20002.404296875,24.133333206176758,5.133333206176758,4.800000190734863,37.6944465637207,24000.056640625,2458.1714285714284,0.6995238065719604,25.379165649414062,176.5142857142857,1492.9771728515625,1982.4571533203125,0.3559761941432953,1008.2857142857143,1,507,1,0,1,41,8,73
0,123.0,0.3785632848739624,4026.0,262.3265306122447,11239.3330078125,29.58333396911621,2.8499999046325684,16373.6669921875,21.600000381469727,4.099999904632568,4.449999809265137,43.61666488647461,18025.666015625,2438.8571428571427,0.7127143144607544,25.722620010375977,179.8,1496.045654296875,1971.1142578125,0.1740952432155609,1010.8,0,507,1,0,1,41,8,46
1,321.0,0.015963511541485786,5695.0,255.65306122448968,12416.0,32.0555534362793,4.988888740539551,17373.59375,22.761112213134766,4.199999809265137,4.461111068725586,43.00555419921875,18938.77734375,2434.342857142857,0.7218571305274963,25.795000076293945,179.8,1495.3587646484375,1980.5142822265625,0.13080954551696777,1011.6857142857143,1,507,1,0,1,41,8,131
0,241.0,0.9315849542617798,2895.0,245.44897959183658,11943.0,30.53333282470703,4.933333396911621,18276.30078125,22.58333396911621,4.099999904632568,4.650000095367432,42.349998474121094,19902.5,2402.2285714285713,0.6695238351821899,25.35785675048828,188.42857142857142,1488.21435546875,1975.2857666015625,-0.027571437880396843,986.6571428571428,0,507,1,0,1,41,11,91
0,215.0,0.9304447174072266,2740.0,236.877551020408,12456.5,30.83333396911621,4.766666889190674,17684.3828125,22.71666717529297,4.0,4.650000095367432,42.53333282470703,19696.333984375,2402.2285714285713,0.6695238351821899,25.35785675048828,188.42857142857142,1488.21435546875,1975.2857666015625,-0.027571437880396843,986.6571428571428,1,507,1,0,1,31,11,82
0,177.0,0.8722919225692749,1216.0,230.5510204081631,13098.6669921875,32.96666717529297,6.383333206176758,18118.599609375,22.116666793823242,4.199999809265137,4.599999904632568,42.95000076293945,18814.666015625,2297.8571428571427,0.6867619156837463,25.639999389648438,200.88571428571427,1503.0208740234375,1968.800048828125,-0.06654763966798782,986.6571428571428,0,507,1,0,1,24,8,67
0,91.0,0.2827822268009186,10712.0,222.91836734693857,9066.8330078125,32.45000076293945,7.25,21892.517578125,27.58333396911621,5.099999904632568,4.699999809265137,37.36666488647461,27940.333984375,2301.657142857143,0.6614285707473755,25.31940460205078,194.14285714285714,1500.922119140625,1972.8857421875,-0.07633332908153534,981.5428571428571,3,507,1,0,1,11,9,38
1,20.0,0.020524514839053154,15439.0,217.7755102040815,12596.6669921875,33.38333511352539,6.366666793823242,18426.333984375,22.03333282470703,4.099999904632568,4.650000095367432,41.33333206176758,19929.333984375,2305.8571428571427,0.6731428503990173,25.628095626831055,201.42857142857142,1517.091552734375,1947.0,-0.07852380722761154,989.0,3,507,1,0,1,21,1,9
0,123.0,0.33979475498199463,6558.0,205.99999999999986,11708.1669921875,29.78333282470703,2.6666667461395264,19279.0,25.133333206176758,4.300000190734863,4.699999809265137,35.31666564941406,23131.5,2252.0,0.6637619137763977,25.418094635009766,198.22857142857143,1504.6561279296875,1982.3143310546875,-0.060071419924497604,981.9428571428572,1,507,1,0,1,11,2,46
0,,0.07525655627250671,8504.0,198.18367346938766,14067.1669921875,32.483333587646484,6.266666889190674,21169.232421875,23.100000381469727,4.5,4.75,38.61666488647461,22062.666015625,2382.285714285714,0.6497856974601746,25.450000762939453,191.94285714285715,1504.574951171875,1968.7142333984375,-0.06735716015100479,984.6857142857143,11,518,1,0,0,31,8,
0,122.0,0.017103763297200203,3735.0,195.95918367346925,11671.0,32.599998474121094,7.4666666984558105,21790.93359375,22.483333587646484,4.300000190734863,4.599999904632568,38.56666564941406,22166.166015625,2371.7714285714287,0.6632142663002014,25.53928565979004,193.85714285714286,1504.134765625,1983.4000244140625,-0.06207141652703285,988.7428571428571,3,518,1,0,0,21,5,48
0,93.0,0.3842645287513733,6347.0,188.7755102040815,12034.1669921875,31.383333206176758,5.550000190734863,19282.767578125,23.866666793823242,4.099999904632568,4.650000095367432,42.63333511352539,19872.333984375,2416.2285714285713,0.6513095498085022,25.391071319580078,188.88571428571427,1500.492431640625,1986.6856689453125,-0.08609524369239807,990.6285714285714,1,518,1,0,0,21,4,36
0,141.0,0.34663626551628113,7665.0,188.55102040816317,13325.5,35.29999923706055,8.883333206176758,19320.333984375,22.233333587646484,4.400000095367432,4.599999904632568,39.38333511352539,18987.333984375,2482.8571428571427,0.6546428799629211,25.459047317504883,186.57142857142858,1495.941650390625,1970.6856689453125,-0.15914283692836761,992.4,2,518,1,0,0,21,8,60
0,170.0,0.2086659073829651,7086.0,189.204081632653,12248.6669921875,31.83333396911621,4.316666603088379,21176.18359375,27.383333206176758,6.400000095367432,4.599999904632568,40.516666412353516,23848.5,2481.342857142857,0.6269047856330872,24.999523162841797,184.11428571428573,1498.9095458984375,1980.6571044921875,-0.20714285969734192,988.8285714285714,3,518,1,0,0,31,13,69
0,70.0,0.014823260717093945,6610.0,189.51020408163254,10447.6669921875,32.650001525878906,8.016666412353516,19548.517578125,26.5,6.099999904632568,4.550000190734863,37.43333435058594,26978.333984375,2496.1428571428573,0.6089761853218079,24.674999237060547,186.28571428571428,1509.77978515625,1957.5428466796875,-0.22238093614578247,984.2,2,518,1,0,0,31,15,27
0,188.0,0.5655644536018372,7872.0,190.55102040816314,11701.8330078125,32.61666488647461,8.133333206176758,20632.93359375,26.28333282470703,5.699999809265137,4.683333396911621,33.483333587646484,26974.166015625,2520.2571428571428,0.6018809676170349,24.665000915527344,192.0,1516.4852294921875,1916.800048828125,-0.2567857503890991,983.3714285714286,2,518,1,0,0,31,9,91
0,187.0,0.2759407162666321,1354.0,191.28571428571414,15281.3330078125,29.116666793823242,7.583333492279053,25518.150390625,26.03333282470703,5.199999809265137,4.766666889190674,38.150001525878906,25368.666015625,2505.1428571428573,0.6216190457344055,24.91964340209961,193.4857142857143,1518.6265869140625,1916.028564453125,-0.3095238208770752,984.7714285714286,3,518,1,0,0,21,10,81
0,140.0,0.026225769892334938,5216.0,191.22448979591823,16057.5,32.849998474121094,2.75,21606.533203125,25.53333282470703,4.800000190734863,4.650000095367432,37.099998474121094,28736.0,2541.9142857142856,0.6622857451438904,25.35309600830078,193.85714285714286,1509.2509765625,1929.8857421875,-0.3992142677307129,997.5714285714286,1,518,1,0,0,11,12,56
0,165.0,0.2964652180671692,9780.0,198.79591836734676,13960.3330078125,30.183332443237305,5.316666603088379,20548.767578125,25.08333396911621,4.800000190734863,4.599999904632568,37.88333511352539,24639.5,2636.0857142857144,0.6585714221000671,25.2834529876709,195.2,1513.7322998046875,1913.05712890625,-0.43942856788635254,993.6571428571428,2,518,1,0,0,21,12,63
0,105.0,0.23375143110752106,4006.0,195.22448979591817,13332.111328125,30.905555725097656,5.150000095367432,18519.6328125,25.494443893432617,4.366666793823242,4.516666889190674,39.77222442626953,22348.0,2621.4285714285716,0.6545000076293945,25.194286346435547,193.74285714285713,1510.5731201171875,1919.4571533203125,-0.4305475950241089,991.7428571428571,3,518,1,0,0,21,11,46
0,100.0,0.2702394425868988,7598.0,196.2244897959182,15884.3330078125,31.733333587646484,5.366666793823242,30574.421875,23.788888931274414,4.199999809265137,4.655555725097656,40.655555725097656,27771.4453125,2867.8571428571427,0.6763571500778198,25.41928482055664,194.71428571428572,1514.914306640625,1918.7427978515625,-0.4460476338863373,1001.8,2,518,1,0,0,21,4,38
0,62.0,0.07069555670022964,15740.0,200.22448979591823,12698.3330078125,29.200000762939453,3.5999999046325684,17379.56640625,21.25,3.700000047683716,4.683333396911621,40.95000076293945,21108.333984375,3028.2571428571428,0.7029523849487305,25.60392951965332,196.57142857142858,1516.12939453125,1926.82861328125,-0.505047619342804,1010.9428571428572,2,518,1,0,0,21,9,24
0,84.0,0.2497149407863617,13955.0,206.5306122448978,12429.5,31.799999237060547,3.25,19124.55078125,23.683332443237305,4.300000190734863,4.599999904632568,37.13333511352539,22274.0,3210.342857142857,0.699999988079071,25.535951614379883,194.9142857142857,1517.5289306640625,1921.914306640625,-0.5606904625892639,1011.9428571428572,3,518,1,0,0,21,10,34
0,207.0,0.10604333132505417,3249.0,212.93877551020395,12999.0,30.266666412353516,8.649999618530273,18019.80078125,23.66666603088379,4.599999904632568,4.699999809265137,39.45000076293945,21888.0,3385.2571428571428,0.6878809332847595,25.347143173217773,195.17142857142858,1524.84716796875,1911.4000244140625,-0.5632380843162537,1010.4285714285714,0,518,1,0,0,31,16,92
0,270.0,0.7160775661468506,1074.0,216.40816326530597,15870.0,31.5,7.933333396911621,19563.533203125,25.566667556762695,5.099999904632568,4.949999809265137,37.58333206176758,26949.333984375,3558.0857142857144,0.6917142868041992,25.342500686645508,203.0857142857143,1572.22265625,1877.085693359375,-0.6995238065719604,1027.6285714285714,0,518,1,1,0,41,35,131
0,118.0,0.08893956989049911,3868.0,198.93877551020393,13370.6669921875,32.41666793823242,9.949999809265137,20574.833984375,24.816667556762695,5.300000190734863,4.900000095367432,38.03333282470703,23986.0,3261.342857142857,0.6909523606300354,24.88857078552246,206.74285714285713,1558.5208740234375,1878.5714111328125,-0.7860714197158813,1019.8285714285714,1,518,1,0,0,41,8,47
0,198.0,0.3375142514705658,1564.0,193.2653061224488,14592.3330078125,29.183332443237305,8.100000381469727,21459.05078125,28.733333587646484,5.400000095367432,4.800000190734863,38.04999923706055,28569.0,3111.542857142857,0.7670238018035889,25.806190490722656,212.34285714285716,1549.4566650390625,1866.771484375,-0.8229761719703674,1036.5714285714287,1,481,1,0,1,31,16,94
0,166.0,0.4880273640155792,4615.0,189.95918367346923,16202.2783203125,31.72222137451172,12.883333206176758,20911.412109375,23.394445419311523,4.900000095367432,4.855555534362793,39.599998474121094,22545.72265625,3029.9142857142856,0.7728333473205566,25.884761810302734,217.85714285714286,1555.7950439453125,1852.771484375,-0.8295000195503235,1035.5714285714287,2,481,1,0,0,41,10,62
0,81.0,0.03534777835011482,2906.0,187.91836734693862,12911.6669921875,31.633333206176758,5.099999904632568,17937.81640625,22.433332443237305,4.400000095367432,4.883333206176758,40.900001525878906,21697.0,2873.657142857143,0.7654761672019958,25.88083267211914,234.85714285714286,1585.47314453125,1808.3714599609375,-0.8278095126152039,1032.857142857143,3,481,1,0,0,21,2,38
0,106.0,0.011402508243918419,2848.0,185.51020408163248,13677.0,30.66666603088379,5.666666507720947,19211.400390625,23.483333587646484,4.5,4.900000095367432,36.63333511352539,23541.666015625,2763.457142857143,0.7660475969314575,25.6780948638916,228.6,1557.174560546875,1820.3714599609375,-0.8502143025398254,1024.2571428571428,3,481,1,0,0,41,2,51
0,102.0,0.1277080923318863,7070.0,182.12244897959164,11015.8330078125,32.95000076293945,5.616666793823242,16971.93359375,25.16666603088379,4.900000095367432,4.900000095367432,39.29999923706055,23696.166015625,2744.1714285714284,0.7810476422309875,25.699167251586914,233.5142857142857,1559.8023681640625,1808.142822265625,-0.8596904873847961,1030.6571428571428,3,481,1,0,0,21,15,47
0,131.0,0.8072975873947144,9831.0,179.1020408163263,12838.6669921875,32.650001525878906,8.649999618530273,17799.767578125,22.766666412353516,4.0,4.983333110809326,39.0,21941.833984375,2698.8,0.8141666650772095,26.08928680419922,244.54285714285714,1566.9561767578125,1779.0,-0.8914048075675964,1035.0285714285715,3,481,1,0,0,21,10,50
0,72.0,0.052451539784669876,10424.0,174.51020408163248,10410.0,32.650001525878906,6.650000095367432,18660.5,21.566667556762695,4.199999809265137,4.800000190734863,37.483333587646484,20079.666015625,2708.8285714285716,0.8016190528869629,25.910715103149414,241.0,1555.4022216796875,1786.771484375,-0.8809285759925842,1028.2571428571428,4,481,1,0,0,31,3,32
0,130.62123879342158,0.11858608573675156,22051.0,170.53061224489778,11107.77734375,32.70000076293945,8.083333015441895,21630.58984375,24.46666717529297,5.699999809265137,4.900000095367432,37.21666717529297,25402.77734375,2686.057142857143,0.7999523878097534,25.721309661865234,248.02857142857144,1568.406005859375,1766.771484375,-0.8954523801803589,1024.8857142857144,0,481,1,0,0,21,2,51
0,145.0,0.1220068410038948,22691.0,169.08163265306112,10998.6669921875,33.233333587646484,4.516666889190674,19187.833984375,25.049999237060547,5.0,4.949999809265137,37.06666564941406,27537.666015625,2709.0857142857144,0.8504047393798828,26.341785430908203,245.45714285714286,1568.72998046875,1771.2572021484375,-0.9275000095367432,1045.2,2,481,1,0,0,21,21,67
0,128.0,0.3432154953479767,31904.0,155.0408163265305,14263.3330078125,29.350000381469727,9.833333015441895,18641.833984375,24.883333206176758,4.699999809265137,5.0,39.766666412353516,22496.666015625,2638.657142857143,0.8525238037109375,26.4136905670166,262.54285714285714,1577.655029296875,1720.085693359375,-0.9317142963409424,1030.8,0,518,1,0,0,31,2,49
0,156.0,0.4127708077430725,32767.0,149.24489795918353,12028.3330078125,27.03333282470703,8.216666221618652,19239.732421875,23.200000762939453,4.0,4.9666666984558105,41.96666717529297,19130.888671875,2620.285714285714,0.8614285588264465,26.503570556640625,262.74285714285713,1573.4063720703125,1706.914306640625,-0.9568095207214355,1031.2285714285715,0,518,1,0,0,21,2,61
0,137.0,0.2633979618549347,24501.0,143.85714285714278,15405.6669921875,34.016666412353516,6.483333110809326,16613.416015625,22.549999237060547,4.199999809265137,4.849999904632568,36.54999923706055,19755.833984375,2646.6857142857143,0.8842142820358276,26.481189727783203,258.8857142857143,1569.710205078125,1716.7142333984375,-0.9839047193527222,1039.0,1,518,1,0,0,21,4,67
0,43.0,0.0,17369.0,139.71428571428564,13342.6669921875,27.91666603088379,6.400000095367432,18798.93359375,22.299999237060547,4.400000095367432,4.849999904632568,39.13333511352539,20486.0,2645.4857142857145,0.8952381014823914,26.503690719604492,261.77142857142854,1576.1138916015625,1698.3143310546875,-1.0267618894577026,1042.4285714285713,0,518,1,0,0,21,9,18
0,83.0,0.028506271541118622,12519.0,138.46938775510193,14095.6669921875,32.11666488647461,7.233333110809326,20208.30078125,23.100000381469727,4.0,5.0,42.0,24026.666015625,2635.7428571428572,0.8969523906707764,26.424762725830078,268.74285714285713,1583.8231201171875,1669.4857177734375,-1.0611428022384644,1038.4857142857143,0,518,1,0,0,41,7,38
0,85.0,0.48460662364959717,16585.0,137.408163265306,10497.8330078125,25.25,9.716666221618652,19662.666015625,22.933332443237305,4.099999904632568,5.0,45.66666793823242,20496.5,2665.0857142857144,0.8928809762001038,26.460237503051758,272.8857142857143,1579.3436279296875,1638.4285888671875,-1.0696429014205933,1029.0285714285715,2,518,1,0,0,21,14,33
0,78.0,0.28050172328948975,18340.0,138.48979591836724,13390.0,27.66666603088379,8.199999809265137,19101.3671875,21.883333206176758,4.300000190734863,5.099999904632568,38.43333435058594,21488.666015625,2692.2571428571428,0.9004047513008118,26.36964225769043,271.0857142857143,1581.3104248046875,1629.142822265625,-1.0987619161605835,1034.3142857142857,0,518,1,0,0,31,2,31
0,55.0,0.23831242322921753,15886.0,140.22448979591826,11004.6669921875,25.383333206176758,7.016666889190674,19096.650390625,22.649999618530273,4.199999809265137,4.983333110809326,45.483333587646484,19609.0,2853.457142857143,0.9096428751945496,26.399404525756836,271.37142857142857,1585.3897705078125,1596.3143310546875,-1.1970237493515015,1036.5142857142857,3,518,1,0,0,21,10,25
0,,0.019384264945983887,21273.0,142.10204081632642,12836.0,26.03333282470703,8.199999809265137,20075.767578125,24.016666412353516,4.599999904632568,5.116666793823242,43.08333206176758,25312.0,2954.1428571428573,0.92852383852005,26.527856826782227,277.22857142857146,1594.411865234375,1553.6285400390625,-1.2506190538406372,1041.6571428571428,1,518,1,0,0,21,7,
1,107.0,0.11630558967590332,26771.0,143.38775510204076,11283.0,27.049999237060547,8.316666603088379,18537.8671875,21.566667556762695,3.700000047683716,4.916666507720947,42.95000076293945,21985.0,2983.0285714285715,0.9382380843162537,26.597381591796875,285.0285714285714,1611.6783447265625,1516.142822265625,-1.2818809747695923,1044.4285714285713,2,518,1,0,0,31,10,48
1,71.0,0.0,31132.0,143.1020408163265,10584.8330078125,27.35555648803711,7.3222222328186035,17256.33203125,21.30555534362793,4.099999904632568,5.244444370269775,44.911109924316406,25886.388671875,3078.2571428571428,0.9391428828239441,26.54940414428711,286.9142857142857,1614.54736328125,1496.142822265625,-1.298714280128479,1043.9714285714285,1,518,1,0,1,21,12,31
1,89.0,0.149372860789299,30410.0,143.61224489795916,10118.7783203125,26.7722225189209,9.605555534362793,18430.560546875,22.572221755981445,4.300000190734863,4.983333110809326,47.17222213745117,20062.33203125,3148.2,0.9008809328079224,25.9521427154541,271.4,1596.5023193359375,1552.4571533203125,-1.281904697418213,1033.6571428571428,2,481,1,0,0,31,19,39
0,69.0,0.0,29762.0,144.51020408163265,9085.3330078125,26.78333282470703,5.4666666984558105,16831.650390625,22.733333587646484,3.799999952316284,5.083333492279053,42.91666793823242,23058.833984375,3110.5142857142855,0.8961190581321716,25.93059539794922,278.1142857142857,1608.0009765625,1545.0,-1.2745952606201172,1031.1142857142856,1,481,1,0,0,21,10,31
1,140.0,0.0,25463.0,145.29166666666666,9046.0,28.200000762939453,8.433333396911621,19420.55078125,22.733333587646484,4.5,5.0,40.11666488647461,20061.0,3091.2571428571428,0.9482380747795105,26.38976287841797,282.45714285714286,1606.6090087890625,1562.2572021484375,-1.3150951862335205,1040.5428571428572,4,481,1,0,0,34,19,54
0,97.0,0.010262257419526577,16359.0,145.64285714285714,9693.5,24.633333206176758,7.7833333015441895,17880.333984375,21.399999618530273,4.099999904632568,4.883333206176758,48.04999923706055,18670.166015625,2996.0857142857144,0.9553333520889282,26.30988121032715,288.8285714285714,1615.579833984375,1576.4857177734375,-1.3051667213439941,1038.3428571428572,3,481,1,0,0,34,18,37
0,64.0,0.010262257419526577,16363.0,145.64285714285714,8915.3330078125,23.799999237060547,7.566666603088379,17089.80078125,21.08333396911621,4.0,4.883333206176758,48.75,17570.666015625,2996.0857142857144,0.9553333520889282,26.30988121032715,288.8285714285714,1615.579833984375,1576.4857177734375,-1.3051667213439941,1038.3428571428572,4,481,1,0,0,34,15,29
1,345.0,0.5347776412963867,1207.0,308.3265306122446,14520.3330078125,32.25,2.8388888835906982,22711.91796875,24.03333282470703,5.0,4.050000190734863,33.58333206176758,34675.66796875,1383.6857142857143,0.6033333539962769,25.76392936706543,20.97142857142857,1308.1522216796875,2476.314208984375,-0.3298095166683197,992.3142857142857,0,505,1,1,0,42,16,129
0,481.0,0.9680729508399963,1116.0,327.7551020408161,19098.27734375,31.883331298828125,2.316666841506958,20145.916015625,25.677778244018555,4.9666666984558105,4.361111164093018,35.349998474121094,27961.333984375,1323.2285714285715,0.6177619099617004,25.597261428833008,26.228571428571428,1326.0411376953125,2508.771484375,-0.7195952534675598,1001.6571428571428,0,505,1,1,0,41,15,209
0,371.0,0.6989737749099731,1163.0,321.10204081632634,16806.333984375,29.983333587646484,0.4000000059604645,21615.017578125,24.21666717529297,4.699999809265137,4.099999904632568,39.983333587646484,24192.0,1364.6857142857143,0.6511190533638,25.594524383544922,32.371428571428574,1330.31787109375,2510.628662109375,-0.736214280128479,1002.3714285714286,0,505,1,1,0,42,35,179
0,143.0,0.08209805935621262,1442.0,301.0612244897957,17110.166015625,29.899999618530273,0.5666666626930237,19433.8828125,22.350000381469727,4.099999904632568,4.300000190734863,39.68333435058594,21895.5,1517.0285714285715,0.6955952048301697,25.704286575317383,42.857142857142854,1328.2716064453125,2476.228515625,-1.2617380619049072,996.8857142857142,1,505,1,1,0,21,10,68
0,301.0,0.7787913084030151,1109.0,299.1020408163263,17447.22265625,28.88888931274414,0.9277777671813965,20237.611328125,23.011110305786133,3.8333334922790527,4.22777795791626,41.02222442626953,20194.66796875,1560.6,0.7085238099098206,25.824167251586914,45.82857142857143,1331.3519287109375,2468.94287109375,-1.1849048137664795,999.5428571428571,1,505,1,0,0,42,10,132
0,311.0,0.6305587291717529,1142.0,299.0408163265305,17753.333984375,29.049999237060547,1.0333333015441895,19857.06640625,23.33333396911621,4.5,4.199999809265137,36.53333282470703,21555.833984375,1601.2857142857142,0.7105476260185242,25.91261863708496,45.714285714285715,1328.181884765625,2462.228515625,-1.1123571395874023,998.5142857142857,0,469,1,0,0,41,16,117
0,172.0,0.32725200057029724,1982.0,298.48979591836724,18372.666015625,29.53333282470703,2.4833333492279053,21297.716796875,24.200000762939453,4.0,4.349999904632568,38.56666564941406,20245.166015625,1625.857142857143,0.7105000019073486,25.980594635009766,46.25714285714286,1331.016357421875,2452.914306640625,-1.0857142210006714,1000.5714285714286,0,469,1,0,0,41,6,71
0,261.0,0.6442417502403259,1210.0,295.57142857142844,18109.0,29.66666603088379,1.3833333253860474,18225.033203125,23.866666793823242,4.599999904632568,4.2833333015441895,40.16666793823242,21041.666015625,1670.0857142857142,0.6989762187004089,25.950237274169922,45.17142857142857,1332.80224609375,2450.71435546875,-1.0202380418777466,1002.3714285714286,0,469,1,0,0,31,24,107
1,270.0,0.13226909935474396,3212.0,295.57142857142844,18799.333984375,33.150001525878906,0.13333334028720856,18465.267578125,25.450000762939453,6.099999904632568,4.150000095367432,34.400001525878906,35551.0,1678.2,0.6966190338134766,25.982738494873047,46.68571428571428,1334.459228515625,2439.05712890625,-1.0103095769882202,1002.2285714285714,0,505,1,0,0,21,15,115
1,297.0,0.32041049003601074,3918.0,294.1020408163264,17174.5,35.38333511352539,1.0666667222976685,18917.75,24.983333587646484,4.099999904632568,4.25,27.399999618530273,41755.5,1678.2,0.6966190338134766,25.982738494873047,46.68571428571428,1334.459228515625,2439.05712890625,-1.0103095769882202,1002.2285714285714,0,505,1,0,0,21,21,110
1,247.0,0.0022805016487836838,1778.0,294.1836734693876,18598.666015625,34.04999923706055,0.4166666567325592,18841.416015625,24.600000381469727,4.699999809265137,4.2833333015441895,35.79999923706055,24074.833984375,1692.6285714285714,0.6854761838912964,26.000595092773438,49.77142857142857,1328.2952880859375,2425.685791015625,-0.9709285497665405,995.4285714285714,0,505,1,0,0,34,30,117
1,297.0,0.0877993181347847,5133.0,295.59183673469363,16258.5,30.766666412353516,0.6166666746139526,18652.80078125,25.16666603088379,5.0,4.383333206176758,25.116666793823242,23544.333984375,1706.2,0.6857143044471741,26.048095703125,50.57142857142857,1331.1353759765625,2414.1142578125,-0.918404757976532,996.6857142857143,0,505,1,0,0,42,9,143
1,319.0,0.12998859584331512,7924.0,295.59183673469363,15049.3330078125,30.983333587646484,2.1666667461395264,20482.1328125,27.116666793823242,5.099999904632568,4.383333206176758,30.850000381469727,37691.66796875,1708.5714285714287,0.6860238313674927,26.062381744384766,51.371428571428574,1331.6673583984375,2414.45703125,-0.9137381315231323,996.5428571428571,0,505,1,0,0,41,22,113
1,284.7968607652082,0.3511972725391388,8051.0,296.89795918367327,17191.611328125,27.827777862548828,0.7166666388511658,18336.666015625,23.433332443237305,4.0,4.255555629730225,32.93333435058594,27702.9453125,1715.3714285714286,0.6770238280296326,26.028928756713867,52.714285714285715,1330.9356689453125,2429.0,-0.8807619214057922,993.0285714285715,0,505,1,0,0,21,22,99
1,186.0,0.34891676902770996,7619.0,299.8571428571425,15021.0,30.016666412353516,2.5166666507720947,17143.25,24.78333282470703,5.0,4.349999904632568,34.349998474121094,37529.5,1718.8285714285714,0.6720714569091797,26.023927688598633,54.8,1328.2149658203125,2448.1142578125,-0.8575476408004761,988.7142857142857,0,505,1,0,0,21,21,66
1,339.0,0.16647662222385406,6478.0,307.0612244897956,20811.666015625,30.483333587646484,4.233333110809326,23661.5,28.899999618530273,6.0,4.5,30.266666412353516,44151.66796875,1721.5428571428572,0.6687142848968506,26.046308517456055,58.457142857142856,1331.138671875,2480.914306640625,-0.8343571424484253,986.9714285714285,0,496,1,0,0,41,19,122
1,374.0,0.22462941706180573,2638.0,307.0612244897956,18361.333984375,30.233333587646484,0.0833333358168602,17252.3671875,24.08333396911621,4.5,4.083333492279053,36.233333587646484,21894.0,1696.2,0.6628333330154419,26.03583335876465,60.22857142857143,1330.6925048828125,2503.1142578125,-0.8342381119728088,984.1428571428571,0,505,1,0,0,21,9,155
1,220.0,0.14709235727787018,2215.0,310.8979591836731,17212.166015625,31.366666793823242,0.6333333253860474,18045.3671875,23.450000762939453,4.599999904632568,4.099999904632568,35.71666717529297,51180.33203125,1698.8285714285714,0.6581904888153076,26.04107093811035,63.74285714285714,1331.745849609375,2530.485595703125,-0.814214289188385,982.2285714285714,0,505,1,0,0,31,8,90
1,295.0,0.3637400269508362,4092.0,306.6326530612243,,31.200000762939453,0.23333333432674408,,23.766666412353516,4.599999904632568,4.099999904632568,26.399999618530273,,1700.4857142857143,0.6527618765830994,26.055118560791016,68.02857142857142,1331.8299560546875,2547.428466796875,-0.7591190338134766,977.9428571428572,0,505,1,0,0,34,30,104
1,346.0,0.24743443727493286,4365.0,308.4693877551017,,32.75,3.183333396911621,,26.33333396911621,5.099999904632568,4.449999809265137,25.91666603088379,,1702.8,0.6509047746658325,26.057262420654297,69.17142857142858,1332.704833984375,2549.428466796875,-0.7526904344558716,977.5714285714286,0,505,1,0,0,41,21,117
1,146.0,0.3717217743396759,2858.0,305.816326530612,17916.77734375,32.02222442626953,0.4166666567325592,18151.310546875,23.41666603088379,4.900000095367432,4.099999904632568,31.75,23936.9453125,1698.1142857142856,0.642047643661499,26.011428833007812,70.48571428571428,1325.919921875,2544.1142578125,-0.7378809452056885,970.8285714285714,0,474,1,0,0,31,8,68
1,262.0,0.26681870222091675,5199.0,300.38775510204056,17793.833984375,31.16666603088379,0.6000000238418579,17670.166015625,24.100000381469727,5.699999809265137,4.150000095367432,31.566667556762695,25898.166015625,1700.1714285714286,0.6449047327041626,26.0865478515625,73.94285714285714,1330.762939453125,2521.514404296875,-0.7120237946510315,971.9428571428572,0,474,1,0,0,31,23,89
1,308.96705496970054,0.3055872321128845,6692.0,300.38775510204056,17430.0,29.700000762939453,0.6499999761581421,16799.783203125,22.649999618530273,5.099999904632568,4.099999904632568,35.29999923706055,48754.33203125,1717.7428571428572,0.6466428637504578,26.098215103149414,76.17142857142858,1328.0126953125,2509.771484375,-0.6855475902557373,968.5142857142857,0,474,1,0,0,31,24,110
1,68.0,0.02964652143418789,1794.0,296.65306122448953,19070.333984375,29.066667556762695,0.699999988079071,17174.267578125,24.399999618530273,4.900000095367432,4.083333492279053,32.61666488647461,23216.666015625,1727.8285714285714,0.6369761824607849,26.069286346435547,71.54285714285714,1323.1329345703125,2512.94287109375,-0.6264523863792419,969.2857142857143,0,496,1,0,0,42,2,26
1,264.0,0.49714937806129456,1150.0,299.020408163265,20555.33203125,28.36111068725586,0.6000000238418579,18462.927734375,23.799999237060547,5.166666507720947,4.150000095367432,35.7055549621582,23087.888671875,1791.0,0.6355476379394531,26.061548233032227,72.05714285714286,1320.955078125,2496.771484375,-0.5708571672439575,967.1428571428571,0,496,1,1,0,31,30,99
0,143.0,0.5735461711883545,1615.0,298.5918367346937,19759.833984375,27.450000762939453,1.4666666984558105,18808.783203125,24.733333587646484,5.300000190734863,4.2833333015441895,33.25,23698.5,1795.2571428571428,0.6315237879753113,26.019880294799805,72.71428571428571,1323.1890869140625,2494.6572265625,-0.508904755115509,967.0285714285715,0,496,1,1,0,31,8,50
0,310.0,0.8426454067230225,1370.0,299.5306122448976,20346.111328125,25.566665649414062,1.7000000476837158,16934.005859375,23.94444465637207,5.300000190734863,4.083333492279053,34.49444580078125,21773.22265625,1794.7428571428572,0.6262381076812744,26.020118713378906,69.74285714285715,1321.656005859375,2498.39990234375,-0.5053571462631226,968.8571428571429,0,474,1,1,0,31,21,147
1,186.0,0.020524514839053154,3653.0,275.3673469387753,18668.833984375,29.33333396911621,1.2000000476837158,20693.216796875,26.28333282470703,5.0,4.099999904632568,20.133333206176758,29986.5,2575.5714285714284,0.6575238108634949,26.85416603088379,53.68571428571428,1357.721435546875,3007.800048828125,0.03911903500556946,1027.1142857142856,0,496,1,0,0,31,31,81
0,111.0,0.4994298815727234,3123.0,249.81632653061206,16913.666015625,32.28333282470703,2.0833332538604736,19152.94921875,27.58333396911621,5.400000095367432,4.199999809265137,24.71666717529297,24796.666015625,2551.3142857142857,0.663357138633728,26.857261657714844,76.25714285714285,1371.13037109375,2524.857177734375,0.03264286741614342,1013.3142857142857,0,496,1,0,1,21,1,43
1,101.0,0.216647669672966,13645.0,249.61224489795902,17866.333984375,30.377777099609375,2.5,18304.0390625,23.844444274902344,4.8333330154418945,4.2166666984558105,27.83333396911621,22651.888671875,2541.8,0.6663809418678284,26.859405517578125,86.65714285714286,1375.615966796875,2403.485595703125,-0.033095233142375946,1005.7714285714286,0,496,1,0,0,31,5,45
1,134.0,0.0,12098.0,251.7346938775508,16551.5,28.633333206176758,2.383333444595337,19652.05078125,25.049999237060547,5.0,4.2833333015441895,25.016666412353516,23169.333984375,2560.714285714286,0.6681190729141235,26.866785049438477,87.51428571428572,1374.3804931640625,2384.8857421875,-0.07507143169641495,1004.4,0,496,1,0,0,41,19,56
1,158.0,0.009122006595134735,5828.0,253.87755102040796,25687.333984375,30.066667556762695,4.699999809265137,19603.333984375,24.58333396911621,5.699999809265137,4.2833333015441895,21.516666412353516,24816.666015625,2538.542857142857,0.6689047813415527,26.870834350585938,89.17142857142858,1375.668212890625,2361.085693359375,-0.02964286506175995,1003.4857142857143,0,496,1,0,0,42,2,51
1,236.0,0.01254275906831026,1555.0,277.2244897959182,18108.166015625,29.516666412353516,1.3666666746139526,18634.75,24.33333396911621,5.0,4.183333396911621,18.566667556762695,22083.666015625,2561.885714285714,0.6779285669326782,26.823213577270508,98.77142857142857,1391.12353515625,2281.28564453125,0.03707142919301987,1002.9714285714285,0,497,1,0,1,41,19,104
1,231.0,0.049030788242816925,1491.0,283.65306122448965,19021.333984375,33.349998474121094,2.0166666507720947,17036.916015625,23.066667556762695,4.599999904632568,4.183333396911621,19.350000381469727,23475.666015625,2536.2571428571428,0.6955237984657288,26.925832748413086,99.14285714285714,1400.0791015625,2229.971435546875,-0.027976207435131073,1011.2571428571429,0,497,1,0,1,41,17,103
1,353.0,0.0,2503.0,281.9387755102039,17406.0,29.700000762939453,1.9666666984558105,18172.1328125,23.616666793823242,5.199999809265137,4.383333206176758,18.21666717529297,23306.333984375,2536.2571428571428,0.6955237984657288,26.925832748413086,99.14285714285714,1400.0791015625,2229.971435546875,-0.027976207435131073,1011.2571428571429,1,497,1,0,1,34,26,122
0,252.0,0.5849486589431763,1080.0,269.5306122448977,17788.517578125,30.012962341308594,3.7703702449798584,20382.044921875,25.125926971435547,5.199999809265137,4.151852130889893,20.212963104248047,21880.482421875,2539.2571428571428,0.6987380981445312,26.81095314025879,102.48571428571428,1404.595703125,2184.571533203125,-0.1297857165336609,1008.9714285714285,0,497,1,0,0,42,21,91
0,81.0,0.5735461711883545,2235.0,267.4081632653059,15617.5,33.88333511352539,4.633333206176758,17430.232421875,22.21666717529297,5.0,4.183333396911621,17.049999237060547,22367.5,2517.4857142857145,0.7070952653884888,26.931072235107422,100.45714285714286,1406.3671875,2169.05712890625,-0.14142856001853943,1015.8,4,497,1,0,0,41,16,35
1,107.0,0.10946407914161682,1613.0,261.95918367346917,20303.5,27.683332443237305,7.016666889190674,21316.97265625,27.5222225189209,5.699999809265137,4.483333110809326,20.97222137451172,46561.8359375,2518.3714285714286,0.7247619032859802,27.039047241210938,101.6,1415.815185546875,2132.45703125,-0.18809524178504944,1024.4285714285713,1,497,1,0,0,21,20,36
1,371.0,0.40935006737709045,6384.0,257.5306122448978,15830.388671875,28.544445037841797,2.6611111164093018,17597.666015625,24.205554962158203,4.9666666984558105,4.127778053283691,20.683332443237305,21680.111328125,2542.8571428571427,0.7322618961334229,27.05023765563965,102.94285714285714,1416.75048828125,2120.628662109375,-0.2532857060432434,1024.4571428571428,0,497,1,0,0,41,30,165
1,248.0,0.0,8663.0,257.5306122448978,28104.666015625,25.600000381469727,3.700000047683716,17870.033203125,23.450000762939453,4.900000095367432,4.050000190734863,23.816667556762695,47760.33203125,2544.457142857143,0.7385476231575012,27.090476989746094,104.2,1421.481689453125,2114.800048828125,-0.2611190378665924,1027.5142857142857,0,497,1,0,0,34,34,109
1,248.0,0.09350056946277618,6211.0,258.2448979591835,12877.0,28.433332443237305,3.2166666984558105,16115.7001953125,24.616666793823242,4.699999809265137,4.183333396911621,20.100000381469727,44381.16796875,2572.342857142857,0.7475714087486267,27.139047622680664,102.62857142857143,1424.615966796875,2105.742919921875,-0.2645714581012726,1032.857142857143,0,482,1,0,0,31,24,88
1,141.0,0.07639680802822113,1522.0,266.32653061224465,12663.6669921875,25.383333206176758,4.2166666984558105,16054.0498046875,22.549999237060547,4.199999809265137,4.083333492279053,19.933332443237305,24328.5,2646.657142857143,0.7581904530525208,27.153810501098633,95.48571428571428,1421.8408203125,2172.800048828125,-0.25888097286224365,1040.4571428571428,0,476,1,1,0,21,4,48
1,404.0,0.0,1896.0,276.12244897959164,16414.0,35.43333435058594,4.2833333015441895,20540.099609375,23.733333587646484,4.800000190734863,4.183333396911621,29.33333396911621,23745.666015625,2839.542857142857,0.7792618870735168,27.247737884521484,84.8,1424.8360595703125,2456.914306640625,-0.24526192247867584,1056.7714285714285,0,476,1,1,0,31,19,145
1,385.0,0.23261117935180664,1568.0,277.9999999999997,15105.0,35.56666564941406,7.066666603088379,17726.166015625,25.46666717529297,4.699999809265137,4.25,27.450000762939453,35004.16796875,2857.1428571428573,0.7809047698974609,27.250476837158203,85.05714285714286,1424.968505859375,2483.199951171875,-0.246238112449646,1056.9714285714285,0,476,1,0,0,31,19,150
0,324.0,0.5997719764709473,1316.0,269.63265306122435,16581.333984375,34.43333435058594,3.200000047683716,19331.6328125,24.183332443237305,5.800000190734863,4.050000190734863,38.150001525878906,23619.666015625,2957.114285714286,0.7957618832588196,27.29190444946289,86.2,1426.6005859375,2517.45703125,-0.2593333125114441,1060.2857142857142,0,476,1,0,0,21,31,121
1,283.0,0.20638540387153625,1788.0,261.85714285714266,14512.0,34.68333435058594,1.5666667222976685,16816.216796875,23.200000762939453,4.800000190734863,4.099999904632568,38.766666412353516,21784.166015625,3105.4285714285716,0.847000002861023,27.441308975219727,101.37142857142857,1421.13671875,2422.142822265625,0.14592856168746948,1051.5428571428572,0,476,1,0,1,31,6,120
0,175.0,0.6351197361946106,2052.0,273.4489795918365,12379.8330078125,35.11666488647461,2.9166667461395264,14727.1162109375,22.933332443237305,5.0,4.050000190734863,35.983333587646484,20608.833984375,3083.942857142857,0.8573809266090393,27.39130973815918,109.97142857142858,1413.448486328125,2308.05712890625,0.3798333406448364,1040.057142857143,3,476,1,0,1,42,2,68
0,73.0,0.03192702308297157,4884.0,279.48979591836724,13973.3330078125,38.766666412353516,2.816666603088379,18459.732421875,23.5,5.199999809265137,4.199999809265137,30.25,23652.0,3103.1428571428573,0.8545476198196411,27.281904220581055,109.14285714285714,1404.40283203125,2299.085693359375,0.3714999854564667,1033.2285714285715,2,476,1,0,0,31,20,28
0,163.0,0.2086659073829651,1348.0,282.5918367346937,13792.5556640625,40.00555419921875,2.594444513320923,17479.1328125,24.983333587646484,5.9666666984558105,4.050000190734863,31.538888931274414,22857.4453125,3084.1714285714284,0.8524285554885864,27.240476608276367,113.25714285714285,1409.104736328125,2269.857177734375,0.3537619113922119,1031.2285714285715,3,476,1,0,0,21,3,82
0,209.0,0.8380843997001648,1132.0,292.4285714285712,13570.0,37.900001525878906,3.933333396911621,18484.44921875,24.933332443237305,5.900000095367432,4.050000190734863,33.349998474121094,25964.0,3081.714285714286,0.878761887550354,27.266071319580078,127.57142857142857,1399.4483642578125,2166.05712890625,0.17321430146694183,1014.2571428571429,0,476,1,0,1,21,20,89
0,108.0,0.14595210552215576,1668.0,288.93877551020387,12365.0,33.83333206176758,2.6500000953674316,16344.599609375,23.383333206176758,4.900000095367432,4.083333492279053,38.349998474121094,20826.0,2973.2571428571428,0.9176904559135437,27.12761878967285,139.82857142857142,1388.9959716796875,2220.60009765625,0.1466190367937088,1001.6285714285714,2,476,1,0,1,41,1,59
0,259.0,0.46978336572647095,1133.0,288.26530612244886,12329.3330078125,32.78333282470703,3.2333333492279053,16763.767578125,23.549999237060547,4.800000190734863,4.0333333015441895,41.29999923706055,19906.666015625,2954.8571428571427,0.9109523892402649,26.954166412353516,139.37142857142857,1389.0679931640625,2231.314208984375,0.1096428632736206,1000.0,1,476,1,0,0,21,2,109
0,,0.017103763297200203,2929.0,288.26530612244886,11885.6669921875,34.5,1.9833333492279053,19392.05078125,23.53333282470703,5.099999904632568,4.233333110809326,39.016666412353516,25577.166015625,2935.5142857142855,0.9334523677825928,27.18940544128418,140.45714285714286,1390.5701904296875,2225.428466796875,0.12135714292526245,1003.8285714285714,6,476,1,0,0,21,3,
0,289.0,0.30786773562431335,1179.0,287.1224489795917,11963.1669921875,38.88333511352539,2.799999952316284,17171.44921875,21.266666412353516,5.099999904632568,4.083333492279053,37.53333282470703,20635.5,2905.6285714285714,0.9484761953353882,27.298690795898438,140.65714285714284,1392.07421875,2235.45703125,0.11390474438667297,1007.1428571428571,1,481,1,0,0,21,2,125
0,185.0,0.530216634273529,2263.0,291.9183673469386,12114.1669921875,38.25,2.0166666507720947,19145.75,22.733333587646484,4.400000095367432,4.0,34.86666488647461,20442.166015625,2864.885714285714,0.9570714235305786,27.344404220581055,141.62857142857143,1397.886474609375,2233.085693359375,0.098690465092659,1011.0857142857143,0,481,1,0,0,31,21,87
1,340.0,0.0,2313.0,291.6734693877549,12470.0556640625,32.38888931274414,1.6277776956558228,17867.689453125,22.483333587646484,4.366666793823242,4.0722222328186035,39.838890075683594,20183.388671875,2801.5714285714284,0.9767857193946838,27.527856826782227,144.97142857142856,1415.7392578125,2217.857177734375,0.1545238196849823,1023.4285714285714,0,476,1,1,0,31,2,139
0,129.0,0.2360319197177887,1253.0,292.5102040816324,14093.1669921875,28.46666717529297,3.883333444595337,19263.767578125,23.21666717529297,4.599999904632568,4.133333206176758,40.45000076293945,18910.0,2770.057142857143,0.9930952191352844,27.55559539794922,144.37142857142857,1418.1641845703125,2216.82861328125,0.16669046878814697,1028.142857142857,4,507,1,1,0,31,8,65
0,205.0,0.39452680945396423,1287.0,298.9387755102039,13908.0,32.96666717529297,2.9166667461395264,20257.966796875,24.91666603088379,5.5,4.050000190734863,38.41666793823242,22650.0,2748.6857142857143,0.9854999780654907,27.4134521484375,138.25714285714287,1397.8948974609375,2245.428466796875,0.2198571413755417,1021.0571428571428,4,507,1,1,0,31,6,112
0,107.75972766982912,0.2907639741897583,1320.0,298.6734693877548,13748.0,33.383331298828125,3.0166666507720947,24236.15625,23.933334350585938,4.900000095367432,4.099999904632568,39.57221984863281,21506.556640625,2758.7428571428572,0.989309549331665,27.380475997924805,131.34285714285716,1395.3865966796875,2253.1142578125,0.28902381658554077,1026.7142857142858,3,507,1,1,0,42,6,49
0,158.0,0.5359178781509399,1168.0,298.6734693877548,13982.0,33.88333511352539,2.9166667461395264,21506.43359375,24.0,4.900000095367432,4.099999904632568,40.58333206176758,19890.166015625,2759.942857142857,0.987428605556488,27.339881896972656,129.94285714285715,1394.487548828125,2256.685791015625,0.3038095235824585,1027.6285714285714,3,507,1,1,0,41,4,64
0,422.0,0.7069555521011353,1080.0,308.3061224489793,14776.4443359375,34.155555725097656,3.094444513320923,18814.162109375,22.266666412353516,4.433333396911621,4.050000190734863,42.377777099609375,20069.666015625,2757.714285714286,0.973976194858551,27.233095169067383,128.74285714285713,1402.6968994140625,2251.142822265625,0.36040475964546204,1031.9142857142858,1,507,1,1,0,21,26,233
1,28.0,0.3443557620048523,1314.0,314.40816326530586,14118.1669921875,38.233333587646484,2.0999999046325684,22140.1171875,22.450000762939453,4.800000190734863,4.050000190734863,36.849998474121094,20580.166015625,2729.7714285714287,0.988095223903656,27.380475997924805,127.82857142857142,1399.3948974609375,2251.742919921875,0.3727380931377411,1035.1714285714286,0,507,1,0,1,41,27,12
0,253.0,0.4526796042919159,1301.0,339.10204081632634,13640.1669921875,34.54999923706055,3.700000047683716,19302.8671875,22.700000762939453,4.400000095367432,4.150000095367432,40.88333511352539,23920.333984375,2668.3142857142857,0.9404523968696594,26.829999923706055,129.11428571428573,1414.073486328125,2266.971435546875,0.7072380781173706,1032.1142857142856,0,507,1,0,1,31,23,103
0,205.0,0.8722919225692749,1095.0,336.4693877551017,13644.5,35.650001525878906,1.4666666984558105,17356.6171875,22.850000381469727,5.0,4.083333492279053,41.70000076293945,20773.166015625,2606.2571428571428,0.8983095288276672,26.14821434020996,130.85714285714286,1412.7952880859375,2340.571533203125,1.0878095626831055,1021.5714285714286,0,507,1,0,1,41,3,113
0,151.0,0.15279361605644226,2159.0,325.32653061224465,13879.0,36.03333282470703,1.5833333730697632,19503.06640625,24.299999237060547,4.599999904632568,4.133333206176758,38.099998474121094,19640.333984375,2528.0,0.9189047813415527,26.413808822631836,136.77142857142857,1418.3826904296875,2386.60009765625,1.118642807006836,1025.942857142857,4,507,1,0,1,31,3,83
0,120.0,0.40136829018592834,1800.0,325.32653061224465,15484.1669921875,35.03333282470703,4.25,20570.650390625,24.383333206176758,5.300000190734863,4.083333492279053,37.46666717529297,21201.5,2528.0,0.9189047813415527,26.413808822631836,136.77142857142857,1418.3826904296875,2386.60009765625,1.118642807006836,1025.942857142857,3,507,1,0,1,21,3,66
0,327.0,0.5381984114646912,2585.0,320.36734693877514,14131.1669921875,32.016666412353516,3.2166666984558105,18038.083984375,25.850000381469727,6.800000190734863,4.150000095367432,37.83333206176758,22424.833984375,2460.0,0.9062857031822205,26.23345184326172,136.02857142857144,1418.9847412109375,2438.199951171875,0.9936666488647461,1025.7714285714285,1,507,1,0,0,31,3,179
0,134.0,0.30672746896743774,1527.0,315.77551020408134,15864.1669921875,30.116666793823242,8.016666412353516,20341.517578125,25.066667556762695,5.300000190734863,4.25,41.25,24042.5,2433.057142857143,0.9130476117134094,26.34238052368164,139.14285714285714,1425.2757568359375,2408.085693359375,1.0428094863891602,1029.2285714285715,2,507,1,0,0,31,1,55
0,281.0,0.6305587291717529,1133.0,312.8979591836731,17496.5,31.5,2.2166666984558105,19404.30078125,23.733333587646484,5.099999904632568,4.150000095367432,41.75,24820.333984375,2387.0285714285715,0.9267619252204895,26.52857208251953,142.77142857142857,1423.665283203125,2410.05712890625,0.8860238194465637,1029.8857142857144,0,507,1,0,0,21,34,138
0,199.0,0.3580387830734253,1386.0,308.4489795918364,17350.0,28.266666412353516,1.5166666507720947,18405.1328125,21.116666793823242,4.300000190734863,4.099999904632568,42.95000076293945,18446.333984375,2380.0857142857144,0.9376190304756165,26.69845199584961,148.14285714285714,1437.5216064453125,2378.571533203125,0.8465476036071777,1035.057142857143,1,507,1,0,0,31,2,108
0,379.0,0.5929304361343384,2971.0,305.6734693877549,16095.0,32.099998474121094,2.5166666507720947,18017.716796875,21.53333282470703,3.9000000953674316,4.150000095367432,39.54999923706055,19451.833984375,2398.057142857143,0.93407142162323,26.674285888671875,146.42857142857142,1434.562255859375,2397.199951171875,0.7083333134651184,1034.9714285714285,0,507,1,0,0,31,3,196
0,313.0,0.3705815374851227,2327.0,307.48979591836695,16589.166015625,34.06666564941406,2.0,17726.55078125,21.866666793823242,4.599999904632568,4.050000190734863,41.56666564941406,18840.666015625,2423.7428571428572,0.9259523749351501,26.68476104736328,151.11428571428573,1439.8770751953125,2384.428466796875,0.5235238075256348,1036.2,1,507,1,0,0,41,11,131
0,247.0,0.04446978494524956,6492.0,306.20408163265273,14437.1669921875,36.18333435058594,4.5,19329.93359375,24.08333396911621,4.699999809265137,4.183333396911621,38.18333435058594,22366.666015625,2439.4,0.9303333163261414,26.705238342285156,149.97142857142856,1435.74365234375,2400.314208984375,0.3634285628795624,1036.6285714285714,0,507,1,0,0,41,12,113
0,300.0,0.6944127678871155,5279.0,296.2857142857142,14422.8330078125,31.933332443237305,2.2166666984558105,18852.93359375,21.66666603088379,3.9000000953674316,4.183333396911621,42.41666793823242,18864.666015625,2449.8285714285716,0.9143333435058594,26.56035614013672,152.34285714285716,1443.0819091796875,2353.914306640625,0.3902857303619385,1034.7714285714285,0,507,1,0,0,31,6,120
0,191.0,0.31356897950172424,1687.0,295.12244897959175,15419.6669921875,34.81666564941406,4.266666889190674,17229.3828125,22.366666793823242,4.199999809265137,4.150000095367432,41.70000076293945,18416.833984375,2466.5142857142855,0.910880982875824,26.5625,152.77142857142857,1440.73779296875,2347.628662109375,0.3097380995750427,1033.3714285714286,0,507,1,0,0,21,2,82
0,308.0,0.5290763974189758,1364.0,295.3877551020408,13620.6669921875,31.633333206176758,3.7666666507720947,19499.900390625,24.233333587646484,4.599999904632568,4.25,42.53333282470703,20889.666015625,2503.714285714286,0.8935952186584473,26.374404907226562,153.57142857142858,1442.611083984375,2322.199951171875,0.14490476250648499,1034.3428571428572,0,507,1,0,0,21,10,141
0,259.0,0.7537057995796204,1093.0,295.3877551020408,15663.6669921875,28.899999618530273,3.6500000953674316,16614.033203125,23.08333396911621,4.0,4.150000095367432,38.41666793823242,19425.0,2514.8285714285716,0.8894285559654236,26.346548080444336,153.02857142857144,1441.901611328125,2316.1142578125,0.0951666608452797,1033.1142857142856,0,507,1,0,0,21,8,112
0,372.0,0.7833523154258728,1168.0,298.8571428571427,12220.8330078125,28.616666793823242,3.5833332538604736,16368.2998046875,22.200000762939453,3.799999952316284,4.333333492279053,44.78333282470703,20772.0,2523.3714285714286,0.8904761672019958,26.44261932373047,152.2,1439.65478515625,2323.39990234375,0.14423808455467224,1033.4285714285713,1,507,1,0,0,31,8,181
0,3.0,0.07183580100536346,1445.0,294.67346938775495,13807.666015625,27.80555534362793,4.866666793823242,20513.8828125,23.08888816833496,4.199999809265137,4.361111164093018,42.488887786865234,22851.5,2518.7714285714287,0.8770714402198792,26.343570709228516,160.9142857142857,1452.0865478515625,2272.71435546875,-0.005166688002645969,1029.6285714285714,5,507,1,0,0,31,2,1
0,252.0,0.0057012541219592094,4303.0,296.9183673469386,13875.6669921875,34.71666717529297,4.866666793823242,20041.69921875,24.549999237060547,4.699999809265137,4.449999809265137,40.04999923706055,24285.0,2559.6,0.8885714411735535,26.361785888671875,151.37142857142857,1443.8121337890625,2294.914306640625,-0.0028809348586946726,1038.1142857142856,0,507,1,0,0,21,1,93
0,120.0,0.4925883710384369,5714.0,302.4285714285712,13265.7783203125,30.572221755981445,2.3499999046325684,18209.412109375,22.105554580688477,3.8333332538604736,4.383333206176758,44.05555725097656,18943.22265625,2503.0857142857144,0.8694999814033508,26.378929138183594,163.8,1451.9595947265625,2248.571533203125,-0.06914285570383072,1024.1142857142856,2,507,1,0,0,31,4,51
0,431.0,0.13112884759902954,2118.0,305.32653061224465,14312.6669921875,27.683332443237305,3.7166666984558105,25020.099609375,21.149999618530273,4.099999904632568,4.300000190734863,46.33333206176758,20155.333984375,2489.7428571428572,0.8655952215194702,26.38833236694336,168.11428571428573,1457.04443359375,2219.05712890625,-0.13476189970970154,1022.5714285714286,1,507,1,0,1,42,12,209
0,215.0,0.4070695638656616,1542.0,308.34693877551007,15868.1669921875,31.41666603088379,3.799999952316284,22468.650390625,23.100000381469727,4.599999904632568,4.300000190734863,40.04999923706055,27396.666015625,2492.285714285714,0.8598333597183228,26.32369041442871,167.9142857142857,1453.001953125,2211.17138671875,-0.1519523710012436,1020.6285714285714,1,507,1,0,1,41,8,98
0,220.0,0.5131129026412964,1057.0,298.06122448979573,13431.5,24.83333396911621,4.316666603088379,16558.833984375,21.78333282470703,4.0,4.633333206176758,50.96666717529297,20527.0,2428.285714285714,0.8310238122940063,26.145118713378906,179.8,1475.671875,2073.914306640625,-0.19161906838417053,1018.3142857142857,1,507,1,0,1,21,18,112
0,325.0,0.28848347067832947,1517.0,291.9387755102039,12855.6669921875,26.733333587646484,5.150000095367432,16181.7998046875,21.516666412353516,4.0,4.550000190734863,50.0,18752.333984375,2437.2571428571428,0.8405476212501526,26.197261810302734,177.94285714285715,1482.430419921875,2060.514404296875,-0.055357132107019424,1026.6857142857143,1,507,1,0,1,31,8,165
0,346.0,0.44355759024620056,2983.0,288.0816326530611,12753.3330078125,30.433332443237305,2.366666555404663,17324.666015625,22.633333206176758,4.599999904632568,4.150000095367432,45.29999923706055,21345.833984375,2461.4,0.8326190710067749,26.103452682495117,173.97142857142856,1466.4326171875,2064.428466796875,0.05957144498825073,1022.6,2,507,1,0,1,21,11,140
0,205.0,0.049030788242816925,1430.0,285.9795918367346,12083.0,29.0,3.433333396911621,20228.416015625,21.53333282470703,3.9000000953674316,4.5,40.233333587646484,19695.166015625,2464.342857142857,0.8267619013786316,26.04464340209961,175.22857142857143,1467.580810546875,2057.28564453125,0.0898333489894867,1021.3428571428572,4,507,1,0,1,42,11,85
0,126.0,0.010262257419526577,2402.0,285.877551020408,11985.1669921875,26.71666717529297,2.9833333492279053,17455.68359375,21.733333587646484,4.099999904632568,4.5,44.400001525878906,20634.833984375,2488.5714285714284,0.7754285931587219,25.758333206176758,180.88571428571427,1487.9036865234375,2001.199951171875,0.3291190564632416,1018.3428571428572,4,507,1,0,1,41,9,58
0,128.0,0.026225769892334938,1522.0,285.7551020408162,11457.0,28.233333587646484,3.366666555404663,17688.55078125,22.53333282470703,4.0,4.383333206176758,46.900001525878906,24408.333984375,2484.0,0.7666190266609192,25.773691177368164,180.17142857142858,1485.927001953125,1998.085693359375,0.30988097190856934,1013.4285714285714,2,507,1,0,1,41,7,50
0,206.0,0.8289623856544495,1145.0,282.142857142857,11802.5,27.600000381469727,2.7333333492279053,17115.80078125,22.116666793823242,3.9000000953674316,4.550000190734863,44.45000076293945,17482.5,2484.0,0.7570475935935974,25.785476684570312,177.94285714285715,1483.6712646484375,1993.8857421875,0.2925238013267517,1011.8285714285714,1,507,1,0,1,21,6,102
0,86.0,0.15963512659072876,1744.0,279.5510204081631,12903.0,27.133333206176758,4.800000190734863,16990.216796875,22.21666717529297,4.800000190734863,4.583333492279053,43.18333435058594,18830.666015625,2487.4,0.7463809847831726,25.725833892822266,174.8,1485.0872802734375,1996.7142333984375,0.4438333511352539,1014.4857142857143,2,507,1,0,1,21,2,43
0,14.0,0.36145952343940735,2595.0,264.08163265306104,12330.0,31.100000381469727,1.899999976158142,18823.5,23.850000381469727,4.400000095367432,4.699999809265137,39.349998474121094,23292.0,2444.657142857143,0.7093571424484253,25.49654769897461,180.34285714285716,1495.98291015625,1984.971435546875,0.22138094902038574,1007.3428571428572,6,507,1,0,1,21,12,5
0,186.0,0.23489168286323547,5471.0,255.65306122448968,12555.111328125,28.7277774810791,4.816666603088379,16796.64453125,22.61111068725586,4.066666603088379,4.516666889190674,45.29999923706055,18741.72265625,2398.2571428571428,0.7199285626411438,25.78738021850586,185.4857142857143,1499.89794921875,1980.085693359375,0.1033095195889473,1007.2,2,507,1,0,1,34,6,77
1,202.0,0.0,7345.0,248.55102040816308,11191.5556640625,28.205554962158203,5.111111164093018,20035.12109375,21.66666603088379,3.866666793823242,4.516666889190674,44.011112213134766,17678.77734375,2355.457142857143,0.7189047336578369,25.787857055664062,192.14285714285714,1497.4674072265625,1984.4285888671875,0.025619052350521088,998.8857142857142,0,507,1,0,1,31,6,99
1,236.0,0.0,7672.0,239.877551020408,12359.6669921875,30.183332443237305,4.150000095367432,18252.583984375,21.383333206176758,4.300000190734863,4.566666603088379,41.266666412353516,19800.833984375,2306.6,0.7158809304237366,25.788928985595703,200.37142857142857,1500.509765625,1980.3714599609375,-0.03171427547931671,991.7714285714286,0,507,1,0,1,34,5,88
0,252.0,0.2759407162666321,6100.0,231.99999999999983,14673.6669921875,29.25,6.933333396911621,17231.232421875,22.516666412353516,4.5,4.5,38.41666793823242,20141.666015625,2246.9714285714285,0.701714277267456,25.714405059814453,200.74285714285713,1494.9080810546875,1987.1142578125,-0.034023821353912354,985.9714285714285,0,507,1,0,1,34,7,105
0,121.0,0.25997719168663025,2110.0,223.51020408163245,12099.0,32.61666488647461,4.349999904632568,19929.267578125,26.399999618530273,5.099999904632568,4.599999904632568,37.849998474121094,22955.666015625,2205.885714285714,0.6619047522544861,25.155595779418945,198.65714285714284,1498.3431396484375,1995.4285888671875,-0.030714303255081177,977.0,0,507,1,0,1,31,4,55
0,163.0,0.1619156152009964,1976.0,214.89795918367327,14461.3330078125,32.400001525878906,6.866666793823242,19987.19921875,24.450000762939453,5.0,4.699999809265137,40.33333206176758,23418.666015625,2179.342857142857,0.6819285750389099,25.592857360839844,203.74285714285713,1504.529541015625,1974.05712890625,-0.04383334517478943,984.0571428571428,0,507,1,0,1,31,2,67
0,91.0,0.25427594780921936,10022.0,205.0204081632651,12196.6669921875,29.41666603088379,5.9666666984558105,19333.666015625,22.483333587646484,4.199999809265137,4.699999809265137,42.45000076293945,21556.0,2212.657142857143,0.6738333106040955,25.577024459838867,203.65714285714284,1508.50390625,1975.5142822265625,-0.0273333378136158,983.6857142857143,3,507,1,0,1,11,3,44
1,134.0,0.06385404616594315,13179.0,195.04081632653046,12938.6669921875,30.600000381469727,6.166666507720947,17427.56640625,22.566667556762695,4.0,4.650000095367432,40.03333282470703,18105.333984375,2218.0857142857144,0.6690475940704346,25.625951766967773,208.11428571428573,1531.8460693359375,1959.142822265625,-0.01861904002726078,990.1714285714286,1,507,1,0,1,21,5,52
0,78.05674334303873,0.013683009892702103,7202.0,191.38775510204067,14165.0,31.483333587646484,2.933333396911621,18631.900390625,21.899999618530273,3.799999952316284,4.5,40.21666717529297,19576.5,2386.2571428571428,0.6680952310562134,25.52726173400879,186.34285714285716,1497.0447998046875,2010.3428955078125,-0.0885000005364418,996.6571428571428,3,518,1,0,0,42,14,31
0,115.0,0.09692132472991943,5911.0,187.61224489795904,11517.1669921875,30.933332443237305,5.883333206176758,17583.416015625,22.116666793823242,4.0,4.599999904632568,40.45000076293945,19539.666015625,2344.4285714285716,0.668404757976532,25.560237884521484,194.11428571428573,1503.6314697265625,1995.5999755859375,-0.10907142609357834,990.8,3,518,1,0,0,21,5,49
0,143.0,0.02508551813662052,6677.0,188.55102040816317,12792.3330078125,32.71666717529297,3.6500000953674316,20554.966796875,24.899999618530273,4.900000095367432,4.5,36.5,24282.333984375,2378.3714285714286,0.6611666679382324,25.54107093811035,193.85714285714286,1506.8538818359375,1990.771484375,-0.1676904708147049,993.1428571428571,3,518,1,0,0,21,15,57
0,,0.057012543082237244,13462.0,186.71428571428558,12263.3330078125,32.46666717529297,5.300000190734863,18929.3671875,22.133333206176758,4.300000190734863,4.699999809265137,38.099998474121094,20422.0,2388.8285714285716,0.6340237855911255,25.047500610351562,193.2,1511.3931884765625,1982.228515625,-0.15761904418468475,989.0857142857143,2,481,1,0,0,21,5,
0,205.0,0.23261117935180664,8135.0,189.51020408163254,12351.1669921875,32.70000076293945,6.5333333015441895,21583.8671875,25.83333396911621,5.300000190734863,4.550000190734863,35.20000076293945,25853.166015625,2485.0,0.621071457862854,24.944522857666016,186.88571428571427,1504.7874755859375,1966.1142578125,-0.19764284789562225,985.1428571428571,2,518,1,0,0,31,9,79
0,211.0,0.07867731153964996,8451.0,190.55102040816314,11807.333984375,28.883333206176758,5.316666603088379,18923.298828125,24.25,4.400000095367432,4.849999904632568,41.266666412353516,23137.556640625,2485.114285714286,0.6209762096405029,24.85309600830078,192.54285714285714,1515.181396484375,1937.7427978515625,-0.257833331823349,988.9428571428572,6,518,1,0,0,31,5,94
0,111.0,0.10946407914161682,1360.0,187.4693877551019,12405.0,27.46666717529297,7.25,20248.5,24.75,5.0,4.683333396911621,40.599998474121094,21293.666015625,2458.6857142857143,0.6259762048721313,24.97381019592285,196.54285714285714,1522.8594970703125,1915.4571533203125,-0.2913571298122406,984.5714285714286,3,518,1,0,0,31,8,50
0,,0.010262257419526577,1830.0,191.22448979591823,12102.0,32.28333282470703,4.833333492279053,21667.166015625,25.75,5.099999904632568,4.75,35.45000076293945,28636.0,2491.8285714285716,0.6387618780136108,25.11214256286621,194.2,1517.4169921875,1922.085693359375,-0.3321428596973419,990.3428571428572,3,518,1,0,0,21,3,
0,133.46664891339339,0.0,6776.0,189.22448979591823,12715.1669921875,31.516666412353516,6.416666507720947,18022.349609375,24.0,4.0,4.800000190734863,39.08333206176758,20979.666015625,2511.3714285714286,0.6609047651290894,25.362619400024414,200.05714285714285,1518.1907958984375,1920.3143310546875,-0.4134523570537567,995.3142857142857,1,518,1,0,0,21,8,57
0,99.0,0.0,2466.0,195.22448979591817,11551.6669921875,29.883333206176758,4.933333396911621,18218.25,24.0,4.0,4.666666507720947,37.349998474121094,20864.5,2753.942857142857,0.666523814201355,25.287857055664062,198.6,1521.76611328125,1915.7142333984375,-0.43776190280914307,997.1428571428571,3,518,1,0,0,41,9,38
0,169.0,0.013683009892702103,16611.0,192.22448979591823,14819.0,33.20000076293945,4.25,18332.68359375,22.016666412353516,3.700000047683716,4.599999904632568,39.81666564941406,21640.833984375,2903.714285714286,0.7081904411315918,25.67071533203125,196.05714285714285,1508.866943359375,1933.17138671875,-0.49721428751945496,1007.4285714285714,0,518,1,0,0,34,11,69
0,128.0,0.5644241571426392,18048.0,200.22448979591823,13523.0,30.71666717529297,6.5,17814.3671875,22.616666793823242,4.199999809265137,4.683333396911621,41.71666717529297,21536.666015625,3109.8285714285716,0.6970238089561462,25.49761962890625,196.4857142857143,1517.40625,1925.6571044921875,-0.554190456867218,1008.5142857142857,1,518,1,0,0,31,1,57
0,97.0,0.04446978494524956,11666.0,200.6122448979591,11521.5,34.66666793823242,4.300000190734863,19542.349609375,24.41666603088379,4.900000095367432,4.699999809265137,40.31666564941406,22431.5,3284.6285714285714,0.6826428771018982,25.11916732788086,193.22857142857143,1522.779052734375,1937.771484375,-0.5942381024360657,1006.1142857142858,2,518,1,0,0,31,3,40
0,74.00831355838612,0.1824401319026947,3634.0,212.93877551020395,12592.5,29.200000762939453,6.933333396911621,19595.349609375,22.600000381469727,4.300000190734863,4.800000190734863,38.88333511352539,21821.5,3468.1714285714284,0.6994285583496094,25.467975616455078,196.65714285714284,1530.5107421875,1908.7142333984375,-0.6022619009017944,1016.8,5,518,1,0,0,31,5,34
0,171.0,0.5986316800117493,1205.0,206.6326530612244,14138.5,28.66666603088379,6.733333110809326,20433.30078125,23.850000381469727,4.400000095367432,4.849999904632568,37.81666564941406,22733.5,3512.2,0.694095253944397,25.382858276367188,202.0857142857143,1551.491455078125,1897.3428955078125,-0.6209762096405029,1020.2571428571429,0,518,1,1,0,21,35,84
0,184.0,0.9144811630249023,1053.0,206.9591836734693,14023.5,28.383333206176758,9.816666603088379,18758.80078125,24.46666717529297,5.0,4.800000190734863,36.400001525878906,23869.5,3582.0285714285715,0.6948333382606506,25.487619400024414,201.17142857142858,1567.6273193359375,1884.914306640625,-0.6598333120346069,1029.4,0,518,1,1,0,21,35,90
0,167.0,0.9293044209480286,1095.0,205.79591836734684,13083.5,30.91666603088379,8.216666221618652,21909.5,27.633333206176758,5.5,4.883333206176758,37.0,28914.5,3565.542857142857,0.6858809590339661,25.29464340209961,199.2,1561.763671875,1900.0,-0.688095211982727,1022.7428571428571,0,518,1,1,0,21,3,82
0,165.0,0.6191562414169312,1043.0,204.48979591836724,15196.5,30.100000381469727,11.616666793823242,21941.150390625,26.049999237060547,5.400000095367432,4.983333110809326,37.766666412353516,36660.0,3598.2571428571428,0.6795238256454468,25.123689651489258,198.71428571428572,1566.3619384765625,1890.4571533203125,-0.6842619180679321,1022.2,0,518,1,1,0,31,35,80
0,218.0,0.8312428593635559,1774.0,200.673469387755,13996.8330078125,31.399999618530273,7.0333333015441895,24133.583984375,27.383333206176758,5.5,4.900000095367432,37.650001525878906,28245.5,3549.7714285714287,0.6897618770599365,25.224048614501953,201.5142857142857,1578.951904296875,1893.6856689453125,-0.7270238399505615,1031.6,0,518,1,1,0,21,3,107
0,159.0,0.7730900645256042,1179.0,197.26530612244886,15794.1669921875,33.900001525878906,6.983333110809326,24147.232421875,28.5,6.0,4.900000095367432,36.11666488647461,30871.166015625,3500.457142857143,0.7130952477455139,25.465356826782227,210.31428571428572,1604.88525390625,1870.1142578125,-0.7672857046127319,1047.8,0,518,1,1,0,31,1,77
0,155.0,0.5917901992797852,1605.0,193.938775510204,18598.166015625,30.983333587646484,9.683333396911621,23145.517578125,25.600000381469727,5.099999904632568,4.900000095367432,38.81666564941406,25727.0,3345.542857142857,0.7395952343940735,25.61321449279785,207.45714285714286,1568.4677734375,1879.82861328125,-0.7855952382087708,1040.057142857143,3,481,1,0,1,31,35,62
0,173.0,0.015963511541485786,3160.0,188.85714285714278,12264.0,31.71666717529297,7.433333396911621,19210.099609375,23.683332443237305,4.300000190734863,4.849999904632568,39.04999923706055,24271.0,3246.1428571428573,0.7478095293045044,25.618928909301758,209.8,1552.2059326171875,1880.3428955078125,-0.7963095307350159,1038.3714285714286,3,481,1,0,0,31,5,84
0,189.0,0.1356898546218872,7077.0,183.04081632653046,12788.0,30.16666603088379,7.099999904632568,17668.533203125,24.75,4.900000095367432,4.800000190734863,36.83333206176758,21057.333984375,3094.2571428571428,0.7771666646003723,25.851428985595703,213.57142857142858,1550.03955078125,1863.971435546875,-0.8138095140457153,1039.6285714285714,8,481,1,0,0,31,11,92
0,116.0,0.007981755770742893,6410.0,189.95918367346923,12887.0,30.633333206176758,10.533333778381348,17050.44921875,23.46666717529297,4.800000190734863,4.800000190734863,39.766666412353516,19860.5,3029.9142857142856,0.7728333473205566,25.884761810302734,217.85714285714286,1555.7950439453125,1852.771484375,-0.8295000195503235,1035.5714285714287,8,481,1,0,0,31,8,56
0,141.0,0.41505131125450134,6819.0,187.91836734693862,14007.0,29.71666717529297,5.516666889190674,18140.18359375,24.25,5.099999904632568,4.849999904632568,38.61666488647461,21824.666015625,2811.057142857143,0.805571436882019,26.102500915527344,228.28571428571428,1555.9173583984375,1838.05712890625,-0.8431428670883179,1036.5142857142857,5,481,1,0,0,31,8,63
0,144.0,0.0,6959.0,185.51020408163248,17320.5,31.83333396911621,7.699999809265137,19373.150390625,24.899999618530273,4.5,4.900000095367432,38.21666717529297,27092.666015625,2748.0857142857144,0.8119999766349792,26.172500610351562,228.88571428571427,1551.232421875,1829.6285400390625,-0.8570713996887207,1036.0857142857142,3,481,1,0,0,24,8,69
0,89.0,0.023945268243551254,12006.0,182.12244897959164,15213.111328125,32.02777862548828,5.638888835906982,19870.93359375,23.683334350585938,4.633333206176758,4.888888835906982,37.82777786254883,22652.0546875,2717.3142857142857,0.7938809394836426,25.804285049438477,230.2,1553.181884765625,1817.05712890625,-0.8721904754638672,1031.3714285714286,3,481,1,0,0,41,13,34
0,77.0,0.3181299865245819,25082.0,170.24489795918345,12590.3330078125,31.883333206176758,5.016666889190674,21446.56640625,29.41666603088379,5.599999904632568,4.900000095367432,35.86666488647461,29232.5,2653.9714285714285,0.8085238337516785,25.778928756713867,234.2,1547.6583251953125,1824.5999755859375,-0.894428551197052,1033.942857142857,3,481,1,0,0,21,6,35
0,148.0,0.2291904240846634,22969.0,167.0408163265304,13281.3330078125,34.56666564941406,11.516666412353516,21942.232421875,27.816667556762695,6.0,4.883333206176758,37.45000076293945,30054.333984375,2687.5142857142855,0.7221428751945496,24.693571090698242,232.68571428571428,1561.23681640625,1807.3428955078125,-0.8732619285583496,1007.7714285714286,3,481,1,0,0,41,6,63
0,146.0,0.0,30640.0,163.1224489795916,11936.1669921875,31.633333206176758,4.599999904632568,18916.232421875,22.350000381469727,4.800000190734863,4.883333206176758,35.53333282470703,20079.5,2635.1714285714284,0.8200238347053528,25.86618995666504,243.5142857142857,1559.00341796875,1785.05712890625,-0.8949047923088074,1029.942857142857,6,481,1,0,0,11,9,60
0,140.0,0.15963512659072876,28234.0,162.67346938775495,13652.3330078125,32.11666488647461,5.099999904632568,18312.06640625,24.25,4.800000190734863,4.800000190734863,39.11666488647461,25594.333984375,2632.2571428571428,0.8532857298851013,26.30368995666504,248.4,1559.510986328125,1772.228515625,-0.9180238246917725,1036.5428571428572,0,481,1,0,0,41,8,59
0,151.0,0.020524514839053154,32767.0,156.16326530612227,13065.8330078125,30.200000762939453,8.066666603088379,18103.56640625,22.616666793823242,4.400000095367432,4.883333206176758,38.45000076293945,19404.5,2601.2571428571428,0.8658333420753479,26.488452911376953,260.3142857142857,1574.2900390625,1730.3143310546875,-0.9195238351821899,1034.8,0,481,1,0,0,21,12,71
0,134.0,0.3055872321128845,27378.0,144.79591836734681,10846.666015625,31.016666412353516,8.005555152893066,16696.888671875,23.08888816833496,4.099999904632568,5.0,41.72222137451172,17890.833984375,2599.7714285714287,0.8782142996788025,26.463571548461914,260.65714285714284,1570.9708251953125,1725.4857177734375,-0.9566190838813782,1038.8857142857144,0,518,1,0,0,21,15,66
0,122.0,0.1550741195678711,24183.0,143.85714285714278,12643.0,30.350000381469727,6.133333206176758,18383.150390625,21.366666793823242,4.0,5.0,39.0,18394.5,2616.0,0.8793571591377258,26.408571243286133,258.77142857142854,1569.6866455078125,1723.5428466796875,-0.979023814201355,1038.8857142857144,0,518,1,0,0,21,15,57
0,108.0,0.09806157648563385,17238.0,139.71428571428564,13642.0,26.950000762939453,5.583333492279053,17599.599609375,25.516666412353516,4.300000190734863,5.083333492279053,39.78333282470703,21589.333984375,2645.4857142857145,0.8952381014823914,26.503690719604492,261.77142857142854,1576.1138916015625,1698.3143310546875,-1.0267618894577026,1042.4285714285713,0,518,1,0,0,21,11,45
0,131.0,0.13226909935474396,1745.0,134.0612244897958,13000.0,27.649999618530273,8.850000381469727,21326.400390625,22.549999237060547,3.700000047683716,5.050000190734863,41.099998474121094,18961.0,2588.657142857143,0.887071430683136,26.32023811340332,268.2857142857143,1580.4710693359375,1670.5714111328125,-1.0357381105422974,1032.5142857142857,1,518,1,0,0,31,5,57
0,110.0,0.0057012541219592094,2383.0,133.46938775510193,10571.5,28.383333206176758,7.433333396911621,19293.5,22.733333587646484,4.5,5.083333492279053,40.68333435058594,20288.5,2579.8,0.9000714421272278,26.424762725830078,270.34285714285716,1579.3292236328125,1661.8857421875,-1.045547604560852,1034.8285714285714,4,518,1,0,0,31,8,50
0,37.0,0.0,14990.0,138.48979591836724,10623.0,26.71666717529297,7.833333492279053,18113.099609375,20.883333206176758,3.5999999046325684,4.949999809265137,42.11666488647461,18940.833984375,2733.1714285714284,0.9032618999481201,26.349641799926758,271.8,1586.017578125,1620.771484375,-1.1258333921432495,1036.0857142857142,2,518,1,0,0,21,8,17
0,120.0,0.06613454967737198,2512.0,134.8571428571428,10666.0,25.983333587646484,7.233333110809326,19649.099609375,24.100000381469727,4.199999809265137,4.949999809265137,43.016666412353516,17158.5,2773.4285714285716,0.9191428422927856,26.486309051513672,273.1142857142857,1588.4033203125,1611.914306640625,-1.1549047231674194,1040.0,0,518,1,0,0,34,8,48
0,81.0,0.0022805016487836838,10286.0,142.10204081632642,10602.6669921875,28.633333206176758,8.633333206176758,19989.55078125,23.75,4.099999904632568,5.050000190734863,42.650001525878906,20312.833984375,2836.114285714286,0.9209523797035217,26.490833282470703,271.37142857142857,1586.093017578125,1596.4285888671875,-1.20461905002594,1040.2285714285715,1,518,1,0,0,31,5,41
1,137.0,0.0,20063.0,139.7755102040816,10351.0,25.633333206176758,7.150000095367432,17745.517578125,21.549999237060547,4.199999809265137,4.983333110809326,43.95000076293945,18795.833984375,2904.542857142857,0.9459523558616638,26.641071319580078,286.54285714285714,1611.9615478515625,1540.1142578125,-1.2322618961334229,1045.4571428571428,0,518,1,0,0,34,10,61
0,55.0,0.0,32767.0,140.734693877551,9453.8330078125,28.399999618530273,7.616666793823242,16934.666015625,20.766666412353516,3.799999952316284,5.0333333015441895,40.11666488647461,16832.5,3112.285714285714,0.926880955696106,26.31035614013672,270.74285714285713,1594.8621826171875,1560.05712890625,-1.2828571796417236,1042.6,2,518,1,0,0,21,13,23
0,50.0,0.21322691440582275,32767.0,143.61224489795916,9261.6669921875,28.41666603088379,13.716666221618652,17545.232421875,21.600000381469727,4.099999904632568,4.900000095367432,42.96666717529297,18564.666015625,3134.342857142857,0.911047637462616,26.15250015258789,275.25714285714287,1601.9791259765625,1549.5714111328125,-1.282357096672058,1036.8285714285714,3,518,1,0,0,21,34,19
0,89.0,0.034207526594400406,32767.0,142.61224489795916,11666.0,32.983333587646484,9.783333778381348,20514.3828125,26.633333206176758,5.900000095367432,5.0,39.16666793823242,28160.166015625,3114.4857142857145,0.8734285831451416,25.663333892822266,271.74285714285713,1606.7686767578125,1571.2857666015625,-1.2426904439926147,1029.6285714285714,6,481,1,0,0,21,1,37
0,109.0,0.05929304286837578,23603.0,146.3469387755102,7898.66650390625,27.03333282470703,7.066666603088379,17489.5,21.183332443237305,3.799999952316284,5.050000190734863,46.21666717529297,16088.3330078125,2999.2,0.9534285664558411,26.394643783569336,281.65714285714284,1603.6007080078125,1569.2572021484375,-1.2826428413391113,1041.2857142857142,2,481,1,0,0,21,30,44
1,151.0,0.0,19747.0,145.29166666666666,9831.0,26.766666412353516,6.583333492279053,20685.232421875,20.58333396911621,3.700000047683716,4.900000095367432,43.18333435058594,18697.0,2997.942857142857,0.9575714468955994,26.387975692749023,282.51428571428573,1608.39404296875,1579.857177734375,-1.3101904392242432,1043.6857142857143,2,481,1,0,0,41,7,70
0,,0.10604333132505417,8276.0,147.52777777777771,10952.6669921875,26.116666793823242,8.383333206176758,19753.732421875,21.683332443237305,3.700000047683716,4.949999809265137,45.18333435058594,17074.333984375,2878.2571428571428,0.9605714082717896,26.328332901000977,294.34285714285716,1616.7288818359375,1582.7142333984375,-1.2615952491760254,1034.0857142857142,2,481,1,0,0,41,7,
0,353.0,0.6282781958580017,1829.0,308.83673469387736,16273.611328125,34.35000228881836,0.8388888835906982,22412.794921875,24.811111450195312,4.833333492279053,4.261111259460449,34.627777099609375,25891.5,1431.9238095238095,0.5976190567016602,25.689008712768555,24.857142857142854,1310.2305908203125,2425.485595703125,-0.4228571355342865,988.952380952381,0,505,1,1,0,21,14,160
0,241.0,0.8950968980789185,1735.0,321.1632653061222,14861.0,28.71666717529297,0.4000000059604645,19428.56640625,24.08333396911621,4.699999809265137,4.349999904632568,33.733333587646484,31281.833984375,1407.2,0.5802618861198425,25.50773811340332,23.914285714285715,1314.0474853515625,2498.914306640625,-0.528166651725769,990.3428571428572,0,505,1,1,0,21,35,118
1,239.0,0.38768529891967773,1538.0,320.4693877551018,15392.0,31.71666717529297,0.5,21256.333984375,23.850000381469727,4.599999904632568,4.349999904632568,33.53333282470703,27282.0,1394.942857142857,0.588357150554657,25.57726287841797,24.37142857142857,1314.004150390625,2512.0,-0.5554285645484924,991.9142857142857,0,505,1,1,0,31,3,98
0,388.0,0.5096921324729919,1243.0,299.06122448979573,19406.833984375,33.599998474121094,3.566666603088379,21830.6328125,25.0,3.9000000953674316,4.300000190734863,39.099998474121094,29440.166015625,1562.0285714285715,0.7082380652427673,25.82131004333496,45.22857142857143,1334.489501953125,2468.685791015625,-1.2089285850524902,1001.4857142857143,2,469,1,0,0,41,8,179
0,145.0,0.05587229132652283,2877.0,298.1224489795917,18279.0,31.08888816833496,2.299999952316284,19315.34375,24.316665649414062,4.5,4.3222222328186035,35.25555419921875,23817.9453125,1584.142857142857,0.7374523878097534,26.03499984741211,46.628571428571426,1348.69091796875,2480.857177734375,-1.1406428813934326,1014.7714285714286,1,469,1,0,0,31,14,61
1,128.0,0.12086658924818039,6502.0,298.1224489795917,22061.0,31.205554962158203,1.5555555820465088,20637.611328125,24.933332443237305,4.599999904632568,4.277778148651123,29.016666412353516,25885.5546875,1609.4,0.7296666502952576,26.03952407836914,47.6,1334.8057861328125,2461.914306640625,-1.1141666173934937,1004.0857142857143,0,469,1,0,0,21,16,53
1,332.0,0.0022805016487836838,5499.0,298.3877551020407,20092.0,32.33333206176758,0.18333333730697632,19928.466796875,24.53333282470703,4.300000190734863,4.2833333015441895,33.04999923706055,32097.166015625,1621.057142857143,0.7257857322692871,26.020477294921875,48.25714285714286,1332.07470703125,2452.28564453125,-1.1016905307769775,1000.4,0,469,1,0,0,31,13,144
1,262.0,0.0,4553.0,298.48979591836724,,,,,,,,,,1641.6857142857143,0.721833348274231,26.046667098999023,47.885714285714286,1334.2994384765625,2442.142822265625,-1.0571190118789673,1002.3142857142857,0,469,1,0,0,31,20,110
1,310.0,0.0672748014330864,4058.0,297.2857142857142,21272.5,31.844444274902344,2.711111068725586,20268.337890625,26.311111450195312,6.0,4.461111068725586,31.200000762939453,49896.16796875,1674.0285714285715,0.7092142701148987,26.005714416503906,46.31428571428572,1330.1424560546875,2440.45703125,-1.014047622680664,1000.3428571428572,0,469,1,0,0,21,21,127
1,295.0,0.057012543082237244,6670.0,295.877551020408,,,,,,,,,,1691.0,0.7053333520889282,26.020000457763672,47.91428571428571,1334.0191650390625,2430.45703125,-1.0106428861618042,1001.8,0,496,1,0,0,21,20,108
1,283.0,0.149372860789299,8391.0,294.0612244897958,19937.0,30.5,3.2666666507720947,21532.80078125,26.96666717529297,5.199999809265137,4.400000095367432,29.03333282470703,49218.0,1698.9142857142858,0.6977381110191345,26.01011848449707,49.42857142857143,1332.6668701171875,2419.257080078125,-0.9855476021766663,999.4571428571429,0,496,1,0,0,21,21,102
1,267.0,0.5336374044418335,4959.0,294.1836734693876,18418.166015625,31.91666603088379,0.5666666626930237,19978.31640625,23.83333396911621,4.5,4.2833333015441895,34.54999923706055,25707.5,1689.0285714285715,0.6881904602050781,26.000595092773438,48.74285714285714,1327.320556640625,2428.314208984375,-0.9814047813415527,996.2,0,505,1,0,0,42,13,100
1,337.0,0.22462941706180573,1389.0,295.7551020408161,16748.666015625,33.70000076293945,0.5333333611488342,17323.232421875,24.116666793823242,4.300000190734863,4.383333206176758,32.766666412353516,22190.0,1747.1714285714286,0.6852619051933289,26.0238094329834,52.142857142857146,1328.785888671875,2380.60009765625,-0.9279047846794128,992.8,0,496,1,0,0,42,12,153
1,351.0,0.19954389333724976,7535.0,295.59183673469363,18285.333984375,29.016666412353516,1.2666666507720947,18219.400390625,23.66666603088379,4.199999809265137,4.349999904632568,30.066667556762695,26876.666015625,1730.4571428571428,0.690500020980835,26.0627384185791,51.285714285714285,1331.81005859375,2393.8857421875,-0.904619038105011,996.5428571428571,0,505,1,0,0,31,25,157
1,309.0,0.17445838451385498,7068.0,296.89795918367327,14445.0,31.766666412353516,0.6499999761581421,15960.8330078125,25.66666603088379,4.5,4.199999809265137,34.86666488647461,38601.33203125,1711.4285714285713,0.6812381148338318,26.043333053588867,52.142857142857146,1329.4674072265625,2417.428466796875,-0.9040476083755493,993.4857142857143,0,496,1,0,0,21,21,112
1,293.0,0.6670467257499695,1198.0,299.1020408163263,,,,,,,,,,1778.3714285714286,0.6676904559135437,25.94202423095703,54.885714285714286,1328.7349853515625,2427.028564453125,-0.8281428813934326,987.2857142857143,0,496,1,0,0,41,14,122
1,216.55705918275802,0.3306727409362793,4300.0,304.0816326530609,19240.4453125,33.32221984863281,0.8166666626930237,18118.404296875,24.27777671813965,4.599999904632568,4.2833333015441895,28.61111068725586,42725.5,1753.9142857142858,0.6694047451019287,26.012142181396484,56.22857142857143,1327.875732421875,2462.142822265625,-0.8046666979789734,986.8857142857142,0,496,1,0,0,21,21,93
0,238.0,0.6989737749099731,1777.0,305.48979591836724,18713.666015625,27.66666603088379,0.11666666716337204,17661.716796875,22.66666603088379,5.0,4.099999904632568,31.58333396911621,21354.0,1756.6571428571428,0.6500952243804932,25.990238189697266,68.08571428571429,1328.0318603515625,2529.71435546875,-0.7328333258628845,974.3714285714286,0,496,1,0,0,21,35,97
1,317.0,0.5826681852340698,2529.0,306.6326530612243,18183.333984375,30.33333396911621,0.10000000149011612,17801.56640625,23.049999237060547,5.0,4.083333492279053,32.29999923706055,22457.666015625,1756.6571428571428,0.6500952243804932,25.990238189697266,68.08571428571429,1328.0318603515625,2529.71435546875,-0.7328333258628845,974.3714285714286,0,496,1,0,0,31,35,111
0,213.0,0.34777650237083435,2522.0,304.91836734693857,19400.5,29.899999618530273,0.5833333134651184,18255.416015625,23.133333206176758,4.699999809265137,4.150000095367432,31.78333282470703,23268.166015625,1732.5714285714287,0.6502380967140198,26.058570861816406,72.71428571428571,1332.7564697265625,2523.428466796875,-0.7019761800765991,974.0571428571428,0,496,1,0,0,41,7,74
0,281.0,0.6738882660865784,1221.0,303.91836734693857,18575.333984375,29.566667556762695,0.8500000238418579,18697.31640625,23.200000762939453,4.900000095367432,4.050000190734863,35.16666793823242,20310.833984375,1769.4857142857143,0.6431428790092468,26.0096435546875,74.65714285714286,1326.1212158203125,2506.54296875,-0.6556428670883179,966.6,0,496,1,0,0,31,12,103
1,163.0,0.2896237075328827,1626.0,305.2653061224488,20195.166015625,31.266666412353516,0.20000000298023224,18665.599609375,23.683332443237305,4.900000095367432,4.133333206176758,25.483333587646484,21502.666015625,1804.142857142857,0.6387380957603455,26.026309967041016,78.05714285714286,1324.8310546875,2483.571533203125,-0.5923571586608887,962.4285714285714,0,496,1,1,0,41,18,77
1,333.0,0.052451539784669876,2623.0,304.95918367346917,24840.0,29.96666717529297,0.4166666567325592,17094.94921875,24.28333282470703,5.300000190734863,4.050000190734863,26.266666412353516,22726.0,1809.4571428571428,0.6386666893959045,26.035476684570312,78.02857142857142,1325.343017578125,2477.1142578125,-0.5809999704360962,962.8857142857142,0,496,1,1,0,31,35,128
1,320.0,0.33979475498199463,1669.0,304.61224489795893,19505.0,32.54999923706055,1.2666666507720947,18062.5,23.21666717529297,5.199999809265137,4.150000095367432,34.099998474121094,23551.0,1805.3428571428572,0.6371428370475769,26.04857063293457,74.05714285714286,1322.1727294921875,2487.685791015625,-0.5713809728622437,965.3428571428572,0,496,1,1,0,41,24,152
0,311.0,0.8415051102638245,1140.0,305.1020408163262,35723.0,26.866666793823242,1.5,19788.533203125,24.933332443237305,5.199999809265137,4.050000190734863,33.54999923706055,49391.33203125,1827.1714285714286,0.6271190643310547,25.981428146362305,72.71428571428571,1320.8455810546875,2485.628662109375,-0.4986904561519623,964.3714285714286,0,474,1,1,0,31,24,148
0,315.0,0.9407069683074951,1076.0,299.5306122448976,20267.333984375,28.933332443237305,0.7666666507720947,17679.333984375,24.266666412353516,5.199999809265137,4.099999904632568,31.200000762939453,22171.333984375,1822.1142857142856,0.6258571147918701,25.996191024780273,69.8,1318.3370361328125,2496.857177734375,-0.4878571033477783,966.2857142857143,0,474,1,1,0,31,24,135
0,279.0,0.9281641840934753,1049.0,301.0612244897956,18066.5,27.983333587646484,1.100000023841858,16728.599609375,24.233333587646484,4.800000190734863,4.0,31.91666603088379,19766.833984375,1848.4285714285713,0.6240476369857788,25.979761123657227,71.77142857142857,1318.05322265625,2483.771484375,-0.4629523754119873,963.5714285714286,0,474,1,1,0,21,26,132
1,404.0,0.0,3180.0,317.1020408163262,20842.833984375,28.28333282470703,1.7000000476837158,20111.56640625,26.46666717529297,5.800000190734863,4.083333492279053,26.799999237060547,25867.166015625,2376.9142857142856,0.6356428861618042,26.541309356689453,59.68571428571428,1329.9351806640625,2649.371337890625,-0.04085712879896164,996.7428571428571,0,474,1,1,0,41,20,180
1,135.0,0.01254275906831026,1818.0,316.67346938775484,20570.0,29.566667556762695,0.6499999761581421,18888.8828125,25.41666603088379,5.300000190734863,4.083333492279053,27.21666717529297,40463.33203125,2349.0857142857144,0.6313809752464294,26.52190399169922,57.34285714285714,1330.999755859375,2690.199951171875,0.1319761872291565,999.3714285714286,0,474,1,0,0,34,31,59
1,359.0,0.0,2133.0,315.40816326530586,18852.333984375,34.483333587646484,0.20000000298023224,19123.400390625,27.0,6.0,4.150000095367432,24.41666603088379,48039.0,2366.8,0.6437380909919739,26.667261123657227,58.714285714285715,1337.367431640625,2708.1142578125,0.16985714435577393,1005.0,0,474,1,0,0,34,29,125
0,281.0,0.405929297208786,2747.0,314.0204081632651,19997.666015625,31.433332443237305,0.550000011920929,19167.833984375,25.983333587646484,5.599999904632568,4.050000190734863,27.96666717529297,25399.0,2374.9142857142856,0.6415952444076538,26.631071090698242,58.8,1339.7718505859375,2718.914306640625,0.1820238083600998,1006.1428571428571,0,474,1,0,0,31,28,99
0,316.0,0.5256556272506714,1251.0,294.5306122448978,22248.833984375,35.11666488647461,1.6333333253860474,20078.44921875,26.75,5.400000095367432,3.933333396911621,28.816667556762695,24342.166015625,2588.114285714286,0.6475714445114136,26.69261932373047,57.08571428571429,1352.23486328125,2922.142822265625,-0.07769046723842621,1016.2571428571429,0,474,1,0,0,31,35,143
1,131.0,0.20068414509296417,12307.0,248.99999999999983,,,,,,,,,,2602.4857142857145,0.6700237989425659,26.843929290771484,86.08571428571429,1371.1632080078125,2464.485595703125,-0.1369047611951828,1003.9714285714285,0,496,1,0,1,31,11,43
1,266.0,0.19954389333724976,14192.0,248.99999999999983,21591.5,27.299999237060547,3.4833333492279053,25000.80078125,30.46666717529297,6.099999904632568,4.449999809265137,25.700000762939453,41053.0,2602.4857142857145,0.6700237989425659,26.843929290771484,86.08571428571429,1371.1632080078125,2464.485595703125,-0.1369047611951828,1003.9714285714285,0,496,1,0,0,21,19,92
1,275.0,0.34663626551628113,1619.0,253.40816326530592,16245.0,33.28333282470703,1.6666666269302368,17597.900390625,23.16666603088379,4.800000190734863,4.2833333015441895,25.200000762939453,21130.0,2592.8,0.6710714101791382,26.82261848449707,90.65714285714286,1367.525390625,2352.971435546875,-0.14138095080852509,996.2571428571429,0,496,1,0,1,21,21,102
0,180.0,0.19384264945983887,1461.0,253.87755102040796,14751.3330078125,33.5,2.0333333015441895,19877.1171875,23.733333587646484,4.900000095367432,4.183333396911621,25.016666412353516,20847.333984375,2580.0285714285715,0.6708809733390808,26.847620010375977,89.22857142857143,1368.2125244140625,2348.857177734375,-0.12183333933353424,998.5142857142857,0,496,1,0,0,31,16,61
1,324.0,0.14367160201072693,1633.0,279.95918367346917,15523.8330078125,30.366666793823242,2.0999999046325684,17751.966796875,23.683332443237305,4.599999904632568,4.099999904632568,21.183332443237305,19879.5,2571.9142857142856,0.6937618851661682,26.861665725708008,104.4,1401.5113525390625,2239.71435546875,0.00590474670752883,1005.2,0,497,1,0,1,42,18,126
1,188.0,0.25313568115234375,1240.0,279.95918367346917,18020.0,31.483333587646484,2.1500000953674316,17721.466796875,23.83333396911621,4.800000190734863,4.099999904632568,18.866666793823242,20434.333984375,2571.9142857142856,0.6937618851661682,26.861665725708008,104.4,1401.5113525390625,2239.71435546875,0.00590474670752883,1005.2,0,497,1,0,1,41,22,81
0,109.0,0.43671607971191406,1128.0,266.2244897959181,18176.166015625,29.16666603088379,1.1166666746139526,20532.267578125,25.58333396911621,4.800000190734863,4.099999904632568,17.58333396911621,25693.333984375,2570.5142857142855,0.7012142539024353,26.788572311401367,103.71428571428571,1402.6383056640625,2190.314208984375,-0.1268095225095749,1006.6285714285714,2,497,1,0,0,42,17,41
1,237.0,0.1151653379201889,3091.0,257.6530612244896,17083.5,28.549999237060547,2.9000000953674316,19307.44921875,24.683332443237305,4.599999904632568,3.9833333492279053,21.08333396911621,21990.5,2581.342857142857,0.7143095135688782,26.882261276245117,104.11428571428571,1411.5703125,2157.228515625,-0.24888093769550323,1015.6857142857143,0,497,1,0,0,21,26,105
1,357.0,0.0011402508243918419,12276.0,255.10204081632637,15982.6669921875,25.71666717529297,2.5833332538604736,21104.767578125,24.41666603088379,4.900000095367432,4.083333492279053,18.049999237060547,20107.5,2608.342857142857,0.7273571491241455,26.953571319580078,106.28571428571429,1417.46044921875,2143.371337890625,-0.29092857241630554,1018.8,0,497,1,0,0,42,11,159
1,335.0,0.15849487483501434,11381.0,254.6326530612243,13027.0,27.66666603088379,4.316666603088379,17509.599609375,22.649999618530273,4.699999809265137,4.199999809265137,21.616666793823242,22865.0,2582.0285714285715,0.7380238175392151,27.05238151550293,105.65714285714286,1423.029296875,2120.742919921875,-0.2676904797554016,1025.6857142857143,0,482,1,0,0,31,18,125
1,327.0,0.0,5091.0,255.1632653061223,15904.6669921875,31.850000381469727,3.433333396911621,20023.099609375,24.616666793823242,5.0,4.2833333015441895,24.116666793823242,20661.666015625,2617.057142857143,0.7427381277084351,27.06976318359375,106.02857142857142,1421.0245361328125,2142.800048828125,-0.2779761850833893,1024.4285714285713,0,482,1,0,0,31,20,114
0,282.0,0.9418472051620483,1079.0,256.4285714285712,13890.8330078125,27.0,1.3833333253860474,16977.333984375,23.799999237060547,4.699999809265137,4.0333333015441895,19.33333396911621,22601.666015625,2661.457142857143,0.7399523854255676,26.986547470092773,101.14285714285714,1414.55224609375,2181.39990234375,-0.2865714430809021,1024.2,0,476,1,1,0,42,35,125
1,165.0,0.02508551813662052,1519.0,260.4897959183671,13414.1484375,32.324073791503906,4.09074068069458,18140.458984375,23.264814376831055,5.099999904632568,4.151851654052734,26.131481170654297,21004.59375,2690.266666666565,0.7516666650772095,27.060556411743164,98.8571428571552,1418.44287109375,2219.380859375,-0.2974126935005188,1031.1904761904532,0,476,1,1,0,31,3,67
1,216.0,0.15279361605644226,1439.0,264.6734693877549,13399.8330078125,31.46666717529297,4.5333333015441895,16883.650390625,24.03333282470703,4.800000190734863,4.083333492279053,23.549999237060547,22303.5,2694.7428571428572,0.7542380690574646,27.078453063964844,98.31428571428572,1418.3421630859375,2225.1142578125,-0.29828572273254395,1032.2,0,476,1,1,0,21,2,74
1,,0.12428734451532364,1626.0,273.408163265306,16430.666015625,36.53333282470703,4.633333206176758,21767.333984375,23.366666793823242,4.699999809265137,4.150000095367432,32.38333511352539,21928.5,2805.285714285714,0.7675238251686096,27.145713806152344,88.22857142857143,1422.82861328125,2393.514404296875,-0.28945237398147583,1048.7714285714285,0,476,1,1,0,31,3,
1,,0.0,1534.0,276.79591836734676,14731.8330078125,31.100000381469727,5.2833333015441895,19482.81640625,24.08333396911621,4.800000190734863,4.183333396911621,31.616666793823242,25034.833984375,2816.4285714285716,0.7661904692649841,27.125713348388672,89.25714285714285,1420.3343505859375,2394.0,-0.3193809688091278,1045.2857142857142,0,476,1,1,0,31,3,
0,328.0,0.5131129026412964,1475.0,277.9999999999997,15538.1669921875,34.91666793823242,5.483333110809326,18526.267578125,24.649999618530273,5.0,4.050000190734863,32.63333511352539,24969.0,2857.1428571428573,0.7809047698974609,27.250476837158203,85.05714285714286,1424.968505859375,2483.199951171875,-0.246238112449646,1056.9714285714285,0,476,1,0,0,31,34,135
0,192.0,0.7434435486793518,1162.0,275.87755102040796,17540.333984375,35.93333435058594,2.9000000953674316,21040.43359375,26.933332443237305,5.900000095367432,4.0333333015441895,23.866666793823242,27287.0,2959.342857142857,0.7908095121383667,27.211071014404297,83.42857142857143,1411.2593994140625,2538.514404296875,-0.3015952408313751,1051.4857142857143,0,476,1,0,0,31,35,72
0,141.0,0.17901939153671265,1335.0,269.63265306122435,16327.6669921875,34.45000076293945,6.766666889190674,19716.732421875,24.483333587646484,5.5,4.050000190734863,27.100000381469727,23184.666015625,2976.057142857143,0.7952380776405334,27.239286422729492,87.17142857142858,1422.9029541015625,2530.514404296875,-0.2892380952835083,1055.6,0,476,1,0,0,31,2,48
0,91.0,0.811858594417572,1749.0,253.8571428571427,15943.0,33.83333206176758,5.233333110809326,19683.650390625,26.883333206176758,5.300000190734863,4.099999904632568,37.11666488647461,23748.0,3047.6285714285714,0.8091190457344055,27.30321502685547,85.77142857142857,1411.4674072265625,2554.085693359375,-0.24764284491539001,1053.0857142857142,0,476,1,0,0,41,4,38
0,138.0,0.5119726061820984,1376.0,261.04081632653043,13959.1669921875,29.21666717529297,5.016666889190674,17676.916015625,23.03333282470703,5.199999809265137,4.083333492279053,44.03333282470703,22801.666015625,3126.542857142857,0.8389762043952942,27.34964370727539,100.45714285714286,1419.2041015625,2427.54296875,0.13497619330883026,1048.7714285714285,1,476,1,0,1,31,4,64
1,333.0,0.0,2024.0,264.57142857142844,15231.3330078125,27.41666603088379,2.799999952316284,21343.56640625,23.700000762939453,4.900000095367432,4.083333492279053,38.349998474121094,30576.333984375,3124.1714285714284,0.8503809571266174,27.46821403503418,99.71428571428571,1418.7933349609375,2416.971435546875,0.14757144451141357,1052.942857142857,0,476,1,0,1,34,20,130
0,59.0,0.9281641840934753,1074.0,272.73469387755085,15826.5,36.45000076293945,2.2333333492279053,15806.650390625,22.633333206176758,5.0,4.050000190734863,39.21666717529297,21768.0,3130.2,0.8331666588783264,27.135833740234375,104.02857142857142,1405.3726806640625,2348.914306640625,0.4114047586917877,1033.8857142857144,0,476,1,0,1,41,6,25
0,121.0,0.7069555521011353,1102.0,279.59183673469374,14841.6669921875,36.733333587646484,3.2666666507720947,17929.033203125,25.399999618530273,5.800000190734863,4.099999904632568,34.36666488647461,25071.666015625,3104.4857142857145,0.8495476245880127,27.208690643310547,116.17142857142858,1411.943115234375,2241.685791015625,0.33728572726249695,1029.0857142857142,1,476,1,0,0,42,4,50
0,106.0,0.8221208453178406,1074.0,282.5714285714284,15745.0,40.266666412353516,3.116666555404663,20439.19921875,27.233333587646484,5.800000190734863,4.083333492279053,30.46666717529297,32375.666015625,3110.342857142857,0.8430476188659668,27.099048614501953,116.34285714285714,1409.7637939453125,2229.771484375,0.32154759764671326,1024.8285714285714,1,476,1,0,0,21,6,48
0,67.0,0.8358038663864136,1056.0,284.2244897959182,13522.8330078125,35.54999923706055,5.433333396911621,17825.833984375,24.5,5.400000095367432,4.083333492279053,28.483333587646484,24505.166015625,3101.5142857142855,0.8426904678344727,27.035715103149414,117.77142857142857,1404.01513671875,2222.257080078125,0.32899999618530273,1018.7714285714286,0,476,1,0,0,31,4,31
1,84.0,0.13340935111045837,2225.0,285.63265306122435,13631.6669921875,39.06666564941406,3.616666555404663,16173.716796875,22.733333587646484,5.300000190734863,4.150000095367432,29.399999618530273,20356.166015625,3089.4857142857145,0.8596904873847961,27.169404983520508,124.31428571428572,1406.8115234375,2182.428466796875,0.2181190401315689,1017.4857142857143,0,476,1,0,1,41,18,41
0,294.0,0.5826681852340698,1503.0,311.3673469387753,14370.1669921875,35.38333511352539,4.833333492279053,16274.2001953125,22.266666412353516,4.599999904632568,4.0333333015441895,34.46666717529297,20616.0,3094.5142857142855,0.9077380895614624,27.313928604125977,137.02857142857144,1393.6668701171875,2153.485595703125,0.12090475857257843,1005.0857142857143,0,476,1,0,0,42,10,114
0,169.0,0.3112884759902954,1587.0,310.0612244897957,12429.6669921875,39.29999923706055,3.816666603088379,17722.833984375,22.33333396911621,4.900000095367432,4.083333492279053,36.70000076293945,18899.666015625,3081.7428571428572,0.8988333344459534,27.12583351135254,138.88571428571427,1390.9893798828125,2162.6572265625,0.11714285612106323,998.7714285714286,3,476,1,0,0,31,1,87
0,188.0,0.30102622509002686,2415.0,307.7755102040814,13519.6669921875,35.88333511352539,2.9000000953674316,19212.966796875,22.71666717529297,5.099999904632568,4.150000095367432,32.233333587646484,21123.333984375,3081.7428571428572,0.8988333344459534,27.12583351135254,138.88571428571427,1390.9893798828125,2162.6572265625,0.11714285612106323,998.7714285714286,0,476,1,0,0,41,4,74
0,304.0,0.4469783306121826,1053.0,294.93877551020387,13488.0,36.650001525878906,3.133333444595337,20220.05078125,22.850000381469727,4.5,3.9833333492279053,36.04999923706055,23581.0,3001.8,0.9115238189697266,27.088809967041016,144.0,1396.244384765625,2187.94287109375,0.10366667062044144,999.9142857142857,3,476,1,0,0,31,7,121
0,209.0,0.28050172328948975,1538.0,291.9795918367346,14366.0,36.08333206176758,3.75,18359.5,22.16666603088379,5.300000190734863,4.150000095367432,36.58333206176758,21884.0,2976.342857142857,0.9207618832588196,27.14154815673828,141.9142857142857,1388.26171875,2216.8857421875,0.12723807990550995,1000.0,1,476,1,0,0,21,3,100
0,287.0,0.34207525849342346,2673.0,288.93877551020387,14538.6669921875,35.983333587646484,5.616666793823242,18222.30078125,23.066667556762695,5.400000095367432,4.050000190734863,39.03333282470703,21531.0,2973.6857142857143,0.9157142639160156,27.032499313354492,138.88571428571427,1386.0380859375,2228.45703125,0.12630952894687653,1000.6571428571428,0,476,1,0,0,21,1,109
0,211.0,0.44925883412361145,1604.0,282.63265306122435,,,,,,,,,,2912.3714285714286,0.9390952587127686,27.285476684570312,145.11428571428573,1400.846435546875,2214.71435546875,0.0936666876077652,1006.0857142857143,0,481,1,0,0,21,20,85
0,211.0,0.312428742647171,1390.0,287.1224489795917,,,,,,,,,,2881.057142857143,0.9496190547943115,27.409523010253906,149.4,1413.0836181640625,2204.085693359375,0.09152380377054214,1011.7428571428571,0,481,1,0,0,31,9,84
0,249.0,0.8973774313926697,1132.0,275.28571428571416,12699.2783203125,32.96111297607422,2.694444417953491,19812.3046875,22.649999618530273,5.133333206176758,4.083333492279053,40.233333587646484,20413.388671875,2833.7619047619046,0.9183492064476013,26.805198669433594,136.73333333333332,1395.2930908203125,2266.761962890625,0.11992064863443375,1002.7619047619047,0,481,1,1,0,21,8,96
0,76.0,0.825541615486145,1067.0,285.1428571428569,15065.1669921875,30.0,5.433333396911621,20753.3828125,25.83333396911621,6.099999904632568,4.083333492279053,41.96666717529297,21647.833984375,2802.057142857143,0.9486428499221802,27.012142181396484,127.48571428571428,1396.258056640625,2267.914306640625,0.2622857093811035,1022.3714285714286,0,507,1,1,0,41,9,30
0,174.0,0.7160775661468506,1280.0,298.6734693877548,14139.1669921875,33.1944465637207,2.9666664600372314,22758.349609375,23.622222900390625,4.566666603088379,3.9833333492279053,39.53888702392578,18806.0,2783.2,0.9775238037109375,27.301904678344727,128.28571428571428,1400.9581298828125,2252.685791015625,0.31026190519332886,1032.1714285714286,2,507,1,1,0,42,2,96
0,94.0,0.3933865427970886,1301.0,297.551020408163,13584.3330078125,32.21666717529297,4.766666889190674,22227.93359375,23.83333396911621,4.900000095367432,4.050000190734863,41.16666793823242,21604.333984375,2795.2571428571428,0.9729285836219788,27.26523780822754,128.11428571428573,1402.2432861328125,2255.0,0.30102384090423584,1032.0857142857142,1,507,1,1,0,41,7,43
1,268.0,0.5028506517410278,1134.0,312.51020408163237,14367.9443359375,37.95000076293945,2.2444446086883545,20672.45703125,23.36111068725586,4.166666507720947,4.016666889190674,39.9555549621582,18663.166015625,2764.3142857142857,0.9806428551673889,27.35952377319336,128.25714285714287,1403.946533203125,2248.028564453125,0.32923808693885803,1035.6857142857143,0,507,1,1,0,41,18,148
0,123.7037035352311,0.7708095908164978,1053.0,317.816326530612,14802.8330078125,37.03333282470703,1.9333332777023315,19858.1328125,23.58333396911621,5.0,4.050000190734863,36.66666793823242,21410.5,2765.942857142857,0.9704523682594299,27.258453369140625,128.37142857142857,1408.7442626953125,2245.628662109375,0.2886190414428711,1037.0857142857142,0,507,1,0,1,21,22,68
0,347.0,0.6009122133255005,1172.0,341.20408163265284,15212.0,33.96666717529297,2.4833333492279053,19446.400390625,23.733333587646484,5.199999809265137,4.25,38.733333587646484,24394.5,2682.7714285714287,0.9405714273452759,26.82452392578125,129.5142857142857,1411.3160400390625,2266.514404296875,0.8475952744483948,1030.2571428571428,0,507,1,0,1,31,2,155
0,223.0,0.29532498121261597,1466.0,341.20408163265284,16003.6669921875,35.79999923706055,2.3499999046325684,18822.267578125,23.53333282470703,4.699999809265137,4.150000095367432,38.483333587646484,20485.333984375,2686.8285714285716,0.9456190466880798,26.878095626831055,132.25714285714287,1414.2281494140625,2260.0,0.96490478515625,1030.5428571428572,1,507,1,0,1,31,21,115
0,258.0,0.5553021430969238,1281.0,343.65306122448953,16019.0,33.016666412353516,5.9666666984558105,17585.0,22.33333396911621,4.5,4.050000190734863,42.016666412353516,23149.333984375,2674.457142857143,0.946309506893158,26.855356216430664,132.71428571428572,1414.0684814453125,2267.45703125,1.118071436882019,1032.4571428571428,0,507,1,0,1,41,10,113
0,235.0,0.48232612013816833,1467.0,340.95918367346917,16403.333984375,32.43333435058594,1.7833333015441895,17929.75,21.78333282470703,4.599999904632568,4.083333492279053,45.79999923706055,19894.166015625,2650.057142857143,0.9012143015861511,26.212499618530273,130.94285714285715,1411.5936279296875,2301.371337890625,1.1144047975540161,1022.1714285714286,0,507,1,0,1,42,30,118
0,376.0,0.8757126331329346,1145.0,337.02040816326513,15012.0,31.75,1.0833333730697632,15946.56640625,21.21666717529297,4.099999904632568,4.133333206176758,46.31666564941406,20163.666015625,2646.057142857143,0.9067857265472412,26.258928298950195,131.97142857142856,1411.350341796875,2301.0,1.2031190395355225,1022.7714285714286,0,507,1,0,1,42,4,207
0,372.0,0.5074116587638855,1396.0,331.7551020408161,15200.6669921875,34.25,2.816666603088379,37265.91796875,26.683332443237305,6.099999904632568,4.183333396911621,39.61666488647461,26400.5,2590.885714285714,0.9068333506584167,26.221786499023438,133.88571428571427,1417.946533203125,2329.3427734375,1.1697618961334229,1024.1142857142856,1,507,1,0,1,11,3,204
0,163.0,0.7947548627853394,1053.0,325.93877551020387,16676.833984375,31.433332443237305,2.200000047683716,17843.333984375,21.33333396911621,3.799999952316284,4.150000095367432,43.29999923706055,19144.5,2514.5142857142855,0.9374285936355591,26.598690032958984,141.94285714285715,1425.783203125,2337.571533203125,1.2852143049240112,1030.8285714285714,1,507,1,0,0,31,11,89
0,104.0,0.503990888595581,1105.0,320.0612244897956,16827.333984375,31.933332443237305,3.0166666507720947,17591.18359375,20.799999237060547,3.9000000953674316,4.050000190734863,38.21666717529297,19029.5,2461.0285714285715,0.9417380690574646,26.60523796081543,148.0,1429.8885498046875,2330.199951171875,1.1968570947647095,1028.4571428571428,3,507,1,0,0,31,2,57
0,58.0,0.3386545181274414,1362.0,316.2448979591835,15091.3330078125,33.38333511352539,2.0166666507720947,17675.966796875,22.799999237060547,4.5,4.050000190734863,40.36666488647461,20051.333984375,2461.0285714285715,0.9417380690574646,26.60523796081543,148.0,1429.8885498046875,2330.199951171875,1.1968570947647095,1028.4571428571428,1,507,1,0,0,31,2,23
0,230.0,0.8403648734092712,1195.0,312.1224489795915,17235.0,30.100000381469727,2.1500000953674316,17151.5,20.983333587646484,4.099999904632568,4.183333396911621,40.54999923706055,17882.5,2375.9714285714285,0.9344047904014587,26.63357162475586,147.25714285714287,1432.6976318359375,2381.314208984375,0.9020476341247559,1031.8,1,507,1,0,0,21,3,125
0,184.0,0.6453819870948792,1519.0,308.4693877551018,17631.388671875,28.044445037841797,2.2944445610046387,22927.60546875,22.33333396911621,3.9666666984558105,4.150000095367432,46.161109924316406,19870.72265625,2400.885714285714,0.9377381205558777,26.675952911376953,152.2,1439.336181640625,2349.17138671875,0.9310476183891296,1032.7428571428572,0,507,1,0,1,21,35,100
0,441.0,0.8722919225692749,1091.0,304.87755102040796,17805.5,28.28333282470703,2.049999952316284,16982.833984375,21.799999237060547,4.599999904632568,4.133333206176758,45.733333587646484,19158.0,2409.2285714285713,0.9277142882347107,26.604524612426758,148.42857142857142,1435.6241455078125,2368.028564453125,0.7925952076911926,1033.4285714285713,0,507,1,0,1,21,35,240
0,163.0,0.6567844748497009,1574.0,301.9795918367344,17068.333984375,28.5,2.633333444595337,17765.56640625,22.733333587646484,4.400000095367432,4.2833333015441895,43.45000076293945,25299.333984375,2394.657142857143,0.9270238280296326,26.559165954589844,156.71428571428572,1446.5333251953125,2332.8857421875,0.8319047689437866,1035.3714285714286,1,507,1,0,1,31,1,88
0,348.0,0.05017103627324104,4536.0,300.2040816326528,14719.3330078125,32.233333587646484,1.8333333730697632,17438.69921875,22.83333396911621,3.700000047683716,4.25,45.266666412353516,17677.0,2410.0285714285715,0.9344285726547241,26.699880599975586,152.97142857142856,1438.3948974609375,2353.028564453125,0.6750714182853699,1035.8857142857144,0,507,1,0,1,41,16,138
0,216.0,0.052451539784669876,2934.0,296.93877551020387,13138.8330078125,32.150001525878906,2.4000000953674316,17831.099609375,22.483333587646484,4.400000095367432,4.199999809265137,45.31666564941406,20992.5,2437.8571428571427,0.923119068145752,26.530834197998047,149.6,1435.8594970703125,2362.45703125,0.4485238194465637,1034.5428571428572,0,507,1,0,0,41,6,107
0,235.0,0.23489168286323547,2083.0,291.81632653061206,13863.5,32.5,1.899999976158142,17603.849609375,25.116666793823242,5.199999809265137,4.349999904632568,46.349998474121094,26128.166015625,2437.8571428571427,0.923119068145752,26.530834197998047,149.6,1435.8594970703125,2362.45703125,0.4485238194465637,1034.5428571428572,1,507,1,0,0,21,9,103
0,254.0,0.352337509393692,2722.0,295.12244897959175,14410.0,33.016666412353516,3.299999952316284,19070.80078125,22.450000762939453,3.799999952316284,4.150000095367432,45.20000076293945,24641.0,2484.714285714286,0.91352379322052,26.582857131958008,150.57142857142858,1437.2342529296875,2349.857177734375,0.258309543132782,1035.3142857142857,0,507,1,0,0,31,12,103
0,252.0,0.17217788100242615,8421.0,290.9591836734692,14766.1669921875,31.53333282470703,2.683333396911621,17870.416015625,25.149999618530273,4.099999904632568,4.266666889190674,42.13333511352539,25227.833984375,2489.942857142857,0.9153333306312561,26.4997615814209,149.37142857142857,1435.378662109375,2330.257080078125,0.1575714498758316,1037.9714285714285,0,507,1,0,0,31,4,98
0,216.0,0.6818699836730957,1080.0,291.6530612244896,16502.888671875,30.64444351196289,1.7333333492279053,22761.87890625,24.877777099609375,4.199999809265137,4.238888740539551,45.2944450378418,28229.9453125,2506.4857142857145,0.8898095488548279,26.307857513427734,155.54285714285714,1446.0018310546875,2305.05712890625,0.0425238162279129,1032.5714285714287,0,507,1,0,0,31,2,105
0,317.0,0.6396807432174683,1128.0,291.9387755102039,13365.3330078125,26.66666603088379,2.383333444595337,15405.9501953125,21.366666793823242,4.400000095367432,4.400000095367432,42.400001525878906,18554.5,2525.6,0.8980952501296997,26.378808975219727,157.28571428571428,1449.2044677734375,2284.82861328125,-0.07219047099351883,1035.7142857142858,1,507,1,0,0,41,1,114
0,232.0,0.011402508243918419,4018.0,292.26530612244875,13541.0,27.116666793823242,1.8333333730697632,17249.599609375,22.066667556762695,4.199999809265137,4.349999904632568,40.233333587646484,21881.5,2561.9142857142856,0.898023784160614,26.414405822753906,156.42857142857142,1447.66796875,2281.685791015625,-0.1827142983675003,1036.4,0,507,1,0,0,21,2,101
0,136.0,0.298745721578598,1223.0,294.89795918367327,11755.1669921875,30.516666412353516,2.7166666984558105,16045.033203125,22.399999618530273,4.099999904632568,4.266666889190674,40.983333587646484,21548.833984375,2561.9142857142856,0.898023784160614,26.414405822753906,156.42857142857142,1447.66796875,2281.685791015625,-0.1827142983675003,1036.4,2,507,1,0,0,31,6,46
0,243.0,0.5963512063026428,2199.0,299.3469387755099,13358.5,28.299999237060547,2.116666555404663,15347.8330078125,22.08333396911621,3.9000000953674316,4.25,43.099998474121094,41219.5,2551.2571428571428,0.8934524059295654,26.4858341217041,159.17142857142858,1453.4222412109375,2248.60009765625,-0.21690474450588226,1036.6571428571428,0,507,1,1,0,31,10,90
0,302.0,0.1767388880252838,2431.0,291.9387755102039,12759.388671875,27.116666793823242,5.066666603088379,16482.806640625,21.505556106567383,4.099999904632568,4.505555629730225,48.13888931274414,20385.814453125,2437.2571428571428,0.8405476212501526,26.197261810302734,177.94285714285715,1482.430419921875,2060.514404296875,-0.055357132107019424,1026.6857142857143,1,507,1,0,1,31,10,153
0,221.0,0.26681870222091675,1644.0,287.34693877551,12540.3330078125,26.58333396911621,5.683333396911621,15083.283203125,20.683332443237305,4.099999904632568,4.433333396911621,45.58333206176758,17934.333984375,2484.8285714285716,0.8394285440444946,26.102262496948242,172.0857142857143,1467.8355712890625,2074.314208984375,0.18747618794441223,1026.5428571428572,2,507,1,0,1,24,5,98
0,315.0,0.34891676902770996,1104.0,285.9795918367346,11765.0,29.633333206176758,3.7333333492279053,18077.017578125,21.53333282470703,4.099999904632568,4.400000095367432,41.13333511352539,19178.833984375,2464.342857142857,0.8267619013786316,26.04464340209961,175.22857142857143,1467.580810546875,2057.28564453125,0.0898333489894867,1021.3428571428572,2,507,1,0,1,42,11,136
0,197.0,0.45724058151245117,1281.0,285.53061224489767,13411.611328125,30.0,3.433333396911621,26151.91796875,25.450000762939453,4.699999809265137,4.650000095367432,39.86666488647461,26524.4453125,2521.057142857143,0.7900238037109375,25.800357818603516,179.74285714285713,1487.84033203125,2013.3428955078125,0.4855714440345764,1022.0571428571428,4,507,1,0,1,21,6,73
0,250.0,0.11972633749246597,3209.0,285.4285714285712,13074.0,30.233333587646484,4.300000190734863,19489.466796875,22.933332443237305,4.800000190734863,4.583333492279053,39.63333511352539,20283.5,2534.7714285714287,0.7770000100135803,25.727380752563477,173.25714285714287,1480.7586669921875,2016.2572021484375,0.43645238876342773,1020.0,1,507,1,0,1,41,8,94
0,328.0,0.33979475498199463,1530.0,278.9387755102039,13244.0,31.899999618530273,2.75,18348.94921875,23.366666793823242,4.5,4.599999904632568,39.150001525878906,18392.166015625,2516.4857142857145,0.7476904988288879,25.695476531982422,171.71428571428572,1484.5860595703125,2001.5999755859375,0.5737143158912659,1020.6285714285714,0,507,1,0,1,31,26,146
0,224.0,0.3363740146160126,1860.0,264.08163265306104,12632.3330078125,30.183332443237305,4.066666603088379,17017.966796875,22.41666603088379,4.099999904632568,4.599999904632568,40.38333511352539,19188.0,2455.0285714285715,0.7180714011192322,25.596786499023438,180.34285714285716,1495.6365966796875,1986.0,0.23828570544719696,1009.7714285714286,0,507,1,0,1,31,11,101
1,329.0,0.0,3133.0,258.4693877551019,12569.5,32.650001525878906,2.7666666507720947,17508.06640625,22.066667556762695,4.099999904632568,4.583333492279053,43.66666793823242,19916.5,2418.657142857143,0.7254762053489685,25.785118103027344,187.88571428571427,1501.406982421875,1983.4857177734375,0.15621428191661835,1006.7142857142857,1,507,1,0,1,41,7,125
0,269.0,0.13340935111045837,3915.0,250.51020408163248,12761.5,29.683332443237305,5.083333492279053,16417.31640625,21.816667556762695,3.700000047683716,4.583333492279053,45.46666717529297,18420.0,2409.9714285714285,0.7240238189697266,25.754165649414062,186.82857142857142,1494.24169921875,1999.085693359375,0.09278570860624313,1004.5714285714286,0,507,1,0,1,31,10,113
0,165.0,0.5404788851737976,6118.0,242.77551020408143,13682.8330078125,30.21666717529297,8.133333206176758,19303.783203125,24.450000762939453,4.599999904632568,4.75,39.54999923706055,25090.833984375,2333.114285714286,0.7012143135070801,25.41238021850586,203.0857142857143,1502.6856689453125,1994.199951171875,0.019547628238797188,987.8285714285714,3,507,1,0,1,21,9,76
1,163.0,0.0,4786.0,231.99999999999983,11042.666015625,29.266666412353516,4.288888931274414,16995.162109375,22.322221755981445,3.8333332538604736,4.766666889190674,41.14444351196289,17691.4453125,2280.7714285714287,0.710023820400238,25.76892852783203,203.57142857142858,1502.849365234375,1976.142822265625,-0.04500000551342964,988.8571428571429,1,507,1,0,1,34,6,71
0,162.0,0.3911060392856598,1653.0,225.55102040816308,14269.5,32.18333435058594,3.633333444595337,19543.25,22.78333282470703,4.5,4.699999809265137,39.78333282470703,26982.833984375,2253.9142857142856,0.6714524030685425,25.24416732788086,196.4857142857143,1487.6654052734375,2008.5999755859375,-0.02942858822643757,978.1428571428571,2,507,1,0,1,21,5,70
0,106.0,0.3363740146160126,1668.0,216.73469387755088,12879.6669921875,32.06666564941406,5.800000190734863,19225.533203125,25.41666603088379,5.199999809265137,4.650000095367432,37.08333206176758,25973.166015625,2232.285714285714,0.6552380919456482,25.076309204101562,197.22857142857143,1495.115234375,2011.2572021484375,-0.032904770225286484,976.5428571428571,2,507,1,0,1,41,3,41
1,173.0,0.10376282781362534,13423.0,206.61224489795902,12450.3330078125,32.016666412353516,5.150000095367432,19773.333984375,21.83333396911621,3.9000000953674316,4.650000095367432,38.349998474121094,20863.833984375,2236.885714285714,0.6811190247535706,25.599048614501953,199.8,1505.2279052734375,1996.05712890625,-0.013428579084575176,987.3142857142857,0,507,1,0,1,31,2,71
0,68.0,0.24059292674064636,15688.0,196.53061224489784,11485.8330078125,30.933332443237305,4.2166666984558105,16869.216796875,22.683332443237305,4.099999904632568,4.733333110809326,39.766666412353516,20438.166015625,2236.885714285714,0.6811190247535706,25.599048614501953,199.8,1505.2279052734375,1996.05712890625,-0.013428579084575176,987.3142857142857,3,507,1,0,1,24,1,26
0,154.0,0.3306727409362793,9939.0,191.18367346938766,12677.0556640625,28.327777862548828,7.116666793823242,18208.90625,23.316667556762695,4.333333492279053,4.800000190734863,40.116668701171875,19833.5,2281.885714285714,0.6707618832588196,25.582141876220703,202.62857142857143,1529.2816162109375,1981.857177734375,-0.018071431666612625,997.2,2,507,1,0,1,21,7,66
0,95.0,0.05473203957080841,9999.0,189.42857142857133,12796.0,36.33333206176758,6.4666666984558105,22203.400390625,22.799999237060547,4.199999809265137,4.699999809265137,35.599998474121094,20787.0,2281.885714285714,0.6707618832588196,25.582141876220703,202.62857142857143,1529.2816162109375,1981.857177734375,-0.018071431666612625,997.2,6,507,1,0,1,11,9,36
0,133.0,0.19726340472698212,10962.0,188.14285714285703,12640.1669921875,33.150001525878906,4.833333492279053,17956.783203125,22.683332443237305,4.300000190734863,4.849999904632568,36.66666793823242,38244.16796875,2324.3714285714286,0.6674285531044006,25.596548080444336,200.97142857142856,1522.2911376953125,1977.4000244140625,-0.11542856693267822,994.7428571428571,2,507,1,0,1,31,5,52
0,155.0,0.3169897496700287,16080.0,186.71428571428558,11973.5,34.516666412353516,7.933333396911621,22667.099609375,25.83333396911621,5.599999904632568,4.650000095367432,35.11666488647461,25911.0,2388.8285714285716,0.6340237855911255,25.047500610351562,193.2,1511.3931884765625,1982.228515625,-0.15761904418468475,989.0857142857143,3,481,1,0,0,31,4,69
1,,0.01254275906831026,4323.0,185.59183673469377,12111.3330078125,32.70000076293945,3.2666666507720947,18187.232421875,22.116666793823242,4.199999809265137,4.699999809265137,39.233333587646484,22047.333984375,2368.4857142857145,0.6655476093292236,25.546785354614258,198.74285714285713,1516.476806640625,1949.7427978515625,-0.24604764580726624,995.1428571428571,4,481,1,0,0,34,8,
0,170.96220310440242,0.18700113892555237,3305.0,185.4693877551019,14544.9443359375,33.43333435058594,5.566666603088379,17690.27734375,22.927778244018555,4.700000286102295,4.733333110809326,38.19444274902344,25246.833984375,2380.457142857143,0.6484047770500183,25.396785736083984,205.42857142857142,1531.963134765625,1907.3428955078125,-0.28966668248176575,993.0285714285715,4,481,1,0,0,31,11,71
0,185.0,0.32725200057029724,2564.0,186.44897959183658,13069.1669921875,29.200000762939453,7.383333206176758,16702.416015625,22.633333206176758,4.0,4.800000190734863,41.45000076293945,24617.833984375,2392.657142857143,0.6612856984138489,25.42095184326172,203.31428571428572,1521.02197265625,1922.199951171875,-0.30869048833847046,992.1428571428571,4,518,1,0,0,21,16,71
0,143.0415230503008,0.05587229132652283,3734.0,187.30612244897944,13285.8330078125,28.633333206176758,4.583333492279053,18864.900390625,23.733333587646484,4.800000190734863,4.75,37.03333282470703,28314.5,2412.6857142857143,0.6649285554885864,25.36916732788086,202.97142857142856,1521.492919921875,1923.085693359375,-0.36871427297592163,992.9714285714285,2,518,1,0,0,21,8,68
0,110.0,0.30102622509002686,3772.0,188.18367346938763,14547.3330078125,33.349998474121094,4.116666793823242,17582.44921875,21.0,3.700000047683716,4.583333492279053,41.81666564941406,19330.5,2427.714285714286,0.6787857413291931,25.51702308654785,202.14285714285714,1516.5535888671875,1931.2572021484375,-0.3910714089870453,997.0571428571428,2,481,1,0,0,31,16,58
0,146.0,0.35575827956199646,12141.0,190.97959183673456,12008.6669921875,29.16666603088379,5.016666889190674,17993.849609375,22.616666793823242,3.700000047683716,4.650000095367432,44.400001525878906,19177.833984375,2633.8285714285716,0.7075476050376892,25.693571090698242,204.31428571428572,1520.8245849609375,1925.17138671875,-0.4474285840988159,1005.6285714285714,2,481,1,0,0,41,5,67
0,151.0,0.15279361605644226,15127.0,192.5102040816325,13259.3330078125,29.41666603088379,6.766666889190674,20031.8671875,22.450000762939453,3.700000047683716,4.75,42.56666564941406,20270.0,2765.6857142857143,0.7054047584533691,25.65833282470703,199.68571428571428,1515.9320068359375,1931.3714599609375,-0.4652142822742462,1007.0,2,518,1,0,0,34,11,65
0,162.0,0.05587229132652283,24166.0,195.18367346938763,12640.3330078125,28.883333206176758,2.9833333492279053,17076.416015625,21.53333282470703,3.5,4.75,42.33333206176758,19610.5,2905.285714285714,0.719261884689331,25.7016658782959,200.31428571428572,1513.03369140625,1949.4285888671875,-0.5254762172698975,1009.8571428571429,2,481,1,0,0,34,6,62
0,112.0,0.11288483440876007,9679.0,198.30612244897947,12611.6669921875,36.150001525878906,5.566666603088379,21072.06640625,26.183332443237305,5.400000095367432,4.900000095367432,37.233333587646484,22171.666015625,3231.7714285714287,0.6868333220481873,25.16583251953125,194.17142857142858,1520.7298583984375,1938.6285400390625,-0.6034047603607178,1005.8571428571429,3,481,1,0,0,31,1,51
0,102.0,0.0,6805.0,205.24489795918356,11815.2216796875,34.599998474121094,2.4944443702697754,18749.271484375,23.955554962158203,4.566666603088379,4.761111259460449,39.89444351196289,21110.5,3321.1714285714284,0.6999762058258057,25.322023391723633,193.65714285714284,1522.67333984375,1938.228515625,-0.6565714478492737,1013.1428571428571,1,481,1,0,0,31,13,38
0,242.0,0.9555302262306213,1463.0,200.51020408163248,15441.8330078125,28.016666412353516,13.883333206176758,25981.767578125,25.0,4.900000095367432,4.800000190734863,37.25,28472.0,3427.6857142857143,0.7000476121902466,25.42571449279785,204.45714285714286,1560.35107421875,1902.82861328125,-0.6470237970352173,1025.0857142857142,1,518,1,1,0,41,1,119
0,155.0,0.9418472051620483,1132.0,199.10204081632637,14278.1669921875,29.049999237060547,9.216666221618652,17484.966796875,23.816667556762695,5.199999809265137,4.849999904632568,36.41666793823242,25034.166015625,3423.342857142857,0.688880980014801,25.343690872192383,203.45714285714286,1563.893798828125,1904.800048828125,-0.6499047875404358,1024.3428571428572,2,518,1,1,0,31,1,75
0,154.0,0.7673888206481934,1207.0,204.48979591836724,14206.1669921875,30.700000762939453,8.216666221618652,25691.232421875,25.75,5.400000095367432,4.883333206176758,34.733333587646484,26754.0,3564.657142857143,0.6848095059394836,25.186904907226562,198.94285714285715,1566.1932373046875,1899.3714599609375,-0.6966428756713867,1024.4,1,518,1,1,0,21,1,75
0,,0.0,3409.0,190.6938775510202,13026.3330078125,27.5,7.433333396911621,17184.482421875,21.850000381469727,4.0,4.949999809265137,42.31666564941406,21857.333984375,3361.942857142857,0.7086666822433472,25.431072235107422,199.94285714285715,1568.80712890625,1908.028564453125,-0.7348809838294983,1036.057142857143,20,518,1,1,0,21,1,
0,163.0,0.1767388880252838,1281.0,187.9183673469386,15810.1669921875,31.83333396911621,10.166666984558105,23049.083984375,26.0,4.800000190734863,4.933333396911621,37.0,30429.333984375,3290.114285714286,0.7256666421890259,25.572738647460938,211.45714285714286,1603.693115234375,1887.4000244140625,-0.7529047727584839,1051.2285714285715,4,481,1,1,0,31,15,72
0,179.0,0.14025086164474487,5257.0,184.83673469387745,14243.3330078125,31.96666717529297,5.699999809265137,21684.783203125,27.383333206176758,5.5,4.883333206176758,34.81666564941406,30930.666015625,3246.8571428571427,0.7503571510314941,25.63035774230957,203.4857142857143,1554.6458740234375,1911.4285888671875,-0.7507380843162537,1039.0,6,481,1,0,0,11,26,85
0,112.0,0.28620296716690063,5507.0,188.85714285714278,15831.0,32.36666488647461,6.566666603088379,19664.466796875,25.116666793823242,5.199999809265137,4.900000095367432,36.08333206176758,27043.333984375,3293.6,0.7362856864929199,25.457975387573242,205.14285714285714,1556.6944580078125,1889.028564453125,-0.787928581237793,1036.857142857143,0,481,1,0,0,21,4,
0,153.0,0.05131128802895546,11738.0,174.2040816326529,13163.3330078125,31.149999618530273,8.0,20583.1171875,21.83333396911621,4.300000190734863,4.7833333015441895,40.349998474121094,22178.333984375,3013.114285714286,0.7736190557479858,25.75154685974121,208.6,1543.404296875,1895.6285400390625,-0.7949286103248596,1037.857142857143,3,481,1,0,0,21,15,57
0,178.0,0.15279361605644226,17107.0,171.77551020408146,13188.6669921875,29.383333206176758,8.183333396911621,18774.966796875,22.616666793823242,4.800000190734863,4.883333206176758,40.41666793823242,23379.333984375,2866.714285714286,0.7939761877059937,25.862262725830078,217.54285714285714,1550.7945556640625,1870.4857177734375,-0.8283571600914001,1037.857142857143,2,481,1,0,0,41,14,71
0,175.0,0.4310148358345032,15669.0,178.6326530612243,15104.8330078125,31.016666412353516,6.5333333015441895,18414.533203125,23.200000762939453,4.400000095367432,4.900000095367432,39.483333587646484,24792.666015625,2778.5714285714284,0.7987381219863892,25.949167251586914,225.45714285714286,1563.75,1852.914306640625,-0.8295000195503235,1039.8,2,481,1,0,0,31,9,77
1,129.0,0.028506271541118622,17203.0,168.91836734693857,11607.3330078125,28.58333396911621,6.305555820465088,18941.14453125,21.438888549804688,4.133333206176758,4.766666889190674,42.872222900390625,20585.22265625,2622.8,0.8235952258110046,26.102262496948242,230.54285714285714,1547.3021240234375,1842.800048828125,-0.8492618799209595,1034.6,2,481,1,0,0,34,21,56
0,143.0,0.2759407162666321,15432.0,166.1020408163263,12909.6669921875,31.41666603088379,4.75,17195.3828125,24.96666717529297,5.199999809265137,4.816666603088379,39.33333206176758,25374.0,2599.657142857143,0.8253095149993896,26.102262496948242,234.05714285714285,1551.85107421875,1842.4285888671875,-0.8489999771118164,1033.6571428571428,2,481,1,0,0,21,11,56
0,135.0,0.149372860789299,25822.0,170.24489795918345,12710.3330078125,31.799999237060547,5.300000190734863,20125.8671875,25.58333396911621,4.400000095367432,4.766666889190674,38.93333435058594,23558.333984375,2635.0285714285715,0.8194047808647156,25.952499389648438,237.22857142857143,1549.7802734375,1815.914306640625,-0.8935475945472717,1032.7428571428572,7,481,1,0,0,11,18,57
0,117.0,0.10490307956933975,27686.0,167.0408163265304,12724.6669921875,31.600000381469727,5.25,19929.166015625,25.016666412353516,4.5,4.883333206176758,38.516666412353516,25006.0,2635.0285714285715,0.8194047808647156,25.952499389648438,237.22857142857143,1549.7802734375,1815.914306640625,-0.8935475945472717,1032.7428571428572,5,481,1,0,0,11,19,45
0,140.0,0.0057012541219592094,32766.0,157.97959183673447,12284.3330078125,31.883333206176758,5.683333396911621,18555.55078125,22.200000762939453,4.300000190734863,4.883333206176758,39.766666412353516,19574.166015625,2621.5142857142855,0.8343571424484253,26.069047927856445,244.02857142857144,1563.4722900390625,1810.3143310546875,-0.8796428442001343,1043.942857142857,2,481,1,0,0,31,1,64
0,62.0,0.03990878164768219,32767.0,152.20408163265287,9969.8330078125,30.66666603088379,4.933333396911621,17384.25,21.983333587646484,4.099999904632568,4.883333206176758,40.13333511352539,18066.666015625,2620.7714285714287,0.866190493106842,26.349166870117188,253.25714285714287,1569.2113037109375,1764.3143310546875,-0.9100714325904846,1041.857142857143,1,518,1,0,0,21,1,24
0,136.0,0.09578107297420502,32767.0,146.75510204081613,12562.3330078125,28.950000762939453,6.949999809265137,16240.9833984375,22.733333587646484,4.800000190734863,4.883333206176758,43.29999923706055,17542.5,2609.1714285714284,0.8736666440963745,26.448333740234375,258.4,1572.04541015625,1745.4000244140625,-0.923380970954895,1039.4,0,518,1,0,0,21,1,52
0,140.0,0.42987456917762756,32767.0,142.6530612244896,11739.1669921875,29.16666603088379,7.333333492279053,16663.68359375,22.016666412353516,4.0,4.883333206176758,39.11666488647461,17715.666015625,2608.8285714285716,0.8870475888252258,26.516666412353516,265.34285714285716,1576.330810546875,1730.7427978515625,-0.920119047164917,1038.942857142857,0,518,1,0,0,31,11,61
0,152.0,0.36716076731681824,23309.0,138.42857142857125,13389.1669921875,27.28333282470703,10.516666412353516,20195.767578125,23.133333206176758,4.300000190734863,4.949999809265137,41.70000076293945,19987.166015625,2616.1714285714284,0.881595253944397,26.41428565979004,260.4,1571.075439453125,1724.4857177734375,-0.9434047341346741,1041.2,0,518,1,0,0,31,2,64
0,145.0,0.06157354637980461,8343.0,135.93877551020393,12551.1669921875,29.299999237060547,5.9666666984558105,19486.349609375,22.983333587646484,4.400000095367432,4.983333110809326,36.79999923706055,19218.833984375,2596.7428571428572,0.8913809657096863,26.396785736083984,263.85714285714283,1577.8436279296875,1697.6571044921875,-1.0075476169586182,1038.2,1,518,1,0,0,31,19,67
0,123.0,0.6670467257499695,1467.0,133.3673469387754,11702.0,27.899999618530273,8.516666412353516,19405.017578125,23.950000762939453,4.5,5.050000190734863,42.46666717529297,19301.0,2587.0857142857144,0.8935475945472717,26.399642944335938,281.14285714285717,1599.5592041015625,1651.82861328125,-0.9943809509277344,1032.9714285714285,0,518,1,0,0,21,15,47
1,71.0,0.0,4996.0,131.85714285714278,12314.22265625,27.63888931274414,7.4277777671813965,18154.75,22.961111068725586,4.133333206176758,4.883333206176758,40.233333587646484,19048.5,2641.7714285714287,0.9130714535713196,26.46583366394043,270.65714285714284,1579.6834716796875,1664.800048828125,-1.0408095121383667,1037.7142857142858,0,518,1,0,0,21,30,29
0,74.0,0.04332953318953514,10380.0,131.65306122448973,9303.1669921875,26.13888931274414,8.672222137451172,19112.64453125,22.41666603088379,4.0333333015441895,4.888888835906982,42.094444274902344,18832.611328125,2703.0,0.906166672706604,26.30666732788086,271.0857142857143,1590.628173828125,1644.3714599609375,-1.0779523849487305,1039.7428571428572,3,518,1,0,0,21,15,37
0,105.0,0.009122006595134735,2109.0,132.26530612244895,8698.8330078125,27.950000762939453,8.483333587646484,17567.533203125,23.483333587646484,4.099999904632568,5.050000190734863,38.599998474121094,19268.5,2774.714285714286,0.9057857394218445,26.351667404174805,275.1714285714286,1591.9638671875,1609.6285400390625,-1.1373333930969238,1034.2285714285715,1,518,1,0,0,42,10,40
0,50.0,0.017103763297200203,7172.0,134.34693877551018,11317.5,25.350000381469727,9.716666221618652,19450.767578125,22.316667556762695,3.9000000953674316,4.9666666984558105,43.29999923706055,16948.0,2860.0857142857144,0.9202619194984436,26.421667098999023,275.0857142857143,1594.964599609375,1602.1142578125,-1.152166724205017,1039.6571428571428,2,518,1,0,0,34,8,24
1,126.0,0.0,14187.0,136.85714285714283,12180.0,24.683332443237305,8.483333587646484,19611.599609375,23.91666603088379,4.199999809265137,5.066666603088379,42.78333282470703,22725.666015625,2860.1428571428573,0.940500020980835,26.58309555053711,286.74285714285713,1611.8145751953125,1559.771484375,-1.2055952548980713,1043.2571428571428,0,518,1,0,0,34,32,51
0,85.0,0.12656784057617188,25131.0,140.734693877551,11730.111328125,26.066665649414062,8.077777862548828,18461.466796875,21.46666717529297,4.066666603088379,5.0333333015441895,40.17222213745117,18330.0546875,3057.542857142857,0.9272142648696899,26.32535743713379,272.62857142857143,1595.2611083984375,1558.028564453125,-1.2730475664138794,1041.8285714285714,0,518,1,0,0,21,8,34
0,122.0,0.020524514839053154,32767.0,141.57142857142853,9517.6669921875,27.299999237060547,9.75,17507.166015625,20.616666793823242,3.5999999046325684,5.050000190734863,42.06666564941406,15907.0,3090.4,0.9179285764694214,26.11964225769043,272.2857142857143,1599.149169921875,1584.028564453125,-1.2565714120864868,1037.9714285714285,0,518,1,0,0,21,27,47
0,96.0,0.17331813275814056,31542.0,144.83673469387756,8131.83349609375,26.33333396911621,7.9666666984558105,17311.466796875,22.66666603088379,4.400000095367432,4.983333110809326,45.21666717529297,19966.5,3107.6,0.8539524078369141,25.362857818603516,269.22857142857146,1608.4010009765625,1579.6285400390625,-1.231690526008606,1022.9714285714285,3,481,1,0,0,31,10,37
0,130.0,0.2633979618549347,13302.0,147.16666666666657,10693.6669921875,22.96666717529297,6.5333333015441895,18612.43359375,21.616666793823242,3.799999952316284,5.0,42.61666488647461,19111.666015625,2892.1428571428573,0.9601190686225891,26.381427764892578,286.0285714285714,1607.0789794921875,1587.199951171875,-1.247261881828308,1039.3142857142857,7,481,1,0,0,31,7,63
0,160.0,0.2508551776409149,7056.0,148.97619047619037,7947.83349609375,26.16666603088379,8.449999809265137,16378.7001953125,21.766666412353516,3.700000047683716,5.0333333015441895,47.56666564941406,18732.833984375,2834.3714285714286,0.9465952515602112,26.174165725708008,287.8285714285714,1612.261474609375,1603.914306640625,-1.2441190481185913,1034.4,1,481,1,0,0,41,13,72
0,136.0,0.2098061591386795,4946.0,148.97619047619037,8939.6669921875,28.350000381469727,9.25,15246.099609375,23.299999237060547,3.799999952316284,4.983333110809326,44.18333435058594,18303.0,2831.5142857142855,0.9480476379394531,26.224166870117188,294.6,1618.201416015625,1588.771484375,-1.2496904134750366,1030.5714285714287,1,481,1,0,0,31,13,54
0,420.0,0.5849486589431763,1192.0,304.16216216216196,31417.166015625,31.766666412353516,1.350000023841858,21679.732421875,26.21666717529297,5.400000095367432,4.449999809265137,32.70000076293945,43777.0,1391.7714285714285,0.6470476388931274,25.911785125732422,23.542857142857144,1319.832275390625,2348.6572265625,-0.373761922121048,1006.0,0,505,1,1,0,41,27,209
0,228.0,0.9532496929168701,1080.0,307.12244897959164,15968.8330078125,30.133333206176758,2.7833333015441895,24121.666015625,24.549999237060547,5.199999809265137,4.150000095367432,35.53333282470703,31621.5,1466.857142857143,0.5937619209289551,25.62416648864746,26.6,1310.2913818359375,2392.94287109375,-0.47959524393081665,986.8571428571429,0,505,1,1,0,31,23,113
0,305.0,0.7787913084030151,1157.0,308.83673469387736,17550.0546875,30.755556106567383,0.5,21883.048828125,24.244443893432617,5.0333333015441895,4.199999809265137,36.733333587646484,23764.33203125,1435.857142857143,0.597428560256958,25.69952392578125,25.285714285714285,1309.6624755859375,2421.3427734375,-0.4316190481185913,988.5142857142857,0,505,1,1,0,21,4,140
0,382.0,0.7776510715484619,1103.0,317.83673469387725,16820.666015625,31.683332443237305,1.149999976158142,26867.583984375,24.600000381469727,4.599999904632568,4.349999904632568,30.66666603088379,27320.833984375,1410.0857142857142,0.5857619047164917,25.58785629272461,24.428571428571427,1314.234375,2507.485595703125,-0.555904746055603,991.6285714285714,0,505,1,1,0,31,24,187
1,299.0,0.3568985164165497,1435.0,311.83673469387725,18137.833984375,31.483333587646484,2.25,22813.783203125,23.28333282470703,4.0,4.383333206176758,31.83333396911621,25581.833984375,1463.7428571428572,0.6585952639579773,25.667142868041992,37.02857142857143,1331.8282470703125,2476.085693359375,-0.8390713930130005,998.3428571428572,0,505,1,1,0,42,13,146
0,378.0,0.9007982015609741,1121.0,310.4081632653058,16483.333984375,31.549999237060547,2.9666666984558105,19496.833984375,24.233333587646484,4.099999904632568,4.150000095367432,32.78333282470703,25774.0,1493.942857142857,0.6690475940704346,25.758333206176758,39.457142857142856,1335.662109375,2459.8857421875,-0.958476185798645,1000.3714285714286,0,469,1,1,0,31,16,185
0,219.0,0.4104903042316437,1586.0,308.0612244897957,16709.333984375,30.16666603088379,2.6500000953674316,21059.150390625,26.03333282470703,3.9000000953674316,4.300000190734863,37.18333435058594,26115.5,1503.3142857142857,0.678428590297699,25.73047637939453,41.8,1336.152587890625,2459.228515625,-1.0930476188659668,1000.5714285714286,1,469,1,0,0,41,8,101
1,311.0,0.2645381987094879,1877.0,305.12244897959164,18640.666015625,33.70000076293945,2.183333396911621,21204.767578125,24.66666603088379,3.799999952316284,4.25,32.56666564941406,28873.5,1512.8,0.6868095397949219,25.808570861816406,42.65714285714286,1332.7115478515625,2455.800048828125,-1.1740237474441528,999.4571428571429,0,469,1,0,0,31,22,138
0,129.0,0.6830102801322937,1124.0,302.0408163265303,17788.0,32.233333587646484,5.433333396911621,22530.25,25.799999237060547,3.4000000953674316,4.266666889190674,34.20000076293945,24625.166015625,1550.9714285714285,0.7045238018035889,25.920000076293945,45.714285714285715,1330.7950439453125,2444.0,-1.2971667051315308,998.4857142857143,0,469,1,0,0,31,8,63
1,268.0,0.0,6358.0,298.89795918367327,18483.5,29.316667556762695,0.4833333194255829,18115.349609375,24.049999237060547,4.300000190734863,4.25,35.06666564941406,22836.0,1570.3142857142857,0.7165952324867249,25.979047775268555,47.142857142857146,1336.361083984375,2443.800048828125,-1.2274047136306763,1002.3428571428572,0,469,1,1,0,41,8,109
1,321.0,0.0,7158.0,298.89795918367327,20663.0,29.28333282470703,0.5333333611488342,18509.982421875,24.03333282470703,4.300000190734863,4.199999809265137,37.21666717529297,24625.166015625,1581.1714285714286,0.7183333039283752,25.969881057739258,47.285714285714285,1333.927978515625,2445.742919921875,-1.20804762840271,1000.6571428571428,0,469,1,1,0,41,31,145
0,,0.06499429792165756,6563.0,298.38775510204067,17413.333984375,32.08333206176758,0.6666666865348816,20883.982421875,23.450000762939453,4.199999809265137,4.5,37.88333511352539,26208.5,1588.8857142857144,0.7251666784286499,25.97511863708496,47.0,1339.2103271484375,2466.371337890625,-1.1603809595108032,1005.7714285714286,3,469,1,0,0,34,1,
0,279.0,0.2907639741897583,10998.0,298.3877551020407,20045.333984375,30.883333206176758,2.9833333492279053,21051.966796875,25.450000762939453,4.0,4.400000095367432,32.88333511352539,30286.0,1635.057142857143,0.7252143025398254,26.01738166809082,50.22857142857143,1332.2012939453125,2439.428466796875,-1.065166711807251,997.9714285714285,0,469,1,0,0,21,33,103
1,354.0,0.0,8721.0,298.9591836734692,18528.333984375,31.566667556762695,0.550000011920929,18807.466796875,24.46666717529297,4.5,4.25,35.21666717529297,26630.666015625,1651.857142857143,0.7160714268684387,25.978214263916016,49.51428571428571,1332.1634521484375,2441.514404296875,-1.044952392578125,997.3142857142857,0,469,1,0,0,41,17,168
0,135.0,0.6476624608039856,1076.0,299.10204081632634,19145.333984375,31.116666793823242,0.3166666626930237,19131.599609375,24.16666603088379,4.0,4.2833333015441895,38.68333435058594,25463.666015625,1681.9714285714285,0.7128809690475464,25.945953369140625,50.77142857142857,1333.6107177734375,2431.6572265625,-1.0410475730895996,996.0571428571428,2,469,1,0,0,42,20,50
0,388.0,0.6887115240097046,1282.0,298.42857142857133,19474.333984375,31.66666603088379,1.850000023841858,20497.06640625,24.350000381469727,3.799999952316284,4.2833333015441895,35.650001525878906,23311.666015625,1707.1142857142856,0.7042618989944458,25.94309425354004,49.08571428571429,1332.0628662109375,2425.685791015625,-1.0206667184829712,996.3714285714286,0,469,1,1,0,21,21,153
0,219.0,0.48232612013816833,1412.0,297.408163265306,18553.0,31.233333587646484,0.36666667461395264,17890.916015625,24.200000762939453,4.099999904632568,4.199999809265137,38.733333587646484,24502.0,1738.7428571428572,0.6936666369438171,25.93595314025879,49.57142857142857,1332.54833984375,2414.914306640625,-0.9738571643829346,996.6857142857143,0,496,1,1,0,42,7,91
0,125.0,0.758266806602478,1142.0,297.1020408163264,18680.333984375,31.58333396911621,0.6833333373069763,17786.517578125,22.450000762939453,4.199999809265137,4.199999809265137,32.516666412353516,21862.833984375,1746.142857142857,0.6886428594589233,25.936071395874023,51.6,1327.6063232421875,2397.39990234375,-0.9474285840988159,992.8857142857142,0,496,1,0,0,42,1,49
1,389.0,0.0,2583.0,294.4285714285712,17479.0,33.53333282470703,0.5166666507720947,19165.75,24.03333282470703,4.0,4.2833333015441895,35.33333206176758,22795.5,1752.2285714285715,0.68621426820755,25.94845199584961,52.142857142857146,1327.0162353515625,2389.914306640625,-0.9469523429870605,991.7428571428571,0,496,1,0,0,34,30,169
0,285.0,0.4264538288116455,1348.0,298.1224489795917,17553.333984375,33.0,0.8500000238418579,21377.083984375,24.566667556762695,4.5,4.300000190734863,31.28333282470703,25837.0,1765.8285714285714,0.6832857131958008,25.953214645385742,52.57142857142857,1327.507080078125,2380.28564453125,-0.9100714325904846,990.6285714285714,0,496,1,0,0,41,11,139
0,371.0,0.6875712871551514,1067.0,306.02040816326513,19140.0,27.799999237060547,1.1166666746139526,18635.75,23.183332443237305,4.5,4.199999809265137,31.46666717529297,21949.5,1845.142857142857,0.6520714163780212,25.908809661865234,61.628571428571426,1326.9376220703125,2468.971435546875,-0.7382142543792725,977.3142857142857,0,496,1,1,0,31,22,180
1,330.0,0.5404788851737976,1215.0,305.34693877550995,19254.0,28.46666717529297,0.20000000298023224,18404.267578125,23.08333396911621,5.0,4.183333396911621,30.683332443237305,24063.333984375,1839.1142857142856,0.6444761753082275,25.90809440612793,69.91428571428571,1328.8922119140625,2483.428466796875,-0.6411666870117188,969.7428571428571,0,496,1,1,0,42,25,159
0,384.0,0.7924743294715881,1132.0,305.26530612244875,21150.0,28.116666793823242,0.699999988079071,17302.68359375,23.116666793823242,4.900000095367432,4.183333396911621,30.16666603088379,20744.333984375,1821.142857142857,0.6412143111228943,25.979047775268555,76.05714285714286,1322.905517578125,2482.685791015625,-0.6272618770599365,962.2285714285714,0,496,1,0,0,31,24,155
0,192.0,0.28050172328948975,1306.0,305.2653061224488,18091.4453125,31.711111068725586,0.75,17851.06640625,23.44444465637207,4.599999904632568,4.116666793823242,30.544445037841797,22070.833984375,1827.4,0.6396428346633911,25.982620239257812,77.85714285714286,1321.104248046875,2476.085693359375,-0.5919286012649536,959.6285714285714,0,496,1,1,0,21,3,80
0,332.0,0.8266818523406982,1172.0,304.61224489795893,25341.666015625,30.933332443237305,0.8333333134651184,18183.68359375,23.33333396911621,5.099999904632568,4.050000190734863,27.850000381469727,21578.5,1854.0285714285715,0.6275476217269897,25.93083381652832,77.22857142857143,1326.9151611328125,2460.17138671875,-0.5262619256973267,961.2285714285714,0,474,1,1,0,31,27,137
0,263.0,0.9475484490394592,1064.0,321.61224489795893,19064.72265625,28.844444274902344,1.038888931274414,18602.9609375,25.450000762939453,5.266666889190674,4.016666889190674,34.60000228881836,25621.611328125,2164.5714285714284,0.6103809475898743,26.110595703125,69.4,1327.4268798828125,2475.514404296875,-0.7329761981964111,973.1142857142858,0,474,1,1,0,42,12,126
0,314.0,0.6476624608039856,1099.0,319.9183673469386,21924.5,34.5,0.25,18027.1328125,24.91666603088379,5.599999904632568,4.0333333015441895,31.700000762939453,27705.333984375,2358.5714285714284,0.6362142562866211,26.537738800048828,60.457142857142856,1328.509033203125,2617.257080078125,-0.16545239090919495,995.0,0,474,1,1,0,21,32,129
1,280.0,0.30102622509002686,1291.0,317.1020408163262,19640.666015625,32.08333206176758,0.10000000149011612,19524.017578125,26.71666717529297,5.5,4.099999904632568,26.21666717529297,26363.5,2368.714285714286,0.6359285712242126,26.538333892822266,59.94285714285714,1328.4122314453125,2632.8857421875,-0.10597618669271469,995.6285714285714,0,474,1,1,0,42,34,103
1,268.0,0.2519954442977905,1307.0,279.4693877551018,21654.333984375,35.61666488647461,1.9833333492279053,22135.75,27.700000762939453,5.400000095367432,4.050000190734863,22.299999237060547,27873.166015625,2624.4285714285716,0.6564047336578369,26.761905670166016,60.628571428571426,1355.87548828125,2901.3427734375,-0.0969524085521698,1017.0285714285715,0,496,1,1,0,31,31,121
0,133.0,0.5952109694480896,1178.0,264.7551020408161,20228.77734375,31.600000381469727,0.6111111044883728,22647.400390625,25.08333396911621,5.5333333015441895,3.98888897895813,23.572221755981445,25561.166015625,2655.780952380952,0.6553491950035095,26.716825485229492,65.67619047619047,1355.0184326171875,2834.7333984375,-0.13137303292751312,1011.0190476190476,0,496,1,1,0,42,5,60
1,236.0,0.18472063541412354,10396.0,248.14285714285697,21525.0,29.116666793823242,4.016666889190674,23021.716796875,27.883333206176758,5.599999904632568,4.383333206176758,24.233333587646484,41069.0,2657.657142857143,0.6725000143051147,26.817380905151367,84.85714285714286,1369.6988525390625,2536.857177734375,-0.21040476858615875,1004.1428571428571,0,496,1,0,1,42,20,78
1,277.0,0.11858608573675156,11662.0,248.14285714285697,17893.333984375,25.733333587646484,1.2166666984558105,17795.93359375,25.33333396911621,6.0,4.133333206176758,27.600000381469727,31085.4453125,2641.8,0.6692857146263123,26.821548461914062,85.71428571428571,1369.6026611328125,2503.228515625,-0.18702378869056702,1002.8285714285714,0,496,1,0,1,21,24,93
0,101.0,0.8380843997001648,1135.0,251.30612244897944,16255.0,30.616666793823242,0.6000000238418579,18759.099609375,24.28333282470703,4.900000095367432,4.099999904632568,24.799999237060547,21230.333984375,2627.2,0.6629999876022339,26.762380599975586,90.17142857142858,1370.0931396484375,2405.228515625,-0.20397618412971497,996.0857142857143,1,496,1,0,0,42,1,45
1,147.0,0.4515393376350403,1483.0,251.30612244897944,18714.5546875,30.25,4.883333206176758,17812.65625,24.183332443237305,5.300000190734863,4.383333206176758,28.149999618530273,50412.88671875,2623.4,0.6742857098579407,26.855358123779297,92.02857142857142,1368.364013671875,2380.971435546875,-0.20540475845336914,996.3714285714286,1,496,1,0,0,31,2,48
1,243.0,0.27480044960975647,1175.0,276.7755102040814,18072.666015625,25.33333396911621,4.766666889190674,19695.0,24.299999237060547,4.900000095367432,4.133333206176758,17.649999618530273,26058.0,2607.714285714286,0.6926190257072449,26.767379760742188,104.37142857142857,1396.93359375,2243.94287109375,-0.02007143385708332,1000.7142857142857,2,497,1,0,0,42,11,108
0,182.0,0.6545040011405945,1040.0,271.83673469387736,16880.0,27.094444274902344,1.0722222328186035,19762.66015625,25.316667556762695,4.800000190734863,3.9833333492279053,21.166667938232422,25835.77734375,2606.342857142857,0.6909523606300354,26.693452835083008,104.6,1396.9669189453125,2237.6572265625,-0.032714273780584335,998.9714285714285,0,497,1,0,0,41,1,81
1,132.0,0.12542758882045746,4084.0,266.06122448979573,16223.0,27.899999618530273,2.200000047683716,17669.0,24.549999237060547,4.900000095367432,4.099999904632568,19.0,21894.333984375,2598.4,0.7038809657096863,26.813451766967773,104.94285714285714,1401.442138671875,2203.971435546875,-0.12214285880327225,1005.2857142857143,1,497,1,0,0,21,23,50
1,173.0,0.15165336430072784,3022.0,266.2244897959181,16626.333984375,29.633333206176758,1.350000023841858,17388.56640625,23.549999237060547,4.699999809265137,4.183333396911621,16.799999237060547,27613.333984375,2587.114285714286,0.6993095278739929,26.76547622680664,103.22857142857143,1400.951904296875,2203.514404296875,-0.11080953478813171,1005.3428571428572,2,497,1,0,0,31,3,70
0,141.0,0.8722919225692749,1102.0,262.1224489795916,15924.0,27.866666793823242,1.5166666507720947,16933.43359375,24.450000762939453,4.900000095367432,4.0333333015441895,20.016666412353516,23798.333984375,2583.6857142857143,0.7071428298950195,26.837976455688477,106.25714285714285,1406.85595703125,2171.685791015625,-0.18999998271465302,1008.1142857142858,2,497,1,0,0,24,1,62
1,298.2264122064872,0.01254275906831026,5982.0,250.42857142857122,15113.0,27.366666793823242,2.0833332538604736,18778.466796875,24.116666793823242,5.199999809265137,4.099999904632568,19.183332443237305,24494.333984375,2633.3714285714286,0.7209047675132751,26.880237579345703,108.77142857142857,1415.59326171875,2155.085693359375,-0.300595223903656,1012.6285714285714,0,497,1,0,0,31,32,133
1,324.0,0.3386545181274414,4952.0,249.9387755102039,14674.3330078125,27.133333206176758,2.5333333015441895,16342.0498046875,23.733333587646484,4.400000095367432,4.050000190734863,21.450000762939453,23649.833984375,2621.0285714285715,0.7223571538925171,26.90226173400879,107.2,1416.1981201171875,2150.17138671875,-0.2933809459209442,1015.8571428571429,0,497,1,0,0,42,31,145
1,252.0,0.1619156152009964,13657.0,250.69387755102028,14988.5,30.483333587646484,1.8666666746139526,19958.8828125,23.899999618530273,4.699999809265137,4.133333206176758,23.383333206176758,20274.666015625,2631.285714285714,0.7337857484817505,26.97381019592285,108.57142857142857,1420.519775390625,2150.514404296875,-0.30250000953674316,1018.8571428571429,0,482,1,0,0,41,35,112
1,351.0,0.16077536344528198,8494.0,250.69387755102028,15323.0,28.183332443237305,3.5333333015441895,17211.599609375,22.66666603088379,4.599999904632568,4.050000190734863,20.25,20386.5,2621.3714285714286,0.7365714311599731,26.99547576904297,107.37142857142857,1419.9796142578125,2143.514404296875,-0.2922142744064331,1020.8,0,482,1,0,0,42,35,149
1,155.0,0.0,4116.0,255.1632653061223,17086.666015625,29.08333396911621,4.449999809265137,17168.767578125,25.066667556762695,4.900000095367432,4.150000095367432,22.66666603088379,19396.333984375,2643.2571428571428,0.7379047870635986,27.009048461914062,105.65714285714286,1415.796630859375,2159.514404296875,-0.29554760456085205,1020.2571428571429,0,482,1,0,0,21,21,55
0,180.0,0.892816424369812,1087.0,256.4285714285712,14335.6669921875,29.950000762939453,1.5499999523162842,17692.0,25.149999618530273,5.0,4.0333333015441895,18.799999237060547,24037.0,2682.1714285714284,0.7389047741889954,26.962976455688477,101.62857142857143,1413.9464111328125,2196.05712890625,-0.2905714213848114,1022.9714285714285,0,476,1,1,0,34,35,80
1,59.0,0.285062700510025,1329.0,258.5918367346937,13465.3330078125,33.70000076293945,1.9166666269302368,17803.69921875,23.766666412353516,4.900000095367432,4.083333492279053,29.616666793823242,19348.333984375,2710.942857142857,0.7491190433502197,27.020713806152344,103.74285714285715,1417.6107177734375,2232.257080078125,-0.31542858481407166,1024.7142857142858,0,476,1,1,0,31,1,26
1,278.0,0.0022805016487836838,1685.0,268.85714285714266,13894.0,29.883333206176758,4.316666603088379,18695.6328125,24.450000762939453,4.599999904632568,4.133333206176758,27.733333587646484,21061.333984375,2806.542857142857,0.7609761953353882,27.08226203918457,92.85714285714286,1415.994873046875,2344.371337890625,-0.33464285731315613,1037.1714285714286,0,476,1,1,0,31,34,102
1,291.0,0.149372860789299,1594.0,273.4693877551018,14410.1669921875,28.433332443237305,8.733333587646484,17362.099609375,24.46666717529297,5.0,4.083333492279053,27.383333206176758,21981.0,2811.114285714286,0.7593809366226196,27.0674991607666,90.65714285714286,1417.75439453125,2366.742919921875,-0.31223809719085693,1040.2571428571428,0,476,1,1,0,21,3,102
1,108.0,0.23261117935180664,1341.0,279.020408163265,16363.6669921875,35.81666564941406,2.5,24046.033203125,28.08333396911621,5.900000095367432,4.0,23.049999237060547,24966.333984375,2909.714285714286,0.7771904468536377,27.128095626831055,87.0,1417.67431640625,2504.1142578125,-0.2926904857158661,1048.6857142857143,0,476,1,0,0,42,21,43
0,273.0,0.3774230182170868,1403.0,270.4693877551018,,,,,,,,,,2986.057142857143,0.7925000190734863,27.19797706604004,88.54285714285714,1419.1033935546875,2531.228515625,-0.31316667795181274,1050.5714285714287,0,476,1,0,0,21,28,95
0,108.0,0.39452680945396423,1230.0,257.4489795918366,20953.5,30.350000381469727,4.5333333015441895,18945.5,24.866666793823242,6.400000095367432,4.150000095367432,44.53333282470703,34003.0,3024.885714285714,0.7972142696380615,27.18488121032715,89.34285714285714,1420.0086669921875,2547.800048828125,-0.3036428689956665,1050.857142857143,0,476,1,0,0,42,18,44
1,326.0,0.07753705978393555,1401.0,261.04081632653043,,,,,,,,,46782.33203125,3131.8285714285716,0.8361666798591614,27.30714225769043,101.2,1421.229248046875,2426.485595703125,0.12502382695674896,1047.7428571428572,0,476,1,0,1,31,20,134
1,190.0,0.25313568115234375,2003.0,264.57142857142844,14109.0,31.850000381469727,3.9000000953674316,17269.216796875,23.71666717529297,5.0,4.099999904632568,38.400001525878906,48694.83203125,3129.2,0.8468571305274963,27.421428680419922,102.74285714285715,1419.763916015625,2412.1142578125,0.15128572285175323,1048.4857142857143,0,476,1,0,1,31,17,75
0,223.0,0.7194982767105103,1186.0,275.2040816326529,13055.3330078125,33.349998474121094,2.0833332538604736,15094.966796875,23.25,5.199999809265137,3.9833333492279053,39.86666488647461,19889.0,3130.542857142857,0.8299999833106995,27.084047317504883,106.17142857142858,1407.859375,2338.39990234375,0.40611904859542847,1031.6285714285714,0,476,1,0,1,34,1,107
0,310.0,0.5245153903961182,2324.0,277.44897959183663,11899.5,36.516666412353516,2.75,16758.650390625,22.600000381469727,5.400000095367432,4.150000095367432,32.53333282470703,19806.0,3124.0285714285715,0.8408571481704712,27.145118713378906,112.62857142857143,1412.3135986328125,2275.971435546875,0.3727857172489166,1029.5714285714287,0,476,1,0,0,31,9,118
0,261.0,0.14025086164474487,4649.0,279.22448979591826,11825.0,36.74444580078125,1.711111068725586,15091.9443359375,21.55555534362793,4.599999904632568,4.050000190734863,30.744443893432617,19953.833984375,3127.657142857143,0.8569999933242798,27.281309127807617,111.85714285714286,1403.0667724609375,2259.228515625,0.35121428966522217,1030.3428571428572,2,476,1,0,0,21,1,125
0,154.0,0.5324971675872803,1092.0,281.7551020408162,13893.0,36.266666412353516,3.799999952316284,19459.083984375,25.549999237060547,5.400000095367432,4.0,30.200000762939453,25360.0,3124.0285714285715,0.8430238366127014,27.096548080444336,118.88571428571429,1405.379150390625,2204.428466796875,0.30949997901916504,1019.4285714285714,1,476,1,0,0,31,21,67
0,89.0,0.8608893752098083,1084.0,282.55102040816314,13672.0,34.849998474121094,7.133333206176758,17123.5,24.16666603088379,5.599999904632568,4.050000190734863,34.79999923706055,23904.5,3119.2,0.8360238075256348,26.91083335876465,127.88571428571429,1406.6708984375,2142.82861328125,0.14776191115379333,1006.9428571428572,0,476,1,0,0,42,18,43
0,232.0,0.8164196014404297,1083.0,285.02040816326513,12659.3330078125,37.88333511352539,5.199999809265137,16661.666015625,24.733333587646484,5.099999904632568,4.083333492279053,36.233333587646484,21074.166015625,3123.0857142857144,0.8540952205657959,26.948213577270508,132.4,1402.82763671875,2110.028564453125,0.10973808914422989,1002.8857142857142,2,476,1,0,1,31,21,90
0,102.0,0.6180159449577332,1681.0,294.4897959183671,15547.8330078125,33.733333587646484,4.75,25174.916015625,24.549999237060547,5.5,4.199999809265137,34.45000076293945,25022.833984375,3127.3142857142857,0.8594523668289185,26.88249969482422,136.42857142857142,1398.536865234375,2100.6572265625,0.09292857348918915,995.3714285714286,0,476,1,0,0,31,8,40
1,362.0,0.3637400269508362,1281.0,311.3673469387753,16127.9443359375,38.71666717529297,4.25,23212.810546875,23.188888549804688,4.900000095367432,4.050000190734863,33.13888931274414,20753.888671875,3095.5714285714284,0.9007381200790405,27.254047393798828,140.37142857142857,1399.8707275390625,2128.571533203125,0.11961904913187027,1003.6285714285714,1,476,1,0,0,41,17,146
0,158.0,0.6716077327728271,1192.0,310.0612244897957,12865.6669921875,38.04999923706055,4.133333206176758,16234.400390625,23.53333282470703,5.300000190734863,4.083333492279053,35.18333435058594,20081.833984375,3090.2285714285713,0.8955237865447998,27.055952072143555,138.22857142857143,1390.19140625,2160.800048828125,0.11323808878660202,997.6,1,476,1,0,0,21,8,71
0,156.0,0.4583808481693268,1102.0,306.73469387755074,11829.1669921875,39.31666564941406,3.6500000953674316,16353.31640625,21.799999237060547,5.0,4.050000190734863,35.41666793823242,18899.5,3084.0,0.9003095030784607,27.092618942260742,140.85714285714286,1390.7568359375,2157.39990234375,0.07607142627239227,995.6857142857143,2,476,1,0,0,42,4,76
0,113.0,0.4652223587036133,1405.0,301.20408163265273,13657.3330078125,31.450000762939453,4.099999904632568,17771.267578125,21.950000762939453,4.599999904632568,4.099999904632568,38.400001525878906,21344.666015625,3032.0,0.8994523882865906,27.05071449279785,143.0,1394.183349609375,2176.17138671875,0.08588095754384995,997.7142857142857,2,476,1,0,0,31,7,46
0,187.0,0.6168757081031799,1165.0,294.0408163265303,11649.3330078125,34.400001525878906,1.6666666269302368,16891.05078125,22.700000762939453,4.099999904632568,4.0333333015441895,39.016666412353516,18858.666015625,3013.2285714285713,0.9145952463150024,27.145238876342773,142.45714285714286,1392.5677490234375,2193.17138671875,0.08259525150060654,998.5428571428571,0,476,1,0,0,41,7,76
0,139.0,0.35575827956199646,1367.0,284.9591836734691,,,,,,,,,,2937.2571428571428,0.9243095517158508,27.206785202026367,150.05714285714285,1408.29345703125,2197.0,0.0617142878472805,1001.1428571428571,0,481,1,0,0,21,23,63
1,21.0,0.026225769892334938,1546.0,284.7755102040814,13400.6669921875,35.35555648803711,3.222222089767456,18359.544921875,23.338890075683594,4.5,4.655555725097656,37.17222213745117,34035.890625,2915.361904761923,0.9299126863479614,27.221349716186523,148.3238095238312,1402.49560546875,2213.362060546875,0.1001984179019928,1001.0476190476624,0,481,1,1,0,41,4,8
0,50.0,0.4743443429470062,1227.0,289.77551020408134,13861.3330078125,31.21666717529297,2.200000047683716,20045.900390625,23.649999618530273,4.5,4.0,42.233333587646484,20646.5,2811.5142857142855,0.965666651725769,27.22333335876465,128.17142857142858,1402.9261474609375,2258.71435546875,0.2378571331501007,1031.1142857142856,2,507,1,1,0,31,2,21
0,306.0,0.23375143110752106,1743.0,337.1428571428569,15921.4443359375,36.5,3.9833333492279053,18986.361328125,23.22222137451172,4.433333396911621,4.27222204208374,41.599998474121094,29972.333984375,2709.1714285714284,0.9413571357727051,26.7983341217041,135.17142857142858,1420.404052734375,2244.71435546875,1.1688570976257324,1029.142857142857,3,507,1,0,1,21,6,131
1,266.0,0.3580387830734253,1352.0,341.20408163265284,15056.3330078125,36.81666564941406,2.0166666507720947,18237.283203125,23.700000762939453,4.300000190734863,4.199999809265137,39.61666488647461,23089.0,2692.285714285714,0.9471666812896729,26.88083267211914,134.14285714285714,1417.7559814453125,2255.028564453125,1.100023865699768,1030.9142857142858,0,507,1,0,1,41,17,118
0,39.0,0.17787913978099823,1395.0,343.2244897959181,16916.666015625,34.516666412353516,4.900000095367432,19744.30078125,23.46666717529297,4.300000190734863,4.150000095367432,40.31666564941406,20872.0,2696.6,0.9432857036590576,26.761308670043945,135.22857142857143,1411.487548828125,2264.628662109375,1.4373571872711182,1028.2285714285715,4,507,1,0,0,42,15,16
0,191.0,0.6738882660865784,1824.0,342.20408163265284,15809.6669921875,36.43333435058594,3.6500000953674316,19538.166015625,24.566667556762695,6.300000190734863,4.083333492279053,40.81666564941406,23622.333984375,2698.1428571428573,0.9359999895095825,26.67547607421875,130.14285714285714,1400.54443359375,2285.514404296875,1.260619044303894,1027.4285714285713,1,507,1,0,1,41,12,98
0,184.0,0.5815279483795166,1311.0,340.1020408163264,12980.0,31.616666793823242,3.1666667461395264,19047.94921875,26.03333282470703,5.400000095367432,4.099999904632568,44.56666564941406,21535.5,2680.1714285714284,0.8980476260185242,26.04702377319336,133.65714285714284,1408.5191650390625,2272.45703125,1.3940714597702026,1016.2,1,507,1,0,1,41,21,101
0,396.0,0.10718358308076859,2343.0,336.3877551020406,14127.0,34.31666564941406,2.6666667461395264,16857.25,23.816667556762695,4.900000095367432,4.133333206176758,44.400001525878906,19264.5,2632.0857142857144,0.9325952529907227,26.391071319580078,139.22857142857143,1408.6978759765625,2260.971435546875,1.1070713996887207,1023.2571428571429,2,507,1,0,0,21,4,166
0,146.0,0.2622576951980591,2339.0,331.5714285714284,14126.3330078125,34.5,3.799999952316284,17912.599609375,27.600000381469727,6.800000190734863,4.099999904632568,41.58333206176758,23306.833984375,2604.3142857142857,0.9211905002593994,26.195356369018555,142.94285714285715,1415.552490234375,2261.28564453125,1.0891904830932617,1019.5142857142857,2,507,1,0,0,21,9,65
0,270.0,0.48232612013816833,2121.0,326.40816326530586,17049.333984375,31.33333396911621,1.149999976158142,16442.482421875,23.66666603088379,4.300000190734863,4.133333206176758,46.06666564941406,21737.166015625,2543.657142857143,0.9387381076812744,26.458690643310547,146.68571428571428,1425.267822265625,2276.628662109375,1.2972142696380615,1025.6857142857143,3,507,1,0,0,21,22,108
0,,0.16305586695671082,2301.0,320.9183673469385,15391.6669921875,33.79999923706055,2.0166666507720947,16919.75,22.03333282470703,4.199999809265137,4.150000095367432,43.650001525878906,19178.333984375,2496.5142857142855,0.9434762001037598,26.572141647338867,147.42857142857142,1427.01904296875,2309.39990234375,1.1784762144088745,1028.5714285714287,2,507,1,0,0,42,3,
0,192.0,0.6795895099639893,1415.0,317.24489795918345,16288.8330078125,31.66666603088379,2.7166666984558105,18318.982421875,21.766666412353516,4.400000095367432,4.133333206176758,42.849998474121094,22359.166015625,2471.4,0.9556190371513367,26.742856979370117,150.85714285714286,1428.0084228515625,2296.742919921875,1.2511905431747437,1029.2857142857142,1,507,1,0,0,21,17,77
0,304.0,0.8916761875152588,1095.0,312.55102040816314,17084.0,30.316667556762695,1.7333333492279053,17038.849609375,22.66666603088379,4.0,4.183333396911621,37.400001525878906,21094.666015625,2422.457142857143,0.9321666955947876,26.5334529876709,148.88571428571427,1429.1334228515625,2339.971435546875,1.0845952033996582,1029.0857142857142,2,507,1,0,1,21,20,153
0,45.0,0.7400227785110474,1667.0,308.8775510204079,16848.0,33.20000076293945,2.75,19314.69921875,24.850000381469727,5.800000190734863,4.183333396911621,39.20000076293945,22133.166015625,2418.1714285714284,0.9346190690994263,26.566547393798828,150.77142857142857,1433.00732421875,2338.05712890625,1.1066428422927856,1029.3142857142857,0,507,1,0,1,11,1,24
0,298.0,0.5336374044418335,1117.0,301.9795918367344,17086.0,27.483333587646484,3.2166666984558105,16266.18359375,22.866666793823242,4.0,4.349999904632568,47.91666793823242,21384.333984375,2394.657142857143,0.9270238280296326,26.559165954589844,156.71428571428572,1446.5333251953125,2332.8857421875,0.8319047689437866,1035.3714285714286,1,507,1,0,1,31,1,161
0,303.0,0.6100342273712158,1859.0,297.408163265306,13841.1669921875,26.066667556762695,2.1500000953674316,16369.93359375,23.316667556762695,4.5,4.300000190734863,45.733333587646484,18937.833984375,2376.6857142857143,0.9365952610969543,26.65809440612793,159.62857142857143,1447.43359375,2314.314208984375,0.5293333530426025,1035.0857142857142,1,507,1,0,1,31,6,163
0,260.0,0.3990877866744995,4742.0,292.75510204081615,15346.6669921875,32.650001525878906,3.566666603088379,17520.05078125,23.633333206176758,4.599999904632568,4.333333492279053,38.58333206176758,21983.666015625,2372.457142857143,0.9468809366226196,26.704286575317383,158.34285714285716,1439.6478271484375,2311.71435546875,0.3907380700111389,1035.7428571428572,1,507,1,0,1,21,10,102
0,198.0,0.13683010637760162,8012.0,291.81632653061206,13524.5,34.849998474121094,4.949999809265137,18032.55078125,22.5,4.199999809265137,4.133333206176758,41.96666717529297,22691.666015625,2422.4285714285716,0.9418571591377258,26.660120010375977,150.31428571428572,1433.145263671875,2348.199951171875,0.36680954694747925,1039.6571428571428,5,507,1,0,0,31,6,99
0,131.41544529651614,0.014823260717093945,11049.0,287.14285714285694,13481.6669921875,33.06666564941406,2.4000000953674316,18489.900390625,24.516666412353516,4.800000190734863,4.383333206176758,42.79999923706055,22978.666015625,2468.3142857142857,0.9294285774230957,26.507022857666016,146.94285714285715,1422.4403076171875,2320.3427734375,-0.11942858248949051,1038.7714285714285,1,507,1,0,0,41,4,51
0,259.0,0.06499429792165756,7682.0,287.95918367346917,12438.2216796875,34.483333587646484,5.1777777671813965,17926.388671875,26.533334732055664,6.666666507720947,4.2833333015441895,40.344444274902344,25977.66796875,2501.9714285714285,0.9004285931587219,26.2113094329834,148.8,1431.7845458984375,2310.6572265625,-0.2410714328289032,1033.6571428571428,2,507,1,0,0,31,1,105
0,176.0,0.26567843556404114,6762.0,291.6530612244896,13046.8330078125,28.950000762939453,2.3111112117767334,16077.8388671875,22.344444274902344,3.9666666984558105,4.30555534362793,44.21110916137695,18778.5546875,2504.0285714285715,0.9148333072662354,26.4901180267334,152.22857142857143,1439.0404052734375,2310.028564453125,-0.09599998593330383,1039.4857142857143,0,507,1,0,0,42,3,74
0,230.0,0.32725200057029724,3939.0,290.5714285714283,14158.3330078125,29.233333587646484,2.2833333015441895,16865.400390625,24.633333206176758,5.0,4.400000095367432,39.83333206176758,23990.77734375,2539.1428571428573,0.9082857370376587,26.393333435058594,150.4,1442.474365234375,2309.800048828125,-0.20576190948486328,1041.0,0,507,1,0,0,31,5,92
0,155.0,0.7867730855941772,4916.0,291.48979591836707,13539.6669921875,36.400001525878906,8.816666603088379,22755.482421875,27.16666603088379,5.5,4.349999904632568,34.61666488647461,28836.666015625,2572.0,0.8855476379394531,26.00107192993164,154.68571428571428,1444.75537109375,2281.971435546875,-0.5543571710586548,1032.2,0,507,1,0,0,21,1,54
0,261.0,0.30102622509002686,2995.0,294.89795918367327,13410.1669921875,33.20000076293945,2.2833333015441895,17891.55078125,23.91666603088379,4.099999904632568,4.449999809265137,40.78333282470703,22189.833984375,2560.1714285714284,0.8927857279777527,26.340476989746094,159.4,1453.7237548828125,2265.371337890625,-0.3026905059814453,1036.1142857142856,2,507,1,0,0,21,4,94
1,259.0,0.049030788242816925,1749.0,287.34693877551,,,,,,,,,,2473.8285714285716,0.854023814201355,26.21845245361328,174.0857142857143,1481.4874267578125,2068.371337890625,0.18833333253860474,1034.057142857143,0,507,1,0,1,31,9,120
0,166.0,0.3192702531814575,2136.0,285.14285714285694,14302.6669921875,28.03333282470703,3.9000000953674316,17023.69921875,21.816667556762695,3.9000000953674316,4.449999809265137,47.95000076293945,21168.5,2520.4,0.8421666622161865,26.11404800415039,174.05714285714285,1476.9505615234375,2062.371337890625,0.5269285440444946,1029.8285714285714,3,507,1,0,1,31,4,65
0,285.0,0.7058152556419373,1134.0,284.34693877551,12020.0,31.03333282470703,2.450000047683716,20231.3671875,27.383333206176758,5.099999904632568,4.583333492279053,40.900001525878906,26376.0,2529.885714285714,0.8303095102310181,26.000595092773438,174.65714285714284,1478.075927734375,2051.8857421875,0.5949523448944092,1025.7428571428572,1,507,1,0,1,11,1,132
0,252.0,0.10604333132505417,1792.0,284.75510204081604,13809.3330078125,31.58333396911621,2.5999999046325684,18284.69921875,23.183332443237305,4.099999904632568,4.449999809265137,40.91666793823242,21606.166015625,2594.342857142857,0.7888095378875732,25.66452407836914,168.34285714285716,1470.647216796875,2043.2857666015625,0.7051904797554016,1019.3714285714286,3,507,1,0,1,34,11,117
0,340.0,0.48916763067245483,1341.0,284.24489795918345,12580.1669921875,30.91666603088379,10.366666793823242,19263.666015625,28.133333206176758,6.199999809265137,4.583333492279053,37.0,33787.33203125,2560.7428571428572,0.753333330154419,25.5242862701416,175.28571428571428,1488.7110595703125,2005.6856689453125,0.641952395439148,1016.5428571428571,0,507,1,0,1,21,24,150
0,382.0,0.8187001347541809,1359.0,282.0408163265304,12899.6669921875,29.133333206176758,8.916666984558105,18423.732421875,26.03333282470703,5.699999809265137,4.650000095367432,39.45000076293945,26121.0,2560.7428571428572,0.753333330154419,25.5242862701416,175.28571428571428,1488.7110595703125,2005.6856689453125,0.641952395439148,1016.5428571428571,0,507,1,0,1,31,2,167
0,112.0,0.5610034465789795,1801.0,275.2040816326529,13638.5,27.46666717529297,4.516666889190674,15728.0830078125,22.266666412353516,4.300000190734863,4.583333492279053,42.900001525878906,18457.833984375,2525.6285714285714,0.7527142763137817,25.791309356689453,176.74285714285713,1495.2908935546875,1988.8857421875,0.6836190819740295,1024.942857142857,2,507,1,0,1,41,3,52
0,176.0,0.4070695638656616,2171.0,270.26530612244886,13023.1669921875,29.899999618530273,4.5,19025.80078125,22.46666717529297,4.400000095367432,4.699999809265137,42.849998474121094,21246.666015625,2480.5142857142855,0.7385952472686768,25.752975463867188,183.2,1505.456787109375,1982.6571044921875,0.38521429896354675,1018.1428571428571,2,507,1,0,1,31,9,84
0,88.0,0.10376282781362534,1706.0,265.77551020408146,12547.6669921875,28.016666412353516,5.333333492279053,22082.666015625,22.049999237060547,4.099999904632568,4.699999809265137,42.18333435058594,23438.666015625,2476.6857142857143,0.7323571443557739,25.733572006225586,181.05714285714285,1497.820068359375,1985.199951171875,0.26626190543174744,1013.4,3,507,1,0,1,41,8,36
1,363.0,0.03762827813625336,4583.0,260.28571428571405,13042.5,27.816667556762695,8.350000381469727,17729.43359375,23.850000381469727,4.400000095367432,4.650000095367432,44.21666717529297,21446.0,2420.6285714285714,0.7298571467399597,25.773571014404297,191.4857142857143,1510.2259521484375,1977.82861328125,0.17538096010684967,1010.3714285714286,2,507,1,0,1,41,11,181
0,209.0,0.557582676410675,1943.0,252.6530612244896,12096.3330078125,30.799999237060547,2.0833332538604736,17956.650390625,22.366666793823242,4.099999904632568,4.683333396911621,38.46666717529297,20776.0,2424.6,0.7240476012229919,25.6540470123291,191.4,1499.1959228515625,1998.4857177734375,0.126714289188385,1003.3142857142857,0,507,1,0,1,31,9,103
0,101.0,0.38198402523994446,1645.0,244.87755102040796,12987.6669921875,29.100000381469727,9.0,21288.6328125,24.600000381469727,4.400000095367432,4.75,43.099998474121094,24517.166015625,2333.8,0.6916190385818481,25.37345314025879,203.37142857142857,1501.5467529296875,1999.085693359375,0.0027142749167978764,985.6857142857143,1,507,1,0,1,31,5,41
0,183.0,0.6978335380554199,1415.0,235.1020408163263,12891.0,29.133333206176758,12.083333015441895,17729.05078125,22.983333587646484,4.5,4.683333396911621,44.06666564941406,20715.5,2337.6857142857143,0.6827619075775146,25.20833396911621,200.97142857142856,1498.379638671875,2012.5714111328125,-0.0026428462006151676,982.3714285714286,2,507,1,0,1,21,9,82
0,160.0,0.2713797092437744,5382.0,226.73469387755088,13477.0,32.06666564941406,3.5,18764.283203125,24.08333396911621,4.400000095367432,4.7833333015441895,38.11666488647461,20239.666015625,2306.657142857143,0.6817380785942078,25.304046630859375,198.65714285714284,1492.3863525390625,2015.8857421875,-0.017928581684827805,980.5142857142857,1,507,1,0,1,21,15,71
0,196.0,0.09578107297420502,3603.0,218.14285714285705,13020.3330078125,32.08333206176758,6.633333206176758,20063.30078125,22.71666717529297,4.400000095367432,4.699999809265137,38.766666412353516,21619.666015625,2279.885714285714,0.6811904907226562,25.270357131958008,200.37142857142857,1500.0238037109375,2016.771484375,0.0014523977879434824,982.9714285714285,1,507,1,0,1,34,8,87
0,170.0,0.352337509393692,10063.0,206.61224489795902,12445.0,33.11666488647461,8.033333778381348,19686.30078125,23.233333587646484,4.900000095367432,4.699999809265137,38.81666564941406,22017.5,2248.5714285714284,0.6723333597183228,25.387142181396484,201.37142857142857,1504.82763671875,2007.5428466796875,0.0131428437307477,984.4,2,507,1,0,1,31,9,65
0,111.0,0.5917901992797852,4443.0,198.938775510204,14082.833984375,32.75555419921875,5.094444274902344,20573.1171875,27.344444274902344,5.900000095367432,4.622221946716309,38.10555648803711,29828.77734375,2322.6857142857143,0.6124523878097534,24.321548461914062,186.37142857142857,1483.3480224609375,2049.028564453125,0.040857136249542236,959.5142857142857,2,507,1,0,1,21,4,43
0,222.0,0.9122006893157959,8242.0,194.28571428571422,13538.0,34.53333282470703,4.383333206176758,20123.099609375,24.83333396911621,5.199999809265137,4.683333396911621,34.849998474121094,24175.5,2281.6,0.6635000109672546,25.338333129882812,198.68571428571428,1506.046630859375,2009.6571044921875,0.011595234274864197,982.7428571428571,0,507,1,0,1,31,20,90
0,141.0,0.22006841003894806,3373.0,192.8979591836734,11028.5,31.883333206176758,10.316666603088379,21817.583984375,25.399999618530273,5.199999809265137,4.599999904632568,35.36666488647461,31939.333984375,2311.057142857143,0.6311428546905518,24.815357208251953,194.11428571428573,1502.7899169921875,2022.6856689453125,-0.009547620080411434,973.6857142857143,4,507,1,0,1,41,3,53
0,152.0,0.05929304286837578,10777.0,188.14285714285703,13647.0,34.81666564941406,5.400000095367432,20018.767578125,22.366666793823242,4.5,4.800000190734863,35.70000076293945,22141.5,2308.6,0.6534047722816467,25.287975311279297,199.4857142857143,1516.4576416015625,1994.6285400390625,-0.06311903893947601,984.9714285714285,2,507,1,0,1,34,6,58
1,122.0,0.0,11397.0,189.36734693877548,11007.0,33.20000076293945,7.0,16793.099609375,22.700000762939453,4.400000095367432,4.699999809265137,40.95000076293945,18636.0,2299.4857142857145,0.6775714159011841,25.65118980407715,205.71428571428572,1532.98046875,1974.3428955078125,-0.17404763400554657,998.0857142857143,2,518,1,0,0,31,2,48
0,213.0,0.009122006595134735,14059.0,187.16326530612238,16016.5556640625,33.7055549621582,5.861111164093018,21900.8984375,24.572221755981445,3.700000047683716,4.622221946716309,38.7388916015625,21257.9453125,2329.114285714286,0.6826428771018982,25.6348819732666,200.77142857142857,1514.192138671875,1971.6285400390625,-0.22042857110500336,996.8,1,481,1,0,0,21,16,94
1,176.0,0.04332953318953514,9055.0,185.0204081632652,13329.0,38.36666488647461,4.949999809265137,17190.0,23.383333206176758,3.9000000953674316,4.800000190734863,31.983333587646484,21181.166015625,2343.6,0.6963571310043335,25.64952278137207,206.11428571428573,1516.140625,1935.8857421875,-0.33147621154785156,998.6857142857143,2,481,1,0,0,41,16,72
0,178.0,0.40935006737709045,1274.0,185.10204081632642,12708.8330078125,28.25,5.683333396911621,16379.650390625,21.133333206176758,3.9000000953674316,4.75,43.516666412353516,18415.0,2348.6857142857143,0.6735000014305115,25.457857131958008,213.57142857142858,1540.009033203125,1905.7427978515625,-0.3414047658443451,996.4285714285714,0,481,1,0,0,21,35,70
0,185.0,0.47092360258102417,1311.0,184.77551020408154,12516.8330078125,26.566667556762695,6.883333206176758,16737.3828125,20.866666793823242,3.5999999046325684,4.683333396911621,43.63333511352539,17671.0,2348.6857142857143,0.6735000014305115,25.457857131958008,213.57142857142858,1540.009033203125,1905.7427978515625,-0.3414047658443451,996.4285714285714,0,481,1,0,0,21,21,79
1,125.0,0.006841504946351051,9033.0,184.9999999999999,12522.8330078125,33.338890075683594,6.349999904632568,17118.08984375,23.35555648803711,3.799999952316284,4.727777481079102,39.016666412353516,21860.5546875,2358.114285714286,0.7086190581321716,25.718809127807617,211.34285714285716,1522.7412109375,1929.4571533203125,-0.36500000953674316,1000.6,0,481,1,0,0,34,35,58
0,160.0,0.0,15344.0,187.18367346938763,12789.3330078125,30.149999618530273,3.9166667461395264,16600.466796875,21.116666793823242,3.4000000953674316,4.699999809265137,45.45000076293945,18964.0,2526.114285714286,0.7137143015861511,25.723690032958984,205.0857142857143,1516.949951171875,1933.028564453125,-0.43683332204818726,1005.1428571428571,5,481,1,0,0,21,8,62
0,104.0,0.0,22103.0,189.73469387755088,12238.3330078125,30.350000381469727,2.7333333492279053,17421.80078125,21.483333587646484,3.299999952316284,4.599999904632568,43.06666564941406,18114.0,2722.714285714286,0.7102380990982056,25.590356826782227,206.71428571428572,1525.8111572265625,1942.971435546875,-0.4738571345806122,1006.5714285714286,2,481,1,0,0,31,3,43
0,142.0,0.0,24259.0,192.32653061224474,12116.1669921875,31.71666717529297,2.7166666984558105,15495.0,22.383333206176758,3.700000047683716,4.800000190734863,42.75,20365.0,2899.6285714285714,0.7187857031822205,25.630596160888672,202.37142857142857,1516.2025146484375,1952.914306640625,-0.5490000247955322,1009.2571428571429,1,481,1,0,0,34,13,56
0,75.0,0.03648802638053894,19948.0,195.83673469387736,11645.0,28.299999237060547,4.5,16896.533203125,21.16666603088379,3.5999999046325684,4.683333396911621,44.516666412353516,21541.0,3030.0,0.7219762206077576,25.637737274169922,200.11428571428573,1518.542236328125,1943.4000244140625,-0.5699285864830017,1013.9428571428572,2,481,1,0,0,31,10,30
0,72.0,0.0,5855.0,197.081632653061,13097.3330078125,26.53333282470703,5.199999809265137,17132.30078125,21.299999237060547,3.5999999046325684,4.75,47.983333587646484,19757.666015625,3363.0,0.7264524102210999,25.587499618530273,198.71428571428572,1535.763916015625,1929.142822265625,-0.6787142753601074,1025.857142857143,1,518,1,0,0,31,7,29
0,51.0,0.3591790199279785,1622.0,196.18367346938754,13145.0,25.649999618530273,6.233333110809326,18164.0,21.5,3.5,4.7166666984558105,42.33333206176758,22169.0,3363.0,0.7264524102210999,25.587499618530273,198.71428571428572,1535.763916015625,1929.142822265625,-0.6787142753601074,1025.857142857143,3,481,1,0,0,31,8,19
0,121.0,0.3511972725391388,4149.0,193.18367346938757,13726.8330078125,29.25,5.449999809265137,17870.75,24.200000762939453,4.300000190734863,4.683333396911621,41.38333511352539,23235.0,3279.9142857142856,0.7114047408103943,25.37761878967285,200.31428571428572,1550.96337890625,1930.3714599609375,-0.6999762058258057,1024.5714285714287,2,481,1,0,0,11,10,46
0,172.0,0.4070695638656616,3626.0,189.99999999999983,13982.3330078125,32.0,5.483333110809326,19593.56640625,28.616666793823242,5.099999904632568,4.949999809265137,37.56666564941406,25943.333984375,3261.342857142857,0.7093095183372498,25.371191024780273,200.71428571428572,1555.0615234375,1924.6856689453125,-0.7151666879653931,1026.8285714285714,1,481,1,0,0,31,9,71
0,43.0,0.04104902967810631,2754.0,186.5306122448978,12996.3330078125,29.299999237060547,9.566666603088379,18113.94921875,23.28333282470703,4.199999809265137,4.800000190734863,42.38333511352539,19293.666015625,3141.4285714285716,0.7137619256973267,25.30500030517578,201.25714285714287,1553.10546875,1937.971435546875,-0.7470238208770752,1027.0,2,481,1,0,0,34,26,25
0,147.0,0.38882553577423096,1859.0,190.6938775510202,14542.1669921875,30.950000762939453,7.5,24627.94921875,24.933332443237305,5.099999904632568,4.883333206176758,34.400001525878906,26026.833984375,3230.885714285714,0.7213333249092102,25.478214263916016,205.8,1580.384765625,1906.199951171875,-0.7521904706954956,1041.3714285714286,1,518,1,1,0,21,31,59
0,68.0,0.0,2046.0,187.9183673469386,14089.0,31.933332443237305,9.183333396911621,21632.982421875,25.700000762939453,4.599999904632568,4.883333206176758,38.400001525878906,30389.666015625,3201.4857142857145,0.7312619090080261,25.56464195251465,209.31428571428572,1587.4322509765625,1899.17138671875,-0.7639999985694885,1045.3428571428572,4,481,1,1,0,41,10,30
1,54.0,0.2508551776409149,4376.0,176.57142857142844,12856.3330078125,28.28333282470703,7.5,20605.56640625,22.0,4.0,4.75,40.21666717529297,20658.0,3087.9142857142856,0.7532142996788025,25.667261123657227,206.8,1559.391357421875,1922.1142578125,-0.7646666765213013,1039.5428571428572,3,481,1,0,0,31,1,20
0,86.0,0.36944127082824707,7033.0,171.42857142857125,11628.0,29.766666412353516,6.133333206176758,18161.333984375,22.133333206176758,4.0,4.833333492279053,41.93333435058594,21082.333984375,2989.1428571428573,0.7638095021247864,25.592857360839844,210.11428571428573,1552.19482421875,1904.7427978515625,-0.7438095211982727,1037.0285714285715,0,481,1,0,0,21,32,32
0,167.0,0.10034207254648209,16731.0,167.2244897959182,13344.3330078125,31.883333206176758,7.400000095367432,20006.689453125,21.855554580688477,4.0333333015441895,4.80555534362793,38.411109924316406,21614.611328125,2873.9142857142856,0.7869285941123962,25.860595703125,215.17142857142858,1555.16357421875,1890.142822265625,-0.7897380590438843,1041.6857142857143,1,481,1,0,0,21,7,81
0,145.0,0.7377423048019409,20493.0,165.081632653061,16204.5,31.600000381469727,7.833333492279053,22026.333984375,30.100000381469727,5.699999809265137,4.800000190734863,35.16666793823242,34187.0,2804.285714285714,0.791523814201355,25.882381439208984,221.77142857142857,1562.703125,1876.4857177734375,-0.791690468788147,1039.6857142857143,0,481,1,0,0,11,3,65
0,82.0,0.2155074179172516,10463.0,164.22448979591817,11435.3330078125,30.933332443237305,5.916666507720947,16797.19921875,20.75,4.0,4.800000190734863,41.099998474121094,20158.666015625,2607.0857142857144,0.8173333406448364,26.045833587646484,232.65714285714284,1557.2457275390625,1866.914306640625,-0.8128809332847595,1034.8,4,518,1,0,0,21,2,33
1,168.0,0.010262257419526577,8317.0,162.97959183673447,13435.3330078125,30.58333396911621,5.699999809265137,18541.416015625,20.600000381469727,4.5,4.883333206176758,39.03333282470703,20869.666015625,2556.2285714285713,0.8213809728622437,26.084880828857422,236.57142857142858,1556.53515625,1855.17138671875,-0.8141428828239441,1032.2,2,518,1,0,0,34,6,65
0,37.08257653468617,0.13683010637760162,11382.0,166.1020408163263,11146.8330078125,28.950000762939453,4.550000190734863,17174.916015625,20.383333206176758,4.199999809265137,4.800000190734863,42.45000076293945,19452.5,2588.1428571428573,0.824738085269928,26.076309204101562,235.31428571428572,1555.357666015625,1838.7142333984375,-0.8529762029647827,1033.1714285714286,1,481,1,0,0,34,5,14
0,115.0,0.015963511541485786,14595.0,157.06122448979568,12556.3330078125,31.899999618530273,7.133333206176758,19293.833984375,22.049999237060547,4.199999809265137,4.699999809265137,42.0,22814.333984375,2589.4285714285716,0.8270238041877747,26.04464340209961,239.42857142857142,1558.94970703125,1828.857177734375,-0.8617857098579407,1034.142857142857,2,518,1,0,0,34,25,43
0,111.0,0.22690992057323456,21968.0,163.36734693877523,13914.0,30.183332443237305,9.449999809265137,18826.06640625,22.21666717529297,4.800000190734863,4.800000190734863,39.516666412353516,20963.0,2610.657142857143,0.8237142562866211,26.02297592163086,240.22857142857143,1555.8602294921875,1815.2572021484375,-0.8837143182754517,1032.0857142857142,0,518,1,0,0,21,8,42
0,113.0,0.13226909935474396,29740.0,153.6938775510202,13209.8330078125,29.350000381469727,7.050000190734863,16313.4833984375,22.549999237060547,4.699999809265137,4.983333110809326,36.733333587646484,39357.16796875,2616.657142857143,0.8650476336479187,26.33976173400879,253.97142857142856,1567.34716796875,1782.771484375,-0.880476176738739,1045.8,0,481,1,0,0,21,12,54
0,168.0,0.3534777760505676,32767.0,152.20408163265287,13310.3330078125,29.71666717529297,8.783333778381348,18703.900390625,23.16666603088379,4.5,4.983333110809326,35.43333435058594,19836.333984375,2622.457142857143,0.864214301109314,26.34821319580078,258.1714285714286,1573.3394775390625,1749.3143310546875,-0.904285728931427,1036.8,0,518,1,0,0,21,27,79
0,64.0,0.0,32767.0,144.89795918367332,9728.5,30.100000381469727,6.2166666984558105,16739.30078125,22.21666717529297,4.099999904632568,4.7833333015441895,42.983333587646484,17438.0,2647.8571428571427,0.8798571228981018,26.450000762939453,255.37142857142857,1570.5509033203125,1766.0,-0.9005952477455139,1043.857142857143,0,481,1,0,0,21,8,35
0,140.0,0.37628278136253357,30862.0,141.7959183673468,13257.3330078125,29.33333396911621,7.9666666984558105,19009.783203125,25.549999237060547,5.300000190734863,5.0,40.29999923706055,25427.666015625,2649.3142857142857,0.8538095355033875,26.049762725830078,264.51428571428573,1583.0247802734375,1728.6285400390625,-0.902999997138977,1032.3428571428572,0,518,1,0,0,41,3,55
0,138.0,0.28620296716690063,21873.0,138.55102040816314,13537.5,29.766666412353516,9.666666984558105,18534.19921875,24.08333396911621,4.699999809265137,5.050000190734863,38.88333511352539,20491.0,2669.714285714286,0.8809523582458496,26.36083221435547,259.51428571428573,1572.361328125,1726.4000244140625,-0.9211190342903137,1040.2857142857142,0,518,1,0,0,31,4,59
0,141.0,0.16419611871242523,18114.0,134.85714285714272,14685.3330078125,28.549999237060547,8.666666984558105,18548.0,24.149999618530273,4.599999904632568,4.983333110809326,41.54999923706055,22870.666015625,2642.3142857142857,0.8675714135169983,26.229286193847656,264.25714285714287,1577.9200439453125,1714.6285400390625,-0.9194048047065735,1034.6571428571428,0,518,1,0,0,21,8,56
0,143.0,0.2371721714735031,2629.0,133.3673469387754,14056.3330078125,32.5,8.533333778381348,18858.80078125,23.016666412353516,4.599999904632568,5.183333396911621,40.400001525878906,23330.333984375,2642.1714285714284,0.9058809280395508,26.4228572845459,270.0,1579.79296875,1683.857177734375,-1.0026904344558716,1037.2571428571428,0,518,1,0,0,21,9,58
0,60.0,0.16077536344528198,8398.0,132.469387755102,10757.0,27.200000762939453,6.733333110809326,18894.732421875,22.899999618530273,3.5,4.983333110809326,45.46666717529297,17880.666015625,2668.8285714285716,0.9230476021766663,26.549762725830078,269.14285714285717,1578.38623046875,1680.82861328125,-1.0116666555404663,1042.1714285714286,0,518,1,0,0,21,24,26
0,67.0,0.09007981419563293,12956.0,131.4081632653061,8507.111328125,25.783334732055664,6.616666793823242,17226.56640625,21.794443130493164,3.799999952316284,4.961111068725586,43.04999923706055,16284.8330078125,2718.7714285714287,0.9191666841506958,26.439048767089844,269.54285714285714,1582.806884765625,1669.3714599609375,-1.0283094644546509,1041.9714285714285,1,518,1,0,0,31,19,32
0,71.0,0.0045610032975673676,12330.0,131.91836734693874,9253.3330078125,24.733333587646484,6.849999904632568,19280.25,22.616666793823242,3.700000047683716,4.883333206176758,39.46666717529297,17632.5,2780.342857142857,0.914976179599762,26.4278564453125,270.1714285714286,1590.946044921875,1650.1142578125,-1.0827618837356567,1040.0,3,518,1,0,0,24,10,35
0,53.0,0.21436716616153717,6652.0,134.34693877551018,14110.5,25.5,9.949999809265137,21540.68359375,25.766666412353516,4.0,5.083333492279053,42.46666717529297,19489.333984375,2825.342857142857,0.9157381057739258,26.381427764892578,275.22857142857146,1598.629150390625,1618.8857421875,-1.1365238428115845,1040.3142857142857,3,518,1,0,0,24,23,22
1,76.0,0.0,20524.0,136.06122448979588,13002.6669921875,25.03333282470703,7.916666507720947,19929.93359375,21.350000381469727,4.199999809265137,5.050000190734863,39.25,16932.666015625,2914.6857142857143,0.9415237903594971,26.561071395874023,279.65714285714284,1607.108642578125,1579.1142578125,-1.2006189823150635,1046.8285714285714,0,518,1,0,0,34,9,32
0,74.0,0.03876852989196777,30774.0,138.36734693877543,9273.3330078125,24.850000381469727,7.949999809265137,18178.900390625,24.049999237060547,4.900000095367432,5.083333492279053,45.31666564941406,20738.333984375,3026.6285714285714,0.927476167678833,26.222856521606445,270.25714285714287,1594.08740234375,1612.085693359375,-1.1891905069351196,1042.0857142857142,1,518,1,0,0,31,29,29
1,99.0,0.2508551776409149,32767.0,141.42857142857133,10633.0,27.566667556762695,5.183333396911621,18665.216796875,21.483333587646484,3.9000000953674316,5.050000190734863,44.71666717529297,17906.166015625,3062.5142857142855,0.9373095035552979,26.33916664123535,274.1142857142857,1597.1448974609375,1588.142822265625,-1.249500036239624,1042.0857142857142,0,518,1,0,0,31,27,49
0,91.0,0.12428734451532364,23963.0,144.7499999999999,10653.1669921875,29.53333282470703,7.483333110809326,16890.150390625,23.0,4.800000190734863,5.016666889190674,41.91666793823242,20183.333984375,2891.4285714285716,0.9278809428215027,26.014524459838867,279.54285714285714,1605.8787841796875,1618.085693359375,-1.194857120513916,1034.5428571428572,1,481,1,0,0,31,24,35
1,149.0,0.030786773189902306,14402.0,148.15217391304336,9003.6669921875,22.66666603088379,9.933333396911621,18783.833984375,23.450000762939453,4.300000190734863,5.0,45.08333206176758,18455.666015625,2814.4,0.9523094892501831,26.31440544128418,288.7142857142857,1611.36572265625,1606.5714111328125,-1.2169523239135742,1035.6857142857143,1,481,1,0,0,34,26,68
0,112.0,0.366020530462265,3853.0,148.97619047619037,10182.8330078125,25.450000762939453,10.433333396911621,17130.68359375,23.116666793823242,4.099999904632568,5.0,45.91666793823242,18988.0,2785.6,0.9382143020629883,26.09166717529297,290.0571428571429,1615.649658203125,1607.857177734375,-1.2276190519332886,1031.2285714285715,1,481,1,0,0,31,7,45
0,249.0,0.8871151804924011,1076.0,307.2857142857141,17238.166015625,32.63333511352539,2.1500000953674316,21848.43359375,24.350000381469727,5.199999809265137,4.199999809265137,35.13333511352539,30049.166015625,1462.942857142857,0.5830714106559753,25.561904907226562,27.114285714285714,1310.532958984375,2407.8857421875,-0.4902142882347107,984.9714285714285,0,505,1,1,0,42,3,124
0,368.0,0.9486886858940125,1058.0,307.2857142857141,19821.185546875,31.129629135131836,0.4055555462837219,21663.015625,24.453702926635742,4.955555438995361,4.122222423553467,32.72407531738281,23568.8515625,1478.0,0.5787857174873352,25.53309440612793,27.742857142857144,1310.6884765625,2400.94287109375,-0.5254999995231628,983.7142857142857,0,505,1,1,0,42,9,182
0,399.0,0.8814139366149902,1112.0,316.816326530612,16983.0,31.5,2.549999952316284,24322.150390625,23.649999618530273,4.900000095367432,4.25,35.71666717529297,23435.0,1475.0857142857142,0.5709285736083984,25.47083282470703,28.37142857142857,1311.2508544921875,2447.3427734375,-0.581333339214325,982.5142857142857,0,505,1,1,0,41,18,190
1,360.0,0.6556442379951477,1396.0,316.26530612244864,15493.0,31.58333396911621,0.550000011920929,21732.0,24.316667556762695,4.400000095367432,4.2833333015441895,33.79999923706055,25563.5,1460.7714285714285,0.5762142539024353,25.523452758789062,26.057142857142857,1313.7315673828125,2473.54296875,-0.5672618746757507,987.5142857142857,0,505,1,1,0,42,3,177
1,314.0,0.0,2562.0,310.4285714285711,16993.333984375,29.53333282470703,0.5,20023.833984375,24.25,4.900000095367432,4.183333396911621,32.349998474121094,24059.0,1440.7142857142858,0.6258809566497803,25.64642906188965,34.34285714285714,1329.136962890625,2426.028564453125,-0.7125238180160522,995.5428571428571,0,505,1,0,0,34,14,126
1,234.0,0.5803877115249634,1215.0,310.4285714285711,17193.0,29.55555534362793,3.0222220420837402,21186.416015625,25.66111183166504,5.199999809265137,4.233333110809326,35.9555549621582,23334.72265625,1432.2285714285715,0.6324999928474426,25.63547706604004,34.114285714285714,1332.3135986328125,2442.028564453125,-0.6587619185447693,998.4285714285714,0,505,1,0,0,42,7,104
1,326.0,0.4857468605041504,4418.0,310.3877551020405,18930.166015625,28.700000762939453,0.6499999761581421,19916.6328125,25.016666412353516,4.599999904632568,4.25,34.75,30607.166015625,1449.7142857142858,0.6402857303619385,25.683095932006836,36.2,1329.7332763671875,2449.0,-0.6440714001655579,996.2857142857143,0,469,1,0,0,31,21,119
1,293.0,0.2702394425868988,2376.0,310.3877551020405,16628.666015625,29.41666603088379,1.600000023841858,20454.18359375,24.383333206176758,4.900000095367432,4.349999904632568,33.33333206176758,94614.5,1456.8,0.6460714340209961,25.712976455688477,36.68571428571428,1331.406982421875,2455.028564453125,-0.6489047408103943,997.9142857142857,0,469,1,0,0,21,21,107
1,398.0,0.0,1935.0,311.0816326530609,16652.5,32.29999923706055,1.149999976158142,19485.75,24.133333206176758,4.599999904632568,4.199999809265137,30.683332443237305,23824.833984375,1464.5428571428572,0.651023805141449,25.73880958557129,36.714285714285715,1333.1651611328125,2461.428466796875,-0.637833297252655,999.8,0,469,1,0,0,34,16,150
1,334.0,0.3933865427970886,1327.0,312.1020408163263,16866.166015625,30.350000381469727,1.4166666269302368,20919.3828125,24.133333206176758,3.799999952316284,4.199999809265137,33.0,22297.0,1476.4571428571428,0.6564047336578369,25.69952392578125,36.74285714285714,1332.666259765625,2471.39990234375,-0.7969762086868286,999.3714285714286,1,469,1,0,0,41,20,150
1,323.0,0.27251994609832764,8171.0,311.6326530612243,,31.950000762939453,1.4333332777023315,,25.133333206176758,4.800000190734863,4.300000190734863,29.816667556762695,,1519.3428571428572,0.668571412563324,25.782737731933594,40.31428571428572,1335.4512939453125,2433.28564453125,-0.9294047355651855,999.8857142857142,0,469,1,0,0,21,27,121
1,322.0,0.0672748014330864,7260.0,311.6326530612243,17920.166015625,29.91666603088379,1.399999976158142,20070.333984375,25.733333587646484,3.799999952316284,4.349999904632568,24.183332443237305,51272.33203125,1515.7714285714285,0.6776666641235352,25.82261848449707,42.34285714285714,1334.7945556640625,2437.228515625,-1.0161428451538086,998.2857142857143,0,469,1,0,0,42,23,131
1,272.0,0.1425313502550125,4485.0,308.0612244897957,21342.666015625,35.516666412353516,1.2999999523162842,25326.0,25.0,4.300000190734863,4.550000190734863,27.483333587646484,36712.0,1519.5142857142857,0.6848095059394836,25.847856521606445,42.77142857142857,1333.339111328125,2442.800048828125,-1.1407142877578735,998.7714285714286,0,469,1,0,0,41,27,102
0,298.0,0.17445838451385498,2231.0,304.6122448979589,18268.666015625,32.266666412353516,0.30000001192092896,20081.099609375,24.33333396911621,4.199999809265137,4.2833333015441895,35.21666717529297,26167.833984375,1565.057142857143,0.6970475912094116,25.894285202026367,46.08571428571429,1333.95458984375,2421.371337890625,-1.3007380962371826,997.0857142857143,1,469,1,0,0,31,15,125
1,341.0,0.17901939153671265,6736.0,304.6122448979589,18041.666015625,31.16666603088379,0.1666666716337204,20505.06640625,23.149999618530273,4.699999809265137,4.400000095367432,33.91666793823242,24847.0,1588.3428571428572,0.698023796081543,25.858333587646484,46.34285714285714,1331.9141845703125,2428.3427734375,-1.2937618494033813,995.3142857142857,0,469,1,0,0,21,31,145
1,241.0,0.11630558967590332,2449.0,302.0816326530609,19072.4453125,28.822221755981445,0.41111111640930176,18070.06640625,22.97222328186035,4.266666412353516,4.2833333015441895,30.816665649414062,27029.4453125,1604.6857142857143,0.7060238122940063,25.898691177368164,48.48571428571429,1334.79736328125,2427.742919921875,-1.2276666164398193,996.6285714285714,2,469,1,0,0,31,10,113
1,297.0,0.14709235727787018,1413.0,301.7551020408161,17365.0,29.049999237060547,0.1666666716337204,18466.5,23.33333396911621,4.199999809265137,4.199999809265137,36.33333206176758,24058.0,1604.6857142857143,0.7060238122940063,25.898691177368164,48.48571428571429,1334.79736328125,2427.742919921875,-1.2276666164398193,996.6285714285714,2,469,1,0,0,42,11,128
1,367.0,0.2976054847240448,2612.0,301.2244897959181,17232.166015625,31.933332443237305,0.44999998807907104,18953.68359375,22.883333206176758,4.5,4.199999809265137,35.516666412353516,22971.166015625,1669.4285714285713,0.7083333134651184,25.891427993774414,50.142857142857146,1333.412353515625,2429.771484375,-1.0292619466781616,995.2285714285714,0,469,1,0,0,21,13,142
1,280.0,0.312428742647171,1768.0,301.2244897959181,17177.4453125,27.844444274902344,0.8111110925674438,19823.111328125,22.649999618530273,3.9000000953674316,4.288888931274414,36.1944465637207,25227.33203125,1674.6,0.7169047594070435,25.926427841186523,52.05714285714286,1334.138916015625,2427.6572265625,-1.047619104385376,995.4285714285714,0,469,1,0,0,31,9,132
0,315.0,0.28848347067832947,7846.0,298.9591836734692,14920.8330078125,32.06666564941406,0.8833333253860474,16811.833984375,22.96666717529297,4.5,4.199999809265137,35.233333587646484,42650.83203125,1663.857142857143,0.7227857112884521,25.981666564941406,53.8,1336.0257568359375,2426.085693359375,-1.0660713911056519,996.0857142857143,0,469,1,0,0,21,35,121
0,260.0,0.5324971675872803,1079.0,296.34693877551007,19213.0,33.79999923706055,0.36666667461395264,25676.05078125,27.46666717529297,4.199999809265137,4.2833333015441895,35.61666488647461,25819.833984375,1791.2857142857142,0.6808809638023376,25.85392951965332,52.94285714285714,1326.441650390625,2392.199951171875,-0.9304285645484924,988.3714285714286,1,496,1,1,0,21,27,126
0,253.0,0.6875712871551514,1519.0,306.081632653061,17705.166015625,32.56666564941406,0.6666666865348816,17080.6171875,22.549999237060547,4.699999809265137,4.199999809265137,28.983333587646484,22643.666015625,1895.1142857142856,0.6524999737739563,25.826547622680664,58.05714285714286,1332.0792236328125,2420.0,-0.7476428747177124,982.0285714285715,0,496,1,1,0,34,35,123
0,342.0,0.718358039855957,1157.0,306.5714285714283,19797.5,34.38333511352539,0.550000011920929,18094.033203125,22.96666717529297,4.800000190734863,4.183333396911621,29.516666412353516,28869.833984375,1898.8285714285714,0.6421666741371155,25.878808975219727,71.08571428571429,1330.9219970703125,2460.428466796875,-0.6183571219444275,968.6571428571428,0,496,1,1,0,21,35,165
0,266.0,0.9657924771308899,1068.0,321.6734693877547,17568.666015625,30.16666603088379,0.8833333253860474,16609.966796875,23.96666717529297,4.800000190734863,4.083333492279053,32.33333206176758,19747.166015625,1953.8857142857144,0.6211904883384705,25.89988136291504,81.85714285714286,1323.2777099609375,2428.228515625,-0.45454761385917664,953.9714285714285,0,474,1,1,0,21,35,127
1,246.0,0.4310148358345032,2152.0,323.7142857142856,22084.0,31.183332443237305,0.8999999761581421,19575.3671875,24.96666717529297,5.300000190734863,4.183333396911621,27.433332443237305,25480.333984375,2180.2571428571428,0.6207380890846252,26.119403839111328,75.37142857142857,1327.69482421875,2408.45703125,-0.6737381219863892,968.0571428571428,1,474,1,1,0,41,8,119
0,328.0,0.7274800539016724,1104.0,324.9795918367345,19076.0,30.58333396911621,0.75,18397.650390625,22.983333587646484,4.800000190734863,4.183333396911621,33.08333206176758,19547.0,2198.714285714286,0.6206666827201843,26.211427688598633,75.54285714285714,1330.783447265625,2429.971435546875,-0.7576190233230591,971.8285714285714,0,474,1,1,0,21,12,158
0,152.0,0.7149372696876526,1817.0,325.51020408163237,19748.333984375,26.299999237060547,2.2833333015441895,18834.30078125,26.066667556762695,4.900000095367432,4.183333396911621,34.96666717529297,20839.333984375,2214.0285714285715,0.6208333373069763,26.22357177734375,75.05714285714286,1330.6883544921875,2439.485595703125,-0.7606666684150696,972.4,1,474,1,1,0,41,18,74
1,452.08774224524115,0.05473203957080841,1575.0,325.2857142857141,20642.333984375,28.733333587646484,0.699999988079071,17751.0,24.950000762939453,5.199999809265137,4.133333206176758,29.03333282470703,23586.666015625,2318.0285714285715,0.6193809509277344,26.265119552612305,72.74285714285715,1328.2635498046875,2475.71435546875,-0.7179999947547913,973.9714285714285,0,474,1,1,0,31,20,194
0,312.0,0.4914481043815613,1477.0,324.7755102040815,19901.0,31.100000381469727,1.0499999523162842,19350.099609375,24.700000762939453,5.0,4.183333396911621,30.75,23208.5,2353.4857142857145,0.6191666722297668,26.238452911376953,69.8,1328.0252685546875,2503.428466796875,-0.6215000152587891,976.7428571428571,0,474,1,1,0,31,5,128
1,269.0,0.10490307956933975,2004.0,321.08163265306104,21376.666015625,33.733333587646484,0.8111110925674438,18488.048828125,25.47222137451172,5.266666889190674,4.127777576446533,30.99444580078125,23956.9453125,2373.7428571428572,0.6303571462631226,26.423690795898438,64.08571428571429,1327.7568359375,2558.6572265625,-0.37840476632118225,987.8857142857142,0,474,1,0,0,21,34,129
1,173.0,0.06613454967737198,1531.0,264.7551020408161,19213.333984375,31.71666717529297,0.800000011920929,22617.666015625,25.83333396911621,5.300000190734863,4.150000095367432,21.983333587646484,28101.666015625,2665.285714285714,0.6570952534675598,26.711427688598633,66.85714285714286,1353.8756103515625,2819.17138671875,-0.153023824095726,1009.2857142857143,0,496,1,1,0,31,24,78
1,152.0,0.2428734302520752,1281.0,264.7551020408161,19547.833984375,30.866666793823242,1.6166666746139526,26196.517578125,29.08333396911621,5.099999904632568,4.099999904632568,22.549999237060547,29596.833984375,2665.285714285714,0.6570952534675598,26.711427688598633,66.85714285714286,1353.8756103515625,2819.17138671875,-0.153023824095726,1009.2857142857143,0,496,1,1,0,21,24,69
1,191.0,0.009122006595134735,16232.0,248.53061224489778,22621.333984375,29.16666603088379,6.116666793823242,25103.666015625,29.733333587646484,6.300000190734863,4.75,24.399999618530273,44731.0,2676.542857142857,0.6749047636985779,26.824047088623047,83.88571428571429,1370.842041015625,2563.428466796875,-0.254238098859787,1006.2,0,496,1,0,1,41,14,63
1,191.0,0.07639680802822113,14523.0,248.10204081632637,17362.5,26.649999618530273,1.25,16747.30078125,25.566667556762695,5.300000190734863,4.083333492279053,23.649999618530273,44145.0,2673.457142857143,0.6736904978752136,26.815595626831055,86.34285714285714,1373.5802001953125,2531.82861328125,-0.2522619068622589,1005.2,0,496,1,0,1,34,24,63
1,243.0,0.16647662222385406,1981.0,250.877551020408,17841.666015625,27.016666412353516,0.8500000238418579,19214.18359375,26.100000381469727,5.0,4.300000190734863,26.100000381469727,27185.333984375,2656.6285714285714,0.6693333387374878,26.796428680419922,93.54285714285714,1372.2659912109375,2396.199951171875,-0.2548809349536896,995.4571428571429,0,496,1,0,0,31,19,102
0,227.0,0.36944127082824707,1198.0,273.3673469387753,17682.166015625,29.53333282470703,4.133333206176758,18937.166015625,24.366666793823242,5.0,4.199999809265137,30.299999237060547,19471.5,2632.0,0.6946428418159485,26.756786346435547,107.34285714285714,1401.908447265625,2246.28564453125,-0.020642857998609543,1000.3428571428572,0,497,1,0,1,21,13,86
0,121.0,0.20524515211582184,1987.0,267.79591836734676,18668.0,29.911109924316406,3.4555554389953613,16746.984375,24.19444465637207,4.699999809265137,4.166666507720947,18.933334350585938,22487.611328125,2625.6,0.6978095173835754,26.745237350463867,107.2,1403.933349609375,2221.94287109375,-0.09347619861364365,1002.0285714285715,1,497,1,0,0,34,1,54
1,193.0,0.060433294624090195,4054.0,261.91836734693857,17126.0,31.066667556762695,2.2166666984558105,17123.349609375,24.350000381469727,4.900000095367432,4.183333396911621,20.58333396911621,23591.833984375,2609.0285714285715,0.7050952315330505,26.809642791748047,106.4,1402.867919921875,2205.199951171875,-0.13428571820259094,1004.4,1,497,1,0,0,34,2,75
0,174.01923716492314,0.8175598382949829,6075.0,260.1836734693876,15509.0,26.866666793823242,1.149999976158142,17967.5,25.41666603088379,4.800000190734863,4.150000095367432,18.616666793823242,23009.0,2612.8285714285716,0.7060714364051819,26.799285888671875,106.25714285714285,1403.084716796875,2200.0,-0.15621429681777954,1004.6285714285714,0,497,1,0,0,42,7,59
1,253.0,0.08209805935621262,11859.0,248.53061224489784,15995.0,30.38888931274414,2.299999952316284,17808.994140625,23.36111068725586,4.900000095367432,4.116666793823242,23.072223663330078,28084.0546875,2655.6857142857143,0.7183571457862854,26.84511947631836,108.6,1409.1180419921875,2170.571533203125,-0.2856904864311218,1007.7714285714286,0,497,1,0,0,31,18,95
1,154.0,0.07753705978393555,9744.0,247.67346938775498,16303.0,28.4777774810791,3.049999952316284,17216.416015625,24.011110305786133,5.099999904632568,4.116666793823242,21.038888931274414,23345.611328125,2666.8,0.7266904711723328,26.897737503051758,109.62857142857143,1413.744384765625,2161.800048828125,-0.30769047141075134,1011.3714285714286,0,497,1,0,0,41,3,63
0,322.0,0.4310148358345032,3664.0,247.61224489795904,13688.1669921875,24.633333206176758,3.4833333492279053,17306.267578125,23.316667556762695,4.5,4.150000095367432,20.383333206176758,23085.5,2644.4285714285716,0.7214047312736511,26.883928298950195,111.28571428571429,1419.568359375,2148.0,-0.3111666738986969,1012.4,0,497,1,0,0,31,34,117
1,284.0,0.0011402508243918419,8361.0,247.89795918367335,12621.0,31.600000381469727,2.7333333492279053,16398.732421875,21.766666412353516,4.400000095367432,4.183333396911621,24.53333282470703,57354.83203125,2653.342857142857,0.7184047698974609,26.87178611755371,110.8,1425.378662109375,2143.71435546875,-0.3081904947757721,1015.8285714285714,0,482,1,0,0,21,21,99
1,312.0,0.0057012541219592094,2508.0,248.7551020408162,15852.0,31.96666717529297,4.083333492279053,23695.19921875,24.5,5.099999904632568,4.383333206176758,25.58333396911621,26617.5,2687.0,0.7281190752983093,26.87178611755371,110.22857142857143,1415.8016357421875,2176.17138671875,-0.3115714192390442,1011.5428571428571,0,482,1,0,0,31,20,111
0,217.0,0.8460661172866821,1182.0,253.10204081632637,13247.5,31.266666412353516,1.7999999523162842,16533.732421875,24.299999237060547,5.099999904632568,4.0333333015441895,23.950000762939453,24045.166015625,2739.0285714285715,0.7348095178604126,26.873332977294922,107.62857142857143,1413.765380859375,2216.742919921875,-0.3338809609413147,1014.0571428571428,0,476,1,1,0,24,35,96
0,129.0,0.5461801886558533,1412.0,268.3061224489794,14119.0,38.91666793823242,3.2833333015441895,17337.25,24.633333206176758,5.099999904632568,4.0333333015441895,28.600000381469727,22175.0,2791.114285714286,0.753261923789978,26.98750114440918,100.45714285714286,1419.95947265625,2304.371337890625,-0.35561904311180115,1029.5142857142857,0,476,1,1,0,24,2,47
1,,0.007981755770742893,2239.0,268.3061224489794,14357.1669921875,31.766666412353516,3.549999952316284,18768.06640625,23.549999237060547,4.599999904632568,4.233333110809326,23.233333587646484,21331.833984375,2809.9142857142856,0.757357120513916,27.02321434020996,98.28571428571429,1418.125,2324.05712890625,-0.3544761836528778,1031.2571428571428,0,476,1,1,0,21,2,
1,346.0,0.0057012541219592094,2621.0,280.16326530612224,16564.333984375,30.450000762939453,2.799999952316284,20181.767578125,24.733333587646484,5.099999904632568,4.050000190734863,26.366666793823242,21827.5,2898.2285714285713,0.7795714139938354,27.15833282470703,91.14285714285714,1419.6273193359375,2466.085693359375,-0.3433571457862854,1045.5428571428572,0,476,1,1,0,41,21,149
0,226.0,0.3226909935474396,1504.0,259.1836734693876,18283.166015625,23.266666412353516,9.016666412353516,22035.43359375,26.200000762939453,5.5,4.083333492279053,45.849998474121094,23748.5,3068.9142857142856,0.7989524006843567,27.127023696899414,92.8,1413.429931640625,2551.428466796875,-0.373285710811615,1042.6285714285714,0,482,1,0,0,21,3,80
1,346.0,0.0,1704.0,271.10204081632634,,,,,,,,,,3161.6857142857143,0.8408333659172058,27.349285125732422,103.65714285714286,1421.2440185546875,2413.914306640625,0.036071427166461945,1045.6571428571428,0,476,1,0,1,34,18,128
0,308.0,0.45724058151245117,1583.0,273.34693877551,13659.6669921875,33.54999923706055,2.4166667461395264,18035.533203125,22.950000762939453,4.599999904632568,4.199999809265137,40.28333282470703,44992.66796875,3148.2285714285713,0.838357150554657,27.29857063293457,104.82857142857142,1421.2281494140625,2397.628662109375,0.1534285843372345,1043.8857142857144,1,476,1,0,1,21,20,112
0,110.0,0.920182466506958,1102.0,277.5918367346937,14721.0,36.61666488647461,4.9666666984558105,16652.0,22.316667556762695,5.0,4.050000190734863,37.0,21385.666015625,3153.1714285714284,0.8227142691612244,26.973928451538086,108.08571428571429,1410.309814453125,2311.45703125,0.37997618317604065,1028.2857142857142,0,476,1,0,1,41,35,45
0,100.0,0.6852907538414001,1080.0,278.26530612244886,12861.6669921875,38.43333435058594,3.0999999046325684,16023.75,22.483333587646484,5.0,3.950000047683716,31.03333282470703,22875.0,3142.8285714285716,0.847428560256958,27.210119247436523,112.62857142857143,1409.8099365234375,2256.485595703125,0.3332619071006775,1029.9142857142858,1,476,1,0,0,31,9,39
0,222.0,0.45610034465789795,5023.0,279.22448979591826,12414.3330078125,38.150001525878906,3.4666666984558105,15425.8837890625,22.399999618530273,4.900000095367432,3.950000047683716,28.700000762939453,22402.833984375,3135.542857142857,0.850928544998169,27.178333282470703,115.45714285714286,1403.7852783203125,2231.085693359375,0.3330952227115631,1024.1714285714286,3,476,1,0,0,21,6,108
0,204.0,0.2360319197177887,2385.0,278.26530612244875,12706.1669921875,35.08333206176758,4.949999809265137,17204.083984375,23.383333206176758,5.5,3.950000047683716,29.950000762939453,21839.166015625,3143.6285714285714,0.8444762229919434,27.09833335876465,118.97142857142858,1403.697265625,2168.800048828125,0.2859285771846771,1018.4285714285714,2,476,1,0,0,42,1,87
0,190.0,0.8187001347541809,1056.0,278.0204081632652,14007.1669921875,37.516666412353516,3.3333332538604736,17076.56640625,26.066667556762695,6.099999904632568,4.150000095367432,34.70000076293945,22902.166015625,3136.7428571428572,0.8308809399604797,26.86297607421875,124.14285714285714,1405.0377197265625,2137.628662109375,0.17752380669116974,1008.4285714285714,0,476,1,0,0,41,12,73
0,225.0,0.8745723962783813,1216.0,277.42857142857133,13948.0,33.78333282470703,5.883333206176758,20529.982421875,24.33333396911621,5.699999809265137,4.133333206176758,38.56666564941406,22129.5,3148.8,0.8266666531562805,26.726070404052734,125.97142857142858,1407.497314453125,2093.45703125,0.107928566634655,1004.9142857142857,1,476,1,0,0,42,10,118
0,132.0,0.91904217004776,1068.0,282.59183673469374,12055.0,35.483333587646484,4.016666889190674,16145.2666015625,21.983333587646484,4.599999904632568,4.0,39.08333206176758,20829.666015625,3148.1428571428573,0.8605952262878418,27.083452224731445,130.62857142857143,1406.4244384765625,2055.0,0.10169047117233276,1009.6571428571428,2,476,1,0,0,41,1,51
1,290.5238566058493,0.433295339345932,1308.0,282.59183673469374,14235.0,34.63333511352539,4.7833333015441895,19011.849609375,23.58333396911621,4.699999809265137,4.083333492279053,35.349998474121094,21033.5,3143.4,0.8603809475898743,27.0526180267334,132.9142857142857,1407.9627685546875,2054.914306640625,0.10588093847036362,1007.7428571428571,2,476,1,0,0,41,18,120
0,91.0,0.9087799191474915,1066.0,287.40816326530603,12083.6669921875,35.849998474121094,4.0,16372.900390625,22.933332443237305,5.099999904632568,4.150000095367432,36.53333282470703,20637.666015625,3164.2285714285713,0.8444762229919434,26.773094177246094,130.4857142857143,1398.746826171875,2073.71435546875,0.10447618365287781,998.1142857142858,0,476,1,0,0,41,33,47
0,117.0,0.8506271243095398,1138.0,294.4897959183671,21752.833984375,33.66666793823242,3.383333444595337,18222.56640625,24.91666603088379,6.099999904632568,4.150000095367432,34.483333587646484,23470.5,3127.3142857142857,0.8594523668289185,26.88249969482422,136.42857142857142,1398.536865234375,2100.6572265625,0.09292857348918915,995.3714285714286,1,476,1,0,0,21,2,46
0,107.0,0.5108323693275452,1652.0,300.7755102040814,13149.3330078125,36.88333511352539,3.0,27469.267578125,24.75,5.5,4.183333396911621,35.900001525878906,23289.333984375,3137.657142857143,0.8559285402297974,26.796667098999023,135.62857142857143,1403.372314453125,2077.742919921875,0.11057143658399582,997.0571428571428,2,476,1,0,0,21,3,46
0,74.0,0.9692132472991943,1025.0,306.1428571428569,13302.6669921875,38.36666488647461,4.9666666984558105,18892.0,23.633333206176758,5.199999809265137,4.099999904632568,36.599998474121094,22369.5,3123.5142857142855,0.8563809394836426,26.765714645385742,139.11428571428573,1401.662841796875,2097.514404296875,0.08116666227579117,994.0,0,476,1,0,0,42,34,38
0,69.0,0.46408209204673767,1162.0,310.12244897959147,12495.3330078125,35.46666717529297,2.683333396911621,15567.6162109375,20.983333587646484,4.300000190734863,4.050000190734863,37.43333435058594,18098.333984375,3104.942857142857,0.9015476107597351,27.245595932006836,142.0,1397.62451171875,2114.71435546875,0.09921427816152573,999.9714285714285,1,476,1,0,0,11,4,29
0,177.0,0.01824401319026947,2007.0,311.14285714285677,12872.1669921875,38.91666793823242,5.2833333015441895,18087.06640625,22.866666793823242,4.900000095367432,4.199999809265137,31.616666793823242,23103.166015625,3107.114285714286,0.907619059085846,27.240238189697266,141.9142857142857,1394.876708984375,2123.82861328125,0.08230951428413391,998.9428571428572,5,476,1,0,0,31,13,68
0,265.0,0.33295324444770813,1655.0,308.3877551020405,12617.6669921875,40.77777862548828,2.461111068725586,16811.126953125,23.322221755981445,5.133333206176758,4.066666603088379,30.955554962158203,20512.943359375,3107.1428571428573,0.9032142758369446,27.17868995666504,140.88571428571427,1393.73193359375,2135.800048828125,0.08185712993144989,998.9428571428572,2,476,1,0,0,21,7,108
0,76.0,0.5393386483192444,1438.0,301.46938775510165,12241.1669921875,33.266666412353516,4.266666889190674,16723.1328125,23.516666412353516,5.199999809265137,4.050000190734863,38.61666488647461,20548.333984375,3066.6285714285714,0.8888571262359619,26.935832977294922,142.62857142857143,1390.5821533203125,2163.571533203125,0.07838094979524612,992.1142857142858,1,476,1,0,0,31,4,33
0,55.0,0.5381984114646912,1181.0,301.20408163265273,12497.8330078125,32.516666412353516,4.666666507720947,16362.93359375,23.33333396911621,5.0,4.050000190734863,40.650001525878906,20744.333984375,3054.5142857142855,0.8895476460456848,26.945594787597656,143.14285714285714,1391.2403564453125,2168.71435546875,0.07571427524089813,993.3142857142857,3,476,1,0,0,42,4,24
0,318.0,0.9384264349937439,1092.0,286.9999999999998,11699.888671875,33.88888931274414,2.855555534362793,15973.35546875,23.994443893432617,4.199999809265137,4.083333492279053,41.96111297607422,22209.33203125,2940.0857142857144,0.919785737991333,27.182619094848633,149.22857142857143,1410.80322265625,2190.257080078125,0.061476197093725204,1002.2571428571429,0,481,1,0,0,31,22,122
0,266.0,0.7023945450782776,1222.0,284.5714285714284,11281.5,36.36666488647461,1.7666666507720947,15876.75,22.100000381469727,4.199999809265137,4.050000190734863,37.983333587646484,19199.166015625,2940.0857142857144,0.919785737991333,27.182619094848633,149.22857142857143,1410.80322265625,2190.257080078125,0.061476197093725204,1002.2571428571429,0,481,1,1,0,31,7,105
0,86.0,0.38768529891967773,2133.0,268.57142857142844,15031.0,30.96666717529297,4.699999809265137,19073.599609375,22.766666412353516,4.800000190734863,4.083333492279053,43.45000076293945,21837.333984375,2795.657142857143,0.9506190419197083,27.20940399169922,133.97142857142856,1403.1378173828125,2257.05712890625,0.14616666734218597,1021.3428571428572,0,481,1,1,0,31,7,38
0,53.0,0.8221208453178406,1433.0,265.5102040816325,13872.3330078125,35.93333435058594,2.200000047683716,19130.833984375,23.883333206176758,5.5,4.150000095367432,36.71666717529297,22487.0,2866.0285714285715,0.9288333058357239,26.81404685974121,121.31428571428572,1393.1431884765625,2297.571533203125,-0.01204763539135456,1022.7428571428571,0,481,1,1,0,21,7,25
0,92.0,0.22120866179466248,1466.0,289.77551020408134,16170.0,30.733333587646484,3.9166667461395264,20655.166015625,24.266666412353516,4.800000190734863,4.050000190734863,42.88333511352539,21076.166015625,2846.8,0.957976222038269,27.20226287841797,126.6,1405.82470703125,2261.54296875,0.04416666552424431,1033.0,4,507,1,1,0,21,21,51
1,277.0,0.4526796042919159,1066.0,302.0408163265303,15821.8330078125,31.83333396911621,2.0166666507720947,18897.0,23.21666717529297,4.599999904632568,4.050000190734863,41.58333206176758,20449.5,2854.4285714285716,0.953166663646698,27.15357208251953,128.62857142857143,1407.9425048828125,2262.94287109375,0.046119049191474915,1031.6857142857143,1,507,1,0,1,31,22,153
