floodable_forests,biomass,sur_cover,quarter_biomass,quarter,ecoreg_biomass,dist,nearest_mature,cec,clay,cfvo,nitro,ocd,ocs,phh2o,sand,soc,mean_soil,mean_vpd,mean_temp,mean_def,mean_srad,mean_pr,mean_pdsi,mean_aet,num_fires,ecoreg,biome,indig,protec,topography,age,sd
1,,0.015963511541485786,267.0,4.0,301.0,32767.0,180.44897959183658,14333.5,26.600000381469727,8.683333396911621,15078.75,20.683332443237305,3.5,5.050000190734863,51.38333511352539,18917.0,3617.114285714286,0.7420714497566223,27.06166648864746,270.0571428571429,1655.07958984375,1601.971435546875,-0.9976666569709778,1042.4571428571428,0,511,1,0,1,24,15,
1,142.0,0.0034207524731755257,267.0,4.0,301.0,32767.0,184.83673469387742,18456.333984375,31.883333206176758,7.233333110809326,18764.81640625,23.28333282470703,3.9000000953674316,5.0,42.79999923706055,28495.166015625,3597.2,0.7440476417541504,26.987262725830078,280.7142857142857,1668.6729736328125,1579.7427978515625,-0.9881904721260071,1039.6571428571428,0,511,1,0,1,34,19,73
1,176.0,0.0,267.0,4.0,230.0,17345.0,203.87755102040802,17607.166015625,30.600000381469727,12.433333396911621,20452.283203125,24.883333206176758,4.400000095367432,4.866666793823242,47.099998474121094,39553.0,3585.9714285714285,0.7473095059394836,27.089643478393555,240.05714285714285,1589.716552734375,1630.17138671875,-1.070357084274292,1038.057142857143,0,467,1,0,0,24,19,71
1,121.0,0.05587229132652283,267.0,4.0,230.0,14878.0,210.93877551020395,17157.0,24.899999618530273,9.983333587646484,18563.716796875,22.950000762939453,4.300000190734863,5.0,49.06666564941406,35720.5,3662.4285714285716,0.7202380895614624,26.898096084594727,221.34285714285716,1560.0399169921875,1700.857177734375,-1.1095714569091797,1030.5142857142857,0,467,1,0,0,31,26,48
1,93.0,0.04332953318953514,267.0,4.0,230.0,7918.0,219.12244897959167,12543.5556640625,27.344444274902344,13.572222709655762,18083.333984375,23.488887786865234,3.799999952316284,4.811110973358154,45.32222366333008,24342.4453125,3642.7714285714287,0.7240714430809021,26.9278564453125,218.05714285714285,1558.71435546875,1716.4285888671875,-1.0967381000518799,1034.8857142857144,0,467,1,0,1,31,11,37
1,79.0,0.0,267.0,4.0,230.0,6668.0,208.59183673469371,15675.5,25.383333206176758,8.300000190734863,18460.80078125,22.616666793823242,4.099999904632568,4.699999809265137,49.21666717529297,26939.5,3549.0285714285715,0.7351190447807312,27.014047622680664,223.2,1575.4466552734375,1694.3714599609375,-1.0940238237380981,1044.942857142857,2,467,1,0,1,34,11,32
1,108.0,0.11174458265304565,267.0,4.0,230.0,3200.0,230.65306122448956,17793.833984375,28.78333282470703,12.683333396911621,17702.06640625,22.33333396911621,4.699999809265137,4.800000190734863,43.150001525878906,33395.33203125,3551.0,0.7171428799629211,26.90761947631836,214.97142857142856,1562.706787109375,1724.971435546875,-1.0844999551773071,1040.2571428571428,1,467,1,0,1,41,6,56
0,261.0,0.5461801886558533,267.0,4.0,283.0,2513.0,235.24489795918345,13768.6669921875,24.655555725097656,10.283333778381348,17292.43359375,23.672222137451172,3.700000047683716,4.650000095367432,50.43888854980469,24652.888671875,3413.714285714286,0.7086666822433472,26.891904830932617,212.4857142857143,1560.530517578125,1751.6856689453125,-1.1073333024978638,1040.8857142857144,0,467,1,0,1,31,13,122
0,,0.015963511541485786,267.0,4.0,230.0,3891.0,226.8367346938774,,,,,,,,,,3347.8571428571427,0.6951904892921448,26.80071449279785,208.17142857142858,1561.927490234375,1779.3428955078125,-1.0414999723434448,1042.7142857142858,0,467,1,0,1,34,23,
0,148.0,0.2565564513206482,267.0,4.0,230.0,2839.0,231.1836734693876,15215.0,24.316667556762695,9.600000381469727,18528.666015625,22.91666603088379,4.099999904632568,4.75,48.849998474121094,29427.666015625,3347.8571428571427,0.6951904892921448,26.80071449279785,208.17142857142858,1561.927490234375,1779.3428955078125,-1.0414999723434448,1042.7142857142858,3,467,1,0,1,21,7,66
0,220.0,0.8871151804924011,267.0,4.0,283.0,1037.0,247.26530612244878,13369.6669921875,26.450000762939453,10.083333015441895,15940.56640625,24.100000381469727,3.700000047683716,4.5,49.599998474121094,19579.0,3272.714285714286,0.6570237874984741,26.522619247436523,206.31428571428572,1559.28125,1794.4857177734375,-0.9825952053070068,1031.5142857142857,0,507,1,0,1,21,30,119
0,122.0,0.8871151804924011,267.0,4.0,283.0,1172.0,239.42857142857122,14921.0,29.649999618530273,10.433333396911621,19549.333984375,26.850000381469727,3.5,4.699999809265137,43.266666412353516,22587.0,3178.6285714285714,0.651619017124176,26.55130958557129,204.17142857142858,1565.5286865234375,1815.142822265625,-1.007428526878357,1036.2,1,507,1,0,1,41,3,66
0,64.0,0.0,267.0,4.0,283.0,3203.0,252.6530612244896,18065.833984375,33.349998474121094,8.449999809265137,21256.833984375,25.633333206176758,4.599999904632568,4.916666507720947,41.63333511352539,33234.66796875,3096.114285714286,0.6490238308906555,26.695594787597656,199.88571428571427,1572.288818359375,1873.5714111328125,-0.9625238180160522,1048.0285714285715,1,467,1,0,1,34,24,32
1,91.0,0.0,267.0,4.0,283.0,2483.0,251.57142857142836,20444.833984375,33.36666488647461,15.550000190734863,20885.18359375,28.016666412353516,5.300000190734863,5.266666889190674,41.95000076293945,40059.16796875,3082.3142857142857,0.6396428346633911,26.6344051361084,195.68571428571428,1572.5689697265625,1901.7142333984375,-0.94435715675354,1048.8,0,467,1,0,1,34,10,38
0,343.0,0.7366020679473877,267.0,4.0,283.0,1105.0,248.3673469387753,11580.1669921875,31.71666717529297,15.399999618530273,17895.232421875,24.03333282470703,4.099999904632568,4.4666666984558105,40.28333282470703,24216.666015625,3074.3714285714286,0.6210238337516785,26.44952392578125,188.85714285714286,1570.53857421875,1957.914306640625,-0.8387143015861511,1046.142857142857,0,507,1,0,1,21,10,135
0,188.0,0.7411630749702454,296.0,1.0,283.0,1134.0,243.04081632653038,14287.6669921875,27.149999618530273,14.699999809265137,19600.69921875,24.149999618530273,4.0,4.699999809265137,43.766666412353516,28828.666015625,3054.2285714285713,0.6160237789154053,26.4375,184.62857142857143,1577.4420166015625,2009.142822265625,-0.7887380719184875,1053.9142857142858,1,507,1,0,1,31,4,99
0,253.0,0.4036487936973572,296.0,1.0,283.0,2203.0,240.34693877551,12073.6669921875,25.266666412353516,13.333333015441895,16981.466796875,23.433332443237305,4.300000190734863,4.550000190734863,50.20000076293945,23362.666015625,3082.885714285714,0.628261923789978,26.539880752563477,186.82857142857142,1581.320556640625,2020.914306640625,-0.7188571095466614,1059.5142857142857,1,507,1,0,1,21,2,112
1,,0.1619156152009964,296.0,1.0,283.0,4024.0,229.1020408163263,19247.0,38.31666564941406,10.149999618530273,21340.732421875,25.049999237060547,5.0,4.900000095367432,33.733333587646484,33112.66796875,3128.9142857142856,0.6364762187004089,26.645475387573242,183.62857142857143,1591.334228515625,2041.4857177734375,-0.6805475950241089,1073.9714285714285,2,507,1,0,1,31,4,
1,143.0,0.33523374795913696,296.0,1.0,283.0,5699.0,239.44897959183655,11613.0,29.883333206176758,7.900000095367432,17938.69921875,25.483333587646484,4.300000190734863,4.75,44.08333206176758,40407.5,3098.457142857143,0.6388571262359619,26.64690399169922,197.11428571428573,1620.8388671875,2024.857177734375,-0.6788333654403687,1079.0,1,507,1,0,1,31,21,69
1,131.0,0.0045610032975673676,296.0,1.0,260.0,6588.0,238.99999999999977,20016.333984375,33.29999923706055,9.649999618530273,31329.966796875,28.21666717529297,5.800000190734863,4.7833333015441895,37.349998474121094,42826.16796875,3248.7714285714287,0.6359047889709473,26.618928909301758,171.9142857142857,1581.811279296875,2169.571533203125,-0.5891904830932617,1080.4857142857143,0,518,1,0,0,31,16,51
0,93.0,0.571265697479248,296.0,1.0,260.0,1735.0,251.81632653061206,12563.3330078125,33.0,11.216666221618652,21752.06640625,22.700000762939453,4.400000095367432,4.550000190734863,48.150001525878906,20525.0,3263.2571428571428,0.6175237894058228,26.4858341217041,172.42857142857142,1586.4420166015625,2168.60009765625,-0.5798095464706421,1075.7142857142858,3,518,1,0,0,21,4,37
0,131.0,0.7913340926170349,296.0,1.0,260.0,1127.0,260.99999999999983,11771.5,29.616666793823242,12.050000190734863,22914.25,25.25,4.199999809265137,4.449999809265137,49.75,21339.0,3329.057142857143,0.610619068145752,26.401071548461914,164.9142857142857,1584.9361572265625,2210.0,-0.5396904945373535,1079.0,0,518,1,0,0,21,5,65
0,87.0,0.6465222239494324,296.0,1.0,260.0,1064.0,271.612244897959,13214.5,31.71666717529297,9.550000190734863,17278.732421875,21.866666793823242,4.400000095367432,4.699999809265137,46.04999923706055,22803.666015625,3260.8571428571427,0.6156190633773804,26.385595321655273,170.71428571428572,1587.8836669921875,2210.8857421875,-0.4819999933242798,1075.8,0,518,1,0,1,41,15,33
0,168.0,0.7787913084030151,296.0,1.0,260.0,1083.0,282.95918367346917,12821.8330078125,33.58333206176758,10.633333206176758,20610.05078125,22.25,4.199999809265137,4.449999809265137,47.04999923706055,21397.166015625,3197.3142857142857,0.6142857074737549,26.38381004333496,167.62857142857143,1587.7818603515625,2263.914306640625,-0.38890475034713745,1080.2857142857142,0,518,1,0,1,31,20,85
0,167.0,0.7628278136253357,296.0,1.0,260.0,1219.0,284.36734693877537,15016.5,36.56666564941406,10.966666221618652,18093.333984375,21.58333396911621,4.400000095367432,4.550000190734863,40.36666488647461,22176.0,3159.542857142857,0.6182143092155457,26.40142822265625,169.4,1589.795166015625,2270.94287109375,-0.3554285764694214,1081.9142857142858,1,518,1,0,1,41,5,84
0,93.0,0.8187001347541809,296.0,1.0,260.0,1041.0,280.3877551020406,16522.888671875,33.82777786254883,11.222222328186035,21443.744140625,22.899999618530273,4.333333492279053,4.722222328186035,36.661109924316406,29418.111328125,3101.8,0.6347857117652893,26.520118713378906,178.74285714285713,1616.1053466796875,2246.82861328125,-0.3413809537887573,1095.5714285714287,0,518,1,0,1,42,4,38
0,148.0,0.3181299865245819,296.0,1.0,260.0,2242.0,278.2244897959181,15432.8330078125,29.149999618530273,10.533333778381348,17931.05078125,21.950000762939453,4.300000190734863,4.599999904632568,49.733333587646484,18694.833984375,3119.5714285714284,0.62628573179245,26.44928550720215,163.82857142857142,1587.17431640625,2343.6572265625,-0.30761903524398804,1090.8,0,518,1,0,0,42,9,56
1,82.0,0.30786773562431335,296.0,1.0,260.0,1400.0,273.26530612244875,13778.6669921875,31.433332443237305,9.066666603088379,19147.43359375,22.200000762939453,4.5,4.550000190734863,45.266666412353516,23123.5,3110.6,0.6209047436714172,26.389881134033203,162.54285714285714,1588.401611328125,2357.228515625,-0.29085713624954224,1090.2571428571428,1,518,1,0,0,41,3,33
0,271.0,0.7662485837936401,296.0,1.0,260.0,1189.0,266.5102040816325,15737.8330078125,29.799999237060547,10.916666984558105,21659.416015625,22.816667556762695,4.599999904632568,4.449999809265137,46.0,28977.0,3071.342857142857,0.6260476112365723,26.379880905151367,157.68571428571428,1591.9105224609375,2434.54296875,-0.23149999976158142,1099.1714285714286,0,518,1,0,0,31,32,135
1,121.92717947014853,0.32041049003601074,296.0,1.0,260.0,1979.0,255.5306122448978,13388.1669921875,32.29999923706055,8.733333587646484,20506.283203125,22.866666793823242,4.599999904632568,4.566666603088379,43.78333282470703,21794.833984375,3063.7714285714287,0.6259999871253967,26.38511848449707,154.37142857142857,1594.69140625,2453.971435546875,-0.17411905527114868,1105.0,1,518,1,0,0,41,9,56
1,90.0,0.6545040011405945,296.0,1.0,260.0,1355.0,254.22448979591817,11299.0,29.41666603088379,7.2833333015441895,16335.2666015625,22.816667556762695,5.099999904632568,4.583333492279053,49.650001525878906,24835.0,3041.5714285714284,0.6239761710166931,26.343570709228516,153.11428571428573,1603.33837890625,2474.17138671875,-0.08073809742927551,1110.5428571428572,0,518,1,0,0,31,8,41
1,184.0,0.41505131125450134,296.0,1.0,260.0,3659.0,249.30612244897935,12135.0,31.433332443237305,8.0,17527.099609375,23.350000381469727,4.900000095367432,4.5,44.83333206176758,27693.0,3022.8571428571427,0.6349285840988159,26.419761657714844,144.97142857142856,1591.521240234375,2568.914306640625,-0.012380954809486866,1117.1142857142856,0,518,1,0,0,31,13,71
0,164.0,0.48232612013816833,296.0,1.0,260.0,3615.0,241.48979591836712,13656.0,31.450000762939453,8.449999809265137,17786.30078125,23.350000381469727,5.099999904632568,4.550000190734863,47.849998474121094,20198.666015625,3022.3142857142857,0.6295714378356934,26.348690032958984,137.25714285714287,1588.3382568359375,2609.3427734375,0.03823808953166008,1120.8857142857144,1,518,1,0,0,31,9,68
1,113.0,0.04675028473138809,296.0,1.0,260.0,7245.0,237.0612244897957,16241.6669921875,29.83333396911621,6.766666889190674,18817.94921875,23.183332443237305,5.0,4.550000190734863,45.5,31022.5,3000.885714285714,0.6398571729660034,26.41619110107422,134.5142857142857,1592.560791015625,2618.257080078125,0.12904761731624603,1130.6571428571428,1,518,1,0,0,31,10,48
1,185.0,0.2234891653060913,296.0,1.0,260.0,6008.0,233.14285714285697,14911.1669921875,31.549999237060547,7.316666603088379,17930.69921875,23.433332443237305,5.099999904632568,4.5,42.63333511352539,28637.166015625,2998.3714285714286,0.6396428346633911,26.399642944335938,127.2,1591.8516845703125,2678.45703125,0.18978571891784668,1137.9142857142858,0,518,1,0,0,41,18,68
1,143.0,0.10490307956933975,296.0,1.0,260.0,8837.0,221.91836734693865,15686.0,32.83333206176758,7.2166666984558105,21592.533203125,25.399999618530273,5.099999904632568,4.583333492279053,43.18333435058594,32014.0,2984.7714285714287,0.6366666555404663,26.377975463867188,130.2,1598.353515625,2648.28564453125,0.20985715091228485,1137.6,1,518,1,0,0,31,19,52
0,193.0,0.624857485294342,296.0,1.0,260.0,2338.0,222.20408163265293,12647.0,33.45000076293945,7.599999904632568,20525.0,24.016666412353516,5.400000095367432,4.5,42.516666412353516,22448.5,2976.9142857142856,0.638619065284729,26.394285202026367,123.57142857142857,1598.4473876953125,2704.6572265625,0.24190475046634674,1145.2285714285715,1,518,1,0,0,42,10,88
0,201.0,0.8643101453781128,296.0,1.0,260.0,1484.0,229.04081632653046,12780.3330078125,32.58333206176758,9.183333396911621,19584.3828125,23.08333396911621,5.099999904632568,4.5,44.25,27942.333984375,2926.7714285714287,0.6375238299369812,26.365238189697266,124.45714285714286,1606.791748046875,2728.94287109375,0.29978570342063904,1147.9714285714285,1,518,1,0,0,42,10,87
1,196.0,0.2428734302520752,296.0,1.0,219.0,2740.0,224.81632653061214,18761.833984375,32.849998474121094,8.133333206176758,22007.900390625,25.46666717529297,5.400000095367432,4.75,39.150001525878906,37762.16796875,2793.7428571428572,0.6370476484298706,26.384048461914062,122.68571428571428,1594.468505859375,2797.314208984375,0.5039286017417908,1143.5714285714287,5,480,1,0,0,42,11,80
0,227.0,0.34207525849342346,296.0,1.0,260.0,2706.0,224.44897959183655,17570.611328125,31.71666717529297,10.094444274902344,23070.732421875,27.61111068725586,5.633333683013916,4.616666793823242,39.155555725097656,35798.22265625,2689.5142857142855,0.6411190629005432,26.411548614501953,132.88571428571427,1601.143310546875,2757.485595703125,0.5773571133613586,1139.2857142857142,0,518,1,0,0,21,21,89
0,133.0,0.5758267045021057,296.0,1.0,260.0,2281.0,220.9795918367345,11155.8330078125,28.66666603088379,9.383333206176758,31017.166015625,24.266666412353516,5.199999809265137,4.550000190734863,46.61666488647461,27832.0,2607.0,0.6438809633255005,26.39642906188965,138.57142857142858,1599.0621337890625,2745.685791015625,0.6261666417121887,1133.2571428571428,0,518,1,0,0,24,3,65
0,175.0,0.9566704630851746,296.0,1.0,260.0,1138.0,217.0204081632651,12515.888671875,30.605554580688477,9.51111125946045,21976.81640625,23.75,4.866666793823242,4.416666507720947,45.983333587646484,28561.27734375,2515.542857142857,0.6462619304656982,26.424047470092773,147.14285714285714,1602.627197265625,2718.228515625,0.686547577381134,1127.6857142857143,0,518,1,0,1,42,21,79
0,179.0,0.771949827671051,296.0,1.0,260.0,1437.0,211.38775510204061,11162.5,33.58333206176758,8.149999618530273,23193.81640625,24.350000381469727,5.099999904632568,4.599999904632568,40.13333511352539,19696.333984375,2427.8,0.6538809537887573,26.470476150512695,155.0857142857143,1609.1019287109375,2690.428466796875,0.7236666679382324,1126.2285714285715,0,518,1,0,1,31,7,67
0,92.0,0.5917901992797852,296.0,1.0,219.0,2331.0,204.51020408163248,10561.5,34.78333282470703,7.099999904632568,18319.1171875,22.83333396911621,5.199999809265137,4.683333396911621,41.849998474121094,24483.166015625,2324.285714285714,0.6645952463150024,26.52511978149414,163.22857142857143,1611.9647216796875,2658.857177734375,0.8239047527313232,1123.942857142857,1,518,1,0,0,21,4,41
0,80.0,0.6773090362548828,296.0,1.0,219.0,6325.0,199.32653061224477,12448.5,29.96666717529297,9.133333206176758,18045.6171875,23.399999618530273,5.199999809265137,4.699999809265137,49.08333206176758,21499.5,2307.6285714285714,0.6749047636985779,26.59642791748047,163.25714285714287,1606.526611328125,2674.1142578125,0.8181904554367065,1125.4,0,518,1,0,0,41,3,29
0,111.0,0.2291904240846634,296.0,1.0,219.0,12329.0,195.7142857142856,18174.333984375,31.700000762939453,9.25,18974.232421875,23.566667556762695,5.699999809265137,4.849999904632568,38.766666412353516,50367.0,2224.057142857143,0.7184761762619019,26.82369041442871,165.34285714285716,1606.844482421875,2706.0,0.8589999675750732,1139.4285714285713,0,480,1,0,0,21,1,43
0,109.0,0.5279361605644226,296.0,1.0,219.0,16244.0,191.7755102040815,11622.1669921875,34.349998474121094,7.4666666984558105,17228.56640625,22.766666412353516,5.199999809265137,4.733333110809326,40.81666564941406,23551.5,2149.6857142857143,0.6908809542655945,26.671310424804688,175.42857142857142,1630.543212890625,2686.28564453125,0.8977619409561157,1131.8,2,480,1,0,0,21,2,39
0,63.0,0.08437856286764145,296.0,1.0,219.0,7143.0,188.9999999999999,12408.5,27.0,8.416666984558105,16213.43359375,24.75,5.0,4.683333396911621,43.5,32641.5,2088.8285714285716,0.7220476269721985,26.837261199951172,167.45714285714286,1612.0474853515625,2741.228515625,0.9032618999481201,1141.2857142857142,2,480,1,0,0,31,1,22
1,48.0,0.010262257419526577,296.0,1.0,219.0,17641.0,185.3061224489795,19291.666015625,33.71666717529297,10.083333015441895,27151.716796875,24.566667556762695,5.300000190734863,4.849999904632568,37.95000076293945,42442.83203125,1987.4,0.7012380957603455,26.712738037109375,189.74285714285713,1671.2886962890625,2698.971435546875,0.9552381038665771,1144.1142857142856,0,480,1,0,0,34,26,22
1,132.0,0.0741163045167923,296.0,1.0,238.0,17042.0,187.85714285714275,16163.5,30.200000762939453,7.7833333015441895,20345.533203125,24.433332443237305,5.599999904632568,4.583333492279053,46.53333282470703,30913.833984375,1750.6857142857143,0.7179999947547913,26.759166717529297,200.65714285714284,1658.6307373046875,2717.028564453125,1.0097142457962036,1131.2571428571428,1,508,1,0,0,21,10,51
1,94.0,0.0,296.0,1.0,238.0,13496.0,191.59183673469377,19799.0,34.91111373901367,11.699999809265137,24920.376953125,23.72222137451172,5.266666412353516,4.683333396911621,38.4555549621582,39120.22265625,1750.6857142857143,0.7179999947547913,26.759166717529297,200.65714285714284,1658.6307373046875,2717.028564453125,1.0097142457962036,1131.2571428571428,0,508,1,0,0,41,22,37
1,178.0,0.7149372696876526,296.0,1.0,238.0,1171.0,197.08163265306106,17117.333984375,34.78333282470703,10.966666221618652,22277.267578125,22.600000381469727,5.099999904632568,4.650000095367432,44.86666488647461,33267.33203125,1616.7142857142858,0.6999523639678955,26.631786346435547,199.8,1681.5731201171875,2719.54296875,1.010095238685608,1136.8857142857144,0,508,1,0,0,41,22,86
1,105.0,0.17217788100242615,296.0,1.0,238.0,11780.0,202.87755102040802,19596.666015625,33.04999923706055,11.050000190734863,23967.333984375,23.450000762939453,5.199999809265137,4.699999809265137,42.63333511352539,40032.5,1506.1142857142856,0.7065714001655579,26.647737503051758,202.0857142857143,1685.674072265625,2704.82861328125,1.0231904983520508,1139.3714285714286,0,508,1,0,0,41,2,39
1,189.0,0.0,296.0,1.0,238.0,7287.0,208.93877551020393,14426.6669921875,32.766666412353516,10.033333778381348,20152.099609375,23.200000762939453,4.800000190734863,4.683333396911621,44.96666717529297,33735.66796875,1539.3714285714286,0.7097142934799194,26.635713577270508,198.0,1673.446044921875,2686.742919921875,0.9787142872810364,1136.5428571428572,1,508,1,0,0,41,24,69
1,201.0,0.0809578076004982,296.0,1.0,238.0,14919.0,216.83673469387745,19029.166015625,30.799999237060547,11.933333396911621,21281.083984375,24.700000762939453,5.099999904632568,4.683333396911621,40.71666717529297,24627.833984375,1471.857142857143,0.717380940914154,26.6584529876709,190.97142857142856,1664.631103515625,2716.8857421875,0.9534047842025757,1138.7142857142858,1,508,1,0,0,21,22,76
1,236.0,0.14481185376644135,296.0,1.0,238.0,9625.0,225.73469387755085,15245.5,33.41666793823242,10.699999809265137,20833.416015625,23.933332443237305,5.199999809265137,4.599999904632568,39.900001525878906,26545.166015625,1461.3714285714286,0.7131666541099548,26.605594635009766,192.45714285714286,1680.0751953125,2691.628662109375,0.9919047355651855,1144.0,0,508,1,0,0,21,29,88
0,205.0,0.3728620409965515,296.0,1.0,238.0,3198.0,233.40816326530594,18007.0,36.07777786254883,9.105555534362793,20370.43359375,25.866666793823242,5.266666889190674,4.650000095367432,44.47222137451172,29702.22265625,1495.942857142857,0.7185714244842529,26.626190185546875,189.22857142857143,1657.1158447265625,2683.914306640625,0.9890952110290527,1136.4571428571428,1,508,1,0,0,21,20,84
0,269.0,0.14709235727787018,296.0,1.0,238.0,2128.0,235.8367346938773,15911.0,33.71666717529297,8.75,21407.833984375,25.58333396911621,5.199999809265137,4.650000095367432,43.78333282470703,27019.666015625,1483.857142857143,0.7057856917381287,26.487619400024414,190.42857142857142,1682.0499267578125,2654.142822265625,1.0118094682693481,1143.0857142857142,0,508,1,0,0,31,24,117
1,89.0,0.026225769892334938,296.0,1.0,238.0,5350.0,235.5306122448977,16436.0,35.5,7.449999809265137,17979.599609375,24.700000762939453,5.300000190734863,4.650000095367432,40.400001525878906,27092.666015625,1516.3142857142857,0.7192381024360657,26.59321403503418,195.68571428571428,1668.9208984375,2606.628662109375,1.0254285335540771,1134.2,4,508,1,0,0,21,24,37
0,265.0,0.758266806602478,296.0,1.0,238.0,4502.0,233.6938775510202,15996.6669921875,38.5,8.100000381469727,27947.19921875,23.350000381469727,5.300000190734863,4.75,40.36666488647461,25383.333984375,1573.5142857142857,0.7089762091636658,26.500951766967773,189.17142857142858,1692.136474609375,2586.8857421875,1.0679285526275635,1147.0,0,508,1,0,0,21,26,105
0,251.0,0.6362599730491638,296.0,1.0,238.0,4865.0,230.9795918367345,16703.666015625,39.21666717529297,8.166666984558105,27461.017578125,23.850000381469727,5.0,4.699999809265137,38.53333282470703,24518.166015625,1682.3714285714286,0.7099523544311523,26.464048385620117,188.97142857142856,1689.6865234375,2541.1142578125,1.0644522905349731,1144.8285714285714,0,508,1,0,0,21,35,96
0,167.0,0.4914481043815613,296.0,1.0,238.0,9699.0,226.12244897959167,14991.6669921875,36.75,8.733333587646484,21007.150390625,23.28333282470703,4.400000095367432,4.599999904632568,36.13333511352539,22214.0,1766.142857142857,0.7155476212501526,26.53285789489746,187.14285714285714,1684.540283203125,2512.54296875,1.0798571109771729,1145.142857142857,0,508,1,0,0,41,9,66
0,165.0,0.12314709275960922,296.0,1.0,238.0,15819.0,217.42857142857125,13384.1669921875,40.20000076293945,8.583333015441895,19293.783203125,23.399999618530273,5.099999904632568,4.666666507720947,37.95000076293945,21199.333984375,1798.7142857142858,0.717547595500946,26.52678680419922,189.05714285714285,1686.251220703125,2495.314208984375,1.0896666049957275,1143.857142857143,1,508,1,0,0,21,12,76
0,119.0,0.11288483440876007,296.0,1.0,238.0,27517.0,209.97959183673447,11498.6669921875,37.88333511352539,8.366666793823242,17752.94921875,22.58333396911621,5.400000095367432,4.699999809265137,35.86666488647461,19061.833984375,1876.7428571428572,0.725928544998169,26.51523780822754,182.6,1669.481201171875,2494.228515625,1.0908809900283813,1141.1714285714286,1,508,1,0,0,31,9,50
0,138.0,0.33409351110458374,296.0,1.0,238.0,32767.0,198.26530612244878,10358.1669921875,41.86666488647461,8.416666984558105,17861.599609375,22.53333282470703,5.099999904632568,4.699999809265137,35.31666564941406,18760.666015625,2017.3142857142857,0.7279762029647827,26.50928497314453,195.85714285714286,1679.4212646484375,2410.028564453125,1.1015475988388062,1132.2,2,508,1,0,0,21,1,58
0,112.0,0.258836954832077,296.0,1.0,238.0,32767.0,191.28571428571414,13914.8330078125,37.96666717529297,8.550000190734863,17324.833984375,23.116666793823242,4.800000190734863,4.800000190734863,35.95000076293945,20614.833984375,2062.8571428571427,0.7236190438270569,26.47357177734375,192.62857142857143,1675.6602783203125,2406.485595703125,1.1044762134552002,1130.7142857142858,4,508,1,0,0,21,2,49
0,77.0,0.27366021275520325,296.0,1.0,238.0,32767.0,185.53061224489778,11844.0,33.41666793823242,8.566666603088379,16491.05078125,22.28333282470703,4.599999904632568,4.983333110809326,39.38333511352539,18618.5,2173.6,0.7287142872810364,26.546428680419922,186.34285714285716,1665.1614990234375,2395.628662109375,1.093071460723877,1131.6571428571428,3,508,1,0,0,21,1,37
0,112.0,0.0,296.0,1.0,238.0,32442.0,179.95918367346923,8419.0,35.650001525878906,10.983333587646484,14583.7666015625,23.100000381469727,4.400000095367432,5.083333492279053,50.03333282470703,20527.0,2261.542857142857,0.7435952425003052,26.606189727783203,186.25714285714287,1649.2264404296875,2376.257080078125,1.0818333625793457,1126.3428571428572,1,508,1,0,0,21,8,50
0,146.0,0.16647662222385406,296.0,1.0,238.0,20842.0,175.877551020408,13324.3330078125,37.31666564941406,10.083333015441895,17115.833984375,22.816667556762695,4.400000095367432,5.050000190734863,41.88333511352539,23774.5,2387.6857142857143,0.7479047775268555,26.513214111328125,190.2,1656.341064453125,2344.914306640625,1.0507856607437134,1123.942857142857,0,508,1,0,0,21,14,58
0,78.461021251294,0.05473203957080841,296.0,1.0,238.0,17095.0,175.04081632653043,11304.0,38.06666564941406,11.483333587646484,14905.6337890625,23.58333396911621,4.199999809265137,5.066666603088379,41.349998474121094,20126.833984375,2513.3714285714286,0.7410476207733154,26.480714797973633,182.85714285714286,1657.575927734375,2360.3427734375,1.103357195854187,1128.2857142857142,0,508,1,0,0,42,16,33
0,93.0,0.02964652143418789,296.0,1.0,238.0,16720.0,173.93877551020387,13035.0,37.31666564941406,12.216666221618652,14753.9833984375,22.91666603088379,4.199999809265137,5.050000190734863,35.766666412353516,31179.333984375,2601.2285714285713,0.7444285750389099,26.517261505126953,181.74285714285713,1660.5296630859375,2354.571533203125,1.1248571872711182,1131.857142857143,2,508,1,0,0,31,6,44
0,99.0,0.006841504946351051,296.0,1.0,238.0,13516.0,178.7346938775508,12542.5,38.86666488647461,15.416666984558105,16649.31640625,22.96666717529297,4.199999809265137,5.066666603088379,38.95000076293945,17965.5,2850.542857142857,0.7375714182853699,26.45940399169922,180.0,1668.1126708984375,2345.39990234375,1.187404751777649,1131.4857142857143,1,508,1,0,0,24,11,40
0,150.0,0.2645381987094879,296.0,1.0,238.0,16166.0,176.51020408163242,11135.6669921875,35.95000076293945,15.449999809265137,16151.650390625,22.049999237060547,4.300000190734863,4.866666793823242,36.36666488647461,16671.166015625,2850.542857142857,0.7375714182853699,26.45940399169922,180.0,1668.1126708984375,2345.39990234375,1.187404751777649,1131.4857142857143,2,508,1,0,0,31,11,67
0,130.0,0.010262257419526577,296.0,1.0,238.0,24902.0,187.46938775510185,10673.0,35.733333587646484,9.433333396911621,19377.1328125,24.433332443237305,4.300000190734863,5.099999904632568,36.41666793823242,23556.333984375,3237.1714285714284,0.7242618799209595,26.3415470123291,174.65714285714284,1676.4010009765625,2325.742919921875,1.1216191053390503,1133.5714285714287,2,508,1,0,0,21,9,54
0,138.0,0.18700113892555237,296.0,1.0,238.0,27878.0,187.46938775510185,10821.8330078125,38.83333206176758,14.583333015441895,17008.3828125,23.0,4.400000095367432,5.0,31.049999237060547,19357.5,3282.285714285714,0.727642834186554,26.388334274291992,176.0857142857143,1686.2449951171875,2326.028564453125,1.1366666555404663,1137.942857142857,0,508,1,0,0,31,32,53
0,69.0,0.0,296.0,1.0,238.0,15468.0,197.57142857142836,13884.0,41.583335876464844,17.77777862548828,17618.81640625,23.0,4.599999904632568,4.866666793823242,28.461111068725586,22268.111328125,3615.4857142857145,0.7095237970352173,26.24464225769043,174.0,1698.350830078125,2318.857177734375,1.0373809337615967,1137.0,1,508,1,1,0,24,9,27
0,98.0,0.2702394425868988,296.0,1.0,238.0,11626.0,200.12244897959164,12869.0,38.28333282470703,14.933333396911621,17748.94921875,23.116666793823242,4.199999809265137,4.800000190734863,32.099998474121094,21086.333984375,3695.6285714285714,0.6993809342384338,26.149404525756836,170.0,1695.171142578125,2332.428466796875,1.0392857789993286,1134.5714285714287,3,508,1,1,0,41,7,40
0,113.0,0.26681870222091675,296.0,1.0,238.0,3833.0,201.75510204081613,11198.5,40.75,8.733333587646484,18226.267578125,24.450000762939453,4.599999904632568,4.816666603088379,32.45000076293945,23649.0,3760.657142857143,0.7075238227844238,26.236785888671875,169.5142857142857,1695.2646484375,2344.571533203125,0.9921904802322388,1137.6571428571428,2,508,1,1,0,21,1,43
0,182.0,0.6522234678268433,296.0,1.0,238.0,5920.0,200.81632653061206,10928.0,36.16666793823242,12.149999618530273,16881.80078125,22.549999237060547,4.300000190734863,4.766666889190674,29.58333396911621,20045.333984375,3970.8,0.7124524116516113,26.261667251586914,169.57142857142858,1713.416259765625,2325.3427734375,0.8357619047164917,1147.0,4,508,1,1,0,41,31,70
0,132.0,0.2622576951980591,296.0,1.0,238.0,13939.0,197.04081632653043,11709.0,36.54999923706055,16.105554580688477,18359.3671875,22.88888931274414,4.333333492279053,4.800000190734863,26.827777862548828,18916.5546875,4065.3714285714286,0.7169047594070435,26.28333282470703,169.62857142857143,1716.8394775390625,2352.8857421875,0.7960476279258728,1148.0,1,508,1,0,0,31,3,64
0,184.0,0.3192702531814575,296.0,1.0,238.0,16086.0,189.55102040816323,9955.5,38.41666793823242,14.333333015441895,15187.56640625,22.316667556762695,4.0,4.800000190734863,30.03333282470703,19252.0,4274.371428571429,0.713785707950592,26.26630973815918,160.05714285714285,1700.4493408203125,2403.94287109375,0.7087380886077881,1143.5142857142857,0,508,1,0,0,31,8,76
0,202.0,0.4458380937576294,296.0,1.0,238.0,5835.0,184.85714285714266,11721.0,33.61666488647461,11.233333587646484,16478.56640625,24.25,4.099999904632568,4.800000190734863,34.75,22368.166015625,4342.4,0.7154285907745361,26.272380828857422,161.02857142857144,1704.23876953125,2405.17138671875,0.6607857346534729,1144.6857142857143,1,508,1,0,0,21,3,90
1,121.0,0.2827822268009186,296.0,1.0,238.0,7989.0,177.51020408163248,10657.111328125,35.38333511352539,18.183334350585938,17872.18359375,22.22222137451172,4.300000190734863,4.800000190734863,38.761112213134766,21354.666015625,4637.771428571428,0.7429524064064026,26.615238189697266,145.8,1659.398681640625,2493.085693359375,0.5211666226387024,1141.7142857142858,0,508,1,0,0,31,31,68
0,127.0,0.1619156152009964,296.0,1.0,238.0,12021.0,171.61224489795902,10815.0,30.100000381469727,14.0,17630.400390625,22.683332443237305,4.199999809265137,4.900000095367432,40.13333511352539,18858.0,4637.771428571428,0.7429524064064026,26.615238189697266,145.8,1659.398681640625,2493.085693359375,0.5211666226387024,1141.7142857142858,2,508,1,0,0,34,9,57
0,127.0,0.02964652143418789,296.0,1.0,238.0,25346.0,164.30612244897938,8598.0,32.36111068725586,15.244444847106934,16059.111328125,21.86111068725586,3.9666666984558105,4.911110877990723,38.91666793823242,19223.77734375,4824.5142857142855,0.7619761824607849,26.558332443237305,148.9142857142857,1656.38330078125,2545.228515625,0.3328095078468323,1136.5142857142857,1,508,1,0,0,41,10,49
0,40.0,0.10262257605791092,296.0,1.0,238.0,26700.0,164.30612244897938,11187.5,27.616666793823242,19.96666717529297,19805.982421875,24.866666793823242,4.400000095367432,4.949999809265137,42.516666412353516,38979.0,4852.685714285714,0.7620952129364014,26.5867862701416,147.94285714285715,1656.4271240234375,2563.142822265625,0.3680238127708435,1137.7428571428572,2,508,1,0,0,21,3,16
0,110.0,0.0,296.0,1.0,238.0,23706.0,153.97959183673456,10067.5,29.08333396911621,24.383333206176758,17222.5,21.983333587646484,4.099999904632568,5.0,39.849998474121094,24485.5,5006.542857142857,0.7762619256973267,26.7358341217041,156.8,1666.774658203125,2605.142822265625,0.22019048035144806,1136.942857142857,9,508,1,0,0,21,7,42
0,70.0,0.49030786752700806,296.0,1.0,238.0,26013.0,150.48979591836718,9544.5,30.133333206176758,15.633333206176758,17513.69921875,22.516666412353516,4.0,4.866666793823242,42.516666412353516,33157.5,5076.342857142857,0.7651190757751465,26.612857818603516,165.02857142857144,1671.826171875,2614.485595703125,0.12659524381160736,1126.2857142857142,1,508,1,0,0,31,2,27
0,104.0,0.05815279483795166,296.0,1.0,238.0,24059.0,150.48979591836718,9509.6669921875,28.100000381469727,13.666666984558105,17471.599609375,21.566667556762695,4.099999904632568,4.900000095367432,41.83333206176758,18837.5,5076.342857142857,0.7651190757751465,26.612857818603516,165.02857142857144,1671.826171875,2614.485595703125,0.12659524381160736,1126.2857142857142,2,508,1,0,0,21,29,47
0,120.0,0.5062713623046875,267.0,4.0,238.0,28137.0,148.91836734693862,11427.888671875,35.05555725097656,18.25,16221.7333984375,22.205556869506836,4.333333492279053,4.811110973358154,42.627777099609375,27019.111328125,5098.571428571428,0.7646190524101257,26.609285354614258,176.02857142857144,1672.361083984375,2607.94287109375,-0.07807143777608871,1114.8285714285714,1,508,1,0,0,31,14,50
0,120.0,0.4104903042316437,267.0,4.0,238.0,18230.0,147.2040816326529,10854.5,31.799999237060547,13.933333396911621,16302.0,20.233333587646484,4.300000190734863,4.916666507720947,40.29999923706055,23350.5,5217.171428571429,0.7703095078468323,26.72833251953125,186.65714285714284,1663.7840576171875,2578.914306640625,-0.07257144153118134,1105.9714285714285,2,508,1,0,0,34,18,46
0,42.0,0.2223489135503769,267.0,4.0,238.0,22557.0,144.4693877551019,11530.5,33.18333435058594,13.383333206176758,15911.6162109375,20.649999618530273,4.099999904632568,4.900000095367432,41.95000076293945,29326.333984375,5197.0,0.7719761729240417,26.745832443237305,191.8,1661.607421875,2561.314208984375,-0.1627618968486786,1099.8,7,508,1,0,0,34,4,16
0,71.0,0.2690992057323456,267.0,4.0,238.0,17958.0,140.95918367346928,12391.6669921875,32.56666564941406,17.350000381469727,18778.81640625,22.08333396911621,4.199999809265137,5.016666889190674,43.099998474121094,20835.166015625,5207.057142857143,0.7761190533638,26.747142791748047,204.4857142857143,1666.561279296875,2510.771484375,-0.27399998903274536,1091.7714285714285,4,508,1,0,1,41,16,30
0,75.0,0.3774230182170868,267.0,4.0,238.0,16963.0,138.71428571428564,11598.8330078125,31.233333587646484,13.233333587646484,17209.916015625,21.766666412353516,4.300000190734863,4.916666507720947,46.150001525878906,20617.0,5208.0,0.7725714445114136,26.73642921447754,217.4,1671.656982421875,2407.971435546875,-0.3597380816936493,1080.4857142857143,0,508,1,0,1,34,5,29
0,,0.0,267.0,4.0,238.0,12794.0,134.69387755102036,16725.0,36.45000076293945,14.116666793823242,17085.30078125,22.483333587646484,4.400000095367432,5.25,36.266666412353516,29991.5,5184.0,0.7965238094329834,26.91797637939453,243.5142857142857,1668.5845947265625,2064.82861328125,-0.45602378249168396,1059.9714285714285,13,508,1,0,1,34,1,
0,69.0,0.5461801886558533,267.0,4.0,238.0,10701.0,130.12244897959178,16741.666015625,37.04999923706055,17.16666603088379,17244.216796875,21.633333206176758,3.700000047683716,5.016666889190674,39.849998474121094,27928.0,5154.0,0.787928581237793,26.73047637939453,257.14285714285717,1684.3409423828125,1989.0,-0.6023571491241455,1046.6571428571428,0,508,1,0,1,34,5,26
0,15.05825642388117,0.6054732203483582,267.0,4.0,238.0,3337.0,122.46938775510203,17357.166015625,30.03333282470703,14.266666412353516,17032.6328125,21.066667556762695,3.700000047683716,5.099999904632568,41.266666412353516,28835.5,5118.571428571428,0.7778333425521851,26.77642822265625,262.77142857142854,1688.578369140625,1890.2857666015625,-0.4952142834663391,1044.6571428571428,2,508,1,0,1,21,6,6
0,46.0,0.6476624608039856,267.0,4.0,238.0,3417.0,119.28571428571422,15743.5556640625,27.55555534362793,16.311111450195312,18444.689453125,21.13888931274414,3.8333334922790527,5.144444465637207,41.88888931274414,25989.333984375,5028.914285714286,0.7756666541099548,26.661666870117188,280.8285714285714,1689.02099609375,1733.199951171875,-0.6633809804916382,1027.5428571428572,3,508,1,0,1,21,5,20
0,40.0,0.6795895099639893,267.0,4.0,238.0,6663.0,114.75510204081625,16844.666015625,28.450000762939453,18.700000762939453,18178.517578125,21.483333587646484,4.099999904632568,5.099999904632568,39.650001525878906,25437.5,4944.314285714286,0.7778809666633606,26.663808822631836,289.22857142857146,1692.091796875,1697.971435546875,-0.7131190299987793,1024.8,4,508,1,0,1,24,5,20
0,37.0,0.4606613516807556,267.0,4.0,238.0,4234.0,113.1632653061224,15673.5,31.149999618530273,15.25,18201.19921875,21.149999618530273,3.5999999046325684,5.066666603088379,42.68333435058594,22851.5,4798.4857142857145,0.7891666889190674,26.76761817932129,297.6,1680.516357421875,1633.199951171875,-0.8137142658233643,1015.2571428571429,3,508,1,0,1,21,2,18
0,84.0,0.8871151804924011,267.0,4.0,238.0,4823.0,113.1632653061224,16931.833984375,32.483333587646484,17.049999237060547,20741.216796875,21.200000762939453,3.799999952316284,5.199999809265137,42.08333206176758,25403.666015625,4773.171428571429,0.7959761619567871,26.716428756713867,301.2,1698.3505859375,1690.1142578125,-0.8955000042915344,1031.7714285714285,0,508,1,0,1,24,11,34
0,,0.15963512659072876,267.0,4.0,170.0,12440.0,113.05128205128197,11597.0,28.5,11.600000381469727,12798.5,18.850000381469727,4.0,5.199999809265137,48.70000076293945,25500.833984375,4508.028571428571,0.8349523544311523,26.980953216552734,337.25714285714287,1754.3062744140625,1651.7142333984375,-1.1150952577590942,1054.7142857142858,0,611,1,0,1,41,3,
0,,0.1288483440876007,267.0,4.0,170.0,25027.0,107.89999999999993,15547.0,34.78333282470703,12.700000762939453,27368.265625,23.794443130493164,4.233333110809326,5.266666889190674,32.4888916015625,28879.0,4380.428571428572,0.8355000019073486,26.9997615814209,347.6,1754.1588134765625,1644.1142578125,-1.1993809938430786,1045.5714285714287,0,611,1,0,1,41,21,
0,26.0,0.09806157648563385,286.0,2.0,285.0,3283.0,290.79591836734664,19673.0,21.350000381469727,3.2333333492279053,34877.1328125,32.71666717529297,7.0,4.75,39.71666717529297,120406.6640625,243.25714285714287,0.5981904864311218,26.252262115478516,1.0571428571428572,1310.765869140625,3382.628662109375,-0.567809522151947,1050.4,0,496,1,0,0,42,10,8
1,104.0,0.04446978494524956,286.0,2.0,248.0,2643.0,236.08163265306104,13588.5,38.25,6.883333206176758,18300.732421875,24.683332443237305,5.0,4.150000095367432,21.799999237060547,60920.66796875,987.7714285714286,0.6218809485435486,26.941429138183594,28.685714285714287,1452.34423828125,2585.39990234375,-0.496095210313797,1117.4857142857143,0,473,1,0,1,21,2,46
0,260.0,0.5735461711883545,286.0,2.0,248.0,1064.0,237.99999999999977,12660.3330078125,38.95000076293945,2.049999952316284,16217.533203125,21.799999237060547,4.599999904632568,4.266666889190674,34.63333511352539,22425.166015625,1594.8285714285714,0.6831190586090088,27.02214241027832,57.42857142857143,1472.2265625,2451.28564453125,-0.21704760193824768,1111.0,0,473,1,0,1,31,26,94
0,289.0,0.4458380937576294,286.0,2.0,248.0,1428.0,238.69387755102022,17429.833984375,40.0,3.933333396911621,18380.849609375,22.983333587646484,4.900000095367432,4.383333206176758,30.733333587646484,28968.5,1693.1714285714286,0.6937142610549927,27.068809509277344,54.74285714285714,1450.27392578125,2478.142822265625,-0.17304761707782745,1103.4,0,473,1,0,1,21,30,106
0,139.0,0.9692132472991943,286.0,2.0,248.0,1051.0,236.99999999999983,10833.5,38.28333282470703,2.5999999046325684,15832.4501953125,20.883333206176758,4.400000095367432,4.199999809265137,38.20000076293945,18821.0,1815.6285714285714,0.6967381238937378,27.046310424804688,61.08571428571429,1451.7529296875,2443.82861328125,-0.03976191580295563,1098.7714285714285,0,511,1,0,1,42,10,66
1,298.7187834957381,0.1345496028661728,286.0,2.0,301.0,2515.0,243.06122448979576,16651.5,32.79999923706055,5.583333492279053,19840.0,22.866666793823242,4.800000190734863,4.483333110809326,26.33333396911621,40411.33203125,1930.6571428571428,0.7110952138900757,27.118213653564453,62.142857142857146,1453.4652099609375,2419.028564453125,0.03185712918639183,1102.3714285714286,0,511,1,0,1,31,27,143
0,266.0,0.6043329238891602,286.0,2.0,301.0,1632.0,268.83673469387736,12058.6669921875,34.70000076293945,4.2833333015441895,16126.466796875,21.816667556762695,4.400000095367432,4.2833333015441895,47.150001525878906,19984.666015625,2313.6,0.7124047875404358,26.818927764892578,59.6,1448.431640625,2435.742919921875,0.28064286708831787,1098.6857142857143,0,511,1,0,0,21,33,129
0,126.0,0.36031925678253174,286.0,2.0,301.0,1494.0,268.83673469387736,12940.22265625,38.85555648803711,4.1777777671813965,15494.2216796875,22.08888816833496,4.333333492279053,4.199999809265137,38.53888702392578,21584.22265625,2328.2571428571428,0.7151428461074829,26.851308822631836,57.714285714285715,1445.497314453125,2450.82861328125,0.26326191425323486,1099.857142857143,1,511,1,0,0,21,20,54
0,255.0,0.45724058151245117,286.0,2.0,301.0,1754.0,269.5510204081631,13403.0,43.599998474121094,8.416666984558105,16317.2666015625,23.549999237060547,4.5,4.266666889190674,39.483333587646484,23616.0,2413.885714285714,0.7175714373588562,26.829761505126953,58.142857142857146,1446.1273193359375,2439.17138671875,0.30635714530944824,1099.4,0,511,1,0,0,21,25,103
0,220.0,0.28620296716690063,286.0,2.0,301.0,1631.0,269.87755102040796,15354.1669921875,39.849998474121094,4.633333206176758,16057.43359375,23.21666717529297,4.400000095367432,4.199999809265137,39.86666488647461,20970.166015625,2463.714285714286,0.7252380847930908,26.865833282470703,57.74285714285714,1448.266845703125,2445.914306640625,0.2945476472377777,1103.1714285714286,0,511,1,0,0,41,28,89
0,237.0,0.4538198411464691,286.0,2.0,301.0,1457.0,270.51020408163254,12509.9443359375,39.85555648803711,5.422222137451172,17197.37109375,23.16666603088379,4.599999904632568,4.2166666984558105,41.849998474121094,23521.4453125,2561.885714285714,0.7265714406967163,26.837976455688477,59.65714285714286,1445.9959716796875,2437.914306640625,0.35961902141571045,1100.0285714285715,0,511,1,0,0,21,28,89
0,225.0,0.4070695638656616,286.0,2.0,271.0,1389.0,296.9999999999999,12700.0,46.25,4.699999809265137,16586.44921875,22.25,4.900000095367432,4.183333396911621,33.150001525878906,35484.5,3156.5714285714284,0.7978571653366089,27.35845184326172,91.57142857142857,1462.346435546875,2199.3427734375,0.3320952355861664,1100.4571428571428,0,482,1,0,0,31,2,88
0,157.0,0.4937286078929901,286.0,2.0,271.0,1169.0,291.4965986394164,12273.1669921875,45.64444351196289,3.2666666507720947,18010.705078125,21.877777099609375,4.733333587646484,4.433333396911621,28.594444274902344,19389.333984375,3250.6857142857143,0.8011666536331177,27.33785629272461,92.08571428571429,1458.8275146484375,2212.60009765625,0.35254761576652527,1098.4571428571428,1,482,1,0,0,41,4,67
0,176.0,0.39452680945396423,286.0,2.0,271.0,1559.0,291.7142857142855,11475.5556640625,46.28333282470703,1.75,16450.728515625,22.016666412353516,4.633333206176758,4.394444465637207,32.011112213134766,21535.833984375,3261.1428571428573,0.8078571557998657,27.4233341217041,92.8,1459.76171875,2203.228515625,0.3567380905151367,1100.3714285714286,2,482,1,0,0,31,3,73
1,315.0,0.19270239770412445,286.0,2.0,271.0,2402.0,290.91836734693857,11399.3330078125,38.08333206176758,4.800000190734863,16917.06640625,23.149999618530273,5.599999904632568,4.199999809265137,25.950000762939453,23144.5,3394.0285714285715,0.8168571591377258,27.47273826599121,97.97142857142858,1466.522705078125,2191.571533203125,0.3645952343940735,1101.6285714285714,0,482,1,0,1,41,20,119
1,150.0,0.18129988014698029,286.0,2.0,271.0,1530.0,287.4489795918366,,,,,,,,,20483.833984375,3533.542857142857,0.8239762187004089,27.491785049438477,102.6,1472.0274658203125,2178.228515625,0.39657142758369446,1102.4571428571428,0,482,1,0,1,31,2,56
1,345.0,0.3717217743396759,296.0,1.0,271.0,1266.0,282.612244897959,15314.888671875,41.06111145019531,2.2833333015441895,21842.400390625,21.94444465637207,4.800000190734863,4.327777862548828,32.31666564941406,35304.66796875,3602.714285714286,0.815595269203186,27.359167098999023,102.77142857142857,1468.8497314453125,2199.8857421875,0.37190476059913635,1098.4857142857143,0,511,1,0,1,41,17,172
1,189.0,0.3363740146160126,296.0,1.0,271.0,1342.0,269.7755102040815,10967.0,33.983333587646484,2.433333396911621,16160.966796875,22.516666412353516,4.800000190734863,4.199999809265137,47.03333282470703,36411.33203125,3688.7428571428572,0.8291666507720947,27.475000381469727,122.02857142857142,1483.5189208984375,2150.628662109375,0.3476428687572479,1095.142857142857,0,482,1,0,0,31,26,69
0,345.0,0.6590650081634521,296.0,3.0,271.0,2132.0,267.8571428571427,13639.3330078125,38.29999923706055,4.099999904632568,19418.517578125,21.71666717529297,4.599999904632568,4.199999809265137,40.099998474121094,22064.166015625,3682.942857142857,0.842380940914154,27.584047317504883,121.51428571428572,1474.6163330078125,2149.05712890625,0.357785701751709,1094.2285714285715,0,482,1,0,0,21,28,129
0,357.0,0.9099201560020447,296.0,1.0,301.0,1150.0,276.1020408163264,11105.1669921875,35.13333511352539,3.049999952316284,17220.3828125,22.5,4.300000190734863,4.183333396911621,45.849998474121094,19116.833984375,3700.942857142857,0.7919285893440247,27.20702362060547,121.28571428571429,1498.6505126953125,2261.085693359375,0.23235715925693512,1096.4571428571428,0,511,1,0,0,31,34,193
0,125.0,0.7970353364944458,296.0,1.0,301.0,1069.0,269.9183673469385,8895.0,37.46666717529297,2.0999999046325684,16990.30078125,21.71666717529297,4.099999904632568,4.166666507720947,44.03333282470703,20019.666015625,3661.714285714286,0.7925952076911926,27.24380874633789,121.25714285714285,1495.838134765625,2269.514404296875,0.23035714030265808,1095.6285714285714,0,511,1,0,0,41,16,68
0,190.0,0.5108323693275452,296.0,1.0,301.0,1105.0,269.1224489795916,10814.1669921875,36.233333587646484,1.5,17168.30078125,23.16666603088379,4.300000190734863,4.25,48.983333587646484,17639.666015625,3675.9142857142856,0.8023333549499512,27.401309967041016,122.4,1510.7589111328125,2322.514404296875,0.18623808026313782,1108.4,0,511,1,0,0,21,8,103
1,96.0,0.10946407914161682,296.0,3.0,301.0,1536.0,266.8367346938773,12602.2216796875,34.0555534362793,4.400000095367432,17714.94921875,22.294445037841797,4.733333587646484,4.5333333015441895,35.38333511352539,21447.0546875,3529.1714285714284,0.7997857332229614,27.44416618347168,124.11428571428571,1513.1976318359375,2337.199951171875,0.16199998557567596,1108.0,0,511,1,0,0,41,3,52
0,,0.1482326090335846,296.0,1.0,301.0,1604.0,263.85714285714266,14168.3330078125,34.29999923706055,4.416666507720947,18098.6171875,21.516666412353516,4.599999904632568,4.5,42.43333435058594,22233.166015625,3554.342857142857,0.8031190633773804,27.49380874633789,123.42857142857143,1515.5211181640625,2377.514404296875,0.12433332204818726,1111.6571428571428,0,511,1,0,0,41,2,
0,331.0,0.5689851641654968,296.0,1.0,301.0,1073.0,265.4897959183671,11891.5556640625,39.61111068725586,2.6277778148651123,19404.505859375,23.21666717529297,4.733333110809326,4.233333110809326,39.10555648803711,21036.5546875,3604.457142857143,0.7997857332229614,27.476070404052734,120.34285714285714,1513.062255859375,2412.3427734375,0.08661903440952301,1112.4857142857143,0,511,1,0,0,31,25,141
0,157.0,0.5017103552818298,296.0,1.0,271.0,2240.0,246.0204081632651,13318.6669921875,37.75555419921875,2.450000047683716,19711.416015625,23.061111450195312,4.933333396911621,4.099999904632568,44.82221984863281,21965.333984375,3293.285714285714,0.7862619161605835,27.432857513427734,129.45714285714286,1508.9342041015625,2438.371337890625,0.020809533074498177,1098.2857142857142,1,482,1,0,0,31,7,64
0,125.0,0.1961231529712677,296.0,1.0,271.0,6767.0,240.08163265306104,10288.6669921875,35.266666412353516,3.0,17935.283203125,22.366666793823242,4.5,4.099999904632568,51.83333206176758,18876.5,3312.1714285714284,0.786976158618927,27.376785278320312,140.9142857142857,1527.794921875,2391.1142578125,-0.032976169139146805,1097.0857142857142,1,482,1,0,0,31,31,54
1,168.0,0.07753705978393555,296.0,1.0,293.0,3566.0,232.51020408163248,13158.1669921875,33.66666793823242,3.7333333492279053,18988.099609375,21.66666603088379,5.699999809265137,4.433333396911621,49.13333511352539,22024.333984375,3351.6285714285714,0.8183809518814087,27.601070404052734,144.31428571428572,1507.5826416015625,2412.199951171875,-0.0993095263838768,1091.6571428571428,0,482,1,0,0,31,16,72
0,146.0,0.3375142514705658,296.0,1.0,293.0,2585.0,227.30612244897944,9615.3330078125,32.53333282470703,4.0,16656.966796875,24.08333396911621,4.900000095367432,4.400000095367432,49.63333511352539,25248.333984375,3206.0,0.8244524002075195,27.669523239135742,159.31428571428572,1531.0189208984375,2338.371337890625,-0.14626191556453705,1092.7714285714285,1,476,1,0,0,31,19,79
1,88.0,0.0,296.0,1.0,293.0,7400.0,221.26530612244883,,,,,,,,,,3170.0,0.8363809585571289,27.76226234436035,165.68571428571428,1547.1995849609375,2298.6572265625,-0.17040474712848663,1099.7714285714285,0,476,1,0,0,21,1,36
1,108.0,0.0,296.0,1.0,293.0,17682.0,221.2653061224488,17143.5,32.36666488647461,6.75,20485.5,22.71666717529297,4.699999809265137,4.900000095367432,41.96666717529297,43474.0,3190.8,0.8413571119308472,27.75321388244629,176.5142857142857,1591.774169921875,2249.1142578125,-0.2152380794286728,1118.1142857142856,0,476,1,0,0,34,1,57
0,,0.0,296.0,1.0,293.0,12704.0,219.30612244897947,,,,,,,,,,3258.1428571428573,0.8357381224632263,27.683570861816406,191.5142857142857,1606.2230224609375,2124.857177734375,-0.2402857095003128,1110.2,0,476,1,0,0,24,1,
0,65.0,0.0,296.0,1.0,293.0,11075.0,221.08163265306106,,,,,,,,,,3317.9142857142856,0.838952362537384,27.686309814453125,169.74285714285713,1548.4368896484375,2151.199951171875,-0.2224999964237213,1098.1142857142856,0,476,1,0,0,34,4,32
0,111.0,0.3648802638053894,296.0,1.0,293.0,12177.0,225.14285714285697,11765.3330078125,28.383333206176758,2.5333333015441895,16747.93359375,22.733333587646484,3.799999952316284,4.300000190734863,56.29999923706055,18164.0,3458.285714285714,0.7990952134132385,27.376310348510742,169.5142857142857,1548.42333984375,2119.3427734375,-0.1853095293045044,1087.2,0,476,1,0,0,34,32,45
1,160.0,0.09806157648563385,296.0,1.0,293.0,10918.0,227.20408163265287,12236.3330078125,25.33333396911621,3.200000047683716,15316.9169921875,23.950000762939453,4.599999904632568,4.599999904632568,54.28333282470703,23761.0,3478.1714285714284,0.7985714077949524,27.361665725708008,179.97142857142856,1575.6483154296875,2070.6572265625,-0.21299999952316284,1094.857142857143,0,476,1,0,0,31,22,68
1,101.0,0.34891676902770996,296.0,1.0,293.0,6823.0,227.83673469387736,12851.5,26.33333396911621,3.9166667461395264,17469.333984375,22.866666793823242,4.199999809265137,4.5,56.11666488647461,20896.666015625,3504.114285714286,0.8069999814033508,27.438810348510742,182.37142857142857,1580.833251953125,2042.3143310546875,-0.19761903584003448,1098.4571428571428,1,476,1,0,0,41,18,51
0,107.0,0.0,296.0,1.0,293.0,10622.0,227.1224489795916,16522.833984375,24.21666717529297,3.2666666507720947,15544.0830078125,21.566667556762695,4.599999904632568,4.599999904632568,48.58333206176758,27142.0,3573.4857142857145,0.8160238265991211,27.516189575195312,172.77142857142857,1550.6683349609375,2025.3428955078125,-0.22942857444286346,1093.1714285714286,0,476,1,0,0,21,7,49
0,,0.0,296.0,1.0,271.0,16354.0,219.57142857142833,16636.5546875,30.961111068725586,5.633333206176758,19010.533203125,24.905555725097656,4.400000095367432,5.144444465637207,36.411109924316406,35462.109375,3677.2571428571428,0.8263571262359619,27.59345245361328,175.17142857142858,1551.7552490234375,1993.3428955078125,-0.21716666221618652,1095.2285714285715,0,482,1,0,0,34,3,
0,,0.0,296.0,1.0,271.0,17454.0,207.816326530612,19602.333984375,24.950000762939453,4.9666666984558105,17239.666015625,22.633333206176758,4.5,5.0,38.66666793823242,28279.666015625,3732.8,0.8234999775886536,27.580833435058594,180.02857142857144,1548.852294921875,1965.5142822265625,-0.22021429240703583,1088.7142857142858,0,482,1,0,0,24,3,
0,37.0,0.0,296.0,1.0,271.0,20023.0,196.02040816326505,18389.5,29.91666603088379,6.449999809265137,19006.900390625,24.616666793823242,4.199999809265137,5.300000190734863,36.41666793823242,34232.5,3791.5142857142855,0.8097380995750427,27.50773811340332,184.02857142857144,1555.346435546875,1943.7427978515625,-0.19707143306732178,1085.0857142857142,0,482,1,0,0,24,3,22
0,136.0,0.298745721578598,267.0,4.0,271.0,30034.0,165.85714285714283,15191.4443359375,26.038888931274414,8.649999618530273,16137.4228515625,22.677778244018555,3.5,4.627777576446533,46.911109924316406,28736.720703125,3757.6285714285714,0.696404755115509,26.93297576904297,214.94285714285715,1612.657958984375,1861.82861328125,-0.4129285514354706,1058.0285714285715,0,482,1,0,0,21,10,62
0,158.0,0.48232612013816833,267.0,4.0,271.0,31108.0,168.1224489795918,16337.3330078125,29.200000762939453,7.383333206176758,17893.517578125,23.733333587646484,3.700000047683716,4.599999904632568,45.349998474121094,21174.333984375,3757.6285714285714,0.696404755115509,26.93297576904297,214.94285714285715,1612.657958984375,1861.82861328125,-0.4129285514354706,1058.0285714285715,1,482,1,0,0,24,29,73
0,96.0,0.0,267.0,4.0,271.0,32767.0,168.7142857142857,15085.0,23.91666603088379,8.333333015441895,17227.8828125,21.71666717529297,3.4000000953674316,4.599999904632568,49.61666488647461,29796.833984375,3691.457142857143,0.7085475921630859,27.037975311279297,228.0,1620.6541748046875,1820.228515625,-0.5338571667671204,1054.4857142857143,0,482,1,0,0,21,11,41
0,19.0,0.0,267.0,4.0,230.0,23277.0,166.22448979591832,19691.0,25.294445037841797,7.416666507720947,18977.25,22.488889694213867,3.933333396911621,5.111111164093018,38.78333282470703,29248.0,3740.342857142857,0.7114285826683044,27.072738647460938,235.14285714285714,1623.803466796875,1726.085693359375,-0.55352383852005,1050.1142857142856,0,467,1,0,0,34,5,9
0,6.0,0.0,267.0,4.0,230.0,19975.0,163.75510204081627,18964.0,28.816667556762695,7.050000190734863,17917.05078125,21.616666793823242,4.599999904632568,5.233333110809326,37.28333282470703,32040.5,3694.3714285714286,0.7043809294700623,27.034761428833008,245.97142857142856,1659.7034912109375,1693.8857421875,-0.6216190457344055,1058.6285714285714,0,467,1,0,0,34,3,2
1,138.0,0.0,267.0,4.0,230.0,24927.0,170.5918367346938,21977.166015625,26.08333396911621,7.316666603088379,20920.3671875,25.450000762939453,5.199999809265137,5.099999904632568,42.83333206176758,30312.833984375,3790.1714285714284,0.6913809776306152,26.912261962890625,217.45714285714286,1576.2081298828125,1826.6856689453125,-0.828761875629425,1032.8285714285714,0,511,1,0,0,34,15,57
1,77.0,0.0877993181347847,267.0,4.0,230.0,28963.0,173.7755102040815,13810.0,21.799999237060547,9.033333778381348,15132.3837890625,21.83333396911621,3.5999999046325684,4.816666603088379,56.483333587646484,19466.666015625,3716.057142857143,0.6932619214057922,26.87690544128418,220.45714285714286,1568.354248046875,1822.5428466796875,-0.8836904764175415,1024.7142857142858,0,467,1,0,0,31,9,33
1,142.0,0.0,267.0,4.0,230.0,31165.0,178.44897959183658,18056.166015625,29.483333587646484,8.433333396911621,19318.1328125,22.299999237060547,4.099999904632568,4.883333206176758,42.41666793823242,31769.333984375,3698.657142857143,0.7000714540481567,26.933691024780273,225.71428571428572,1579.9432373046875,1788.5714111328125,-0.9049285650253296,1029.1142857142856,0,467,1,0,0,21,27,62
1,111.0,0.0,267.0,4.0,230.0,32767.0,177.22448979591823,13955.6669921875,25.21666717529297,7.433333396911621,16133.533203125,22.183332443237305,3.799999952316284,4.800000190734863,46.400001525878906,17681.0,3772.1714285714284,0.7174524068832397,26.97142791748047,233.42857142857142,1579.645263671875,1741.142822265625,-0.9041428565979004,1026.7142857142858,1,511,1,0,1,24,25,55
0,11.0,0.0,267.0,4.0,301.0,32767.0,180.44897959183658,18747.0,32.56666564941406,12.133333206176758,18495.900390625,20.233333587646484,3.9000000953674316,5.199999809265137,35.83333206176758,20808.666015625,3608.542857142857,0.7226904630661011,27.0002384185791,264.57142857142856,1663.024169921875,1615.05712890625,-0.977904736995697,1046.6285714285714,1,511,1,0,1,34,4,6
0,,0.0,267.0,4.0,301.0,29485.0,190.99999999999986,17922.666015625,29.566667556762695,12.066666603088379,20184.5,24.483333587646484,4.300000190734863,5.416666507720947,38.75,56759.83203125,3566.6857142857143,0.7174999713897705,26.979761123657227,266.4,1688.093994140625,1595.085693359375,-1.0115238428115845,1058.1142857142856,0,511,1,0,1,24,25,
0,14.0,0.0,267.0,4.0,230.0,22374.0,196.89795918367332,17478.833984375,30.933332443237305,7.800000190734863,21145.267578125,23.03333282470703,4.300000190734863,5.150000095367432,40.599998474121094,25518.333984375,3643.885714285714,0.7195237874984741,26.979761123657227,255.25714285714287,1631.031982421875,1634.7427978515625,-1.038690447807312,1036.2571428571428,1,511,1,0,0,34,5,5
0,,0.0,267.0,4.0,230.0,22013.0,203.5510204081631,,,,,,,,,,3625.114285714286,0.7221904993057251,26.99226188659668,257.1714285714286,1634.848388671875,1623.4000244140625,-1.0532857179641724,1038.1142857142856,2,467,1,0,0,34,3,
1,156.0,0.011402508243918419,267.0,4.0,230.0,12045.0,211.77551020408148,16859.5,25.616666793823242,10.033333778381348,16404.267578125,21.733333587646484,4.099999904632568,4.699999809265137,45.75,24148.0,3713.0857142857144,0.7197619080543518,26.94095230102539,222.0857142857143,1556.7242431640625,1698.085693359375,-1.093928575515747,1027.4285714285713,0,467,1,0,0,31,13,69
0,79.0,0.3568985164165497,267.0,4.0,230.0,6714.0,219.69387755102025,12146.8330078125,22.33333396911621,6.449999809265137,16324.81640625,23.816667556762695,3.5,4.566666603088379,50.96666717529297,22342.333984375,3713.885714285714,0.6935952305793762,26.723451614379883,221.17142857142858,1558.625732421875,1700.82861328125,-1.0850000381469727,1019.8571428571429,3,467,1,0,0,31,13,32
1,127.0,0.030786773189902306,267.0,4.0,230.0,11455.0,228.22448979591823,14664.1669921875,24.41666603088379,8.416666984558105,19271.69921875,24.733333587646484,3.700000047683716,4.800000190734863,47.016666412353516,27544.5,3662.657142857143,0.72730952501297,26.96904754638672,225.14285714285714,1563.0531005859375,1691.5999755859375,-1.1181191205978394,1031.057142857143,0,467,1,0,0,21,23,60
0,45.0,0.1562143713235855,267.0,4.0,283.0,2705.0,236.71428571428552,14226.3330078125,36.33333206176758,10.633333206176758,19477.56640625,25.016666412353516,3.5,4.766666889190674,40.650001525878906,23100.666015625,3624.5714285714284,0.696142852306366,26.680118560791016,217.4857142857143,1560.94580078125,1706.05712890625,-1.0690475702285767,1026.5714285714287,0,467,1,0,1,31,4,18
0,144.0,0.09692132472991943,267.0,4.0,283.0,2000.0,243.89795918367327,14956.0,28.683332443237305,9.683333396911621,17655.06640625,24.766666412353516,3.5,4.699999809265137,49.41666793823242,23122.333984375,3553.1714285714284,0.6958571672439575,26.756786346435547,215.42857142857142,1559.045654296875,1724.199951171875,-1.058571457862854,1030.3142857142857,0,507,1,0,1,31,5,57
0,227.0,0.6271379590034485,267.0,4.0,283.0,1447.0,230.65306122448956,12872.3330078125,24.933332443237305,11.0,17469.8671875,24.883333206176758,3.799999952316284,4.7166666984558105,47.58333206176758,21017.5,3550.457142857143,0.7069523930549622,26.839643478393555,215.88571428571427,1562.6446533203125,1721.4000244140625,-1.0786190032958984,1036.057142857143,1,507,1,0,1,42,11,107
0,200.0,0.6567844748497009,267.0,4.0,283.0,1202.0,235.24489795918345,14789.0,26.83333396911621,11.5,17308.533203125,24.0,3.9000000953674316,4.599999904632568,47.21666717529297,24769.833984375,3437.714285714286,0.6959999799728394,26.799524307250977,209.17142857142858,1555.0194091796875,1755.4000244140625,-1.087142825126648,1036.4857142857143,0,467,1,0,1,31,6,85
0,147.0,0.3112884759902954,267.0,4.0,283.0,1654.0,256.24489795918345,15924.0,25.399999618530273,11.416666984558105,22467.966796875,24.116666793823242,4.800000190734863,4.599999904632568,45.233333587646484,30182.833984375,3416.342857142857,0.6867856979370117,26.72083282470703,210.8,1557.026123046875,1751.6856689453125,-1.0673809051513672,1032.7714285714285,0,507,1,0,1,31,1,69
0,255.0,0.9452679753303528,267.0,4.0,283.0,1030.0,243.4081632653059,16716.5,28.066667556762695,9.983333587646484,18288.083984375,26.25,3.9000000953674316,4.599999904632568,46.95000076293945,23830.666015625,3335.657142857143,0.6697381138801575,26.600238800048828,208.54285714285714,1563.4813232421875,1769.17138671875,-1.0111666917800903,1034.5714285714287,0,507,1,0,1,41,8,139
0,,0.0,267.0,4.0,283.0,2354.0,261.8979591836732,21877.333984375,33.516666412353516,10.933333396911621,21116.283203125,26.899999618530273,4.5,5.0,36.400001525878906,30427.0,3172.2,0.6445000171661377,26.600000381469727,201.68571428571428,1562.3050537109375,1838.800048828125,-0.9645952582359314,1036.6571428571428,0,507,1,0,1,34,17,
0,14.0,0.0,267.0,4.0,283.0,2938.0,262.0204081632651,18919.0,27.88888931274414,9.266666412353516,21896.234375,26.19999885559082,4.9666666984558105,4.9666666984558105,40.588890075683594,35275.890625,3141.0666666666266,0.6418253779411316,26.575119018554688,202.1904761905094,1566.03076171875,1850.79052734375,-0.966698408126831,1037.390476190465,1,507,1,0,1,34,20,7
0,82.0,0.8802736401557922,267.0,4.0,283.0,1096.0,261.32653061224465,14837.3330078125,26.96666717529297,12.083333015441895,18078.466796875,25.799999237060547,4.199999809265137,4.599999904632568,49.54999923706055,23183.0,3133.0,0.6256904602050781,26.403690338134766,200.9142857142857,1566.3238525390625,1867.142822265625,-0.9414047598838806,1032.057142857143,0,507,1,0,1,21,4,43
0,402.0,0.8745723962783813,267.0,4.0,283.0,1056.0,259.081632653061,12933.3330078125,29.16666603088379,14.5,17511.400390625,25.316667556762695,3.799999952316284,4.349999904632568,44.86666488647461,23532.0,3110.2,0.6175237894058228,26.351667404174805,190.02857142857144,1560.9393310546875,1938.5714111328125,-0.8590238094329834,1036.8,0,507,1,0,1,21,5,212
1,154.41511777274636,0.2622576951980591,267.0,4.0,283.0,2545.0,254.65306122448956,14025.6669921875,28.96666717529297,7.566666603088379,17712.56640625,24.183332443237305,4.400000095367432,4.5,49.400001525878906,44031.16796875,3048.8571428571427,0.6337143182754517,26.550357818603516,192.57142857142858,1569.9508056640625,1976.17138671875,-0.7459762096405029,1047.6857142857143,2,507,1,0,1,41,11,61
0,223.0,0.7753705978393555,296.0,1.0,283.0,1277.0,251.30612244897938,11905.5,30.46666717529297,11.716666221618652,17068.18359375,23.0,3.9000000953674316,4.5,45.56666564941406,20024.5,3098.714285714286,0.6196428537368774,26.445119857788086,184.02857142857144,1571.2266845703125,2028.028564453125,-0.6770238280296326,1052.7142857142858,1,507,1,0,1,41,14,116
0,152.0,0.18586088716983795,296.0,1.0,283.0,2118.0,248.44897959183655,11283.3330078125,28.933332443237305,13.666666984558105,16003.466796875,22.91666603088379,4.099999904632568,4.816666603088379,47.099998474121094,21110.666015625,3113.3714285714286,0.6203571557998657,26.463571548461914,183.85714285714286,1571.3507080078125,2031.971435546875,-0.6433809399604797,1054.5428571428572,1,507,1,0,1,31,3,59
0,258.0,0.35461801290512085,296.0,1.0,283.0,1916.0,248.877551020408,11932.0,32.70000076293945,9.75,18178.30078125,23.78333282470703,4.099999904632568,4.650000095367432,43.266666412353516,22551.5,3090.1428571428573,0.6303333044052124,26.532381057739258,197.85714285714286,1602.633056640625,2006.1142578125,-0.5783095359802246,1062.4571428571428,2,507,1,0,1,21,4,115
1,221.0,0.21892815828323364,296.0,1.0,283.0,2400.0,244.5102040816325,,37.28333282470703,8.016666412353516,,24.799999237060547,5.099999904632568,4.650000095367432,35.91666793823242,,3201.0285714285715,0.6455000042915344,26.671308517456055,179.45714285714286,1580.4698486328125,2136.628662109375,-0.567809522151947,1075.057142857143,0,507,1,0,0,31,15,84
0,154.0,0.33523374795913696,296.0,1.0,283.0,2010.0,257.9591836734693,15158.3330078125,30.91666603088379,7.683333396911621,17604.19921875,21.116666793823242,4.099999904632568,4.550000190734863,48.56666564941406,23946.333984375,3244.542857142857,0.6182857155799866,26.44928550720215,175.42857142857142,1587.6282958984375,2162.485595703125,-0.5275475978851318,1072.5714285714287,0,518,1,0,0,21,8,69
0,65.0,0.48916763067245483,296.0,1.0,260.0,2081.0,265.1836734693876,13464.0,25.766666412353516,7.849999904632568,18052.349609375,21.299999237060547,4.300000190734863,4.616666793823242,53.56666564941406,21414.166015625,3249.114285714286,0.6259523630142212,26.481786727905273,170.34285714285716,1576.4886474609375,2197.742919921875,-0.4869285821914673,1074.2857142857142,0,518,1,0,0,41,13,25
1,48.0,0.2371721714735031,296.0,1.0,260.0,1769.0,274.04081632653043,13227.7783203125,26.572221755981445,9.388888359069824,17388.439453125,21.794445037841797,4.233333587646484,4.699999809265137,53.55000305175781,22680.5,3234.276190476303,0.6236666440963745,26.451866149902344,171.84761904760762,1579.127685546875,2196.142822265625,-0.474103182554245,1072.9904761904859,0,518,1,0,1,34,13,18
0,226.0,0.5997719764709473,296.0,1.0,260.0,1183.0,287.28571428571405,13187.1669921875,35.58333206176758,9.25,16530.599609375,22.433332443237305,4.199999809265137,4.4666666984558105,44.849998474121094,19257.0,3135.114285714286,0.6254761815071106,26.431428909301758,167.42857142857142,1581.740478515625,2306.17138671875,-0.33321428298950195,1081.4,0,518,1,0,1,41,25,114
0,125.0,0.7765108346939087,296.0,1.0,260.0,1123.0,282.36734693877526,11217.6669921875,35.099998474121094,9.300000190734863,16832.56640625,23.149999618530273,4.5,4.5,44.71666717529297,22176.666015625,3153.542857142857,0.6223571300506592,26.40035629272461,165.45714285714286,1586.4993896484375,2291.428466796875,-0.33995237946510315,1085.142857142857,0,518,1,0,1,31,25,44
0,192.0,0.3500570058822632,296.0,1.0,260.0,1417.0,282.24489795918345,12222.6669921875,33.20000076293945,9.016666412353516,17051.267578125,21.683332443237305,4.599999904632568,4.5,44.95000076293945,23143.333984375,3083.342857142857,0.6311190724372864,26.436904907226562,165.54285714285714,1582.53125,2391.8857421875,-0.26202380657196045,1086.8285714285714,1,518,1,0,0,31,2,96
0,125.0,0.7662485837936401,296.0,1.0,260.0,1154.0,278.3265306122447,10207.5,31.133333206176758,7.7166666984558105,16803.666015625,22.266666412353516,4.5,4.599999904632568,51.58333206176758,20234.166015625,3072.457142857143,0.6285714507102966,26.4136905670166,163.97142857142856,1584.3623046875,2410.1142578125,-0.24504761397838593,1088.6571428571428,0,518,1,0,0,41,8,62
1,,0.4789053499698639,296.0,1.0,260.0,1565.0,272.6326530612243,14694.0,34.31666564941406,8.399999618530273,18827.6171875,24.16666603088379,4.699999809265137,4.766666889190674,47.150001525878906,27012.166015625,3061.8571428571427,0.6296428442001343,26.38011932373047,158.65714285714284,1584.231201171875,2476.571533203125,-0.21078573167324066,1094.4,0,518,1,0,0,31,22,
1,195.0,0.11402508616447449,296.0,1.0,260.0,1956.0,268.1224489795917,11883.1669921875,33.266666412353516,8.533333778381348,17626.55078125,22.200000762939453,5.0,4.449999809265137,45.11666488647461,25305.666015625,3043.7428571428572,0.6286666393280029,26.379762649536133,152.88571428571427,1585.6759033203125,2523.0,-0.15054760873317719,1101.8285714285714,3,518,1,0,0,42,8,71
0,125.0,0.5028506517410278,296.0,1.0,260.0,2139.0,262.87755102040796,12577.6669921875,32.06666564941406,9.183333396911621,16981.6328125,22.233333587646484,4.599999904632568,4.599999904632568,43.5,24346.333984375,2980.7428571428572,0.6379761695861816,26.433095932006836,159.02857142857144,1601.5484619140625,2536.028564453125,-0.06999999284744263,1108.6857142857143,1,518,1,0,0,21,2,45
0,123.0,0.4389965832233429,296.0,1.0,260.0,5112.0,258.59183673469363,11883.388671875,30.08333396911621,8.033332824707031,17861.48828125,23.738889694213867,4.766666889190674,4.483333110809326,44.844444274902344,23515.0,3003.057142857143,0.6340000033378601,26.389286041259766,153.97142857142856,1600.052978515625,2515.685791015625,-0.025333330035209656,1111.2857142857142,1,518,1,0,0,21,2,44
0,252.0,0.4446978271007538,296.0,1.0,260.0,4036.0,251.22448979591815,10831.0,32.03333282470703,6.733333110809326,17602.94921875,23.16666603088379,5.199999809265137,4.483333110809326,44.96666717529297,21193.833984375,2993.8,0.6385238170623779,26.40178680419922,138.68571428571428,1589.81591796875,2621.428466796875,0.07999999076128006,1123.8,1,518,1,0,0,31,10,102
1,27.0,0.030786773189902306,296.0,1.0,260.0,4336.0,246.97959183673447,16374.1669921875,29.516666412353516,9.199999809265137,18847.1171875,23.91666603088379,5.300000190734863,4.599999904632568,41.04999923706055,42661.83203125,2993.8,0.6385238170623779,26.40178680419922,138.68571428571428,1589.81591796875,2621.428466796875,0.07999999076128006,1123.8,4,518,1,0,0,31,2,10
1,81.0,0.149372860789299,296.0,1.0,260.0,4037.0,243.26530612244875,15818.8330078125,31.100000381469727,7.166666507720947,23111.033203125,23.266666412353516,5.099999904632568,4.5,43.349998474121094,29458.0,2948.9142857142856,0.6422380805015564,26.414403915405273,134.65714285714284,1594.830810546875,2671.05712890625,0.17823810875415802,1132.5714285714287,3,518,1,0,0,31,4,31
0,165.0,0.40250855684280396,296.0,1.0,260.0,5705.0,241.26530612244875,18080.833984375,33.83333206176758,6.183333396911621,19453.05078125,22.33333396911621,5.5,4.5,43.21666717529297,23085.666015625,2953.457142857143,0.6411428451538086,26.402976989746094,129.57142857142858,1588.153076171875,2700.0,0.19452381134033203,1133.4857142857143,1,518,1,0,0,31,1,69
1,121.67087888586494,0.5587229132652283,296.0,1.0,260.0,1327.0,230.1632653061223,13439.3330078125,33.29999923706055,7.566666603088379,22737.30078125,25.28333282470703,5.199999809265137,4.483333110809326,45.21666717529297,25419.666015625,2918.0857142857144,0.6384285688400269,26.37821388244629,124.0,1598.9661865234375,2744.71435546875,0.2995952367782593,1144.4285714285713,0,518,1,0,0,41,19,55
0,204.0,0.9509692192077637,296.0,1.0,260.0,1135.0,236.87755102040794,12962.8330078125,34.0,9.533333778381348,24359.18359375,23.100000381469727,5.5,4.349999904632568,45.150001525878906,20354.5,2838.885714285714,0.6376428604125977,26.391666412353516,124.62857142857143,1597.441162109375,2772.371337890625,0.38335713744163513,1143.3142857142857,0,518,1,0,0,31,34,96
0,153.0,0.6807297468185425,296.0,1.0,219.0,2612.0,232.71428571428555,13623.72265625,32.55555725097656,8.5,22851.22265625,24.377779006958008,5.5333333015441895,4.550000190734863,42.24444580078125,26290.5546875,2793.7428571428572,0.6370476484298706,26.384048461914062,122.68571428571428,1594.468505859375,2797.314208984375,0.5039286017417908,1143.5714285714287,1,518,1,0,0,42,20,59
0,293.0,0.6225769519805908,296.0,1.0,260.0,1293.0,231.3061224489794,22061.666015625,35.04999923706055,10.633333206176758,33291.53515625,27.049999237060547,5.800000190734863,4.550000190734863,37.75,33960.66796875,2734.6,0.6421428322792053,26.414047241210938,130.25714285714287,1595.5899658203125,2773.05712890625,0.46440476179122925,1138.5428571428572,0,518,1,0,0,42,20,144
0,145.0,0.6681870222091675,296.0,1.0,260.0,2349.0,226.9999999999998,11560.0556640625,31.344444274902344,7.5611114501953125,22922.638671875,24.261110305786133,4.800000190734863,4.483333110809326,45.85555648803711,27333.666015625,2607.0,0.6438809633255005,26.39642906188965,138.57142857142858,1599.0621337890625,2745.685791015625,0.6261666417121887,1133.2571428571428,0,518,1,0,0,21,1,67
0,140.0,0.5724059343338013,296.0,1.0,260.0,2773.0,221.9999999999998,10098.8330078125,29.96666717529297,6.933333396911621,21525.31640625,23.96666717529297,4.900000095367432,4.449999809265137,46.900001525878906,21460.333984375,2516.9714285714285,0.6488571166992188,26.42226219177246,145.2,1600.541259765625,2730.028564453125,0.6363571286201477,1128.8,1,518,1,0,0,24,2,68
0,61.0,0.3511972725391388,296.0,1.0,260.0,4018.0,216.12244897959167,14348.6669921875,31.66666603088379,8.850000381469727,20240.466796875,23.350000381469727,5.0,4.5,44.36666488647461,22174.0,2409.0285714285715,0.654880940914154,26.47035789489746,154.22857142857143,1604.3740234375,2696.514404296875,0.7301190495491028,1124.6571428571428,1,518,1,0,1,42,1,21
1,101.0,0.2360319197177887,296.0,1.0,260.0,9238.0,209.3265306122447,14273.0,30.399999618530273,10.333333015441895,18482.55078125,23.183332443237305,5.0,4.599999904632568,42.63333511352539,33099.16796875,2296.342857142857,0.6770714521408081,26.587499618530273,162.85714285714286,1611.4676513671875,2682.54296875,0.8199285864830017,1128.7142857142858,0,518,1,0,0,31,29,35
1,133.0,0.07069555670022964,296.0,1.0,219.0,13122.0,203.55102040816314,13672.0,27.58333396911621,6.116666793823242,16726.1171875,25.133333206176758,4.800000190734863,4.949999809265137,45.03333282470703,34671.16796875,2257.2,0.7006666660308838,26.722143173217773,156.05714285714285,1598.7841796875,2726.685791015625,0.8433809280395508,1137.4857142857143,0,480,1,0,0,31,20,49
1,72.67587723323332,0.21778790652751923,296.0,1.0,219.0,20922.0,198.91836734693862,13961.3330078125,30.016666412353516,8.350000381469727,16624.81640625,23.33333396911621,5.0,4.5,44.983333587646484,30844.666015625,2178.057142857143,0.699404776096344,26.70535659790039,171.05714285714285,1610.865478515625,2688.085693359375,0.8695714473724365,1128.5714285714287,0,480,1,0,0,42,9,26
1,76.0,0.11630558967590332,296.0,1.0,260.0,13551.0,195.2244897959182,18036.5,26.883333206176758,10.550000190734863,24402.55078125,25.700000762939453,6.300000190734863,4.866666793823242,40.21666717529297,43049.66796875,2145.7428571428572,0.7151428461074829,26.79357147216797,172.54285714285714,1611.2623291015625,2703.628662109375,0.8765951991081238,1133.6,0,518,1,0,0,31,20,33
0,48.0,0.4446978271007538,296.0,1.0,219.0,5179.0,188.9999999999999,16263.5,31.950000762939453,9.0,23542.5,25.41666603088379,5.199999809265137,4.699999809265137,42.849998474121094,33434.0,2032.8857142857144,0.7013333439826965,26.703332901000977,181.34285714285716,1642.263916015625,2699.28564453125,0.914976179599762,1135.8285714285714,0,480,1,0,0,41,9,17
1,72.0,0.0045610032975673676,296.0,1.0,219.0,9559.0,187.142857142857,18495.5,28.75,9.733333587646484,23330.69921875,23.21666717529297,5.800000190734863,4.800000190734863,39.28333282470703,32108.5,1973.6285714285714,0.6979761719703674,26.696428298950195,196.8,1698.440185546875,2659.628662109375,0.9519047737121582,1151.3142857142857,1,480,1,0,0,31,10,35
1,,0.12998859584331512,296.0,1.0,238.0,25439.0,189.99999999999986,17261.0,30.066667556762695,9.366666793823242,20273.033203125,23.399999618530273,5.5,4.75,45.33333206176758,29322.666015625,1851.8857142857144,0.7121190428733826,26.737024307250977,190.0,1636.1402587890625,2713.39990234375,0.9631428718566895,1126.7428571428572,1,508,1,0,0,31,2,
1,83.0,0.03534777835011482,296.0,1.0,238.0,19797.0,191.79591836734681,14840.6669921875,32.08333206176758,8.716666221618652,22877.150390625,23.08333396911621,5.400000095367432,4.699999809265137,40.70000076293945,43550.66796875,1777.4,0.7134047746658325,26.73285675048828,195.0857142857143,1652.991455078125,2706.45703125,0.9684523940086365,1131.9142857142858,1,508,1,0,0,41,5,31
1,82.0,0.0022805016487836838,296.0,1.0,238.0,19397.0,195.18367346938763,16332.1669921875,29.200000762939453,8.133333206176758,18417.966796875,23.383333206176758,5.0,4.599999904632568,45.099998474121094,29769.333984375,1799.6857142857143,0.720547616481781,26.767976760864258,192.0,1638.4139404296875,2708.82861328125,0.9622142910957336,1129.4857142857143,0,508,1,0,0,41,22,33
1,104.0,0.007981755770742893,296.0,1.0,238.0,8056.0,200.1224489795917,15098.0,32.04999923706055,9.800000190734863,21310.732421875,23.983333587646484,4.900000095367432,4.550000190734863,43.95000076293945,27195.5,1608.4857142857143,0.7023095488548279,26.653928756713867,198.14285714285714,1680.6383056640625,2700.571533203125,0.9834523797035217,1138.9142857142858,2,508,1,0,0,41,22,46
1,175.0,0.0,296.0,1.0,238.0,6090.0,205.34693877551004,17982.166015625,34.650001525878906,10.199999809265137,23641.083984375,23.683332443237305,5.599999904632568,4.583333492279053,43.86666488647461,36524.16796875,1616.4285714285713,0.7117618918418884,26.681072235107422,200.4857142857143,1674.77978515625,2673.228515625,0.9516904950141907,1137.7142857142858,0,508,1,0,0,24,35,64
1,198.0,0.5450398921966553,296.0,1.0,238.0,4435.0,208.93877551020393,13763.8330078125,32.61666488647461,10.033333778381348,18286.166015625,23.299999237060547,5.199999809265137,4.599999904632568,46.08333206176758,24214.5,1539.3714285714286,0.7097142934799194,26.635713577270508,198.0,1673.446044921875,2686.742919921875,0.9787142872810364,1136.5428571428572,3,508,1,0,0,41,11,72
1,222.43806892174533,0.0,296.0,1.0,238.0,11685.0,214.44897959183658,15981.3330078125,27.25,8.466666221618652,20057.8671875,23.0,5.300000190734863,4.7833333015441895,45.45000076293945,30418.666015625,1607.9142857142858,0.7407618761062622,26.792499542236328,190.77142857142857,1631.38916015625,2691.54296875,0.9566190242767334,1131.6,3,508,1,0,0,34,11,104
1,177.0,0.0,296.0,1.0,238.0,4615.0,222.02040816326516,15476.5,29.883333206176758,8.75,19193.75,24.366666793823242,5.900000095367432,4.599999904632568,46.483333587646484,24510.666015625,1557.7142857142858,0.7281428575515747,26.682262420654297,198.4,1652.4593505859375,2661.0,0.9899762272834778,1129.2571428571428,2,508,1,0,0,21,14,66
0,159.0,0.22576966881752014,296.0,1.0,238.0,2030.0,228.57142857142838,12677.3330078125,34.53333282470703,10.550000190734863,27559.216796875,23.233333587646484,4.900000095367432,4.5,41.63333511352539,24809.166015625,1564.4285714285713,0.7178809642791748,26.60547637939453,205.34285714285716,1674.8485107421875,2612.371337890625,1.0097856521606445,1130.4,0,508,1,0,0,41,29,63
0,185.0,0.46864309906959534,296.0,1.0,238.0,2122.0,230.9387755102039,16546.666015625,37.29999923706055,8.383333206176758,23636.900390625,23.116666793823242,4.900000095367432,4.75,39.78333282470703,32575.0,1507.6857142857143,0.711738109588623,26.5290470123291,191.2,1665.556396484375,2620.628662109375,1.020714282989502,1134.4571428571428,1,508,1,0,0,42,4,86
0,132.0,0.30786773562431335,296.0,1.0,238.0,2853.0,229.8163265306121,16423.5,34.11666488647461,7.816666603088379,21368.017578125,23.433332443237305,4.599999904632568,4.75,38.58333206176758,23269.666015625,1568.8285714285714,0.7134285569190979,26.499048233032227,200.14285714285714,1675.835205078125,2571.914306640625,1.0650476217269897,1129.6571428571428,1,508,1,0,0,42,2,50
0,270.0,0.2919042110443115,296.0,1.0,238.0,4792.0,233.6938775510202,18420.5,40.5,8.583333015441895,19179.650390625,24.08333396911621,5.0,4.599999904632568,38.0,28705.5,1623.4857142857143,0.7109047770500183,26.47916603088379,194.0,1688.144287109375,2555.428466796875,1.0677618980407715,1140.6,0,508,1,0,0,31,29,104
0,253.0,0.7525655627250671,296.0,1.0,238.0,4955.0,230.9795918367345,12127.6669921875,35.79999923706055,7.25,23415.84375,22.988889694213867,5.4666666984558105,4.7166666984558105,41.13888931274414,20811.4453125,1665.2285714285715,0.7090476155281067,26.453332901000977,191.14285714285714,1683.70068359375,2543.94287109375,1.0712381601333618,1139.057142857143,0,508,1,0,0,31,24,105
0,114.0,0.03990878164768219,296.0,1.0,238.0,14884.0,220.7346938775509,13988.1669921875,38.483333587646484,7.2833333015441895,19608.583984375,23.483333587646484,5.300000190734863,4.800000190734863,40.86666488647461,19341.333984375,1772.142857142857,0.7244762182235718,26.531309127807617,201.71428571428572,1678.8671875,2481.085693359375,1.0699762105941772,1130.857142857143,0,508,1,0,0,31,11,43
0,153.0,0.2645381987094879,296.0,1.0,238.0,20141.0,217.42857142857125,12432.5,37.45000076293945,10.016666412353516,15732.25,22.850000381469727,5.0,4.800000190734863,35.41666793823242,18175.5,1844.3142857142857,0.7223095297813416,26.52511978149414,196.17142857142858,1682.4080810546875,2462.571533203125,1.103761911392212,1135.4571428571428,0,508,1,0,0,21,4,60
0,128.0,0.19840364158153534,296.0,1.0,238.0,29338.0,202.5102040816325,13135.3330078125,39.516666412353516,10.433333396911621,19191.267578125,22.700000762939453,5.099999904632568,4.766666889190674,37.46666717529297,25610.0,1884.6285714285714,0.7343095541000366,26.58892822265625,204.22857142857143,1686.3699951171875,2428.571533203125,1.1094999313354492,1133.5142857142857,1,508,1,0,0,31,7,53
0,133.0,0.34207525849342346,296.0,1.0,238.0,32767.0,194.26530612244883,9136.5,39.71666717529297,6.833333492279053,15817.0498046875,23.316667556762695,5.0,4.666666507720947,35.06666564941406,19193.0,1962.4,0.7328571677207947,26.519046783447266,203.88571428571427,1670.6170654296875,2407.914306640625,1.10785710811615,1122.4857142857143,1,508,1,0,0,31,10,51
0,108.0,0.05017103627324104,296.0,1.0,238.0,27551.0,188.4285714285713,10604.6669921875,36.266666412353516,6.366666793823242,17242.466796875,24.950000762939453,5.0,4.699999809265137,36.75,20340.0,2110.5142857142855,0.7302619218826294,26.518095016479492,202.2,1672.7352294921875,2362.0,1.1087380647659302,1121.7714285714285,0,508,1,0,0,31,6,41
0,177.0,0.3375142514705658,296.0,1.0,238.0,26105.0,183.59183673469377,10617.5,38.46666717529297,8.666666984558105,17129.150390625,22.566667556762695,4.699999809265137,4.616666793823242,37.68333435058594,20794.666015625,2197.542857142857,0.7353571653366089,26.56547737121582,196.0857142857143,1660.6484375,2354.05712890625,1.0621428489685059,1121.5428571428572,0,508,1,0,0,21,32,71
0,191.0,0.028506271541118622,296.0,1.0,238.0,31463.0,183.59183673469377,10482.1669921875,38.11666488647461,8.533333778381348,17908.732421875,22.600000381469727,4.800000190734863,4.7833333015441895,37.54999923706055,19154.5,2219.1714285714284,0.7380714416503906,26.579761505126953,194.28571428571428,1661.4952392578125,2357.028564453125,1.0855714082717896,1124.6857142857143,0,508,1,0,0,41,21,79
0,153.0,0.12542758882045746,296.0,1.0,238.0,19619.0,176.0204081632652,10556.0,37.483333587646484,10.266666412353516,17004.30078125,22.866666793823242,4.300000190734863,4.800000190734863,36.099998474121094,18188.333984375,2395.657142857143,0.7440476417541504,26.480953216552734,196.11428571428573,1665.6534423828125,2328.94287109375,1.0634047985076904,1122.6857142857143,2,508,1,0,0,31,14,66
0,91.0,0.0,296.0,1.0,238.0,17377.0,176.0204081632652,9294.0,42.766666412353516,9.300000190734863,16132.6669921875,21.616666793823242,4.5,5.050000190734863,34.849998474121094,18980.666015625,2395.657142857143,0.7440476417541504,26.480953216552734,196.11428571428573,1665.6534423828125,2328.94287109375,1.0634047985076904,1122.6857142857143,2,508,1,0,0,24,9,43
0,88.0,0.006841504946351051,296.0,1.0,238.0,3635.0,177.44897959183655,8426.0,39.483333587646484,10.883333206176758,15597.5,22.549999237060547,4.599999904632568,5.199999809265137,34.81666564941406,19235.0,2654.942857142857,0.7513333559036255,26.509523391723633,183.4,1652.454833984375,2317.028564453125,1.0535951852798462,1128.0,1,508,1,0,0,41,17,34
0,127.0,0.1014823243021965,296.0,1.0,238.0,3321.0,180.57142857142838,10223.5,35.58333206176758,12.683333396911621,15500.75,23.75,4.199999809265137,5.0,39.016666412353516,19900.5,2945.4285714285716,0.7454047799110413,26.50214195251465,176.25714285714287,1653.4871826171875,2321.6572265625,1.0789285898208618,1131.8,0,508,1,0,0,31,25,53
0,189.0,0.33409351110458374,296.0,1.0,238.0,6969.0,184.02040816326507,11530.0,39.18333435058594,12.199999809265137,15735.7333984375,21.5,4.300000190734863,5.099999904632568,33.233333587646484,16738.5,3042.0,0.7426190376281738,26.480833053588867,183.65714285714284,1672.7119140625,2288.914306640625,1.0534523725509644,1133.5428571428572,1,508,1,0,0,21,22,79
0,69.0,0.017103763297200203,296.0,1.0,238.0,16471.0,189.63265306122426,11136.5,37.41666793823242,9.283333778381348,18258.94921875,23.299999237060547,4.199999809265137,4.866666793823242,35.650001525878906,21695.5,3205.1714285714284,0.7233333587646484,26.314167022705078,180.28571428571428,1683.1514892578125,2296.17138671875,1.0783809423446655,1131.8857142857144,2,508,1,0,0,31,10,30
0,92.0,0.41619154810905457,296.0,1.0,238.0,23821.0,195.10204081632625,11741.5,38.016666412353516,10.600000381469727,18840.3828125,22.983333587646484,4.400000095367432,4.900000095367432,36.016666412353516,22340.333984375,3447.2285714285713,0.7237619161605835,26.256071090698242,174.0,1675.725341796875,2296.94287109375,1.0313810110092163,1132.5142857142857,1,508,1,0,0,31,3,38
0,136.0,0.4526796042919159,296.0,1.0,238.0,16661.0,197.57142857142836,11661.3330078125,39.75,14.016666412353516,18192.06640625,22.366666793823242,4.199999809265137,4.866666793823242,30.016666412353516,19765.166015625,3648.4,0.7113333344459534,26.22869110107422,174.54285714285714,1697.5301513671875,2303.571533203125,1.038023829460144,1136.6,0,508,1,1,0,21,32,55
0,181.0,0.5233751535415649,296.0,1.0,238.0,13913.0,202.24489795918342,11899.6669921875,38.83333206176758,10.633333206176758,20607.900390625,24.649999618530273,4.199999809265137,4.699999809265137,32.18333435058594,22848.5,3748.2,0.7096428871154785,26.217618942260742,173.85714285714286,1704.78955078125,2300.771484375,0.9465237855911255,1140.4285714285713,0,508,1,1,0,41,32,70
0,123.0,0.19156214594841003,296.0,1.0,238.0,5375.0,201.75510204081613,10906.6669921875,40.516666412353516,14.466666221618652,17278.716796875,21.516666412353516,4.300000190734863,4.766666889190674,29.683332443237305,19454.833984375,3839.8571428571427,0.718238115310669,26.341428756713867,172.2,1707.6600341796875,2318.428466796875,0.925595223903656,1145.857142857143,4,508,1,1,0,34,1,47
0,148.0,0.3922463059425354,296.0,1.0,238.0,9249.0,205.02040816326507,12127.111328125,41.82777786254883,17.955554962158203,18452.921875,22.494443893432617,4.400000095367432,4.744444370269775,28.588890075683594,19794.443359375,4061.1714285714284,0.719952404499054,26.30630874633789,165.31428571428572,1699.890869140625,2327.39990234375,0.7580237984657288,1145.6,0,508,1,1,0,21,17,56
0,134.0,0.611174464225769,296.0,1.0,238.0,16786.0,202.20408163265287,10262.0,39.727779388427734,12.744443893432617,16891.1328125,22.63888931274414,4.300000190734863,4.699999809265137,29.488889694213867,18643.443359375,4140.009523809172,0.7209047675132751,26.30000114440918,164.5142857142974,1702.8548583984375,2341.047607421875,0.7053571343421936,1146.838095238085,1,508,1,0,0,31,32,52
0,227.0,0.3181299865245819,296.0,1.0,238.0,11390.0,197.53061224489772,10290.1669921875,34.766666412353516,12.666666984558105,16803.267578125,21.366666793823242,4.0,4.7166666984558105,36.58333206176758,18289.5,4307.657142857143,0.7322142720222473,26.426666259765625,163.4857142857143,1705.3831787109375,2354.428466796875,0.5583094954490662,1151.4,3,508,1,0,0,31,26,124
0,226.0,0.5655644536018372,296.0,1.0,238.0,2303.0,190.04081632653038,10068.3330078125,37.400001525878906,15.433333396911621,17423.25,23.41666603088379,4.300000190734863,4.7833333015441895,36.0,18451.166015625,4399.942857142857,0.7336190342903137,26.45404815673828,162.34285714285716,1702.6650390625,2394.428466796875,0.505142867565155,1150.0857142857142,0,508,1,0,0,41,26,87
0,152.0,0.37514254450798035,296.0,1.0,238.0,6594.0,182.28571428571408,10162.6669921875,30.066667556762695,22.183332443237305,18053.6328125,23.100000381469727,4.300000190734863,5.050000190734863,42.04999923706055,19991.333984375,4610.828571428571,0.7520952224731445,26.60547637939453,147.31428571428572,1651.9849853515625,2471.800048828125,0.4162619113922119,1139.7142857142858,1,508,1,0,0,21,32,68
0,,0.05473203957080841,296.0,1.0,238.0,10302.0,174.6530612244896,8415.3330078125,31.0,19.116666793823242,16518.966796875,22.433332443237305,4.0,5.099999904632568,42.233333587646484,19502.5,4677.914285714286,0.7535238265991211,26.599761962890625,145.0857142857143,1650.6429443359375,2497.05712890625,0.4308571517467499,1138.6857142857143,3,508,1,0,0,24,7,
0,58.0,0.0,296.0,1.0,238.0,18923.0,166.3061224489794,8357.6669921875,28.799999237060547,22.733333587646484,20327.833984375,22.950000762939453,4.300000190734863,4.949999809265137,40.95000076293945,21757.333984375,4742.171428571429,0.7564047574996948,26.492023468017578,146.9142857142857,1651.105712890625,2507.3427734375,0.2938809394836426,1133.857142857143,4,508,1,0,0,24,5,24
0,57.0,0.0,296.0,1.0,238.0,30372.0,158.57142857142836,9149.5556640625,28.244443893432617,18.188888549804688,18169.89453125,21.72222137451172,4.199999809265137,4.916666507720947,39.81111145019531,20598.4453125,4908.0,0.7778095006942749,26.735952377319336,153.77142857142857,1663.803466796875,2560.228515625,0.2518809735774994,1140.2857142857142,2,508,1,0,0,21,19,22
0,47.0,0.17103762924671173,296.0,1.0,238.0,29335.0,153.97959183673456,9414.3330078125,26.950000762939453,17.78333282470703,16681.783203125,21.16666603088379,4.199999809265137,4.916666507720947,41.75,18944.5,4940.285714285715,0.7701904773712158,26.675952911376953,156.0,1665.408203125,2563.05712890625,0.21997621655464172,1136.6571428571428,1,508,1,0,0,21,11,18
0,102.0,0.0011402508243918419,267.0,4.0,238.0,32767.0,146.46938775510193,11127.0,26.683332443237305,20.41666603088379,19233.6328125,23.08333396911621,4.599999904632568,5.0,41.06666564941406,36736.83203125,4955.342857142857,0.7870476245880127,26.69095230102539,163.0857142857143,1669.1539306640625,2585.17138671875,0.0484762005507946,1131.857142857143,5,508,1,0,0,24,10,42
0,93.0,0.0809578076004982,267.0,4.0,238.0,32767.0,144.67346938775498,12461.0,29.433332443237305,18.03333282470703,15559.0830078125,21.566667556762695,4.5,4.816666603088379,44.96666717529297,26108.5,5054.285714285715,0.7624285817146301,26.56357192993164,171.71428571428572,1669.7506103515625,2600.0,-0.0241190604865551,1115.857142857143,2,508,1,0,0,31,11,36
0,36.0,0.16419611871242523,267.0,4.0,238.0,32767.0,144.1700680272489,8881.111328125,29.594444274902344,18.05000114440918,16176.6884765625,21.094444274902344,4.0,4.7166666984558105,44.28889083862305,27373.77734375,5022.942857142857,0.7702142596244812,26.634166717529297,171.85714285714286,1668.89794921875,2590.628662109375,-0.09452381730079651,1117.5428571428572,7,508,1,0,0,21,2,19
0,77.0,0.020524514839053154,267.0,4.0,238.0,29937.0,142.16326530612233,9878.0,31.183332443237305,14.949999809265137,16168.0166015625,20.450000762939453,4.300000190734863,5.099999904632568,42.13333511352539,33917.16796875,5123.571428571428,0.7760714292526245,26.689403533935547,179.74285714285713,1664.010498046875,2605.71435546875,-0.17759524285793304,1108.8857142857144,0,508,1,0,0,41,5,35
0,70.0,0.36259976029396057,267.0,4.0,238.0,27786.0,139.83673469387745,12828.3330078125,34.54999923706055,20.633333206176758,16137.0830078125,21.316667556762695,4.199999809265137,5.016666889190674,42.099998474121094,30259.5,5164.571428571428,0.782714307308197,26.729524612426758,194.34285714285716,1663.9766845703125,2577.314208984375,-0.3175952434539795,1097.6571428571428,3,508,1,0,1,34,19,30
0,22.0,0.0,267.0,4.0,238.0,26929.0,137.46938775510196,10569.8330078125,31.649999618530273,25.116666793823242,15812.2333984375,21.233333587646484,4.099999904632568,4.849999904632568,41.70000076293945,33678.16796875,5183.457142857143,0.7888809442520142,26.753808975219727,199.28571428571428,1662.6859130859375,2563.971435546875,-0.3869999945163727,1093.3142857142857,4,508,1,0,1,24,3,9
0,12.0,0.0,267.0,4.0,238.0,25146.0,136.36734693877546,16178.5,37.93333435058594,13.744444847106934,15207.4384765625,23.366666793823242,4.366666316986084,5.272222518920898,34.60555648803711,33189.5,5216.0,0.822690486907959,27.0094051361084,217.74285714285713,1678.010986328125,2466.228515625,-0.5364285707473755,1091.9142857142858,1,508,1,0,1,34,9,7
0,55.0,0.028506271541118622,267.0,4.0,238.0,23559.0,131.73469387755094,14362.5,35.983333587646484,14.649999618530273,16512.599609375,21.383333206176758,4.0,4.900000095367432,40.68333435058594,23362.166015625,5207.685714285714,0.8101190328598022,26.91071319580078,232.31428571428572,1665.913818359375,2310.6572265625,-0.5920714139938354,1065.942857142857,1,508,1,0,1,24,4,25
0,115.0,0.10034207254648209,267.0,4.0,238.0,15869.0,127.20408163265299,16827.0,30.616666793823242,18.700000762939453,16684.6171875,20.600000381469727,4.0,5.116666793823242,44.88333511352539,27296.166015625,5181.6,0.8015952110290527,26.8511905670166,248.28571428571428,1677.758056640625,2110.857177734375,-0.635857105255127,1055.4571428571428,1,508,1,0,1,21,21,53
0,,0.4526796042919159,267.0,4.0,238.0,8870.0,122.8775510204081,15815.1669921875,31.066667556762695,17.0,18204.849609375,21.53333282470703,3.9000000953674316,5.199999809265137,38.53333282470703,28630.0,5154.0,0.787928581237793,26.73047637939453,257.14285714285717,1684.3409423828125,1989.0,-0.6023571491241455,1046.6571428571428,4,508,1,0,1,24,6,
0,71.0,0.6168757081031799,267.0,4.0,238.0,5085.0,119.81632653061216,15729.5,31.5,15.149999618530273,19368.849609375,20.866666793823242,3.799999952316284,5.099999904632568,37.91666793823242,29329.0,5059.628571428571,0.7796905040740967,26.652738571166992,276.77142857142854,1686.594970703125,1760.3428955078125,-0.6836428642272949,1032.7428571428572,2,508,1,0,1,31,1,27
0,31.0,0.28734320402145386,267.0,4.0,238.0,7819.0,115.99999999999993,15146.6669921875,29.91666603088379,18.866666793823242,17214.8671875,21.366666793823242,3.5999999046325684,5.199999809265137,40.81666564941406,26818.666015625,5005.371428571429,0.7968571186065674,26.753095626831055,281.37142857142857,1684.0400390625,1745.4857177734375,-0.7509999871253967,1035.3428571428572,2,508,1,0,1,21,12,15
0,59.0,0.17103762924671173,267.0,4.0,238.0,6574.0,115.06122448979588,19120.833984375,36.400001525878906,19.450000762939453,20588.083984375,22.133333206176758,4.400000095367432,5.166666507720947,33.93333435058594,53608.66796875,4874.4857142857145,0.8125476241111755,26.826309204101562,294.45714285714286,1693.2120361328125,1712.142822265625,-0.8294761776924133,1038.942857142857,4,508,1,0,1,31,8,23
0,80.0,0.7696693539619446,267.0,4.0,170.0,2199.0,116.53191489361697,18342.666015625,30.950000762939453,14.566666603088379,18080.916015625,22.616666793823242,3.9000000953674316,5.199999809265137,39.25,29183.833984375,4746.0,0.8069285750389099,26.762380599975586,312.8285714285714,1731.0806884765625,1701.5142822265625,-0.9236666560173035,1046.6571428571428,5,611,1,0,1,42,7,29
0,104.0,0.6214367151260376,267.0,4.0,170.0,8988.0,116.97560975609751,11150.4443359375,31.80555534362793,14.327777862548828,15208.8330078125,21.983333587646484,3.566666603088379,5.150000095367432,39.41666793823242,25036.9453125,4610.028571428571,0.824404776096344,26.886903762817383,326.48571428571427,1751.4180908203125,1684.2572021484375,-1.0701904296875,1056.5714285714287,1,611,1,0,1,21,21,40
0,89.0,0.4481185972690582,267.0,4.0,170.0,18030.0,117.42857142857135,17230.333984375,34.88333511352539,11.716666221618652,24357.69921875,24.266666412353516,4.5,5.083333492279053,35.66666793823242,40681.16796875,4644.542857142857,0.8364285826683044,26.958213806152344,311.8,1711.053466796875,1794.3143310546875,-1.3045952320098877,1054.9714285714285,0,611,1,0,1,21,13,34
0,42.0,0.285062700510025,267.0,4.0,170.0,11715.0,117.42857142857135,13452.3330078125,30.899999618530273,13.883333206176758,15572.3662109375,21.133333206176758,3.799999952316284,5.099999904632568,41.516666412353516,23171.666015625,4673.542857142857,0.8457381129264832,26.961071014404297,310.77142857142854,1709.0194091796875,1826.5714111328125,-1.3703809976577759,1050.6857142857143,4,611,1,0,1,24,4,17
0,367.0,0.9258837103843689,286.0,2.0,290.0,1056.0,287.7142857142855,16660.666015625,25.0,0.8666666746139526,27000.81640625,27.850000381469727,5.199999809265137,4.333333492279053,48.516666412353516,34357.16796875,281.34285714285716,0.5780714154243469,26.128570556640625,1.8285714285714285,1317.5107421875,3190.800048828125,-0.17430953681468964,1046.2857142857142,0,503,1,0,0,41,35,167
0,311.0,0.6157354712486267,286.0,2.0,248.0,1507.0,244.02040816326516,16519.166015625,27.633333206176758,5.099999904632568,22015.05078125,24.316667556762695,5.699999809265137,4.2833333015441895,24.816667556762695,27901.833984375,619.5142857142857,0.6559761762619019,27.032499313354492,4.0285714285714285,1378.3997802734375,3365.685791015625,-0.3609999716281891,1107.3428571428572,0,473,1,0,1,24,32,109
0,276.0,0.8825541734695435,286.0,2.0,248.0,1037.0,244.02040816326516,16421.333984375,29.700000762939453,4.333333492279053,22853.283203125,24.600000381469727,6.300000190734863,4.233333110809326,23.91666603088379,26650.0,619.5142857142857,0.6559761762619019,27.032499313354492,4.0285714285714285,1378.3997802734375,3365.685791015625,-0.3609999716281891,1107.3428571428572,0,473,1,0,1,24,32,110
0,197.0,0.9179019331932068,286.0,2.0,248.0,1094.0,241.14285714285697,12416.0,38.68333435058594,3.5166666507720947,14443.75,23.516666412353516,5.0,4.183333396911621,20.149999618530273,23192.5,889.2571428571429,0.6046428680419922,26.84321403503418,27.857142857142858,1442.154296875,2591.571533203125,-0.44819048047065735,1107.5714285714287,0,473,1,0,1,24,27,88
0,242.0,0.5279361605644226,286.0,2.0,248.0,3420.0,236.08163265306104,13173.0,36.54999923706055,5.2833333015441895,18564.6328125,23.66666603088379,4.900000095367432,4.083333492279053,22.649999618530273,25299.833984375,987.7714285714286,0.6218809485435486,26.941429138183594,28.685714285714287,1452.34423828125,2585.39990234375,-0.496095210313797,1117.4857142857143,0,473,1,0,1,21,5,109
1,198.0,0.0,286.0,2.0,248.0,2590.0,240.36734693877528,15689.0,36.650001525878906,2.549999952316284,17982.05078125,21.433332443237305,4.5,4.400000095367432,26.21666717529297,34797.0,1474.142857142857,0.6735952496528625,27.032499313354492,49.31428571428572,1449.590576171875,2550.39990234375,-0.3074285686016083,1104.5142857142857,0,473,1,0,1,31,23,93
1,253.0,0.1482326090335846,286.0,2.0,248.0,2410.0,237.59183673469363,12023.5,43.38333511352539,3.066666603088379,15333.6162109375,22.450000762939453,4.300000190734863,4.25,33.53333282470703,50579.66796875,1633.1142857142856,0.6875476241111755,27.062856674194336,62.65714285714286,1475.761962890625,2429.60009765625,-0.13535714149475098,1109.4285714285713,0,473,1,0,1,21,27,114
1,266.0,0.2713797092437744,286.0,2.0,248.0,1231.0,237.59183673469363,15219.6669921875,39.43333435058594,3.7333333492279053,16475.650390625,21.183332443237305,4.400000095367432,4.300000190734863,33.150001525878906,60404.0,1703.857142857143,0.6834762096405029,27.090595245361328,64.91428571428571,1460.4603271484375,2424.28564453125,-0.09521427750587463,1098.0857142857142,0,473,1,0,1,21,21,119
0,195.0,0.745724081993103,286.0,2.0,301.0,1066.0,239.46938775510185,11544.5,29.633333206176758,1.9666666984558105,14968.7998046875,21.883333206176758,5.099999904632568,4.2833333015441895,45.63333511352539,20699.666015625,1854.2857142857142,0.6971666812896729,27.010000228881836,62.628571428571426,1451.484375,2430.8857421875,-0.025571435689926147,1096.7714285714285,0,511,1,0,1,21,35,93
0,289.0,0.7708095908164978,286.0,2.0,301.0,1061.0,239.46938775510185,10459.3330078125,32.08333206176758,2.7833333015441895,15463.2666015625,20.33333396911621,4.300000190734863,4.2833333015441895,39.96666717529297,18822.333984375,1854.2857142857142,0.6971666812896729,27.010000228881836,62.628571428571426,1451.484375,2430.8857421875,-0.025571435689926147,1096.7714285714285,0,511,1,0,1,41,35,138
0,287.0,0.33523374795913696,286.0,2.0,301.0,1243.0,243.2448979591835,15455.6669921875,38.54999923706055,3.549999952316284,17606.93359375,22.16666603088379,4.5,4.25,30.383333206176758,34896.66796875,1908.4857142857143,0.7079523801803589,27.10369110107422,64.57142857142857,1454.80517578125,2416.8857421875,0.01692855916917324,1099.942857142857,0,511,1,0,1,41,2,138
0,132.0,0.7514253258705139,286.0,2.0,301.0,1550.0,266.4285714285713,12484.3330078125,38.11666488647461,2.5999999046325684,15406.599609375,21.75,4.0,4.233333110809326,42.5,19173.333984375,2264.9142857142856,0.7135476469993591,26.90571403503418,61.77142857142857,1447.09765625,2419.3427734375,0.2504761815071106,1097.057142857143,0,511,1,0,1,31,30,60
0,247.0,0.5188141465187073,286.0,2.0,301.0,1405.0,266.4285714285713,11740.0,37.50555419921875,3.305555582046509,15735.4111328125,22.02777862548828,4.199999809265137,4.099999904632568,44.738887786865234,19189.77734375,2264.9142857142856,0.7135476469993591,26.90571403503418,61.77142857142857,1447.09765625,2419.3427734375,0.2504761815071106,1097.057142857143,0,511,1,0,1,41,34,118
0,238.22462627900808,0.42873433232307434,286.0,2.0,301.0,1348.0,267.5102040816325,13415.0,36.36666488647461,7.9666666984558105,17889.333984375,23.78333282470703,4.5,4.2833333015441895,45.516666412353516,25115.166015625,2418.8,0.717380940914154,26.882976531982422,61.51428571428571,1444.224609375,2421.371337890625,0.3073095381259918,1095.6857142857143,1,511,1,0,1,31,26,104
0,187.0,0.3169897496700287,286.0,2.0,301.0,2183.0,269.5510204081631,12124.0,35.96666717529297,4.4666666984558105,16203.349609375,22.983333587646484,4.800000190734863,4.25,43.58333206176758,21514.0,2413.885714285714,0.7175714373588562,26.829761505126953,58.142857142857146,1446.1273193359375,2439.17138671875,0.30635714530944824,1099.4,2,511,1,0,0,21,26,70
0,270.0,0.42075255513191223,286.0,2.0,301.0,1564.0,269.87755102040796,14382.5,37.81666564941406,6.116666793823242,15842.900390625,21.83333396911621,4.5,4.150000095367432,34.21666717529297,20891.5,2531.2,0.7286190390586853,26.909523010253906,60.22857142857143,1446.851806640625,2432.257080078125,0.37371426820755005,1101.3142857142857,2,511,1,0,0,21,30,103
0,155.0,0.6453819870948792,286.0,2.0,271.0,1043.0,287.2244897959182,12324.0,42.43333435058594,2.366666555404663,18549.69921875,22.299999237060547,4.599999904632568,4.183333396911621,34.91666793823242,27005.0,3285.457142857143,0.7940000295639038,27.291667938232422,93.71428571428571,1467.3934326171875,2204.028564453125,0.34392857551574707,1100.1714285714286,1,482,1,0,0,21,7,69
1,148.0,0.20638540387153625,286.0,2.0,271.0,2382.0,291.7142857142855,16922.166015625,47.516666412353516,5.133333206176758,19642.8828125,24.266666412353516,5.699999809265137,4.349999904632568,26.983333587646484,32732.5,3304.0,0.8169524073600769,27.498689651489258,96.97142857142858,1467.30517578125,2185.0,0.3495238125324249,1103.5142857142857,1,482,1,0,1,34,18,64
0,114.0,0.5906499624252319,286.0,2.0,271.0,1086.0,287.4897959183671,11206.0,41.45000076293945,1.8666666746139526,17408.5,22.549999237060547,4.5,4.050000190734863,37.45000076293945,20077.333984375,3403.5714285714284,0.79666668176651,27.28523826599121,92.11428571428571,1456.457763671875,2222.257080078125,0.3678571283817291,1095.4571428571428,0,482,1,0,0,21,2,48
1,331.0,0.42873433232307434,286.0,2.0,271.0,2008.0,286.8979591836733,11301.3330078125,37.81666564941406,1.399999976158142,18130.56640625,22.149999618530273,5.199999809265137,4.133333206176758,21.91666603088379,23592.0,3487.9714285714285,0.8273095488548279,27.53761863708496,103.51428571428572,1481.1046142578125,2163.485595703125,0.40747618675231934,1107.6857142857143,1,482,1,0,1,31,14,151
1,192.0,0.0,286.0,2.0,271.0,3659.0,285.2857142857141,17371.666015625,38.81666564941406,3.4000000953674316,19639.6328125,23.53333282470703,5.599999904632568,4.583333492279053,21.33333396911621,27902.0,3533.542857142857,0.8239762187004089,27.491785049438477,102.6,1472.0274658203125,2178.228515625,0.39657142758369446,1102.4571428571428,0,482,1,0,1,34,20,90
0,220.01945029194113,0.3728620409965515,286.0,2.0,271.0,1107.0,282.8163265306121,,,,,,,,,,3544.2571428571428,0.826714277267456,27.51011848449707,107.85714285714286,1483.5679931640625,2162.6572265625,0.38938096165657043,1105.0285714285715,2,482,1,0,1,31,10,102
1,332.0,0.1151653379201889,296.0,1.0,271.0,1903.0,280.99999999999983,,,,,,,,,,3627.3714285714286,0.8299999833106995,27.50273895263672,106.68571428571428,1465.511962890625,2172.28564453125,0.3780714273452759,1095.6285714285714,2,482,1,0,1,31,20,122
1,175.0,0.2234891653060913,296.0,1.0,271.0,2921.0,278.3265306122447,10947.6669921875,36.20000076293945,2.0166666507720947,18804.599609375,22.116666793823242,4.699999809265137,4.2833333015441895,31.41666603088379,25793.666015625,3644.2,0.8249523639678955,27.45702362060547,108.57142857142857,1469.119140625,2166.514404296875,0.3794524073600769,1094.7714285714285,3,482,1,0,1,21,4,73
0,72.0,0.2907639741897583,296.0,3.0,271.0,3965.0,275.24489795918345,,,,,,,,,,3689.8285714285716,0.8265714049339294,27.4950008392334,116.82857142857142,1485.9927978515625,2132.3427734375,0.38247618079185486,1098.8285714285714,0,482,1,0,1,21,3,26
0,45.0,0.24059292674064636,296.0,3.0,271.0,3495.0,271.7755102040814,,,,,,,,,,3707.2285714285713,0.838952362537384,27.5674991607666,114.97142857142858,1469.11767578125,2141.6572265625,0.36116665601730347,1093.3714285714286,0,511,1,0,1,31,2,17
1,113.0,0.517673909664154,296.0,1.0,271.0,1345.0,268.4897959183671,11917.6669921875,40.95000076293945,2.933333396911621,19335.68359375,20.683332443237305,4.0,4.199999809265137,40.36666488647461,23764.5,3697.1428571428573,0.8267381191253662,27.471904754638672,116.6,1469.6986083984375,2156.428466796875,0.3833809494972229,1090.8,1,482,1,0,1,31,34,44
0,152.0,0.8175598382949829,296.0,3.0,271.0,1141.0,265.85714285714266,11512.0,36.93333435058594,2.0999999046325684,16115.5166015625,21.58333396911621,4.5,4.0,39.68333435058594,18557.833984375,3686.8,0.8245238065719604,27.435476303100586,118.85714285714286,1473.8929443359375,2148.971435546875,0.38497620820999146,1091.5142857142857,0,482,1,0,1,31,33,75
0,196.0,0.08893956989049911,296.0,3.0,271.0,4220.0,264.2653061224488,13299.0,39.233333587646484,3.9166667461395264,17125.81640625,22.049999237060547,4.800000190734863,4.800000190734863,32.150001525878906,31155.833984375,3639.0857142857144,0.8428333401679993,27.60845184326172,126.22857142857143,1479.83544921875,2114.971435546875,0.3722619116306305,1092.7142857142858,0,482,1,0,1,21,2,86
1,70.0,0.13797035813331604,296.0,3.0,271.0,2045.0,261.9591836734692,11976.6669921875,37.45000076293945,2.9000000953674316,18133.083984375,21.66666603088379,4.800000190734863,4.449999809265137,33.983333587646484,31431.666015625,3662.3714285714286,0.8435714244842529,27.61142921447754,123.57142857142857,1473.9071044921875,2135.05712890625,0.3648333251476288,1092.4285714285713,0,482,1,0,0,31,11,35
0,180.0,0.15735462307929993,296.0,3.0,301.0,1944.0,261.9795918367345,12544.8330078125,41.91666793823242,2.2833333015441895,16827.767578125,20.883333206176758,4.099999904632568,4.266666889190674,40.900001525878906,19642.5,3631.885714285714,0.8198094964027405,27.407499313354492,125.6,1472.8912353515625,2130.371337890625,0.347095251083374,1082.942857142857,2,511,1,0,0,41,3,85
0,175.0,0.7822120785713196,296.0,3.0,301.0,1142.0,263.2448979591835,11689.5,45.81666564941406,2.75,16170.099609375,20.5,3.9000000953674316,4.099999904632568,43.46666717529297,18389.166015625,3599.9142857142856,0.8098333477973938,27.325834274291992,128.02857142857144,1480.5472412109375,2131.485595703125,0.34111905097961426,1083.7428571428572,0,511,1,0,0,31,30,93
0,123.0,0.7958950996398926,296.0,3.0,301.0,1210.0,265.79591836734664,14316.8330078125,42.0,5.133333206176758,18361.05078125,21.233333587646484,4.300000190734863,4.266666889190674,43.75,22064.0,3561.885714285714,0.8025000095367432,27.292619705200195,127.08571428571429,1481.371826171875,2161.1142578125,0.2756904661655426,1083.7428571428572,0,511,1,0,0,31,9,64
1,,0.05017103627324104,296.0,3.0,301.0,1636.0,266.8367346938773,12774.0,35.96666717529297,5.166666507720947,18880.416015625,22.450000762939453,4.599999904632568,4.599999904632568,30.25,21997.833984375,3529.1714285714284,0.7997857332229614,27.44416618347168,124.11428571428571,1513.1976318359375,2337.199951171875,0.16199998557567596,1108.0,0,511,1,0,0,41,3,
1,221.0,0.2964652180671692,296.0,3.0,301.0,1174.0,263.85714285714266,13797.3330078125,30.53333282470703,3.0,16752.416015625,21.549999237060547,4.400000095367432,4.449999809265137,44.95000076293945,26678.5,3509.6857142857143,0.7987856864929199,27.446189880371094,123.57142857142857,1513.3294677734375,2358.82861328125,0.1583571434020996,1108.3428571428572,1,511,1,0,0,41,14,121
0,188.0,0.960091233253479,296.0,3.0,301.0,1052.0,257.87755102040785,11667.5,34.95000076293945,3.5333333015441895,16522.650390625,22.16666603088379,4.800000190734863,4.300000190734863,46.13333511352539,19626.833984375,3362.1714285714284,0.784428596496582,27.342618942260742,118.08571428571429,1498.9449462890625,2433.314208984375,0.08530952036380768,1101.142857142857,1,511,1,0,0,42,5,103
0,175.46389983411865,0.33409351110458374,296.0,3.0,271.0,2751.0,254.7755102040814,13232.0,35.766666412353516,2.616666555404663,18567.099609375,23.200000762939453,5.199999809265137,4.199999809265137,45.95000076293945,23620.0,3223.5142857142855,0.7893095016479492,27.432024002075195,116.74285714285715,1492.916259765625,2455.199951171875,0.0708809643983841,1101.057142857143,0,511,1,0,0,41,2,69
0,139.0,0.8072975873947144,296.0,3.0,271.0,3044.0,250.10204081632628,13514.8330078125,38.31666564941406,5.7833333015441895,18244.55078125,23.866666793823242,4.900000095367432,4.2166666984558105,48.20000076293945,20388.0,3147.285714285714,0.7902857065200806,27.482500076293945,122.82857142857142,1496.3109130859375,2443.428466796875,0.05819046497344971,1097.3142857142857,1,482,1,0,0,31,19,55
0,168.0,0.543899655342102,296.0,3.0,271.0,5472.0,243.63265306122423,11557.1669921875,34.61666488647461,3.0166666507720947,17027.599609375,23.350000381469727,5.0,4.199999809265137,48.81666564941406,22083.166015625,3147.285714285714,0.7902857065200806,27.482500076293945,122.82857142857142,1496.3109130859375,2443.428466796875,0.05819046497344971,1097.3142857142857,2,482,1,0,0,42,9,68
1,90.0,0.04789053648710251,296.0,1.0,293.0,9934.0,232.51020408163248,17391.333984375,28.450000762939453,3.133333444595337,19693.19921875,22.516666412353516,5.699999809265137,4.699999809265137,45.983333587646484,29398.333984375,3196.942857142857,0.8083809614181519,27.629880905151367,147.37142857142857,1522.1907958984375,2368.60009765625,-0.061857156455516815,1095.3714285714286,0,482,1,0,0,31,14,40
0,,0.0,296.0,1.0,293.0,14147.0,231.73469387755082,17580.0,33.70000076293945,7.266666889190674,28269.232421875,30.78333282470703,7.099999904632568,5.050000190734863,38.86666488647461,60338.16796875,3103.3142857142857,0.8251428604125977,27.74011993408203,150.02857142857144,1519.42041015625,2355.028564453125,-0.07292856276035309,1096.057142857143,2,476,1,0,1,34,6,
1,97.0,0.0,296.0,1.0,293.0,4097.0,226.57142857142844,15795.6669921875,25.633333206176758,2.7166666984558105,16917.833984375,22.21666717529297,4.099999904632568,4.583333492279053,45.900001525878906,29657.666015625,3263.1714285714284,0.8183333277702332,27.515714645385742,164.31428571428572,1544.8253173828125,2181.514404296875,-0.20821429789066315,1094.5428571428572,0,476,1,0,0,34,23,44
0,158.0,0.5290763974189758,296.0,1.0,293.0,2508.0,226.57142857142844,15142.888671875,30.822221755981445,5.661110877990723,26015.505859375,22.08333396911621,4.700000286102295,4.400000095367432,58.099998474121094,21228.22265625,3318.4285714285716,0.7857142686843872,27.30500030517578,157.28571428571428,1523.8487548828125,2165.685791015625,-0.19554764032363892,1082.1714285714286,0,476,1,0,0,21,18,83
0,137.0,0.4925883710384369,296.0,1.0,293.0,8182.0,231.5102040816325,10993.1669921875,36.266666412353516,6.199999809265137,17088.25,24.649999618530273,4.199999809265137,4.349999904632568,46.150001525878906,19695.333984375,3418.3142857142857,0.7705237865447998,27.068096160888672,161.0857142857143,1538.0970458984375,2136.6572265625,-0.1951904445886612,1080.0,0,476,1,0,0,24,18,62
0,189.0,0.43443557620048523,296.0,1.0,293.0,2837.0,227.20408163265287,13947.6669921875,26.08333396911621,6.083333492279053,16798.0,23.866666793823242,3.799999952316284,4.449999809265137,57.66666793823242,19181.666015625,3471.3142857142857,0.7786666750907898,27.15011978149414,173.54285714285714,1577.48681640625,2080.857177734375,-0.17040474712848663,1094.857142857143,0,476,1,0,0,41,20,78
0,157.0,0.22805017232894897,296.0,1.0,293.0,3799.0,234.7959183673467,10615.5,25.683332443237305,7.066666603088379,17118.6171875,23.149999618530273,3.5999999046325684,4.449999809265137,54.46666717529297,19114.666015625,3529.2285714285713,0.7726190686225891,27.1344051361084,168.4,1561.8507080078125,2067.82861328125,-0.15323810279369354,1090.0,1,476,1,0,0,31,27,65
0,172.0,0.3021664619445801,296.0,1.0,293.0,6844.0,234.14285714285688,11273.1669921875,27.016666412353516,3.5333333015441895,16996.966796875,22.03333282470703,3.799999952316284,4.4666666984558105,55.06666564941406,18842.0,3598.6,0.7885476350784302,27.360477447509766,168.25714285714287,1542.7398681640625,2042.6571044921875,-0.20171429216861725,1085.6285714285714,0,476,1,0,0,21,1,71
1,140.0,0.07867731153964996,296.0,1.0,293.0,11868.0,225.30612244897932,15186.1669921875,25.183332443237305,5.0333333015441895,17079.3671875,22.066667556762695,4.400000095367432,4.550000190734863,49.36666488647461,26934.333984375,3652.7714285714287,0.7950952649116516,27.4228572845459,172.4,1545.17822265625,2007.4000244140625,-0.21085715293884277,1086.142857142857,0,482,1,0,0,31,9,59
0,93.0,0.05815279483795166,296.0,1.0,293.0,7536.0,212.55102040816303,13105.3330078125,32.022220611572266,7.038888931274414,17384.521484375,23.950000762939453,3.9666666984558105,4.27222204208374,56.9555549621582,21030.0,3669.4,0.7677857279777527,27.245357513427734,176.71428571428572,1561.5679931640625,2002.8857421875,-0.20492856204509735,1084.3142857142857,1,476,1,0,0,31,17,41
1,154.0,0.05359179154038429,296.0,1.0,271.0,14451.0,199.14285714285697,15956.0556640625,25.53333282470703,4.638888835906982,15188.0556640625,21.561111450195312,4.133333206176758,4.77222204208374,45.005558013916016,23764.16796875,3729.1714285714284,0.7944285869598389,27.428571701049805,179.28571428571428,1555.027587890625,1965.857177734375,-0.1978333443403244,1085.8,0,482,1,0,0,31,7,82
0,176.0,0.30672746896743774,296.0,1.0,293.0,15647.0,187.22448979591823,16221.0,27.799999237060547,5.933333396911621,19485.982421875,23.649999618530273,3.5,4.349999904632568,52.43333435058594,24996.333984375,3719.5142857142855,0.7572143077850342,27.17464256286621,188.97142857142856,1595.684814453125,1959.2857666015625,-0.18683330714702606,1090.057142857143,1,482,1,0,0,21,32,75
1,133.0,0.0,267.0,4.0,293.0,13139.0,176.79591836734687,20268.333984375,21.700000762939453,7.983333110809326,24459.533203125,21.96666717529297,4.0,4.650000095367432,47.16666793823242,37225.5,3743.4,0.7403571605682373,27.13726234436035,191.25714285714287,1590.5567626953125,1954.17138671875,-0.12647618353366852,1080.2571428571428,1,482,1,0,0,24,23,60
0,118.0,0.3158494830131531,267.0,4.0,293.0,14018.0,169.2244897959183,13702.8330078125,29.233333587646484,6.816666603088379,18205.8671875,21.28333282470703,3.799999952316284,4.5,50.483333587646484,20899.333984375,3816.0857142857144,0.7296666502952576,26.975833892822266,176.65714285714284,1540.1929931640625,1994.6856689453125,-0.12042857706546783,1060.7142857142858,1,482,1,0,0,21,18,52
0,120.0,0.08323831111192703,267.0,4.0,293.0,14698.0,160.59183673469383,16361.0,29.116666793823242,5.766666889190674,20853.033203125,21.53333282470703,4.099999904632568,4.400000095367432,50.766666412353516,25360.333984375,3820.885714285714,0.7390238046646118,27.07107162475586,176.42857142857142,1531.7052001953125,1990.5999755859375,-0.1404285579919815,1059.2571428571428,1,482,1,0,0,21,21,50
1,93.0,0.08551881462335587,267.0,4.0,283.0,16111.0,160.16326530612238,16591.666015625,24.16666603088379,6.233333110809326,17163.650390625,21.350000381469727,3.5999999046325684,4.599999904632568,50.0,23735.5,3638.885714285714,0.7205952405929565,27.07428550720215,221.4857142857143,1622.844970703125,1862.5714111328125,-0.2522619068622589,1065.0285714285715,0,482,1,1,0,31,18,43
0,78.0,0.07981756329536438,267.0,4.0,283.0,24076.0,161.99999999999997,11927.6669921875,28.0,6.400000095367432,18637.93359375,23.08333396911621,3.5,4.5,46.75,38379.16796875,3710.9142857142856,0.7060238122940063,27.01714324951172,215.37142857142857,1607.228271484375,1863.914306640625,-0.3390476107597351,1058.142857142857,0,482,1,0,0,21,17,41
0,113.0,0.023945268243551254,267.0,4.0,283.0,32767.0,165.81632653061223,14482.3330078125,25.66666603088379,6.083333492279053,18134.06640625,22.933332443237305,3.799999952316284,4.633333206176758,48.33333206176758,24926.666015625,3645.4857142857145,0.7058333158493042,27.073808670043945,226.88571428571427,1625.997802734375,1832.3714599609375,-0.48454761505126953,1058.6285714285714,0,482,1,0,0,21,22,47
1,103.0,0.0,267.0,4.0,283.0,32767.0,168.46938775510202,18365.333984375,25.700000762939453,5.916666507720947,16316.033203125,20.75,3.9000000953674316,5.0,41.0,28477.666015625,3598.5142857142855,0.6968095302581787,27.030118942260742,238.77142857142857,1658.809326171875,1821.0,-0.5374047160148621,1063.4571428571428,0,482,1,0,0,41,6,51
1,136.93313962145245,0.0,267.0,4.0,283.0,32767.0,170.36734693877548,13969.5,26.96666717529297,6.7833333015441895,22173.81640625,24.133333206176758,4.0,5.0,35.46666717529297,44554.83203125,3566.542857142857,0.6908809542655945,27.0098819732666,246.02857142857144,1685.4342041015625,1804.17138671875,-0.588952362537384,1070.8857142857144,0,482,1,0,0,21,16,71
1,125.0,0.02508551813662052,267.0,4.0,230.0,32767.0,181.97959183673464,17289.666015625,25.21666717529297,7.133333206176758,19144.599609375,23.799999237060547,3.9000000953674316,4.849999904632568,39.5,31889.0,3629.5714285714284,0.6816190481185913,26.86142921447754,228.54285714285714,1603.9296875,1849.5142822265625,-0.8322857022285461,1035.1714285714286,1,511,1,0,0,21,18,54
1,124.0,0.0,267.0,4.0,230.0,32767.0,181.97959183673464,11175.3330078125,27.53333282470703,7.400000095367432,15259.8662109375,22.233333587646484,3.5,4.849999904632568,51.58333206176758,20428.666015625,3560.7714285714287,0.6793571710586548,26.881547927856445,226.9142857142857,1609.5684814453125,1820.7142333984375,-0.8567380905151367,1039.9714285714285,0,467,1,0,0,21,8,66
1,111.0,0.0,267.0,4.0,230.0,32767.0,188.30612244897947,14198.3330078125,24.700000762939453,11.733333587646484,17228.599609375,22.71666717529297,3.5,4.516666889190674,44.21666717529297,28639.333984375,3698.657142857143,0.7000714540481567,26.933691024780273,225.71428571428572,1579.9432373046875,1788.5714111328125,-0.9049285650253296,1029.1142857142856,3,467,1,0,0,24,8,61
0,28.0,0.0,267.0,4.0,230.0,32767.0,182.06122448979576,19501.333984375,32.96666717529297,16.91666603088379,17599.6171875,24.016666412353516,4.300000190734863,5.5,31.700000762939453,45208.5,3485.8571428571427,0.6975714564323425,26.93190574645996,275.4,1737.405517578125,1632.142822265625,-0.9730237722396851,1072.942857142857,0,511,1,0,0,24,5,11
1,201.0,0.0022805016487836838,267.0,4.0,230.0,11061.0,210.2040816326529,19992.666015625,29.600000381469727,7.5,19078.333984375,21.450000762939453,3.5999999046325684,4.699999809265137,31.299999237060547,33101.66796875,3695.9714285714285,0.6763809323310852,26.70511817932129,238.31428571428572,1621.564208984375,1674.94287109375,-1.0378808975219727,1033.3428571428572,1,467,1,0,0,34,34,82
1,57.0,0.09122006595134735,267.0,4.0,230.0,12449.0,218.04081632653046,15724.6669921875,28.399999618530273,8.366666793823242,17112.232421875,23.683332443237305,3.700000047683716,4.699999809265137,48.36666488647461,26111.333984375,3761.885714285714,0.7046428322792053,26.85761833190918,217.82857142857142,1553.816650390625,1718.3714599609375,-1.077214241027832,1024.8857142857144,2,467,1,0,0,24,15,22
0,128.0,0.06271379441022873,267.0,4.0,283.0,7274.0,227.5102040816325,11383.6669921875,29.46666717529297,6.449999809265137,17439.43359375,26.100000381469727,3.700000047683716,4.400000095367432,44.150001525878906,23102.666015625,3775.057142857143,0.6857143044471741,26.674999237060547,213.8,1550.9876708984375,1725.085693359375,-1.0751428604125977,1019.7714285714286,1,507,1,0,0,41,9,50
0,64.0,0.057012543082237244,267.0,4.0,283.0,2571.0,235.99999999999983,16070.3330078125,30.75,10.383333206176758,19037.416015625,25.183332443237305,3.200000047683716,4.616666793823242,43.86666488647461,21136.833984375,3691.2285714285713,0.6639523506164551,26.464284896850586,216.57142857142858,1562.0850830078125,1696.2572021484375,-1.093571424484253,1016.0285714285715,1,507,1,0,0,21,3,26
0,233.0,0.6465222239494324,267.0,4.0,283.0,4861.0,228.22448979591823,13281.8330078125,34.43333435058594,10.933333396911621,17548.916015625,25.566667556762695,4.0,4.416666507720947,44.38333511352539,25206.0,3679.4857142857145,0.6740714311599731,26.516071319580078,216.82857142857142,1560.3602294921875,1700.142822265625,-1.0720000267028809,1017.7142857142857,0,507,1,0,0,24,24,110
0,133.0,0.2713797092437744,267.0,4.0,219.0,3035.0,254.99999999999983,17061.333984375,33.400001525878906,12.75,17791.6328125,24.21666717529297,3.5,4.566666603088379,42.349998474121094,25171.666015625,3644.6857142857143,0.6866666674613953,26.700475692749023,215.94285714285715,1555.6806640625,1702.2857666015625,-1.07704758644104,1022.8857142857142,1,507,1,0,0,21,3,53
0,323.0,0.3500570058822632,267.0,4.0,283.0,2264.0,262.408163265306,13834.0,28.450000762939453,9.383333206176758,17914.599609375,25.566667556762695,3.9000000953674316,4.300000190734863,48.46666717529297,21286.5,3570.2,0.6780714392662048,26.611547470092773,213.17142857142858,1555.1912841796875,1718.1142578125,-1.0437856912612915,1024.057142857143,0,507,1,0,1,24,1,176
0,142.0,0.9156214594841003,267.0,4.0,283.0,1042.0,267.4489795918366,16122.6669921875,20.683332443237305,11.733333587646484,16337.2001953125,24.08333396911621,3.9000000953674316,4.566666603088379,48.016666412353516,27073.666015625,3566.2,0.6718809604644775,26.551786422729492,214.71428571428572,1555.515380859375,1713.4571533203125,-1.0438095331192017,1020.3142857142857,1,507,1,0,1,31,4,77
1,59.0,0.4675028622150421,267.0,4.0,283.0,1204.0,272.1020408163264,15331.6669921875,25.149999618530273,11.116666793823242,21304.25,24.28333282470703,4.199999809265137,4.650000095367432,42.88333511352539,25192.166015625,3426.885714285714,0.6796428561210632,26.644641876220703,210.6,1553.08740234375,1752.2857666015625,-1.056238055229187,1027.7428571428572,1,507,1,0,1,31,2,26
0,136.0,0.5929304361343384,267.0,4.0,283.0,1605.0,271.3265306122447,13779.8330078125,25.616666793823242,8.916666984558105,18068.05078125,25.866666793823242,3.9000000953674316,4.516666889190674,46.28333282470703,23911.5,3212.5142857142855,0.6474047899246216,26.549880981445312,207.0,1562.5865478515625,1806.5142822265625,-0.9488095045089722,1030.3142857142857,1,507,1,0,1,31,3,54
1,425.0,0.18358038365840912,267.0,4.0,283.0,1560.0,270.6734693877549,15459.6669921875,26.700000762939453,8.416666984558105,19902.083984375,25.96666717529297,4.300000190734863,4.699999809265137,41.63333511352539,23698.333984375,3236.5142857142855,0.6496428847312927,26.59083366394043,205.9142857142857,1556.5577392578125,1815.4857177734375,-0.9492380619049072,1030.142857142857,0,507,1,0,1,31,30,190
0,55.0,0.30786773562431335,267.0,4.0,283.0,1442.0,270.16326530612224,15472.0,26.549999237060547,7.583333492279053,19097.93359375,26.733333587646484,4.300000190734863,4.599999904632568,45.75,36852.66796875,3183.5714285714284,0.6280714273452759,26.428810119628906,201.2,1561.3988037109375,1849.4285888671875,-0.9365000128746033,1030.1142857142856,0,507,1,0,1,41,8,29
0,149.0,0.9521094560623169,267.0,4.0,283.0,1066.0,261.32653061224465,13440.1669921875,27.633333206176758,12.300000190734863,18673.849609375,27.399999618530273,4.099999904632568,4.5,47.400001525878906,23885.166015625,3126.0285714285715,0.6155238151550293,26.303333282470703,196.85714285714286,1566.5841064453125,1886.5714111328125,-0.9116190671920776,1031.8285714285714,1,507,1,0,1,42,9,79
0,34.0,0.0946408212184906,267.0,4.0,283.0,1531.0,263.34693877551007,,31.100000381469727,9.583333015441895,,27.21666717529297,5.099999904632568,4.800000190734863,40.11666488647461,,3056.714285714286,0.6374285817146301,26.554048538208008,193.8,1562.652587890625,1969.4857177734375,-0.7274285554885864,1043.6857142857143,0,507,1,0,1,41,6,20
0,310.0,0.8745723962783813,267.0,4.0,283.0,1162.0,259.99999999999983,12972.8330078125,26.700000762939453,12.016666412353516,17190.6328125,22.450000762939453,3.799999952316284,4.449999809265137,50.849998474121094,25325.333984375,3067.7428571428572,0.6275237798690796,26.46416664123535,192.22857142857143,1566.93310546875,1980.8857421875,-0.6835952401161194,1044.5714285714287,0,507,1,0,1,42,15,133
0,162.0,0.4982896149158478,296.0,1.0,283.0,1806.0,255.673469387755,12846.8330078125,32.31666564941406,11.183333396911621,17978.1328125,23.08333396911621,4.099999904632568,4.75,42.75,27284.166015625,3075.542857142857,0.6509047746658325,26.685237884521484,202.77142857142857,1601.898681640625,1999.4000244140625,-0.5355713963508606,1065.142857142857,2,507,1,0,1,21,16,79
0,305.0,0.6316989660263062,296.0,1.0,283.0,2154.0,258.67346938775506,14948.0,30.149999618530273,10.983333587646484,20874.732421875,30.21666717529297,4.099999904632568,4.816666603088379,43.900001525878906,29529.0,3075.542857142857,0.6509047746658325,26.685237884521484,202.77142857142857,1601.898681640625,1999.4000244140625,-0.5355713963508606,1065.142857142857,2,507,1,0,1,21,21,138
0,,0.02508551813662052,296.0,1.0,283.0,1823.0,263.04081632653055,11918.1669921875,30.433332443237305,11.866666793823242,16418.69921875,22.0,4.199999809265137,4.699999809265137,49.38333511352539,19525.0,3171.885714285714,0.6366190314292908,26.546308517456055,182.82857142857142,1578.046875,2138.085693359375,-0.47880956530570984,1065.4571428571428,3,518,1,0,0,34,3,
0,287.0,0.7309008240699768,296.0,1.0,260.0,1376.0,268.9183673469386,12966.6669921875,29.83333396911621,7.900000095367432,17346.8828125,21.850000381469727,3.9000000953674316,4.4666666984558105,50.983333587646484,21991.333984375,3193.2571428571428,0.6259047389030457,26.43488121032715,177.34285714285716,1576.8074951171875,2174.8857421875,-0.47552379965782166,1066.1714285714286,0,518,1,0,0,21,3,113
0,232.0,0.473204106092453,296.0,1.0,260.0,1243.0,277.0204081632652,12284.0,30.933332443237305,8.933333396911621,18233.56640625,21.883333206176758,4.099999904632568,4.400000095367432,48.733333587646484,19215.666015625,3205.2571428571428,0.6229285597801208,26.42892837524414,175.0857142857143,1580.226806640625,2187.05712890625,-0.4634999930858612,1069.6285714285714,0,518,1,0,1,21,3,118
0,130.0,0.6602052450180054,296.0,1.0,260.0,1198.0,289.28571428571416,10476.5,30.516666412353516,7.233333110809326,15994.81640625,22.16666603088379,4.199999809265137,4.5,48.53333282470703,20392.833984375,3158.3142857142857,0.6234762072563171,26.410951614379883,172.17142857142858,1580.6982421875,2239.628662109375,-0.39469048380851746,1073.4285714285713,1,518,1,0,1,42,8,66
0,194.0,0.6898517608642578,296.0,1.0,260.0,1195.0,287.28571428571405,12524.3330078125,34.58333206176758,10.916666984558105,17090.8828125,23.450000762939453,4.099999904632568,4.449999809265137,48.29999923706055,18347.5,3144.657142857143,0.6223095059394836,26.398929595947266,171.42857142857142,1582.6153564453125,2264.771484375,-0.3594285547733307,1075.7428571428572,1,518,1,0,1,41,16,97
0,126.0,0.4264538288116455,296.0,1.0,260.0,1391.0,290.28571428571416,11548.3330078125,32.099998474121094,9.166666984558105,17061.583984375,22.983333587646484,4.5,4.400000095367432,47.54999923706055,23496.833984375,3089.7714285714287,0.6312857270240784,26.42892837524414,170.4,1580.858154296875,2338.05712890625,-0.2786666750907898,1079.4857142857143,0,518,1,0,0,31,7,63
0,168.0,0.4116305708885193,296.0,1.0,260.0,1523.0,287.4285714285713,15555.6669921875,29.16666603088379,8.033333778381348,18600.732421875,22.366666793823242,4.5,4.550000190734863,48.79999923706055,27053.833984375,3089.7714285714287,0.6312857270240784,26.42892837524414,170.4,1580.858154296875,2338.05712890625,-0.2786666750907898,1079.4857142857143,1,518,1,0,0,41,8,69
1,63.0,0.33295324444770813,296.0,1.0,260.0,1500.0,283.9591836734693,15742.1669921875,29.21666717529297,8.75,19037.333984375,22.899999618530273,4.5,4.550000190734863,43.20000076293945,31646.833984375,3072.457142857143,0.6285714507102966,26.4136905670166,163.97142857142856,1584.3623046875,2410.1142578125,-0.24504761397838593,1088.6571428571428,1,518,1,0,0,41,3,31
0,134.0,0.3112884759902954,296.0,1.0,260.0,2004.0,279.24489795918356,13797.8330078125,33.266666412353516,8.533333778381348,18069.81640625,23.399999618530273,4.900000095367432,4.449999809265137,44.54999923706055,21511.666015625,3033.9714285714285,0.6344761848449707,26.409643173217773,162.68571428571428,1582.348388671875,2470.485595703125,-0.17009522020816803,1090.5142857142857,1,518,1,0,0,42,2,49
0,57.0,0.5210946202278137,296.0,1.0,260.0,1405.0,275.38775510204067,20204.666015625,32.46666717529297,9.449999809265137,22066.666015625,23.066667556762695,5.099999904632568,4.5,44.900001525878906,28476.833984375,3009.0857142857144,0.6349285840988159,26.386547088623047,155.62857142857143,1581.1458740234375,2553.82861328125,-0.11092858761548996,1097.2,1,518,1,0,0,21,8,28
1,208.0,0.45496007800102234,296.0,1.0,260.0,1927.0,270.816326530612,15878.0,28.33333396911621,8.383333206176758,19029.0,23.71666717529297,5.0,4.5,48.5,29336.0,2996.8,0.6342619061470032,26.393571853637695,159.05714285714285,1596.80029296875,2525.628662109375,-0.1003333181142807,1103.7714285714285,1,518,1,0,0,41,10,78
0,137.0,0.31470924615859985,296.0,1.0,260.0,1670.0,267.9387755102038,15804.0546875,29.205554962158203,7.872221946716309,20559.60546875,23.61111068725586,5.166666507720947,4.5333333015441895,45.28333282470703,27572.166015625,2959.285714285714,0.6407142877578735,26.41261863708496,146.97142857142856,1582.6966552734375,2633.17138671875,0.044404760003089905,1111.2,2,518,1,0,0,42,6,50
0,315.0,0.57012540102005,296.0,1.0,260.0,1732.0,261.8367346938773,14832.6669921875,31.21666717529297,7.616666793823242,23227.30078125,24.233333587646484,5.5,4.449999809265137,45.5,22517.5,2975.1714285714284,0.6334999799728394,26.35678482055664,141.74285714285713,1584.0712890625,2638.771484375,0.059809524565935135,1114.4285714285713,0,518,1,0,0,41,8,139
1,87.0,0.3386545181274414,296.0,1.0,260.0,1891.0,258.6530612244896,15029.5,30.850000381469727,7.733333110809326,20862.966796875,24.049999237060547,5.5,4.583333492279053,45.483333587646484,28985.833984375,2957.714285714286,0.6328571438789368,26.350833892822266,138.65714285714284,1584.7738037109375,2663.05712890625,0.1101904958486557,1117.942857142857,0,518,1,0,0,42,2,36
0,,0.2827822268009186,296.0,1.0,260.0,1676.0,255.57142857142833,13607.1669921875,31.41666603088379,6.400000095367432,22463.416015625,23.633333206176758,5.5,4.699999809265137,49.03333282470703,26703.333984375,2915.8571428571427,0.6391904950141907,26.360000610351562,135.14285714285714,1581.473388671875,2704.428466796875,0.17373809218406677,1121.7142857142858,8,518,1,0,0,42,1,
1,236.0,0.2086659073829651,296.0,1.0,260.0,2182.0,253.51020408163242,15585.5,30.96666717529297,7.066666603088379,22593.033203125,23.91666603088379,5.599999904632568,4.449999809265137,39.75,27085.666015625,2911.7714285714287,0.6406428813934326,26.38381004333496,135.22857142857143,1588.956787109375,2697.314208984375,0.17940476536750793,1126.8285714285714,1,518,1,0,0,41,11,104
0,186.0,0.312428742647171,296.0,1.0,260.0,5010.0,250.89795918367327,15252.0,31.649999618530273,6.349999904632568,20791.93359375,23.266666412353516,5.099999904632568,4.550000190734863,45.41666793823242,20592.0,2832.714285714286,0.6447857022285461,26.39642906188965,135.0857142857143,1590.564208984375,2741.485595703125,0.2692142724990845,1130.1142857142856,2,518,1,0,0,41,3,72
1,331.0,0.6328392028808594,296.0,1.0,260.0,3904.0,249.0408163265304,13067.0,32.983333587646484,8.466666221618652,22249.900390625,23.71666717529297,5.5,4.483333110809326,43.95000076293945,27287.0,2828.657142857143,0.6405952572822571,26.3655948638916,129.82857142857142,1591.0782470703125,2762.05712890625,0.2996666729450226,1134.2857142857142,0,518,1,0,0,42,21,152
0,275.0,0.3854047954082489,296.0,1.0,260.0,2303.0,244.12244897959167,11094.4443359375,32.61666488647461,7.116666793823242,21344.33984375,23.133333206176758,5.166666507720947,4.4666666984558105,43.622222900390625,20488.66796875,2792.6,0.6414523720741272,26.36726188659668,129.85714285714286,1592.5594482421875,2766.17138671875,0.3797857165336609,1135.7428571428572,0,518,1,0,0,34,25,136
0,135.0,0.6567844748497009,296.0,1.0,260.0,6203.0,241.8775510205781,16892.943359375,30.122222900390625,8.266666412353516,23966.10546875,24.08333396911621,5.333333492279053,4.449999809265137,45.42222213745117,25938.9453125,2673.6285714285714,0.647761881351471,26.417499542236328,139.45714285714286,1598.7276611328125,2747.428466796875,0.44200000166893005,1132.5714285714287,0,518,1,0,0,31,33,55
0,133.0,0.3568985164165497,296.0,1.0,260.0,1947.0,226.9999999999998,14778.8330078125,32.56666564941406,7.800000190734863,25763.56640625,26.700000762939453,5.199999809265137,4.550000190734863,41.46666717529297,32898.83203125,2554.1428571428573,0.64769047498703,26.428333282470703,143.4857142857143,1602.792236328125,2733.82861328125,0.6224047541618347,1131.6571428571428,0,518,1,0,0,42,12,65
0,135.0,0.5553021430969238,296.0,1.0,260.0,10040.0,229.81632653061206,13055.1669921875,35.41666793823242,8.050000190734863,19489.216796875,23.683332443237305,5.099999904632568,4.650000095367432,42.41666793823242,30696.666015625,2413.885714285714,0.6597856879234314,26.498571395874023,154.82857142857142,1604.5811767578125,2710.314208984375,0.6390476226806641,1125.8285714285714,0,518,1,0,1,21,2,63
1,159.0,0.23375143110752106,296.0,1.0,260.0,8253.0,223.48979591836718,11216.27734375,31.594444274902344,9.199999809265137,17762.888671875,23.744443893432617,5.166666507720947,4.472221851348877,43.366668701171875,23907.666015625,2370.714285714286,0.6603809595108032,26.5094051361084,153.65714285714284,1596.7935791015625,2710.485595703125,0.714119017124176,1122.8857142857144,0,518,1,0,1,41,28,78
0,82.0,0.5245153903961182,296.0,1.0,260.0,18298.0,216.71428571428555,12169.5,26.78333282470703,10.800000190734863,18624.30078125,24.46666717529297,5.300000190734863,4.833333492279053,41.66666793823242,30017.5,2254.9142857142856,0.6964523792266846,26.68666648864746,167.14285714285714,1607.2393798828125,2688.857177734375,0.8063333034515381,1129.2857142857142,0,518,1,0,0,21,5,29
0,169.0,0.3637400269508362,296.0,1.0,219.0,19585.0,203.55102040816314,14692.1669921875,28.316667556762695,7.900000095367432,17708.982421875,23.549999237060547,5.0,4.699999809265137,46.11666488647461,24563.666015625,2235.0,0.6787381172180176,26.601072311401367,169.54285714285714,1619.755859375,2669.1142578125,0.8312618732452393,1127.0857142857142,0,480,1,0,0,31,9,73
0,95.0,0.34093499183654785,296.0,1.0,260.0,23090.0,204.12244897959167,14779.5,27.899999618530273,7.7166666984558105,21691.93359375,22.899999618530273,5.0,4.699999809265137,45.66666793823242,27279.5,2195.457142857143,0.6892619132995605,26.661190032958984,169.17142857142858,1610.504638671875,2686.742919921875,0.8567857146263123,1126.5142857142857,0,518,1,0,0,21,2,34
1,34.0,0.01824401319026947,296.0,1.0,260.0,14224.0,200.7142857142855,15878.0,32.08333206176758,10.433333396911621,25225.19921875,23.266666412353516,5.300000190734863,4.800000190734863,43.150001525878906,27915.0,2075.4285714285716,0.7036190629005432,26.731189727783203,186.6,1629.66796875,2662.17138671875,0.8880237936973572,1125.3428571428572,0,518,1,0,0,41,21,14
1,47.0,0.0011402508243918419,296.0,1.0,260.0,11839.0,197.4081632653059,15895.3330078125,28.03333282470703,7.949999809265137,25427.0,23.049999237060547,5.5,4.849999904632568,43.63333511352539,34529.0,1958.4285714285713,0.716952383518219,26.801904678344727,215.02857142857144,1714.5457763671875,2610.1142578125,0.8947857022285461,1150.2571428571428,0,518,1,0,0,34,3,18
0,,0.019384264945983887,296.0,1.0,219.0,8248.0,191.142857142857,,,,,,,,,,1931.7428571428572,0.7138333320617676,26.796667098999023,216.62857142857143,1744.549072265625,2609.371337890625,0.9143095016479492,1164.4857142857143,0,518,1,0,0,34,20,
1,46.0,0.10490307956933975,296.0,1.0,238.0,26054.0,194.24489795918348,17595.833984375,26.316667556762695,9.483333587646484,21424.1171875,25.149999618530273,5.300000190734863,4.7833333015441895,48.75,40941.66796875,1926.8,0.7200714349746704,26.79190444946289,180.88571428571427,1618.450927734375,2714.6572265625,0.9393333196640015,1130.057142857143,0,508,1,0,0,31,9,18
1,59.0,0.023945268243551254,296.0,1.0,238.0,26607.0,191.79591836734681,15157.6669921875,30.316667556762695,7.9666666984558105,20923.1328125,23.816667556762695,5.5,4.583333492279053,42.900001525878906,32119.666015625,1866.4571428571428,0.7177619338035583,26.766904830932617,189.42857142857142,1631.637451171875,2710.94287109375,0.9562618732452393,1127.0285714285715,0,508,1,0,0,31,5,21
1,172.0,0.3044469654560089,296.0,1.0,238.0,16823.0,198.8163265306121,18259.5,30.866666793823242,9.016666412353516,21796.0,23.100000381469727,5.400000095367432,4.599999904632568,40.483333587646484,47307.0,1798.6571428571428,0.7200475931167603,26.747142791748047,199.31428571428572,1658.215576171875,2667.0,0.9627380967140198,1133.142857142857,1,508,1,0,0,31,31,66
1,127.0,0.028506271541118622,296.0,1.0,238.0,10079.0,203.53061224489778,19382.0,32.71666717529297,10.033333778381348,24906.93359375,23.649999618530273,5.099999904632568,4.599999904632568,41.29999923706055,30298.333984375,1747.9142857142858,0.7189761996269226,26.73797607421875,199.37142857142857,1661.6644287109375,2672.028564453125,0.9549523591995239,1134.5714285714287,0,508,1,0,0,41,22,51
1,78.0,0.21322691440582275,296.0,1.0,238.0,3780.0,208.36734693877534,16978.5,31.5,9.783333778381348,19703.849609375,23.21666717529297,5.0,4.449999809265137,42.75,27040.0,1676.7428571428572,0.7110714316368103,26.675596237182617,204.4,1669.10302734375,2641.485595703125,0.9519761800765991,1130.057142857143,1,508,1,0,0,31,24,37
1,223.0,0.0,296.0,1.0,238.0,5750.0,209.877551020408,15107.111328125,31.13888931274414,9.5,17459.89453125,23.683332443237305,5.099999904632568,4.400000095367432,45.82222366333008,40921.66796875,1611.7714285714285,0.7142857313156128,26.675357818603516,199.77142857142857,1662.3812255859375,2676.771484375,0.9516428709030151,1131.6285714285714,0,508,1,0,0,31,35,88
0,174.0,0.216647669672966,296.0,1.0,238.0,4910.0,218.2448979591835,15889.0,27.850000381469727,9.333333015441895,18309.599609375,23.316667556762695,5.300000190734863,4.699999809265137,47.81666564941406,31023.0,1655.6,0.7395238280296326,26.7405948638916,201.4,1649.90234375,2636.314208984375,0.9502381086349487,1130.4571428571428,0,508,1,0,0,31,4,66
0,158.0,0.0011402508243918419,296.0,1.0,238.0,5494.0,218.2448979591835,12937.814453125,29.42037010192871,10.083333015441895,17827.283203125,22.509260177612305,5.300000190734863,4.788888931274414,52.674072265625,22659.0,1655.6,0.7395238280296326,26.7405948638916,201.4,1649.90234375,2636.314208984375,0.9502381086349487,1130.4571428571428,0,508,1,0,0,31,12,69
1,107.0,0.0,296.0,1.0,238.0,5538.0,230.0816326530611,16431.111328125,32.011112213134766,9.455554962158203,20813.421875,23.311111450195312,5.266666889190674,4.616666793823242,42.872222900390625,29412.111328125,1624.7142857142858,0.7237619161605835,26.652023315429688,210.68571428571428,1678.17431640625,2577.17138671875,0.9778809547424316,1129.4285714285713,0,508,1,0,0,42,9,41
1,206.0,0.23831242322921753,296.0,1.0,238.0,2936.0,230.9387755102039,17454.666015625,30.91666603088379,10.0,22629.833984375,22.53333282470703,5.0,4.616666793823242,41.099998474121094,28633.833984375,1544.6,0.715666651725769,26.5815486907959,209.02857142857144,1685.8912353515625,2575.82861328125,1.048547625541687,1130.4,0,508,1,0,0,21,23,101
0,208.0,0.0,296.0,1.0,238.0,4267.0,230.2653061224488,16457.833984375,35.86666488647461,9.550000190734863,22753.3671875,23.883333206176758,5.0,4.599999904632568,39.83333206176758,24041.833984375,1591.4285714285713,0.7141190767288208,26.527023315429688,207.0,1680.1112060546875,2552.685791015625,1.0314761400222778,1127.5714285714287,0,508,1,0,0,42,13,80
0,170.0,0.21892815828323364,296.0,1.0,238.0,4044.0,227.06122448979576,11019.6669921875,32.733333587646484,7.633333206176758,18072.0,23.16666603088379,5.099999904632568,4.699999809265137,38.900001525878906,18901.166015625,1687.057142857143,0.7239524126052856,26.540475845336914,207.14285714285714,1669.46435546875,2516.228515625,1.021214246749878,1122.2857142857142,0,508,1,0,0,31,18,64
0,158.0,0.3568985164165497,296.0,1.0,238.0,16301.0,223.67346938775492,15464.6669921875,39.849998474121094,8.850000381469727,19900.3671875,23.850000381469727,5.400000095367432,4.516666889190674,40.04999923706055,21896.0,1818.6571428571428,0.7340476512908936,26.586427688598633,204.97142857142856,1669.959228515625,2465.771484375,1.0206667184829712,1126.4,0,508,1,0,0,31,24,71
1,165.0,0.042189281433820724,296.0,1.0,238.0,20567.0,220.7346938775509,13621.5,38.33333206176758,8.933333396911621,23923.732421875,24.33333396911621,4.900000095367432,4.550000190734863,41.5,25380.166015625,1838.5142857142857,0.727642834186554,26.564523696899414,202.68571428571428,1678.695068359375,2455.485595703125,1.0992857217788696,1130.9714285714285,0,508,1,0,0,21,24,63
0,163.0,0.0,296.0,1.0,238.0,29688.0,211.1632653061223,8622.5,38.400001525878906,7.550000190734863,15781.966796875,23.316667556762695,4.800000190734863,4.900000095367432,39.20000076293945,17709.166015625,1904.2,0.7385238409042358,26.592144012451172,203.4857142857143,1674.724365234375,2426.257080078125,1.1028809547424316,1128.942857142857,0,508,1,0,0,34,4,67
0,192.0,0.39452680945396423,296.0,1.0,238.0,23884.0,201.8571428571427,11106.6669921875,42.78333282470703,8.016666412353516,17083.150390625,22.83333396911621,5.099999904632568,4.849999904632568,35.96666717529297,21888.833984375,1939.6285714285714,0.7365238070487976,26.54119110107422,220.45714285714286,1685.87158203125,2362.257080078125,1.068666696548462,1116.6857142857143,2,508,1,0,0,41,3,94
0,75.0,0.24743443727493286,296.0,1.0,238.0,21662.0,194.9999999999998,9597.22265625,42.06111145019531,6.611111164093018,15793.6611328125,22.594444274902344,4.933333396911621,4.683333396911621,34.88333511352539,19823.77734375,2061.6,0.7352856993675232,26.551666259765625,214.42857142857142,1668.7640380859375,2340.142822265625,1.1067142486572266,1111.4,1,508,1,0,0,21,1,31
1,172.0,0.3979475498199463,296.0,1.0,238.0,24000.0,188.4285714285713,8898.8330078125,37.71666717529297,7.366666793823242,14313.1337890625,23.066667556762695,5.0,4.599999904632568,35.79999923706055,47084.83203125,2067.942857142857,0.734333336353302,26.551666259765625,212.31428571428572,1683.0399169921875,2344.0,1.1279523372650146,1120.3428571428572,0,508,1,0,0,21,24,67
0,118.0,0.05473203957080841,296.0,1.0,238.0,19606.0,185.26530612244886,8696.3330078125,37.516666412353516,7.483333110809326,14003.1337890625,22.08333396911621,4.599999904632568,4.800000190734863,36.04999923706055,19866.0,2175.057142857143,0.740928590297699,26.535594940185547,203.22857142857143,1656.3583984375,2332.857177734375,1.0959285497665405,1113.6571428571428,2,508,1,0,0,21,5,45
0,164.0,0.09920182079076767,296.0,1.0,238.0,23983.0,181.1020408163264,8605.5,36.233333587646484,8.433333396911621,16597.767578125,21.066667556762695,4.300000190734863,4.900000095367432,35.21666717529297,18144.0,2318.1428571428573,0.7461428642272949,26.54035758972168,204.5142857142857,1659.91552734375,2302.028564453125,1.0311189889907837,1115.3714285714286,0,508,1,0,0,21,23,66
0,152.0,0.32839223742485046,296.0,1.0,238.0,24039.0,176.0204081632652,10727.0,36.766666412353516,9.699999809265137,16902.80078125,22.700000762939453,4.5,4.699999809265137,34.93333435058594,16902.0,2349.885714285714,0.7366666793823242,26.457857131958008,202.6,1669.467041015625,2307.8857421875,1.0571666955947876,1118.2285714285715,0,508,1,0,0,21,24,61
0,144.0,0.0,296.0,1.0,238.0,17471.0,178.61224489795902,13034.6669921875,34.849998474121094,9.333333015441895,16515.19921875,22.933332443237305,4.300000190734863,5.150000095367432,36.41666793823242,21023.333984375,2399.885714285714,0.7490237951278687,26.537738800048828,203.34285714285716,1663.082275390625,2289.514404296875,1.0219523906707764,1118.4,1,508,1,0,0,21,24,57
0,74.0,0.027366019785404205,296.0,1.0,238.0,7735.0,179.08163265306106,8792.3330078125,45.016666412353516,10.083333015441895,15163.5830078125,21.450000762939453,4.400000095367432,5.0,31.91666603088379,18260.5,2678.9142857142856,0.7409047484397888,26.396785736083984,193.25714285714287,1668.9693603515625,2286.571533203125,1.0502619743347168,1123.2571428571428,3,508,1,0,0,24,4,30
0,63.0,0.12086658924818039,296.0,1.0,238.0,6445.0,181.2857142857141,8615.0,36.36666488647461,6.866666793823242,16864.966796875,23.366666793823242,4.599999904632568,5.050000190734863,38.483333587646484,23356.333984375,2984.3142857142857,0.7387381196022034,26.402620315551758,181.77142857142857,1663.031494140625,2287.628662109375,1.0834523439407349,1128.857142857143,1,508,1,0,0,21,3,24
0,75.01321155027375,0.0809578076004982,296.0,1.0,238.0,12369.0,184.02040816326507,13113.0,36.83333206176758,7.566666603088379,16781.31640625,22.616666793823242,4.400000095367432,5.099999904632568,36.86666488647461,21589.666015625,3140.942857142857,0.7348095178604126,26.40892791748047,182.42857142857142,1684.3397216796875,2279.3427734375,1.0624761581420898,1136.7714285714285,1,508,1,0,0,21,3,30
0,90.0,0.14595210552215576,296.0,1.0,238.0,22606.0,190.04081632653043,10218.1669921875,38.25,8.183333396911621,17826.8671875,23.116666793823242,4.199999809265137,5.0,35.20000076293945,20063.0,3447.2285714285713,0.7237619161605835,26.256071090698242,174.0,1675.725341796875,2296.94287109375,1.0313810110092163,1132.5142857142857,2,508,1,0,0,21,1,
0,93.0,0.15849487483501434,296.0,1.0,238.0,23891.0,195.34693877551,9201.888671875,38.227779388427734,7.2055559158325195,18153.599609375,24.16666603088379,4.5,5.050000190734863,35.022220611572266,20903.9453125,3483.4285714285716,0.7300475835800171,26.28654670715332,173.71428571428572,1671.26171875,2280.742919921875,0.9626428484916687,1132.6857142857143,3,508,1,0,0,21,3,39
0,87.0,0.10034207254648209,296.0,1.0,238.0,19596.0,199.34693877550995,19650.333984375,38.71666717529297,15.016666412353516,19449.466796875,23.183332443237305,4.800000190734863,5.083333492279053,32.349998474121094,21836.333984375,3666.542857142857,0.726976215839386,26.27142906188965,172.74285714285713,1672.5859375,2291.742919921875,0.9413809776306152,1130.3428571428572,2,508,1,0,0,41,16,35
0,107.0,0.2976054847240448,296.0,1.0,238.0,9005.0,202.87755102040796,11133.6669921875,38.733333587646484,13.333333015441895,17985.232421875,23.08333396911621,4.099999904632568,4.699999809265137,28.383333206176758,18818.0,3792.057142857143,0.7190714478492737,26.269046783447266,178.85714285714286,1717.3841552734375,2260.428466796875,0.8700000047683716,1147.0,1,508,1,1,0,31,3,45
0,113.0,0.6066134572029114,296.0,1.0,238.0,2819.0,206.73469387755082,10226.4443359375,41.594444274902344,14.861111640930176,24859.85546875,25.961111068725586,4.366666793823242,4.800000190734863,29.605554580688477,23946.888671875,3956.2,0.711976170539856,26.242738723754883,170.9142857142857,1713.0224609375,2299.142822265625,0.8426428437232971,1146.6857142857143,0,508,1,1,0,41,18,44
0,96.0,0.8905358910560608,296.0,1.0,238.0,2609.0,207.44897959183655,10705.0,40.91666793823242,13.583333015441895,17524.3671875,21.183332443237305,4.0,4.7166666984558105,31.03333282470703,20257.166015625,3976.5142857142855,0.7123095393180847,26.19797706604004,171.74285714285713,1710.2786865234375,2282.628662109375,0.7598809599876404,1143.4857142857143,2,508,1,1,0,31,26,37
0,111.0,0.33523374795913696,296.0,1.0,238.0,8031.0,205.79591836734673,10004.3330078125,38.75,15.966666221618652,18242.966796875,23.799999237060547,4.199999809265137,4.766666889190674,31.799999237060547,18450.5,4156.971428571429,0.7238571643829346,26.295000076293945,165.4,1709.0211181640625,2310.1142578125,0.6398333311080933,1151.4285714285713,2,508,1,1,0,21,4,42
0,184.0,0.49714937806129456,296.0,1.0,238.0,15618.0,202.10204081632634,9791.1669921875,41.63333511352539,15.25,16609.517578125,22.91666603088379,4.199999809265137,4.800000190734863,33.79999923706055,18664.833984375,4323.828571428571,0.7303333282470703,26.360713958740234,162.05714285714285,1699.954345703125,2354.371337890625,0.5446666479110718,1148.5714285714287,1,508,1,0,0,21,27,98
1,213.0,0.1277080923318863,296.0,1.0,238.0,15726.0,194.9999999999998,8897.0,36.53333282470703,15.383333206176758,15161.81640625,20.899999618530273,4.400000095367432,4.800000190734863,38.36666488647461,48302.16796875,4369.457142857143,0.7451428771018982,26.50511932373047,162.14285714285714,1689.420654296875,2350.28564453125,0.4638809561729431,1147.2285714285715,0,508,1,0,0,41,32,101
0,174.0,0.052451539784669876,296.0,1.0,238.0,10097.0,187.18367346938763,9594.6669921875,29.350000381469727,18.733333587646484,19307.31640625,23.133333206176758,4.300000190734863,5.0,39.91666793823242,19829.333984375,4539.314285714286,0.755142867565155,26.540475845336914,150.4,1651.484130859375,2434.8857421875,0.3649999797344208,1136.9714285714285,0,508,1,0,0,42,15,86
0,,0.0,296.0,1.0,238.0,16007.0,174.6530612244896,8174.5,28.399999618530273,19.100000381469727,15349.06640625,21.899999618530273,4.0,5.099999904632568,42.599998474121094,17265.333984375,4687.771428571428,0.7589523792266846,26.572500228881836,147.9142857142857,1653.867431640625,2479.17138671875,0.3296666741371155,1138.0285714285715,1,508,1,0,0,21,5,
0,64.0,0.0,296.0,1.0,238.0,14927.0,170.73469387755094,9127.3330078125,29.96666717529297,18.25,16525.8828125,22.616666793823242,4.199999809265137,5.099999904632568,41.78333282470703,20881.0,4719.428571428572,0.7596190571784973,26.515953063964844,147.82857142857142,1652.023193359375,2479.6572265625,0.24714286625385284,1134.7428571428572,0,508,1,0,0,41,3,26
0,75.0,0.011402508243918419,296.0,1.0,238.0,19566.0,162.1632653061224,9068.6669921875,28.91666603088379,18.016666412353516,17865.30078125,22.266666412353516,4.400000095367432,4.849999904632568,42.61666488647461,20496.666015625,4748.2,0.7792618870735168,26.701786041259766,164.22857142857143,1681.2344970703125,2488.571533203125,0.07990476489067078,1140.057142857143,4,508,1,0,0,41,11,29
0,116.0,0.3158494830131531,296.0,1.0,238.0,25624.0,157.97959183673453,10541.5,26.066667556762695,18.016666412353516,17634.30078125,21.766666412353516,4.5,4.900000095367432,45.18333435058594,19690.166015625,4854.257142857143,0.7789523601531982,26.713571548461914,161.62857142857143,1668.607666015625,2541.05712890625,0.1480952352285385,1135.1142857142856,3,508,1,0,0,24,10,45
0,32.0,0.0,267.0,4.0,238.0,32767.0,145.61224489795916,8618.1669921875,29.100000381469727,17.850000381469727,17498.55078125,21.933332443237305,4.199999809265137,4.916666507720947,41.91666793823242,22286.666015625,4880.5142857142855,0.7956666350364685,26.74380874633789,165.4857142857143,1670.945068359375,2527.54296875,-0.052571430802345276,1132.8,6,508,1,0,0,24,1,12
0,109.0,0.0,267.0,4.0,238.0,32767.0,144.67346938775498,10575.3330078125,26.933332443237305,19.383333206176758,17005.0,22.03333282470703,4.400000095367432,4.900000095367432,43.233333587646484,31710.0,4979.542857142857,0.7839047908782959,26.66880989074707,165.94285714285715,1666.5606689453125,2590.6572265625,-5.952421925030649E-4,1125.5142857142857,9,508,1,0,0,21,12,46
0,37.0,0.03762827813625336,267.0,4.0,238.0,32767.0,140.02040816326524,10121.3330078125,26.100000381469727,19.233333587646484,16270.43359375,21.233333587646484,4.300000190734863,4.816666603088379,45.599998474121094,20326.166015625,4998.5142857142855,0.7800952196121216,26.714284896850586,185.22857142857143,1685.5208740234375,2560.60009765625,-0.20502378046512604,1116.4,5,508,1,0,0,34,5,14
0,92.0,0.16989737749099731,267.0,4.0,238.0,32767.0,136.67346938775503,9980.0,30.649999618530273,15.283333778381348,16313.0,21.683332443237305,4.300000190734863,4.916666507720947,42.93333435058594,21568.666015625,5051.8,0.7825952172279358,26.722976684570312,188.6,1678.03125,2555.60009765625,-0.3504285514354706,1109.0285714285715,0,508,1,0,0,21,5,36
0,21.0,0.12314709275960922,267.0,4.0,238.0,32767.0,132.5918367346938,11524.0,33.83333206176758,16.53333282470703,17368.69921875,21.549999237060547,4.0,5.0,36.233333587646484,21196.0,5061.114285714286,0.7898809313774109,26.780595779418945,194.28571428571428,1681.6884765625,2541.028564453125,-0.37659525871276855,1107.8857142857144,7,508,1,0,1,24,4,9
0,58.0,0.2360319197177887,267.0,4.0,238.0,31812.0,128.93877551020398,14535.5,33.68333435058594,13.533333778381348,16483.083984375,21.799999237060547,4.300000190734863,5.0,43.66666793823242,22779.666015625,5135.571428571428,0.7944762110710144,26.81999969482422,203.4,1682.7806396484375,2529.39990234375,-0.4323333203792572,1101.5428571428572,0,508,1,0,1,41,9,25
0,43.0,0.15735462307929993,267.0,4.0,238.0,32767.0,128.2653061224489,13794.0,33.46666717529297,12.199999809265137,17107.017578125,20.850000381469727,4.400000095367432,4.800000190734863,40.650001525878906,33958.83203125,5157.857142857143,0.826285719871521,26.98285675048828,212.94285714285715,1679.6514892578125,2502.1142578125,-0.5641190409660339,1096.3428571428572,3,508,1,0,1,24,18,20
0,82.0,0.12656784057617188,267.0,4.0,238.0,30067.0,124.6326530612244,16159.1669921875,34.13333511352539,14.316666603088379,16854.416015625,21.566667556762695,3.9000000953674316,5.099999904632568,41.233333587646484,24150.833984375,5221.771428571428,0.822690486907959,26.962499618530273,221.74285714285713,1665.1236572265625,2465.971435546875,-0.614547610282898,1078.8285714285714,0,508,1,0,1,24,9,34
0,106.0,0.39452680945396423,267.0,4.0,238.0,13542.0,121.20408163265297,14364.185546875,28.070369720458984,17.487037658691406,17608.87890625,21.433332443237305,3.722222328186035,4.94444465637207,42.342594146728516,26022.759765625,5183.628571428571,0.8044999837875366,26.710832595825195,243.45714285714286,1675.486328125,2122.800048828125,-0.7537381052970886,1057.142857142857,0,508,1,0,1,31,8,49
0,124.0,0.22120866179466248,267.0,4.0,238.0,5652.0,118.6326530612244,17782.666015625,30.950000762939453,23.450000762939453,16987.55078125,20.616666793823242,3.799999952316284,5.116666793823242,40.18333435058594,26242.833984375,5205.2,0.8033809661865234,26.698095321655273,260.51428571428573,1685.418701171875,1905.5714111328125,-0.7646666765213013,1049.5142857142857,0,508,1,0,1,41,8,48
0,57.0,0.473204106092453,267.0,4.0,238.0,2716.0,119.81632653061216,12842.1669921875,30.700000762939453,16.41666603088379,18763.599609375,21.5,3.799999952316284,5.099999904632568,39.849998474121094,24531.166015625,5069.542857142857,0.7958095073699951,26.722856521606445,278.4,1700.1778564453125,1790.3714599609375,-0.7354761958122253,1045.1142857142856,0,508,1,0,1,34,9,23
0,64.0,0.5142531394958496,267.0,4.0,238.0,13850.0,117.02040816326527,17283.333984375,34.28333282470703,16.566667556762695,19365.06640625,20.350000381469727,4.0,5.199999809265137,42.900001525878906,28935.333984375,4958.314285714286,0.8278095126152039,26.907499313354492,286.85714285714283,1697.6744384765625,1742.800048828125,-0.8484523892402649,1051.4285714285713,1,611,1,0,1,31,4,24
0,69.0,0.20524515211582184,267.0,4.0,170.0,15013.0,117.22448979591833,17688.5,30.66666603088379,12.383333206176758,19747.1171875,20.799999237060547,4.400000095367432,5.099999904632568,40.733333587646484,38802.33203125,4872.685714285714,0.854285717010498,27.020000457763672,298.7142857142857,1714.9517822265625,1755.4857177734375,-0.9714999794960022,1065.2571428571428,3,611,1,0,1,31,8,26
0,20.0,0.05473203957080841,267.0,4.0,170.0,14418.0,117.22448979591833,18230.0,35.21666717529297,12.866666793823242,15586.0830078125,21.383333206176758,4.300000190734863,5.400000095367432,34.78333282470703,31598.166015625,4821.914285714286,0.8586666584014893,27.051427841186523,305.8,1718.5010986328125,1746.228515625,-1.0056666135787964,1067.2285714285715,5,611,1,0,1,31,3,7
0,71.0,0.8301026225090027,267.0,4.0,238.0,7057.0,121.2093023255813,13750.1669921875,30.950000762939453,12.316666603088379,12900.099609375,21.983333587646484,3.9000000953674316,5.0,40.68333435058594,18889.333984375,4836.0,0.8284761905670166,26.838571548461914,294.1714285714286,1691.0389404296875,1819.971435546875,-1.2298333644866943,1054.0,1,611,1,0,1,21,4,28
0,97.0,0.39566704630851746,267.0,4.0,170.0,7176.0,122.8157894736841,12193.4443359375,29.755556106567383,12.872221946716309,15923.033203125,21.738887786865234,3.866666555404663,5.005555629730225,37.655555725097656,21203.166015625,4802.2,0.8389047384262085,26.86297607421875,294.74285714285713,1692.2012939453125,1877.771484375,-1.421309471130371,1047.2857142857142,0,611,1,0,1,41,6,42
0,93.0,0.7126567959785461,267.0,4.0,170.0,6806.0,121.91176470588226,15913.3330078125,31.700000762939453,12.600000381469727,20888.19921875,21.549999237060547,3.5999999046325684,5.150000095367432,41.18333435058594,24563.666015625,4614.114285714286,0.8485000133514404,26.942737579345703,327.34285714285716,1754.7919921875,1817.6571044921875,-1.453952431678772,1061.5142857142857,4,611,1,0,1,24,5,34
0,26.0,0.034207526594400406,267.0,4.0,170.0,32767.0,122.590909090909,14213.27734375,46.338890075683594,12.850000381469727,21125.0390625,23.883333206176758,4.766666889190674,5.333333492279053,17.5,26300.5546875,4192.028571428571,0.9626904726028442,27.366785049438477,389.1142857142857,1792.886474609375,1812.5428466796875,-1.8896903991699219,1065.4285714285713,2,611,1,0,1,24,12,10
0,,0.0034207524731755257,267.0,4.0,170.0,32767.0,123.74999999999993,14497.0,45.04999923706055,12.949999809265137,21028.099609375,24.649999618530273,4.5,5.266666889190674,18.91666603088379,23798.0,4117.885714285714,0.967119038105011,27.38595199584961,398.74285714285713,1793.326171875,1771.17138671875,-1.8656666278839111,1059.057142857143,8,611,1,0,1,34,18,
1,205.0,0.0,286.0,2.0,285.0,20216.0,252.2653061224488,,,,,,,,,,565.5142857142857,0.6817857027053833,26.86618995666504,3.7142857142857144,1340.996826171875,3041.94287109375,0.08557143807411194,1088.2857142857142,0,496,1,0,0,34,12,76
0,272.0,0.7480045557022095,286.0,2.0,248.0,1765.0,241.8571428571427,16146.0,28.03333282470703,2.7166666984558105,21784.80078125,25.91666603088379,5.800000190734863,4.25,21.516666412353516,27427.333984375,626.3428571428572,0.6649285554885864,27.06702423095703,2.8,1365.3563232421875,3610.05712890625,-0.34330952167510986,1102.5714285714287,0,473,1,1,0,34,35,123
1,164.0,0.13226909935474396,286.0,2.0,248.0,2287.0,242.5510204081632,17227.666015625,32.650001525878906,3.299999952316284,23821.30078125,26.766666412353516,6.599999904632568,4.383333206176758,17.116666793823242,35197.0,622.1142857142858,0.663023829460144,27.096904754638672,3.4571428571428573,1371.404541015625,3494.17138671875,-0.36133334040641785,1105.5714285714287,0,473,1,0,1,21,10,56
0,202.0,0.4982896149158478,286.0,2.0,248.0,1417.0,242.8775510204081,15898.5,31.700000762939453,3.549999952316284,19682.0,24.383333206176758,6.0,4.133333206176758,21.0,28261.5,615.7142857142857,0.6540952324867249,27.074642181396484,4.485714285714286,1376.422607421875,3352.3427734375,-0.3278333246707916,1105.5714285714287,0,473,1,0,1,21,26,90
0,264.0,0.9042189121246338,286.0,2.0,248.0,1193.0,242.48979591836718,15051.6669921875,29.66666603088379,4.0,17077.75,23.5,6.099999904632568,4.233333110809326,22.816667556762695,24399.166015625,613.0857142857143,0.6326428651809692,26.976308822631836,9.314285714285715,1388.665283203125,2986.142822265625,-0.2797619104385376,1102.1142857142856,0,473,1,0,1,42,19,119
0,201.0,0.9475484490394592,286.0,2.0,248.0,1123.0,244.22448979591823,11750.6669921875,38.29999923706055,3.25,15294.400390625,24.233333587646484,5.099999904632568,4.183333396911621,21.549999237060547,24286.333984375,880.7428571428571,0.6068809628486633,26.87154769897461,27.257142857142856,1436.3900146484375,2597.142822265625,-0.38116663694381714,1105.3714285714286,0,473,1,0,1,24,29,90
1,289.0,0.5461801886558533,286.0,2.0,248.0,1353.0,238.69387755102022,13047.0,42.43333435058594,4.383333206176758,15016.3662109375,23.549999237060547,4.900000095367432,4.083333492279053,22.566667556762695,23767.666015625,973.3428571428572,0.6180238127708435,26.933570861816406,28.571428571428573,1449.142578125,2593.485595703125,-0.43854761123657227,1115.057142857143,0,473,1,0,1,21,21,130
1,255.0,0.2782212197780609,286.0,2.0,248.0,1843.0,239.57142857142836,11244.0,43.349998474121094,2.0333333015441895,14518.4169921875,21.91666603088379,4.300000190734863,4.2833333015441895,33.71666717529297,37154.83203125,1676.0,0.7009999752044678,27.21904754638672,70.6,1479.4874267578125,2392.228515625,-0.09826189279556274,1109.0,0,473,1,0,1,21,26,92
1,247.0,0.2702394425868988,286.0,2.0,248.0,2361.0,239.57142857142836,,,,,,,,,26070.5,1704.5142857142857,0.6919285655021667,27.168689727783203,68.42857142857143,1468.867919921875,2402.39990234375,-0.08421427011489868,1102.2857142857142,0,473,1,0,1,31,17,112
0,278.0,0.6978335380554199,286.0,2.0,248.0,1611.0,238.9999999999998,10415.6669921875,41.0,3.2166666984558105,17027.517578125,21.133333206176758,4.300000190734863,4.183333396911621,35.599998474121094,20221.833984375,1750.2857142857142,0.6887618899345398,27.056785583496094,63.94285714285714,1453.9844970703125,2430.94287109375,-0.06859523802995682,1095.142857142857,0,473,1,0,1,21,35,102
1,313.0,0.1014823243021965,286.0,2.0,248.0,2636.0,241.02040816326516,16525.0,39.36666488647461,5.416666507720947,18838.0,24.58333396911621,4.599999904632568,4.4666666984558105,25.600000381469727,41076.5,1899.2571428571428,0.7045714259147644,27.164880752563477,71.14285714285714,1457.1356201171875,2370.371337890625,0.04090476408600807,1094.6285714285714,0,473,1,0,1,34,33,112
1,268.0,0.5051311254501343,286.0,2.0,301.0,2553.0,244.32653061224474,12475.0,42.0444450378418,3.566666603088379,16878.90625,23.011112213134766,4.700000286102295,4.2833333015441895,29.511110305786133,24916.056640625,1957.4857142857143,0.7090952396392822,27.13249969482422,68.25714285714285,1453.644775390625,2390.914306640625,0.07021429389715195,1095.9142857142858,0,511,1,0,1,31,27,116
0,37.0,0.8700113892555237,286.0,2.0,301.0,1139.0,263.9795918367345,14726.0,40.93333435058594,4.233333110809326,15341.2333984375,22.16666603088379,4.800000190734863,4.150000095367432,36.45000076293945,24837.833984375,2281.0,0.715499997138977,26.950475692749023,63.17142857142857,1447.3760986328125,2411.371337890625,0.25230953097343445,1096.7142857142858,1,511,1,0,1,21,2,17
0,202.0,0.5895096659660339,286.0,2.0,301.0,1283.0,265.8367346938774,12100.1669921875,39.33333206176758,4.083333492279053,14968.1669921875,21.350000381469727,4.400000095367432,4.183333396911621,37.79999923706055,19150.0,2347.6285714285714,0.7171428799629211,26.967500686645508,66.28571428571429,1441.863525390625,2397.8857421875,0.2710476219654083,1090.7428571428572,0,511,1,0,1,21,28,98
0,149.0,0.15051311254501343,286.0,2.0,301.0,2579.0,267.7755102040814,14267.5,36.599998474121094,5.316666603088379,16151.283203125,23.25,4.300000190734863,4.199999809265137,48.41666793823242,22788.666015625,2418.8,0.717380940914154,26.882976531982422,61.51428571428571,1444.224609375,2421.371337890625,0.3073095381259918,1095.6857142857143,0,511,1,0,1,21,27,64
0,182.0,0.34663626551628113,286.0,2.0,301.0,1815.0,266.77551020408146,12498.0,34.61666488647461,5.2166666984558105,17709.19921875,23.0,5.099999904632568,4.150000095367432,46.38333511352539,21356.0,2525.4285714285716,0.7178094983100891,26.856666564941406,64.45714285714286,1441.6248779296875,2408.05712890625,0.36680951714515686,1090.7428571428572,2,511,1,0,0,21,30,72
0,345.0,0.39566704630851746,286.0,2.0,301.0,1248.0,266.77551020408146,11796.0,31.799999237060547,2.5,19528.80078125,21.299999237060547,4.099999904632568,4.150000095367432,49.79999923706055,19443.5,2563.114285714286,0.7141190767288208,26.77988052368164,65.31428571428572,1446.4732666015625,2398.742919921875,0.3809761703014374,1091.1714285714286,0,511,1,0,0,21,26,157
0,239.0,0.6476624608039856,286.0,2.0,301.0,1082.0,267.081632653061,12130.0556640625,37.35000228881836,3.8111112117767334,19511.9453125,22.11111068725586,4.5,4.116666793823242,45.47222137451172,19533.888671875,2633.1428571428573,0.7232857346534729,26.844524383544922,65.51428571428572,1447.3243408203125,2398.571533203125,0.3807142972946167,1094.057142857143,1,511,1,0,0,21,26,116
1,178.0,0.5028506517410278,286.0,2.0,301.0,1086.0,274.1224489795917,11159.8330078125,41.53333282470703,2.0833332538604736,15210.93359375,22.03333282470703,4.300000190734863,4.083333492279053,34.03333282470703,18523.5,2880.4857142857145,0.7577857375144958,27.13035774230957,71.65714285714286,1449.0777587890625,2367.314208984375,0.38035711646080017,1101.0285714285715,0,511,1,0,0,41,16,86
1,164.0,0.20068414509296417,286.0,2.0,301.0,1737.0,275.61224489795893,11205.0,39.5,4.866666793823242,17782.93359375,22.233333587646484,4.5,4.25,27.25,24562.333984375,2941.6,0.7584999799728394,27.12583351135254,72.85714285714286,1447.92626953125,2357.1142578125,0.3575476109981537,1099.0285714285715,0,511,1,0,0,31,33,80
0,217.0,0.4036487936973572,296.0,1.0,271.0,1171.0,279.8775510204079,20137.333984375,40.04999923706055,3.683333396911621,21330.666015625,23.83333396911621,5.099999904632568,4.5,31.46666717529297,37498.66796875,3618.942857142857,0.8181190490722656,27.34857177734375,107.14285714285714,1473.321533203125,2174.05712890625,0.38716667890548706,1096.0,0,482,1,0,1,41,18,105
0,137.0,0.433295339345932,296.0,1.0,271.0,1141.0,279.8775510204079,11419.3330078125,43.18333435058594,2.299999952316284,24454.099609375,22.96666717529297,5.0,4.2833333015441895,33.79999923706055,39775.0,3618.942857142857,0.8181190490722656,27.34857177734375,107.14285714285714,1473.321533203125,2174.05712890625,0.38716667890548706,1096.0,1,482,1,0,1,31,21,67
0,223.0,0.40935006737709045,296.0,3.0,271.0,1235.0,275.24489795918345,,,,,,,,,,3667.457142857143,0.8236428499221802,27.459285736083984,115.94285714285714,1487.1199951171875,2136.314208984375,0.38821426033973694,1098.7428571428572,0,482,1,0,1,31,17,92
0,151.0,0.9087799191474915,296.0,3.0,271.0,1052.0,273.9183673469385,10580.5,40.63333511352539,3.2666666507720947,16848.19921875,23.25,4.300000190734863,4.099999904632568,37.733333587646484,22175.0,3721.885714285714,0.8090476393699646,27.210357666015625,111.4,1471.613037109375,2160.39990234375,0.3862856924533844,1089.6,0,482,1,0,1,21,19,77
1,101.0,0.1425313502550125,296.0,3.0,271.0,1718.0,264.8979591836734,15915.8330078125,33.41666793823242,3.616666555404663,17688.599609375,21.96666717529297,4.400000095367432,4.5,32.21666717529297,39028.33203125,3691.2285714285713,0.8325714468955994,27.497142791748047,118.4,1472.950927734375,2132.45703125,0.3669285476207733,1090.8285714285714,0,511,1,0,1,21,2,38
1,369.0,0.0,296.0,3.0,271.0,3897.0,264.8979591836734,14839.0,39.516666412353516,3.8333332538604736,18791.466796875,22.66666603088379,5.0,4.583333492279053,29.0,32211.833984375,3651.2571428571428,0.8444761633872986,27.615713119506836,124.6,1482.3509521484375,2097.39990234375,0.3758809566497803,1093.9714285714285,2,482,1,0,1,31,20,140
0,175.0,0.4104903042316437,296.0,3.0,271.0,1906.0,261.5102040816325,12463.6669921875,41.483333587646484,3.049999952316284,18941.19921875,21.649999618530273,4.599999904632568,4.300000190734863,38.56666564941406,22519.0,3674.0,0.8366666436195374,27.545595169067383,119.8,1464.7615966796875,2131.085693359375,0.3816666901111603,1087.5714285714287,0,482,1,0,1,21,22,65
0,240.0,0.571265697479248,296.0,3.0,271.0,1751.0,259.32653061224477,,40.849998474121094,3.950000047683716,,20.866666793823242,4.300000190734863,4.699999809265137,43.16666793823242,,3639.8,0.83519047498703,27.52916717529297,123.17142857142858,1464.453857421875,2124.628662109375,0.3744523823261261,1083.7428571428572,0,482,1,0,1,41,9,96
0,217.0,0.9258837103843689,296.0,3.0,271.0,1069.0,256.408163265306,11881.3330078125,39.21666717529297,2.6666667461395264,15988.5166015625,21.299999237060547,4.300000190734863,4.050000190734863,35.16666793823242,19077.0,3633.6857142857143,0.8139523863792419,27.332618713378906,124.34285714285714,1471.750732421875,2119.39990234375,0.35928571224212646,1080.4857142857143,0,482,1,0,0,21,34,114
0,318.0,0.557582676410675,296.0,3.0,271.0,1995.0,255.79591836734676,12123.5,43.70000076293945,2.299999952316284,16478.19921875,21.58333396911621,4.599999904632568,4.099999904632568,39.650001525878906,19854.5,3605.5714285714284,0.8303333520889282,27.510000228881836,124.48571428571428,1462.270751953125,2113.628662109375,0.3593333065509796,1080.6571428571428,0,482,1,0,0,21,21,151
0,204.0,0.37514254450798035,296.0,3.0,301.0,1825.0,256.612244897959,10003.0,41.86111068725586,0.944444477558136,16079.7998046875,21.294445037841797,3.8333332538604736,4.116666793823242,47.67222213745117,19160.666015625,3559.1714285714284,0.8123095035552979,27.347143173217773,128.0,1468.731201171875,2109.514404296875,0.3410952091217041,1077.2857142857142,2,511,1,0,0,31,2,90
0,305.0,0.8129988312721252,296.0,3.0,301.0,1075.0,259.5714285714284,12730.0,48.233333587646484,1.6666666269302368,18634.1171875,22.816667556762695,4.099999904632568,4.050000190734863,35.516666412353516,20039.666015625,3501.8285714285716,0.8096666932106018,27.357261657714844,130.85714285714286,1473.2427978515625,2113.1142578125,0.28264284133911133,1077.1714285714286,0,511,1,0,0,42,9,163
0,277.0,0.21322691440582275,296.0,3.0,301.0,2870.0,258.4285714285712,13773.8330078125,36.45000076293945,2.1500000953674316,20051.30078125,21.516666412353516,4.300000190734863,4.066666603088379,54.29999923706055,20176.166015625,3508.5714285714284,0.825690507888794,27.548452377319336,121.17142857142858,1471.9512939453125,2232.54296875,0.24923808872699738,1091.2857142857142,1,511,1,0,0,31,9,115
0,180.0,0.007981755770742893,296.0,3.0,301.0,6205.0,256.4897959183672,12374.6669921875,42.28333282470703,4.816666603088379,17658.267578125,23.799999237060547,4.800000190734863,4.349999904632568,44.45000076293945,23181.0,3508.5714285714284,0.825690507888794,27.548452377319336,121.17142857142858,1471.9512939453125,2232.54296875,0.24923808872699738,1091.2857142857142,1,511,1,0,0,21,6,91
0,186.0,0.6818699836730957,296.0,3.0,301.0,1393.0,264.63265306122423,11025.5,38.61666488647461,3.5999999046325684,17441.44921875,23.183332443237305,4.699999809265137,4.25,47.88333511352539,20386.0,3517.542857142857,0.7932142615318298,27.2886905670166,121.6,1490.788818359375,2293.771484375,0.2005000114440918,1093.3714285714286,0,511,1,0,0,21,32,73
0,253.0,0.433295339345932,296.0,3.0,301.0,3470.0,252.08163265306092,19695.166015625,39.88333511352539,5.0333333015441895,20175.333984375,23.91666603088379,4.599999904632568,4.266666889190674,43.20000076293945,25770.5,3358.2,0.8170000314712524,27.621904373168945,119.97142857142858,1480.103271484375,2322.800048828125,0.1756666749715805,1096.857142857143,3,511,1,0,0,41,7,103
0,254.0,0.1151653379201889,296.0,3.0,301.0,4572.0,250.40816326530583,11154.5,44.91666793823242,2.3499999046325684,18490.44921875,22.71666717529297,4.599999904632568,4.199999809265137,39.46666717529297,19845.5,3271.2,0.795714259147644,27.39666748046875,111.65714285714286,1479.5106201171875,2413.3427734375,0.12304763495922089,1098.4857142857143,0,511,1,0,0,41,9,100
0,229.0,0.7514253258705139,296.0,3.0,301.0,1106.0,247.6326530612242,14996.6669921875,41.38333511352539,2.1500000953674316,17693.466796875,23.633333206176758,4.599999904632568,4.199999809265137,42.96666717529297,25423.333984375,3189.342857142857,0.7849761843681335,27.372976303100586,112.08571428571429,1485.256103515625,2440.371337890625,0.09945237636566162,1098.3142857142857,2,511,1,0,0,31,14,105
1,40.0,0.007981755770742893,296.0,3.0,271.0,7835.0,244.7755102040814,13320.8330078125,41.20000076293945,3.0333333015441895,18153.55078125,24.133333206176758,5.199999809265137,4.400000095367432,35.03333282470703,27053.666015625,3144.714285714286,0.8014523983001709,27.56761932373047,114.77142857142857,1485.4688720703125,2458.428466796875,0.07545239478349686,1102.3142857142857,1,482,1,0,0,21,20,16
0,89.0,0.02508551813662052,296.0,3.0,271.0,6941.0,237.89795918367327,13099.0,42.233333587646484,2.133333444595337,19995.5,23.799999237060547,5.300000190734863,4.599999904632568,42.95000076293945,23650.0,3060.285714285714,0.8098333477973938,27.662975311279297,122.28571428571429,1492.879150390625,2439.28564453125,0.05704761669039726,1101.9714285714285,6,482,1,0,0,24,1,44
1,72.0,0.07981756329536438,296.0,3.0,271.0,9320.0,237.89795918367327,15793.6669921875,38.81111145019531,3.8722221851348877,20195.978515625,24.399999618530273,5.633333206176758,4.527777671813965,32.61111068725586,27653.0,3060.285714285714,0.8098333477973938,27.662975311279297,122.28571428571429,1492.879150390625,2439.28564453125,0.05704761669039726,1101.9714285714285,2,482,1,0,0,41,8,32
0,5.0,0.0,296.0,1.0,293.0,14316.0,238.3877551020406,15820.3330078125,34.04999923706055,5.0,21565.6171875,23.149999618530273,5.300000190734863,4.7833333015441895,37.43333435058594,28268.833984375,3012.8571428571427,0.831000030040741,27.79190444946289,133.74285714285713,1505.145751953125,2384.8857421875,0.029619036242365837,1103.6285714285714,2,476,1,0,1,34,6,2
0,10.0,0.0,296.0,1.0,293.0,20548.0,229.2244897959183,15065.3330078125,25.350000381469727,4.349999904632568,16702.583984375,24.566667556762695,4.5,4.800000190734863,38.88333511352539,33441.83203125,2959.0857142857144,0.8208809494972229,27.76630973815918,147.77142857142857,1530.2896728515625,2326.257080078125,-0.057285722345113754,1104.2857142857142,1,476,1,0,1,34,6,5
0,19.0,0.0,296.0,1.0,293.0,3737.0,223.51020408163254,15697.0,38.53333282470703,3.538888931274414,16743.06640625,21.96666717529297,4.933333396911621,4.761111259460449,41.53888702392578,31486.0,2996.542857142857,0.8082619309425354,27.589284896850586,151.31428571428572,1520.5009765625,2258.742919921875,-0.17319047451019287,1090.5142857142857,0,476,1,0,0,41,3,7
0,129.0,0.38312429189682007,296.0,1.0,293.0,9738.0,223.51020408163254,11742.666015625,30.616666793823242,3.555555582046509,17790.279296875,21.52777862548828,4.166666507720947,4.349999904632568,56.97222137451172,21715.77734375,3053.1714285714284,0.8160476088523865,27.6396427154541,163.4857142857143,1545.95947265625,2224.3427734375,-0.1848333328962326,1096.7428571428572,1,476,1,0,0,31,13,52
1,199.0,0.2770809531211853,296.0,1.0,293.0,7101.0,228.69387755102025,15725.5556640625,32.9444465637207,2.827777862548828,17939.283203125,22.633333206176758,5.099999904632568,4.416666507720947,44.63888931274414,37548.16796875,3132.3714285714286,0.8230952620506287,27.640953063964844,152.45714285714286,1510.21337890625,2240.571533203125,-0.19628572463989258,1088.0285714285715,0,476,1,0,0,21,26,88
0,61.0,0.19840364158153534,296.0,1.0,293.0,3130.0,234.2244897959182,10237.6669921875,30.41666603088379,1.7666666507720947,16710.80078125,20.96666717529297,3.700000047683716,4.300000190734863,58.66666793823242,17561.666015625,3186.0857142857144,0.8007380962371826,27.469167709350586,157.74285714285713,1515.1773681640625,2165.742919921875,-0.1898571401834488,1080.5714285714287,0,476,1,0,0,31,1,24
0,143.0,0.19840364158153534,296.0,1.0,293.0,3518.0,240.61224489795896,13479.8330078125,28.66666603088379,5.266666889190674,16550.533203125,21.700000762939453,4.300000190734863,4.25,56.266666412353516,20773.666015625,3213.285714285714,0.7887380719184875,27.3651180267334,161.74285714285713,1527.8819580078125,2141.685791015625,-0.19690477848052979,1080.942857142857,1,476,1,0,0,31,21,66
0,125.0,0.48460662364959717,296.0,1.0,293.0,5198.0,243.61224489795896,11216.8330078125,28.700000762939453,3.700000047683716,16491.69921875,21.41666603088379,4.199999809265137,4.166666507720947,60.733333587646484,18673.166015625,3394.6857142857143,0.7705714106559753,27.164047241210938,157.14285714285714,1522.4140625,2118.94287109375,-0.1809999942779541,1077.0,0,476,1,0,0,21,32,64
0,128.0,0.7343215346336365,296.0,1.0,293.0,7116.0,244.24489795918345,10542.3330078125,28.049999237060547,3.683333396911621,17427.1328125,22.233333587646484,4.099999904632568,4.150000095367432,54.33333206176758,17652.0,3436.714285714286,0.7570475935935974,27.016904830932617,164.17142857142858,1544.5513916015625,2084.571533203125,-0.14357143640518188,1078.7714285714285,1,476,1,0,0,31,2,56
0,144.0,0.3363740146160126,296.0,1.0,293.0,3378.0,234.14285714285688,10821.6669921875,29.183332443237305,5.633333206176758,16909.8671875,24.933332443237305,3.5999999046325684,4.166666507720947,55.766666412353516,20090.666015625,3559.8,0.7665238380432129,27.188928604125977,168.62857142857143,1545.10302734375,2048.228515625,-0.1938333511352539,1080.0285714285715,0,476,1,0,0,31,3,58
0,141.0,0.30672746896743774,296.0,1.0,293.0,6928.0,233.48979591836718,12381.3330078125,27.149999618530273,3.9166667461395264,18281.5,25.03333282470703,3.799999952316284,4.150000095367432,61.36666488647461,19622.833984375,3603.885714285714,0.7550952434539795,27.16261863708496,173.62857142857143,1551.9019775390625,2016.1142578125,-0.21066662669181824,1077.5428571428572,1,476,1,0,0,21,12,75
0,203.0,0.7571265697479248,296.0,1.0,293.0,1138.0,219.16326530612233,13548.8330078125,34.599998474121094,5.233333110809326,17226.017578125,25.5,4.0,4.150000095367432,44.78333282470703,20861.166015625,3616.9714285714285,0.7298809289932251,26.892976760864258,166.45714285714286,1540.4857177734375,2020.7142333984375,-0.19969049096107483,1068.8,0,476,1,0,0,31,13,88
0,153.0,0.29304447770118713,296.0,1.0,293.0,7979.0,203.7142857142856,14344.6669921875,29.700000762939453,4.900000095367432,16610.0,22.83333396911621,3.5999999046325684,4.25,57.58333206176758,17484.0,3669.3142857142857,0.727571427822113,26.92392921447754,168.77142857142857,1537.4559326171875,2010.857177734375,-0.18204763531684875,1065.4,2,476,1,0,0,21,6,62
0,157.0,0.7730900645256042,296.0,1.0,293.0,8046.0,189.46938775510193,10123.6669921875,28.799999237060547,5.166666507720947,16918.416015625,21.433332443237305,3.5999999046325684,4.199999809265137,52.38333511352539,20561.666015625,3739.4857142857145,0.7191904783248901,26.90416717529297,165.68571428571428,1528.7490234375,2003.2857666015625,-0.15383334457874298,1061.6285714285714,0,476,1,0,0,31,3,91
0,107.0,0.5199543833732605,296.0,1.0,293.0,8540.0,177.06122448979588,13021.0,28.133333206176758,3.316666603088379,16033.400390625,21.66666603088379,3.700000047683716,4.400000095367432,58.016666412353516,18123.5,3727.2285714285713,0.720214307308197,26.943214416503906,169.34285714285716,1530.4700927734375,1991.4857177734375,-0.15102382004261017,1060.142857142857,0,476,1,0,0,31,8,47
0,66.0,0.42189282178878784,267.0,4.0,293.0,5330.0,167.8775510204081,13773.3330078125,25.733333587646484,6.0,15477.8662109375,20.91666603088379,3.5,4.900000095367432,53.18333435058594,20217.666015625,3589.9714285714285,0.7124285697937012,26.935832977294922,207.71428571428572,1611.25341796875,1913.228515625,-0.12376189976930618,1068.2,1,476,1,0,0,21,4,26
0,9.0,0.19954389333724976,267.0,4.0,293.0,10211.0,158.77551020408157,15741.5,28.016666412353516,6.883333206176758,15584.283203125,22.75,3.9000000953674316,5.0,45.95000076293945,20761.0,3588.657142857143,0.7228333353996277,27.058570861816406,207.31428571428572,1603.2420654296875,1898.4857177734375,-0.14030951261520386,1066.7428571428572,0,476,1,0,0,21,1,3
0,151.0,0.8597491383552551,267.0,4.0,293.0,7172.0,158.22448979591834,16197.5,27.133333206176758,6.066666603088379,17977.533203125,21.5,3.4000000953674316,4.5,41.766666412353516,23357.5,3585.885714285714,0.7109761834144592,27.048095703125,211.22857142857143,1605.28369140625,1880.228515625,-0.26983335614204407,1062.2571428571428,0,476,1,0,1,41,16,67
1,110.0,0.0,267.0,4.0,283.0,16949.0,161.99999999999997,14836.3330078125,27.399999618530273,6.633333206176758,18135.18359375,22.950000762939453,4.5,4.800000190734863,41.06666564941406,52548.5,3558.8571428571427,0.7117857336997986,27.086666107177734,232.0,1651.1658935546875,1833.6571044921875,-0.33680954575538635,1069.942857142857,1,507,1,0,1,21,15,53
0,,0.0,267.0,4.0,283.0,28324.0,165.6326530612245,,,,,,,,,,3466.8,0.6940476298332214,27.033571243286133,250.22857142857143,1710.4547119140625,1807.5142822265625,-0.462880939245224,1082.3428571428572,0,507,1,0,0,24,1,
1,60.0,0.0,267.0,4.0,283.0,32767.0,168.46938775510202,16454.166015625,30.766666412353516,9.916666984558105,17534.55078125,21.66666603088379,4.400000095367432,5.099999904632568,40.56666564941406,31296.333984375,3548.6857142857143,0.6989047527313232,27.04190444946289,238.45714285714286,1675.2728271484375,1819.2572021484375,-0.4875476360321045,1074.142857142857,0,482,1,0,0,24,4,29
1,138.0,0.0,267.0,4.0,283.0,32767.0,174.61224489795913,17206.0,33.61666488647461,8.716666221618652,25531.599609375,24.08333396911621,5.5,5.150000095367432,34.78333282470703,53159.0,3516.9142857142856,0.6780952215194702,26.971786499023438,235.5142857142857,1658.0694580078125,1884.17138671875,-0.5998571515083313,1061.0285714285715,3,507,1,0,0,24,25,71
0,36.0,0.0,267.0,4.0,230.0,32373.0,179.469387755102,18916.666015625,25.983333587646484,6.933333396911621,16887.5,22.433332443237305,4.099999904632568,5.300000190734863,35.75,27882.666015625,3510.3142857142857,0.6669047474861145,26.90095329284668,221.28571428571428,1617.5738525390625,1961.6571044921875,-0.6719523668289185,1047.9142857142858,0,467,1,0,0,24,16,14
0,,0.0,267.0,4.0,230.0,32767.0,181.97959183673464,19820.5,27.71666717529297,7.683333396911621,16644.6328125,21.266666412353516,3.799999952316284,5.0,38.733333587646484,24185.166015625,3483.3142857142857,0.6736904978752136,26.886072158813477,233.0,1637.571533203125,1855.771484375,-0.8040714263916016,1049.4285714285713,0,467,1,0,0,24,17,
0,5.0,0.0,267.0,4.0,283.0,22342.0,191.2244897959183,21106.666015625,31.299999237060547,8.116666793823242,18822.400390625,23.233333587646484,3.9000000953674316,5.099999904632568,31.233333587646484,32703.0,3456.5142857142855,0.6609047651290894,26.826547622680664,226.88571428571427,1631.900634765625,1869.5428466796875,-0.8135713934898376,1048.5142857142857,1,467,1,0,0,34,14,2
0,3.0,0.0,267.0,4.0,230.0,23152.0,199.5306122448978,,,,,,,,,,3515.885714285714,0.6633809804916382,26.815595626831055,233.4857142857143,1653.8505859375,1792.05712890625,-0.8970714211463928,1055.2857142857142,1,511,1,0,0,31,2,2
0,4.0,0.0,267.0,4.0,283.0,17481.0,209.69387755102028,,,,,,,,,,3585.457142857143,0.6721428632736206,26.808570861816406,235.02857142857144,1641.290771484375,1715.800048828125,-0.954285740852356,1048.4571428571428,0,507,1,0,0,34,18,2
0,89.0,0.0022805016487836838,267.0,4.0,230.0,8003.0,224.0408163265305,12665.3330078125,28.183332443237305,7.25,19103.80078125,25.5,4.800000190734863,4.699999809265137,37.31666564941406,28580.333984375,3816.9142857142856,0.6897380948066711,26.820476531982422,209.05714285714285,1553.7362060546875,1731.3143310546875,-1.0465952157974243,1028.3142857142857,0,467,1,0,0,34,21,36
0,74.0,0.29418471455574036,267.0,4.0,283.0,5501.0,232.51020408163254,15332.0,31.383333206176758,8.5,17911.099609375,24.350000381469727,3.5999999046325684,4.550000190734863,44.599998474121094,24363.333984375,3816.9142857142856,0.6897380948066711,26.820476531982422,209.05714285714285,1553.7362060546875,1731.3143310546875,-1.0465952157974243,1028.3142857142857,0,467,1,0,0,31,16,30
0,213.0,0.1961231529712677,267.0,4.0,283.0,4496.0,242.6530612244896,12524.5,30.58333396911621,9.833333015441895,18564.833984375,24.866666793823242,3.700000047683716,4.650000095367432,37.016666412353516,24525.5,3727.057142857143,0.6618571281433105,26.51226234436035,213.0,1553.167236328125,1706.5428466796875,-1.0751428604125977,1014.6,3,507,1,0,0,31,34,92
0,273.0,0.22006841003894806,267.0,4.0,283.0,3203.0,251.55102040816308,14737.1669921875,29.649999618530273,11.433333396911621,17820.583984375,24.850000381469727,3.5,4.599999904632568,46.849998474121094,24410.333984375,3688.0,0.6621666550636292,26.48904800415039,215.42857142857142,1558.595947265625,1691.6856689453125,-1.0935475826263428,1015.6857142857143,1,507,1,0,0,34,15,125
0,163.0,0.352337509393692,267.0,4.0,283.0,2216.0,245.65306122448965,17663.5,31.649999618530273,8.75,19668.5,25.933332443237305,3.5,4.699999809265137,41.21666717529297,23346.166015625,3653.342857142857,0.6756904721260071,26.581308364868164,217.14285714285714,1559.449951171875,1694.6285400390625,-1.0673809051513672,1018.9428571428572,3,507,1,0,0,21,18,88
1,346.0,0.5245153903961182,267.0,4.0,283.0,2459.0,254.99999999999983,15223.5,27.25,9.716666221618652,19773.3828125,25.450000762939453,3.9000000953674316,4.566666603088379,45.41666793823242,26540.5,3653.342857142857,0.6756904721260071,26.581308364868164,217.14285714285714,1559.449951171875,1694.6285400390625,-1.0673809051513672,1018.9428571428572,1,507,1,0,1,41,23,166
0,331.0,0.8472064137458801,267.0,4.0,283.0,1153.0,279.69387755102025,15011.3330078125,34.0,7.0333333015441895,20348.8671875,26.16666603088379,4.099999904632568,4.400000095367432,37.016666412353516,24264.833984375,3612.7428571428572,0.6627380847930908,26.442975997924805,210.94285714285715,1552.7896728515625,1712.6856689453125,-1.0496666431427002,1017.2285714285714,0,507,1,0,1,41,29,179
0,166.0,0.8198403716087341,267.0,4.0,283.0,1106.0,287.4285714285713,13569.0,25.683332443237305,9.350000381469727,17127.94921875,25.366666793823242,3.5999999046325684,4.599999904632568,45.11666488647461,23033.0,3454.0,0.668404757976532,26.504167556762695,209.0857142857143,1552.4501953125,1745.8857421875,-1.0467618703842163,1023.4571428571429,0,507,1,0,1,31,9,90
0,211.0,0.6750285029411316,267.0,4.0,283.0,1323.0,279.7551020408161,14379.0,28.233333587646484,7.366666793823242,21763.5,27.649999618530273,3.9000000953674316,4.550000190734863,40.150001525878906,23965.0,3292.885714285714,0.6512143015861511,26.570951461791992,206.25714285714287,1553.8311767578125,1793.1142578125,-0.9726905226707458,1027.1714285714286,0,507,1,0,1,31,6,110
0,212.0,0.37514254450798035,267.0,4.0,283.0,1615.0,270.6734693877549,15140.5,24.799999237060547,10.983333587646484,19184.849609375,25.25,3.9000000953674316,4.650000095367432,42.31666564941406,25147.166015625,3236.5142857142855,0.6496428847312927,26.59083366394043,205.9142857142857,1556.5577392578125,1815.4857177734375,-0.9492380619049072,1030.142857142857,0,507,1,0,1,41,19,86
1,138.0,0.09350056946277618,267.0,4.0,283.0,1721.0,270.16326530612224,15757.8330078125,26.899999618530273,9.116666793823242,18042.400390625,25.983333587646484,4.199999809265137,4.650000095367432,44.81666564941406,29077.166015625,3183.5714285714284,0.6280714273452759,26.428810119628906,201.2,1561.3988037109375,1849.4285888671875,-0.9365000128746033,1030.1142857142856,1,507,1,0,1,31,7,65
0,,0.28848347067832947,267.0,4.0,283.0,1376.0,274.3061224489794,13382.3330078125,26.41666603088379,6.433333396911621,21199.166015625,26.350000381469727,4.099999904632568,4.650000095367432,44.08333206176758,26736.0,3145.1428571428573,0.6280714273452759,26.451786041259766,201.82857142857142,1562.1690673828125,1866.4285888671875,-0.8979047536849976,1030.142857142857,0,507,1,0,1,42,4,
0,58.0,0.4002280533313751,267.0,4.0,283.0,1512.0,273.89115646265566,14594.5,25.561111450195312,10.050000190734863,18127.27734375,26.833332061767578,4.0,4.550000190734863,46.57221984863281,25363.611328125,3140.942857142857,0.6292619109153748,26.451547622680664,198.71428571428572,1555.4443359375,1887.3428955078125,-0.8472142815589905,1029.5714285714287,2,507,1,0,1,42,6,28
0,14.0,0.022805016487836838,267.0,4.0,283.0,1524.0,263.34693877551007,14643.5,24.71666717529297,6.75,20431.93359375,25.03333282470703,5.599999904632568,4.599999904632568,46.016666412353516,31976.166015625,3062.0857142857144,0.6290476322174072,26.452499389648438,194.74285714285713,1563.93701171875,1944.914306640625,-0.7625714540481567,1038.7142857142858,0,507,1,0,1,41,8,6
0,250.0,0.9361459612846375,267.0,4.0,283.0,1069.0,265.938775510204,12599.8330078125,27.816667556762695,10.433333396911621,18768.06640625,23.299999237060547,3.5,4.400000095367432,51.41666793823242,21929.5,3072.7428571428572,0.6252380609512329,26.413572311401367,192.34285714285716,1565.096435546875,1977.771484375,-0.6663333177566528,1041.942857142857,0,507,1,0,1,31,24,131
0,280.0,0.932725191116333,267.0,4.0,283.0,1116.0,261.5510204081632,12170.5927734375,27.6629638671875,11.324073791503906,17031.453125,22.766666412353516,3.8222222328186035,4.394444465637207,49.937034606933594,23549.369140625,3106.1428571428573,0.6266190409660339,26.453453063964844,187.8,1566.6539306640625,2039.4000244140625,-0.5426666736602783,1050.142857142857,0,507,1,0,1,42,22,145
1,219.0,0.26681870222091675,267.0,4.0,283.0,1395.0,259.5918367346938,11383.111328125,30.38888931274414,9.0,17975.166015625,24.11111068725586,4.599999904632568,4.5,48.622222900390625,26599.5546875,3104.5714285714284,0.6429047584533691,26.561548233032227,188.4857142857143,1568.4920654296875,2047.7427978515625,-0.524071455001831,1054.9714285714285,0,507,1,0,1,31,22,100
0,293.0,0.405929297208786,267.0,4.0,283.0,3569.0,261.22448979591826,11837.0,31.5,10.350000381469727,16790.732421875,24.016666412353516,4.099999904632568,4.699999809265137,45.849998474121094,41092.66796875,3045.3714285714286,0.6650238037109375,26.737262725830078,208.71428571428572,1606.8614501953125,1986.7142333984375,-0.5309523940086365,1066.1714285714286,0,507,1,0,1,21,22,116
0,,0.011402508243918419,296.0,1.0,283.0,3213.0,264.55102040816314,,27.75,9.833333015441895,,23.149999618530273,4.400000095367432,4.583333492279053,49.43333435058594,,3115.2571428571428,0.6704047918319702,26.773571014404297,190.42857142857142,1573.9041748046875,2119.199951171875,-0.4697619080543518,1067.4,1,507,1,0,0,31,7,
0,86.0,0.12314709275960922,296.0,1.0,260.0,1420.0,269.4693877551018,19147.0,29.683332443237305,10.399999618530273,19875.283203125,23.149999618530273,4.900000095367432,4.699999809265137,47.06666564941406,30106.5,3160.5714285714284,0.6392619013786316,26.51476287841797,181.0,1572.794189453125,2154.142822265625,-0.46299999952316284,1063.9714285714285,2,518,1,0,0,41,4,42
0,232.0,0.08209805935621262,296.0,1.0,260.0,2170.0,277.3877551020406,12898.6669921875,28.549999237060547,9.300000190734863,19193.599609375,22.633333206176758,4.099999904632568,4.699999809265137,49.66666793823242,27421.333984375,3124.7714285714287,0.639214277267456,26.45511817932129,180.34285714285716,1573.7313232421875,2186.17138671875,-0.4110476076602936,1065.0285714285715,0,518,1,0,0,34,4,95
0,276.0,0.5655644536018372,296.0,1.0,260.0,1086.0,284.06122448979573,10473.0,27.733333587646484,9.699999809265137,14899.2666015625,20.28333282470703,4.0,4.566666603088379,54.650001525878906,20924.333984375,3112.114285714286,0.6379761695861816,26.44499969482422,179.5142857142857,1575.30322265625,2215.39990234375,-0.3735714256763458,1066.1714285714286,0,518,1,0,0,31,8,101
0,325.0,0.4116305708885193,296.0,1.0,260.0,1394.0,290.8571428571426,10524.6669921875,26.66666603088379,8.333333015441895,17041.6171875,20.316667556762695,4.099999904632568,4.599999904632568,54.13333511352539,20112.5,3115.6857142857143,0.6307619214057922,26.418333053588867,178.4,1577.74609375,2221.228515625,-0.3750952482223511,1067.0285714285715,3,518,1,0,0,41,8,143
0,229.0,0.3979475498199463,296.0,1.0,260.0,1270.0,291.8571428571427,16101.8330078125,29.600000381469727,9.283333778381348,19638.533203125,22.983333587646484,4.400000095367432,4.599999904632568,44.04999923706055,32469.333984375,3120.714285714286,0.6306190490722656,26.43000030517578,173.9142857142857,1580.1007080078125,2265.0,-0.3442857265472412,1074.1142857142856,0,518,1,0,0,21,18,115
0,166.0,0.6898517608642578,296.0,1.0,260.0,1056.0,294.22448979591815,15940.8330078125,30.983333587646484,6.800000190734863,18619.232421875,22.649999618530273,4.699999809265137,4.400000095367432,50.38333511352539,28543.666015625,3096.2,0.6309285759925842,26.395118713378906,168.4,1576.418212890625,2354.371337890625,-0.27226191759109497,1078.0,0,518,1,0,0,31,8,83
0,141.0,0.6476624608039856,296.0,1.0,260.0,1216.0,287.4285714285713,12503.0,30.350000381469727,8.833333015441895,17542.283203125,22.33333396911621,4.400000095367432,4.4666666984558105,47.43333435058594,21359.666015625,3089.7714285714287,0.6312857270240784,26.42892837524414,170.4,1580.858154296875,2338.05712890625,-0.2786666750907898,1079.4857142857143,0,518,1,0,0,41,5,70
0,109.0,0.5267959237098694,296.0,1.0,260.0,1565.0,289.2040816326528,10112.3330078125,36.33333206176758,4.949999809265137,17946.68359375,24.700000762939453,4.800000190734863,4.349999904632568,42.75,19669.333984375,3038.942857142857,0.6404285430908203,26.446428298950195,168.57142857142858,1576.6885986328125,2416.82861328125,-0.2223571389913559,1082.1142857142856,0,518,1,0,0,31,11,40
0,173.0,0.7400227785110474,296.0,1.0,260.0,1127.0,279.24489795918356,12555.3330078125,34.11666488647461,6.633333206176758,18689.18359375,22.883333206176758,4.699999809265137,4.4666666984558105,44.53333282470703,25361.666015625,3033.9714285714285,0.6344761848449707,26.409643173217773,162.68571428571428,1582.348388671875,2470.485595703125,-0.17009522020816803,1090.5142857142857,0,518,1,0,0,42,3,82
0,263.0,0.43671607971191406,296.0,1.0,260.0,1448.0,270.816326530612,11040.1669921875,32.29999923706055,6.733333110809326,17050.81640625,23.5,5.0,4.366666793823242,42.983333587646484,23444.333984375,2975.1428571428573,0.6375714540481567,26.390953063964844,155.14285714285714,1588.2294921875,2562.28564453125,-0.054238103330135345,1103.4857142857143,1,518,1,0,0,31,11,131
0,128.0,0.5245153903961182,296.0,1.0,260.0,2085.0,279.3673469387752,11642.6669921875,32.29999923706055,8.433333396911621,18416.55078125,24.066667556762695,5.900000095367432,4.400000095367432,45.31666564941406,55604.66796875,2934.114285714286,0.6530237793922424,26.52321434020996,152.31428571428572,1579.181640625,2624.45703125,0.03997618332505226,1108.057142857143,2,518,1,0,0,31,8,49
1,61.0,0.2371721714735031,296.0,1.0,260.0,1532.0,275.7755102040814,16597.166015625,29.600000381469727,7.199999809265137,20909.6328125,24.600000381469727,5.5,4.5,44.31666564941406,21805.666015625,2927.7714285714287,0.6435714364051819,26.408689498901367,149.74285714285713,1580.4771728515625,2637.485595703125,0.05978570878505707,1107.3142857142857,2,518,1,0,0,42,9,30
0,279.0,0.48232612013816833,296.0,1.0,260.0,1160.0,273.10204081632634,9908.6669921875,30.316667556762695,7.833333492279053,18518.3828125,22.75,5.199999809265137,4.5,50.75,19213.666015625,2901.542857142857,0.6391428709030151,26.3507137298584,145.42857142857142,1581.483642578125,2667.54296875,0.10971429198980331,1110.4285714285713,0,518,1,0,0,42,8,125
1,29.0,0.5952109694480896,296.0,1.0,260.0,1123.0,270.61224489795893,14412.6669921875,30.616666793823242,8.0,20483.93359375,23.600000381469727,5.5,4.550000190734863,46.63333511352539,22808.5,2900.6857142857143,0.6370952129364014,26.339048385620117,140.42857142857142,1581.469970703125,2686.0,0.1490476280450821,1115.2857142857142,0,518,1,0,0,42,10,10
0,230.0,0.6453819870948792,296.0,1.0,260.0,1289.0,270.61224489795893,11599.1669921875,31.299999237060547,6.183333396911621,19134.80078125,23.350000381469727,5.599999904632568,4.483333110809326,45.36666488647461,21807.833984375,2876.4285714285716,0.6420238018035889,26.390119552612305,139.45714285714286,1583.9423828125,2706.228515625,0.17471428215503693,1120.0857142857142,0,518,1,0,0,41,9,104
1,107.71105528714068,0.10604333132505417,296.0,1.0,260.0,4076.0,250.89795918367327,13238.1669921875,32.03333282470703,7.25,20208.900390625,23.700000762939453,5.300000190734863,4.5,41.20000076293945,51951.0,2832.714285714286,0.6447857022285461,26.39642906188965,135.0857142857143,1590.564208984375,2741.485595703125,0.2692142724990845,1130.1142857142856,1,518,1,0,0,42,34,39
0,252.0,0.23375143110752106,296.0,1.0,260.0,4125.0,260.8367346938774,12232.5,29.700000762939453,7.550000190734863,18025.650390625,23.766666412353516,5.599999904632568,4.449999809265137,47.016666412353516,27706.0,2748.9142857142856,0.6524285674095154,26.440000534057617,142.31428571428572,1587.8004150390625,2730.142822265625,0.3124285936355591,1124.2571428571428,2,518,1,0,0,41,3,107
0,240.0,0.5279361605644226,296.0,1.0,260.0,4496.0,244.12244897959167,11402.5,32.71666717529297,7.849999904632568,20384.466796875,23.633333206176758,5.400000095367432,4.449999809265137,45.11666488647461,25572.166015625,2673.6285714285714,0.647761881351471,26.417499542236328,139.45714285714286,1598.7276611328125,2747.428466796875,0.44200000166893005,1132.5714285714287,1,518,1,0,0,21,1,118
0,175.0,0.7366020679473877,296.0,1.0,260.0,2726.0,248.93877551020395,12605.3330078125,29.433332443237305,8.416666984558105,19906.099609375,23.799999237060547,5.0,4.400000095367432,46.13333511352539,23921.333984375,2608.657142857143,0.652738094329834,26.468095779418945,144.02857142857144,1595.46435546875,2738.39990234375,0.5018333196640015,1128.6857142857143,2,518,1,0,0,21,10,87
0,208.0,0.18472063541412354,296.0,1.0,260.0,2373.0,242.83673469387742,14775.3330078125,33.13333511352539,8.566666603088379,20313.966796875,23.58333396911621,5.699999809265137,4.599999904632568,43.68333435058594,29712.833984375,2522.0857142857144,0.6530952453613281,26.466428756713867,148.4,1594.5482177734375,2732.485595703125,0.5428095459938049,1123.6857142857143,0,518,1,0,0,41,7,102
0,225.0,0.8004561066627502,296.0,1.0,260.0,5684.0,236.46938775510188,11367.6669921875,31.516666412353516,7.483333110809326,20630.93359375,24.100000381469727,4.800000190734863,4.449999809265137,46.71666717529297,24363.666015625,2433.4857142857145,0.6594285368919373,26.4905948638916,153.54285714285714,1596.7978515625,2719.914306640625,0.5878333449363708,1122.5428571428572,0,518,1,0,1,42,9,110
0,104.26347544292965,0.3090079724788666,296.0,1.0,260.0,14126.0,229.85714285714272,11610.1669921875,33.516666412353516,8.183333396911621,22439.3671875,22.899999618530273,5.099999904632568,4.599999904632568,44.33333206176758,26849.166015625,2303.6285714285714,0.6665475964546204,26.53071403503418,163.68571428571428,1607.4744873046875,2690.428466796875,0.6847618818283081,1121.142857142857,0,518,1,0,1,21,9,50
1,160.0,0.18586088716983795,296.0,1.0,260.0,13787.0,223.02040816326513,13641.0,32.75,9.583333015441895,20439.6171875,22.383333206176758,4.800000190734863,4.5,41.06666564941406,27905.5,2248.6,0.6734523773193359,26.571548461914062,169.42857142857142,1607.844970703125,2687.771484375,0.709928572177887,1118.3714285714286,0,518,1,0,1,31,29,58
0,94.0,0.16533637046813965,296.0,1.0,260.0,29469.0,215.46938775510185,12987.6669921875,29.5,10.399999618530273,21527.982421875,23.600000381469727,4.699999809265137,4.550000190734863,50.06666564941406,28377.5,2144.057142857143,0.7048571109771729,26.737024307250977,177.22857142857143,1606.051025390625,2687.514404296875,0.8395476341247559,1121.8,0,518,1,0,0,21,28,45
1,74.0,0.0,296.0,1.0,260.0,28592.0,209.48979591836712,11840.0,27.822223663330078,8.833333015441895,17395.2109375,23.266666412353516,5.199999809265137,4.7833333015441895,49.75,23782.333984375,2160.2285714285713,0.6989285945892334,26.711427688598633,174.71428571428572,1604.639892578125,2687.60009765625,0.8462142944335938,1121.2,0,518,1,0,0,31,25,32
1,55.0,0.057012543082237244,296.0,1.0,260.0,20071.0,205.5306122448977,14188.0,27.633333206176758,11.333333015441895,24174.166015625,24.100000381469727,5.0,4.650000095367432,49.18333435058594,30945.666015625,2061.7714285714287,0.7017619013786316,26.724761962890625,190.25714285714287,1633.1103515625,2655.82861328125,0.8874285817146301,1122.7714285714285,0,518,1,0,0,21,9,20
1,96.0,0.009122006595134735,296.0,1.0,260.0,17212.0,201.59183673469366,16105.5,31.350000381469727,10.133333206176758,24689.1171875,24.25,5.300000190734863,4.7833333015441895,45.21666717529297,28788.0,1953.0,0.7183571457862854,26.820117950439453,216.65714285714284,1705.3438720703125,2607.628662109375,0.8951904773712158,1143.8857142857144,0,518,1,0,0,21,33,38
1,89.0,0.02964652143418789,296.0,1.0,238.0,24873.0,199.0204081632651,16256.6669921875,31.883333206176758,9.550000190734863,25441.93359375,24.816667556762695,5.199999809265137,4.650000095367432,44.5,38997.0,1953.2,0.7097142934799194,26.742023468017578,183.62857142857143,1624.06982421875,2690.257080078125,0.932023823261261,1126.5714285714287,3,508,1,0,0,31,1,40
1,153.0,0.26795893907546997,296.0,1.0,238.0,25765.0,197.48979591836715,14188.6669921875,32.06666564941406,8.783333778381348,22025.8671875,24.766666412353516,4.900000095367432,4.650000095367432,45.733333587646484,37415.33203125,1953.2,0.7097142934799194,26.742023468017578,183.62857142857143,1624.06982421875,2690.257080078125,0.932023823261261,1126.5714285714287,2,508,1,0,0,31,20,62
1,195.0,0.03762827813625336,296.0,1.0,238.0,22811.0,195.79591836734676,20424.333984375,32.81666564941406,8.916666984558105,20076.06640625,23.46666717529297,5.699999809265137,4.683333396911621,39.21666717529297,33045.66796875,1826.9142857142858,0.7291666865348816,26.819047927856445,197.31428571428572,1640.297119140625,2679.571533203125,0.958380937576294,1128.857142857143,2,508,1,0,0,41,29,85
1,48.0,0.007981755770742893,296.0,1.0,238.0,14417.0,198.8163265306121,19221.5,30.78333282470703,7.0333333015441895,22376.400390625,24.016666412353516,5.300000190734863,4.583333492279053,46.70000076293945,29577.666015625,1824.6571428571428,0.728690505027771,26.794166564941406,195.94285714285715,1643.0404052734375,2668.228515625,0.9484524130821228,1131.4571428571428,1,508,1,0,0,31,6,17
0,104.0,0.4994298815727234,296.0,1.0,238.0,12583.0,205.99999999999983,11572.8330078125,33.93333435058594,6.949999809265137,18736.599609375,23.366666793823242,4.699999809265137,4.599999904632568,41.11666488647461,18559.5,1820.9142857142858,0.7225238084793091,26.733572006225586,200.31428571428572,1650.048583984375,2648.228515625,0.9609047770500183,1128.8857142857144,0,508,1,0,0,42,8,40
1,234.0,0.0,296.0,1.0,238.0,7188.0,210.75510204081615,16605.666015625,30.649999618530273,8.933333396911621,23474.44921875,23.5,5.300000190734863,4.4666666984558105,44.983333587646484,37032.5,1761.9714285714285,0.7138571739196777,26.690237045288086,202.97142857142856,1661.648681640625,2631.6572265625,0.975690484046936,1128.6,0,508,1,0,0,41,35,108
0,108.0,0.04104902967810631,296.0,1.0,238.0,2670.0,215.81632653061206,12017.6669921875,31.100000381469727,7.866666793823242,17397.68359375,23.299999237060547,5.099999904632568,4.800000190734863,48.099998474121094,20122.666015625,1740.3142857142857,0.7195476293563843,26.66131019592285,202.14285714285714,1647.388427734375,2627.39990234375,0.945976197719574,1123.4285714285713,4,508,1,0,0,41,9,40
0,237.0,0.32041049003601074,296.0,1.0,238.0,7061.0,218.2448979591835,15057.5,28.450000762939453,9.066666603088379,18498.5,23.75,5.099999904632568,4.683333396911621,45.79999923706055,25910.0,1678.7428571428572,0.7355714440345764,26.753570556640625,192.8,1632.588623046875,2671.571533203125,0.9394047856330872,1129.057142857143,2,508,1,0,0,41,8,95
0,266.0,0.6123147010803223,296.0,1.0,238.0,1574.0,225.04081632653043,14785.8330078125,28.049999237060547,11.0,19602.166015625,25.183332443237305,5.099999904632568,4.400000095367432,50.20000076293945,23230.0,1655.6,0.7395238280296326,26.7405948638916,201.4,1649.90234375,2636.314208984375,0.9502381086349487,1130.4571428571428,0,508,1,0,0,24,24,123
1,225.0,0.0,296.0,1.0,238.0,8501.0,229.28571428571416,13570.5,32.46666717529297,7.849999904632568,17057.166015625,22.08333396911621,5.699999809265137,4.833333492279053,45.83333206176758,28697.5,1694.8285714285714,0.7294285893440247,26.65595245361328,208.17142857142858,1654.547119140625,2564.71435546875,0.9648333787918091,1120.4571428571428,0,508,1,0,0,31,23,103
0,220.0,0.3158494830131531,296.0,1.0,238.0,9770.0,231.81632653061203,13925.6669921875,30.149999618530273,8.933333396911621,19801.666015625,25.46666717529297,5.099999904632568,4.400000095367432,46.650001525878906,23093.5,1644.5714285714287,0.7202857136726379,26.569761276245117,211.22857142857143,1664.6846923828125,2556.371337890625,0.9968095421791077,1117.8857142857144,0,508,1,0,0,21,19,85
0,154.0,0.3979475498199463,296.0,1.0,238.0,6648.0,228.16326530612227,12356.3330078125,29.53333282470703,7.800000190734863,19177.25,23.28333282470703,5.199999809265137,4.699999809265137,51.5,18967.5,1651.1714285714286,0.7220476269721985,26.551427841186523,210.74285714285713,1663.394775390625,2532.742919921875,0.9847381114959717,1117.2285714285715,0,508,1,0,0,21,23,70
0,209.0,0.32155072689056396,296.0,1.0,238.0,4267.0,227.06122448979576,10891.6669921875,31.58333396911621,7.166666507720947,17292.650390625,22.483333587646484,5.099999904632568,4.699999809265137,38.38333511352539,17704.166015625,1687.057142857143,0.7239524126052856,26.540475845336914,207.14285714285714,1669.46435546875,2516.228515625,1.021214246749878,1122.2857142857142,1,508,1,0,0,31,8,79
0,49.0,0.05017103627324104,296.0,1.0,238.0,18340.0,220.46938775510188,13593.5,35.099998474121094,9.016666412353516,18716.75,24.633333206176758,5.300000190734863,4.75,44.43333435058594,17968.833984375,1845.2,0.7325952649116516,26.56059455871582,203.45714285714286,1658.904541015625,2457.257080078125,1.0084761381149292,1121.0285714285715,0,508,1,0,0,21,14,24
0,182.0,0.4264538288116455,296.0,1.0,238.0,21478.0,215.73469387755085,11461.1669921875,34.25,6.766666889190674,18675.916015625,23.71666717529297,4.800000190734863,4.5,43.91666793823242,23808.0,1869.4285714285713,0.7384762167930603,26.58976173400879,205.0,1649.2322998046875,2457.17138671875,1.0011667013168335,1116.4857142857143,0,508,1,0,0,31,14,73
0,118.0,0.019384264945983887,296.0,1.0,238.0,16561.0,209.34693877551004,8124.0,34.83333206176758,7.050000190734863,14901.900390625,21.816667556762695,5.0,4.699999809265137,41.75,17031.0,1919.8857142857144,0.7469285726547241,26.639881134033203,223.6,1676.2203369140625,2383.17138671875,1.003928542137146,1115.2857142857142,1,508,1,0,0,21,13,50
0,120.0,0.0,296.0,1.0,238.0,20833.0,201.8571428571427,8758.0,40.38333511352539,7.849999904632568,18341.333984375,22.983333587646484,5.400000095367432,4.800000190734863,37.41666793823242,19513.166015625,1939.6285714285714,0.7365238070487976,26.54119110107422,220.45714285714286,1685.87158203125,2362.257080078125,1.068666696548462,1116.6857142857143,1,508,1,0,0,21,13,49
0,192.0,0.7331812977790833,296.0,1.0,238.0,10729.0,196.12244897959164,7459.5,38.16666793823242,6.650000095367432,14079.2998046875,22.799999237060547,4.699999809265137,4.599999904632568,39.233333587646484,16977.0,2038.5142857142857,0.7362619042396545,26.4997615814209,223.05714285714285,1668.4664306640625,2324.28564453125,1.0237618684768677,1102.6571428571428,1,508,1,0,0,21,2,78
1,108.0,0.028506271541118622,296.0,1.0,238.0,9517.0,191.59183673469374,8376.8330078125,40.20000076293945,5.9666666984558105,18479.94921875,24.549999237060547,4.800000190734863,4.800000190734863,37.21666717529297,20143.0,2132.1428571428573,0.7471666932106018,26.61916732788086,221.82857142857142,1664.13623046875,2301.3427734375,1.0643094778060913,1104.8,0,508,1,0,0,31,2,56
0,142.0,0.0034207524731755257,296.0,1.0,238.0,11985.0,185.26530612244886,7712.5,35.63333511352539,7.233333110809326,14410.6337890625,21.566667556762695,4.5,5.0,39.849998474121094,17407.666015625,2192.4857142857145,0.7434285879135132,26.52916717529297,202.45714285714286,1645.19677734375,2329.685791015625,1.080809473991394,1109.7428571428572,2,508,1,0,0,41,32,62
0,118.0,0.06841505318880081,296.0,1.0,238.0,14598.0,183.32653061224477,10259.6669921875,38.54999923706055,7.800000190734863,14682.06640625,22.83333396911621,4.300000190734863,4.983333110809326,36.93333435058594,20815.666015625,2309.6,0.7540237903594971,26.56571388244629,213.28571428571428,1656.099609375,2267.257080078125,0.989809513092041,1106.3714285714286,1,508,1,0,0,24,18,47
0,90.88105586564892,0.0,296.0,1.0,238.0,17255.0,180.7755102040815,8663.6669921875,42.20000076293945,8.199999809265137,14935.7998046875,22.350000381469727,4.099999904632568,5.0,32.29999923706055,17757.333984375,2348.4,0.7491428852081299,26.506309509277344,206.9142857142857,1659.7095947265625,2274.571533203125,0.9987857341766357,1113.0285714285715,2,508,1,0,0,24,3,35
0,132.0,0.0011402508243918419,296.0,1.0,238.0,12189.0,178.61224489795902,7865.5,36.86666488647461,12.566666603088379,16176.533203125,22.299999237060547,4.599999904632568,5.300000190734863,37.03333282470703,18639.0,2480.0285714285715,0.7437618970870972,26.439167022705078,207.17142857142858,1678.379150390625,2261.82861328125,1.0218571424484253,1119.6857142857143,1,508,1,0,0,42,16,51
0,169.0,0.07297605276107788,296.0,1.0,238.0,7538.0,180.38775510204067,9720.5,41.983333587646484,10.449999809265137,15125.6337890625,22.0,4.400000095367432,5.099999904632568,32.45000076293945,17412.666015625,2609.8285714285716,0.7494285702705383,26.456785202026367,198.6,1667.35498046875,2257.485595703125,1.004190444946289,1122.4,1,508,1,0,0,24,11,75
0,175.0,0.02964652143418789,296.0,1.0,238.0,3681.0,181.2857142857141,9303.5,38.18333435058594,13.133333206176758,16903.349609375,24.049999237060547,4.400000095367432,5.0,40.33333206176758,21715.666015625,3003.342857142857,0.7335000038146973,26.323928833007812,185.45714285714286,1672.31201171875,2265.60009765625,1.0595476627349854,1127.857142857143,0,508,1,0,0,21,31,68
0,149.0,0.03762827813625336,296.0,1.0,238.0,5778.0,185.61224489795902,10577.1669921875,38.233333587646484,8.133333206176758,16897.3828125,23.483333587646484,4.400000095367432,5.099999904632568,36.11666488647461,23419.0,3228.1714285714284,0.7366904616355896,26.328453063964844,185.57142857142858,1675.49853515625,2254.0,0.9683333039283752,1129.8285714285714,2,508,1,0,0,21,7,68
0,136.0,0.027366019785404205,296.0,1.0,238.0,18801.0,190.99999999999986,9301.833984375,42.766666412353516,9.300000190734863,16694.017578125,22.149999618530273,4.133333206176758,5.0333333015441895,30.08333396911621,18271.888671875,3586.5714285714284,0.7392380833625793,26.271072387695312,176.05714285714285,1666.1729736328125,2242.17138671875,0.8477857112884521,1130.0,3,508,1,0,0,21,4,53
0,150.0,0.03648802638053894,296.0,1.0,238.0,20240.0,196.3673469387754,10669.1669921875,42.650001525878906,10.783333778381348,17480.666015625,22.049999237060547,4.199999809265137,4.900000095367432,34.78333282470703,23021.833984375,3560.1428571428573,0.7440714240074158,26.330238342285156,172.77142857142857,1658.6251220703125,2270.685791015625,0.8904523849487305,1130.3142857142857,0,508,1,0,0,31,9,70
0,164.78347155070801,0.202964648604393,296.0,1.0,238.0,11211.0,200.7551020408162,9522.22265625,37.75555419921875,8.033332824707031,18616.728515625,22.661109924316406,4.5333333015441895,5.044444561004639,35.3055534362793,19814.388671875,3813.6285714285714,0.7368571162223816,26.272380828857422,173.71428571428572,1677.5406494140625,2237.54296875,0.7560476064682007,1135.9142857142858,2,508,1,0,0,31,3,74
0,120.0,0.12656784057617188,296.0,1.0,238.0,3453.0,204.4897959183672,11793.1669921875,37.53333282470703,14.316666603088379,18963.517578125,23.5,4.199999809265137,4.766666889190674,31.133333206176758,20660.333984375,3873.7428571428572,0.7242857217788696,26.23178482055664,173.82857142857142,1694.0067138671875,2248.971435546875,0.7526904344558716,1139.9714285714285,2,508,1,1,0,31,3,48
0,185.0,0.6716077327728271,296.0,1.0,238.0,1946.0,209.2448979591835,10955.6669921875,40.849998474121094,13.233333587646484,23475.56640625,23.116666793823242,4.099999904632568,4.766666889190674,32.233333587646484,19264.0,3982.0285714285715,0.7316666841506958,26.33202362060547,178.0857142857143,1713.22802734375,2233.94287109375,0.6293571591377258,1147.9714285714285,1,508,1,1,0,42,26,71
0,154.0,0.6955530047416687,296.0,1.0,238.0,1518.0,207.44897959183655,11044.5,40.86666488647461,13.066666603088379,22977.8671875,22.46666717529297,4.099999904632568,4.800000190734863,29.16666603088379,20895.833984375,4106.4857142857145,0.7217381000518799,26.257261276245117,170.11428571428573,1714.2452392578125,2281.45703125,0.6292856931686401,1148.3714285714286,2,508,1,1,0,42,3,59
0,113.0,0.48916763067245483,296.0,1.0,238.0,3074.0,205.79591836734673,10897.1669921875,42.43333435058594,16.08333396911621,19675.083984375,23.100000381469727,4.400000095367432,4.7166666984558105,29.316667556762695,24486.666015625,4165.142857142857,0.7290952205657959,26.332141876220703,167.68571428571428,1709.5189208984375,2292.914306640625,0.6017380952835083,1151.1714285714286,3,508,1,1,0,21,3,44
0,152.3829378742379,0.6875712871551514,296.0,1.0,238.0,8936.0,206.55102040816317,11779.5,38.38333511352539,15.066666603088379,17071.75,21.5,4.400000095367432,4.616666793823242,34.29999923706055,19883.5,4349.0,0.7419523596763611,26.419286727905273,162.57142857142858,1692.8311767578125,2300.771484375,0.4151904881000519,1149.0285714285715,0,508,1,0,0,21,26,57
0,199.0,0.5496008992195129,296.0,1.0,238.0,12584.0,200.4285714285713,9790.5,33.983333587646484,15.383333206176758,18460.5,23.78333282470703,4.400000095367432,4.666666507720947,39.68333435058594,22556.0,4359.457142857143,0.7484762072563171,26.513452529907227,165.57142857142858,1694.796630859375,2318.54296875,0.42947620153427124,1148.5142857142857,1,508,1,0,0,21,25,75
0,125.0,0.03192702308297157,296.0,1.0,238.0,14074.0,192.77551020408154,8368.3330078125,28.71666717529297,16.66666603088379,16234.4169921875,22.450000762939453,4.099999904632568,4.866666793823242,39.61666488647461,17113.166015625,4490.5142857142855,0.7486428618431091,26.441429138183594,159.37142857142857,1664.6993408203125,2383.54296875,0.3095476031303406,1133.9142857142858,2,508,1,0,0,34,23,55
0,163.0,0.28050172328948975,296.0,1.0,238.0,7568.0,184.95918367346934,9662.0,31.299999237060547,17.116666793823242,16067.783203125,22.03333282470703,4.099999904632568,5.0,36.21666717529297,20274.5,4561.942857142857,0.7542142868041992,26.51202392578125,158.94285714285715,1667.252685546875,2404.54296875,0.24542856216430664,1136.8857142857144,0,508,1,0,0,21,25,69
0,151.0,0.24629418551921844,296.0,1.0,238.0,2713.0,175.6122448979592,10627.5,34.016666412353516,14.016666412353516,16749.849609375,21.233333587646484,4.199999809265137,4.900000095367432,39.16666793823242,17920.166015625,4637.2,0.7576666474342346,26.518333435058594,153.77142857142857,1653.12060546875,2413.60009765625,0.16380950808525085,1131.4571428571428,1,508,1,0,0,31,35,59
0,110.0,0.15051311254501343,296.0,1.0,238.0,18270.0,166.63265306122443,11594.5,33.66666793823242,13.050000190734863,16521.349609375,22.75,4.0,4.900000095367432,41.04999923706055,21322.5,4730.685714285714,0.7818095088005066,26.689762115478516,160.22857142857143,1663.1461181640625,2475.485595703125,0.072380930185318,1133.8,1,508,1,0,0,24,22,43
0,107.0,0.0,296.0,1.0,238.0,24044.0,152.22448979591834,9554.6669921875,26.683332443237305,17.100000381469727,18526.017578125,22.03333282470703,4.300000190734863,5.0,45.099998474121094,19046.333984375,4775.942857142857,0.7855952382087708,26.725475311279297,165.8,1679.252685546875,2497.857177734375,0.0589761957526207,1138.7714285714285,2,508,1,0,0,34,18,42
0,,0.0,267.0,4.0,238.0,32767.0,147.97959183673464,8784.3330078125,24.850000381469727,20.350000381469727,17357.55078125,22.316667556762695,4.099999904632568,5.0,41.483333587646484,19582.5,4815.628571428571,0.7966428399085999,26.76952362060547,174.28571428571428,1681.2415771484375,2490.05712890625,-0.1890714317560196,1130.4571428571428,4,508,1,0,0,21,3,
0,44.0,0.06955530494451523,267.0,4.0,238.0,32767.0,142.83673469387747,11210.0,24.58333396911621,18.733333587646484,17894.1328125,21.766666412353516,4.699999809265137,4.900000095367432,43.36666488647461,22487.333984375,4855.314285714286,0.8003095388412476,26.821189880371094,172.54285714285714,1666.9012451171875,2506.685791015625,-0.21826191246509552,1124.4857142857143,4,508,1,0,0,34,35,18
0,35.0,0.08437856286764145,267.0,4.0,238.0,32767.0,138.2857142857142,9562.5,27.66666603088379,19.83333396911621,16365.1669921875,20.71666717529297,4.5,4.900000095367432,42.11666488647461,19333.5,4915.742857142857,0.798380970954895,26.820714950561523,181.65714285714284,1678.5980224609375,2523.514404296875,-0.2609047591686249,1121.0857142857142,5,508,1,0,0,24,8,14
0,60.0,0.5096921324729919,267.0,4.0,238.0,32767.0,132.99999999999994,9807.0,29.71666717529297,19.549999237060547,15414.150390625,20.100000381469727,4.099999904632568,4.900000095367432,42.63333511352539,20048.666015625,4951.285714285715,0.8006190657615662,26.829404830932617,189.0,1691.68212890625,2512.39990234375,-0.36116665601730347,1120.5142857142857,0,508,1,0,0,41,9,23
0,35.0,0.049030788242816925,267.0,4.0,238.0,32767.0,128.46938775510196,13235.3330078125,29.766666412353516,12.716666221618652,16672.6171875,21.100000381469727,4.300000190734863,4.900000095367432,41.983333587646484,29323.666015625,4975.657142857143,0.8103333115577698,26.883451461791992,191.37142857142857,1689.7930908203125,2507.742919921875,-0.4100952446460724,1119.2857142857142,1,508,1,0,0,24,6,15
0,62.0,0.3101482391357422,267.0,4.0,238.0,32767.0,124.2857142857142,11334.8330078125,35.31666564941406,14.766666412353516,17500.94921875,23.46666717529297,4.199999809265137,4.900000095367432,40.16666793823242,25610.0,5085.342857142857,0.8296666741371155,26.977262496948242,206.94285714285715,1679.4908447265625,2469.199951171875,-0.6056428551673889,1101.3142857142857,1,508,1,0,1,24,5,24
0,48.0,0.32839223742485046,267.0,4.0,238.0,32767.0,124.08163265306113,12028.8330078125,30.96666717529297,18.03333282470703,15340.6337890625,21.75,3.9000000953674316,4.800000190734863,46.25,23079.0,5092.857142857143,0.8233571648597717,26.903213500976562,210.2,1671.09716796875,2421.685791015625,-0.6830714344978333,1089.5142857142857,1,508,1,0,1,31,1,19
0,,0.0,267.0,4.0,238.0,19902.0,120.93877551020401,12396.0,27.316667556762695,16.83333396911621,18601.69921875,20.5,3.799999952316284,4.9666666984558105,42.650001525878906,22305.666015625,5177.685714285714,0.829547643661499,26.879404067993164,235.14285714285714,1673.50390625,2186.28564453125,-0.7839999794960022,1069.0857142857142,1,508,1,0,1,34,2,
0,47.0,0.34891676902770996,267.0,4.0,238.0,12535.0,118.36734693877543,13797.8330078125,30.16666603088379,18.816667556762695,18488.583984375,21.616666793823242,3.799999952316284,5.099999904632568,42.58333206176758,23306.166015625,5188.2,0.8184047341346741,26.784523010253906,240.0,1674.876220703125,2094.17138671875,-0.7877143025398254,1063.1714285714286,1,508,1,0,1,41,6,17
0,88.0,0.5267959237098694,267.0,4.0,238.0,5474.0,117.97959183673461,15764.3330078125,32.0,19.299999237060547,16953.666015625,21.366666793823242,3.700000047683716,5.099999904632568,38.83333206176758,31779.833984375,5172.914285714286,0.8433333039283752,26.972856521606445,257.48571428571427,1690.4976806640625,1922.228515625,-0.7980238199234009,1062.8285714285714,1,508,1,0,1,21,8,37
0,62.0,0.3192702531814575,267.0,4.0,238.0,4018.0,119.67346938775503,14106.611328125,32.46111297607422,15.822221755981445,18765.66015625,21.077777862548828,3.633333444595337,5.044444561004639,40.411109924316406,26514.33203125,5189.171428571429,0.8507381081581116,27.011072158813477,266.0857142857143,1698.2069091796875,1837.6571044921875,-0.8718571066856384,1065.3714285714286,1,508,1,0,1,21,20,29
0,6.0,0.0,267.0,4.0,238.0,18287.0,117.86394557823523,18295.333984375,36.81111145019531,18.46666717529297,14913.6162109375,24.255556106567383,3.866666555404663,5.5,31.93889045715332,24033.166015625,4991.171428571429,0.8699285387992859,27.123571395874023,282.4,1690.35986328125,1753.6571044921875,-0.956595242023468,1059.8857142857144,2,508,1,0,1,34,5,3
0,68.0,0.4253135621547699,267.0,4.0,238.0,15179.0,121.48979591836729,17490.166015625,29.71666717529297,12.25,19864.3828125,21.58333396911621,3.5999999046325684,5.050000190734863,41.58333206176758,26141.833984375,4959.0,0.8608571290969849,27.055713653564453,285.0285714285714,1682.968994140625,1754.4571533203125,-0.9720237851142883,1055.5428571428572,4,611,1,0,1,24,11,25
0,81.0,0.2645381987094879,267.0,4.0,238.0,9067.0,123.34693877551013,21803.333984375,35.36666488647461,14.100000381469727,19141.3828125,22.0,4.300000190734863,5.199999809265137,35.95000076293945,34007.33203125,4888.2,0.8550000190734863,27.002500534057617,293.8,1701.6177978515625,1811.0,-1.1716428995132446,1059.942857142857,1,508,1,0,1,31,5,43
0,95.0,0.7673888206481934,267.0,4.0,238.0,3138.0,125.39999999999993,19276.5,31.25,13.366666793823242,16821.75,22.03333282470703,3.700000047683716,5.0,44.016666412353516,24764.5,4850.0,0.8375238180160522,26.89285659790039,294.8,1696.8306884765625,1817.1142578125,-1.2136666774749756,1054.7714285714285,2,508,1,0,1,21,27,41
0,111.0,0.7776510715484619,267.0,4.0,238.0,4803.0,122.8157894736841,16257.5,32.38333511352539,13.5,20475.55078125,22.116666793823242,3.700000047683716,5.066666603088379,37.54999923706055,27758.0,4825.657142857143,0.8390952348709106,26.909048080444336,290.34285714285716,1682.426513671875,1859.5714111328125,-1.3578095436096191,1047.6857142857143,4,611,1,0,1,31,6,42
0,100.0,0.6225769519805908,267.0,4.0,170.0,6222.0,127.23684210526304,14563.0,33.04999923706055,10.949999809265137,20045.416015625,21.850000381469727,4.0,5.0,38.53333282470703,21206.166015625,4838.057142857143,0.8455713987350464,26.894643783569336,292.4,1694.2618408203125,1889.5714111328125,-1.4396429061889648,1051.5142857142857,1,611,1,0,1,24,12,45
0,,0.44925883412361145,267.0,4.0,170.0,8988.0,127.23684210526304,20572.259765625,43.59764862060547,15.119999885559082,24691.96484375,24.771764755249023,4.699999809265137,5.138823509216309,24.985881805419922,45212.91796875,4614.628571428571,0.8798571228981018,27.09642791748047,345.42857142857144,1800.374267578125,1851.1142578125,-1.5512380599975586,1083.1142857142856,0,611,1,0,1,21,3,
0,,0.0,267.0,4.0,170.0,32767.0,125.59999999999988,16162.1669921875,44.266666412353516,14.316666603088379,17953.81640625,24.33333396911621,4.400000095367432,5.516666889190674,23.91666603088379,40530.0,4528.171428571429,0.9417856931686401,27.355833053588867,354.51428571428573,1785.2796630859375,1973.857177734375,-1.7759047746658325,1086.3142857142857,0,611,1,0,1,34,5,
0,,0.0,267.0,4.0,170.0,32767.0,126.25925925925911,19168.833984375,38.844444274902344,13.75,24608.84375,22.266666412353516,4.599999904632568,5.316666603088379,23.899999618530273,56306.83203125,4342.5142857142855,0.966785728931427,27.39392852783203,375.57142857142856,1806.57177734375,1907.914306640625,-1.7967857122421265,1087.7428571428572,0,611,1,0,1,34,16,
0,10.0,0.0,267.0,4.0,170.0,32767.0,122.590909090909,13781.888671875,45.972225189208984,13.111111640930176,22433.966796875,24.27777862548828,4.699999809265137,5.266666889190674,20.66666603088379,31340.111328125,4222.771428571428,0.9575714468955994,27.354642868041992,387.4,1801.25146484375,1839.05712890625,-1.860119104385376,1071.9714285714285,0,611,1,0,1,24,6,4
0,71.0,0.26111745834350586,267.0,4.0,170.0,32767.0,123.74999999999993,15313.8330078125,42.766666412353516,15.466666221618652,21279.43359375,24.433332443237305,5.400000095367432,5.25,19.53333282470703,39310.5,4134.028571428571,0.9686190485954285,27.38035774230957,397.1714285714286,1797.2933349609375,1765.3143310546875,-1.889214277267456,1062.8,0,611,1,0,1,24,26,26
0,365.0,0.9486886858940125,286.0,2.0,290.0,1059.0,286.6938775510203,19754.166015625,19.233333587646484,0.9833333492279053,30390.6171875,29.200000762939453,5.800000190734863,4.25,42.54999923706055,43192.83203125,258.57142857142856,0.5914999842643738,26.086071014404297,1.3142857142857143,1309.7525634765625,3420.257080078125,-0.694261908531189,1046.3428571428572,0,503,1,0,1,21,35,166
0,220.0,0.7160775661468506,286.0,2.0,290.0,1483.0,278.9999999999999,,,,,,,,,,340.2857142857143,0.6243571639060974,26.534048080444336,2.857142857142857,1330.0638427734375,3090.628662109375,-0.10616666078567505,1068.5428571428572,0,503,1,1,0,21,19,84
0,182.0,0.623717188835144,286.0,2.0,285.0,1134.0,276.3265306122448,16372.8330078125,25.049999237060547,2.299999952316284,23979.81640625,26.633333206176758,4.699999809265137,4.150000095367432,51.08333206176758,24380.5,355.1714285714286,0.6307380795478821,26.573095321655273,3.0,1324.460205078125,3092.914306640625,-0.10657143592834473,1067.1142857142856,0,496,1,1,0,21,2,83
1,143.0,0.0,286.0,2.0,285.0,24644.0,251.7959183673467,15914.1669921875,31.53333282470703,5.483333110809326,23821.44921875,30.733333587646484,6.900000095367432,4.75,15.399999618530273,46781.5,578.9714285714285,0.680476188659668,26.876903533935547,3.9714285714285715,1347.16064453125,3003.228515625,0.09252382814884186,1091.6285714285714,0,496,1,0,0,34,14,48
0,217.0,0.32155072689056396,286.0,2.0,248.0,3374.0,240.8775510204081,15016.3330078125,32.11666488647461,6.333333492279053,20127.68359375,25.483333587646484,6.099999904632568,4.2833333015441895,23.0,30188.833984375,615.3714285714286,0.6541428565979004,27.105833053588867,4.942857142857143,1382.3087158203125,3362.514404296875,-0.2722380757331848,1108.5714285714287,1,473,1,0,1,31,11,73
1,263.0,0.39566704630851746,286.0,2.0,248.0,3216.0,240.8775510204081,15687.3330078125,35.650001525878906,5.733333110809326,20980.30078125,25.383333206176758,6.099999904632568,4.2833333015441895,23.633333206176758,30605.0,615.3714285714286,0.6541428565979004,27.105833053588867,4.942857142857143,1382.3087158203125,3362.514404296875,-0.2722380757331848,1108.5714285714287,0,473,1,0,1,41,13,88
0,278.0,0.6978335380554199,286.0,2.0,248.0,1077.0,245.40816326530597,13867.6669921875,35.08333206176758,3.366666555404663,15634.31640625,22.71666717529297,5.099999904632568,4.150000095367432,22.83333396911621,21909.166015625,920.4571428571429,0.6107618808746338,26.89583396911621,28.714285714285715,1445.15380859375,2586.514404296875,-0.35038095712661743,1109.7428571428572,0,473,1,0,1,21,30,124
0,315.0,0.678449273109436,286.0,2.0,248.0,1111.0,242.48979591836715,11549.6669921875,35.95000076293945,2.6666667461395264,14725.06640625,21.78333282470703,4.5,4.2833333015441895,39.56666564941406,18573.5,1672.2571428571428,0.6899285912513733,27.095714569091797,67.54285714285714,1461.4207763671875,2428.39990234375,-0.09200000762939453,1096.9142857142858,0,473,1,0,1,21,26,140
1,210.0,0.04675028473138809,286.0,2.0,248.0,1666.0,242.081632653061,9223.3330078125,42.96666717529297,3.7166666984558105,14610.8662109375,21.899999618530273,4.300000190734863,4.199999809265137,31.21666717529297,29625.666015625,1689.4857142857143,0.697952389717102,27.181785583496094,72.74285714285715,1472.3275146484375,2385.857177734375,-0.09033334255218506,1101.142857142857,0,473,1,0,1,41,2,95
0,39.0,0.0,286.0,2.0,248.0,7882.0,241.57142857142833,,,,,,,,,33070.5,1742.0285714285715,0.7019761800765991,27.21904754638672,76.88571428571429,1476.93994140625,2359.914306640625,-0.04490474611520767,1101.0857142857142,0,473,1,0,1,21,35,18
1,281.0,0.2770809531211853,286.0,2.0,248.0,1886.0,241.9387755102039,,40.516666412353516,1.7166666984558105,,21.91666603088379,4.800000190734863,4.099999904632568,36.66666793823242,,1915.1142857142856,0.7030952572822571,27.14559555053711,74.71428571428571,1450.998779296875,2367.8857421875,0.06497620791196823,1086.6857142857143,0,473,1,0,1,21,22,110
0,261.0,0.4982896149158478,286.0,2.0,301.0,1336.0,263.73469387755085,11558.1669921875,40.516666412353516,2.3333332538604736,15759.099609375,21.41666603088379,4.5,4.083333492279053,38.86666488647461,18686.5,2323.657142857143,0.7154762148857117,26.979761123657227,69.62857142857143,1443.2869873046875,2381.82861328125,0.2859523892402649,1088.142857142857,1,511,1,0,1,41,27,119
0,254.0,0.5769669413566589,286.0,2.0,301.0,1770.0,265.5510204081631,12641.5,38.266666412353516,4.183333396911621,16719.599609375,21.78333282470703,4.300000190734863,4.083333492279053,33.18333435058594,19569.5,2398.457142857143,0.7248333096504211,27.069761276245117,68.22857142857143,1441.5428466796875,2386.771484375,0.30940476059913635,1091.2,1,511,1,0,1,31,13,119
0,,0.48916763067245483,286.0,2.0,301.0,1183.0,266.20408163265284,10482.6669921875,38.20000076293945,4.849999904632568,15176.466796875,22.316667556762695,4.400000095367432,4.083333492279053,44.81666564941406,22732.666015625,2546.5142857142855,0.7157381176948547,26.832977294921875,65.82857142857142,1439.2900390625,2404.28564453125,0.3756190538406372,1087.6285714285714,0,511,1,0,0,21,1,
0,33.0,0.6066134572029114,286.0,2.0,301.0,1216.0,266.1020408163263,13452.5,36.099998474121094,7.183333396911621,16106.7998046875,23.116666793823242,4.5,4.183333396911621,43.54999923706055,26229.833984375,2629.4285714285716,0.7157618999481201,26.79916763305664,66.6,1444.957763671875,2391.514404296875,0.3920714259147644,1089.4285714285713,0,511,1,0,0,41,3,13
0,131.0,0.3158494830131531,286.0,2.0,301.0,1880.0,266.5102040816324,11218.6669921875,36.233333587646484,3.7833333015441895,15836.7998046875,22.649999618530273,4.599999904632568,4.183333396911621,44.91666793823242,21166.0,2719.542857142857,0.7245476245880127,26.853927612304688,67.57142857142857,1442.6693115234375,2395.314208984375,0.3875952363014221,1089.9142857142858,3,511,1,0,0,31,5,50
0,240.0,0.2896237075328827,286.0,2.0,301.0,1257.0,272.6938775510202,12896.3330078125,40.06666564941406,5.883333206176758,17913.69921875,23.53333282470703,4.5,4.099999904632568,39.400001525878906,21984.333984375,2848.6857142857143,0.7340475916862488,26.879642486572266,70.08571428571429,1446.2545166015625,2381.45703125,0.3994523882865906,1092.2285714285715,0,511,1,0,0,21,27,101
0,63.0,0.704675018787384,286.0,2.0,301.0,1136.0,274.73469387755085,12487.333984375,42.52777862548828,6.561110973358154,16284.3994140625,21.755556106567383,4.433333396911621,4.127777576446533,38.522220611572266,20542.666015625,2939.657142857143,0.7448333501815796,26.979881286621094,70.71428571428571,1442.4544677734375,2378.228515625,0.38585716485977173,1093.2285714285715,0,511,1,0,0,21,4,25
0,187.0,0.20410490036010742,286.0,2.0,301.0,1363.0,274.73469387755085,11151.1669921875,40.43333435058594,4.050000190734863,15635.650390625,23.450000762939453,4.5,4.099999904632568,37.79999923706055,20451.333984375,3040.8571428571427,0.7549523711204529,27.060714721679688,72.37142857142857,1441.306640625,2368.685791015625,0.39157143235206604,1093.8857142857144,2,511,1,0,0,21,27,72
1,96.0,0.2622576951980591,286.0,2.0,301.0,1753.0,276.71428571428555,10828.3330078125,40.61666488647461,6.150000095367432,18616.517578125,21.450000762939453,4.400000095367432,4.150000095367432,26.53333282470703,22034.0,3118.4,0.7669285535812378,27.169879913330078,75.28571428571429,1441.427001953125,2347.085693359375,0.3861190676689148,1095.1714285714286,0,511,1,0,0,42,24,37
0,124.0,0.5336374044418335,296.0,3.0,271.0,1039.0,266.2040816326529,17006.0,40.06666564941406,4.166666507720947,19818.55078125,22.483333587646484,4.400000095367432,4.400000095367432,30.649999618530273,30736.5,3730.542857142857,0.8242142796516418,27.408809661865234,113.45714285714286,1463.127685546875,2143.6572265625,0.37904760241508484,1086.8857142857144,0,511,1,0,1,31,15,46
0,237.0,0.5085518956184387,296.0,3.0,271.0,1082.0,269.34693877551,12279.0,38.04999923706055,4.0,24949.5,22.266666412353516,4.400000095367432,4.199999809265137,41.599998474121094,22051.5,3692.2571428571428,0.8358809351921082,27.473928451538086,118.31428571428572,1469.169677734375,2122.05712890625,0.37654760479927063,1088.942857142857,0,482,1,0,1,21,3,121
0,230.0,0.4652223587036133,296.0,3.0,271.0,1993.0,264.8979591836734,,,,,,,,,,3678.3142857142857,0.8337619304656982,27.467618942260742,119.97142857142858,1470.873779296875,2116.800048828125,0.37840476632118225,1088.5714285714287,4,511,1,0,1,31,17,109
1,351.0,0.0011402508243918419,296.0,3.0,271.0,2658.0,256.4489795918366,18567.833984375,40.88333511352539,3.383333444595337,20862.666015625,21.950000762939453,4.599999904632568,4.583333492279053,26.383333206176758,38255.83203125,3635.714285714286,0.8518809676170349,27.652023315429688,124.65714285714286,1469.23876953125,2101.1142578125,0.38176190853118896,1089.2,1,482,1,0,1,21,21,144
0,194.0,0.4583808481693268,296.0,3.0,271.0,1630.0,253.69387755102028,14379.1669921875,38.766666412353516,4.300000190734863,16863.06640625,22.516666412353516,4.599999904632568,4.75,39.53333282470703,40091.33203125,3637.885714285714,0.8345714211463928,27.514404296875,121.34285714285714,1456.662109375,2117.914306640625,0.39661905169487,1080.142857142857,1,511,1,0,1,31,7,87
0,74.0,0.19042189419269562,296.0,3.0,271.0,1583.0,250.40816326530597,11415.6669921875,40.75,4.083333492279053,18313.267578125,21.08333396911621,4.199999809265137,4.25,35.41666793823242,19411.333984375,3606.2285714285713,0.8288809657096863,27.503095626831055,122.62857142857143,1453.1566162109375,2111.771484375,0.3620952367782593,1075.857142857143,1,482,1,0,0,31,4,31
0,199.0,0.6077536940574646,296.0,3.0,271.0,3798.0,248.1224489795917,12125.6669921875,44.650001525878906,1.6833332777023315,18076.033203125,22.549999237060547,4.699999809265137,4.199999809265137,37.96666717529297,20774.0,3601.7428571428572,0.822523832321167,27.425119400024414,124.82857142857142,1464.281982421875,2106.085693359375,0.3670952320098877,1078.6285714285714,2,482,1,0,0,41,3,92
1,206.0,0.21208666265010834,296.0,3.0,301.0,6081.0,247.3877551020406,14287.6669921875,40.96666717529297,3.4000000953674316,17409.416015625,21.850000381469727,4.199999809265137,4.25,39.58333206176758,19323.166015625,3532.9714285714285,0.8345000147819519,27.543214797973633,124.91428571428571,1456.3638916015625,2099.17138671875,0.33961907029151917,1077.3714285714286,1,511,1,0,0,31,20,80
0,124.0,0.12998859584331512,296.0,3.0,301.0,3368.0,248.42857142857125,15224.3330078125,40.43333435058594,3.1666667461395264,16647.3671875,21.133333206176758,4.599999904632568,4.983333110809326,43.36666488647461,25288.0,3501.457142857143,0.8420000076293945,27.624404907226562,127.54285714285714,1457.39794921875,2086.94287109375,0.29876190423965454,1078.5142857142857,0,511,1,0,0,21,9,63
0,231.0,0.30102622509002686,267.0,4.0,301.0,7824.0,245.95918367346914,10159.3330078125,44.53333282470703,2.6500000953674316,17164.533203125,22.28333282470703,4.099999904632568,4.483333110809326,37.96666717529297,18720.0,3391.4857142857145,0.850523829460144,27.69071388244629,134.54285714285714,1472.3634033203125,2084.628662109375,0.2560952603816986,1083.5714285714287,0,511,1,0,0,21,19,106
1,216.0,0.03648802638053894,296.0,3.0,301.0,6924.0,258.4285714285712,11315.5,46.29999923706055,4.150000095367432,17588.19921875,22.299999237060547,4.699999809265137,4.599999904632568,25.91666603088379,37621.5,3423.6285714285714,0.8462380766868591,27.665475845336914,130.22857142857143,1475.0198974609375,2126.45703125,0.24871429800987244,1088.1714285714286,0,511,1,0,0,41,12,116
0,60.0,0.0,296.0,3.0,271.0,11459.0,240.40816326530586,14539.8330078125,33.78333282470703,2.9000000953674316,17212.6171875,21.183332443237305,4.5,4.583333492279053,32.349998474121094,28283.166015625,3308.1714285714284,0.848547637462616,27.770357131958008,129.0,1499.2998046875,2243.628662109375,0.22176191210746765,1106.3714285714286,1,482,1,0,0,31,14,23
1,178.0,0.13226909935474396,296.0,3.0,271.0,5643.0,237.9999999999997,13119.0,46.04999923706055,4.25,22929.55078125,24.91666603088379,4.800000190734863,4.599999904632568,37.150001525878906,28050.0,3257.0285714285715,0.8215476274490356,27.611309051513672,110.2,1472.5166015625,2400.82861328125,0.13742855191230774,1102.9142857142858,3,511,1,0,0,21,3,94
1,217.0,0.0,296.0,3.0,301.0,9761.0,237.02040816326502,16717.5,46.33333206176758,3.1666667461395264,22576.400390625,25.66666603088379,5.300000190734863,4.400000095367432,24.866666793823242,43691.16796875,3117.4,0.8267619013786316,27.70833396911621,117.85714285714286,1493.1279296875,2368.60009765625,0.1511666625738144,1109.2857142857142,0,511,1,0,0,21,20,98
1,167.0,0.0,296.0,3.0,301.0,6886.0,235.2244897959181,13563.5,47.33333206176758,3.75,17463.56640625,23.316667556762695,5.199999809265137,4.699999809265137,26.816667556762695,33710.16796875,3089.5142857142855,0.8025476336479187,27.508451461791992,107.34285714285714,1476.186767578125,2471.314208984375,0.0957142785191536,1102.4571428571428,0,511,1,0,0,21,9,89
0,100.0,0.3580387830734253,296.0,3.0,271.0,13887.0,233.2448979591835,13578.5,38.11666488647461,4.4666666984558105,19552.6328125,24.25,5.400000095367432,4.349999904632568,33.28333282470703,19788.333984375,2987.2,0.8140714168548584,27.636308670043945,110.37142857142857,1480.0535888671875,2476.1142578125,0.08726190775632858,1106.2285714285715,3,482,1,0,0,31,9,47
0,102.0,0.216647669672966,296.0,3.0,271.0,12097.0,242.34693877551,11527.1669921875,37.54999923706055,2.116666555404663,18009.966796875,23.316667556762695,4.800000190734863,4.583333492279053,42.150001525878906,19287.0,3013.0,0.8131428360939026,27.648571014404297,115.54285714285714,1487.47802734375,2450.45703125,0.08404762297868729,1105.7142857142858,1,482,1,0,0,21,9,52
0,18.0,0.0,296.0,3.0,293.0,26293.0,226.95918367346934,15845.1669921875,30.572221755981445,5.094444274902344,18236.0390625,27.155555725097656,5.233333587646484,4.883333206176758,24.711111068725586,34768.61328125,2867.3142857142857,0.8176666498184204,27.77916717529297,129.34285714285716,1509.0714111328125,2386.257080078125,0.041952382773160934,1107.5142857142857,0,476,1,0,1,34,1,7
0,39.0,0.0,296.0,3.0,293.0,28774.0,224.83673469387756,17623.333984375,30.149999618530273,6.266666889190674,23054.333984375,24.5,5.0,4.949999809265137,31.733333587646484,44409.66796875,2742.285714285714,0.811904788017273,27.7549991607666,149.22857142857143,1565.0042724609375,2293.028564453125,0.006738096475601196,1119.942857142857,0,476,1,0,1,24,6,18
0,113.0,0.3717217743396759,296.0,3.0,293.0,3174.0,226.02040816326522,10486.0,39.91666793823242,3.450000047683716,18023.400390625,24.149999618530273,5.099999904632568,4.300000190734863,45.56666564941406,20620.0,2914.942857142857,0.7790714502334595,27.33226203918457,145.94285714285715,1522.02099609375,2288.05712890625,-0.14923809468746185,1086.857142857143,0,476,1,0,0,21,22,46
0,143.0,0.6590650081634521,296.0,1.0,293.0,5693.0,223.51020408163254,8932.3330078125,29.649999618530273,3.700000047683716,17070.166015625,21.91666603088379,4.199999809265137,4.199999809265137,59.18333435058594,21582.333984375,3040.8571428571427,0.8045476078987122,27.521547317504883,151.17142857142858,1511.1236572265625,2242.05712890625,-0.186404749751091,1084.4,1,476,1,0,0,31,21,73
1,91.0,0.04446978494524956,296.0,1.0,293.0,10076.0,236.91836734693865,11895.0,30.116666793823242,3.5833332538604736,15809.900390625,21.016666412353516,4.699999809265137,4.699999809265137,48.400001525878906,32004.22265625,3049.3714285714286,0.8030475974082947,27.472620010375977,158.11428571428573,1515.061279296875,2186.228515625,-0.19740477204322815,1079.4,0,476,1,0,0,31,11,36
0,240.0,0.7480045557022095,296.0,1.0,293.0,4577.0,244.3673469387753,9041.0,28.700000762939453,1.4500000476837158,15740.7666015625,22.316667556762695,4.199999809265137,4.0,59.016666412353516,17803.666015625,3110.342857142857,0.7814761996269226,27.181547164916992,153.02857142857144,1511.3961181640625,2171.771484375,-0.18919046223163605,1075.2571428571428,1,476,1,0,0,42,1,99
0,91.07058632825574,0.6693272590637207,296.0,1.0,293.0,1841.0,240.61224489795896,12279.0,27.799999237060547,3.3499999046325684,15128.900390625,20.649999618530273,4.099999904632568,4.25,60.56666564941406,18564.666015625,3230.714285714286,0.7700476050376892,27.17273712158203,157.37142857142857,1528.19580078125,2132.628662109375,-0.1951904594898224,1079.1142857142856,2,476,1,0,0,21,1,45
0,183.0,0.4800456166267395,267.0,4.0,293.0,2496.0,254.7346938775508,16830.0,28.983333587646484,5.766666889190674,21763.31640625,22.100000381469727,4.0,4.25,52.71666717529297,21924.833984375,3362.1428571428573,0.7531428337097168,27.00619125366211,156.74285714285713,1526.1060791015625,2101.771484375,-0.1432618945837021,1073.7142857142858,1,476,1,0,0,24,2,95
0,116.0,0.5598631501197815,296.0,1.0,293.0,3092.0,244.24489795918345,12448.27734375,31.866666793823242,5.833333492279053,17383.015625,21.983333587646484,3.799999952316284,4.183333396911621,57.70000076293945,18824.333984375,3396.8,0.7616666555404663,27.13726234436035,164.57142857142858,1535.504638671875,2076.914306640625,-0.14666667580604553,1075.7428571428572,1,476,1,0,0,41,4,48
0,241.0,0.38882553577423096,267.0,4.0,293.0,1560.0,252.32653061224474,12468.0,37.41666793823242,7.766666889190674,17376.099609375,24.149999618530273,4.5,4.300000190734863,44.650001525878906,22408.5,3408.4,0.7457857131958008,26.987262725830078,157.57142857142858,1523.9412841796875,2064.17138671875,-0.19097618758678436,1070.7714285714285,0,476,1,0,0,21,19,129
0,242.17619628923623,0.7685290575027466,296.0,1.0,293.0,1141.0,240.6530612244896,11789.8330078125,29.133333206176758,5.0333333015441895,16382.5830078125,23.866666793823242,3.700000047683716,4.25,59.20000076293945,19213.166015625,3430.2,0.7334523797035217,26.842857360839844,166.68571428571428,1546.23681640625,2029.6856689453125,-0.21183334290981293,1070.5428571428572,0,476,1,0,0,31,34,133
0,177.0,0.25427594780921936,296.0,1.0,293.0,2981.0,219.16326530612233,13625.6669921875,28.5,2.9000000953674316,17495.267578125,22.600000381469727,3.799999952316284,4.25,59.400001525878906,19825.5,3610.114285714286,0.7222142815589905,26.882143020629883,162.6,1525.5128173828125,2015.4571533203125,-0.19757142663002014,1062.0,0,476,1,0,0,31,30,72
0,37.0,0.29304447770118713,267.0,4.0,293.0,3071.0,211.69387755102025,14252.5,32.088890075683594,5.922222137451172,19197.60546875,20.94444465637207,3.799999952316284,4.150000095367432,52.872222900390625,19023.666015625,3630.9142857142856,0.727238118648529,26.97333335876465,164.68571428571428,1525.276123046875,2008.2572021484375,-0.19900000095367432,1062.7714285714285,0,476,1,0,0,31,20,16
0,201.0,0.6145952343940735,267.0,4.0,293.0,3174.0,197.28571428571422,12247.0,39.88333511352539,7.0333333015441895,16691.43359375,22.883333206176758,3.5999999046325684,4.199999809265137,41.266666412353516,20473.833984375,3609.2,0.7015237808227539,26.686309814453125,168.62857142857143,1534.5928955078125,1992.142822265625,-0.15928570926189423,1054.3428571428572,0,476,1,0,0,21,34,81
0,103.0,0.6773090362548828,267.0,4.0,293.0,1052.0,183.9795918367346,11273.3330078125,28.266666412353516,5.483333110809326,15887.2001953125,22.100000381469727,3.4000000953674316,4.166666507720947,53.766666412353516,17608.666015625,3573.942857142857,0.7062857151031494,26.828332901000977,180.42857142857142,1556.114501953125,1958.914306640625,-0.16652381420135498,1058.8285714285714,0,476,1,0,0,41,20,47
0,128.0,0.7137970328330994,267.0,4.0,293.0,2936.0,174.44897959183663,13395.6669921875,26.399999618530273,6.066666603088379,17077.81640625,22.766666412353516,3.5,4.433333396911621,55.54999923706055,22071.833984375,3561.1428571428573,0.7101428508758545,26.966903686523438,200.88571428571427,1599.538330078125,1927.94287109375,-0.1410714089870453,1068.4571428571428,0,476,1,0,0,31,10,52
1,108.0,0.10946407914161682,267.0,4.0,293.0,6825.0,166.02040816326516,18435.0,26.33333396911621,6.083333492279053,18776.216796875,22.0,4.400000095367432,4.599999904632568,34.78333282470703,40323.33203125,3554.4285714285716,0.7193809747695923,27.105714797973633,206.0857142857143,1599.1458740234375,1908.82861328125,-0.19238094985485077,1066.7428571428572,0,476,1,0,0,21,20,44
0,175.0,0.3386545181274414,267.0,4.0,293.0,1712.0,166.02040816326522,14653.3330078125,28.16666603088379,6.133333206176758,16569.3671875,22.799999237060547,3.5,4.400000095367432,51.483333587646484,21839.333984375,3553.7428571428572,0.6936666965484619,26.86726188659668,209.17142857142858,1610.2337646484375,1908.771484375,-0.24809521436691284,1062.1714285714286,0,476,1,0,1,31,19,85
0,,0.0,267.0,4.0,293.0,8577.0,166.5918367346938,15571.0,24.600000381469727,8.916666984558105,17784.1328125,21.41666603088379,3.9000000953674316,5.150000095367432,35.46666717529297,22034.333984375,3525.457142857143,0.704452395439148,27.03631019592285,216.74285714285713,1615.1259765625,1867.028564453125,-0.31630954146385193,1060.6857142857143,7,476,1,0,1,24,4,
0,169.0,0.12998859584331512,267.0,4.0,283.0,21092.0,171.77551020408157,13103.888671875,28.755556106567383,5.505555629730225,15509.8330078125,20.91666603088379,3.4000000953674316,4.699999809265137,46.46110916137695,24843.83203125,3587.7428571428572,0.6704285740852356,26.853214263916016,190.54285714285714,1569.7928466796875,1955.4285888671875,-0.4616190493106842,1050.0285714285715,1,507,1,0,1,31,14,78
0,125.0,0.13911060988903046,267.0,4.0,283.0,32767.0,176.5510204081632,12376.888671875,27.494443893432617,7.594444274902344,17362.14453125,24.97222137451172,3.200000047683716,4.4666666984558105,60.016666412353516,22980.33203125,3585.057142857143,0.64426189661026,26.68904685974121,183.8,1544.941162109375,2022.4571533203125,-0.5478333234786987,1034.5428571428572,1,507,1,0,0,41,6,65
0,155.0,0.1961231529712677,267.0,4.0,283.0,31782.0,181.93877551020398,10267.5,39.71666717529297,11.133333206176758,20275.833984375,26.983333587646484,4.300000190734863,4.5,39.599998474121094,29813.666015625,3599.0857142857144,0.6569523811340332,26.675594329833984,176.45714285714286,1544.8785400390625,2103.742919921875,-0.5656190514564514,1045.3428571428572,1,507,1,0,0,11,20,71
0,158.0,0.14709235727787018,267.0,4.0,283.0,31500.0,188.4693877551019,11274.6669921875,36.733333587646484,9.116666793823242,19116.3671875,26.850000381469727,4.300000190734863,4.400000095367432,44.86666488647461,29362.166015625,3555.3714285714286,0.6587619185447693,26.727262496948242,182.22857142857143,1545.380859375,2075.1142578125,-0.5929047465324402,1040.142857142857,0,507,1,0,0,11,4,72
0,,0.0,267.0,4.0,230.0,27288.0,185.469387755102,,,,,,,,,,3481.057142857143,0.6705952286720276,26.888690948486328,223.34285714285716,1622.819580078125,1935.7142333984375,-0.7204762101173401,1049.7428571428572,0,511,1,0,0,24,5,
0,28.0,0.0,267.0,4.0,283.0,22016.0,191.2244897959183,19484.666015625,29.383333206176758,8.416666984558105,21520.466796875,23.96666717529297,3.5,5.099999904632568,34.483333587646484,25110.166015625,3456.5142857142855,0.6609047651290894,26.826547622680664,226.88571428571427,1631.900634765625,1869.5428466796875,-0.8135713934898376,1048.5142857142857,0,467,1,0,0,24,9,11
1,119.0,0.0,267.0,4.0,283.0,10505.0,218.04081632653046,12112.0,33.400001525878906,6.25,19505.06640625,23.366666793823242,3.799999952316284,4.4666666984558105,54.70000076293945,24195.666015625,3586.1428571428573,0.6476428508758545,26.693927764892578,197.97142857142856,1593.2230224609375,1882.17138671875,-0.8866666555404663,1049.9714285714285,1,507,1,0,0,21,30,47
0,42.0,0.0,267.0,4.0,283.0,10559.0,209.69387755102028,17995.666015625,30.733333587646484,5.699999809265137,18877.25,23.16666603088379,4.5,4.900000095367432,26.25,36264.0,3677.714285714286,0.6581190228462219,26.73345184326172,208.71428571428572,1596.929931640625,1810.228515625,-0.9678571224212646,1044.3142857142857,0,507,1,0,0,41,18,21
1,33.0,0.0,267.0,4.0,283.0,8935.0,230.73469387755085,,,,,,,,,,3782.4857142857145,0.6680952310562134,26.745952606201172,198.25714285714287,1554.5609130859375,1791.2857666015625,-0.9971904754638672,1032.4,1,507,1,0,0,24,18,14
0,85.0,0.3854047954082489,267.0,4.0,283.0,3241.0,224.0408163265305,13295.0,31.350000381469727,6.599999904632568,17910.349609375,24.516666412353516,3.5,4.25,35.31666564941406,23193.5,3830.1714285714284,0.6757143139839172,26.7502384185791,203.74285714285713,1550.2117919921875,1756.05712890625,-1.0051904916763306,1026.9714285714285,0,467,1,0,0,31,2,34
0,139.0,0.6134549379348755,267.0,4.0,283.0,2921.0,246.61224489795902,13197.0,31.049999237060547,6.5,17930.19921875,25.16666603088379,3.299999952316284,4.349999904632568,37.96666717529297,22265.0,3774.2571428571428,0.6560952663421631,26.505714416503906,208.0857142857143,1550.9371337890625,1722.4000244140625,-1.0461905002593994,1015.5142857142857,1,507,1,0,0,21,2,57
0,130.0,0.4880273640155792,267.0,4.0,283.0,3022.0,255.877551020408,15077.77734375,26.427778244018555,9.477777481079102,17975.900390625,26.02777862548828,3.6666665077209473,4.549999713897705,42.43333435058594,25596.666015625,3753.9714285714285,0.656761884689331,26.496309280395508,209.45714285714286,1551.588623046875,1717.05712890625,-1.0639047622680664,1015.0,2,507,1,0,0,21,5,58
0,311.0,0.36944127082824707,267.0,4.0,283.0,1507.0,265.9999999999998,18331.77734375,29.677776336669922,10.79444408416748,18829.34375,25.299999237060547,3.5,4.849999904632568,39.42222213745117,22471.83203125,3709.0285714285715,0.6504047513008118,26.358928680419922,213.42857142857142,1554.2955322265625,1705.914306640625,-1.0691190958023071,1009.6571428571428,3,507,1,0,0,31,17,156
0,,0.32839223742485046,267.0,4.0,283.0,1806.0,276.9591836734692,20143.666015625,47.68333435058594,10.866666793823242,22272.099609375,26.149999618530273,4.199999809265137,4.900000095367432,27.483333587646484,29274.333984375,3703.3714285714286,0.6416666507720947,26.206905364990234,208.4857142857143,1549.6590576171875,1712.4571533203125,-1.0609999895095825,1008.1714285714286,2,507,1,0,0,41,2,
0,143.0,0.5781071782112122,267.0,4.0,283.0,1591.0,286.7755102040815,15636.0,29.016666412353516,8.416666984558105,17389.19921875,25.266666412353516,3.5999999046325684,4.599999904632568,43.21666717529297,22620.0,3635.5142857142855,0.6595237851142883,26.444047927856445,216.31428571428572,1559.62890625,1685.7142333984375,-1.0700714588165283,1014.9428571428572,0,507,1,0,0,41,25,74
0,278.0,0.9486886858940125,267.0,4.0,283.0,1056.0,285.4489795918366,11888.6669921875,37.733333587646484,10.533333778381348,16739.599609375,25.66666603088379,3.799999952316284,4.5,33.88333511352539,22784.166015625,3410.942857142857,0.6358095407485962,26.204999923706055,206.65714285714284,1552.6817626953125,1755.857177734375,-0.9762142896652222,1014.4,0,507,1,0,1,21,30,149
0,329.0,0.2554161846637726,267.0,4.0,283.0,1412.0,279.7551020408161,14140.8330078125,26.700000762939453,6.866666793823242,21685.716796875,27.549999237060547,3.9000000953674316,4.566666603088379,48.11666488647461,22487.166015625,3292.885714285714,0.6512143015861511,26.570951461791992,206.25714285714287,1553.8311767578125,1793.1142578125,-0.9726905226707458,1027.1714285714286,1,507,1,0,1,31,13,170
0,443.0,0.8323830962181091,267.0,4.0,283.0,1071.0,280.6938775510202,18009.33203125,29.816667556762695,9.44444465637207,22216.64453125,28.2722225189209,4.133333206176758,4.450000286102295,44.838890075683594,28984.22265625,3241.9714285714285,0.622952401638031,26.303333282470703,203.17142857142858,1553.7620849609375,1822.7142333984375,-0.9193809628486633,1019.6285714285714,1,507,1,0,1,41,13,234
0,343.0,0.5188141465187073,267.0,4.0,283.0,1162.0,277.18367346938754,15516.833984375,25.683332443237305,15.105555534362793,20204.849609375,26.52777862548828,3.9000000953674316,4.377778053283691,43.655555725097656,25908.0,3157.5714285714284,0.6237381100654602,26.32559585571289,199.82857142857142,1555.22412109375,1872.4000244140625,-0.8297380805015564,1024.4,0,507,1,0,1,31,11,146
0,127.0,0.4811858534812927,267.0,4.0,283.0,1596.0,276.5102040816325,13439.111328125,28.261112213134766,7.388889312744141,19911.9765625,26.38888931274414,3.933333396911621,4.5333333015441895,46.238887786865234,25325.77734375,3100.0285714285715,0.6341190338134766,26.44261932373047,199.94285714285715,1557.7242431640625,1903.4000244140625,-0.7661190629005432,1031.1142857142856,1,507,1,0,1,21,1,54
0,241.0,0.9281641840934753,267.0,4.0,283.0,1061.0,269.34693877551007,12809.5,28.866666793823242,10.100000381469727,17794.982421875,23.78333282470703,3.5999999046325684,4.266666889190674,45.08333206176758,22860.333984375,3078.3142857142857,0.6294524073600769,26.418928146362305,196.4,1554.923095703125,1932.028564453125,-0.7327619194984436,1031.6857142857143,0,507,1,0,1,21,5,127
1,195.0,0.41619154810905457,267.0,4.0,283.0,1082.0,265.938775510204,14818.0,29.91666603088379,12.066666603088379,18131.69921875,23.566667556762695,4.199999809265137,4.583333492279053,43.56666564941406,33297.0,3063.4857142857145,0.6328333616256714,26.49464225769043,195.74285714285713,1563.97119140625,1965.4000244140625,-0.6679523587226868,1040.4285714285713,1,507,1,0,1,21,20,76
1,268.0,0.3055872321128845,267.0,4.0,283.0,1310.0,266.4897959183672,13792.0,26.200000762939453,11.25,19962.767578125,24.183332443237305,4.0,4.400000095367432,50.81666564941406,23371.0,3078.9714285714285,0.6340952515602112,26.44095230102539,193.11428571428573,1558.0145263671875,1994.6571044921875,-0.5986666679382324,1039.142857142857,0,507,1,0,1,42,17,106
0,314.0,0.3386545181274414,267.0,4.0,283.0,2613.0,263.612244897959,12291.0,26.766666412353516,10.133333206176758,16774.783203125,22.649999618530273,4.099999904632568,4.5,52.58333206176758,26773.5,3108.9714285714285,0.6448333263397217,26.555952072143555,186.68571428571428,1565.0706787109375,2066.28564453125,-0.5024999976158142,1054.6285714285714,0,507,1,0,1,21,12,131
1,,0.01824401319026947,267.0,4.0,283.0,2532.0,264.30612244897947,16099.5,28.066667556762695,9.949999809265137,18378.75,23.21666717529297,4.099999904632568,4.616666793823242,45.75,24698.333984375,3052.942857142857,0.6585476398468018,26.583452224731445,199.71428571428572,1572.5738525390625,2019.914306640625,-0.4787857234477997,1049.942857142857,3,507,1,0,1,41,4,
0,93.77741466833365,0.04446978494524956,267.0,4.0,283.0,4993.0,266.81632653061206,13242.8330078125,29.450000762939453,6.7166666984558105,20070.533203125,26.450000762939453,4.0,4.599999904632568,47.79999923706055,41561.5,3011.9714285714285,0.680309534072876,26.72892951965332,210.88571428571427,1587.478759765625,1993.199951171875,-0.46892857551574707,1055.4571428571428,0,507,1,0,0,31,3,35
1,173.0,0.04104902967810631,296.0,1.0,283.0,5449.0,271.2244897959182,15878.0,25.850000381469727,6.266666889190674,15691.599609375,23.25,4.300000190734863,4.650000095367432,46.400001525878906,44090.0,3078.7428571428572,0.6688095331192017,26.736309051513672,191.85714285714286,1570.491943359375,2121.6572265625,-0.4157381057739258,1062.942857142857,0,518,1,0,0,21,11,84
0,143.0,0.0,296.0,1.0,260.0,1861.0,277.71428571428555,10272.6669921875,28.78333282470703,5.449999809265137,18822.3828125,22.483333587646484,4.400000095367432,4.683333396911621,53.36666488647461,23511.833984375,3078.7714285714287,0.6516904830932617,26.521190643310547,188.28571428571428,1571.802490234375,2152.371337890625,-0.39092856645584106,1059.2,0,518,1,0,0,21,2,61
0,364.0,0.27251994609832764,296.0,1.0,260.0,4392.0,284.6734693877549,10715.0,28.133333206176758,8.966666221618652,17820.6328125,22.566667556762695,3.9000000953674316,4.699999809265137,52.18333435058594,22558.666015625,3103.114285714286,0.6460000276565552,26.47059440612793,181.45714285714286,1573.0450439453125,2199.514404296875,-0.37559524178504944,1065.5428571428572,2,518,1,0,0,42,9,139
0,136.0,0.3785632848739624,296.0,1.0,260.0,1219.0,292.12244897959164,12145.1669921875,29.083332061767578,7.922222137451172,21379.328125,23.127779006958008,4.233333110809326,4.5,53.10555648803711,22745.22265625,3073.7428571428572,0.6391428709030151,26.406429290771484,182.37142857142857,1573.072998046875,2236.800048828125,-0.3383333384990692,1062.2571428571428,0,518,1,0,0,31,9,68
0,281.0,0.8973774313926697,296.0,1.0,260.0,1082.0,294.22448979591815,10818.8330078125,28.983333587646484,11.133333206176758,16061.5166015625,22.21666717529297,4.400000095367432,4.349999904632568,49.79999923706055,21320.5,3096.8571428571427,0.630309522151947,26.367380142211914,173.11428571428573,1573.0609130859375,2311.428466796875,-0.3007380962371826,1069.4285714285713,0,518,1,0,0,21,2,141
0,358.0,0.9521094560623169,296.0,1.0,260.0,1043.0,292.1224489795916,11200.1669921875,30.816667556762695,8.833333015441895,17474.482421875,22.933332443237305,4.400000095367432,4.400000095367432,49.18333435058594,21035.833984375,3054.942857142857,0.6329523921012878,26.37178611755371,168.9142857142857,1577.485595703125,2392.71435546875,-0.2406904697418213,1078.5714285714287,1,518,1,0,0,42,18,179
0,115.0,0.7594070434570312,296.0,1.0,260.0,1162.0,293.97959183673436,11933.1669921875,28.41666603088379,7.316666603088379,19093.583984375,23.483333587646484,4.699999809265137,4.5,45.46666717529297,26258.0,3010.8285714285716,0.6447619199752808,26.434762954711914,169.6,1574.05615234375,2433.371337890625,-0.13602380454540253,1080.2285714285715,1,518,1,0,0,42,3,48
0,364.0,0.7240592837333679,296.0,1.0,260.0,1077.0,290.87755102040785,11754.6669921875,32.29999923706055,8.899999618530273,19249.1171875,22.766666412353516,4.699999809265137,4.449999809265137,49.91666793823242,21176.833984375,2995.5714285714284,0.6421428322792053,26.389881134033203,168.4857142857143,1574.6309814453125,2454.485595703125,-0.1168571338057518,1080.6857142857143,0,518,1,0,0,31,25,182
0,80.0,0.473204106092453,296.0,1.0,260.0,1220.0,289.1020408163262,12336.1669921875,28.616666793823242,7.933333396911621,18625.5,23.33333396911621,5.0,4.5,49.88333511352539,22635.5,2947.3714285714286,0.645809531211853,26.4228572845459,165.42857142857142,1577.6217041015625,2512.800048828125,-0.05195236951112747,1088.0857142857142,2,518,1,0,0,21,4,39
0,298.0,0.9532496929168701,296.0,1.0,260.0,1066.0,287.9795918367344,10647.6669921875,31.933332443237305,8.016666412353516,19942.033203125,22.983333587646484,5.300000190734863,4.349999904632568,47.79999923706055,20854.833984375,2918.4285714285716,0.6417142748832703,26.35678482055664,156.22857142857143,1576.722412109375,2585.199951171875,0.043904755264520645,1095.2571428571428,0,518,1,0,0,42,22,149
0,286.0,0.5883694291114807,296.0,1.0,260.0,1435.0,279.3673469387752,18805.5,30.399999618530273,7.883333206176758,27044.55078125,24.46666717529297,5.699999809265137,4.5,39.43333435058594,68326.0,2899.3142857142857,0.6514285802841187,26.463333129882812,158.82857142857142,1585.149169921875,2582.6572265625,0.0520000122487545,1103.2857142857142,1,518,1,0,0,21,21,112
1,89.0,0.2303306758403778,296.0,1.0,260.0,1591.0,275.7755102040814,12996.4443359375,29.061111450195312,7.266666412353516,21113.30078125,24.316665649414062,5.366666793823242,4.5,49.2944450378418,24053.0546875,2911.8571428571427,0.6433730125427246,26.40654754638672,149.06666666666666,1579.8621826171875,2646.876220703125,0.07848413288593292,1107.7714285714285,0,518,1,0,0,42,11,35
0,232.0,0.2896237075328827,296.0,1.0,260.0,1395.0,273.10204081632634,13129.111328125,30.438888549804688,7.311110973358154,20482.54296875,23.844444274902344,5.5,4.5,49.14999771118164,28268.5546875,2887.9714285714285,0.6449047327041626,26.39642906188965,150.31428571428572,1580.330078125,2653.199951171875,0.10169044882059097,1106.9142857142858,1,518,1,0,0,31,2,114
0,129.0,0.49030786752700806,296.0,1.0,260.0,1176.0,268.22448979591815,13435.5,31.883333206176758,6.9666666984558105,25024.982421875,26.25,5.5,4.5,44.650001525878906,24080.166015625,2856.285714285714,0.6407142877578735,26.372142791748047,142.4,1582.5853271484375,2704.142822265625,0.19138094782829285,1115.5428571428572,0,518,1,0,0,41,20,52
0,271.0,0.6989737749099731,296.0,1.0,260.0,1096.0,276.9183673469386,10091.6669921875,31.016666412353516,8.149999618530273,17768.833984375,23.0,5.800000190734863,4.550000190734863,48.400001525878906,22481.0,2768.2571428571428,0.6507381200790405,26.402023315429688,149.97142857142856,1584.9061279296875,2700.857177734375,0.2804762125015259,1112.5428571428572,0,518,1,0,0,42,23,123
1,251.0,0.3055872321128845,296.0,1.0,260.0,3085.0,271.91836734693857,14544.9443359375,31.627777099609375,7.566666603088379,19095.833984375,23.60555648803711,5.599999904632568,4.566666603088379,45.261112213134766,23179.388671875,2660.1714285714284,0.6556428670883179,26.44178581237793,150.62857142857143,1583.63720703125,2717.371337890625,0.34338095784187317,1114.5428571428572,0,518,1,0,0,31,21,104
0,333.0,0.15735462307929993,296.0,1.0,260.0,1560.0,265.20408163265296,13636.3330078125,29.616666793823242,7.666666507720947,25301.833984375,25.883333206176758,5.800000190734863,4.683333396911621,46.11666488647461,32794.66796875,2610.1428571428573,0.6558095216751099,26.447738647460938,154.02857142857144,1588.305419921875,2717.085693359375,0.3999047875404358,1114.1714285714286,2,518,1,0,0,31,15,152
1,292.0,0.37514254450798035,296.0,1.0,260.0,2420.0,248.93877551020395,11724.1669921875,31.91666603088379,8.333333015441895,20253.833984375,23.733333587646484,5.199999809265137,4.400000095367432,45.61666488647461,23038.5,2507.9142857142856,0.6560952067375183,26.46821403503418,154.65714285714284,1595.5103759765625,2720.742919921875,0.5096666812896729,1119.0,0,518,1,0,0,42,8,143
0,156.0,0.1687571257352829,296.0,1.0,260.0,3715.0,250.5510204081632,10956.5,30.399999618530273,7.983333110809326,18879.599609375,23.299999237060547,5.099999904632568,4.599999904632568,48.54999923706055,20302.0,2434.0857142857144,0.6623333096504211,26.513809204101562,161.4857142857143,1595.12890625,2711.742919921875,0.5318809747695923,1114.6285714285714,0,518,1,0,0,24,4,57
0,71.0,0.5541619062423706,296.0,1.0,260.0,4618.0,243.3061224489795,12515.3330078125,31.183332443237305,9.333333015441895,25838.533203125,23.316667556762695,5.099999904632568,4.449999809265137,48.45000076293945,28353.0,2373.114285714286,0.665071427822113,26.522619247436523,162.42857142857142,1597.8267822265625,2711.05712890625,0.5747619271278381,1116.3714285714286,1,518,1,0,0,34,1,35
0,173.0,0.8722919225692749,296.0,1.0,260.0,7272.0,236.73469387755085,10512.7783203125,32.16666793823242,7.666666507720947,19260.009765625,22.988889694213867,5.199999809265137,4.47777795791626,45.41666793823242,23712.333984375,2246.3714285714286,0.6723809242248535,26.555356979370117,171.5142857142857,1606.098388671875,2687.628662109375,0.6817619204521179,1114.5714285714287,0,518,1,0,1,24,9,85
0,128.0,0.5450398921966553,296.0,1.0,260.0,15930.0,229.3265306122447,11146.111328125,27.649999618530273,10.172222137451172,18611.265625,23.938888549804688,4.933333396911621,4.5333333015441895,49.30555725097656,21322.111328125,2207.4857142857145,0.6794285774230957,26.592500686645508,170.65714285714284,1601.8087158203125,2696.257080078125,0.7240000367164612,1115.6,0,518,1,0,1,42,1,47
0,136.0,0.2291904240846634,296.0,1.0,260.0,21096.0,221.22448979591815,13731.6669921875,27.41666603088379,9.533333778381348,18177.916015625,23.549999237060547,5.099999904632568,4.75,46.266666412353516,32430.666015625,2167.7714285714287,0.7052857279777527,26.741310119628906,170.82857142857142,1608.6478271484375,2719.857177734375,0.8005475997924805,1129.8285714285714,2,518,1,0,0,21,28,52
1,40.0,0.23489168286323547,296.0,1.0,260.0,29674.0,209.48979591836712,14833.8330078125,25.816667556762695,9.050000190734863,19870.267578125,23.433332443237305,4.800000190734863,4.5,51.45000076293945,25790.166015625,2110.5142857142855,0.706928551197052,26.746309280395508,182.4857142857143,1613.08935546875,2679.39990234375,0.8616904616355896,1121.142857142857,1,518,1,0,0,31,5,19
1,41.0,0.03762827813625336,296.0,1.0,260.0,25515.0,205.5306122448977,16478.333984375,30.58333396911621,9.600000381469727,23121.966796875,24.71666717529297,4.800000190734863,4.800000190734863,47.68333435058594,31521.0,2016.5428571428572,0.7114523649215698,26.7646427154541,197.22857142857143,1640.125732421875,2642.39990234375,0.8682143092155457,1123.2285714285715,0,518,1,0,0,21,29,18
1,79.0,0.1562143713235855,296.0,1.0,260.0,31384.0,205.55102040816305,16933.833984375,30.100000381469727,8.800000190734863,25460.333984375,24.649999618530273,4.800000190734863,4.699999809265137,48.016666412353516,28539.166015625,2007.5714285714287,0.7075476050376892,26.739166259765625,198.85714285714286,1639.202392578125,2643.17138671875,0.864547610282898,1119.7142857142858,0,518,1,0,0,24,10,29
1,83.0,0.03648802638053894,296.0,1.0,238.0,28331.0,202.79591836734673,13487.0,31.066667556762695,6.016666889190674,18042.8671875,23.100000381469727,5.300000190734863,4.550000190734863,45.58333206176758,28380.666015625,1975.5142857142857,0.7235237956047058,26.83571434020996,186.94285714285715,1617.6466064453125,2670.028564453125,0.8692142963409424,1125.1714285714286,1,508,1,0,0,31,20,31
1,94.0,0.011402508243918419,296.0,1.0,238.0,19837.0,199.97959183673447,16566.556640625,29.377777099609375,8.522222518920898,20099.228515625,23.450000762939453,4.933333396911621,4.7833333015441895,48.17222213745117,23339.556640625,1930.6285714285714,0.7300476431846619,26.830238342285156,198.94285714285715,1627.7518310546875,2657.428466796875,0.8959524035453796,1121.7428571428572,1,508,1,0,0,31,24,35
0,148.0,0.10376282781362534,296.0,1.0,238.0,18771.0,200.4285714285712,14194.5,33.70000076293945,8.633333206176758,20160.349609375,23.16666603088379,4.900000095367432,4.733333110809326,41.650001525878906,27218.0,1919.057142857143,0.7214999794960022,26.784761428833008,197.97142857142856,1634.3338623046875,2648.82861328125,0.9344285726547241,1123.057142857143,1,508,1,0,0,34,31,65
1,78.0,0.18358038365840912,296.0,1.0,238.0,19573.0,201.32653061224468,12090.5,34.83333206176758,7.349999904632568,18615.68359375,24.616666793823242,5.0,4.599999904632568,45.38333511352539,21977.833984375,1856.2,0.724309504032135,26.758214950561523,202.11428571428573,1645.0548095703125,2639.1142578125,0.954547643661499,1125.6571428571428,0,508,1,0,0,31,10,30
0,182.0,0.08665906637907028,296.0,1.0,238.0,16697.0,206.51020408163245,17883.333984375,28.733333587646484,9.54444408416748,24123.55078125,23.49444580078125,5.166666507720947,4.699999809265137,42.13888931274414,32089.0,1845.4095238096131,0.7182142734527588,26.69869041442871,204.79999999998353,1648.9019775390625,2621.047607421875,0.9608095288276672,1121.3333333333226,0,508,1,0,0,21,29,76
1,192.0,0.013683009892702103,296.0,1.0,238.0,7175.0,210.75510204081613,16765.5,32.86666488647461,10.616666793823242,21772.44921875,24.483333587646484,5.400000095367432,4.449999809265137,42.18333435058594,22817.5,1785.2285714285715,0.7149524092674255,26.678810119628906,207.14285714285714,1674.958740234375,2607.54296875,0.9581428170204163,1132.4,1,508,1,0,0,21,35,94
0,195.0,0.24515393376350403,296.0,1.0,238.0,2117.0,215.75510204081613,9731.3330078125,30.5,6.833333492279053,17656.533203125,23.366666793823242,5.099999904632568,4.550000190734863,49.79999923706055,18997.0,1804.1714285714286,0.7233333587646484,26.666786193847656,205.5142857142857,1651.447021484375,2598.17138671875,0.9606428742408752,1122.8857142857144,0,508,1,0,0,21,1,73
1,192.0,0.12998859584331512,296.0,1.0,238.0,5338.0,220.26530612244878,11073.3330078125,30.566667556762695,7.150000095367432,18624.583984375,24.433332443237305,5.300000190734863,4.683333396911621,45.78333282470703,21540.5,1763.4285714285713,0.7316666841506958,26.7257137298584,205.71428571428572,1651.1280517578125,2602.685791015625,0.9452618956565857,1125.8857142857144,1,508,1,0,0,31,6,74
1,186.0,0.16989737749099731,296.0,1.0,238.0,3062.0,226.1632653061223,12804.3330078125,34.88333511352539,10.116666793823242,23244.900390625,24.049999237060547,5.400000095367432,4.566666603088379,39.04999923706055,20897.333984375,1741.1142857142856,0.7350952625274658,26.723215103149414,211.22857142857143,1655.803466796875,2583.8857421875,0.9507142901420593,1122.3714285714286,0,508,1,0,0,21,20,69
0,239.0,0.18129988014698029,296.0,1.0,238.0,10107.0,226.06122448979582,14139.8330078125,31.483333587646484,7.916666507720947,20688.5,23.399999618530273,5.099999904632568,4.650000095367432,49.016666412353516,21666.666015625,1724.6285714285714,0.7273571491241455,26.626190185546875,209.8,1664.71826171875,2545.3427734375,0.9510238170623779,1123.857142857143,0,508,1,0,0,24,32,107
0,170.0,0.09236031770706177,296.0,1.0,238.0,7122.0,226.42857142857127,10145.27734375,28.844444274902344,8.48888874053955,16853.138671875,22.933332443237305,5.300000190734863,4.711111068725586,47.53888702392578,21637.22265625,1731.8,0.7371666431427002,26.660594940185547,213.82857142857142,1653.405029296875,2510.257080078125,0.9570714235305786,1115.4,0,508,1,0,0,31,22,65
0,187.0,0.13797035813331604,296.0,1.0,238.0,3774.0,223.51020408163248,12993.0,32.56666564941406,8.649999618530273,18472.69921875,24.616666793823242,4.599999904632568,4.699999809265137,45.983333587646484,17002.0,1743.7142857142858,0.7261190414428711,26.578332901000977,211.62857142857143,1653.9266357421875,2500.142822265625,0.9630952477455139,1112.7142857142858,1,508,1,0,0,31,12,73
0,98.0,0.0034207524731755257,296.0,1.0,238.0,9912.0,219.67346938775495,10701.72265625,32.161109924316406,7.661111354827881,17318.0390625,23.44444465637207,4.733333110809326,4.766666889190674,45.43333435058594,20273.66796875,1778.057142857143,0.7336190342903137,26.62285804748535,208.74285714285713,1646.0322265625,2493.857177734375,0.9564523696899414,1112.0857142857142,1,508,1,0,0,21,14,47
0,201.02123719739433,0.12542758882045746,296.0,1.0,238.0,18313.0,215.61224489795902,12026.77734375,31.316667556762695,6.7833333015441895,18791.005859375,23.238889694213867,5.099999904632568,4.633333206176758,46.83333206176758,22137.833984375,1817.7428571428572,0.7397381067276001,26.61618995666504,213.88571428571427,1663.0810546875,2458.17138671875,0.9686904549598694,1116.9714285714285,1,508,1,0,0,31,14,81
0,164.0,0.21208666265010834,296.0,1.0,238.0,21729.0,215.73469387755085,16260.0,32.13333511352539,9.100000381469727,17976.267578125,23.03333282470703,4.900000095367432,4.699999809265137,46.08333206176758,24669.333984375,1869.4285714285713,0.7384762167930603,26.58976173400879,205.0,1649.2322998046875,2457.17138671875,1.0011667013168335,1116.4857142857143,0,508,1,0,0,21,31,64
0,56.0,0.15963512659072876,296.0,1.0,238.0,16030.0,206.69387755102022,9861.5,37.349998474121094,6.066666603088379,15312.7666015625,22.16666603088379,4.900000095367432,4.849999904632568,40.516666412353516,17416.666015625,1943.4285714285713,0.7513333559036255,26.668214797973633,221.85714285714286,1666.9927978515625,2377.571533203125,0.979023814201355,1113.5142857142857,1,508,1,0,0,21,6,22
0,182.0,0.34663626551628113,296.0,1.0,238.0,10836.0,202.06122448979576,8000.0,33.17777633666992,6.47777795791626,15132.060546875,22.38888931274414,4.900000095367432,4.666666507720947,39.261112213134766,16923.72265625,1999.1142857142856,0.753261923789978,26.622142791748047,216.68571428571428,1649.441162109375,2360.199951171875,0.9878809452056885,1106.2285714285715,0,508,1,0,0,31,25,75
0,193.0,0.37514254450798035,296.0,1.0,238.0,2399.0,196.81632653061212,7834.0,38.96666717529297,8.350000381469727,16913.833984375,23.516666412353516,4.900000095367432,4.800000190734863,40.483333587646484,18467.333984375,2077.5142857142855,0.7455475926399231,26.52083396911621,220.9142857142857,1651.4718017578125,2325.971435546875,0.9694285988807678,1098.4857142857143,1,508,1,0,0,31,11,84
0,64.0,0.1961231529712677,296.0,1.0,238.0,5421.0,191.59183673469374,8114.0,39.53333282470703,7.416666507720947,15998.56640625,23.016666412353516,4.900000095367432,4.800000190734863,38.70000076293945,17839.0,2141.0285714285715,0.7447381019592285,26.585119247436523,225.57142857142858,1668.0809326171875,2285.628662109375,1.0411666631698608,1102.057142857143,1,508,1,0,0,41,5,25
1,187.0,0.0,296.0,1.0,238.0,2770.0,192.73469387755088,,,,,,,,,,2218.057142857143,0.7609761953353882,26.680713653564453,222.8,1658.76513671875,2268.971435546875,1.003333330154419,1105.5714285714287,1,508,1,0,0,34,27,80
0,175.0,0.0011402508243918419,296.0,1.0,238.0,12958.0,185.30612244897947,9787.6669921875,39.599998474121094,10.100000381469727,14968.7001953125,22.100000381469727,4.199999809265137,4.800000190734863,35.04999923706055,16876.0,2353.2571428571428,0.7670714259147644,26.65678596496582,212.14285714285714,1655.5572509765625,2255.857177734375,0.9478333592414856,1112.142857142857,1,508,1,0,0,31,21,68
0,189.0,0.0,296.0,1.0,238.0,12588.0,182.93877551020398,9060.3330078125,42.08333206176758,7.5333333015441895,14149.25,22.71666717529297,4.599999904632568,4.900000095367432,32.28333282470703,19442.166015625,2431.8571428571427,0.7660238146781921,26.610595703125,212.6,1657.6400146484375,2243.45703125,0.9283809661865234,1111.6857142857143,0,508,1,0,0,31,21,81
0,162.91255576255966,0.2713797092437744,296.0,1.0,238.0,7831.0,182.93877551020398,10176.8330078125,39.63333511352539,8.783333778381348,15328.966796875,22.350000381469727,4.199999809265137,4.816666603088379,34.36666488647461,19305.333984375,2457.9142857142856,0.7729047536849976,26.633689880371094,217.0857142857143,1664.11083984375,2228.54296875,0.9241904616355896,1112.5142857142857,0,508,1,0,0,21,23,68
0,197.0,0.42987456917762756,296.0,1.0,238.0,3214.0,180.38775510204067,8657.3330078125,45.483333587646484,9.866666793823242,14515.8662109375,21.5,4.5,4.949999809265137,27.816667556762695,20157.0,2740.9714285714285,0.7386190295219421,26.322738647460938,199.74285714285713,1668.8594970703125,2228.085693359375,0.9511666893959045,1117.0,0,508,1,0,0,21,24,81
0,140.0,0.2827822268009186,296.0,1.0,238.0,2420.0,183.1836734693876,9399.6669921875,43.04999923706055,6.566666603088379,16400.1328125,22.46666717529297,4.800000190734863,4.816666603088379,34.78333282470703,17694.666015625,3075.457142857143,0.735785722732544,26.28583335876465,189.82857142857142,1671.3115234375,2232.60009765625,0.9737619161605835,1123.5714285714287,3,508,1,0,0,21,32,61
0,51.0,0.023945268243551254,296.0,1.0,238.0,8763.0,185.61224489795902,9704.1669921875,40.79999923706055,7.766666889190674,19042.349609375,23.66666603088379,4.599999904632568,5.199999809265137,35.849998474121094,19921.166015625,3251.4,0.7512142658233643,26.43857192993164,188.0,1674.6318359375,2236.028564453125,0.9180476069450378,1132.7428571428572,6,508,1,0,0,21,3,20
0,185.0,0.2907639741897583,296.0,1.0,238.0,11651.0,190.85714285714275,10347.5,43.81666564941406,7.650000095367432,16049.9169921875,21.983333587646484,4.199999809265137,5.0,30.049999237060547,17812.166015625,3409.657142857143,0.751880943775177,26.394880294799805,188.37142857142857,1672.3367919921875,2199.39990234375,0.8478571176528931,1129.7142857142858,0,508,1,0,0,31,29,91
0,125.0,0.32611173391342163,296.0,1.0,238.0,12925.0,196.12244897959172,8736.5,40.38333511352539,10.533333778381348,18408.69921875,23.016666412353516,4.5,4.916666507720947,33.45000076293945,18245.166015625,3626.6,0.731071412563324,26.160476684570312,176.31428571428572,1670.2059326171875,2228.3427734375,0.8263095021247864,1129.0285714285715,1,508,1,0,0,21,1,48
0,133.0,0.17331813275814056,296.0,1.0,238.0,10866.0,196.3673469387754,11014.3330078125,43.54999923706055,12.233333587646484,19698.232421875,24.41666603088379,4.5,5.0,30.116666793823242,20479.0,3780.285714285714,0.7348095178604126,26.23952293395996,171.05714285714285,1668.40087890625,2244.628662109375,0.807619035243988,1133.1142857142856,0,508,1,0,0,21,3,50
0,,0.0,296.0,1.0,238.0,5347.0,204.81632653061212,7864.77783203125,37.16666793823242,11.449999809265137,18703.078125,22.316667556762695,4.666666507720947,4.866666793823242,35.0,18859.333984375,3875.6,0.7419285774230957,26.357261657714844,179.25714285714287,1694.59716796875,2217.914306640625,0.6828095316886902,1142.2285714285715,2,508,1,0,0,31,5,
0,249.0,0.7708095908164978,296.0,1.0,238.0,1578.0,209.2448979591835,11182.77734375,37.61111068725586,12.522222518920898,16382.8447265625,21.96666717529297,4.0,4.633333206176758,31.100000381469727,19019.888671875,4043.1809523809525,0.7325872778892517,26.335952758789062,176.21904761904761,1714.521240234375,2236.54296875,0.5775873064994812,1149.4952380952382,1,508,1,1,0,21,15,105
0,227.0,0.9578106999397278,296.0,1.0,238.0,1056.0,213.2040816326529,11795.3330078125,40.58333206176758,12.933333396911621,16574.916015625,22.049999237060547,4.199999809265137,4.599999904632568,33.41666793823242,20903.833984375,4140.914285714286,0.741428554058075,26.393095016479492,174.68571428571428,1713.70751953125,2230.485595703125,0.4726666510105133,1150.6285714285714,0,508,1,1,0,24,1,112
0,289.0,0.9019384384155273,296.0,1.0,238.0,1656.0,213.71428571428552,10881.0,38.2944450378418,12.44444465637207,18525.966796875,22.66111183166504,3.933333396911621,4.699999809265137,34.06111145019531,20725.556640625,4188.085714285714,0.7417857050895691,26.39154815673828,174.5142857142857,1712.91943359375,2240.800048828125,0.44897618889808655,1149.1714285714286,1,508,1,1,0,41,18,140
0,125.0,0.4321550726890564,296.0,1.0,238.0,2521.0,213.71428571428552,9285.0,39.016666412353516,11.283333778381348,23971.982421875,23.41666603088379,4.5,4.666666507720947,32.45000076293945,18629.833984375,4299.314285714286,0.7476190328598022,26.416786193847656,170.8,1695.18896484375,2250.142822265625,0.3347381055355072,1144.3714285714286,0,508,1,1,0,21,21,48
0,174.0,0.5028506517410278,296.0,1.0,238.0,6353.0,212.34693877551004,9289.0,33.150001525878906,13.449999809265137,15125.4501953125,21.399999618530273,4.300000190734863,4.699999809265137,37.70000076293945,24004.5,4402.085714285714,0.7529047727584839,26.503334045410156,158.6,1665.09375,2312.428466796875,0.3179999887943268,1139.9714285714285,1,508,1,0,0,31,17,70
