floodable_forests,biomass,sur_cover,quarter_biomass,quarter,ecoreg_biomass,dist,nearest_mature,cec,clay,cfvo,nitro,ocd,ocs,phh2o,sand,soc,mean_soil,mean_vpd,mean_temp,mean_def,mean_srad,mean_pr,mean_pdsi,mean_aet,num_fires,ecoreg,biome,indig,protec,topography,age,sd
0,185.0,0.04332953318953514,296.0,1.0,238.0,5936.0,200.3673469387754,7798.0,36.31666564941406,14.850000381469727,17364.982421875,22.600000381469727,4.300000190734863,4.900000095367432,35.83333206176758,20542.833984375,4497.342857142857,0.7518333196640015,26.398571014404297,162.02857142857144,1666.0965576171875,2354.05712890625,0.2036428600549698,1131.6571428571428,1,508,1,0,0,41,3,70
0,154.0,0.10262257605791092,296.0,1.0,238.0,8705.0,184.95918367346934,10863.8330078125,33.36666488647461,17.549999237060547,18057.583984375,23.100000381469727,4.400000095367432,4.816666603088379,38.63333511352539,23601.0,4552.914285714286,0.7543095350265503,26.44976234436035,158.28571428571428,1661.0484619140625,2388.314208984375,0.2134285718202591,1132.7428571428572,0,508,1,0,0,31,26,72
0,,0.15393386781215668,296.0,1.0,238.0,7397.0,182.3265306122448,8114.5,31.450000762939453,12.0,16378.9169921875,21.46666717529297,4.099999904632568,4.9666666984558105,37.18333435058594,16724.5,4608.142857142857,0.7699523568153381,26.528810501098633,157.4,1648.2481689453125,2387.085693359375,0.05085713043808937,1126.6,5,508,1,0,0,21,4,
0,85.0,0.0,267.0,4.0,238.0,11453.0,172.81632653061212,8995.3330078125,27.183332443237305,20.183332443237305,17232.267578125,22.5,4.099999904632568,4.916666507720947,45.650001525878906,20349.5,4617.342857142857,0.7885000109672546,26.65809440612793,160.71428571428572,1655.5030517578125,2400.314208984375,0.0042619057931005955,1132.2857142857142,4,508,1,0,0,34,27,34
0,,0.0,267.0,4.0,238.0,18815.0,161.40816326530597,8938.888671875,29.10555648803711,20.350000381469727,17651.533203125,23.05555534362793,4.233333110809326,5.02222204208374,43.32777786254883,25580.111328125,4693.4857142857145,0.7955952286720276,26.695119857788086,162.68571428571428,1664.85546875,2438.0,-0.04092855378985405,1134.5714285714287,4,508,1,0,0,21,11,
0,69.0,0.11972633749246597,267.0,4.0,238.0,31635.0,151.59183673469374,7943.83349609375,27.049999237060547,17.41666603088379,16627.283203125,20.866666793823242,4.300000190734863,4.916666507720947,42.54999923706055,18419.333984375,4750.0,0.7969523668289185,26.761072158813477,174.2,1684.1572265625,2462.028564453125,-0.19607141613960266,1133.5142857142857,1,508,1,0,0,24,27,26
0,46.0,0.1356898546218872,267.0,4.0,238.0,32767.0,144.53061224489784,11629.3330078125,27.350000381469727,16.549999237060547,17937.43359375,20.75,4.199999809265137,4.900000095367432,43.349998474121094,22642.0,4810.714285714285,0.8086666464805603,26.849523544311523,175.37142857142857,1676.523681640625,2473.371337890625,-0.26271429657936096,1129.1142857142856,7,508,1,0,0,34,8,19
0,41.0,0.108323834836483,267.0,4.0,238.0,32767.0,144.53061224489784,11019.5,27.783334732055664,17.299999237060547,18189.3125,22.94444465637207,4.099999904632568,4.94444465637207,44.91666793823242,28301.5,4838.342857142857,0.8101428747177124,26.8700008392334,176.74285714285713,1678.1651611328125,2481.028564453125,-0.32247617840766907,1129.3714285714286,2,508,1,0,0,21,6,17
0,,0.09578107297420502,267.0,4.0,238.0,32767.0,131.81632653061217,14313.6669921875,28.08333396911621,15.233333587646484,15727.466796875,21.066667556762695,4.400000095367432,5.050000190734863,41.79999923706055,22141.0,4901.028571428571,0.8193809390068054,26.90654754638672,186.4,1688.4376220703125,2502.485595703125,-0.4801190495491028,1125.9142857142858,8,508,1,0,0,24,13,
0,62.0,0.014823260717093945,267.0,4.0,238.0,32767.0,125.53061224489791,10654.6669921875,26.96666717529297,15.583333015441895,14937.43359375,21.53333282470703,4.5,4.900000095367432,40.31666564941406,25529.333984375,4916.457142857143,0.8201428651809692,26.90916633605957,190.45714285714286,1689.4051513671875,2486.971435546875,-0.5064285397529602,1121.8285714285714,2,508,1,0,0,24,5,24
0,31.283146795090627,0.0,267.0,4.0,238.0,32767.0,120.83673469387749,13406.6669921875,36.016666412353516,13.199999809265137,17881.81640625,20.983333587646484,4.300000190734863,4.900000095367432,42.88333511352539,28552.166015625,5033.571428571428,0.8279761672019958,26.924047470092773,205.68571428571428,1677.383544921875,2429.685791015625,-0.6685237884521484,1098.8857142857144,2,508,1,0,1,41,35,13
0,49.0,0.3055872321128845,267.0,4.0,238.0,32767.0,120.63265306122442,14784.0,31.566667556762695,12.350000381469727,16525.3828125,21.233333587646484,4.099999904632568,4.816666603088379,41.36666488647461,21449.333984375,5040.314285714286,0.8304762244224548,26.882976531982422,210.25714285714287,1674.6209716796875,2375.514404296875,-0.737428605556488,1092.0285714285715,0,508,1,0,1,34,4,20
0,66.0,0.42189282178878784,267.0,4.0,238.0,25884.0,118.18367346938767,12685.8330078125,26.633333206176758,13.516666412353516,16356.0,20.53333282470703,3.700000047683716,5.116666793823242,46.93333435058594,21424.0,5132.714285714285,0.8416904807090759,26.934999465942383,228.37142857142857,1677.639892578125,2208.771484375,-0.7789762020111084,1078.8,1,508,1,0,1,24,1,30
0,,0.07069555670022964,267.0,4.0,238.0,20957.0,115.75510204081627,16200.5,33.11666488647461,13.116666793823242,16263.9169921875,20.08333396911621,3.4000000953674316,4.949999809265137,41.38333511352539,22605.833984375,5126.371428571429,0.8494523763656616,26.95642852783203,236.14285714285714,1681.5626220703125,2093.1142578125,-0.8339285850524902,1075.2,1,508,1,0,1,34,1,
0,3.0,0.0,267.0,4.0,238.0,11245.0,116.46938775510196,17237.333984375,39.79999923706055,12.816666603088379,16942.93359375,22.016666412353516,4.699999809265137,5.099999904632568,30.733333587646484,27573.333984375,5168.6,0.8608095049858093,27.073572158813477,257.7142857142857,1696.624755859375,1893.7142333984375,-0.8020237684249878,1070.142857142857,0,508,1,0,1,34,1,2
0,,0.0,267.0,4.0,238.0,8340.0,119.673469387755,17873.833984375,33.46666717529297,14.683333396911621,22186.05078125,24.350000381469727,4.5,5.5,32.20000076293945,36862.0,5208.714285714285,0.8741428256034851,27.12583351135254,260.74285714285713,1683.960205078125,1847.4857177734375,-0.8952857255935669,1066.8857142857144,1,508,1,0,1,34,5,
0,39.0,0.2291904240846634,267.0,4.0,238.0,13911.0,122.2857142857142,19489.5,27.75,16.233333587646484,19012.3671875,21.03333282470703,3.9000000953674316,5.0,36.266666412353516,32527.166015625,5072.628571428571,0.8644047379493713,27.040475845336914,271.57142857142856,1676.4892578125,1783.3143310546875,-0.9984048008918762,1058.0857142857142,2,508,1,0,1,34,6,14
0,61.0,0.08323831111192703,267.0,4.0,170.0,7758.0,121.48979591836729,18720.666015625,34.18333435058594,14.516666412353516,15586.2998046875,21.899999618530273,4.199999809265137,5.199999809265137,36.29999923706055,32241.5,4946.628571428571,0.854357123374939,26.992856979370117,286.2857142857143,1690.7261962890625,1752.5142822265625,-1.01369047164917,1056.4285714285713,1,611,1,0,1,34,9,23
0,92.0,0.65108323097229,267.0,4.0,238.0,1813.0,127.73469387755094,19054.166015625,34.83333206176758,16.0,23119.6171875,22.75,3.9000000953674316,5.099999904632568,32.56666564941406,34540.16796875,4957.2,0.8619523644447327,27.005237579345703,286.42857142857144,1697.8275146484375,1780.2857666015625,-1.0667381286621094,1059.142857142857,1,611,1,0,1,31,2,36
0,115.0,0.7559863328933716,267.0,4.0,238.0,2489.0,129.78260869565207,20331.0,32.31666564941406,13.666666984558105,22416.43359375,22.41666603088379,4.400000095367432,5.0,43.46666717529297,25792.833984375,4911.142857142857,0.8475714325904846,26.889999389648438,293.6,1720.271484375,1841.2572021484375,-1.26028573513031,1060.7428571428572,0,508,1,0,1,21,21,50
0,107.0,0.7890536189079285,267.0,4.0,238.0,6994.0,133.37209302325573,13433.0,33.78333282470703,13.333333015441895,14850.9501953125,22.950000762939453,4.699999809265137,5.083333492279053,37.733333587646484,20274.0,4851.257142857143,0.8565952181816101,26.96285629272461,303.77142857142854,1748.5550537109375,1847.771484375,-1.3357619047164917,1067.2857142857142,1,508,1,0,1,21,20,41
0,87.0,0.03534777835011482,267.0,4.0,149.0,28252.0,131.77777777777763,19213.5,28.5,11.983333587646484,16450.466796875,21.200000762939453,4.099999904632568,5.2166666984558105,47.91666793823242,23531.333984375,4900.771428571428,0.9381666779518127,27.290714263916016,296.9714285714286,1685.3671875,2165.028564453125,-1.78769052028656,1084.6857142857143,0,540,1,0,0,31,18,43
0,,0.0011402508243918419,267.0,4.0,170.0,32767.0,130.02941176470577,16960.0,36.03333282470703,14.133333206176758,20119.966796875,21.200000762939453,3.700000047683716,5.099999904632568,40.68333435058594,26434.0,4611.371428571429,0.9397380948066711,27.297380447387695,349.7142857142857,1793.642822265625,2007.6856689453125,-1.7932618856430054,1093.1714285714286,2,611,1,0,1,34,7,
0,,0.0,267.0,4.0,170.0,32767.0,125.59999999999988,17168.4453125,40.9444465637207,14.211111068725586,18550.75,23.361112594604492,4.699999809265137,5.422222137451172,24.433332443237305,47473.390625,4472.257142857143,0.9463333487510681,27.369047164916992,362.37142857142857,1797.350341796875,1936.1142578125,-1.7764285802841187,1086.7142857142858,0,611,1,0,1,34,3,
0,,0.07639680802822113,267.0,4.0,170.0,32767.0,128.28124999999983,,,,,,,,,47282.16796875,4475.4,0.9397618770599365,27.320594787597656,363.3142857142857,1804.6873779296875,1909.17138671875,-1.7883332967758179,1087.2857142857142,0,,1,0,1,34,2,
0,,0.0,267.0,4.0,170.0,32767.0,127.17647058823509,14592.07421875,41.02222442626953,12.966667175292969,22699.623046875,24.149999618530273,5.133333206176758,5.2833333015441895,22.11111068725586,44790.66796875,4392.942857142857,0.965666651725769,27.389999389648438,374.0,1808.4830322265625,1930.028564453125,-1.7945476770401,1089.7714285714285,0,,1,0,1,24,16,
0,,0.0,267.0,4.0,170.0,32767.0,126.25925925925911,,,,,,,,,,4342.5142857142855,0.966785728931427,27.39392852783203,375.57142857142856,1806.57177734375,1907.914306640625,-1.7967857122421265,1087.7428571428572,0,611,1,0,1,34,2,
1,239.0,0.07297605276107788,286.0,2.0,285.0,14549.0,252.20408163265284,13755.0,32.68333435058594,2.7166666984558105,19300.25,25.483333587646484,5.599999904632568,4.183333396911621,18.16666603088379,48926.5,617.8285714285714,0.6913333535194397,26.92095184326172,4.514285714285714,1336.8851318359375,2956.428466796875,0.11259524524211884,1086.857142857143,0,496,1,0,0,21,35,87
1,294.0,0.0,286.0,2.0,285.0,3317.0,234.57142857142847,15068.5,32.38333511352539,4.116666793823242,20448.349609375,24.733333587646484,5.699999809265137,4.183333396911621,26.33333396911621,27867.333984375,686.0857142857143,0.7180952429771423,27.039642333984375,10.428571428571429,1349.4146728515625,2656.028564453125,0.2182857245206833,1093.4857142857143,0,496,1,0,0,34,35,115
1,160.0,0.0,286.0,2.0,285.0,2088.0,234.57142857142847,,,,,,,,,,701.7428571428571,0.7200952172279358,27.034523010253906,8.342857142857143,1336.9617919921875,2732.742919921875,0.13916665315628052,1088.5142857142857,1,496,1,0,0,31,13,55
1,,0.09692132472991943,286.0,2.0,285.0,6643.0,231.24489795918353,14761.3330078125,36.63333511352539,2.366666555404663,22066.80078125,26.183332443237305,5.800000190734863,4.5333333015441895,28.366666793823242,38145.33203125,710.0,0.7105476260185242,26.971189498901367,8.057142857142857,1336.752197265625,2762.94287109375,0.12214287370443344,1085.9142857142858,0,496,1,0,0,41,17,
1,92.0,0.2964652180671692,286.0,2.0,285.0,1546.0,223.75510204081615,16190.3330078125,37.983333587646484,4.0333333015441895,19627.767578125,24.866666793823242,5.699999809265137,4.349999904632568,25.649999618530273,44499.66796875,715.0571428571428,0.7089762091636658,27.034048080444336,6.9714285714285715,1340.9876708984375,2851.05712890625,0.06219048053026199,1090.2571428571428,0,496,1,0,0,31,13,33
1,93.0,0.0,286.0,2.0,285.0,2116.0,222.99999999999983,16664.0,32.18333435058594,3.433333396911621,18962.900390625,25.28333282470703,5.900000095367432,4.233333110809326,18.516666412353516,25575.0,714.6285714285714,0.7159285545349121,27.0959529876709,6.771428571428571,1344.9639892578125,2885.199951171875,0.030785713344812393,1094.942857142857,0,496,1,0,0,42,25,33
1,186.0,0.0,286.0,2.0,285.0,7449.0,221.36734693877537,14721.3330078125,31.149999618530273,4.599999904632568,17767.1171875,25.366666793823242,5.900000095367432,4.233333110809326,17.08333396911621,47513.66796875,706.7142857142857,0.6970000267028809,27.07952308654785,6.6571428571428575,1352.043212890625,2932.0,5.23808179423213E-4,1095.7142857142858,0,496,1,0,0,34,30,76
0,219.0,0.624857485294342,286.0,2.0,248.0,3050.0,240.8775510204081,15288.8330078125,33.088890075683594,5.650000095367432,19936.89453125,26.21666717529297,6.333333492279053,4.2833333015441895,22.094444274902344,25919.888671875,615.8000000000195,0.6521905064582825,27.123769760131836,5.504761904755192,1383.8123779296875,3318.180908203125,-0.2480873018503189,1108.9238095237524,0,473,1,0,1,41,10,77
0,134.0,0.7537057995796204,286.0,2.0,248.0,2004.0,238.61224489795916,18890.833984375,34.70000076293945,2.4666666984558105,22847.8671875,25.866666793823242,6.199999809265137,4.183333396911621,22.733333587646484,34336.83203125,616.5142857142857,0.6419761776924133,27.069761276245117,6.371428571428571,1375.144287109375,3232.45703125,-0.17757143080234528,1100.3142857142857,2,473,1,0,1,21,4,45
0,209.0,0.6282781958580017,286.0,2.0,248.0,1077.0,238.79591836734673,13308.3330078125,35.91666793823242,4.0,15483.900390625,24.75,5.099999904632568,4.083333492279053,24.983333587646484,26815.333984375,740.0,0.6108333468437195,26.97511863708496,26.285714285714285,1417.3946533203125,2589.314208984375,-0.13797619938850403,1097.7714285714285,0,473,1,0,1,21,26,93
0,212.0,0.8893956542015076,286.0,2.0,248.0,1090.0,244.9183673469386,11208.6669921875,33.13333511352539,3.4000000953674316,15485.56640625,21.183332443237305,4.099999904632568,4.349999904632568,51.983333587646484,17340.833984375,1623.5142857142857,0.6734762191772461,26.95940399169922,62.8,1452.517822265625,2479.685791015625,-0.13864286243915558,1091.4285714285713,0,473,1,0,1,21,31,100
0,150.0,0.5906499624252319,286.0,2.0,248.0,1066.0,242.48979591836715,10310.5,30.366666793823242,3.933333396911621,16051.75,20.66666603088379,4.300000190734863,4.333333492279053,45.25,24015.5,1677.5714285714287,0.6882143020629883,27.067737579345703,67.08571428571429,1456.1038818359375,2436.71435546875,-0.08852380514144897,1093.3428571428572,0,473,1,0,1,21,8,63
1,207.0,0.057012543082237244,286.0,2.0,248.0,2712.0,244.5714285714284,,,,,,,,,,1709.142857142857,0.6918333172798157,27.118572235107422,76.54285714285714,1471.10986328125,2376.685791015625,-0.05166667699813843,1094.142857142857,0,473,1,0,1,21,30,75
1,146.0,0.09007981419563293,286.0,2.0,248.0,1951.0,243.612244897959,10309.8330078125,44.03333282470703,3.0444445610046387,16478.083984375,22.21666717529297,4.266666889190674,4.194444179534912,34.0444450378418,50024.0,1722.4,0.6970000267028809,27.19761848449707,82.65714285714286,1484.9664306640625,2338.39990234375,-0.0070476108230650425,1098.7142857142858,0,473,1,0,1,21,21,66
0,271.0,0.4070695638656616,286.0,2.0,248.0,1987.0,242.04081632653043,11821.3330078125,31.933332443237305,1.5666667222976685,16946.1171875,22.25,5.400000095367432,4.083333492279053,30.399999618530273,24502.333984375,1918.7714285714285,0.7050238251686096,27.160476684570312,76.14285714285714,1446.89111328125,2370.514404296875,0.06973807513713837,1083.3142857142857,0,473,1,0,1,21,31,115
0,100.0,0.7662485837936401,286.0,2.0,248.0,1189.0,242.9387755102039,13079.6669921875,36.983333587646484,2.4166667461395264,15588.150390625,21.450000762939453,4.300000190734863,4.133333206176758,39.63333511352539,19066.5,1994.0285714285715,0.7046666741371155,27.12154769897461,76.08571428571429,1443.306396484375,2367.771484375,0.16033333539962769,1080.2571428571428,0,473,1,0,1,21,11,45
1,259.0,0.23945267498493195,286.0,2.0,301.0,1627.0,257.0612244897958,18983.333984375,40.483333587646484,6.983333110809326,22889.599609375,23.049999237060547,4.800000190734863,4.2833333015441895,29.766666412353516,42263.0,2315.5714285714284,0.7197142839431763,27.106548309326172,76.25714285714285,1443.8709716796875,2351.771484375,0.26171427965164185,1083.2,0,511,1,0,1,31,26,113
0,219.0,0.9270239472389221,286.0,2.0,301.0,1069.0,260.06122448979573,10804.5,38.29999923706055,4.2833333015441895,16850.466796875,21.866666793823242,5.5,4.083333492279053,38.08333206176758,22886.5,2392.4,0.7152143120765686,26.999404907226562,74.57142857142857,1439.14990234375,2362.857177734375,0.2923809587955475,1079.8857142857144,0,511,1,0,1,21,30,105
0,174.8332560818278,0.41505131125450134,286.0,2.0,301.0,1439.0,264.12244897959164,13276.0,35.04999923706055,4.933333396911621,14049.3330078125,21.933332443237305,4.199999809265137,4.133333206176758,44.04999923706055,20327.333984375,2501.0285714285715,0.7178809642791748,26.943927764892578,70.94285714285714,1438.9527587890625,2380.71435546875,0.3747856914997101,1083.6857142857143,0,511,1,0,1,21,30,71
0,327.0,0.38084378838539124,286.0,2.0,301.0,2467.0,264.12244897959164,12573.611328125,34.39444351196289,6.711111068725586,18286.54296875,21.761112213134766,4.599999904632568,4.188889026641846,44.28889083862305,21584.666015625,2576.3142857142857,0.7167381048202515,26.88011932373047,69.74285714285715,1437.347412109375,2383.28564453125,0.39664286375045776,1083.4857142857143,0,511,1,0,0,31,22,135
0,241.0,0.22690992057323456,286.0,2.0,301.0,1540.0,264.4897959183672,10796.5556640625,35.7055549621582,6.0333333015441895,15307.1328125,22.97222328186035,4.633333206176758,4.150000095367432,41.761112213134766,19825.5546875,2624.0857142857144,0.7124761939048767,26.79726219177246,70.71428571428571,1437.2796630859375,2382.142822265625,0.3967618942260742,1080.142857142857,0,511,1,0,0,21,30,97
0,255.0,0.473204106092453,286.0,2.0,301.0,1190.0,265.16326530612224,10655.3330078125,36.66666793823242,6.316666603088379,15189.9833984375,22.58333396911621,4.599999904632568,4.183333396911621,39.483333587646484,20198.166015625,2755.5714285714284,0.7227619290351868,26.858333587646484,70.71428571428571,1439.7347412109375,2382.371337890625,0.3924047648906708,1084.2285714285715,0,511,1,0,0,21,27,116
0,317.0,0.7514253258705139,286.0,2.0,301.0,1293.0,271.7346938775508,11296.6669921875,36.04999923706055,4.066666603088379,15120.1669921875,22.799999237060547,4.800000190734863,4.099999904632568,37.71666717529297,20048.333984375,2889.342857142857,0.7425237894058228,27.030595779418945,72.25714285714285,1437.792236328125,2384.371337890625,0.4117380976676941,1088.7714285714285,0,511,1,0,0,21,26,121
0,321.0,0.4880273640155792,286.0,2.0,301.0,1753.0,271.7346938775508,11586.6669921875,37.400001525878906,8.716666221618652,16346.966796875,22.28333282470703,4.400000095367432,4.099999904632568,37.18333435058594,19831.0,2882.5142857142855,0.7374523878097534,26.960237503051758,72.0,1439.002197265625,2379.800048828125,0.40430954098701477,1088.0285714285715,1,511,1,0,0,21,21,124
0,339.0,0.7799316048622131,286.0,2.0,301.0,1087.0,273.97959183673447,11691.0,41.31666564941406,3.5333333015441895,15293.7666015625,21.483333587646484,4.400000095367432,4.0333333015441895,38.233333587646484,19241.666015625,3058.8571428571427,0.7501190304756165,27.01892852783203,71.94285714285714,1439.9609375,2382.17138671875,0.4035952389240265,1091.9142857142858,0,511,1,0,0,31,30,142
0,294.0,0.3774230182170868,286.0,2.0,301.0,1310.0,275.4285714285712,10270.0,40.13333511352539,4.699999809265137,15454.5498046875,22.5,4.599999904632568,4.099999904632568,35.63333511352539,19543.666015625,3092.7428571428572,0.7571666836738586,27.076904296875,73.2,1442.8935546875,2362.05712890625,0.37802383303642273,1094.5714285714287,1,511,1,0,0,21,4,184
0,337.0,0.9612314701080322,286.0,2.0,301.0,1056.0,279.14285714285694,10414.0,46.75,3.066666603088379,16020.8662109375,22.100000381469727,4.400000095367432,4.050000190734863,31.33333396911621,19319.0,3471.8,0.763952374458313,26.9136905670166,83.25714285714285,1445.980224609375,2287.371337890625,0.4132857322692871,1086.4857142857143,0,511,1,0,0,42,1,167
0,134.0,0.798175573348999,296.0,3.0,271.0,1143.0,266.2040816326529,10256.5,42.233333587646484,2.1500000953674316,15608.900390625,20.633333206176758,3.9000000953674316,4.150000095367432,42.099998474121094,18529.5,3708.0,0.8143095374107361,27.29511833190918,114.25714285714285,1455.3231201171875,2143.0,0.38014283776283264,1079.9714285714285,1,511,1,0,1,31,3,69
0,130.0,0.28734320402145386,296.0,3.0,271.0,1230.0,250.61224489795902,15543.6669921875,37.0,5.383333206176758,20559.767578125,22.41666603088379,4.5,4.400000095367432,40.20000076293945,33018.16796875,3573.8285714285716,0.8274285793304443,27.36488151550293,126.05714285714286,1466.460205078125,2090.6572265625,0.38985714316368103,1079.0285714285715,2,482,1,0,1,31,18,49
0,36.0,0.0741163045167923,296.0,3.0,271.0,1725.0,253.69387755102028,15943.0,39.25,5.2166666984558105,18389.849609375,21.28333282470703,4.400000095367432,4.800000190734863,39.79999923706055,31782.5,3601.342857142857,0.8386190533638,27.592618942260742,124.02857142857142,1458.96240234375,2095.45703125,0.3952142894268036,1080.2,0,482,1,0,1,31,3,19
1,120.0,0.202964648604393,296.0,3.0,271.0,1882.0,250.40816326530597,16852.666015625,36.88333511352539,3.616666555404663,16745.833984375,21.78333282470703,4.699999809265137,4.583333492279053,40.233333587646484,27786.333984375,3559.542857142857,0.8330000042915344,27.52857208251953,125.74285714285715,1454.972412109375,2089.228515625,0.3720952272415161,1074.5714285714287,0,482,1,0,0,31,6,48
0,180.0,0.34663626551628113,296.0,3.0,271.0,3317.0,240.02040816326516,11719.0,35.483333587646484,3.0166666507720947,15272.0,22.633333206176758,4.300000190734863,4.300000190734863,46.400001525878906,45285.0,3380.1428571428573,0.8474524021148682,27.654523849487305,138.77142857142857,1486.99169921875,2018.4857177734375,0.34854763746261597,1085.4,0,482,1,0,0,31,4,69
0,107.0,0.11858608573675156,296.0,3.0,301.0,13549.0,238.16326530612224,13283.0,44.13333511352539,4.800000190734863,20063.06640625,22.183332443237305,4.300000190734863,4.800000190734863,35.71666717529297,30381.833984375,3405.7428571428572,0.8521904945373535,27.695356369018555,130.62857142857143,1459.2288818359375,2060.1142578125,0.327523797750473,1078.7142857142858,3,511,1,0,0,24,3,42
1,127.0,0.0,296.0,3.0,301.0,9379.0,237.7346938775508,14489.3330078125,35.33333206176758,4.683333396911621,18367.69921875,22.25,5.099999904632568,4.483333110809326,32.91666793823242,46271.0,3402.285714285714,0.8523571491241455,27.695358276367188,134.97142857142856,1461.0897216796875,2039.5999755859375,0.28340476751327515,1076.4285714285713,0,511,1,0,0,21,19,55
1,76.0,0.0,267.0,4.0,301.0,12316.0,236.87755102040794,12504.8330078125,39.349998474121094,4.566666603088379,17904.93359375,22.316667556762695,4.599999904632568,4.449999809265137,32.70000076293945,22759.333984375,3364.5714285714284,0.8531666398048401,27.697975158691406,134.42857142857142,1464.090576171875,2058.228515625,0.262238085269928,1079.4285714285713,0,511,1,0,0,24,2,37
0,26.98848566870084,0.0,296.0,3.0,301.0,12713.0,229.15646258504813,,,,,,,,,,2971.4857142857145,0.8270714282989502,27.756071090698242,115.22857142857143,1494.2486572265625,2404.1142578125,0.12111902981996536,1113.5428571428572,0,511,1,0,0,34,5,10
1,60.0,0.0,296.0,3.0,271.0,13226.0,233.2448979591835,22255.4453125,37.41111373901367,3.5722222328186035,20401.80078125,25.422222137451172,6.166666507720947,4.483333110809326,25.255556106567383,45338.3359375,2953.285714285714,0.8200476169586182,27.692142486572266,109.25714285714285,1479.833251953125,2466.94287109375,0.09457143396139145,1108.6571428571428,0,511,1,0,0,34,2,26
0,103.0,0.0,296.0,3.0,293.0,24272.0,224.85714285714278,18198.166015625,37.91666793823242,3.6666667461395264,20052.283203125,22.53333282470703,4.900000095367432,4.75,23.549999237060547,24818.333984375,2746.885714285714,0.8111428618431091,27.715476989746094,118.05714285714286,1507.00048828125,2457.971435546875,0.07830951362848282,1115.3428571428572,1,482,1,0,1,41,14,55
0,49.0,0.0,296.0,3.0,293.0,30765.0,224.9183673469387,17289.0,34.29999923706055,5.366666793823242,21139.19921875,28.16666603088379,5.5,4.7833333015441895,28.633333206176758,37840.0,2739.7714285714287,0.8095952272415161,27.740951538085938,120.08571428571429,1517.4609375,2451.971435546875,0.07152381539344788,1119.4285714285713,0,476,1,0,0,24,12,20
0,50.0,0.0,296.0,3.0,293.0,25488.0,224.12244897959178,21949.333984375,30.933332443237305,3.6666667461395264,22484.81640625,23.53333282470703,5.5,4.800000190734863,26.433332443237305,34594.83203125,2749.285714285714,0.8069999814033508,27.751190185546875,132.65714285714284,1534.4874267578125,2357.971435546875,0.0316428542137146,1116.9714285714285,1,476,1,0,1,34,14,23
0,36.0,0.0,296.0,3.0,293.0,26007.0,225.18367346938774,,,,,,,,,33872.0,2749.285714285714,0.8069999814033508,27.751190185546875,132.65714285714284,1534.4874267578125,2357.971435546875,0.0316428542137146,1116.9714285714285,0,476,1,0,1,34,1,15
0,161.0,0.29532498121261597,296.0,3.0,293.0,9804.0,227.44897959183666,9520.8330078125,40.900001525878906,3.0999999046325684,18464.6328125,23.366666793823242,4.900000095367432,4.099999904632568,46.91666793823242,20790.5,2887.6,0.7781428694725037,27.385833740234375,129.14285714285714,1497.7138671875,2317.428466796875,-0.04978569969534874,1088.4285714285713,0,476,1,0,0,21,1,64
1,191.0,0.015963511541485786,296.0,3.0,293.0,8188.0,233.3061224489795,9780.0,41.28333282470703,2.6500000953674316,18460.400390625,23.116666793823242,4.900000095367432,4.2833333015441895,44.11666488647461,21961.333984375,2865.0,0.7951428294181824,27.531309127807617,134.71428571428572,1494.5145263671875,2296.085693359375,-0.0794999897480011,1086.9714285714285,0,476,1,0,0,31,22,81
0,183.0,0.7194982767105103,296.0,3.0,293.0,2590.0,240.42857142857127,11704.0,32.36666488647461,2.7166666984558105,16538.80078125,21.78333282470703,4.199999809265137,4.166666507720947,56.45000076293945,18352.0,2925.5142857142855,0.782619059085846,27.41083335876465,148.74285714285713,1512.76171875,2228.0,-0.17454759776592255,1082.2285714285715,0,476,1,0,0,21,18,76
0,211.0,0.6602052450180054,296.0,1.0,293.0,4445.0,236.91836734693865,14750.8330078125,33.766666412353516,8.300000190734863,21945.966796875,22.299999237060547,4.199999809265137,4.199999809265137,51.483333587646484,21243.333984375,3049.2571428571428,0.7725714445114136,27.158571243286133,153.94285714285715,1517.29150390625,2175.685791015625,-0.2066904604434967,1075.0,1,476,1,0,0,31,1,110
0,307.0,0.8209806084632874,296.0,1.0,293.0,1984.0,256.2653061224488,10883.8330078125,32.81666564941406,6.416666507720947,23474.099609375,23.21666717529297,4.099999904632568,4.016666889190674,51.91666793823242,18159.666015625,3100.5714285714284,0.7612857222557068,27.012142181396484,152.34285714285716,1521.1824951171875,2162.94287109375,-0.19121427834033966,1074.6571428571428,0,476,1,0,0,21,3,124
0,196.5465818527531,0.6271379590034485,296.0,1.0,293.0,2574.0,251.53061224489778,12455.5,29.066667556762695,4.916666507720947,18531.267578125,22.049999237060547,4.099999904632568,4.0,57.70000076293945,19904.666015625,3193.285714285714,0.7601190209388733,27.037023544311523,156.97142857142856,1528.537109375,2131.05712890625,-0.19671428203582764,1075.4,2,476,1,0,0,31,2,79
0,215.0,0.9304447174072266,296.0,1.0,293.0,1108.0,265.81632653061206,12291.3330078125,29.200000762939453,4.816666603088379,24392.666015625,20.91666603088379,3.799999952316284,4.199999809265137,58.20000076293945,22171.0,3253.3142857142857,0.7548571228981018,27.024404525756836,152.31428571428572,1518.7689208984375,2108.199951171875,-0.1790476143360138,1073.2285714285715,1,476,1,0,0,41,3,118
0,154.0,0.22006841003894806,267.0,4.0,293.0,2046.0,264.69387755102025,13043.0,26.200000762939453,3.2666666507720947,15988.7001953125,21.316667556762695,4.099999904632568,4.150000095367432,63.75,18103.666015625,3345.714285714286,0.7587857246398926,27.17464256286621,155.74285714285713,1517.496337890625,2053.914306640625,-0.12778569757938385,1072.4,1,476,1,0,0,31,1,79
0,313.0,0.8939566612243652,267.0,4.0,293.0,1160.0,252.32653061224474,11114.3330078125,28.149999618530273,2.3499999046325684,17926.900390625,23.183332443237305,3.9000000953674316,4.150000095367432,56.849998474121094,17968.333984375,3389.542857142857,0.7494761943817139,27.08547592163086,162.45714285714286,1529.622314453125,2037.2572021484375,-0.21816666424274445,1071.1714285714286,0,476,1,0,0,31,34,166
0,185.0,0.5074116587638855,267.0,4.0,293.0,1260.0,249.65306122448962,13723.8330078125,24.183332443237305,6.150000095367432,17823.982421875,22.600000381469727,4.099999904632568,4.050000190734863,69.0,19156.0,3435.5142857142855,0.7339761853218079,26.990833282470703,159.57142857142858,1514.50537109375,2011.6571044921875,-0.22992856800556183,1059.9714285714285,0,476,1,0,0,21,10,75
0,124.0,0.6225769519805908,267.0,4.0,293.0,1343.0,226.95918367346923,14805.0,31.183332443237305,5.050000190734863,18395.533203125,22.366666793823242,3.5999999046325684,4.150000095367432,48.150001525878906,17768.333984375,3505.8571428571427,0.7155476212501526,26.81833267211914,160.4,1521.151611328125,2015.2572021484375,-0.20897620916366577,1058.3142857142857,0,476,1,0,0,21,20,50
0,71.0,0.43671607971191406,267.0,4.0,293.0,5450.0,206.85714285714272,13265.1669921875,24.950000762939453,4.633333206176758,15913.25,20.149999618530273,3.700000047683716,4.199999809265137,56.150001525878906,21948.833984375,3510.7428571428572,0.725690484046936,27.050832748413086,171.82857142857142,1532.34716796875,1964.7142333984375,-0.19116666913032532,1058.9714285714285,1,476,1,0,0,21,3,30
0,215.0,0.6590650081634521,267.0,4.0,293.0,1304.0,192.71428571428555,14162.3330078125,28.75,5.083333492279053,17164.3671875,21.566667556762695,3.4000000953674316,4.150000095367432,57.04999923706055,17914.5,3539.8285714285716,0.7100714445114136,26.933929443359375,176.42857142857142,1544.4527587890625,1962.914306640625,-0.16545240581035614,1057.942857142857,1,476,1,0,0,31,21,118
0,35.0,0.7366020679473877,267.0,4.0,293.0,7064.0,183.9795918367346,14948.3330078125,25.91666603088379,6.166666507720947,17735.6171875,23.450000762939453,3.5,4.050000190734863,58.53333282470703,19738.0,3534.6,0.7070714235305786,26.96368980407715,181.85714285714286,1555.2041015625,1955.2572021484375,-0.17273810505867004,1058.6571428571428,0,476,1,0,0,31,2,17
1,67.0,0.08893956989049911,267.0,4.0,293.0,6397.0,183.32653061224477,21829.5,27.75,7.150000095367432,19432.900390625,22.149999618530273,4.599999904632568,4.699999809265137,35.61666488647461,35045.16796875,3455.2571428571428,0.7051190733909607,27.007976531982422,194.42857142857142,1578.7996826171875,1916.4571533203125,-0.137690469622612,1061.0285714285715,0,476,1,0,0,21,8,37
0,109.0,0.3785632848739624,267.0,4.0,293.0,3648.0,175.7142857142856,14393.0,29.399999618530273,7.483333110809326,16176.2333984375,21.96666717529297,4.199999809265137,4.800000190734863,47.150001525878906,23852.0,3458.285714285714,0.6932142972946167,26.88726234436035,207.6,1604.6732177734375,1898.857177734375,-0.19678571820259094,1061.0857142857142,0,476,1,0,1,31,4,45
0,125.0,0.35461801290512085,267.0,4.0,293.0,5924.0,166.02040816326522,15112.0,31.28333282470703,6.866666793823242,14582.7998046875,22.600000381469727,3.5999999046325684,4.800000190734863,44.483333587646484,40914.0,3401.114285714286,0.6861428618431091,26.944522857666016,223.42857142857142,1637.646484375,1845.5142822265625,-0.28230950236320496,1062.2571428571428,0,476,1,0,1,21,23,50
1,144.0,0.05587229132652283,267.0,4.0,283.0,20515.0,178.30612244897947,20029.0,32.20000076293945,8.983333587646484,24390.533203125,28.316667556762695,5.900000095367432,5.0,38.983333587646484,35579.66796875,3501.714285714286,0.6619285941123962,26.837142944335938,185.9142857142857,1553.7969970703125,1924.142822265625,-0.4216904640197754,1043.1142857142856,2,476,1,0,0,31,22,60
0,173.0,0.057012543082237244,267.0,4.0,283.0,20760.0,178.30612244897947,18384.833984375,29.066667556762695,4.7833333015441895,19927.94921875,26.78333282470703,5.400000095367432,4.400000095367432,46.03333282470703,28302.5,3501.714285714286,0.6619285941123962,26.837142944335938,185.9142857142857,1553.7969970703125,1924.142822265625,-0.4216904640197754,1043.1142857142856,1,476,1,0,0,31,24,69
0,209.0,0.4811858534812927,267.0,4.0,283.0,26023.0,184.85714285714275,16999.833984375,48.53333282470703,6.650000095367432,22062.966796875,29.066667556762695,3.9000000953674316,4.449999809265137,32.91666793823242,32886.66796875,3538.285714285714,0.6284523606300354,26.5382137298584,182.71428571428572,1542.14501953125,2007.3143310546875,-0.5470714569091797,1028.942857142857,0,507,1,0,0,31,25,91
0,185.0,0.05473203957080841,267.0,4.0,283.0,27683.0,191.87755102040805,15728.5,32.400001525878906,9.533333778381348,19733.43359375,25.116666793823242,3.200000047683716,4.4666666984558105,49.88333511352539,25568.333984375,3494.4285714285716,0.6103333234786987,26.33226203918457,179.71428571428572,1540.9901123046875,1983.800048828125,-0.570809543132782,1024.4,2,507,1,0,0,31,9,96
0,82.0,0.03876852989196777,267.0,4.0,283.0,20091.0,199.73469387755085,14163.1669921875,46.00555419921875,7.183333396911621,20480.0390625,27.422222137451172,3.799999952316284,4.666666507720947,34.32777786254883,26012.5546875,3468.8285714285716,0.614476203918457,26.29059600830078,180.0,1542.71875,1991.6856689453125,-0.6075000166893005,1025.4571428571428,0,507,1,0,0,21,11,43
0,174.0,0.027366019785404205,267.0,4.0,283.0,11700.0,207.81632653061203,12814.0,44.61666488647461,7.300000190734863,18327.80078125,26.066667556762695,3.5,4.566666603088379,40.18333435058594,23078.0,3421.5714285714284,0.6215476393699646,26.329761505126953,181.6,1539.2119140625,1957.6571044921875,-0.6299285888671875,1023.8285714285714,0,507,1,0,0,31,13,86
0,28.0,0.0,267.0,4.0,283.0,7046.0,217.32653061224468,20990.5,27.411109924316406,10.622221946716309,21084.560546875,25.855554580688477,4.333333492279053,5.25,26.60555648803711,34882.5546875,3349.1714285714284,0.6586428880691528,26.828689575195312,202.97142857142856,1572.90185546875,1877.2572021484375,-0.743571400642395,1036.8285714285714,0,507,1,0,0,24,7,16
1,,0.3249714970588684,267.0,4.0,283.0,1122.0,227.1632653061223,18875.0,28.41666603088379,9.166666984558105,25259.982421875,26.41666603088379,5.599999904632568,4.666666507720947,46.099998474121094,42833.33203125,3559.9142857142856,0.6211428642272949,26.413095474243164,181.57142857142858,1545.065673828125,1913.5428466796875,-0.7763333320617676,1028.1714285714286,0,507,1,0,0,31,9,
0,160.0,0.38312429189682007,267.0,4.0,283.0,5530.0,232.06122448979576,14410.22265625,62.116668701171875,9.627777099609375,21267.1328125,24.78333282470703,3.6666667461395264,4.400000095367432,17.761110305786133,23281.77734375,3616.8571428571427,0.5810238122940063,25.866785049438477,184.31428571428572,1546.653076171875,1861.8857421875,-0.8234285712242126,1009.1142857142858,0,507,1,0,0,31,12,71
0,243.0,0.530216634273529,267.0,4.0,283.0,2101.0,238.3061224489794,13330.8330078125,54.599998474121094,5.199999809265137,19517.3828125,26.133333206176758,3.799999952316284,4.266666889190674,22.53333282470703,23639.333984375,3663.8571428571427,0.5786904692649841,25.803810119628906,182.54285714285714,1542.6451416015625,1855.8857421875,-0.8344047665596008,1006.6,1,507,1,0,0,42,10,100
0,222.0,0.19954389333724976,267.0,4.0,283.0,3622.0,245.04081632653043,16103.0,26.08333396911621,6.0333333015441895,16575.5,23.149999618530273,3.799999952316284,4.300000190734863,43.53333282470703,25680.0,3716.8,0.6410475969314575,26.573333740234375,194.5142857142857,1547.43603515625,1783.971435546875,-0.9390000104904175,1023.3142857142857,1,507,1,0,0,21,11,97
0,213.0,0.6077536940574646,267.0,4.0,283.0,1492.0,238.2653061224488,14823.3330078125,46.13333511352539,5.7166666984558105,18928.666015625,28.733333587646484,3.299999952316284,4.300000190734863,24.950000762939453,22447.333984375,3795.6285714285714,0.629880964756012,26.274999618530273,203.97142857142856,1553.71923828125,1739.800048828125,-0.9856904745101929,1011.6285714285714,2,507,1,0,0,21,35,94
0,212.0,0.3591790199279785,267.0,4.0,283.0,1399.0,260.53061224489784,12683.0,50.50555419921875,7.233333587646484,19662.06640625,28.566665649414062,3.7333333492279053,4.361111164093018,23.33333396911621,27247.333984375,3792.0,0.6197142601013184,26.06999969482422,201.74285714285713,1548.852783203125,1738.0,-1.0018571615219116,1005.0285714285715,0,507,1,0,0,21,24,99
0,87.0,0.8814139366149902,267.0,4.0,283.0,1052.0,290.0408163265305,11659.6669921875,47.849998474121094,11.666666984558105,18418.599609375,27.600000381469727,3.5,4.400000095367432,27.71666717529297,22554.833984375,3664.8,0.6137381196022034,25.960237503051758,208.28571428571428,1550.998291015625,1695.05712890625,-1.0436190366744995,998.1428571428571,0,507,1,0,0,21,10,47
0,255.0,0.6419612169265747,267.0,4.0,283.0,1145.0,290.0408163265305,16939.0,31.78333282470703,5.133333206176758,18215.5,26.299999237060547,3.700000047683716,4.766666889190674,39.53333282470703,22782.0,3628.9714285714285,0.6407619118690491,26.269285202026367,210.05714285714285,1549.0335693359375,1690.857177734375,-1.0987142324447632,1006.7714285714286,0,507,1,0,0,31,13,132
0,288.0,0.9338654279708862,267.0,4.0,283.0,1042.0,309.1428571428569,16716.611328125,49.4444465637207,14.477777481079102,19429.73828125,26.63888931274414,3.5,4.449999809265137,26.24444580078125,23739.443359375,3552.714285714286,0.6324999928474426,26.081905364990234,210.62857142857143,1549.0748291015625,1705.142822265625,-1.0594524145126343,1003.2857142857143,0,507,1,0,0,42,30,155
0,241.17902459272622,0.9281641840934753,267.0,4.0,283.0,1049.0,289.0408163265304,14619.6669921875,34.68333435058594,7.266666889190674,17771.400390625,26.483333587646484,3.700000047683716,4.550000190734863,41.68333435058594,22521.833984375,3395.6857142857143,0.6390476226806641,26.290714263916016,207.68571428571428,1553.2490234375,1752.4571533203125,-0.9827380776405334,1016.1428571428571,0,507,1,0,1,21,30,129
0,295.0,0.0877993181347847,267.0,4.0,283.0,1459.0,286.7142857142855,14183.5,27.03333282470703,7.233333110809326,17803.232421875,25.066667556762695,3.700000047683716,4.599999904632568,43.13333511352539,20552.5,3278.8,0.6506666541099548,26.5290470123291,210.17142857142858,1552.892578125,1769.5428466796875,-0.9616904854774475,1020.4571428571429,3,507,1,0,1,31,8,124
0,155.0,0.5381984114646912,267.0,4.0,283.0,1168.0,282.26530612244875,13534.1669921875,29.049999237060547,7.016666889190674,18207.1171875,25.16666603088379,3.5999999046325684,4.449999809265137,42.81666564941406,23022.5,3246.5714285714284,0.6386428475379944,26.38595199584961,211.2,1553.6639404296875,1772.8857421875,-0.953000009059906,1015.6,1,507,1,0,1,21,2,82
0,346.0,0.0,267.0,4.0,283.0,1857.0,279.7551020408161,12572.6669921875,37.31666564941406,6.733333110809326,19142.30078125,27.28333282470703,3.799999952316284,4.699999809265137,37.70000076293945,23015.333984375,3167.342857142857,0.6205952167510986,26.259523391723633,204.05714285714285,1548.4698486328125,1836.228515625,-0.8726428747177124,1013.9714285714285,1,507,1,0,1,21,8,150
0,400.0,0.5644241571426392,267.0,4.0,283.0,1069.0,277.18367346938754,15479.3330078125,33.79999923706055,12.033333778381348,19287.716796875,24.316667556762695,3.9000000953674316,4.349999904632568,42.0,22006.166015625,3146.0,0.6239761710166931,26.317975997924805,201.17142857142858,1553.046875,1868.771484375,-0.8288571238517761,1021.9428571428572,0,507,1,0,1,31,11,174
0,341.0,0.9213227033615112,267.0,4.0,283.0,1070.0,277.93877551020387,14825.3330078125,38.766666412353516,9.033333778381348,21015.06640625,25.350000381469727,4.099999904632568,4.349999904632568,36.33333206176758,19917.666015625,3092.2571428571428,0.6205475926399231,26.23178482055664,201.62857142857143,1548.887451171875,1882.17138671875,-0.7806190252304077,1016.8285714285714,0,507,1,0,1,21,27,179
0,383.0,0.91904217004776,267.0,4.0,283.0,1087.0,276.2244897959182,14407.0,27.316667556762695,6.400000095367432,21652.93359375,26.100000381469727,3.799999952316284,4.366666793823242,48.36666488647461,27671.833984375,3093.4,0.6302857398986816,26.37285804748535,200.0857142857143,1552.884521484375,1902.4000244140625,-0.7563571929931641,1025.7428571428572,0,507,1,0,1,31,5,200
0,350.0,0.25427594780921936,267.0,4.0,283.0,1228.0,271.18367346938766,11362.3330078125,27.433332443237305,11.5,17189.482421875,22.66666603088379,3.700000047683716,4.349999904632568,48.21666717529297,19936.833984375,3079.2571428571428,0.632357120513916,26.412261962890625,193.6,1557.602294921875,1975.199951171875,-0.6132380962371826,1037.2571428571428,2,507,1,0,1,31,5,152
0,210.0,0.5393386483192444,267.0,4.0,283.0,1137.0,268.06122448979573,11517.0,31.21666717529297,8.833333015441895,20770.06640625,24.799999237060547,4.0,4.400000095367432,46.650001525878906,28001.333984375,3018.5714285714284,0.6416904926300049,26.39714241027832,197.9142857142857,1552.654541015625,1986.8857421875,-0.53166663646698,1032.5142857142857,0,507,1,0,1,31,7,80
0,269.0,0.08665906637907028,267.0,4.0,283.0,1430.0,264.4897959183671,11496.3330078125,33.88333511352539,13.383333206176758,17697.232421875,23.850000381469727,3.5999999046325684,4.650000095367432,45.41666793823242,24532.0,3018.4857142857145,0.648023784160614,26.46071434020996,199.34285714285716,1558.0220947265625,2018.4285888671875,-0.44850000739097595,1036.942857142857,1,507,1,0,1,24,13,105
0,139.0,0.2702394425868988,267.0,4.0,283.0,2370.0,263.63265306122423,11152.5,26.649999618530273,8.600000381469727,18365.900390625,23.683332443237305,4.199999809265137,4.5,54.86666488647461,22473.5,3069.0857142857144,0.6388333439826965,26.431428909301758,192.94285714285715,1565.6544189453125,2043.0,-0.4677142798900604,1044.6,0,507,1,0,1,42,15,55
0,192.0,0.22006841003894806,267.0,4.0,283.0,2032.0,265.5306122448978,11671.5,33.68333435058594,7.400000095367432,18315.099609375,25.46666717529297,4.0,4.650000095367432,47.43333435058594,23860.0,2979.057142857143,0.7012380957603455,26.875595092773438,212.88571428571427,1572.44775390625,2014.771484375,-0.4190952479839325,1052.8,0,507,1,0,0,31,14,71
1,172.0,0.0,296.0,1.0,260.0,3706.0,271.2244897959182,13963.5556640625,26.299999237060547,12.19444465637207,16333.7109375,20.877777099609375,4.366666793823242,4.666666507720947,52.977779388427734,31958.888671875,3079.6857142857143,0.6708333492279053,26.683452606201172,188.02857142857144,1567.2498779296875,2150.571533203125,-0.3980952203273773,1064.2571428571428,1,518,1,0,0,42,19,65
0,256.2191251872125,0.0,296.0,1.0,260.0,2432.0,277.71428571428555,9558.0,26.549999237060547,9.899999618530273,15405.1669921875,21.516666412353516,4.0,4.583333492279053,52.63333511352539,23940.0,3077.114285714286,0.6636666655540466,26.565000534057617,187.34285714285716,1571.120849609375,2162.45703125,-0.3845714330673218,1063.4857142857143,0,518,1,0,0,21,7,116
0,234.0,0.17103762924671173,296.0,1.0,260.0,3423.0,282.4897959183672,8480.8330078125,28.883333206176758,9.516666412353516,16408.5,21.383333206176758,3.9000000953674316,4.599999904632568,57.0,20663.0,3067.885714285714,0.6502618789672852,26.458572387695312,187.65714285714284,1570.139404296875,2178.257080078125,-0.35254761576652527,1057.6,0,518,1,0,0,21,9,86
0,322.0,0.7274800539016724,296.0,1.0,260.0,1109.0,290.61224489795893,10531.1669921875,29.733333587646484,9.449999809265137,17205.083984375,23.78333282470703,4.0,4.5,52.06666564941406,22616.0,3081.7714285714287,0.6438809633255005,26.383689880371094,184.82857142857142,1568.2337646484375,2224.6572265625,-0.31402382254600525,1057.142857142857,1,518,1,0,0,41,19,163
0,251.0,0.866590678691864,296.0,1.0,260.0,1082.0,296.89795918367327,9263.0,30.266666412353516,8.850000381469727,17077.966796875,22.433332443237305,4.0,4.400000095367432,50.91666793823242,19706.166015625,3080.114285714286,0.6386428475379944,26.366666793823242,179.68571428571428,1569.5030517578125,2273.94287109375,-0.2980237901210785,1062.2571428571428,1,518,1,0,0,21,11,126
0,132.0,0.48346635699272156,296.0,1.0,260.0,1160.0,297.3673469387753,10280.6669921875,32.16666793823242,3.866666555404663,17715.767578125,22.983333587646484,5.400000095367432,4.449999809265137,50.46666717529297,22564.666015625,3037.2,0.647857129573822,26.421310424804688,174.05714285714285,1571.2357177734375,2416.05712890625,-0.1214047521352768,1073.857142857143,2,518,1,0,0,31,7,66
0,297.10237376959265,0.7058152556419373,296.0,1.0,260.0,1082.0,290.87755102040785,11026.5,28.58333396911621,7.5333333015441895,16479.267578125,23.16666603088379,4.800000190734863,4.349999904632568,46.93333435058594,21984.5,3004.942857142857,0.6429047584533691,26.389524459838867,169.68571428571428,1573.0975341796875,2443.3427734375,-0.10323809832334518,1078.3428571428572,0,518,1,0,0,21,25,148
0,59.0,0.5815279483795166,296.0,1.0,260.0,1481.0,289.1020408163262,11138.1669921875,31.41666603088379,10.083333015441895,19000.333984375,24.200000762939453,5.300000190734863,4.5,47.849998474121094,22876.833984375,2971.8571428571427,0.6448095440864563,26.39583396911621,167.62857142857143,1573.671630859375,2483.71435546875,-0.06314283609390259,1082.142857142857,3,518,1,0,0,21,4,29
0,217.0,0.2645381987094879,296.0,1.0,260.0,1327.0,293.93877551020387,12099.611328125,27.872222900390625,7.661111354827881,19144.6171875,23.927778244018555,5.333333492279053,4.483333110809326,50.011112213134766,30412.388671875,2953.657142857143,0.6533809304237366,26.465238571166992,165.65714285714284,1574.2984619140625,2535.60009765625,0.0405714213848114,1089.0,0,518,1,0,0,41,6,93
0,172.0,0.5313568711280823,296.0,1.0,260.0,1285.0,292.91836734693857,10946.3330078125,29.516666412353516,6.233333110809326,20173.75,23.933332443237305,5.300000190734863,4.483333110809326,49.150001525878906,21013.0,2940.4285714285716,0.6541666388511658,26.46583366394043,163.9142857142857,1573.0125732421875,2557.54296875,0.06919047981500626,1090.5428571428572,1,518,1,0,0,31,6,83
0,202.0,0.6522234678268433,296.0,1.0,260.0,1127.0,291.6938775510202,12726.6669921875,32.233333587646484,6.116666793823242,20789.166015625,23.78333282470703,5.5,4.316666603088379,43.45000076293945,28094.666015625,2897.657142857143,0.656333327293396,26.45083236694336,157.6,1571.16064453125,2614.60009765625,0.1292143017053604,1097.942857142857,0,518,1,0,0,31,33,101
0,213.0,0.5096921324729919,296.0,1.0,260.0,1276.0,289.8571428571426,10941.5556640625,34.58333206176758,6.483333587646484,18850.982421875,23.28333282470703,5.400000095367432,4.383333206176758,45.7055549621582,22423.611328125,2851.2285714285713,0.6521190404891968,26.438928604125977,153.5142857142857,1575.4251708984375,2656.0,0.1563333421945572,1103.7428571428572,0,518,1,0,0,41,4,78
0,159.0,0.6932725310325623,296.0,1.0,260.0,1165.0,288.5714285714283,11023.3330078125,30.549999237060547,7.5,18860.767578125,23.28333282470703,5.300000190734863,4.300000190734863,48.41666793823242,20752.666015625,2834.4,0.6487380862236023,26.40142822265625,154.42857142857142,1577.2994384765625,2661.228515625,0.19176189601421356,1102.2285714285715,0,518,1,0,0,21,2,66
0,219.0,0.433295339345932,296.0,1.0,260.0,1344.0,286.6734693877549,10811.0,32.266666412353516,7.400000095367432,19776.19921875,23.25,5.800000190734863,4.483333110809326,46.400001525878906,20337.166015625,2824.114285714286,0.6606428623199463,26.501190185546875,161.0857142857143,1575.8828125,2660.257080078125,0.26490476727485657,1100.2571428571428,0,518,1,0,0,34,2,87
0,246.0,0.6955530047416687,296.0,1.0,260.0,1163.0,283.36734693877537,12533.9443359375,30.816667556762695,9.266666412353516,19995.111328125,23.427778244018555,5.800000190734863,4.516666889190674,45.52777862548828,24691.833984375,2731.7714285714287,0.6549761891365051,26.43488121032715,155.2,1584.412109375,2696.771484375,0.3032619059085846,1108.8,1,518,1,0,0,41,2,122
1,177.0,0.2519954442977905,296.0,1.0,260.0,2048.0,271.91836734693857,12686.0,31.03333282470703,7.416666507720947,20094.482421875,23.78333282470703,5.400000095367432,4.583333492279053,45.63333511352539,26774.333984375,2651.057142857143,0.6596666574478149,26.479881286621094,156.05714285714285,1585.1934814453125,2702.742919921875,0.3505000174045563,1111.3714285714286,0,518,1,0,0,31,21,81
1,332.79041887519895,0.05473203957080841,296.0,1.0,260.0,2673.0,272.73469387755085,12007.8330078125,30.766666412353516,6.900000095367432,21353.30078125,23.21666717529297,5.599999904632568,4.449999809265137,46.88333511352539,24051.166015625,2605.1428571428573,0.6625475883483887,26.502023696899414,158.28571428571428,1587.694091796875,2708.6572265625,0.40685713291168213,1112.0,0,518,1,0,0,21,21,153
1,211.0,0.2291904240846634,296.0,1.0,260.0,2111.0,272.73469387755085,15097.8330078125,30.5,8.300000190734863,23008.05078125,24.25,5.599999904632568,4.599999904632568,46.5,34638.0,2586.114285714286,0.6634761691093445,26.482261657714844,161.62857142857143,1587.3302001953125,2709.314208984375,0.4581666886806488,1108.7714285714285,0,518,1,0,0,41,21,86
0,228.0,0.4389965832233429,296.0,1.0,260.0,1564.0,258.38775510204067,13917.8330078125,31.133333206176758,10.083333015441895,23361.56640625,24.299999237060547,5.099999904632568,4.449999809265137,47.78333282470703,23939.166015625,2455.7428571428572,0.6684761643409729,26.542381286621094,168.0857142857143,1593.9791259765625,2696.17138671875,0.5414524078369141,1109.2285714285715,0,518,1,0,0,34,20,112
0,175.0,0.49714937806129456,296.0,1.0,260.0,2354.0,250.61224489795902,14071.8330078125,31.25,8.149999618530273,21859.166015625,23.516666412353516,5.300000190734863,4.400000095367432,45.38333511352539,22055.166015625,2377.7428571428572,0.676714301109314,26.596309661865234,169.94285714285715,1594.620849609375,2691.971435546875,0.6076905131340027,1111.5142857142857,0,518,1,0,0,24,29,85
0,204.0,0.5678449273109436,296.0,1.0,260.0,5479.0,243.53061224489778,10590.8330078125,32.31666564941406,8.016666412353516,19752.333984375,23.46666717529297,5.0,4.449999809265137,46.233333587646484,22712.0,2268.0,0.6789761781692505,26.580951690673828,173.25714285714287,1597.7806396484375,2684.771484375,0.6973571181297302,1110.5142857142857,1,518,1,0,0,41,2,100
0,213.0,0.8027365803718567,296.0,1.0,260.0,5827.0,235.14285714285694,11102.5,33.13333511352539,7.300000190734863,18807.3828125,23.816667556762695,5.099999904632568,4.400000095367432,44.0,21934.666015625,2240.3714285714286,0.680476188659668,26.591903686523438,176.74285714285713,1600.4874267578125,2672.771484375,0.7142857313156128,1109.0285714285715,1,518,1,0,0,24,2,104
0,110.0,0.3101482391357422,296.0,1.0,260.0,10251.0,235.14285714285694,10682.8330078125,29.049999237060547,8.183333396911621,19055.8671875,23.700000762939453,4.900000095367432,4.449999809265137,45.53333282470703,20638.333984375,2171.5142857142855,0.6991190314292908,26.68214225769043,175.97142857142856,1599.3848876953125,2691.914306640625,0.7593809962272644,1116.2571428571428,0,518,1,0,0,42,2,40
0,63.0,0.36259976029396057,296.0,1.0,260.0,15756.0,225.9999999999998,12684.8330078125,27.46666717529297,7.599999904632568,17952.900390625,24.200000762939453,4.900000095367432,4.699999809265137,47.31666564941406,18581.666015625,2148.9142857142856,0.7086666822433472,26.727262496948242,186.34285714285716,1602.682861328125,2668.45703125,0.814214289188385,1111.8857142857144,0,518,1,0,0,21,9,27
0,,0.18015962839126587,296.0,1.0,260.0,21118.0,213.9591836734692,12055.6669921875,30.299999237060547,10.016666412353516,21322.517578125,22.799999237060547,4.800000190734863,4.599999904632568,45.78333282470703,23211.5,2052.8285714285716,0.7151904702186584,26.80476188659668,216.9142857142857,1683.6224365234375,2585.914306640625,0.8897380828857422,1130.4571428571428,0,518,1,0,0,21,13,
0,52.0,0.03876852989196777,296.0,1.0,260.0,28112.0,205.55102040816305,15524.5,31.116666793823242,7.916666507720947,22198.349609375,23.46666717529297,5.099999904632568,4.650000095367432,45.11666488647461,28012.5,1974.2285714285715,0.7079523801803589,26.740476608276367,210.02857142857144,1668.0943603515625,2621.71435546875,0.8732618689537048,1124.942857142857,2,518,1,0,0,34,4,19
0,33.0,0.26567843556404114,296.0,1.0,238.0,18537.0,205.34693877550995,10687.0,27.549999237060547,7.9666666984558105,19880.55078125,22.33333396911621,5.0,4.699999809265137,48.78333282470703,21171.5,2020.8285714285714,0.7201904654502869,26.793333053588867,194.14285714285714,1621.0438232421875,2651.685791015625,0.8716190457344055,1118.6571428571428,3,508,1,0,0,21,5,13
1,92.0,0.2291904240846634,296.0,1.0,238.0,21635.0,199.97959183673447,17666.166015625,33.13333511352539,8.949999809265137,20507.466796875,23.91666603088379,4.699999809265137,4.75,45.04999923706055,23887.166015625,1960.0,0.7225714325904846,26.796310424804688,198.9142857142857,1628.1065673828125,2650.971435546875,0.889380931854248,1119.2,0,508,1,0,0,31,26,44
1,142.0,0.11858608573675156,296.0,1.0,238.0,11530.0,200.4285714285712,17021.0,30.549999237060547,9.850000381469727,20844.267578125,22.96666717529297,5.300000190734863,4.7833333015441895,45.150001525878906,26561.666015625,1908.942857142857,0.7249285578727722,26.776309967041016,204.71428571428572,1639.45703125,2629.428466796875,0.9540714025497437,1120.3142857142857,3,508,1,0,0,42,26,57
0,171.0,0.3534777760505676,296.0,1.0,238.0,10976.0,202.36734693877528,17479.4453125,32.738887786865234,10.388888359069824,23784.52734375,24.811111450195312,5.099999904632568,4.633333206176758,48.42777633666992,30827.0,1898.5142857142857,0.7226666808128357,26.74333381652832,204.42857142857142,1643.0322265625,2624.685791015625,0.9556190371513367,1121.3714285714286,1,508,1,0,0,41,9,63
1,140.0,0.0057012541219592094,296.0,1.0,238.0,9128.0,207.89795918367324,16896.5,31.866666793823242,9.983333587646484,20188.833984375,24.25,5.199999809265137,4.566666603088379,46.31666564941406,28093.0,1917.6285714285714,0.7258809804916382,26.788808822631836,209.4,1652.9866943359375,2601.028564453125,0.9678571820259094,1123.4857142857143,1,508,1,0,0,21,28,52
1,175.0,0.5347776412963867,296.0,1.0,238.0,5014.0,211.1224489795916,13092.6669921875,36.233333587646484,10.316666603088379,22162.267578125,23.616666793823242,4.800000190734863,4.699999809265137,41.29999923706055,18979.333984375,1847.6,0.725595235824585,26.7353572845459,207.77142857142857,1651.68896484375,2591.17138671875,0.9673095345497131,1122.8285714285714,0,508,1,0,0,42,25,67
1,218.0,0.3933865427970886,296.0,1.0,238.0,6009.0,215.81632653061203,13554.6669921875,37.88333511352539,9.883333206176758,18754.1328125,23.28333282470703,4.699999809265137,4.5,40.266666412353516,21080.0,1867.057142857143,0.7293094992637634,26.737619400024414,214.28571428571428,1663.5069580078125,2564.800048828125,0.9690713882446289,1123.5714285714287,0,508,1,0,0,21,24,95
1,195.0,0.0,296.0,1.0,238.0,7272.0,220.26530612244878,16677.833984375,32.46666717529297,10.800000190734863,21479.150390625,24.850000381469727,5.199999809265137,4.800000190734863,41.93333435058594,23007.666015625,1804.4285714285713,0.7358571290969849,26.75107192993164,218.45714285714286,1667.077392578125,2550.514404296875,0.972428560256958,1123.3428571428572,0,508,1,0,0,21,12,81
0,229.0,0.34093499183654785,296.0,1.0,238.0,1843.0,223.06122448979573,12134.6669921875,33.46666717529297,7.733333110809326,20504.849609375,23.649999618530273,4.800000190734863,4.566666603088379,41.91666793823242,23877.166015625,1851.1714285714286,0.7333809733390808,26.706071853637695,214.17142857142858,1655.8382568359375,2540.085693359375,0.9557142853736877,1118.6285714285714,0,508,1,0,0,21,24,96
0,201.0,0.4526796042919159,296.0,1.0,238.0,2486.0,224.36734693877537,14185.6669921875,33.66666793823242,8.505555152893066,24946.548828125,24.927778244018555,5.0333333015441895,4.616666793823242,42.86111068725586,24968.27734375,1797.9142857142858,0.7339285612106323,26.69523811340332,215.57142857142858,1658.181640625,2535.085693359375,0.9337142705917358,1118.1714285714286,0,508,1,0,0,24,20,75
0,168.0,0.13226909935474396,296.0,1.0,238.0,1764.0,224.28571428571414,10609.5,28.299999237060547,7.7833333015441895,16839.81640625,23.366666793823242,4.800000190734863,4.5,48.43333435058594,17244.166015625,1834.7714285714285,0.7323571443557739,26.629047393798828,212.31428571428572,1652.401611328125,2504.0,0.9450952410697937,1115.6571428571428,1,508,1,0,0,31,13,81
0,188.0,0.0045610032975673676,296.0,1.0,238.0,4094.0,220.93877551020387,9911.0,28.600000381469727,6.150000095367432,17575.69921875,22.71666717529297,5.099999904632568,4.599999904632568,49.13333511352539,17533.0,1796.7428571428572,0.741428554058075,26.658809661865234,208.17142857142858,1632.6700439453125,2502.228515625,0.9364761710166931,1110.2285714285715,2,508,1,0,0,34,9,87
0,201.0,0.05473203957080841,296.0,1.0,238.0,11776.0,217.2857142857141,12167.1669921875,32.20000076293945,7.449999809265137,16328.8330078125,21.899999618530273,4.699999809265137,4.599999904632568,42.25,19946.333984375,1901.0857142857142,0.739047646522522,26.612262725830078,216.74285714285713,1657.986572265625,2426.628662109375,0.9273571372032166,1112.142857142857,2,508,1,0,0,31,11,76
0,198.0,0.09578107297420502,296.0,1.0,238.0,13025.0,213.10204081632637,10561.4443359375,32.877777099609375,6.816666603088379,17232.677734375,23.622222900390625,5.333333492279053,4.75,48.0444450378418,18522.0,1874.942857142857,0.7377856969833374,26.594881057739258,217.88571428571427,1660.2188720703125,2428.228515625,0.9351190328598022,1110.4571428571428,1,508,1,0,0,31,24,83
0,132.0,0.16419611871242523,296.0,1.0,238.0,6824.0,209.46938775510188,12957.0,32.36111068725586,6.599999904632568,16479.7890625,22.788888931274414,5.0333333015441895,4.833333492279053,41.67777633666992,17764.33203125,1968.7714285714285,0.7477381229400635,26.61988067626953,231.0857142857143,1673.3245849609375,2356.3427734375,0.9164999723434448,1106.942857142857,4,508,1,0,0,41,8,53
0,105.0,0.21892815828323364,296.0,1.0,238.0,11012.0,206.63265306122435,7753.4443359375,37.272220611572266,9.100000381469727,15243.7275390625,23.572221755981445,4.866666793823242,4.633333206176758,44.38333511352539,18469.833984375,1980.7714285714285,0.7542380690574646,26.684165954589844,227.05714285714285,1663.17822265625,2352.142822265625,0.9286190867424011,1107.7428571428572,0,508,1,0,0,21,13,42
0,198.0,0.17217788100242615,296.0,1.0,238.0,2995.0,202.59183673469374,13923.1669921875,39.38333511352539,8.616666793823242,17850.3828125,24.233333587646484,5.099999904632568,4.633333206176758,41.29999923706055,22308.5,2066.2571428571428,0.7534047365188599,26.63119125366211,231.31428571428572,1660.547119140625,2312.142822265625,0.9258571267127991,1098.5428571428572,2,508,1,0,0,42,7,78
0,116.0,0.24743443727493286,296.0,1.0,238.0,2360.0,198.46938775510196,7017.83349609375,35.86666488647461,6.5333333015441895,14573.0,22.816667556762695,5.400000095367432,4.699999809265137,46.03333282470703,20642.5,2173.342857142857,0.7444285750389099,26.51952362060547,228.28571428571428,1666.1968994140625,2276.371337890625,0.9481666684150696,1098.9714285714285,1,508,1,0,0,31,2,50
1,260.0,0.1356898546218872,296.0,1.0,238.0,2528.0,194.8163265306121,8420.5,42.41666793823242,7.050000190734863,16307.0498046875,23.299999237060547,4.900000095367432,4.699999809265137,39.08333206176758,21623.0,2221.3142857142857,0.7574285864830017,26.63166618347168,236.88571428571427,1681.5767822265625,2236.485595703125,0.9527618885040283,1103.3714285714286,2,508,1,0,0,21,24,105
1,203.0,0.0,296.0,1.0,238.0,6336.0,191.4285714285713,13610.3330078125,38.650001525878906,7.599999904632568,18691.3828125,23.78333282470703,4.900000095367432,4.849999904632568,34.75,39111.0,2266.7714285714287,0.7659285664558411,26.70380973815918,232.74285714285713,1668.955322265625,2242.857177734375,0.9432619214057922,1103.8285714285714,1,508,1,0,0,21,24,86
0,91.0,0.2291904240846634,296.0,1.0,238.0,10426.0,187.89795918367332,8497.6669921875,43.68333435058594,8.516666412353516,13647.099609375,21.71666717529297,4.599999904632568,4.666666507720947,33.983333587646484,19141.0,2407.8285714285716,0.7745237946510315,26.709880828857422,219.71428571428572,1657.75,2235.17138671875,0.9244762063026428,1109.057142857143,3,508,1,0,0,31,7,38
0,169.0,0.298745721578598,296.0,1.0,238.0,13567.0,184.91836734693865,9423.0,36.28333282470703,12.333333015441895,15485.2998046875,22.366666793823242,4.599999904632568,5.199999809265137,39.78333282470703,18974.0,2446.9714285714285,0.7689523696899414,26.65166664123535,219.28571428571428,1667.8310546875,2225.571533203125,0.9254047870635986,1112.0857142857142,0,508,1,0,0,41,11,69
0,185.0,0.06613454967737198,296.0,1.0,238.0,7836.0,183.65306122448968,8959.6669921875,36.63333511352539,10.899999618530273,15945.150390625,22.483333587646484,4.900000095367432,4.666666507720947,37.91666793823242,17096.5,2598.4,0.7643333077430725,26.551191329956055,215.14285714285714,1671.31201171875,2198.971435546875,0.8814047574996948,1114.7714285714285,2,508,1,0,0,41,19,76
0,,0.007981755770742893,296.0,1.0,238.0,7740.0,182.59183673469371,8798.8330078125,40.79999923706055,8.816666603088379,14605.4833984375,21.983333587646484,4.5,4.949999809265137,35.56666564941406,18770.0,2690.542857142857,0.757190465927124,26.511072158813477,216.65714285714284,1683.6583251953125,2183.94287109375,0.8652142882347107,1118.2,0,508,1,0,0,31,8,
0,196.0,0.017103763297200203,296.0,1.0,238.0,7212.0,184.2653061224488,10731.0,41.54999923706055,6.816666603088379,20029.517578125,23.633333206176758,4.800000190734863,4.800000190734863,34.46666717529297,21260.5,3118.057142857143,0.7398809790611267,26.27750015258789,195.2,1675.0902099609375,2200.0,0.880047619342804,1121.0857142857142,0,508,1,0,0,31,30,76
0,177.0,0.0,296.0,1.0,238.0,8441.0,186.1224489795917,7577.83349609375,43.83333206176758,11.966666221618652,19550.583984375,22.75,4.300000190734863,4.9666666984558105,36.79999923706055,19571.666015625,3337.3714285714286,0.7475476264953613,26.332500457763672,189.82857142857142,1669.8984375,2197.485595703125,0.834857165813446,1125.1142857142856,1,508,1,0,0,21,32,84
0,117.0,0.20638540387153625,296.0,1.0,238.0,9624.0,191.34693877550887,9200.9443359375,39.77777862548828,6.25,18782.91015625,23.63888931274414,4.300000190734863,5.0,34.27222442626953,22193.333984375,3686.1428571428573,0.741690456867218,26.247499465942383,180.6,1672.3564453125,2198.199951171875,0.7321667075157166,1130.2571428571428,0,508,1,0,0,31,4,45
0,160.0,0.3192702531814575,296.0,1.0,238.0,3945.0,197.22448979591815,10564.6669921875,39.66666793823242,8.449999809265137,18100.232421875,24.16666603088379,4.5,5.0,37.099998474121094,22868.333984375,3698.5714285714284,0.7485714554786682,26.280000686645508,182.25714285714287,1665.6121826171875,2186.142822265625,0.6951190233230591,1126.942857142857,3,508,1,0,0,21,3,70
0,,0.09920182079076767,296.0,1.0,238.0,3987.0,202.6326530612243,7448.66650390625,42.266666412353516,7.616666793823242,19760.69921875,23.516666412353516,4.5,5.183333396911621,34.68333435058594,23570.833984375,3906.057142857143,0.7473809719085693,26.290119171142578,175.45714285714286,1662.813720703125,2192.82861328125,0.6177142858505249,1129.9714285714285,0,508,1,0,0,41,8,
0,153.0,0.38882553577423096,296.0,1.0,238.0,2004.0,207.79591836734673,9296.0,38.75,7.333333492279053,20010.767578125,25.58333396911621,4.699999809265137,4.800000190734863,39.099998474121094,25555.333984375,3993.9714285714285,0.7423809766769409,26.325952529907227,176.17142857142858,1678.7490234375,2199.8857421875,0.5618333220481873,1134.6571428571428,1,508,1,0,0,21,2,65
0,122.0,0.17331813275814056,296.0,1.0,238.0,1542.0,207.79591836734673,7951.66650390625,37.58333206176758,11.883333206176758,17847.333984375,21.58333396911621,4.099999904632568,4.949999809265137,38.68333435058594,19967.666015625,4030.2571428571428,0.7445952296257019,26.381427764892578,176.85714285714286,1682.5718994140625,2198.314208984375,0.5187618732452393,1136.942857142857,1,508,1,0,0,31,9,48
0,183.0,0.7537057995796204,296.0,1.0,238.0,1268.0,220.26530612244872,9766.0,39.04999923706055,12.033333778381348,20350.466796875,22.816667556762695,3.9000000953674316,4.699999809265137,34.33333206176758,17820.0,4304.371428571429,0.7498809695243835,26.366905212402344,178.54285714285714,1701.9530029296875,2205.257080078125,0.2762380838394165,1140.6857142857143,0,508,1,1,0,41,31,69
0,269.0,0.7468643188476562,296.0,1.0,238.0,1820.0,220.1836734693875,9445.1669921875,39.31666564941406,10.266666412353516,19803.666015625,21.71666717529297,4.099999904632568,4.666666507720947,33.25,16723.5,4358.257142857143,0.7555238008499146,26.448808670043945,175.85714285714286,1693.3074951171875,2221.514404296875,0.23866665363311768,1140.9714285714285,2,508,1,1,0,41,27,109
0,233.0,0.7274800539016724,296.0,1.0,238.0,1439.0,216.30612244897935,9844.0,32.733333587646484,11.25,16266.6669921875,23.266666412353516,4.0,4.599999904632568,39.28333282470703,20674.666015625,4418.342857142857,0.760785698890686,26.48988151550293,171.85714285714286,1681.056396484375,2242.6572265625,0.20688094198703766,1138.8,0,508,1,1,0,31,26,89
0,150.0,0.8095781207084656,296.0,1.0,238.0,1134.0,209.95918367346923,11940.5556640625,36.68333435058594,12.30555534362793,24778.43359375,23.100000381469727,4.099999904632568,4.666666507720947,32.93888854980469,19672.4453125,4398.914285714286,0.7438571453094482,26.25773811340332,187.2,1724.2984619140625,2239.3427734375,0.0954761952161789,1137.7428571428572,1,508,1,1,0,42,27,62
0,228.25165394221628,0.33979475498199463,296.0,1.0,238.0,1167.0,192.32653061224474,8404.0,36.93333435058594,7.016666889190674,16310.849609375,23.100000381469727,4.400000095367432,4.800000190734863,36.43333435058594,19595.166015625,4555.028571428571,0.7628333568572998,26.486190795898438,158.14285714285714,1652.1044921875,2369.314208984375,0.1575714349746704,1129.4,1,508,1,1,0,31,16,90
0,143.0,0.5142531394958496,296.0,1.0,238.0,2016.0,182.3265306122448,9157.611328125,33.6944465637207,15.322222709655762,16316.3603515625,24.13888931274414,4.199999809265137,4.833333492279053,41.45000076293945,20169.166015625,4566.2,0.7513095140457153,26.341903686523438,161.22857142857143,1658.038818359375,2355.60009765625,0.06816665083169937,1123.6285714285714,3,508,1,1,0,21,18,63
0,199.0,0.0034207524731755257,267.0,4.0,238.0,3137.0,181.40816326530594,7642.0,29.71666717529297,11.516666412353516,16497.81640625,23.46666717529297,4.400000095367432,4.866666793823242,39.900001525878906,21386.5,4616.171428571429,0.7601666450500488,26.370952606201172,161.74285714285713,1650.924072265625,2338.1142578125,-0.08885714411735535,1120.2571428571428,2,508,1,0,0,31,12,83
0,75.0,0.0,267.0,4.0,238.0,14232.0,169.93877551020393,9257.0,30.316667556762695,15.066666603088379,17074.333984375,21.83333396911621,4.199999809265137,4.9666666984558105,41.233333587646484,19971.666015625,4633.228571428572,0.7840238213539124,26.578689575195312,165.97142857142856,1657.0814208984375,2402.82861328125,-0.1330714374780655,1123.8857142857144,5,508,1,0,0,34,10,30
0,103.0,0.05359179154038429,267.0,4.0,238.0,26886.0,159.40816326530597,10903.8330078125,33.43333435058594,15.516666412353516,17720.349609375,21.16666603088379,4.300000190734863,5.099999904632568,37.81666564941406,20988.166015625,4701.857142857143,0.8037381172180176,26.76047706604004,175.88571428571427,1684.5611572265625,2408.742919921875,-0.2606666684150696,1133.4571428571428,3,508,1,0,0,21,14,42
0,78.0,0.0045610032975673676,267.0,4.0,238.0,32767.0,144.53061224489784,12341.8330078125,29.299999237060547,19.700000762939453,16078.283203125,21.933332443237305,4.300000190734863,4.949999809265137,41.91666793823242,18471.833984375,4760.085714285714,0.8183809518814087,26.857379913330078,179.2,1680.6151123046875,2445.1142578125,-0.3745952248573303,1131.4857142857143,5,508,1,0,0,34,4,34
0,89.00754407177384,0.0022805016487836838,267.0,4.0,238.0,32767.0,151.28571428571416,10807.3330078125,32.61666488647461,18.0,16884.8671875,21.75,4.0,5.099999904632568,40.233333587646484,38616.0,4806.6,0.8203095197677612,26.84404754638672,177.2,1673.9149169921875,2453.914306640625,-0.40888094902038574,1128.1714285714286,3,508,1,0,0,11,11,34
0,,0.1220068410038948,267.0,4.0,238.0,32767.0,135.83673469387747,10289.5,27.316667556762695,19.0,18227.849609375,21.866666793823242,4.599999904632568,4.900000095367432,44.83333206176758,23634.5,4863.085714285714,0.8267619013786316,26.887500762939453,180.57142857142858,1668.368896484375,2477.800048828125,-0.5127381086349487,1121.942857142857,5,508,1,0,0,24,14,
0,51.0,0.34663626551628113,267.0,4.0,238.0,32767.0,128.8367346938775,11048.6669921875,28.566667556762695,14.433333396911621,16429.216796875,20.700000762939453,4.0,4.900000095367432,41.766666412353516,22301.833984375,4948.971428571429,0.8286666870117188,26.89583396911621,186.2,1673.8720703125,2450.800048828125,-0.6290000081062317,1119.0857142857142,1,508,1,0,0,24,5,24
0,43.0,0.4652223587036133,267.0,4.0,238.0,32767.0,123.67346938775505,12453.3330078125,31.25,12.216666221618652,16162.75,21.21666717529297,4.099999904632568,4.916666507720947,39.96666717529297,27169.666015625,5007.571428571428,0.8323333263397217,26.87238121032715,204.77142857142857,1674.964111328125,2400.771484375,-0.7472380995750427,1098.0,3,508,1,0,1,41,6,21
0,52.0,0.31356897950172424,267.0,4.0,238.0,32767.0,121.83673469387747,13696.666015625,30.44999885559082,14.199999809265137,15587.7001953125,21.927778244018555,3.700000047683716,4.866666793823242,40.77222442626953,23844.5,5048.857142857143,0.8312857151031494,26.86750030517578,218.22857142857143,1678.515869140625,2289.05712890625,-0.7903333306312561,1086.3142857142857,0,508,1,0,1,41,4,25
0,120.0,0.47662484645843506,267.0,4.0,238.0,28689.0,119.12244897959175,11592.1669921875,31.266666412353516,14.5,18308.44921875,21.100000381469727,3.700000047683716,4.916666507720947,36.54999923706055,22405.5,5088.771428571428,0.8329285979270935,26.79535675048828,221.37142857142857,1679.6043701171875,2214.39990234375,-0.8573571443557739,1082.8285714285714,1,508,1,0,1,21,13,54
0,59.0,0.09350056946277618,267.0,4.0,238.0,18286.0,115.7687074829931,16458.0546875,31.366666793823242,15.788888931274414,18901.150390625,20.94444465637207,3.7333333492279053,4.972222328186035,35.35555648803711,28329.72265625,5114.4857142857145,0.8673571348190308,27.047618865966797,244.8,1694.044921875,1995.3714599609375,-0.8429523706436157,1078.4285714285713,0,508,1,0,1,21,15,24
0,89.0,0.4982896149158478,267.0,4.0,238.0,6810.0,117.14285714285704,13267.0,29.94444465637207,13.894444465637207,17755.162109375,22.016666412353516,3.700000047683716,5.0333333015441895,37.00555419921875,22190.111328125,5188.742857142857,0.8668809533119202,26.9997615814209,253.34285714285716,1676.5958251953125,1917.028564453125,-0.9382857084274292,1060.9714285714285,3,508,1,0,1,41,17,43
0,37.0,0.0,267.0,4.0,238.0,6515.0,119.77551020408151,16361.0,28.866666793823242,15.816666603088379,18105.93359375,20.91666603088379,3.9000000953674316,5.150000095367432,37.733333587646484,36677.16796875,5195.628571428571,0.8655238151550293,27.001548767089844,256.3142857142857,1679.36962890625,1900.5142822265625,-0.9570476412773132,1060.7428571428572,0,508,1,0,1,34,4,17
0,98.13085625728588,0.7149372696876526,267.0,4.0,238.0,9938.0,119.77551020408151,15990.2216796875,29.41111183166504,12.649999618530273,21062.244140625,21.788888931274414,3.7333333492279053,5.099999904632568,38.22222137451172,26183.611328125,5158.771428571428,0.8555952310562134,26.91452407836914,262.48571428571427,1691.1009521484375,1880.8857421875,-0.9532619118690491,1058.942857142857,0,508,1,0,1,34,27,43
0,49.0,0.4743443429470062,267.0,4.0,238.0,10057.0,127.57142857142847,15644.0,29.71666717529297,13.449999809265137,17727.416015625,20.983333587646484,4.199999809265137,5.099999904632568,37.95000076293945,21828.333984375,5069.6,0.8711428642272949,27.002023696899414,275.2,1707.0958251953125,1831.1142578125,-1.020904779434204,1064.142857142857,2,508,1,0,1,31,7,21
0,112.0,0.6864309906959534,267.0,4.0,238.0,3042.0,127.73469387755094,15061.3330078125,37.28333282470703,12.699999809265137,18363.732421875,22.516666412353516,3.799999952316284,5.2166666984558105,33.70000076293945,21502.0,4979.685714285714,0.8549047708511353,26.877262115478516,290.9714285714286,1736.2406005859375,1832.5714111328125,-1.1617857217788696,1064.7428571428572,0,508,1,0,1,31,3,
0,,0.14709235727787018,267.0,4.0,238.0,6395.0,132.76595744680844,19640.666015625,31.266666412353516,11.633333206176758,16983.783203125,21.866666793823242,5.199999809265137,4.916666507720947,32.900001525878906,28179.5,4991.028571428571,0.8901666402816772,27.09821319580078,289.8857142857143,1735.885986328125,1861.4000244140625,-1.2711904048919678,1071.8857142857144,12,508,1,0,1,31,6,
0,,0.04789053648710251,267.0,4.0,149.0,31027.0,135.06976744186034,17746.0,36.733333587646484,11.600000381469727,18188.666015625,21.633333206176758,4.0,5.116666793823242,37.61666488647461,26023.333984375,5007.6,0.9394047856330872,27.324642181396484,289.1714285714286,1698.156494140625,2157.45703125,-1.721571445465088,1087.5428571428572,2,540,1,0,0,41,4,
0,103.0,0.1288483440876007,267.0,4.0,149.0,32767.0,133.7073170731706,11655.0,31.622222900390625,11.79444408416748,14939.64453125,20.91666603088379,3.799999952316284,5.011111259460449,40.46111297607422,20865.888671875,4997.371428571429,0.9551428556442261,27.385595321655273,290.0285714285714,1693.1556396484375,2185.428466796875,-1.7737618684768677,1088.8,0,540,1,0,1,21,18,43
0,56.0,0.40820980072021484,267.0,4.0,170.0,32767.0,131.72499999999985,15119.8330078125,37.13333511352539,17.08333396911621,18102.55078125,20.633333206176758,4.099999904632568,5.116666793823242,38.483333587646484,21910.5,4720.0,0.9584523439407349,27.336191177368164,336.8,1776.9862060546875,2032.0,-1.8234285116195679,1100.2285714285715,0,611,1,0,1,21,33,22
0,128.9625464231838,0.09007981419563293,267.0,4.0,170.0,32767.0,128.28124999999983,15394.0,39.483333587646484,14.116666793823242,17796.400390625,23.316667556762695,4.5,5.099999904632568,33.400001525878906,29186.0,4521.0,0.9892857074737549,27.423095703125,367.37142857142857,1829.077880859375,1942.028564453125,-1.8150237798690796,1111.3428571428572,0,611,1,0,1,31,21,52
0,,0.0,267.0,4.0,170.0,32767.0,128.28124999999983,,,,,,,,,,4521.0,0.9892857074737549,27.423095703125,367.37142857142857,1829.077880859375,1942.028564453125,-1.8150237798690796,1111.3428571428572,0,,1,0,0,21,15,
0,,0.3454959988594055,267.0,4.0,170.0,32767.0,127.5384615384613,,,,,,,,,41202.33203125,4582.371428571429,0.9599047899246216,27.314285278320312,355.51428571428573,1805.1739501953125,1993.771484375,-1.7708333730697632,1099.3142857142857,0,611,1,0,1,24,33,
0,292.0,0.9030786752700806,286.0,2.0,290.0,1150.0,281.877551020408,16218.1669921875,35.31666564941406,2.183333396911621,24993.017578125,26.383333206176758,4.900000095367432,4.150000095367432,28.016666412353516,25724.333984375,355.2857142857143,0.5920000076293945,26.26738166809082,2.8,1320.1097412109375,3050.742919921875,-0.23914285004138947,1051.5428571428572,0,503,1,1,0,21,35,133
1,157.0,0.01824401319026947,286.0,2.0,285.0,15623.0,267.18367346938754,15727.0,35.36666488647461,2.0833332538604736,24060.650390625,27.299999237060547,5.400000095367432,4.183333396911621,19.366666793823242,28262.0,400.34285714285716,0.6243809461593628,26.575952529907227,3.6857142857142855,1321.3173828125,3024.685791015625,-0.20459525287151337,1062.8,0,496,1,1,0,41,35,54
1,44.0,0.04446978494524956,286.0,2.0,285.0,9171.0,252.9999999999998,16233.7783203125,39.11111068725586,4.0333333015441895,23691.333984375,28.13888931274414,6.400000095367432,4.244444370269775,21.633333206176758,30780.109375,590.8571428571429,0.6787857413291931,26.840118408203125,4.4,1327.1785888671875,2985.71435546875,0.09864284843206406,1077.5714285714287,0,496,1,0,1,41,33,15
1,189.0,0.04446978494524956,286.0,2.0,285.0,8146.0,252.91836734693854,14947.5,29.66666603088379,2.9666666984558105,21251.3828125,26.266666412353516,5.900000095367432,4.233333110809326,19.5,27831.833984375,629.6,0.6886904835700989,26.913928985595703,4.6,1333.103515625,2943.60009765625,0.11595238000154495,1083.5428571428572,0,496,1,0,1,41,13,82
1,230.0,0.0,286.0,2.0,285.0,4878.0,249.06122448979576,14852.888671875,35.46110916137695,3.1277778148651123,20931.322265625,26.25,5.833333492279053,4.266666889190674,16.755556106567383,31538.0,682.5714285714286,0.7066904902458191,27.01178550720215,6.257142857142857,1340.4483642578125,2824.28564453125,0.19116666913032532,1090.2285714285715,0,496,1,0,0,34,23,83
1,298.0,0.0,286.0,2.0,285.0,4268.0,244.85714285714272,13770.0,33.983333587646484,3.1666667461395264,18449.166015625,24.66666603088379,5.800000190734863,4.183333396911621,21.850000381469727,31100.333984375,688.2571428571429,0.7096428275108337,27.030000686645508,8.228571428571428,1347.57470703125,2760.54296875,0.20092856884002686,1093.057142857143,0,496,1,0,0,41,35,112
0,132.0,0.39452680945396423,286.0,2.0,285.0,1585.0,226.5510204081631,16523.666015625,40.150001525878906,4.0,20652.5,25.883333206176758,5.599999904632568,4.25,27.649999618530273,23188.333984375,721.0,0.7241666913032532,27.139524459838867,7.942857142857143,1344.091796875,2841.3427734375,0.05004759505391121,1094.942857142857,0,496,1,0,0,21,5,59
1,238.0,0.0,286.0,2.0,285.0,10682.0,225.14285714285697,15440.8330078125,36.71666717529297,4.7166666984558105,18800.1328125,26.616666793823242,5.5,4.233333110809326,13.216666221618652,39192.83203125,718.4,0.722261905670166,27.203691482543945,7.371428571428571,1345.021484375,2910.628662109375,0.012809524312615395,1096.7428571428572,0,496,1,0,0,24,23,90
1,239.0,0.0,286.0,2.0,285.0,12578.0,223.46938775510196,14274.5,35.28333282470703,4.816666603088379,18675.8828125,26.116666793823242,5.599999904632568,4.233333110809326,13.550000190734863,24359.833984375,714.6285714285714,0.7186190485954285,27.18511962890625,7.085714285714285,1344.639404296875,2941.71435546875,-0.005761910695582628,1095.8857142857144,0,496,1,0,0,34,23,83
1,84.0,0.0,286.0,2.0,285.0,7315.0,223.20408163265296,13728.5,37.150001525878906,4.416666507720947,17583.466796875,23.200000762939453,5.0,4.2833333015441895,20.21666717529297,63982.16796875,707.4285714285714,0.6966190338134766,27.120952606201172,6.285714285714286,1348.762451171875,3041.914306640625,-0.037571441382169724,1094.4285714285713,0,496,1,0,0,41,4,29
1,164.0,0.0,286.0,2.0,285.0,1924.0,225.7959183673469,16582.0,39.61666488647461,7.233333110809326,18653.267578125,25.28333282470703,5.5,4.233333110809326,16.46666717529297,25314.666015625,695.8857142857142,0.6856666803359985,27.05988121032715,5.542857142857143,1347.25732421875,3162.685791015625,-0.0856904685497284,1092.057142857143,0,496,1,0,0,21,13,58
1,237.0,0.0,286.0,2.0,285.0,7951.0,227.77551020408166,15481.0,33.58333206176758,3.7333333492279053,21013.033203125,27.78333282470703,5.599999904632568,4.233333110809326,11.916666984558105,36568.83203125,678.0285714285715,0.6881428360939026,27.137380599975586,4.885714285714286,1359.177001953125,3246.514404296875,-0.12564285099506378,1101.4285714285713,0,496,1,0,0,31,35,84
1,163.0,0.0,286.0,2.0,285.0,7938.0,227.77551020408166,15770.6669921875,35.86666488647461,3.4166667461395264,21437.75,28.96666717529297,5.699999809265137,4.150000095367432,10.533333778381348,66823.5,683.1428571428571,0.6847142577171326,27.115238189697266,4.828571428571428,1345.871826171875,3256.800048828125,-0.12126189470291138,1092.6857142857143,0,496,1,0,0,31,34,56
0,281.0,0.2428734302520752,286.0,2.0,248.0,2542.0,236.5918367346938,15661.5,39.18333435058594,3.8499999046325684,19048.94921875,24.75,5.199999809265137,4.133333206176758,19.950000762939453,23378.0,626.2285714285714,0.6414523720741272,27.121191024780273,7.6571428571428575,1377.955810546875,3151.971435546875,-0.14030952751636505,1101.3142857142857,0,473,1,0,1,41,11,113
0,260.0,0.9350057244300842,286.0,2.0,248.0,1095.0,242.5918367346937,13906.0,31.600000381469727,5.400000095367432,16536.083984375,25.100000381469727,5.400000095367432,4.233333110809326,15.366666793823242,24706.333984375,625.2,0.6371904611587524,27.063095092773438,8.942857142857143,1383.13623046875,3016.914306640625,-0.11214286088943481,1101.2857142857142,0,473,1,0,1,24,24,106
0,210.0,0.7787913084030151,286.0,2.0,248.0,1042.0,244.61224489795896,15622.0,31.133333206176758,5.800000190734863,15737.650390625,24.733333587646484,5.5,4.2833333015441895,20.433332443237305,24351.0,668.6571428571428,0.6235952377319336,27.055477142333984,20.228571428571428,1402.9822998046875,2713.05712890625,-0.032761912792921066,1099.0857142857142,0,473,1,0,1,31,35,94
1,273.0,0.0,286.0,2.0,248.0,2632.0,251.42857142857122,12384.5,36.53333282470703,5.4666666984558105,20392.716796875,23.600000381469727,4.699999809265137,4.333333492279053,29.516666412353516,52815.5,1073.3428571428572,0.6247380971908569,26.976903915405273,32.65714285714286,1445.1907958984375,2606.771484375,-0.14671429991722107,1109.6571428571428,0,473,1,0,0,31,18,122
0,127.0,0.7605473399162292,286.0,2.0,248.0,1125.0,242.42857142857125,13854.0,37.766666412353516,3.9833333492279053,16510.650390625,23.25,4.5,4.483333110809326,46.08333206176758,18975.5,1485.5428571428572,0.6601428389549255,26.936071395874023,55.714285714285715,1443.25390625,2553.0,-0.24857144057750702,1089.857142857143,0,473,1,0,1,31,17,59
0,197.0,0.8620296716690063,286.0,2.0,248.0,1095.0,245.02040816326513,12271.0,38.11666488647461,5.433333396911621,19490.033203125,22.200000762939453,4.300000190734863,4.366666793823242,35.36666488647461,24256.166015625,1639.6857142857143,0.6757143139839172,26.981189727783203,67.51428571428572,1446.302001953125,2462.6572265625,-0.10597619414329529,1083.0285714285715,0,473,1,0,1,41,11,93
1,184.0,0.2440136820077896,286.0,2.0,248.0,3002.0,244.1224489795916,13515.27734375,40.92222213745117,3.144444465637207,17966.455078125,22.205554962158203,4.633333206176758,4.222222328186035,32.78333282470703,37409.890625,1728.8857142857144,0.6927381157875061,27.079761505126953,77.77142857142857,1447.2303466796875,2397.28564453125,0.018238093703985214,1077.2857142857142,1,473,1,0,0,31,11,65
0,250.0,0.5131129026412964,286.0,2.0,248.0,4069.0,244.1224489795916,12884.8330078125,33.4555549621582,2.961111068725586,15110.72265625,21.35555648803711,4.900000095367432,4.183333396911621,38.18333435058594,18391.77734375,1763.4,0.7031904458999634,27.151905059814453,80.11428571428571,1450.8900146484375,2367.228515625,0.02559523470699787,1080.2,2,473,1,0,0,31,19,94
1,202.0,0.0022805016487836838,286.0,2.0,248.0,2413.0,242.20408163265287,17188.666015625,40.79999923706055,3.116666555404663,18830.900390625,22.683332443237305,5.199999809265137,4.383333206176758,31.83333396911621,23996.333984375,1780.7428571428572,0.6980476379394531,27.109285354614258,85.71428571428571,1469.6461181640625,2333.971435546875,0.03961903601884842,1084.2857142857142,0,473,1,0,1,31,26,81
1,319.0,0.026225769892334938,286.0,2.0,248.0,2661.0,242.04081632653043,17609.166015625,38.58333206176758,3.383333444595337,19937.033203125,23.25,4.800000190734863,4.483333110809326,24.799999237060547,30267.666015625,1936.4,0.7117142677307129,27.239404678344727,83.4,1451.9195556640625,2332.28564453125,0.12976190447807312,1080.8,0,473,1,0,1,21,30,124
0,275.0,0.6898517608642578,286.0,2.0,248.0,1255.0,239.8979591836733,12823.3330078125,39.849998474121094,2.2666666507720947,16705.43359375,22.683332443237305,4.400000095367432,4.083333492279053,37.41666793823242,19147.666015625,2014.6857142857143,0.7129523754119873,27.209762573242188,84.31428571428572,1445.4102783203125,2333.39990234375,0.17538094520568848,1075.6571428571428,0,473,1,0,1,21,32,99
1,139.0,0.10718358308076859,286.0,2.0,248.0,1986.0,242.2244897959182,,,,,,,,,,2061.4285714285716,0.7129285931587219,27.203332901000977,84.94285714285714,1442.062255859375,2331.314208984375,0.19409523904323578,1072.857142857143,0,473,1,0,1,41,26,61
0,223.0,0.15963512659072876,286.0,2.0,301.0,1465.0,252.2040816326529,11037.0,36.13333511352539,2.299999952316284,18618.033203125,23.066667556762695,4.599999904632568,4.083333492279053,44.78333282470703,20102.166015625,2319.885714285714,0.7263333201408386,27.19797706604004,81.54285714285714,1436.0223388671875,2335.514404296875,0.2723809778690338,1075.2285714285715,0,511,1,0,1,21,6,82
0,126.0,0.8814139366149902,286.0,2.0,301.0,1056.0,260.06122448979573,10635.0,37.766666412353516,5.433333396911621,15257.2998046875,21.21666717529297,4.699999809265137,4.050000190734863,38.43333435058594,22021.5,2398.542857142857,0.7116904854774475,26.9665470123291,76.34285714285714,1437.690673828125,2355.6572265625,0.2770000100135803,1076.0,0,511,1,0,1,21,30,61
0,266.0,0.5290763974189758,286.0,2.0,301.0,2115.0,260.5510204081631,12339.0,36.650001525878906,5.0333333015441895,15317.099609375,21.899999618530273,4.5,4.099999904632568,39.21666717529297,19344.0,2551.114285714286,0.7242142558097839,27.02559471130371,76.57142857142857,1434.32861328125,2357.971435546875,0.34033331274986267,1077.0285714285715,1,511,1,0,0,31,25,101
0,239.0,0.6031926870346069,286.0,2.0,301.0,1149.0,261.38775510204067,12172.0,32.18333435058594,4.599999904632568,14753.25,21.983333587646484,4.599999904632568,4.099999904632568,44.849998474121094,19415.0,2678.8571428571427,0.7213095426559448,26.91083335876465,76.25714285714285,1433.2044677734375,2362.571533203125,0.37426188588142395,1074.4,0,511,1,0,0,41,22,90
0,226.0,0.6624857187271118,286.0,2.0,301.0,1195.0,262.1836734693876,10890.6669921875,38.08333206176758,4.099999904632568,15280.033203125,21.600000381469727,4.300000190734863,4.099999904632568,40.66666793823242,18964.0,2770.714285714286,0.7228094935417175,26.86916732788086,74.22857142857143,1431.9720458984375,2377.17138671875,0.382666677236557,1075.7714285714285,0,511,1,0,0,21,34,87
0,176.0,0.4116305708885193,286.0,2.0,301.0,2680.0,265.91836734693857,9765.6669921875,41.03333282470703,1.9500000476837158,16379.966796875,21.66666603088379,4.599999904632568,4.050000190734863,27.71666717529297,19347.166015625,2896.4857142857145,0.753166675567627,27.152976989746094,72.48571428571428,1430.4541015625,2391.028564453125,0.414000004529953,1087.5142857142857,0,511,1,0,0,31,3,69
0,277.0,0.27251994609832764,286.0,2.0,301.0,1567.0,268.93877551020387,13619.9443359375,40.4444465637207,6.933332920074463,16416.66015625,21.69999885559082,4.333333492279053,4.150000095367432,41.344444274902344,18844.5546875,2988.4857142857145,0.7516666650772095,27.033689498901367,71.05714285714286,1430.4776611328125,2401.914306640625,0.43228572607040405,1087.8,0,511,1,0,0,21,32,157
0,277.0,0.5267959237098694,286.0,2.0,301.0,1738.0,271.20408163265284,10982.0,39.516666412353516,7.650000095367432,16291.400390625,21.75,4.5,4.099999904632568,38.233333587646484,20677.333984375,3033.2285714285713,0.7461190223693848,26.95226287841797,70.6,1432.182861328125,2404.085693359375,0.43402379751205444,1086.942857142857,1,511,1,0,0,21,21,106
0,125.0,0.38084378838539124,286.0,2.0,301.0,1467.0,275.4285714285712,11924.1669921875,35.29999923706055,6.483333110809326,14822.7333984375,22.25,4.400000095367432,4.050000190734863,41.41666793823242,19803.5,3109.942857142857,0.7513333559036255,26.991905212402344,71.54285714285714,1436.6397705078125,2386.142822265625,0.4211428165435791,1090.4,0,511,1,0,0,21,26,75
0,322.0,0.5769669413566589,286.0,2.0,301.0,1716.0,273.97959183673447,11394.888671875,37.661109924316406,5.305555820465088,15653.9443359375,21.816665649414062,4.633333206176758,4.127777576446533,39.849998474121094,18911.0,3207.9142857142856,0.7612380981445312,27.061071395874023,73.2,1437.493896484375,2377.60009765625,0.41521427035331726,1092.7142857142858,0,511,1,0,0,21,28,140
1,58.0,0.03876852989196777,286.0,2.0,301.0,3232.0,274.9795918367344,11656.8330078125,39.25,2.7166666984558105,17726.416015625,21.450000762939453,4.5,4.183333396911621,27.83333396911621,22864.166015625,3301.5142857142855,0.7834761738777161,27.297739028930664,75.94285714285714,1436.8492431640625,2360.228515625,0.39978569746017456,1097.4,0,511,1,0,0,42,1,28
0,186.0,0.960091233253479,267.0,4.0,301.0,1066.0,245.61224489795896,11529.6669921875,38.25,3.183333396911621,16407.833984375,20.649999618530273,4.400000095367432,4.183333396911621,49.233333587646484,18088.833984375,3612.7428571428572,0.8087618947029114,27.213809967041016,115.68571428571428,1442.67626953125,2140.485595703125,0.3814047574996948,1069.6285714285714,1,511,1,0,0,42,21,96
0,158.0,0.8825541734695435,267.0,4.0,301.0,1135.0,245.61224489795896,10408.5,40.31666564941406,4.7166666984558105,17273.93359375,21.383333206176758,4.300000190734863,4.183333396911621,48.150001525878906,21989.166015625,3560.3142857142857,0.8217619061470032,27.339284896850586,115.77142857142857,1440.0230712890625,2139.257080078125,0.3824523687362671,1071.057142857143,0,511,1,0,0,42,20,71
0,90.0,0.40250855684280396,267.0,4.0,271.0,2820.0,242.18367346938754,13886.0,39.733333587646484,3.0833332538604736,19113.31640625,21.83333396911621,4.599999904632568,4.400000095367432,44.58333206176758,23947.833984375,3467.8285714285716,0.8383333086967468,27.532976150512695,132.74285714285713,1475.1976318359375,2047.3143310546875,0.35976189374923706,1080.5142857142857,3,482,1,0,0,21,5,35
0,107.0,0.5803877115249634,267.0,4.0,271.0,1326.0,237.48979591836715,10255.0,42.766666412353516,2.683333396911621,16634.099609375,22.46666717529297,4.5,4.099999904632568,43.03333282470703,21357.333984375,3383.6857142857143,0.838857114315033,27.531309127807617,132.11428571428573,1475.8184814453125,2043.971435546875,0.37064287066459656,1082.0,0,482,1,0,0,42,9,47
1,147.0,0.37514254450798035,267.0,4.0,271.0,4840.0,232.7959183673467,15498.5,43.18333435058594,4.866666793823242,17635.18359375,21.383333206176758,4.300000190734863,4.800000190734863,36.516666412353516,36403.16796875,3332.3714285714286,0.8478094935417175,27.589879989624023,126.28571428571429,1452.2325439453125,2068.94287109375,0.36392858624458313,1075.7428571428572,2,482,1,0,0,31,5,68
0,30.0,0.0,267.0,4.0,271.0,22279.0,233.69387755102014,13633.5,33.04999923706055,4.416666507720947,18825.3828125,23.683332443237305,5.099999904632568,4.733333110809326,35.04999923706055,50773.83203125,3156.8285714285716,0.84759521484375,27.73904800415039,141.82857142857142,1498.7593994140625,2080.428466796875,0.25723809003829956,1092.3428571428572,0,511,1,0,0,41,3,12
0,1.0,0.0,296.0,3.0,293.0,25716.0,218.7959183673466,,,,,,,,,,3011.657142857143,0.8682143092155457,27.862024307250977,117.62857142857143,1470.79638671875,2246.199951171875,0.22521428763866425,1105.857142857143,3,476,1,0,0,34,1,
0,49.0,0.0,296.0,3.0,271.0,26026.0,219.89795918367315,18500.333984375,33.61666488647461,4.949999809265137,23524.232421875,25.483333587646484,5.099999904632568,4.883333206176758,24.25,35627.66796875,2935.8285714285716,0.8469047546386719,27.812976837158203,111.2,1491.97412109375,2392.771484375,0.13323809206485748,1120.7142857142858,0,482,1,0,0,34,7,20
0,50.0,0.0,296.0,3.0,271.0,24343.0,220.4897959183671,25669.833984375,37.13333511352539,3.133333444595337,20276.1171875,25.133333206176758,5.400000095367432,4.949999809265137,19.316667556762695,40325.16796875,2901.5714285714284,0.8387143015861511,27.787975311279297,111.22857142857143,1500.5638427734375,2419.6572265625,0.13140477240085602,1123.9714285714285,0,482,1,0,0,34,14,20
0,16.0,0.0,296.0,3.0,271.0,27577.0,220.24489795918348,22232.166015625,38.29999923706055,4.800000190734863,24172.80078125,27.733333587646484,5.300000190734863,5.050000190734863,15.100000381469727,50069.66796875,2775.3142857142857,0.8419761657714844,27.839643478393555,98.42857142857143,1485.3521728515625,2520.94287109375,0.11773811280727386,1128.7714285714285,0,482,1,0,0,24,14,6
0,8.0,0.0,296.0,3.0,271.0,29705.0,220.71428571428555,21876.666015625,36.58333206176758,5.233333110809326,25599.6328125,25.899999618530273,5.599999904632568,5.050000190734863,20.46666717529297,45374.33203125,2732.3142857142857,0.836809515953064,27.828927993774414,107.65714285714286,1507.1942138671875,2462.17138671875,0.09521429240703583,1131.6857142857143,0,482,1,0,0,24,14,4
1,90.0,0.0,296.0,3.0,293.0,8411.0,229.3061224489795,21698.0,40.88333511352539,3.5833332538604736,20781.56640625,23.899999618530273,5.0,4.683333396911621,30.366666793823242,27957.333984375,2892.4285714285716,0.790142834186554,27.652618408203125,113.2,1488.1201171875,2386.1142578125,0.03538094833493233,1104.0857142857142,1,482,1,0,0,31,14,37
0,153.0,0.07867731153964996,296.0,3.0,293.0,10786.0,229.3061224489795,15172.8330078125,39.349998474121094,5.333333492279053,19917.666015625,23.733333587646484,5.199999809265137,4.449999809265137,44.70000076293945,38690.33203125,2892.057142857143,0.7963095307350159,27.654523849487305,116.54285714285714,1484.1844482421875,2386.6572265625,0.01678571291267872,1099.5428571428572,1,476,1,0,0,24,15,61
0,246.0,0.6750285029411316,296.0,3.0,293.0,3424.0,233.6530612244897,11276.0,34.233333587646484,2.066666603088379,16034.8330078125,22.261112213134766,4.699999809265137,4.0,51.594444274902344,31553.666015625,2964.4285714285716,0.7607380747795105,27.26738166809082,126.17142857142858,1493.8507080078125,2299.428466796875,-0.015333338640630245,1085.7714285714285,2,476,1,0,0,31,2,120
0,144.0,0.5553021430969238,296.0,3.0,293.0,1194.0,241.77551020408148,10081.6669921875,31.649999618530273,2.4833333492279053,18728.93359375,21.066667556762695,4.199999809265137,4.0,51.25,18328.833984375,3008.6285714285714,0.7674762010574341,27.316070556640625,133.85714285714286,1504.29931640625,2249.228515625,-0.07588095217943192,1086.8,1,476,1,0,0,41,3,71
0,179.0,0.09578107297420502,296.0,3.0,293.0,1494.0,240.42857142857127,13534.1669921875,33.04999923706055,1.4833333492279053,17086.3671875,20.91666603088379,4.5,4.150000095367432,54.93333435058594,18070.5,2996.942857142857,0.7721666693687439,27.30630874633789,144.28571428571428,1511.0625,2226.94287109375,-0.1657380610704422,1081.942857142857,1,476,1,0,0,21,2,72
0,283.0,0.9555302262306213,296.0,1.0,293.0,1028.0,247.83673469387742,10685.6669921875,31.816667556762695,3.2333333492279053,22840.833984375,22.0,4.199999809265137,4.050000190734863,58.31666564941406,19014.0,3063.1428571428573,0.7557857036590576,27.026548385620117,150.0857142857143,1528.2486572265625,2183.028564453125,-0.19638094305992126,1080.0857142857142,1,476,1,0,0,31,3,153
0,222.0,0.7867730855941772,296.0,1.0,293.0,1390.0,268.8571428571427,11774.3330078125,29.316667556762695,2.683333396911621,16649.916015625,21.75,4.300000190734863,4.099999904632568,55.04999923706055,17952.666015625,3143.885714285714,0.753261923789978,27.011428833007812,149.31428571428572,1523.043701171875,2140.199951171875,-0.18276190757751465,1077.3142857142857,1,476,1,0,0,21,3,120
0,295.0,0.38768529891967773,296.0,1.0,293.0,1435.0,274.71428571428555,11412.1669921875,31.5,4.866666793823242,25594.06640625,22.133333206176758,4.099999904632568,4.25,50.11666488647461,21094.166015625,3181.057142857143,0.753761887550354,27.000595092773438,150.37142857142857,1523.514404296875,2122.514404296875,-0.1775476336479187,1076.6285714285714,1,476,1,0,0,21,2,161
1,138.0,0.2303306758403778,267.0,4.0,293.0,1675.0,264.69387755102025,13804.1669921875,27.883333206176758,3.9666666984558105,17375.8671875,20.933332443237305,4.0,4.400000095367432,56.20000076293945,18666.0,3327.457142857143,0.7630237936973572,27.20142936706543,155.14285714285714,1517.893798828125,2062.199951171875,-0.13857141137123108,1074.2571428571428,0,476,1,0,0,42,2,58
1,165.0,0.18129988014698029,267.0,4.0,293.0,1276.0,264.69387755102025,13089.1669921875,28.983333587646484,4.083333492279053,18894.716796875,21.633333206176758,4.099999904632568,4.25,56.29999923706055,21657.333984375,3327.457142857143,0.7630237936973572,27.20142936706543,155.14285714285714,1517.893798828125,2062.199951171875,-0.13857141137123108,1074.2571428571428,0,476,1,0,0,31,27,73
0,224.0,0.39566704630851746,267.0,4.0,293.0,2039.0,269.3061224489794,9715.5,29.08333396911621,2.933333396911621,19313.55078125,21.450000762939453,4.0,4.050000190734863,59.766666412353516,18580.0,3385.7428571428572,0.7405475974082947,27.016786575317383,158.62857142857143,1519.6683349609375,2017.5142822265625,-0.21595238149166107,1065.4857142857143,1,476,1,0,0,34,3,119
0,310.0,0.4982896149158478,267.0,4.0,293.0,1256.0,258.30612244897935,10018.1669921875,26.91666603088379,4.183333396911621,16570.18359375,21.316667556762695,4.0,4.099999904632568,65.13333129882812,21668.666015625,3406.542857142857,0.7420714497566223,27.088809967041016,158.6,1512.5975341796875,2005.05712890625,-0.21590477228164673,1063.0285714285715,1,476,1,0,0,31,18,155
0,244.0,0.3021664619445801,267.0,4.0,293.0,6072.0,246.51020408163245,11386.1669921875,28.683332443237305,4.5333333015441895,17531.166015625,21.183332443237305,4.0,4.25,61.983333587646484,19815.5,3464.6,0.7309761643409729,27.071189880371094,167.25714285714287,1524.696044921875,1974.6285400390625,-0.19754762947559357,1059.7428571428572,0,476,1,0,0,41,13,121
0,105.0,0.4104903042316437,267.0,4.0,293.0,1386.0,232.20408163265287,16890.333984375,27.899999618530273,4.083333492279053,19172.482421875,24.233333587646484,4.0,4.150000095367432,61.36666488647461,22778.833984375,3432.1428571428573,0.7230714559555054,27.03369140625,176.0857142857143,1556.743408203125,1963.6285400390625,-0.18557143211364746,1069.057142857143,4,476,1,0,1,31,23,44
0,122.0,0.4310148358345032,267.0,4.0,293.0,3042.0,216.2857142857141,11446.5,28.649999618530273,3.683333396911621,17541.69921875,24.399999618530273,3.799999952316284,4.050000190734863,58.733333587646484,17533.333984375,3495.1428571428573,0.7069761753082275,26.889524459838867,167.42857142857142,1533.545166015625,1978.6856689453125,-0.16935713589191437,1059.4571428571428,1,476,1,0,1,31,10,55
0,180.12442633535093,0.48346635699272156,267.0,4.0,293.0,2022.0,192.71428571428555,13521.1669921875,23.75,5.4666666984558105,16382.783203125,22.149999618530273,3.299999952316284,3.9666666984558105,70.23332977294922,17503.833984375,3479.9142857142856,0.7113333344459534,26.930238723754883,179.17142857142858,1558.3377685546875,1962.857177734375,-0.16469047963619232,1064.6571428571428,0,476,1,0,1,31,3,83
0,119.0,0.49714937806129456,267.0,4.0,293.0,1512.0,183.32653061224477,16006.3330078125,26.899999618530273,6.300000190734863,19104.25,23.433332443237305,3.4000000953674316,4.199999809265137,54.38333511352539,19318.0,3426.3714285714286,0.680738091468811,26.786190032958984,192.77142857142857,1574.8126220703125,1918.914306640625,-0.16571427881717682,1052.8285714285714,0,476,1,0,1,41,14,48
0,142.0,0.5541619062423706,267.0,4.0,293.0,2114.0,186.28571428571416,14793.5,28.450000762939453,6.766666889190674,17696.19921875,22.016666412353516,3.5999999046325684,4.400000095367432,53.016666412353516,23349.0,3322.8571428571427,0.6851190328598022,26.85869026184082,205.42857142857142,1598.47705078125,1865.3428955078125,-0.2276904582977295,1054.857142857143,0,476,1,0,1,31,12,73
0,117.0,0.32725200057029724,267.0,4.0,293.0,5065.0,173.93877551020404,15349.3330078125,27.566667556762695,8.050000190734863,16870.767578125,23.116666793823242,3.5999999046325684,4.5,48.08333206176758,44012.33203125,3336.0,0.6979047656059265,26.99226188659668,213.71428571428572,1614.4500732421875,1851.228515625,-0.2525952458381653,1061.2571428571428,0,476,1,0,1,21,12,49
0,154.0,0.2713797092437744,267.0,4.0,283.0,11369.0,182.0408163265305,17160.166015625,38.11666488647461,7.116666793823242,18455.599609375,23.799999237060547,3.9000000953674316,4.650000095367432,43.58333206176758,27100.333984375,3431.714285714286,0.6408809423446655,26.61571502685547,174.4857142857143,1534.9930419921875,1918.3714599609375,-0.3983571529388428,1036.057142857143,0,476,1,0,0,21,4,76
0,148.0,0.32839223742485046,267.0,4.0,283.0,13537.0,188.142857142857,16690.833984375,30.649999618530273,4.5333333015441895,18435.1328125,24.899999618530273,3.200000047683716,4.25,63.61666488647461,27880.333984375,3464.657142857143,0.6109285950660706,26.175832748413086,166.14285714285714,1529.5333251953125,1933.6571044921875,-0.42166668176651,1028.5428571428572,1,507,1,0,0,31,14,60
0,70.0,0.023945268243551254,267.0,4.0,283.0,14947.0,196.26530612244883,16166.5,60.88333511352539,11.233333587646484,19155.849609375,22.78333282470703,4.400000095367432,4.699999809265137,18.983333587646484,30592.0,3417.057142857143,0.6103095412254333,26.17440414428711,167.11428571428573,1538.658447265625,1960.857177734375,-0.5367857217788696,1032.0,1,507,1,0,0,21,25,28
0,56.0,0.2497149407863617,267.0,4.0,283.0,22243.0,204.4489795918366,14068.6669921875,56.5,6.699999809265137,18086.56640625,24.53333282470703,3.799999952316284,4.699999809265137,25.616666793823242,24390.666015625,3438.342857142857,0.6189761757850647,26.3747615814209,173.34285714285716,1533.568603515625,1977.800048828125,-0.5729762315750122,1028.7428571428572,0,507,1,0,0,21,23,22
0,118.0,0.47662484645843506,267.0,4.0,283.0,24145.0,212.8367346938774,13149.8330078125,46.53333282470703,8.533333778381348,17116.18359375,23.616666793823242,3.700000047683716,4.699999809265137,39.46666717529297,21468.833984375,3395.1428571428573,0.6180238127708435,26.33761978149414,175.14285714285714,1532.3431396484375,1955.5142822265625,-0.5822142958641052,1024.8857142857144,0,507,1,0,0,21,25,47
0,57.0,0.01824401319026947,267.0,4.0,283.0,11613.0,221.18367346938754,12190.888671875,49.07777786254883,7.238888740539551,17590.138671875,23.844444274902344,3.700000047683716,4.5,36.82222366333008,22006.27734375,3397.8571428571427,0.6149523854255676,26.332500457763672,177.4857142857143,1529.0926513671875,1936.4285888671875,-0.5988809466362,1020.6285714285714,0,507,1,0,0,34,21,24
0,156.0,0.557582676410675,267.0,4.0,283.0,1828.0,231.55102040816303,16381.3330078125,54.233333587646484,9.199999809265137,19933.533203125,25.850000381469727,3.9000000953674316,4.650000095367432,26.75,26024.666015625,3449.714285714286,0.5999047756195068,26.113094329833984,174.14285714285714,1528.9818115234375,1941.971435546875,-0.6473333239555359,1017.2571428571429,0,507,1,0,0,21,30,63
1,249.0,0.0011402508243918419,267.0,4.0,283.0,3254.0,227.1632653061223,22338.833984375,31.100000381469727,7.883333206176758,19721.55078125,23.100000381469727,4.5,4.400000095367432,43.58333206176758,30490.833984375,3521.057142857143,0.6164761781692505,26.41238021850586,177.9142857142857,1540.1943359375,1923.7427978515625,-0.7210714221000671,1027.3428571428572,1,507,1,0,0,31,25,111
0,201.0,0.17445838451385498,267.0,4.0,283.0,4565.0,232.06122448979576,12000.0,63.79999923706055,9.350000381469727,19453.3828125,24.08333396911621,3.5,4.349999904632568,16.233333587646484,22255.166015625,3591.2285714285713,0.5758333206176758,25.85630989074707,184.4,1548.759033203125,1848.7142333984375,-0.755142867565155,1008.5428571428571,0,507,1,0,0,41,5,90
1,157.0,0.25997719168663025,267.0,4.0,283.0,3677.0,250.36734693877528,14743.0,34.31666564941406,5.383333206176758,19198.966796875,24.03333282470703,3.9000000953674316,4.366666793823242,40.08333206176758,24566.166015625,3608.8571428571427,0.6179285645484924,26.40785789489746,189.2,1541.9151611328125,1799.7142333984375,-0.7704761624336243,1016.7714285714286,1,507,1,0,0,31,15,82
1,113.0,0.19954389333724976,267.0,4.0,283.0,3175.0,257.34693877550995,12932.72265625,31.994443893432617,6.650000095367432,17395.982421875,24.005556106567383,3.799999952316284,4.366666793823242,45.344444274902344,23453.611328125,3691.4,0.6213095188140869,26.372142791748047,186.82857142857142,1539.802978515625,1784.6285400390625,-0.895880937576294,1018.1714285714286,1,507,1,0,0,31,16,44
0,160.0,0.40250855684280396,267.0,4.0,283.0,1641.0,264.59183673469363,13868.3330078125,37.33333206176758,5.550000190734863,18253.55078125,26.516666412353516,3.299999952316284,4.316666603088379,35.54999923706055,23707.166015625,3693.5714285714284,0.6141904592514038,26.122499465942383,202.42857142857142,1553.2100830078125,1720.1142578125,-0.9424047470092773,1006.6857142857143,1,507,1,0,0,31,34,77
0,226.0,0.7103762626647949,267.0,4.0,283.0,1134.0,260.53061224489784,14076.0,59.400001525878906,10.283333778381348,22479.80078125,27.350000381469727,3.9000000953674316,4.400000095367432,17.83333396911621,25687.833984375,3756.4857142857145,0.6008333563804626,25.875356674194336,197.28571428571428,1549.166748046875,1746.4000244140625,-0.9412381052970886,1001.5142857142857,1,507,1,0,0,34,10,121
0,327.5093404993787,0.932725191116333,267.0,4.0,283.0,1059.0,297.7551020408161,11966.6669921875,37.11666488647461,11.466666221618652,18090.8828125,27.66666603088379,3.5999999046325684,4.5,36.31666564941406,22410.833984375,3557.057142857143,0.6275952458381653,26.136070251464844,212.85714285714286,1546.89208984375,1677.5142822265625,-1.079285740852356,996.5142857142857,1,507,1,0,0,31,18,176
0,354.0,0.9669327139854431,267.0,4.0,283.0,1045.0,305.2653061224487,17866.0,39.68333435058594,11.816666603088379,18792.94921875,28.450000762939453,3.5,4.566666603088379,35.58333206176758,24203.5,3556.0857142857144,0.6328809857368469,26.162975311279297,214.34285714285716,1553.006103515625,1677.971435546875,-1.0738571882247925,1001.6571428571428,0,507,1,0,0,41,35,191
0,215.0,0.4789053499698639,267.0,4.0,283.0,1358.0,294.75510204081615,12942.5556640625,36.39444351196289,6.0722222328186035,18525.484375,26.961111068725586,3.8999998569488525,4.55555534362793,39.69444274902344,25847.111328125,3229.8571428571427,0.6531904935836792,26.435237884521484,215.4857142857143,1548.58154296875,1734.3428955078125,-1.0009047985076904,1011.2285714285714,1,507,1,0,0,21,11,84
1,102.0,0.0,267.0,4.0,283.0,2646.0,288.77551020408146,13235.888671875,30.30555534362793,13.388888359069824,16870.990234375,27.116666793823242,4.0333333015441895,4.650000095367432,38.761112213134766,40928.0,3206.342857142857,0.6589523553848267,26.520713806152344,216.02857142857144,1546.2099609375,1747.914306640625,-0.9495238065719604,1012.2,0,507,1,0,1,41,12,46
0,88.0,0.25427594780921936,267.0,4.0,283.0,1255.0,284.18367346938754,12064.611328125,31.52777862548828,5.844444751739502,18624.060546875,26.122222900390625,3.5999999046325684,4.599999904632568,38.266666412353516,25124.22265625,3168.057142857143,0.6241190433502197,26.179405212402344,211.6,1550.884765625,1780.028564453125,-0.903333306312561,1006.5428571428571,4,507,1,0,1,31,2,34
0,272.0,0.0,267.0,4.0,283.0,1638.0,281.7346938775508,14462.5,42.122222900390625,8.672222137451172,18514.189453125,24.266666412353516,4.066666603088379,4.766666889190674,31.55000114440918,23363.9453125,3098.6285714285714,0.6179999709129333,26.19416618347168,208.77142857142857,1546.7562255859375,1820.800048828125,-0.8830714225769043,1006.1714285714286,2,507,1,0,1,21,5,131
0,112.0,0.0,267.0,4.0,283.0,1787.0,280.42857142868263,15577.0556640625,42.18333435058594,7.47777795791626,19546.55078125,24.905555725097656,3.9000000953674316,4.888888835906982,33.60555648803711,25345.0,3080.457142857143,0.6139761805534363,26.110000610351562,207.57142857142858,1543.7264404296875,1822.5428466796875,-0.8481904864311218,1002.9714285714285,2,507,1,0,1,34,4,46
0,144.0,0.46978336572647095,267.0,4.0,283.0,1075.0,278.9591836734691,12624.1669921875,40.766666412353516,5.833333492279053,17875.482421875,24.850000381469727,4.0,4.800000190734863,31.41666603088379,23546.5,3035.1428571428573,0.6270952224731445,26.251310348510742,204.5142857142857,1545.64111328125,1870.7427978515625,-0.7476666569709778,1014.0,2,507,1,0,1,21,3,57
0,318.0,0.09692132472991943,267.0,4.0,283.0,1500.0,272.9387755102039,13678.0,36.95000076293945,6.233333110809326,17673.19921875,24.96666717529297,4.0,4.349999904632568,37.349998474121094,23604.0,3007.8285714285716,0.6305000185966492,26.27750015258789,199.94285714285715,1550.887451171875,1952.6571044921875,-0.5919761657714844,1024.5428571428572,0,507,1,0,1,31,13,122
0,90.0,0.4378563165664673,267.0,4.0,283.0,1669.0,267.85714285714266,12904.6669921875,35.83333206176758,10.816666603088379,16830.3828125,23.233333587646484,3.9000000953674316,4.383333206176758,39.20000076293945,24258.666015625,2972.1714285714284,0.6402142643928528,26.269880294799805,201.6,1553.4652099609375,1968.800048828125,-0.4954761862754822,1026.6,1,507,1,0,1,31,8,34
0,322.0,0.5997719764709473,267.0,4.0,283.0,1542.0,264.4897959183671,12232.6669921875,30.399999618530273,10.033333778381348,17963.43359375,25.983333587646484,4.199999809265137,4.683333396911621,49.400001525878906,27245.166015625,3018.4857142857145,0.648023784160614,26.46071434020996,199.34285714285716,1558.0220947265625,2018.4285888671875,-0.44850000739097595,1036.942857142857,1,507,1,0,1,21,17,126
0,148.0,0.0,267.0,4.0,283.0,1848.0,260.9591836734691,11375.0,24.850000381469727,5.866666793823242,17445.0,23.899999618530273,3.700000047683716,4.449999809265137,54.56666564941406,24635.0,3013.8571428571427,0.6545237898826599,26.465713500976562,198.28571428571428,1557.2025146484375,2040.17138671875,-0.4107142984867096,1039.0,1,507,1,1,0,41,11,55
0,282.0,0.44127708673477173,267.0,4.0,283.0,1095.0,265.5306122448978,10746.3330078125,34.66666793823242,7.2833333015441895,18735.69921875,26.41666603088379,4.199999809265137,4.349999904632568,48.483333587646484,24454.166015625,2987.942857142857,0.6697618961334229,26.55154800415039,209.25714285714287,1567.9605712890625,2010.971435546875,-0.41107141971588135,1039.942857142857,1,507,1,0,0,31,15,107
0,,0.0,296.0,1.0,283.0,2413.0,265.4693877551018,18917.333984375,30.21666717529297,8.033333778381348,18409.06640625,22.683332443237305,4.599999904632568,4.699999809265137,44.33333206176758,30683.333984375,3032.285714285714,0.6818333268165588,26.72809600830078,198.8,1561.5247802734375,2118.428466796875,-0.3558095097541809,1052.7142857142858,2,518,1,0,0,41,5,
1,328.0,0.1892816424369812,296.0,1.0,260.0,5497.0,271.22448979591815,14954.0,28.766666412353516,7.566666603088379,20765.55078125,23.516666412353516,4.900000095367432,4.599999904632568,47.733333587646484,34379.5,3071.942857142857,0.6689761877059937,26.561071395874023,189.77142857142857,1566.89208984375,2162.857177734375,-0.32664284110069275,1059.0285714285715,2,518,1,0,0,31,21,127
0,186.0,0.2576966881752014,296.0,1.0,260.0,2257.0,279.08163265306104,10482.6669921875,29.516666412353516,10.033333778381348,16022.43359375,21.71666717529297,4.400000095367432,4.599999904632568,51.68333435058594,21372.166015625,3072.0,0.6684762239456177,26.518571853637695,190.74285714285713,1565.4195556640625,2170.685791015625,-0.32140475511550903,1056.5714285714287,1,518,1,0,0,31,7,72
0,343.0,0.960091233253479,296.0,1.0,260.0,1059.0,288.1632653061223,11520.0,30.600000381469727,7.366666793823242,17769.533203125,23.25,4.300000190734863,4.400000095367432,48.93333435058594,19349.166015625,3086.8285714285716,0.6450714468955994,26.375595092773438,189.42857142857142,1564.4132080078125,2186.71435546875,-0.2985714375972748,1049.4285714285713,0,518,1,0,0,31,7,173
0,104.0,0.30102622509002686,296.0,1.0,260.0,1550.0,300.99999999999983,11531.8330078125,32.54999923706055,6.733333110809326,20877.017578125,23.516666412353516,5.0,4.483333110809326,45.31666564941406,36207.66796875,3099.6857142857143,0.6535238027572632,26.43404769897461,176.82857142857142,1564.9141845703125,2378.45703125,-0.1109762042760849,1068.2857142857142,1,518,1,0,0,42,8,47
0,92.0,0.38882553577423096,296.0,1.0,260.0,1499.0,292.91836734693857,11545.1669921875,31.100000381469727,7.150000095367432,18701.666015625,23.399999618530273,5.599999904632568,4.483333110809326,48.25,23968.666015625,2961.3714285714286,0.6556190252304077,26.46309471130371,162.6,1569.5682373046875,2571.028564453125,0.07342858612537384,1090.4571428571428,0,518,1,0,0,31,2,46
1,147.0,0.7206385135650635,296.0,1.0,260.0,1124.0,296.7142857142855,10605.3330078125,30.16666603088379,6.75,18128.533203125,24.016666412353516,5.400000095367432,4.400000095367432,47.38333511352539,25562.0,2945.8285714285716,0.6506428718566895,26.38595199584961,162.34285714285716,1568.77197265625,2591.3427734375,0.15864285826683044,1088.942857142857,1,518,1,0,0,41,21,73
0,109.0,0.7274800539016724,296.0,1.0,260.0,2364.0,289.8571428571426,11111.6669921875,30.600000381469727,4.9666666984558105,29810.767578125,23.933332443237305,5.400000095367432,4.449999809265137,47.81666564941406,21618.833984375,2897.942857142857,0.6531904935836792,26.408571243286133,162.4857142857143,1576.00244140625,2604.971435546875,0.1691666543483734,1094.4571428571428,1,518,1,0,0,31,9,41
0,210.0,0.6180159449577332,296.0,1.0,260.0,1260.0,290.2925170068106,12672.6669921875,32.10000228881836,6.766666412353516,18946.783203125,23.516666412353516,5.300000190734863,4.455555438995361,43.43888854980469,23579.666015625,2862.0857142857144,0.6570476293563843,26.464523315429688,164.28571428571428,1581.4085693359375,2615.0,0.19980952143669128,1098.057142857143,2,518,1,0,0,41,14,78
1,349.0,0.2633979618549347,296.0,1.0,260.0,1670.0,286.6734693877549,11129.8330078125,32.900001525878906,9.466666221618652,17541.19921875,23.233333587646484,5.199999809265137,4.483333110809326,46.0,51784.83203125,2824.114285714286,0.6606428623199463,26.501190185546875,161.0857142857143,1575.8828125,2660.257080078125,0.26490476727485657,1100.2571428571428,3,518,1,0,0,41,11,158
0,296.0,0.4720638394355774,296.0,1.0,260.0,1317.0,288.85714285714266,11845.3330078125,31.933332443237305,5.550000190734863,18948.43359375,23.049999237060547,5.400000095367432,4.5,47.70000076293945,23107.333984375,2805.657142857143,0.6608095169067383,26.464284896850586,162.02857142857144,1579.886962890625,2670.028564453125,0.2967619001865387,1100.9714285714285,0,518,1,0,0,42,13,120
0,225.0,0.5655644536018372,296.0,1.0,260.0,1111.0,284.71428571428544,11949.0,31.899999618530273,8.133333206176758,25603.8671875,26.41666603088379,5.199999809265137,4.550000190734863,47.43333435058594,20777.5,2737.1428571428573,0.6604523658752441,26.43535804748535,165.94285714285715,1580.248291015625,2681.800048828125,0.37933334708213806,1096.9714285714285,0,518,1,0,0,31,21,92
0,220.0,0.6693272590637207,296.0,1.0,260.0,1213.0,279.7142857142855,11274.3330078125,31.983333587646484,7.183333396911621,18415.400390625,23.700000762939453,5.199999809265137,4.400000095367432,45.11666488647461,19714.0,2645.8,0.6620000004768372,26.446666717529297,172.14285714285714,1589.16259765625,2675.971435546875,0.4861428737640381,1097.6285714285714,0,518,1,0,0,42,11,108
1,365.0,0.8164196014404297,296.0,1.0,260.0,1531.0,264.9183673469386,11193.3330078125,31.683332443237305,7.099999904632568,18977.166015625,23.616666793823242,5.300000190734863,4.5,45.41666793823242,20638.0,2560.2,0.6644523739814758,26.475357055664062,167.88571428571427,1589.6448974609375,2691.514404296875,0.5153571367263794,1104.1142857142856,0,518,1,0,0,41,29,180
0,196.0,0.8597491383552551,296.0,1.0,260.0,1070.0,258.38775510204067,11046.6669921875,32.58333206176758,7.2166666984558105,21768.232421875,23.96666717529297,5.199999809265137,4.400000095367432,46.83333206176758,18739.0,2490.6285714285714,0.6675476431846619,26.5,167.11428571428573,1588.6240234375,2691.028564453125,0.5708333253860474,1106.3142857142857,0,518,1,0,0,42,21,97
1,274.0,0.41505131125450134,296.0,1.0,260.0,1753.0,257.65306122448965,10699.5,31.28333282470703,10.0,24185.833984375,23.633333206176758,5.5,4.4666666984558105,48.29999923706055,20490.833984375,2453.885714285714,0.6818809509277344,26.612262725830078,178.65714285714284,1591.5230712890625,2664.028564453125,0.6492857336997986,1102.3142857142857,0,518,1,0,0,31,17,135
1,231.0,0.4116305708885193,296.0,1.0,260.0,2361.0,250.14285714285694,12546.888671875,31.766666412353516,9.333333015441895,22377.490234375,24.30555534362793,4.766666412353516,4.588888645172119,46.488887786865234,23448.27734375,2319.285714285714,0.6868333220481873,26.639999389648438,181.42857142857142,1597.7503662109375,2658.257080078125,0.7076904773712158,1105.7142857142858,0,518,1,0,0,41,28,113
1,190.0,0.7673888206481934,296.0,1.0,260.0,4823.0,241.0204081632651,10900.5,32.36666488647461,9.850000381469727,22255.466796875,23.91666603088379,4.900000095367432,4.449999809265137,47.400001525878906,23385.166015625,2310.1428571428573,0.6925238370895386,26.6632137298584,185.8,1602.03759765625,2649.685791015625,0.7494285702705383,1105.6571428571428,2,518,1,0,0,42,20,93
0,161.0,0.4857468605041504,296.0,1.0,260.0,8462.0,231.16326530612227,12129.8330078125,33.849998474121094,7.833333492279053,19260.6328125,22.983333587646484,4.900000095367432,4.583333492279053,46.08333206176758,21188.0,2241.3714285714286,0.6970000267028809,26.675119400024414,184.74285714285713,1601.2281494140625,2661.199951171875,0.8034999966621399,1108.6,1,518,1,0,0,42,10,60
1,140.0,0.1824401319026947,296.0,1.0,260.0,14380.0,222.99999999999977,13691.6669921875,29.316667556762695,8.216666221618652,19655.0,23.83333396911621,4.800000190734863,4.7833333015441895,48.93333435058594,24303.333984375,2196.6857142857143,0.7128333449363708,26.757143020629883,180.71428571428572,1595.393798828125,2673.60009765625,0.8118095397949219,1115.2571428571428,0,518,1,0,0,21,21,63
1,,0.0,296.0,1.0,238.0,19500.0,217.44897959183643,18197.333984375,34.61666488647461,11.149999618530273,24506.19921875,25.133333206176758,5.400000095367432,4.800000190734863,33.099998474121094,62834.33203125,2089.885714285714,0.7179285883903503,26.835594177246094,218.11428571428573,1690.292724609375,2586.514404296875,0.8762381076812744,1134.6,0,508,1,0,0,21,21,
1,109.0,0.10376282781362534,296.0,1.0,238.0,9016.0,211.65306122448953,12035.9443359375,29.77777671813965,8.361111640930176,19650.994140625,23.422222137451172,5.066666603088379,4.577777862548828,50.766666412353516,21356.72265625,2142.8285714285716,0.718999981880188,26.785476684570312,191.05714285714285,1606.286865234375,2646.428466796875,0.8775714039802551,1113.5142857142857,0,508,1,0,0,41,26,41
1,138.0,0.20524515211582184,296.0,1.0,238.0,12058.0,208.22448979591806,11050.0,28.100000381469727,8.683333396911621,18176.6171875,23.383333206176758,5.300000190734863,4.75,47.53333282470703,20247.5,2098.1428571428573,0.7375237941741943,26.872737884521484,185.94285714285715,1606.5064697265625,2665.0,0.8805000185966492,1125.0857142857142,0,508,1,0,0,21,25,52
1,,0.11288483440876007,296.0,1.0,238.0,13364.0,204.24489795918342,15441.6669921875,32.07222366333008,8.827777862548828,18770.599609375,23.094444274902344,5.133333206176758,4.683333396911621,42.54999923706055,23773.72265625,2054.2285714285713,0.7301428318023682,26.829999923706055,199.4857142857143,1618.6441650390625,2627.771484375,0.9142857193946838,1115.6571428571428,1,508,1,0,0,21,24,
0,168.0,0.5553021430969238,296.0,1.0,238.0,5363.0,201.7346938775507,13759.0,36.349998474121094,11.083333015441895,25913.06640625,24.383333206176758,4.800000190734863,4.683333396911621,46.54999923706055,21772.0,1981.2285714285715,0.7230238318443298,26.768810272216797,207.88571428571427,1640.4940185546875,2609.6572265625,0.9682856798171997,1116.9714285714285,1,508,1,0,0,31,21,76
1,88.0,0.017103763297200203,296.0,1.0,238.0,2479.0,205.4285714285712,12888.3330078125,33.61666488647461,8.583333015441895,19922.716796875,22.25,5.099999904632568,4.666666507720947,46.21666717529297,19043.0,2015.2857142857142,0.7213809490203857,26.727142333984375,201.94285714285715,1637.2073974609375,2598.228515625,0.955047607421875,1119.4,0,508,1,0,0,42,10,39
1,203.0,0.03306727483868599,296.0,1.0,238.0,10334.0,208.51020408163242,16000.3330078125,30.03333282470703,9.083333015441895,22887.150390625,24.58333396911621,5.0,4.7833333015441895,48.06666564941406,23899.166015625,1993.4,0.7262142896652222,26.738332748413086,204.05714285714285,1633.5848388671875,2590.742919921875,0.9507856965065002,1116.6857142857143,0,508,1,0,0,42,10,95
0,178.0,0.5108323693275452,296.0,1.0,238.0,7810.0,210.85714285714266,9859.0,29.86111068725586,7.011111259460449,17190.677734375,23.616666793823242,4.933333396911621,4.705555438995361,47.5444450378418,20701.556640625,2013.9714285714285,0.7414047718048096,26.78952407836914,202.4857142857143,1620.6552734375,2581.800048828125,0.947857141494751,1115.9142857142858,1,508,1,0,0,31,7,80
1,68.0,0.10604333132505417,296.0,1.0,238.0,2820.0,215.81632653061203,12803.5,33.86666488647461,8.483333587646484,19306.68359375,24.299999237060547,4.800000190734863,4.699999809265137,44.56666564941406,22387.666015625,1913.4571428571428,0.7299047708511353,26.727737426757812,210.2,1649.217529296875,2564.82861328125,0.9607381224632263,1119.1142857142856,3,508,1,0,0,31,2,25
0,225.0,0.27936145663261414,296.0,1.0,238.0,1732.0,218.95918367346923,10889.111328125,33.04999923706055,7.622222423553467,17226.443359375,24.066665649414062,5.066666603088379,4.650000095367432,44.45000076293945,23442.666015625,1893.942857142857,0.7290475964546204,26.64607048034668,213.82857142857142,1657.1160888671875,2525.857177734375,0.9605000019073486,1117.857142857143,1,508,1,0,0,31,20,98
1,186.0,0.07981756329536438,296.0,1.0,238.0,1897.0,221.18367346938757,11473.8330078125,32.849998474121094,7.566666603088379,19563.900390625,24.41666603088379,5.0,4.400000095367432,45.11666488647461,21712.666015625,1978.6571428571428,0.7421428561210632,26.72488021850586,215.2,1646.259521484375,2512.085693359375,0.9510952234268188,1115.2285714285715,0,508,1,0,0,42,29,75
1,231.0,0.0,296.0,1.0,238.0,2220.0,224.36734693877537,13727.0,30.149999618530273,7.833333492279053,18807.6328125,23.266666412353516,5.199999809265137,4.583333492279053,48.36666488647461,20530.166015625,1883.9714285714285,0.7309761643409729,26.66797637939453,213.37142857142857,1651.168212890625,2505.028564453125,0.9411190152168274,1114.8,1,508,1,0,0,41,10,103
0,201.0,0.3226909935474396,296.0,1.0,238.0,3237.0,221.16326530612227,10257.0,31.600000381469727,5.883333206176758,16588.267578125,23.233333587646484,4.699999809265137,4.5,45.68333435058594,18207.666015625,1905.142857142857,0.7350714206695557,26.619762420654297,221.4,1660.6571044921875,2460.485595703125,0.9586666822433472,1111.5428571428572,2,508,1,0,0,21,2,84
0,91.31287102257824,0.1425313502550125,296.0,1.0,238.0,8686.0,217.44897959183655,9367.8330078125,31.100000381469727,5.866666793823242,17426.033203125,22.316667556762695,5.099999904632568,4.7833333015441895,45.03333282470703,16645.666015625,1945.2285714285715,0.7479047775268555,26.676427841186523,217.17142857142858,1645.5980224609375,2439.771484375,0.9259761571884155,1109.9142857142858,0,508,1,0,0,31,9,39
0,143.0,0.19042189419269562,296.0,1.0,238.0,11203.0,214.44897959183655,11158.0,30.116666793823242,10.0,18334.75,23.149999618530273,4.900000095367432,4.883333206176758,41.70000076293945,18431.166015625,1949.1142857142856,0.7503809332847595,26.676786422729492,227.42857142857142,1658.0794677734375,2413.45703125,0.9171666502952576,1106.9142857142858,1,508,1,0,0,21,10,57
0,228.2716642601401,0.19384264945983887,296.0,1.0,238.0,9087.0,214.44897959183655,9713.6669921875,32.96666717529297,7.050000190734863,16608.166015625,23.08333396911621,4.699999809265137,4.849999904632568,39.04999923706055,18803.0,2009.7714285714285,0.7470714449882507,26.63833236694336,220.11428571428573,1652.376953125,2389.685791015625,0.8899762034416199,1107.8857142857144,0,508,1,0,0,21,22,86
0,116.0,0.39566704630851746,296.0,1.0,238.0,1219.0,207.2653061224488,7284.0,33.983333587646484,7.199999809265137,14168.3330078125,21.83333396911621,5.0,4.699999809265137,43.266666412353516,18571.0,2028.5428571428572,0.7404047846794128,26.539880752563477,225.34285714285716,1664.9798583984375,2351.8857421875,0.904452383518219,1104.6285714285714,1,508,1,0,0,24,7,44
0,137.0,0.23489168286323547,296.0,1.0,238.0,6524.0,205.77551020408148,7442.16650390625,34.29999923706055,7.383333206176758,14018.1162109375,22.566667556762695,4.800000190734863,4.75,38.43333435058594,17824.333984375,2102.9142857142856,0.7570714354515076,26.654523849487305,233.28571428571428,1664.5067138671875,2312.17138671875,0.8920000195503235,1102.8285714285714,3,508,1,0,0,21,1,60
0,87.0,0.23147092759609222,296.0,1.0,238.0,5228.0,202.59183673469374,8768.5,32.38333511352539,7.633333206176758,14987.5498046875,23.016666412353516,4.5,4.7833333015441895,48.75,17955.333984375,2246.0285714285715,0.7534999847412109,26.59238052368164,225.8,1659.819580078125,2278.3427734375,0.879809558391571,1102.4857142857143,1,508,1,0,0,31,7,36
0,127.0,0.1277080923318863,296.0,1.0,238.0,8367.0,199.4489795918366,8053.5,31.149999618530273,11.083333015441895,17126.55078125,22.649999618530273,5.099999904632568,4.949999809265137,46.71666717529297,24235.5,2266.8571428571427,0.7603333592414856,26.64607048034668,227.25714285714287,1666.8636474609375,2259.60009765625,0.9031190276145935,1107.1714285714286,1,508,1,0,0,31,11,55
0,124.0,0.006841504946351051,296.0,1.0,238.0,6885.0,196.83673469387742,9431.22265625,37.20000076293945,4.5333333015441895,18624.578125,22.705554962158203,5.433333396911621,4.866666793823242,43.0,21323.5546875,2301.714285714286,0.7670952677726746,26.687381744384766,226.2,1657.2510986328125,2254.82861328125,0.8988809585571289,1104.6857142857143,0,508,1,0,0,31,5,55
0,195.0,0.33295324444770813,296.0,1.0,238.0,1498.0,193.42857142857125,7434.0,40.266666412353516,10.283333778381348,18724.55078125,24.03333282470703,5.099999904632568,4.7833333015441895,40.28333282470703,19222.5,2413.457142857143,0.7624762058258057,26.544048309326172,226.42857142857142,1661.82080078125,2231.800048828125,0.8840714693069458,1102.5714285714287,0,508,1,0,0,21,25,80
0,181.0,0.05017103627324104,296.0,1.0,238.0,8649.0,187.89795918367332,8671.0,42.63333511352539,9.300000190734863,14323.25,21.600000381469727,4.800000190734863,4.883333206176758,37.29999923706055,19355.166015625,2472.6,0.7683571577072144,26.61214256286621,210.65714285714284,1645.107421875,2238.228515625,0.901285707950592,1107.6571428571428,0,508,1,0,0,21,24,70
0,154.0,0.052451539784669876,296.0,1.0,238.0,6663.0,187.1632653061223,9511.3330078125,34.86666488647461,7.733333110809326,14725.599609375,22.21666717529297,4.400000095367432,4.949999809265137,43.20000076293945,20439.333984375,2549.4,0.770880937576294,26.63678550720215,212.11428571428573,1648.72265625,2221.028564453125,0.8724285364151001,1108.8857142857144,0,508,1,0,0,21,19,68
0,118.0,0.21436716616153717,296.0,1.0,238.0,4662.0,185.2857142857142,10106.3330078125,42.983333587646484,6.183333396911621,16432.43359375,24.28333282470703,4.599999904632568,4.900000095367432,33.68333435058594,20785.0,2725.1714285714284,0.774238109588623,26.565475463867188,213.2,1652.64306640625,2187.05712890625,0.7772380709648132,1108.7714285714285,0,508,1,0,0,31,9,48
0,182.0,0.1482326090335846,296.0,1.0,238.0,4508.0,184.48979591836715,8613.6669921875,41.81666564941406,6.266666889190674,16334.93359375,24.016666412353516,4.300000190734863,4.949999809265137,39.46666717529297,19991.166015625,2898.4857142857145,0.7552381157875061,26.34345245361328,204.6,1655.6610107421875,2193.628662109375,0.7996904850006104,1110.0285714285715,4,508,1,0,0,31,3,70
0,129.0,0.46180158853530884,296.0,1.0,238.0,8825.0,182.59183673469371,7780.33349609375,38.79999923706055,13.649999618530273,15733.650390625,22.5,4.199999809265137,5.083333492279053,36.45000076293945,18134.166015625,2957.8,0.7489523887634277,26.328571319580078,202.82857142857142,1662.720458984375,2188.685791015625,0.8390952348709106,1112.5142857142857,1,508,1,0,0,21,7,54
0,38.0,0.49714937806129456,296.0,1.0,238.0,1226.0,188.8571428571427,10366.3330078125,41.08333206176758,7.083333492279053,16886.3671875,21.766666412353516,4.400000095367432,4.916666507720947,35.95000076293945,19610.666015625,3389.8,0.7370714545249939,26.169404983520508,201.94285714285715,1699.3892822265625,2145.17138671875,0.7481666207313538,1123.6,0,508,1,0,0,31,5,14
0,90.0,0.2360319197177887,296.0,1.0,238.0,3360.0,193.20408163265287,9713.3330078125,42.349998474121094,12.649999618530273,18729.75,22.483333587646484,4.400000095367432,5.099999904632568,35.11666488647461,18842.0,3604.3714285714286,0.7436428666114807,26.25,194.57142857142858,1681.9931640625,2144.0,0.6792618632316589,1123.1142857142856,0,508,1,0,0,41,8,35
0,89.0,0.2234891653060913,296.0,1.0,238.0,2261.0,199.38775510204061,8437.5,40.20000076293945,10.233333587646484,18980.55078125,23.28333282470703,4.400000095367432,4.900000095367432,34.983333587646484,18523.666015625,3825.4285714285716,0.7361904978752136,26.135238647460938,183.42857142857142,1680.5755615234375,2164.428466796875,0.6332142949104309,1127.4857142857143,4,508,1,0,0,21,1,37
0,241.0,0.5815279483795166,296.0,1.0,238.0,2341.0,204.7346938775508,10792.5,46.96666717529297,7.699999809265137,19736.533203125,25.08333396911621,4.199999809265137,4.75,35.33333206176758,22306.666015625,4007.5714285714284,0.7204047441482544,25.917261123657227,182.25714285714287,1682.5369873046875,2143.28564453125,0.4967857301235199,1120.2857142857142,2,508,1,0,0,21,1,112
0,170.0,0.4036487936973572,296.0,1.0,238.0,1210.0,210.36734693877528,9675.5,39.31666564941406,9.316666603088379,20190.232421875,22.53333282470703,4.199999809265137,4.650000095367432,36.91666793823242,17417.5,4137.428571428572,0.7440000176429749,26.26309585571289,176.85714285714286,1672.867431640625,2153.685791015625,0.3916190564632416,1128.6857142857143,1,508,1,0,0,31,18,67
0,232.0,0.597491443157196,296.0,1.0,238.0,1359.0,217.18367346938751,9498.5,38.983333587646484,11.783333778381348,19798.93359375,22.566667556762695,4.300000190734863,4.599999904632568,35.233333587646484,20371.5,4179.171428571429,0.7517619132995605,26.358572006225586,177.82857142857142,1678.8055419921875,2156.685791015625,0.3434285819530487,1133.2,1,508,1,1,0,31,3,93
0,226.0,0.9566704630851746,296.0,1.0,238.0,1061.0,221.6938775510201,9477.0,39.13333511352539,10.416666984558105,15753.466796875,22.350000381469727,4.199999809265137,4.599999904632568,36.483333587646484,18304.666015625,4288.828571428571,0.7602381110191345,26.43964195251465,184.8,1701.5634765625,2154.1142578125,0.2588333487510681,1141.4,0,508,1,1,0,34,26,93
0,300.0,0.31356897950172424,296.0,1.0,238.0,3119.0,225.8775510204079,8257.5,39.91666793823242,9.550000190734863,15452.2666015625,21.899999618530273,4.400000095367432,4.75,35.900001525878906,19499.5,4338.657142857143,0.7573333382606506,26.432024002075195,182.71428571428572,1704.749267578125,2175.857177734375,0.23640474677085876,1141.9714285714285,0,508,1,1,0,41,32,117
0,255.0,0.8985176682472229,296.0,1.0,238.0,1225.0,228.36734693877523,9493.0556640625,34.89999771118164,8.616666793823242,19194.755859375,22.038888931274414,4.066666603088379,4.599999904632568,36.35555648803711,17726.888671875,4439.857142857143,0.7584999799728394,26.443452835083008,175.62857142857143,1683.8424072265625,2215.514404296875,0.19259525835514069,1135.8285714285714,0,508,1,1,0,41,26,112
0,235.0,0.6545040011405945,296.0,1.0,238.0,1686.0,221.877551020408,9865.1669921875,35.0,11.233333587646484,18344.333984375,23.0,4.199999809265137,4.599999904632568,35.733333587646484,19182.666015625,4433.342857142857,0.7481666803359985,26.264524459838867,189.02857142857144,1722.716064453125,2228.314208984375,0.016999993473291397,1135.8,1,508,1,1,0,31,32,91
0,169.0,0.7514253258705139,267.0,4.0,238.0,1043.0,214.48979591836715,10052.3330078125,43.83333206176758,13.25,17780.80078125,22.399999618530273,4.300000190734863,4.599999904632568,31.53333282470703,21212.5,4474.8,0.7410714030265808,26.174047470092773,182.65714285714284,1711.5430908203125,2248.05712890625,-0.012500009499490261,1131.6571428571428,2,508,1,1,0,31,32,64
0,236.0,0.799315869808197,267.0,4.0,238.0,1872.0,191.61224489795902,9518.6669921875,44.31666564941406,13.066666603088379,18796.8828125,22.58333396911621,4.199999809265137,4.5,31.75,20777.833984375,4525.4857142857145,0.7497380971908569,26.285594940185547,176.65714285714284,1693.083740234375,2280.199951171875,-0.06707142293453217,1129.0,1,508,1,1,0,31,3,94
0,71.0,0.33979475498199463,267.0,4.0,238.0,3846.0,195.75510204081618,11124.5,33.20000076293945,5.150000095367432,18115.18359375,22.766666412353516,4.300000190734863,5.0,40.96666717529297,18121.5,4560.057142857143,0.7650476098060608,26.393571853637695,175.57142857142858,1670.263916015625,2256.60009765625,-0.2470952272415161,1120.4,2,508,1,1,0,31,3,29
0,126.0,0.0045610032975673676,267.0,4.0,238.0,8936.0,184.51020408163254,11659.8330078125,30.91666603088379,10.966666221618652,17507.232421875,23.75,4.199999809265137,4.949999809265137,40.46666717529297,22015.833984375,4630.4,0.7810476422309875,26.507976531982422,166.62857142857143,1654.302734375,2319.228515625,-0.2590000033378601,1121.5142857142857,4,508,1,0,0,31,18,52
0,99.0,0.0,267.0,4.0,238.0,17455.0,170.83673469387742,7107.0,29.600000381469727,15.916666984558105,15707.93359375,20.16666603088379,3.799999952316284,5.0,39.516666412353516,16196.3330078125,4725.0,0.8140714168548584,26.738927841186523,182.5142857142857,1669.0836181640625,2308.857177734375,-0.4784523844718933,1122.057142857143,7,508,1,0,0,24,8,41
0,81.0,0.019384264945983887,267.0,4.0,238.0,29956.0,151.28571428571416,9966.3330078125,32.06666564941406,14.016666412353516,15536.349609375,20.316667556762695,3.9000000953674316,5.016666889190674,38.266666412353516,17463.5,4803.971428571429,0.8232142925262451,26.80202293395996,178.65714285714284,1673.27294921875,2378.257080078125,-0.417761892080307,1129.0285714285715,3,508,1,0,0,21,11,34
0,92.0,0.02508551813662052,267.0,4.0,238.0,32767.0,143.18367346938766,12034.3330078125,31.649999618530273,14.616666793823242,15523.2333984375,21.78333282470703,4.300000190734863,5.116666793823242,39.43333435058594,29900.333984375,4905.828571428571,0.827571451663971,26.8221435546875,186.0,1678.859375,2407.742919921875,-0.5629761815071106,1122.6857142857143,3,508,1,0,0,24,12,36
0,,0.007981755770742893,267.0,4.0,238.0,32767.0,140.75510204081624,9998.6669921875,28.983333587646484,16.21666717529297,15575.5498046875,21.233333587646484,4.300000190734863,5.016666889190674,42.81666564941406,17460.166015625,4934.142857142857,0.8308809399604797,26.813451766967773,195.68571428571428,1701.9619140625,2325.71435546875,-0.6513333320617676,1128.5428571428572,4,508,1,0,0,34,11,
0,113.0,0.28050172328948975,267.0,4.0,238.0,32767.0,131.8367346938775,12067.2783203125,27.383333206176758,14.916666030883789,18435.09375,21.83888816833496,4.066666603088379,4.983333110809326,40.21666717529297,37340.83203125,5032.942857142857,0.8347856998443604,26.881786346435547,186.14285714285714,1672.117431640625,2439.914306640625,-0.7370713949203491,1118.8,0,508,1,0,0,21,31,52
0,102.0,0.43671607971191406,267.0,4.0,238.0,32767.0,124.32653061224487,10103.0,24.950000762939453,16.16666603088379,16729.150390625,22.350000381469727,4.099999904632568,5.0,46.18333435058594,25042.833984375,5076.028571428571,0.8444285988807678,26.91131019592285,201.45714285714286,1674.0552978515625,2355.028564453125,-0.8552857041358948,1103.6,3,508,1,0,1,21,8,42
0,122.0,0.45610034465789795,267.0,4.0,238.0,32767.0,120.61224489795912,12971.6669921875,29.866666793823242,14.949999809265137,16912.482421875,21.383333206176758,4.400000095367432,4.800000190734863,39.06666564941406,22834.333984375,5064.428571428572,0.845547616481781,26.8700008392334,215.25714285714287,1694.9000244140625,2263.94287109375,-0.880309522151947,1101.5714285714287,0,508,1,0,1,42,18,49
0,142.0,0.6088939309120178,267.0,4.0,238.0,31023.0,118.40816326530603,11634.1669921875,33.983333587646484,10.233333587646484,18677.166015625,26.21666717529297,4.0,4.800000190734863,39.38333511352539,26366.0,5104.285714285715,0.8460237979888916,26.821428298950195,226.0,1680.6962890625,2132.914306640625,-0.9213571548461914,1081.857142857143,0,508,1,0,1,21,23,55
0,52.0,0.5986316800117493,267.0,4.0,238.0,26686.0,115.71428571428562,10562.0,30.049999237060547,16.633333206176758,21055.68359375,21.850000381469727,3.9000000953674316,5.0,41.150001525878906,29290.833984375,5089.2,0.8607142567634583,26.939285278320312,235.22857142857143,1685.7716064453125,2069.800048828125,-0.937000036239624,1080.1714285714286,1,508,1,0,1,41,7,22
0,109.0,0.48232612013816833,267.0,4.0,238.0,14207.0,118.12244897959171,15520.0,30.683332443237305,13.633333206176758,18455.099609375,22.149999618530273,3.9000000953674316,5.0,39.31666564941406,22274.0,5104.828571428571,0.8570952415466309,26.896190643310547,257.3142857142857,1705.2540283203125,1933.199951171875,-0.9827619194984436,1067.2,1,508,1,0,1,31,10,48
0,99.0,0.2155074179172516,267.0,4.0,238.0,12540.0,120.18367346938763,14778.22265625,28.994443893432617,14.327777862548828,17990.6484375,21.177778244018555,3.9000000953674316,4.938889026641846,37.22222137451172,22940.888671875,5171.142857142857,0.859333336353302,26.923213958740234,254.37142857142857,1680.8966064453125,1916.6285400390625,-0.9776904582977295,1059.4,1,508,1,0,1,34,31,41
0,36.0,0.352337509393692,267.0,4.0,238.0,17666.0,124.61224489795906,18648.0,28.816667556762695,11.683333396911621,17681.533203125,20.799999237060547,4.599999904632568,5.066666603088379,39.349998474121094,21831.333984375,5092.4857142857145,0.8880476355552673,27.06333351135254,267.1142857142857,1712.945068359375,1909.1142578125,-1.0365713834762573,1073.1714285714286,4,508,1,0,1,41,6,15
0,,0.0,267.0,4.0,238.0,12398.0,127.57142857142847,21287.5,29.850000381469727,14.850000381469727,19720.216796875,24.21666717529297,5.400000095367432,5.099999904632568,34.36666488647461,32844.16796875,5076.857142857143,0.9007856845855713,27.160120010375977,272.51428571428573,1712.5201416015625,1866.1142578125,-1.1017380952835083,1075.8857142857144,0,508,1,0,1,31,2,
0,41.0,0.03306727483868599,267.0,4.0,238.0,10584.0,130.6122448979591,16035.0,35.04999923706055,14.800000190734863,16288.3837890625,20.933332443237305,4.0,5.0,32.70000076293945,25841.833984375,5038.057142857143,0.9108571410179138,27.19178581237793,282.48571428571427,1726.6697998046875,1885.7427978515625,-1.2589762210845947,1076.4571428571428,0,508,1,0,1,31,6,15
0,,0.0,267.0,4.0,238.0,17253.0,131.51020408163257,17589.685546875,45.064815521240234,12.325925827026367,17227.03515625,24.392593383789062,3.9111111164093018,5.381481647491455,27.853702545166016,25249.685546875,4922.085714285714,0.9388333559036255,27.304882049560547,305.54285714285714,1784.6412353515625,1827.199951171875,-1.3659523725509644,1090.5428571428572,8,508,1,0,1,34,6,
0,96.0,0.15963512659072876,267.0,4.0,149.0,32767.0,135.02127659574455,11570.888671875,37.661109924316406,12.266666412353516,14428.1279296875,21.294443130493164,4.3333330154418945,4.9666666984558105,32.83333206176758,28872.888671875,5021.285714285715,0.9312618970870972,27.281190872192383,291.48571428571427,1712.5169677734375,2084.82861328125,-1.724428653717041,1082.3428571428572,0,540,1,0,0,21,6,36
0,80.0,0.18129988014698029,267.0,4.0,170.0,32767.0,133.2608695652172,19314.333984375,35.016666412353516,14.949999809265137,19783.19921875,22.25,3.9000000953674316,4.900000095367432,35.233333587646484,24001.0,4878.885714285714,0.9487142562866211,27.279285430908203,331.8,1802.94580078125,2011.3428955078125,-1.8593095541000366,1113.0857142857142,0,611,1,0,1,41,15,44
0,116.0,0.7137970328330994,267.0,4.0,170.0,32767.0,130.91304347826065,12077.8330078125,42.599998474121094,14.300000190734863,14031.1337890625,23.71666717529297,4.800000190734863,5.099999904632568,31.200000762939453,27024.0,4775.228571428572,0.960023820400238,27.33416748046875,335.9428571428571,1788.938232421875,2024.7427978515625,-1.8106428384780884,1105.057142857143,0,611,1,0,1,41,18,44
0,,0.5826681852340698,267.0,4.0,170.0,32767.0,130.91304347826065,12454.6669921875,39.43333435058594,13.516666412353516,13941.5498046875,23.399999618530273,4.400000095367432,5.099999904632568,32.29999923706055,30599.333984375,4696.6,0.9566428661346436,27.31940460205078,349.74285714285713,1813.079833984375,1979.028564453125,-1.833976149559021,1109.2857142857142,0,611,1,0,1,21,27,
0,66.0,0.11972633749246597,267.0,4.0,170.0,32767.0,128.47727272727246,,36.900001525878906,11.033333778381348,,22.566667556762695,4.599999904632568,5.199999809265137,39.31666564941406,,4779.371428571429,0.9512143135070801,27.208452224731445,332.0285714285714,1771.5179443359375,2044.857177734375,-1.8485238552093506,1099.057142857143,0,611,1,0,1,42,2,36
1,97.0,0.2371721714735031,286.0,2.0,290.0,1327.0,284.71428571428544,16037.0,31.233333587646484,1.100000023841858,25703.8828125,28.850000381469727,5.300000190734863,4.25,31.983333587646484,34099.83203125,335.42857142857144,0.5787143111228943,26.21071434020996,2.342857142857143,1315.653564453125,3127.17138671875,-0.4800238013267517,1047.057142857143,0,503,1,0,0,31,27,44
1,312.0,0.2702394425868988,286.0,2.0,285.0,1742.0,276.5510204081631,15067.111328125,34.616668701171875,2.7277779579162598,22483.9609375,25.261112213134766,5.299999713897705,4.316666603088379,35.88888931274414,22659.611328125,379.7142857142857,0.5846190452575684,26.352975845336914,4.171428571428572,1334.9630126953125,2953.0,-0.2606666684150696,1058.3714285714286,0,496,1,0,0,31,31,117
1,131.28398235839532,0.3648802638053894,286.0,2.0,285.0,1232.0,272.89795918367327,15897.0,33.11666488647461,5.883333206176758,22410.30078125,26.066667556762695,5.400000095367432,4.349999904632568,37.58333206176758,23625.0,383.0,0.5920237898826599,26.429523468017578,3.9714285714285715,1333.1820068359375,2960.628662109375,-0.25652381777763367,1060.4285714285713,0,496,1,0,0,31,22,47
1,264.0,0.030786773189902306,286.0,2.0,285.0,6647.0,267.18367346938754,14940.5,32.95000076293945,4.316666603088379,21373.5,28.58333396911621,6.199999809265137,4.333333492279053,24.200000762939453,47678.66796875,388.9428571428571,0.6084285974502563,26.52107048034668,4.057142857142857,1335.8460693359375,2982.8857421875,-0.22797618806362152,1066.9142857142858,0,496,1,1,0,21,35,95
1,240.0,0.030786773189902306,286.0,2.0,285.0,14361.0,246.4285714285712,16019.1669921875,33.70000076293945,3.5999999046325684,20734.732421875,24.58333396911621,5.400000095367432,4.333333492279053,18.316667556762695,23682.166015625,503.25714285714287,0.652904748916626,26.75107192993164,3.7142857142857144,1342.145751953125,3018.314208984375,-0.11369047313928604,1081.8857142857144,0,496,1,0,0,21,35,95
1,183.0,0.0,286.0,2.0,285.0,10857.0,248.30612244897935,17481.333984375,35.83333206176758,2.0333333015441895,22841.533203125,26.33333396911621,6.099999904632568,4.166666507720947,20.08333396911621,35498.33203125,563.8,0.6726905107498169,26.83440589904785,4.457142857142857,1331.87646484375,2987.628662109375,-0.018000006675720215,1079.0857142857142,0,496,1,0,0,34,13,75
0,63.0,0.23147092759609222,286.0,2.0,285.0,3438.0,251.14285714285697,20680.833984375,35.93333435058594,2.566666603088379,24801.30078125,27.100000381469727,6.400000095367432,4.2833333015441895,24.53333282470703,40015.16796875,612.4857142857143,0.6783095002174377,26.809404373168945,4.314285714285714,1327.9639892578125,2991.571533203125,0.05159524828195572,1077.3142857142857,0,496,1,0,0,31,15,21
0,259.0,0.5986316800117493,286.0,2.0,285.0,1290.0,253.8979591836733,15488.0,33.53333282470703,3.133333444595337,20850.81640625,26.28333282470703,5.599999904632568,4.233333110809326,28.5,24539.333984375,631.6285714285714,0.6700476408004761,26.755596160888672,4.828571428571428,1328.1190185546875,2956.54296875,0.09073809534311295,1074.6571428571428,0,496,1,0,0,31,19,89
0,182.0,0.8608893752098083,286.0,2.0,296.0,1029.0,243.63265306122432,15438.1669921875,38.18333435058594,2.683333396911621,22275.1328125,27.516666412353516,6.199999809265137,4.233333110809326,24.200000762939453,26945.333984375,711.0,0.7024762034416199,26.909286499023438,7.628571428571429,1327.10595703125,2796.371337890625,0.19890478253364563,1078.3714285714286,0,474,1,0,0,34,31,82
1,252.0,0.3112884759902954,286.0,2.0,285.0,2429.0,231.4489795918366,,,,,,,,,,733.4285714285714,0.7258333563804626,27.149404525756836,8.82857142857143,1342.713134765625,2796.914306640625,0.10466667264699936,1093.4285714285713,0,496,1,0,0,31,19,101
1,28.0,0.0,286.0,2.0,296.0,6688.0,231.26530612244878,16789.333984375,35.233333587646484,3.5999999046325684,23197.599609375,28.21666717529297,5.599999904632568,4.233333110809326,16.433332443237305,35853.33203125,737.2571428571429,0.7227857112884521,27.14642906188965,8.514285714285714,1337.1234130859375,2819.514404296875,0.08969048410654068,1089.857142857143,0,496,1,0,0,34,15,10
1,281.0,0.0,286.0,2.0,285.0,13841.0,225.14285714285697,16070.6669921875,35.900001525878906,4.699999809265137,19841.767578125,26.366666793823242,5.400000095367432,4.2833333015441895,16.883333206176758,28654.666015625,723.2285714285714,0.7159523963928223,27.16642951965332,7.2,1340.1951904296875,2920.28564453125,0.012904757633805275,1092.4857142857143,0,496,1,0,0,34,23,114
1,183.0,0.0,286.0,2.0,285.0,8363.0,227.06122448979585,14273.3330078125,38.91666793823242,4.916666507720947,17564.416015625,27.16666603088379,5.800000190734863,4.233333110809326,13.5,46870.0,720.4,0.713952362537384,27.183691024780273,7.257142857142857,1345.661376953125,2977.685791015625,-0.013904755935072899,1095.4857142857143,0,496,1,0,0,41,25,64
1,150.0,0.0057012541219592094,286.0,2.0,285.0,6389.0,223.20408163265296,15126.6669921875,34.38333511352539,4.066666603088379,18278.19921875,24.149999618530273,5.300000190734863,4.133333206176758,15.149999618530273,27436.0,707.4285714285714,0.6966190338134766,27.120952606201172,6.285714285714286,1348.762451171875,3041.914306640625,-0.037571441382169724,1094.4285714285713,0,496,1,0,0,31,3,52
0,226.0,0.4880273640155792,286.0,2.0,285.0,2725.0,223.99999999999991,17089.333984375,33.43333435058594,6.383333206176758,19875.06640625,24.316667556762695,4.900000095367432,4.2833333015441895,24.549999237060547,26472.5,695.8857142857142,0.6856666803359985,27.05988121032715,5.542857142857143,1347.25732421875,3162.685791015625,-0.0856904685497284,1092.057142857143,0,496,1,0,0,41,13,82
0,61.0,0.5153933763504028,286.0,2.0,285.0,1882.0,230.6938775510204,16003.1669921875,29.450000762939453,4.933333396911621,19183.25,24.799999237060547,6.0,4.233333110809326,23.299999237060547,25962.833984375,689.4571428571429,0.6820714473724365,27.098215103149414,5.3428571428571425,1356.603271484375,3226.914306640625,-0.13271430134773254,1097.6285714285714,0,496,1,0,0,31,13,27
1,173.0,0.0,286.0,2.0,285.0,6862.0,232.44897959183675,15888.6669921875,36.20000076293945,5.449999809265137,19206.30078125,26.33333396911621,6.0,4.333333492279053,17.183332443237305,28450.833984375,684.0857142857143,0.681071400642395,27.171428680419922,5.6571428571428575,1364.5128173828125,3238.228515625,-0.13271430134773254,1102.9142857142858,0,496,1,0,0,21,35,59
0,159.0,0.91904217004776,286.0,2.0,248.0,1056.0,235.04081632653052,15486.5,34.96666717529297,3.25,17885.25,25.850000381469727,5.699999809265137,4.183333396911621,17.633333206176758,26163.666015625,635.3714285714286,0.6575000286102295,27.150714874267578,6.9714285714285715,1371.295654296875,3198.142822265625,-0.1545952409505844,1100.9142857142858,2,473,1,0,1,21,3,70
0,82.0,0.42759406566619873,286.0,2.0,248.0,2032.0,236.5918367346938,14649.0,39.95000076293945,2.2166666984558105,19156.30078125,24.366666793823242,5.400000095367432,4.2833333015441895,23.799999237060547,26163.0,632.8,0.6477380990982056,27.154523849487305,8.257142857142858,1381.04833984375,3121.39990234375,-0.1214047521352768,1104.0,0,473,1,0,1,24,9,27
0,251.0,0.5359178781509399,286.0,2.0,248.0,3141.0,237.1836734693876,14475.1669921875,39.849998474121094,2.4166667461395264,17551.732421875,24.883333206176758,5.400000095367432,4.233333110809326,24.133333206176758,26286.5,645.0,0.6459047794342041,27.13428497314453,9.314285714285715,1379.8338623046875,3048.371337890625,-0.043380964547395706,1101.4857142857143,0,473,1,0,1,31,13,99
0,279.0,0.6054732203483582,286.0,2.0,248.0,1109.0,245.65306122448965,15629.333984375,35.016666412353516,5.050000190734863,16467.177734375,24.53333282470703,5.599999904632568,4.199999809265137,22.5,29440.666015625,678.9428571428572,0.6230238080024719,27.065357208251953,20.257142857142856,1401.5618896484375,2702.142822265625,-0.01549999974668026,1097.9714285714285,0,473,1,0,1,41,20,107
0,240.0,0.8152793645858765,286.0,2.0,248.0,2599.0,240.83673469387736,13108.6669921875,35.78333282470703,2.5,16180.466796875,23.733333587646484,5.400000095367432,4.083333492279053,20.816667556762695,24573.333984375,757.8285714285714,0.6090952157974243,26.968095779418945,25.82857142857143,1412.2257080078125,2585.571533203125,-0.06354760378599167,1094.3428571428572,0,473,1,0,1,41,26,107
0,222.0,0.21892815828323364,286.0,2.0,248.0,1765.0,251.7551020408161,11641.0,33.75,4.133333206176758,17684.833984375,21.649999618530273,4.199999809265137,4.483333110809326,41.71666717529297,22205.166015625,1276.8857142857144,0.6488333344459534,27.048213958740234,42.371428571428574,1440.640380859375,2629.571533203125,-0.16449998319149017,1101.5142857142857,0,473,1,0,0,31,29,102
0,245.0,0.960091233253479,286.0,2.0,248.0,1052.0,246.69387755102014,12265.3330078125,34.16666793823242,3.200000047683716,15247.7001953125,21.383333206176758,5.400000095367432,4.366666793823242,51.233333587646484,19073.666015625,1573.3428571428572,0.6677142977714539,26.947856903076172,69.14285714285714,1443.5975341796875,2509.17138671875,-0.13538095355033875,1077.5714285714287,0,473,1,0,0,31,31,115
0,233.0,0.18700113892555237,286.0,2.0,248.0,1848.0,245.99999999999983,12355.8330078125,40.36666488647461,6.366666793823242,18265.6171875,22.149999618530273,4.800000190734863,4.333333492279053,33.733333587646484,24883.166015625,1671.9714285714285,0.6821190714836121,27.043214797973633,74.77142857142857,1444.466552734375,2441.257080078125,-0.052976179867982864,1076.2857142857142,2,473,1,0,1,21,2,88
0,224.0,0.486887127161026,286.0,2.0,248.0,1946.0,243.2653061224488,11454.0,38.46666717529297,4.4666666984558105,16278.466796875,21.83333396911621,4.900000095367432,4.2833333015441895,47.53333282470703,19302.333984375,1758.5714285714287,0.6874285936355591,27.012975692749023,80.25714285714285,1446.6517333984375,2388.514404296875,0.04509525001049042,1072.4571428571428,1,473,1,0,1,21,13,83
0,301.0,0.6009122133255005,286.0,2.0,248.0,1235.0,240.20408163265284,13726.0,35.733333587646484,3.7666666507720947,15717.9501953125,23.600000381469727,4.5,4.150000095367432,40.20000076293945,65591.8359375,1803.2285714285715,0.7140952348709106,27.281667709350586,90.85714285714286,1475.9068603515625,2309.428466796875,0.06319048255681992,1088.6571428571428,0,473,1,0,1,21,25,106
1,258.0,0.01824401319026947,286.0,2.0,248.0,3263.0,237.16326530612224,10293.8330078125,44.18333435058594,1.7833333015441895,16979.25,22.366666793823242,4.699999809265137,4.2833333015441895,31.366666793823242,40412.33203125,1877.0285714285715,0.7124524116516113,27.281070709228516,94.6,1473.5084228515625,2295.82861328125,0.12435714155435562,1082.6571428571428,0,473,1,0,1,21,14,97
1,63.0,0.0,286.0,2.0,248.0,11038.0,235.61224489795902,,,,,,,,,,1952.7714285714285,0.7280952334403992,27.3266658782959,94.91428571428571,1473.65576171875,2286.771484375,0.14995238184928894,1086.5428571428572,0,473,1,0,1,21,26,26
0,224.0,0.5860889554023743,286.0,2.0,248.0,1886.0,236.93877551020393,17899.0,35.266666412353516,5.566666603088379,18772.017578125,21.799999237060547,4.300000190734863,4.300000190734863,28.566667556762695,38420.66796875,2103.8,0.709857165813446,27.15678596496582,87.2,1440.2701416015625,2319.3427734375,0.19621428847312927,1068.0857142857142,0,473,1,0,1,31,22,81
0,266.0,0.5131129026412964,286.0,2.0,301.0,1733.0,243.673469387755,10293.6669921875,32.63333511352539,2.383333444595337,16048.6162109375,22.83333396911621,4.5,4.050000190734863,31.066667556762695,40846.16796875,2214.457142857143,0.7220237851142883,27.207500457763672,88.2,1444.4957275390625,2303.71435546875,0.2245476245880127,1073.3428571428572,1,511,1,0,1,31,17,110
0,200.0,0.33409351110458374,286.0,2.0,301.0,2303.0,252.2040816326529,10347.5,37.54999923706055,3.316666603088379,15379.81640625,23.33333396911621,5.300000190734863,4.083333492279053,36.13333511352539,36075.0,2283.114285714286,0.7253571152687073,27.205951690673828,85.05714285714286,1442.9234619140625,2312.857177734375,0.24707143008708954,1075.8857142857144,0,511,1,0,1,21,19,74
0,44.0,0.6168757081031799,286.0,2.0,301.0,1397.0,255.32653061224474,10387.1669921875,35.45000076293945,3.316666603088379,14597.650390625,21.399999618530273,4.099999904632568,4.083333492279053,45.08333206176758,19740.5,2445.714285714286,0.711809515953064,26.953214645385742,79.57142857142857,1433.67138671875,2345.685791015625,0.31716665625572205,1069.857142857143,5,511,1,0,0,21,3,21
0,87.0,0.583808422088623,286.0,2.0,301.0,2728.0,253.51020408163248,10401.111328125,33.16666793823242,5.088889122009277,15262.0888671875,21.766666412353516,4.566666603088379,4.111111164093018,42.405555725097656,19023.22265625,2481.6857142857143,0.7145000100135803,26.96071434020996,79.11428571428571,1433.3310546875,2348.485595703125,0.32483333349227905,1070.8285714285714,3,511,1,0,0,31,5,35
0,210.0,0.27366021275520325,286.0,2.0,301.0,4026.0,256.08163265306104,14936.3330078125,38.21666717529297,3.433333396911621,14829.5830078125,20.28333282470703,4.099999904632568,4.133333206176758,39.68333435058594,18430.666015625,2557.7428571428572,0.7310476303100586,27.10202407836914,80.68571428571428,1428.33251953125,2345.514404296875,0.34197619557380676,1071.4571428571428,1,511,1,0,0,31,27,80
0,121.0,0.4446978271007538,286.0,2.0,301.0,5020.0,257.34693877551,12909.5,33.25,10.033333778381348,15340.216796875,21.96666717529297,4.599999904632568,4.083333492279053,43.04999923706055,20873.833984375,2687.7714285714287,0.7236904501914978,26.92035675048828,79.45714285714286,1426.7774658203125,2355.514404296875,0.36776190996170044,1067.7142857142858,1,511,1,0,0,21,27,53
0,313.0,0.5906499624252319,286.0,2.0,301.0,1497.0,262.1836734693876,11074.1669921875,36.849998474121094,4.733333110809326,15270.033203125,20.96666717529297,4.400000095367432,4.150000095367432,41.04999923706055,18902.166015625,2770.714285714286,0.7228094935417175,26.86916732788086,74.22857142857143,1431.9720458984375,2377.17138671875,0.382666677236557,1075.7714285714285,0,511,1,0,0,21,21,119
0,156.0,0.6624857187271118,286.0,2.0,301.0,1204.0,262.0408163265304,11555.3330078125,35.61666488647461,3.616666555404663,15401.7333984375,21.5,4.599999904632568,4.050000190734863,39.66666793823242,18581.0,2859.8571428571427,0.7374047636985779,26.994762420654297,74.82857142857142,1429.8834228515625,2376.45703125,0.40942859649658203,1078.3428571428572,0,511,1,0,0,31,18,63
0,388.0,0.36145952343940735,286.0,2.0,301.0,2246.0,268.93877551020387,15307.0,44.849998474121094,9.116666793823242,20492.69921875,23.21666717529297,4.599999904632568,4.199999809265137,29.383333206176758,28445.0,2993.9714285714285,0.7591666579246521,27.109285354614258,71.34285714285714,1429.272216796875,2404.82861328125,0.43126189708709717,1089.0285714285715,1,511,1,0,0,21,32,212
0,84.0,0.597491443157196,286.0,2.0,301.0,1875.0,267.38775510204056,10285.1669921875,38.70000076293945,3.3499999046325684,14562.06640625,22.683332443237305,4.800000190734863,4.183333396911621,39.43333435058594,20706.166015625,3038.9142857142856,0.7491666674613953,27.011310577392578,70.74285714285715,1432.5745849609375,2406.45703125,0.4334999918937683,1088.4285714285713,0,511,1,0,0,31,2,33
0,290.0,0.36716076731681824,286.0,2.0,301.0,1478.0,268.81632653061206,13658.6669921875,35.83333206176758,5.883333206176758,16176.2333984375,21.116666793823242,4.5,4.099999904632568,44.18333435058594,20529.0,3182.714285714286,0.7617856860160828,27.082618713378906,69.62857142857143,1431.803466796875,2419.71435546875,0.4121904969215393,1092.7142857142858,0,511,1,0,0,41,17,155
0,258.0,0.19270239770412445,286.0,2.0,301.0,1861.0,269.91836734693857,12675.1669921875,34.75,3.8333332538604736,16850.94921875,21.566667556762695,4.5,4.0,46.41666793823242,19812.333984375,3182.714285714286,0.7617856860160828,27.082618713378906,69.62857142857143,1431.803466796875,2419.71435546875,0.4121904969215393,1092.7142857142858,2,511,1,0,0,41,31,103
1,38.0,0.10376282781362534,286.0,2.0,301.0,2542.0,270.75510204081604,13238.6669921875,42.81666564941406,2.133333444595337,17684.56640625,21.91666603088379,4.300000190734863,4.099999904632568,23.71666717529297,27099.0,3363.2285714285713,0.7845476269721985,27.285120010375977,76.65714285714286,1434.5838623046875,2358.3427734375,0.4114047586917877,1095.1714285714286,1,511,1,0,0,41,16,18
0,109.0,0.28734320402145386,286.0,2.0,301.0,1314.0,271.28571428571405,10752.0,46.96666717529297,2.7333333492279053,16867.232421875,21.299999237060547,4.300000190734863,3.9833333492279053,30.700000762939453,22865.666015625,3421.5714285714284,0.7861904501914978,27.30238151550293,78.6,1434.7110595703125,2343.314208984375,0.4308571219444275,1093.6,1,511,1,0,0,31,2,49
0,178.0,0.9646522402763367,296.0,3.0,301.0,1069.0,261.06122448979573,11634.5,42.5,4.083333492279053,18166.482421875,22.28333282470703,4.300000190734863,4.183333396911621,42.0,18782.666015625,3755.4857142857145,0.8147380948066711,27.265119552612305,106.77142857142857,1430.7144775390625,2187.228515625,0.38883334398269653,1070.7714285714285,1,511,1,0,0,31,1,90
0,152.0,0.7331812977790833,267.0,4.0,301.0,1122.0,247.12244897959167,13925.3330078125,38.349998474121094,1.7833333015441895,19411.900390625,22.683332443237305,4.099999904632568,4.166666507720947,41.983333587646484,28648.166015625,3649.0857142857144,0.8181190490722656,27.29119110107422,110.51428571428572,1431.5499267578125,2165.60009765625,0.382190465927124,1068.2571428571428,0,511,1,0,0,21,14,57
0,290.0,0.6852907538414001,267.0,4.0,301.0,1609.0,247.12244897959167,12090.6669921875,33.63333511352539,3.5833332538604736,16523.06640625,21.366666793823242,4.300000190734863,4.400000095367432,50.25,21347.333984375,3576.0857142857144,0.8213571310043335,27.30154800415039,114.0,1435.6595458984375,2148.8857421875,0.3779047727584839,1069.6285714285714,0,511,1,0,0,41,1,110
0,150.0,0.6408209800720215,267.0,4.0,301.0,2333.0,241.877551020408,11830.3330078125,38.63333511352539,3.7333333492279053,16548.75,21.100000381469727,4.300000190734863,4.183333396911621,49.400001525878906,18203.666015625,3496.342857142857,0.8363809585571289,27.45083236694336,116.48571428571428,1437.2186279296875,2137.028564453125,0.3706190288066864,1072.4285714285713,1,511,1,0,0,21,14,56
0,221.0,0.6978335380554199,267.0,4.0,301.0,1279.0,238.5918367346937,12848.5,38.099998474121094,2.0,16439.599609375,21.133333206176758,4.0,4.183333396911621,47.650001525878906,19089.5,3458.942857142857,0.8210952281951904,27.28392791748047,117.42857142857143,1439.7928466796875,2129.8857421875,0.36526191234588623,1069.5142857142857,0,511,1,0,0,21,6,106
0,100.23313842559436,0.1687571257352829,267.0,4.0,271.0,7302.0,233.59183673469366,11228.3330078125,39.68333435058594,2.633333444595337,17021.666015625,21.733333587646484,4.300000190734863,4.199999809265137,43.78333282470703,22220.666015625,3270.2285714285713,0.850690484046936,27.594642639160156,125.22857142857143,1447.069580078125,2071.371337890625,0.35711905360221863,1073.8,0,482,1,0,0,21,9,37
0,215.0,0.2234891653060913,267.0,4.0,271.0,5827.0,232.7959183673467,10030.5,36.45000076293945,2.25,17427.06640625,21.91666603088379,4.199999809265137,4.650000095367432,48.20000076293945,20368.333984375,3332.3714285714286,0.8478094935417175,27.589879989624023,126.28571428571429,1452.2325439453125,2068.94287109375,0.36392858624458313,1075.7428571428572,3,482,1,0,0,21,2,88
0,46.0,0.0,267.0,4.0,271.0,15897.0,224.4081632653058,16617.5546875,35.88333511352539,4.983333110809326,19781.80078125,21.433332443237305,4.800000190734863,4.650000095367432,31.933332443237305,34151.94140625,3202.942857142857,0.8615952134132385,27.712142944335938,130.14285714285714,1460.897705078125,2063.971435546875,0.3605000078678131,1082.0285714285715,0,482,1,0,0,41,14,17
0,60.0,0.0,296.0,3.0,293.0,22095.0,215.40816326530577,19192.666015625,35.25,4.75,20872.166015625,24.649999618530273,4.900000095367432,4.949999809265137,24.433332443237305,41735.66796875,2996.2571428571428,0.8636190295219421,27.821548461914062,117.85714285714286,1463.2525634765625,2213.94287109375,0.25228574872016907,1099.5714285714287,3,476,1,0,0,34,14,24
0,22.0,0.0,296.0,3.0,293.0,16007.0,214.5306122448976,18277.22265625,37.866668701171875,3.5166666507720947,18807.283203125,24.372220993041992,4.9666666984558105,4.9666666984558105,17.083332061767578,29009.72265625,2861.4,0.8556666374206543,27.837261199951172,111.28571428571429,1490.1800537109375,2356.514404296875,0.15983332693576813,1121.5714285714287,0,482,1,0,0,34,14,11
0,11.0,0.0,296.0,3.0,271.0,26149.0,220.24489795918348,19422.5,32.75,5.050000190734863,25050.69921875,26.96666717529297,5.599999904632568,5.199999809265137,14.766666412353516,40581.33203125,2775.3142857142857,0.8419761657714844,27.839643478393555,98.42857142857143,1485.3521728515625,2520.94287109375,0.11773811280727386,1128.7714285714285,1,482,1,0,0,24,14,5
0,,0.0,296.0,3.0,293.0,17379.0,219.18367346938751,,,,,,,,,,2706.7428571428572,0.8348333239555359,27.820476531982422,97.0,1487.3475341796875,2532.94287109375,0.1266428530216217,1130.142857142857,0,476,1,0,0,24,14,
0,103.0,0.0,296.0,3.0,293.0,20006.0,222.081632653061,20757.833984375,38.16666793823242,4.866666793823242,21738.44921875,26.91666603088379,5.199999809265137,4.883333206176758,21.433332443237305,38380.83203125,2730.2,0.8235952258110046,27.780834197998047,105.91428571428571,1503.171630859375,2493.685791015625,0.09549999237060547,1128.1714285714286,4,476,1,0,0,34,14,43
0,155.0,0.007981755770742893,296.0,3.0,293.0,10237.0,224.55102040816305,15978.3330078125,43.36666488647461,5.199999809265137,19011.56640625,23.899999618530273,5.0,4.349999904632568,29.450000762939453,23466.5,2824.9142857142856,0.8063571453094482,27.70511817932129,107.11428571428571,1491.7027587890625,2434.3427734375,0.10757141560316086,1115.8285714285714,0,476,1,0,0,21,18,70
0,199.0,0.5279361605644226,296.0,3.0,293.0,1071.0,229.42857142857127,11417.5,44.36666488647461,2.700000047683716,17294.6328125,23.816667556762695,4.599999904632568,4.183333396911621,40.38333511352539,19159.833984375,2877.8285714285716,0.7928095459938049,27.65226173400879,111.94285714285714,1493.428466796875,2403.28564453125,0.06126191094517708,1108.857142857143,1,476,1,0,0,41,8,103
0,163.0,0.4994298815727234,296.0,3.0,293.0,8455.0,233.40816326530597,12986.6669921875,38.81666564941406,3.9166667461395264,17308.400390625,21.53333282470703,4.5,4.050000190734863,47.516666412353516,18263.833984375,2958.1714285714284,0.76926189661026,27.422380447387695,117.8,1486.9371337890625,2335.05712890625,0.011761898174881935,1093.0857142857142,1,476,1,0,0,31,19,66
0,147.0,0.28620296716690063,296.0,3.0,293.0,4309.0,239.73469387755085,12042.3330078125,37.96666717529297,4.116666793823242,17371.767578125,23.633333206176758,4.699999809265137,4.083333492279053,51.31666564941406,18271.0,2976.457142857143,0.7628809809684753,27.31142807006836,121.85714285714286,1490.793701171875,2308.628662109375,0.007119034882634878,1088.5142857142857,2,476,1,0,0,31,12,66
0,211.0,0.9612314701080322,296.0,3.0,293.0,1037.0,249.71428571428555,12031.611328125,36.155555725097656,2.700000047683716,16169.7060546875,21.327777862548828,3.8999998569488525,4.0,51.31666564941406,23583.27734375,2985.1714285714284,0.7647619247436523,27.31833267211914,129.8,1496.9295654296875,2277.199951171875,-0.04988096281886101,1085.2857142857142,2,476,1,0,0,41,3,105
0,209.0,0.9623717069625854,296.0,1.0,293.0,1069.0,270.2653061224488,12770.0,33.58333206176758,3.5166666507720947,18663.849609375,22.066667556762695,4.300000190734863,4.099999904632568,52.900001525878906,18946.0,3121.0285714285715,0.7615476250648499,27.16880989074707,141.62857142857143,1510.0538330078125,2179.514404296875,-0.1648571491241455,1079.7142857142858,0,476,1,0,0,24,12,113
0,288.0,0.9372861981391907,296.0,1.0,293.0,1082.0,283.61224489795893,9505.5,34.099998474121094,2.4666666984558105,15888.2998046875,20.950000762939453,3.799999952316284,4.0,56.56666564941406,17537.0,3315.9714285714285,0.7518333196640015,27.03333282470703,147.4857142857143,1516.4139404296875,2086.1142578125,-0.15395237505435944,1075.4571428571428,0,476,1,0,0,31,34,156
0,199.0,0.9680729508399963,296.0,1.0,293.0,1066.0,285.2653061224487,10712.6669921875,27.850000381469727,3.6666667461395264,16249.5,21.200000762939453,4.0,4.0,61.81666564941406,18256.666015625,3343.5714285714284,0.7555000185966492,27.090713500976562,149.68571428571428,1516.244140625,2071.39990234375,-0.13107141852378845,1075.2571428571428,0,476,1,0,0,42,34,108
0,67.0,0.5256556272506714,267.0,4.0,293.0,1285.0,266.5102040816325,9937.6669921875,32.68333435058594,2.883333444595337,15991.099609375,22.46666717529297,3.9000000953674316,4.150000095367432,52.58333206176758,19290.666015625,3376.8571428571427,0.7343571186065674,26.99297523498535,163.77142857142857,1530.002685546875,1998.94287109375,-0.22178570926189423,1064.9714285714285,1,476,1,1,0,24,3,37
0,256.0,0.6066134572029114,267.0,4.0,293.0,1793.0,258.30612244897935,13251.4443359375,27.927778244018555,6.483333110809326,17979.25,24.677778244018555,4.277777671813965,4.205555438995361,56.0314826965332,20689.5,3379.3714285714286,0.7404524087905884,27.08809471130371,168.57142857142858,1531.310302734375,1980.228515625,-0.25840479135513306,1064.0,1,476,1,0,0,31,3,130
0,257.0,0.21778790652751923,267.0,4.0,293.0,1644.0,255.3265306122447,16632.0,26.0,5.133333206176758,17607.94921875,21.766666412353516,4.099999904632568,4.150000095367432,61.71666717529297,36715.5,3429.714285714286,0.7280714511871338,26.999404907226562,160.45714285714286,1519.920654296875,1992.5999755859375,-0.20123811066150665,1061.7428571428572,0,476,1,0,1,21,3,106
0,222.0,0.7594070434570312,267.0,4.0,293.0,1654.0,241.28571428571408,10622.0,27.71666717529297,2.816666603088379,18262.55078125,22.100000381469727,3.5999999046325684,4.050000190734863,61.483333587646484,17780.166015625,3417.885714285714,0.722428560256958,27.000595092773438,162.0,1518.707763671875,1983.5714111328125,-0.20030951499938965,1059.057142857143,0,476,1,0,1,41,10,102
0,154.0,0.7001140117645264,267.0,4.0,293.0,1675.0,211.26530612244883,11957.5927734375,30.811111450195312,4.292592525482178,17002.373046875,24.157407760620117,4.211111068725586,4.172222137451172,57.901851654052734,19969.22265625,3479.3714285714286,0.6846904754638672,26.652023315429688,164.17142857142858,1525.55517578125,1983.2572021484375,-0.16740474104881287,1051.6857142857143,2,476,1,0,1,31,19,62
0,52.0,0.03648802638053894,267.0,4.0,293.0,1863.0,202.18367346938763,12321.5,33.21666717529297,3.700000047683716,17277.05078125,22.71666717529297,3.799999952316284,4.366666793823242,48.04999923706055,21169.0,3451.3714285714286,0.6893095374107361,26.769405364990234,169.62857142857143,1530.739501953125,1966.800048828125,-0.1600952297449112,1052.5714285714287,1,476,1,0,1,21,20,24
0,96.0,0.5222349166870117,267.0,4.0,293.0,1294.0,202.1836734693876,14015.6669921875,33.349998474121094,8.649999618530273,20142.3671875,24.133333206176758,3.9000000953674316,4.150000095367432,56.38333511352539,22224.0,3354.0,0.664642870426178,26.545238494873047,180.62857142857143,1547.8560791015625,1937.771484375,-0.13097618520259857,1042.7142857142858,0,476,1,0,1,21,3,52
0,160.0,0.8882554173469543,267.0,4.0,293.0,4185.0,196.408163265306,15870.0,31.91666603088379,8.716666221618652,17908.833984375,25.600000381469727,3.799999952316284,4.099999904632568,55.96666717529297,21560.666015625,3266.2571428571428,0.6827619075775146,26.80071449279785,187.65714285714284,1552.95458984375,1896.94287109375,-0.17185713350772858,1044.0857142857142,2,476,1,0,1,41,21,82
0,183.0,0.14481185376644135,267.0,4.0,283.0,5549.0,191.3877551020407,14606.6669921875,31.96666717529297,3.316666603088379,18057.466796875,23.350000381469727,4.199999809265137,4.400000095367432,48.016666412353516,24656.666015625,3389.657142857143,0.6188571453094482,26.323095321655273,169.74285714285713,1527.7335205078125,1913.6571044921875,-0.3995000123977661,1028.2571428571428,0,507,1,0,0,21,25,94
0,179.0,0.1220068410038948,267.0,4.0,283.0,2042.0,198.20408163265287,13980.8330078125,62.31666564941406,6.300000190734863,19208.916015625,20.733333587646484,3.4000000953674316,4.449999809265137,19.21666717529297,24488.333984375,3360.6857142857143,0.5999047756195068,26.085832595825195,165.8,1523.594482421875,1923.17138671875,-0.45376190543174744,1020.9714285714285,0,507,1,0,0,31,9,76
0,130.0,0.03534777835011482,267.0,4.0,283.0,9367.0,206.46938775510185,16227.8330078125,53.16666793823242,7.0,22221.8828125,23.316667556762695,4.0,4.449999809265137,26.100000381469727,31041.333984375,3419.2,0.606166660785675,26.167142868041992,165.8,1530.1773681640625,1949.17138671875,-0.503166675567627,1027.6857142857143,0,507,1,0,0,42,23,61
0,172.0,0.03192702308297157,267.0,4.0,283.0,16127.0,214.67346938775486,13036.8330078125,53.0,6.699999809265137,19837.68359375,25.983333587646484,4.099999904632568,4.550000190734863,25.616666793823242,26863.166015625,3358.9142857142856,0.6218095421791077,26.43321418762207,174.42857142857142,1530.6859130859375,1943.2572021484375,-0.5812143087387085,1026.6857142857143,0,507,1,0,0,21,12,71
0,247.0,0.2702394425868988,267.0,4.0,283.0,15129.0,223.24489795918345,20044.333984375,64.78333282470703,8.399999618530273,18429.06640625,24.766666412353516,4.400000095367432,4.449999809265137,18.899999618530273,26368.666015625,3366.2285714285713,0.6101666688919067,26.272737503051758,174.25714285714287,1528.1192626953125,1937.6571044921875,-0.5787380933761597,1019.7142857142857,2,507,1,0,0,41,22,102
0,136.0,0.06841505318880081,267.0,4.0,283.0,14474.0,231.4489795918365,14554.3330078125,53.105552673339844,12.344444274902344,20608.701171875,22.255556106567383,4.133333206176758,4.6777777671813965,25.19444465637207,25111.33203125,3392.9714285714285,0.6098809242248535,26.211071014404297,172.02857142857144,1539.848876953125,1944.6856689453125,-0.5899524092674255,1028.4857142857143,0,507,1,0,0,31,14,57
0,244.0,0.12314709275960922,267.0,4.0,283.0,6200.0,241.51020408163237,13094.5,55.900001525878906,7.0333333015441895,18029.767578125,23.483333587646484,4.199999809265137,4.800000190734863,23.350000381469727,26187.5,3422.8,0.6056666374206543,26.160120010375977,175.85714285714286,1537.488037109375,1920.2857666015625,-0.6362380981445312,1022.5142857142857,0,507,1,0,0,41,12,111
0,272.0,0.2576966881752014,267.0,4.0,283.0,1625.0,250.48979591836707,10714.6669921875,58.96666717529297,5.433333396911621,17609.583984375,24.850000381469727,3.700000047683716,4.5,17.933332443237305,22708.333984375,3430.2285714285713,0.5995237827301025,26.177738189697266,188.31428571428572,1533.6689453125,1810.085693359375,-0.6514762043952942,1005.8,3,507,1,0,0,21,9,108
0,258.0,0.6533637642860413,267.0,4.0,283.0,1260.0,255.04081632653032,14244.3330078125,37.88333511352539,7.166666507720947,17690.43359375,27.766666412353516,3.700000047683716,4.416666507720947,48.70000076293945,23064.166015625,3425.3714285714286,0.6005714535713196,26.20809555053711,195.88571428571427,1544.2958984375,1777.6856689453125,-0.6797381043434143,1005.2,0,507,1,0,0,21,35,104
0,168.0,0.47662484645843506,267.0,4.0,283.0,3232.0,261.816326530612,13290.0,42.46666717529297,5.800000190734863,16721.517578125,24.633333206176758,3.5999999046325684,4.416666507720947,42.33333206176758,20499.833984375,3504.4857142857145,0.6102619171142578,26.298095703125,190.4857142857143,1535.06787109375,1765.5714111328125,-0.7186904549598694,1007.8857142857142,1,507,1,0,0,21,10,67
0,162.0,0.9543899893760681,267.0,4.0,283.0,1061.0,269.4489795918365,13516.1669921875,60.31666564941406,5.800000190734863,18040.18359375,25.91666603088379,3.700000047683716,4.400000095367432,21.883333206176758,22283.833984375,3604.0857142857144,0.5912380814552307,25.920238494873047,190.4857142857143,1536.162841796875,1755.5999755859375,-0.774238109588623,999.8857142857142,0,507,1,0,0,21,3,87
0,259.0,0.6453819870948792,267.0,4.0,283.0,1590.0,276.30612244897935,12189.5,48.29999923706055,5.099999904632568,17328.05078125,26.75,3.9000000953674316,4.300000190734863,32.46666717529297,20882.0,3656.657142857143,0.6201666593551636,26.337142944335938,193.14285714285714,1540.652587890625,1746.6285400390625,-0.8888809680938721,1011.8285714285714,2,507,1,0,0,21,22,120
0,193.0,0.4310148358345032,267.0,4.0,283.0,1139.0,282.53061224489767,13222.888671875,46.650001525878906,3.777777671813965,17751.81640625,26.933334350585938,3.433333396911621,4.305555820465088,29.211111068725586,22551.9453125,3635.457142857143,0.6122857332229614,26.077857971191406,205.14285714285714,1552.727294921875,1705.142822265625,-0.94861900806427,1002.3142857142857,2,507,1,0,0,31,25,85
0,292.0,0.7548460364341736,267.0,4.0,283.0,1135.0,288.73469387755074,15255.0,33.13333511352539,7.916666507720947,15979.31640625,27.016666412353516,3.5999999046325684,4.5,47.766666412353516,22589.166015625,3541.2,0.6279523968696594,26.3028564453125,208.0,1539.19189453125,1687.4571533203125,-0.933571457862854,999.2571428571429,2,507,1,0,0,21,24,150
0,343.0,0.972633957862854,267.0,4.0,283.0,1036.0,297.7551020408161,13536.0,51.53333282470703,11.033333778381348,17896.716796875,25.766666412353516,4.099999904632568,4.400000095367432,27.96666717529297,22694.5,3565.3142857142857,0.6147381067276001,25.994285583496094,207.88571428571427,1544.5228271484375,1687.971435546875,-1.0258570909500122,993.8285714285714,0,507,1,0,0,41,25,183
0,412.0,0.9042189121246338,267.0,4.0,283.0,1042.0,308.1428571428568,14529.6669921875,54.016666412353516,12.716666221618652,22948.599609375,26.383333206176758,3.9000000953674316,4.483333110809326,25.566667556762695,21259.666015625,3506.6,0.61602383852005,25.93059539794922,209.4,1542.238525390625,1683.771484375,-1.0503095388412476,990.8857142857142,0,507,1,0,0,34,35,220
0,305.0,0.946408212184906,267.0,4.0,283.0,1066.0,311.6530612244894,11781.3330078125,43.96666717529297,9.616666793823242,18336.56640625,25.91666603088379,3.5,4.550000190734863,31.600000381469727,22726.666015625,3438.942857142857,0.6328571438789368,26.17392921447754,213.4,1542.4918212890625,1674.142822265625,-1.0376189947128296,995.1142857142858,0,507,1,0,0,31,22,163
0,73.0,0.8608893752098083,267.0,4.0,283.0,1148.0,312.3673469387752,12004.5,36.46666717529297,9.616666793823242,17569.232421875,26.0,3.5,4.650000095367432,38.25,22713.166015625,3381.342857142857,0.6484761834144592,26.276784896850586,214.17142857142858,1543.9149169921875,1692.1142578125,-1.0059047937393188,1002.2571428571429,2,507,1,0,0,21,1,39
0,495.0,0.9042189121246338,267.0,4.0,283.0,1077.0,312.3673469387752,12783.5,30.450000762939453,9.883333206176758,17272.533203125,25.58333396911621,3.5,4.5,46.46666717529297,22081.833984375,3344.657142857143,0.6515476107597351,26.29166603088379,217.2,1544.26318359375,1686.914306640625,-1.0031189918518066,1001.0285714285715,0,507,1,0,0,21,9,264
1,223.0,0.0741163045167923,267.0,4.0,283.0,2220.0,294.75510204081615,14643.8330078125,27.58333396911621,11.100000381469727,18608.982421875,25.450000762939453,3.9000000953674316,4.7166666984558105,42.88333511352539,26709.833984375,3229.8571428571427,0.6531904935836792,26.435237884521484,215.4857142857143,1548.58154296875,1734.3428955078125,-1.0009047985076904,1011.2285714285714,1,507,1,0,0,31,12,86
0,163.0,0.07069555670022964,267.0,4.0,283.0,2429.0,288.77551020408146,,27.28333282470703,10.983333587646484,,24.649999618530273,4.099999904632568,4.5,42.733333587646484,,3206.342857142857,0.6589523553848267,26.520713806152344,216.02857142857144,1546.2099609375,1747.914306640625,-0.9495238065719604,1012.2,1,507,1,0,0,31,10,68
0,335.0,0.7297605276107788,267.0,4.0,283.0,1182.0,278.3673469387753,12302.0,43.233333587646484,6.416666507720947,18670.8671875,27.53333282470703,3.799999952316284,4.599999904632568,31.899999618530273,24707.22265625,2983.2285714285713,0.6345952153205872,26.322856903076172,214.28571428571428,1546.97802734375,1824.6571044921875,-0.7916428446769714,1007.2,0,507,1,0,0,21,9,161
0,,0.15393386781215668,267.0,4.0,283.0,1852.0,277.3061224489794,11888.8330078125,41.5,6.366666793823242,17624.31640625,26.366666793823242,3.5,4.566666603088379,33.88333511352539,21698.166015625,2892.7428571428572,0.6483571529388428,26.356904983520508,217.25714285714287,1549.3907470703125,1856.6285400390625,-0.7205237746238708,1009.7142857142857,1,507,1,0,0,21,2,
0,207.0,0.011402508243918419,267.0,4.0,283.0,1671.0,272.20408163265284,11076.6669921875,39.11666488647461,9.516666412353516,17276.1328125,23.58333396911621,3.9000000953674316,4.900000095367432,37.70000076293945,20899.0,2943.714285714286,0.6395714282989502,26.261428833007812,202.14285714285714,1549.5858154296875,1949.8857421875,-0.5720475912094116,1023.0571428571428,0,507,1,0,1,42,22,90
0,301.0,0.5199543833732605,267.0,4.0,283.0,1276.0,267.4693877551019,11222.6669921875,39.93333435058594,11.166666984558105,18242.599609375,22.733333587646484,3.799999952316284,4.599999904632568,41.66666793823242,20929.666015625,2944.0,0.6443333029747009,26.308452606201172,204.85714285714286,1551.7415771484375,1961.05712890625,-0.4848809540271759,1023.8571428571429,0,507,1,0,0,21,21,124
0,276.0,0.17217788100242615,267.0,4.0,283.0,1242.0,262.97959183673447,24283.5,30.13888931274414,12.166666984558105,16693.083984375,23.63888931274414,4.0,4.5333333015441895,50.81111145019531,25524.5546875,2981.1714285714284,0.6516666412353516,26.43166732788086,201.6,1554.41552734375,1999.085693359375,-0.4096428453922272,1032.857142857143,0,507,1,0,0,31,10,104
0,266.0,0.034207526594400406,267.0,4.0,283.0,2352.0,260.9591836734691,10684.77734375,36.7055549621582,8.316666603088379,17415.578125,24.80555534362793,4.266666889190674,4.833333492279053,45.155555725097656,23929.5546875,2999.6857142857143,0.6586428880691528,26.478809356689453,199.11428571428573,1555.1099853515625,2036.085693359375,-0.40207144618034363,1038.3142857142857,1,507,1,0,0,21,12,113
1,217.0,0.0,267.0,4.0,283.0,5150.0,261.2448979591834,,32.71666717529297,8.316666603088379,,,,4.900000095367432,35.31666564941406,,2919.0857142857144,0.6994285583496094,26.770952224731445,223.05714285714285,1572.6392822265625,1976.5142822265625,-0.3868809640407562,1038.9714285714285,2,507,1,0,1,41,22,99
1,148.12428579910534,0.0,267.0,4.0,283.0,9634.0,263.5714285714283,20880.333984375,28.299999237060547,6.933333396911621,25373.099609375,26.25,5.400000095367432,4.566666603088379,40.61666488647461,42335.66796875,3005.942857142857,0.7030237913131714,26.870237350463867,202.88571428571427,1557.906005859375,2089.54296875,-0.35407140851020813,1053.9142857142858,2,507,1,0,1,34,4,71
1,270.0,0.0011402508243918419,267.0,4.0,260.0,8980.0,268.9183673469385,19678.166015625,29.549999237060547,7.0,21044.56640625,23.233333587646484,4.400000095367432,4.75,41.08333206176758,56911.83203125,3003.9142857142856,0.6984047889709473,26.798213958740234,205.4857142857143,1555.29296875,2102.085693359375,-0.33892858028411865,1047.3714285714286,0,518,1,0,0,42,22,111
0,,0.023945268243551254,267.0,4.0,260.0,1889.0,276.4489795918365,9698.5,34.78333282470703,9.0,16353.2333984375,22.350000381469727,4.0,4.699999809265137,50.25,22340.5,3088.6285714285714,0.6512619256973267,26.343095779418945,191.74285714285713,1557.985595703125,2167.199951171875,-0.29421427845954895,1043.6857142857143,1,518,1,0,0,31,2,
0,195.0,0.28050172328948975,267.0,4.0,260.0,2713.0,288.1632653061223,12567.333984375,28.133333206176758,10.683333396911621,15984.06640625,22.316667556762695,3.700000047683716,4.5,53.79999923706055,21317.833984375,3094.9714285714285,0.6458571553230286,26.37345314025879,190.11428571428573,1562.0543212890625,2190.60009765625,-0.289642870426178,1047.3142857142857,1,518,1,0,0,42,27,87
0,330.0,0.5952109694480896,267.0,4.0,260.0,1842.0,294.95918367346917,12359.8330078125,28.066667556762695,7.800000190734863,15856.3662109375,22.399999618530273,4.400000095367432,4.599999904632568,49.29999923706055,24881.0,3156.4285714285716,0.6598809361457825,26.420238494873047,188.8,1556.30029296875,2235.085693359375,-0.2264285683631897,1050.6857142857143,0,518,1,0,0,42,2,155
0,245.0,0.7206385135650635,267.0,4.0,260.0,1350.0,303.36734693877526,12935.888671875,31.233333587646484,10.19444465637207,15930.0107421875,22.933334350585938,4.566666603088379,4.433333396911621,45.016666412353516,23413.22265625,3180.2285714285713,0.658214271068573,26.421785354614258,185.0,1560.0169677734375,2311.142822265625,-0.10699998587369919,1056.7142857142858,0,518,1,0,0,21,31,123
0,129.0,0.543899655342102,296.0,1.0,260.0,1242.0,300.99999999999983,11382.0,37.16666793823242,2.75,18623.099609375,23.71666717529297,5.199999809265137,4.433333396911621,44.71666717529297,24097.0,3125.285714285714,0.6554523706436157,26.437856674194336,177.4857142857143,1561.9376220703125,2370.228515625,-0.08199998736381531,1066.4571428571428,1,518,1,0,0,21,2,65
1,257.0,0.3534777760505676,296.0,1.0,260.0,1216.0,303.38775510204056,20476.4453125,31.47222328186035,9.111111640930176,22587.26171875,24.0,5.333333492279053,4.5,46.227779388427734,26662.666015625,3048.5142857142855,0.6549524068832397,26.405475616455078,168.17142857142858,1561.8934326171875,2530.085693359375,0.11445237696170807,1079.0857142857142,0,518,1,0,0,41,32,126
1,263.0,0.8426454067230225,296.0,1.0,260.0,1209.0,296.7142857142855,11083.6669921875,29.450000762939453,6.316666603088379,21063.466796875,23.983333587646484,5.5,4.5,48.31666564941406,20441.333984375,2973.3142857142857,0.6534047722816467,26.38273811340332,164.17142857142858,1566.3582763671875,2583.54296875,0.16245238482952118,1086.2,1,518,1,0,0,42,31,131
0,275.0,0.8551881313323975,296.0,1.0,260.0,1095.0,299.97959183673447,15538.5,32.71666717529297,8.733333587646484,20598.18359375,23.649999618530273,5.300000190734863,4.5,44.983333587646484,22001.166015625,3002.1428571428573,0.6532856822013855,26.362619400024414,165.4857142857143,1563.617919921875,2566.39990234375,0.15854761004447937,1082.6285714285714,2,518,1,0,0,42,20,137
1,385.0,0.0,296.0,1.0,260.0,2779.0,293.4285714285713,13663.0,33.38333511352539,6.616666793823242,18027.69921875,24.266666412353516,5.300000190734863,4.900000095367432,43.75,23575.666015625,2853.714285714286,0.6765714287757874,26.56404685974121,172.85714285714286,1567.743408203125,2631.60009765625,0.3657380938529968,1089.1142857142856,0,518,1,0,0,21,31,182
0,213.33013547770142,0.1550741195678711,296.0,1.0,260.0,3381.0,284.71428571428544,13338.0,31.46666717529297,5.483333110809326,21005.400390625,23.516666412353516,5.400000095367432,4.7833333015441895,47.75,25825.0,2755.114285714286,0.6662856936454773,26.486785888671875,168.42857142857142,1577.47607421875,2676.0,0.37904760241508484,1095.4285714285713,0,518,1,0,0,21,21,81
0,266.0,0.5541619062423706,296.0,1.0,260.0,1254.0,285.9591836734692,11206.1669921875,31.066667556762695,8.399999618530273,21584.05078125,23.58333396911621,5.300000190734863,4.483333110809326,47.25,20015.333984375,2705.9142857142856,0.6699047684669495,26.471904754638672,173.2,1581.7236328125,2671.914306640625,0.433261901140213,1094.2285714285715,0,518,1,0,0,31,21,113
0,126.0,0.7742303013801575,296.0,1.0,260.0,1327.0,273.38775510204067,9897.1669921875,30.688888549804688,8.211111068725586,26312.990234375,24.149999618530273,5.433333396911621,4.516666889190674,46.266666412353516,24272.833984375,2527.3714285714286,0.67509526014328,26.513690948486328,176.11428571428573,1584.7615966796875,2658.45703125,0.6504762172698975,1097.4571428571428,0,518,1,0,0,24,32,62
1,190.0,0.18472063541412354,296.0,1.0,260.0,3472.0,265.081632653061,13979.6669921875,32.04999923706055,8.300000190734863,22408.75,23.71666717529297,5.0,4.5,46.79999923706055,22409.5,2453.885714285714,0.6818809509277344,26.612262725830078,178.65714285714284,1591.5230712890625,2664.028564453125,0.6492857336997986,1102.3142857142857,0,518,1,0,0,31,9,94
1,222.0,0.02508551813662052,296.0,1.0,260.0,3717.0,257.6530612244896,16338.0,29.21666717529297,9.350000381469727,23332.482421875,24.883333206176758,5.300000190734863,4.599999904632568,42.233333587646484,37251.66796875,2383.885714285714,0.6936904788017273,26.690000534057617,184.97142857142856,1596.368896484375,2649.54296875,0.7172857522964478,1104.057142857143,1,518,1,0,0,42,2,94
1,176.0,0.5644241571426392,296.0,1.0,260.0,6930.0,247.6938775510202,11381.0,30.733333587646484,7.683333396911621,17750.099609375,23.0,5.0,4.616666793823242,45.08333206176758,19107.0,2327.2,0.7026190161705017,26.725238800048828,186.65714285714284,1602.287353515625,2639.628662109375,0.7651428580284119,1109.5714285714287,0,518,1,0,0,42,12,97
0,157.0,0.13797035813331604,296.0,1.0,260.0,13171.0,237.4285714285712,10910.9443359375,27.922222137451172,8.550000190734863,22670.0,23.655555725097656,4.599999904632568,4.550000190734863,47.80555725097656,23473.888671875,2240.057142857143,0.711976170539856,26.751548767089844,191.9142857142857,1607.8360595703125,2639.771484375,0.8242857456207275,1110.6285714285714,2,518,1,0,0,21,21,58
0,74.0,0.18129988014698029,296.0,1.0,260.0,17737.0,228.57142857142833,10901.5,31.183332443237305,10.383333206176758,23155.583984375,25.366666793823242,4.900000095367432,4.599999904632568,48.75,21911.166015625,2190.8,0.7292619347572327,26.89583396911621,224.57142857142858,1686.9326171875,2572.771484375,0.8744999766349792,1130.2285714285715,0,518,1,0,0,21,21,35
0,133.0,0.4663625955581665,296.0,1.0,238.0,14812.0,217.44897959183643,11433.0,31.28333282470703,9.866666793823242,25381.216796875,25.616666793823242,5.199999809265137,4.599999904632568,46.13333511352539,28097.333984375,2168.7428571428572,0.7128809690475464,26.768810272216797,196.4,1616.0845947265625,2639.428466796875,0.8580713868141174,1111.8285714285714,0,508,1,0,0,41,10,49
0,129.0,0.27480044960975647,296.0,1.0,238.0,5409.0,211.65306122448953,11824.1669921875,29.566667556762695,8.766666412353516,19096.06640625,23.683332443237305,5.199999809265137,4.699999809265137,46.70000076293945,24328.333984375,2142.8285714285716,0.718999981880188,26.785476684570312,191.05714285714285,1606.286865234375,2646.428466796875,0.8775714039802551,1113.5142857142857,0,508,1,0,0,21,25,48
0,138.0,0.611174464225769,296.0,1.0,238.0,3039.0,211.73469387755077,13753.6669921875,29.016666412353516,8.25,18285.44921875,24.616666793823242,4.900000095367432,4.5,48.70000076293945,20937.5,2133.3142857142857,0.7234523892402649,26.80821418762207,189.62857142857143,1605.0899658203125,2648.314208984375,0.8849999904632568,1115.4857142857143,0,508,1,0,0,41,16,54
0,116.0,0.15735462307929993,296.0,1.0,238.0,4888.0,207.04081632653043,11112.3330078125,31.149999618530273,7.849999904632568,18272.18359375,22.549999237060547,4.5,4.683333396911621,46.58333206176758,18852.833984375,2160.4285714285716,0.7354523539543152,26.868572235107422,199.42857142857142,1615.9964599609375,2607.571533203125,0.9297381043434143,1116.5142857142857,1,508,1,0,0,34,4,47
0,148.0,0.7263398170471191,296.0,1.0,238.0,3822.0,205.32653061224474,10905.3330078125,29.600000381469727,6.349999904632568,19308.400390625,23.58333396911621,4.800000190734863,4.599999904632568,47.56666564941406,19673.0,2064.4857142857145,0.7223333120346069,26.739999771118164,203.82857142857142,1628.7603759765625,2604.82861328125,0.9400476217269897,1113.3428571428572,1,508,1,0,0,21,8,55
0,158.0,0.7240592837333679,296.0,1.0,238.0,1703.0,205.61224489795904,11371.0,30.0,8.033333778381348,19626.6171875,22.950000762939453,4.5,4.5,44.483333587646484,19654.166015625,2073.5714285714284,0.7348809242248535,26.835596084594727,205.54285714285714,1632.863525390625,2575.314208984375,0.9539047479629517,1119.2,1,508,1,0,0,21,29,66
1,164.0,0.06499429792165756,296.0,1.0,238.0,3443.0,207.1632653061223,14674.6669921875,29.116666793823242,8.766666412353516,18025.783203125,23.350000381469727,5.0,4.683333396911621,47.46666717529297,25728.166015625,2118.9714285714285,0.7448333501815796,26.84130859375,197.4857142857143,1612.175537109375,2586.142822265625,0.918571412563324,1118.3142857142857,1,508,1,0,0,21,16,71
0,104.0,0.27366021275520325,296.0,1.0,238.0,9289.0,210.85714285714266,9883.5,29.683332443237305,6.349999904632568,17461.466796875,23.116666793823242,5.400000095367432,4.683333396911621,49.81666564941406,19553.333984375,2013.9714285714285,0.7414047718048096,26.78952407836914,202.4857142857143,1620.6552734375,2581.800048828125,0.947857141494751,1115.9142857142858,4,508,1,0,0,31,2,44
0,134.0,0.22120866179466248,296.0,1.0,238.0,5340.0,212.3877551020407,11138.0,31.46666717529297,8.466666221618652,17180.8671875,24.116666793823242,5.099999904632568,4.650000095367432,46.68333435058594,22638.0,2052.6,0.7544523477554321,26.81999969482422,200.68571428571428,1616.123779296875,2564.228515625,0.9386666417121887,1119.057142857143,0,508,1,0,0,31,8,52
0,126.0,0.6716077327728271,296.0,1.0,238.0,2735.0,215.85714285714275,9899.111328125,30.083332061767578,6.711111068725586,16188.966796875,23.827777862548828,5.133333206176758,4.733333110809326,45.588890075683594,19460.333984375,2027.5142857142857,0.7577142715454102,26.818214416503906,211.4857142857143,1634.9805908203125,2517.3427734375,0.9454761743545532,1119.5428571428572,0,508,1,0,0,41,9,48
0,168.0,0.5986316800117493,296.0,1.0,238.0,2820.0,217.8367346938774,12738.3330078125,31.03333282470703,7.083333492279053,16713.232421875,23.0,5.400000095367432,4.800000190734863,46.0,34667.5,2024.9142857142858,0.7446666359901428,26.727380752563477,212.14285714285714,1638.4593505859375,2506.485595703125,0.9528095126152039,1114.6285714285714,0,508,1,0,0,42,8,67
0,157.0,0.34207525849342346,296.0,1.0,238.0,1834.0,218.51020408163248,10203.0,29.78333282470703,5.650000095367432,16153.7001953125,21.850000381469727,4.900000095367432,4.699999809265137,46.06666564941406,22601.333984375,1975.7428571428572,0.7415476441383362,26.695476531982422,211.71428571428572,1636.55859375,2477.1142578125,0.9213333129882812,1111.2,1,508,1,0,0,31,11,62
0,221.0,0.19042189419269562,296.0,1.0,238.0,4585.0,218.51020408163248,10818.888671875,29.80555534362793,7.138888835906982,18040.30078125,23.16111183166504,5.0333333015441895,4.5333333015441895,46.738887786865234,20692.0,2058.457142857143,0.7459762096405029,26.696428298950195,216.05714285714285,1635.734130859375,2446.800048828125,0.910976231098175,1107.857142857143,0,508,1,0,0,24,23,99
0,166.0,0.13226909935474396,296.0,1.0,238.0,3615.0,217.44897959183655,10255.611328125,33.16666793823242,9.927777290344238,18557.533203125,22.622222900390625,4.866666793823242,4.855555534362793,41.19444274902344,20934.77734375,1965.5142857142857,0.7497143149375916,26.683334350585938,218.25714285714287,1642.311767578125,2437.571533203125,0.9121904969215393,1108.3428571428572,0,508,1,0,0,34,7,69
0,162.0,0.18129988014698029,296.0,1.0,238.0,7691.0,211.53061224489775,8235.8330078125,26.58333396911621,8.100000381469727,16036.9169921875,23.383333206176758,4.400000095367432,4.7833333015441895,49.25,21022.5,2156.657142857143,0.7698333263397217,26.789047241210938,208.34285714285716,1619.245361328125,2403.257080078125,0.8559285402297974,1110.8285714285714,0,508,1,0,0,42,19,72
0,181.0,0.5689851641654968,296.0,1.0,238.0,6816.0,210.42857142857125,9092.6669921875,32.233333587646484,7.9666666984558105,15300.849609375,23.03333282470703,4.800000190734863,4.800000190734863,41.13333511352539,17255.333984375,2047.6857142857143,0.7497143149375916,26.628570556640625,225.37142857142857,1657.809326171875,2375.028564453125,0.8812381029129028,1106.4571428571428,0,508,1,0,0,21,24,69
0,139.0,0.1014823243021965,296.0,1.0,238.0,1323.0,205.75510204081615,7318.0,31.350000381469727,5.483333110809326,14659.466796875,21.549999237060547,4.699999809265137,4.800000190734863,43.11666488647461,16341.3330078125,2175.457142857143,0.751547634601593,26.62047576904297,222.05714285714285,1648.3985595703125,2331.857177734375,0.8596190214157104,1103.4571428571428,2,508,1,0,0,34,8,61
0,164.0,0.46294185519218445,296.0,1.0,238.0,1583.0,204.2857142857141,7775.16650390625,35.400001525878906,6.349999904632568,14464.650390625,22.58333396911621,4.5,4.800000190734863,39.516666412353516,17004.833984375,2243.3714285714286,0.7463571429252625,26.55321502685547,221.45714285714286,1644.73193359375,2308.6572265625,0.8480714559555054,1099.3714285714286,1,508,1,0,0,21,23,63
0,151.0,0.4116305708885193,296.0,1.0,238.0,3009.0,202.40816326530597,8285.1669921875,30.983333587646484,8.050000190734863,15062.0,21.450000762939453,4.599999904632568,4.949999809265137,43.400001525878906,17942.166015625,2263.885714285714,0.7626904845237732,26.635595321655273,224.28571428571428,1646.517578125,2287.428466796875,0.8531666994094849,1101.3714285714286,1,508,1,0,0,21,1,68
0,150.0,0.34777650237083435,296.0,1.0,238.0,2018.0,200.4897959183672,9079.3330078125,38.41666793823242,7.116666793823242,22152.1171875,22.866666793823242,5.0,4.699999809265137,37.46666717529297,22220.166015625,2329.5142857142855,0.755309522151947,26.5674991607666,225.05714285714285,1660.2618408203125,2256.94287109375,0.8794761896133423,1103.1142857142856,2,508,1,0,0,21,2,67
0,232.0,0.611174464225769,296.0,1.0,238.0,2663.0,198.53061224489787,7609.0,36.46666717529297,5.699999809265137,15524.2666015625,23.316667556762695,4.800000190734863,4.900000095367432,38.31666564941406,18741.0,2399.057142857143,0.7610714435577393,26.566547393798828,223.28571428571428,1652.1014404296875,2247.085693359375,0.8754523992538452,1100.9714285714285,3,508,1,0,0,41,10,104
0,219.0,0.1824401319026947,296.0,1.0,238.0,2860.0,194.87755102040802,7451.66650390625,37.96666717529297,3.816666603088379,14902.2001953125,22.28333282470703,4.599999904632568,4.800000190734863,46.06666564941406,21605.0,2449.0285714285715,0.7611428499221802,26.551427841186523,227.11428571428573,1663.8297119140625,2221.771484375,0.8914048075675964,1102.4571428571428,0,508,1,0,0,31,8,94
0,106.0,0.049030788242816925,296.0,1.0,238.0,4634.0,190.75510204081618,8646.3330078125,30.399999618530273,8.899999618530273,14948.43359375,22.75,4.300000190734863,4.833333492279053,44.33333206176758,19243.333984375,2589.0,0.7735475897789001,26.58702278137207,215.4,1645.8636474609375,2212.800048828125,0.8084762096405029,1104.7714285714285,1,508,1,0,0,21,12,46
0,140.0,0.1425313502550125,296.0,1.0,238.0,2115.0,187.1632653061223,8377.1669921875,39.06666564941406,7.366666793823242,15744.1162109375,23.016666412353516,4.300000190734863,5.0,39.63333511352539,19187.5,2604.8,0.76926189661026,26.56511878967285,220.4,1657.2962646484375,2194.6572265625,0.8031190633773804,1103.6571428571428,0,508,1,0,0,41,15,61
0,198.0,0.21892815828323364,296.0,1.0,238.0,1323.0,185.18367346938763,8732.0,41.70000076293945,5.583333492279053,15414.3330078125,22.25,4.599999904632568,4.900000095367432,35.04999923706055,17904.666015625,2747.2571428571428,0.7684761881828308,26.472143173217773,220.5142857142857,1666.6400146484375,2167.3427734375,0.7539762258529663,1106.3714285714286,3,508,1,0,0,41,11,78
0,146.0,0.27251994609832764,296.0,1.0,238.0,3235.0,184.71428571428555,11023.5,42.58333206176758,9.483333587646484,14560.216796875,21.933332443237305,4.199999809265137,5.150000095367432,35.20000076293945,18701.0,2937.885714285714,0.7632380723953247,26.390953063964844,215.28571428571428,1672.4571533203125,2150.685791015625,0.739380955696106,1111.9142857142858,1,508,1,0,0,21,15,66
0,139.0,0.4310148358345032,296.0,1.0,238.0,4909.0,185.8571428571427,7498.0,43.849998474121094,7.050000190734863,15077.0,22.766666412353516,4.099999904632568,5.016666889190674,29.616666793823242,19782.0,3175.942857142857,0.7629523873329163,26.323572158813477,197.42857142857142,1653.00244140625,2165.800048828125,0.727238118648529,1114.9714285714285,0,508,1,0,0,21,11,53
0,,0.06385404616594315,296.0,1.0,238.0,1346.0,188.42857142857125,9176.6669921875,36.66666793823242,7.5,15681.599609375,22.5,4.5,5.099999904632568,38.36666488647461,18701.111328125,3461.0285714285715,0.7760000228881836,26.44011878967285,203.74285714285713,1670.0902099609375,2118.800048828125,0.6091428399085999,1119.3428571428572,2,508,1,0,0,31,5,
0,140.0,0.26795893907546997,296.0,1.0,238.0,1413.0,192.67346938775492,9607.27734375,41.63888931274414,6.988889217376709,14909.5,21.238887786865234,4.300000190734863,4.849999904632568,34.255558013916016,17282.111328125,3686.542857142857,0.7582857012748718,26.35202407836914,194.42857142857142,1664.680419921875,2118.314208984375,0.5343809723854065,1119.3714285714286,1,508,1,0,0,42,3,54
0,,0.0022805016487836838,296.0,1.0,238.0,2476.0,199.34693877550998,7649.33349609375,38.0,4.016666889190674,14714.0,21.899999618530273,4.199999809265137,5.0,37.96666717529297,17730.833984375,3881.8285714285716,0.7448333501815796,26.120595932006836,187.9142857142857,1674.82470703125,2124.371337890625,0.5359523892402649,1122.2285714285715,1,508,1,0,0,21,1,
0,199.0,0.1482326090335846,296.0,1.0,238.0,3396.0,201.38775510173122,8071.66650390625,33.88888931274414,9.98888874053955,14852.5673828125,22.616666793823242,4.099999904632568,5.099999904632568,38.02777862548828,16812.72265625,3947.885714285714,0.7585476040840149,26.305356979370117,187.77142857142857,1667.173095703125,2122.628662109375,0.47080954909324646,1123.2857142857142,0,508,1,0,0,41,32,84
0,147.0,0.3375142514705658,296.0,1.0,238.0,2354.0,211.93877551020384,8049.77783203125,38.47222137451172,8.622222900390625,18193.51171875,24.294445037841797,4.5333333015441895,4.9666666984558105,40.54999923706055,20023.111328125,4170.085714285714,0.7591904997825623,26.35678482055664,173.2,1647.39501953125,2145.628662109375,0.33264288306236267,1123.857142857143,2,508,1,0,0,21,2,60
1,240.0,0.01254275906831026,267.0,4.0,238.0,3164.0,218.55102040816305,7507.0,33.06666564941406,7.516666889190674,14563.5,20.799999237060547,3.9000000953674316,5.0,38.29999923706055,15878.6669921875,4263.6,0.7905714511871338,26.60630989074707,182.54285714285714,1658.6114501953125,2115.771484375,0.22011904418468475,1130.942857142857,0,508,1,0,0,31,17,101
0,223.0,0.9247434139251709,267.0,4.0,238.0,1127.0,225.3877551020406,8978.1669921875,39.41666793823242,10.616666793823242,17167.8828125,22.75,4.199999809265137,4.599999904632568,37.18333435058594,19911.5,4345.371428571429,0.7698571681976318,26.434762954711914,189.57142857142858,1686.1968994140625,2105.571533203125,0.19323807954788208,1131.857142857143,0,508,1,1,0,31,26,84
0,290.0,0.9543899893760681,267.0,4.0,238.0,1066.0,231.87755102040796,9090.6669921875,38.03333282470703,10.116666793823242,15942.599609375,21.899999618530273,4.0,4.599999904632568,34.63333511352539,18198.333984375,4462.342857142857,0.7642619013786316,26.407024383544922,188.05714285714285,1694.4300537109375,2130.257080078125,0.13035716116428375,1133.1142857142856,0,508,1,1,0,31,26,136
0,222.0,0.9053592085838318,267.0,4.0,238.0,1095.0,237.36734693877526,9480.3330078125,42.08333206176758,10.666666984558105,16070.4501953125,21.549999237060547,3.9000000953674316,4.650000095367432,32.38333511352539,18959.666015625,4510.314285714286,0.7600952386856079,26.348215103149414,188.62857142857143,1696.04443359375,2134.17138671875,0.11628571152687073,1130.4,1,508,1,1,0,21,2,86
0,265.0,0.9486886858940125,267.0,4.0,238.0,1029.0,237.79591836734673,9382.3330078125,40.53333282470703,10.949999809265137,17153.166015625,21.683332443237305,4.0,4.566666603088379,31.649999618530273,18707.333984375,4531.142857142857,0.760023832321167,26.39392852783203,178.88571428571427,1680.7366943359375,2189.71435546875,0.04183332994580269,1129.4285714285713,0,508,1,1,0,42,26,114
0,207.0,0.9156214594841003,267.0,4.0,238.0,1082.0,205.18367346938757,11162.611328125,34.38888931274414,9.116666793823242,24906.900390625,22.149999618530273,4.0333333015441895,4.516666889190674,36.400001525878906,20432.5,4514.6,0.7604047656059265,26.336427688598633,185.31428571428572,1695.5330810546875,2231.05712890625,-0.21057143807411194,1124.8285714285714,2,508,1,1,0,41,26,86
0,119.0,0.3911060392856598,267.0,4.0,238.0,2619.0,211.22448979591817,8760.5,35.68333435058594,9.949999809265137,16837.5,22.08333396911621,4.300000190734863,4.849999904632568,37.33333206176758,18432.0,4594.0,0.7653809785842896,26.37821388244629,168.28571428571428,1654.038818359375,2283.742919921875,-0.29140475392341614,1116.4,3,508,1,1,0,24,1,46
0,121.0,0.022805016487836838,267.0,4.0,238.0,2304.0,199.85714285714266,9360.8330078125,31.450000762939453,6.166666507720947,16454.599609375,23.633333206176758,4.300000190734863,4.800000190734863,43.016666412353516,19228.666015625,4613.028571428571,0.7723095417022705,26.402143478393555,170.22857142857143,1654.589111328125,2266.82861328125,-0.37223806977272034,1115.9142857142858,3,508,1,1,0,31,2,46
0,127.0,0.0,267.0,4.0,238.0,12554.0,182.89795918367335,11109.6669921875,31.983333587646484,11.633333206176758,16499.150390625,21.71666717529297,3.9000000953674316,5.0,42.43333435058594,19058.666015625,4739.257142857143,0.8204761743545532,26.75190544128418,181.97142857142856,1661.54541015625,2274.628662109375,-0.4884761869907379,1120.7142857142858,7,508,1,0,0,34,8,53
0,99.0,0.006841504946351051,267.0,4.0,238.0,22537.0,168.6326530612243,9527.1669921875,33.79999923706055,11.983333587646484,17771.0,20.133333206176758,4.199999809265137,4.949999809265137,36.83333206176758,18632.666015625,4803.771428571428,0.822523832321167,26.738452911376953,194.5142857142857,1691.1387939453125,2267.571533203125,-0.6000238060951233,1122.7428571428572,1,508,1,0,0,41,11,39
0,98.0,0.0,267.0,4.0,238.0,31093.0,155.30612244897947,8238.3330078125,32.83333206176758,15.216666221618652,16145.283203125,20.816667556762695,4.300000190734863,4.900000095367432,33.58333206176758,17386.833984375,4890.314285714286,0.8225952386856079,26.750951766967773,194.28571428571428,1701.085693359375,2317.371337890625,-0.6132857203483582,1127.6857142857143,2,508,1,0,0,21,14,40
0,112.0,0.21094641089439392,267.0,4.0,238.0,32767.0,145.14285714285708,9949.0,27.766666412353516,16.866666793823242,15840.900390625,21.733333587646484,4.0,4.9666666984558105,42.58333206176758,24295.5,5060.085714285714,0.850261926651001,26.941904067993164,188.6,1675.8585205078125,2345.971435546875,-0.7415714263916016,1123.7428571428572,1,508,1,0,0,34,11,44
0,128.0,0.2554161846637726,267.0,4.0,238.0,32767.0,134.30612244897952,9629.0,30.4777774810791,15.98888874053955,16195.3896484375,21.422222137451172,3.7666666507720947,5.0,40.64444351196289,23439.333984375,5097.8571428571195,0.8487698435783386,26.9359130859375,193.00952380949073,1678.3583984375,2336.82861328125,-0.7948333024978638,1119.2857142857367,2,508,1,0,0,34,9,50
0,114.0,0.6077536940574646,267.0,4.0,238.0,32767.0,124.24489795918363,11099.6669921875,31.149999618530273,16.350000381469727,17582.69921875,22.299999237060547,4.300000190734863,5.0,37.21666717529297,24918.666015625,5124.857142857143,0.8545952439308167,26.90118980407715,207.57142857142858,1689.6021728515625,2236.485595703125,-0.911142885684967,1108.3428571428572,0,508,1,0,1,21,35,44
0,94.0,0.6681870222091675,267.0,4.0,238.0,32767.0,120.61224489795912,13231.5,30.33333396911621,18.433332443237305,17627.44921875,22.700000762939453,4.199999809265137,5.0,37.0,27455.333984375,5082.971428571429,0.8413571715354919,26.760833740234375,220.6,1701.4176025390625,2192.085693359375,-0.9202380776405334,1097.2857142857142,1,508,1,0,1,31,35,44
0,98.0,0.13340935111045837,267.0,4.0,238.0,32767.0,115.97959183673463,9275.3330078125,37.91666793823242,16.16666603088379,16614.166015625,22.350000381469727,3.700000047683716,5.0,34.54999923706055,21490.0,5081.8,0.8755714297294617,26.946666717529297,226.9142857142857,1696.9715576171875,2103.628662109375,-0.9927619099617004,1097.6571428571428,1,508,1,0,1,34,9,41
0,80.0,0.1755986362695694,267.0,4.0,238.0,29198.0,113.938775510204,11493.5556640625,31.094444274902344,16.427778244018555,14674.3115234375,20.988887786865234,3.700000047683716,4.944444179534912,36.116668701171875,16815.333984375,5078.6,0.8620238304138184,26.884523391723633,235.42857142857142,1692.531005859375,2066.085693359375,-0.9507619142532349,1082.8,1,508,1,0,1,41,6,33
0,30.0,0.11288483440876007,267.0,4.0,238.0,26355.0,116.30612244897951,10675.1669921875,28.96666717529297,13.066666603088379,15938.099609375,21.450000762939453,3.9000000953674316,4.916666507720947,43.18333435058594,21168.333984375,5042.685714285714,0.8774762153625488,26.979524612426758,249.82857142857142,1702.40673828125,1975.199951171875,-1.0393809080123901,1077.5428571428572,0,508,1,0,1,21,7,12
0,71.0,0.31356897950172424,267.0,4.0,238.0,19835.0,120.18367346938763,12156.8330078125,34.38333511352539,16.149999618530273,17796.783203125,21.700000762939453,4.0,4.900000095367432,38.11666488647461,21893.666015625,5085.914285714286,0.8696190714836121,26.906070709228516,256.85714285714283,1708.5216064453125,1938.971435546875,-1.0149999856948853,1071.0857142857142,3,508,1,0,1,21,16,27
0,30.0,0.38312429189682007,267.0,4.0,238.0,31146.0,124.0612244897958,13758.0,35.78333282470703,13.649999618530273,16602.599609375,22.116666793823242,3.799999952316284,5.0,35.849998474121094,20851.0,5042.371428571429,0.9122619032859802,27.122499465942383,262.74285714285713,1722.0430908203125,1952.1142578125,-1.1652857065200806,1084.4857142857143,1,508,1,0,1,24,3,14
0,,0.030786773189902306,267.0,4.0,238.0,25031.0,128.57142857142847,20504.666015625,31.266666412353516,12.399999618530273,13977.06640625,23.016666412353516,4.699999809265137,5.199999809265137,38.75,29033.666015625,5081.685714285714,0.9372618794441223,27.27107048034668,269.4,1725.066162109375,1932.142822265625,-1.1969761848449707,1085.857142857143,2,508,1,0,1,24,2,
0,4.0,0.0,267.0,4.0,238.0,25384.0,130.673469387755,17909.0,34.599998474121094,12.300000190734863,14971.966796875,22.91666603088379,4.699999809265137,5.066666603088379,37.91666793823242,21194.5,5063.457142857143,0.937833309173584,27.25261878967285,276.2,1739.5782470703125,1917.3714599609375,-1.2541190385818481,1087.4,0,508,1,0,1,41,3,1
0,,0.015963511541485786,267.0,4.0,238.0,26834.0,132.71428571428564,22387.166015625,44.43333435058594,13.5,16353.0,21.08333396911621,3.799999952316284,5.099999904632568,24.0,36616.0,4886.857142857143,0.9584047794342041,27.354522705078125,315.14285714285717,1816.075927734375,1813.0,-1.4198095798492432,1101.0,0,508,1,0,1,24,3,
0,,0.5085518956184387,267.0,4.0,170.0,32767.0,135.02127659574455,13723.0556640625,39.483333587646484,13.016666412353516,12204.755859375,22.872222900390625,4.666666507720947,4.97777795791626,29.350000381469727,19630.833984375,5016.085714285714,0.9445714354515076,27.260356903076172,300.6,1727.31201171875,2047.3714599609375,-1.781595230102539,1093.2857142857142,0,611,1,0,0,21,22,
0,79.0,0.0672748014330864,267.0,4.0,170.0,32767.0,133.2608695652172,15939.3330078125,41.96666717529297,12.533333778381348,16764.232421875,21.66666603088379,4.199999809265137,5.066666603088379,23.08333396911621,24945.0,4878.885714285714,0.9487142562866211,27.279285430908203,331.8,1802.94580078125,2011.3428955078125,-1.8593095541000366,1113.0857142857142,2,611,1,0,1,31,10,38
0,35.0,0.16419611871242523,267.0,4.0,170.0,32767.0,130.91304347826065,10482.111328125,35.63888931274414,15.63888931274414,15531.6884765625,23.100000381469727,3.9000000953674316,5.005555629730225,32.11111068725586,18208.22265625,4819.714285714285,0.9517381191253662,27.302143096923828,340.9714285714286,1813.2177734375,1971.142822265625,-1.8677618503570557,1114.0,0,611,1,0,1,21,2,16
0,68.0,0.34663626551628113,267.0,4.0,170.0,32767.0,129.95652173913018,10931.5,33.13333511352539,14.833333015441895,11297.1337890625,22.16666603088379,3.799999952316284,5.050000190734863,41.766666412353516,45836.16796875,4917.8,0.9581666588783264,27.231189727783203,319.0285714285714,1755.4564208984375,2038.085693359375,-1.875761866569519,1105.4,0,611,1,0,1,21,17,29
0,76.0,0.5849486589431763,267.0,4.0,170.0,32767.0,129.95652173913018,14760.6669921875,39.900001525878906,12.300000190734863,20827.31640625,22.28333282470703,3.799999952316284,5.016666889190674,37.43333435058594,21621.333984375,4869.657142857143,0.9477618932723999,27.154762268066406,320.6,1756.8585205078125,2047.5428466796875,-1.8830475807189941,1099.4,0,611,1,0,1,21,18,36
0,358.0,0.8494868874549866,286.0,2.0,290.0,1072.0,285.5102040816324,16045.0,29.683332443237305,2.4000000953674316,23014.56640625,25.133333206176758,4.699999809265137,4.25,42.21666717529297,25429.833984375,356.48571428571427,0.5825238227844238,26.258689880371094,3.3142857142857145,1322.283935546875,3016.82861328125,-0.4013333320617676,1049.7428571428572,0,503,1,0,0,21,6,132
0,265.0,0.37628278136253357,286.0,2.0,285.0,1248.0,278.2244897959181,14716.0,36.400001525878906,4.0,22411.6328125,27.25,5.800000190734863,4.183333396911621,26.700000762939453,24186.5,379.1142857142857,0.588190495967865,26.307737350463867,4.457142857142857,1329.2918701171875,2950.428466796875,-0.35338094830513,1054.2285714285715,0,503,1,0,0,21,9,91
0,216.0,0.6488027572631836,286.0,2.0,285.0,3260.0,275.04081632653043,15132.0,34.31666564941406,6.083333492279053,21512.94921875,26.983333587646484,5.599999904632568,4.333333492279053,37.849998474121094,22996.0,386.2857142857143,0.5824285745620728,26.325000762939453,4.514285714285714,1329.5133056640625,2935.1142578125,-0.33580952882766724,1053.6571428571428,0,496,1,0,0,21,19,74
1,132.0,0.10946407914161682,286.0,2.0,285.0,2032.0,276.5510204081631,16357.0,35.11666488647461,3.0333333015441895,24083.3828125,26.58333396911621,6.099999904632568,4.366666793823242,34.43333435058594,27845.666015625,379.7142857142857,0.5846190452575684,26.352975845336914,4.171428571428572,1334.9630126953125,2953.0,-0.2606666684150696,1058.3714285714286,0,496,1,0,0,31,22,45
1,113.0,0.028506271541118622,286.0,2.0,285.0,8020.0,267.02040816326513,15290.1669921875,37.766666412353516,1.75,26534.75,27.766666412353516,5.699999809265137,4.233333110809326,15.0,33030.83203125,391.8,0.6043809652328491,26.45940589904785,4.171428571428572,1316.66259765625,2974.45703125,-0.27111905813217163,1053.2,0,496,1,1,0,41,22,39
1,189.0,0.028506271541118622,286.0,2.0,285.0,5131.0,267.18367346938754,16211.6669921875,36.13333511352539,2.1666667461395264,23127.982421875,26.633333206176758,5.5,4.2833333015441895,22.766666412353516,30783.666015625,389.8857142857143,0.6064047813415527,26.492977142333984,4.228571428571429,1323.7412109375,2973.371337890625,-0.24964287877082825,1058.4285714285713,0,496,1,1,0,31,35,65
0,149.0,0.48916763067245483,286.0,2.0,285.0,1349.0,243.46938775510185,18133.5,34.71666717529297,4.333333492279053,24265.3828125,27.316667556762695,5.300000190734863,4.316666603088379,25.08333396911621,46424.83203125,534.6,0.6528095006942749,26.727262496948242,4.0285714285714285,1330.9168701171875,3006.17138671875,-0.11666665226221085,1074.2857142857142,0,496,1,1,0,31,6,52
0,290.0,0.5005701184272766,286.0,2.0,285.0,1901.0,248.38775510204067,16800.0,35.11666488647461,2.866666555404663,21800.400390625,26.71666717529297,5.800000190734863,4.2833333015441895,21.16666603088379,26330.5,592.0857142857143,0.6643333435058594,26.76309585571289,4.257142857142857,1324.97705078125,2997.857177734375,-0.03459523990750313,1072.6285714285714,0,496,1,0,0,42,13,107
1,230.0,0.11402508616447449,286.0,2.0,285.0,1805.0,248.38775510204067,16717.0,34.27777862548828,3.961111068725586,22285.0,26.850000381469727,6.266666889190674,4.266666412353516,22.877777099609375,24284.27734375,582.5428571428571,0.6708412766456604,26.81571388244629,4.428571428571429,1328.2059326171875,2990.79052734375,-0.028150800615549088,1076.3428571428572,0,496,1,1,0,21,20,79
1,101.0,0.15735462307929993,286.0,2.0,285.0,2002.0,252.83673469387742,,,,,,,,,29306.333984375,609.5428571428571,0.6756666898727417,26.82178497314453,4.457142857142857,1330.1947021484375,2979.39990234375,0.015142854303121567,1078.2571428571428,0,496,1,0,0,21,28,34
0,234.0,0.8939566612243652,286.0,2.0,296.0,1056.0,247.26530612244878,15636.8330078125,40.36666488647461,2.933333396911621,22529.8671875,27.266666412353516,6.599999904632568,4.183333396911621,18.41666603088379,30406.0,727.0285714285715,0.7013571262359619,26.923095703125,7.742857142857143,1327.47900390625,2825.05712890625,0.19295237958431244,1078.1142857142856,0,474,1,0,0,42,31,105
0,110.0,0.6214367151260376,286.0,2.0,296.0,1047.0,241.9387755102039,16333.8330078125,39.13333511352539,2.7333333492279053,19517.19921875,24.5,5.400000095367432,4.183333396911621,28.683332443237305,23205.333984375,741.0857142857143,0.7082856893539429,27.03416633605957,8.542857142857143,1333.84033203125,2821.54296875,0.12807142734527588,1083.942857142857,1,474,1,0,0,42,3,50
1,301.0,0.0,286.0,2.0,296.0,12218.0,231.95918367346923,16150.8330078125,33.46666717529297,3.933333396911621,18337.833984375,25.0,5.5,4.183333396911621,20.96666717529297,26885.166015625,743.6857142857143,0.707880973815918,27.13547706604004,8.285714285714286,1339.4593505859375,2900.1142578125,0.04140474274754524,1088.7714285714285,0,496,1,0,0,24,20,108
1,214.0,0.24629418551921844,286.0,2.0,296.0,1518.0,231.24489795918356,15587.6669921875,32.63333511352539,5.816666603088379,18874.849609375,26.649999618530273,5.5,4.25,18.116666793823242,22819.833984375,729.4857142857143,0.7021666765213013,27.14583396911621,7.285714285714286,1342.8897705078125,2989.028564453125,-0.003999997861683369,1091.0,0,474,1,1,0,31,3,83
1,194.0,0.017103763297200203,286.0,2.0,248.0,2975.0,237.55102040816305,16249.27734375,35.511112213134766,4.75,20638.34375,25.377779006958008,5.0333333015441895,4.25,16.86111068725586,33925.16796875,645.8857142857142,0.6415238380432129,27.13166618347168,9.942857142857143,1384.93798828125,2987.485595703125,-0.018809519708156586,1103.0857142857142,0,473,1,0,1,41,11,86
1,262.0,0.03306727483868599,286.0,2.0,248.0,3641.0,242.36734693877534,14570.6669921875,33.61666488647461,1.5833333730697632,15606.6669921875,23.299999237060547,5.300000190734863,4.083333492279053,20.816667556762695,27424.0,782.0571428571428,0.612500011920929,27.001428604125977,27.142857142857142,1412.2373046875,2559.228515625,0.017142854630947113,1093.8285714285714,0,473,1,0,0,34,26,117
0,270.0,0.8882554173469543,286.0,2.0,248.0,1137.0,248.71428571428558,14926.6669921875,35.54999923706055,3.4166667461395264,16976.43359375,24.766666412353516,5.0,4.150000095367432,22.25,29104.333984375,862.1714285714286,0.6050238013267517,26.93488121032715,28.97142857142857,1428.6859130859375,2537.228515625,-0.021690476685762405,1099.3714285714286,0,473,1,0,1,34,26,121
1,301.0,0.29532498121261597,286.0,2.0,248.0,1178.0,257.4897959183672,9960.0,35.13333511352539,2.9666666984558105,21962.31640625,23.5,4.199999809265137,4.616666793823242,34.79999923706055,45773.0,1222.057142857143,0.643666684627533,27.04940414428711,41.885714285714286,1444.441650390625,2622.6572265625,-0.05861905962228775,1102.942857142857,0,473,1,0,0,41,34,137
0,269.0,0.3033067286014557,286.0,2.0,248.0,1246.0,255.51020408163245,13143.0,30.200000762939453,2.25,18007.982421875,23.183332443237305,4.300000190734863,4.483333110809326,37.58333206176758,23157.0,1260.3142857142857,0.6536428332328796,27.108095169067383,44.08571428571429,1441.98291015625,2620.39990234375,-0.09988094121217728,1102.1142857142856,0,473,1,0,0,41,18,104
1,153.0,0.2690992057323456,286.0,2.0,248.0,1202.0,253.28571428571408,17355.166015625,38.29999923706055,4.066666603088379,19955.55078125,24.549999237060547,4.699999809265137,4.5,26.766666412353516,41369.5,1260.3142857142857,0.6536428332328796,27.108095169067383,44.08571428571429,1441.98291015625,2620.39990234375,-0.09988094121217728,1102.1142857142856,0,473,1,0,0,31,10,54
0,281.0,0.9714937210083008,286.0,2.0,248.0,1052.0,245.14285714285688,12291.5,34.33333206176758,1.9500000476837158,14293.5166015625,20.950000762939453,4.099999904632568,4.449999809265137,52.04999923706055,18472.666015625,1549.8285714285714,0.6694047451019287,26.974048614501953,67.57142857142857,1443.2244873046875,2523.54296875,-0.12549999356269836,1080.0285714285715,0,473,1,0,0,21,34,131
0,309.0,0.1892816424369812,286.0,2.0,248.0,2169.0,240.1224489795916,12520.6669921875,33.61666488647461,2.366666555404663,15421.0,20.46666717529297,4.400000095367432,4.366666793823242,54.483333587646484,18469.5,1710.1714285714286,0.6831666827201843,26.99488067626953,80.11428571428571,1439.2138671875,2430.45703125,0.04526190087199211,1066.9142857142858,0,473,1,0,1,24,3,145
0,285.0,0.8882554173469543,286.0,2.0,248.0,1476.0,240.1224489795916,10615.888671875,35.86666488647461,3.8611111640930176,18560.455078125,22.955556869506836,5.099999904632568,4.183333396911621,35.71111297607422,19492.0,1777.6380952378336,0.6913095116615295,27.069801330566406,82.47619047616817,1444.8837890625,2390.819091796875,0.06752382218837738,1070.542857142852,1,473,1,0,1,42,27,121
1,174.0,0.0,286.0,2.0,248.0,1635.0,232.20408163265287,15155.3330078125,38.78333282470703,2.2944443225860596,17131.26171875,21.11111068725586,4.5,4.383333206176758,29.883333206176758,39169.5546875,1858.7238095238095,0.7030714154243469,27.141826629638672,88.96190476190475,1450.7257080078125,2338.647705078125,0.12714286148548126,1070.7428571428572,2,473,1,0,1,31,9,65
1,157.0,0.0,286.0,2.0,248.0,1593.0,232.20408163265287,24307.5,38.81666564941406,3.633333444595337,18443.6328125,23.433332443237305,5.0,4.383333206176758,23.566667556762695,34182.0,1857.8857142857144,0.7001190185546875,27.104524612426758,89.68571428571428,1449.45166015625,2342.914306640625,0.12652382254600525,1067.8857142857144,0,473,1,0,1,31,14,69
0,237.0,0.06613454967737198,286.0,2.0,248.0,1698.0,236.93877551020393,10971.5,39.06666564941406,1.7666666507720947,16722.267578125,22.383333206176758,4.699999809265137,4.099999904632568,33.11666488647461,20400.0,2098.6857142857143,0.7064762115478516,27.17202377319336,91.74285714285715,1443.2930908203125,2302.17138671875,0.19519047439098358,1065.057142857143,0,473,1,0,1,21,31,85
0,213.0,0.5028506517410278,286.0,2.0,248.0,1246.0,233.9795918367346,11253.0,44.83333206176758,2.4000000953674316,16364.68359375,23.133333206176758,4.599999904632568,4.050000190734863,35.53333282470703,23967.166015625,2137.057142857143,0.7114047408103943,27.199880599975586,96.2,1452.602294921875,2280.54296875,0.1899999976158142,1067.6857142857143,1,473,1,0,1,21,26,91
1,162.0,0.17331813275814056,286.0,2.0,248.0,2181.0,237.53061224489784,,,,,,,,,27765.166015625,2236.885714285714,0.7139047384262085,27.143451690673828,89.4,1436.4505615234375,2306.085693359375,0.19654762744903564,1064.4857142857143,0,511,1,0,1,31,26,72
0,248.0,0.8061573505401611,286.0,2.0,301.0,2408.0,248.75510204081615,9328.888671875,39.56666564941406,4.449999809265137,16051.4609375,20.766666412353516,4.233333110809326,4.099999904632568,34.69444274902344,17236.888671875,2455.8285714285716,0.7181428670883179,27.04964256286621,86.34285714285714,1430.65380859375,2316.028564453125,0.322214275598526,1062.7714285714285,1,511,1,0,1,31,2,94
0,218.0,0.6613454818725586,286.0,2.0,301.0,2521.0,248.75510204081615,10037.3330078125,36.88333511352539,4.699999809265137,16717.06640625,22.21666717529297,5.800000190734863,4.083333492279053,37.25,18890.333984375,2455.8285714285716,0.7181428670883179,27.04964256286621,86.34285714285714,1430.65380859375,2316.028564453125,0.322214275598526,1062.7714285714285,1,511,1,0,1,21,3,82
0,288.0,0.41505131125450134,286.0,2.0,301.0,6160.0,252.18367346938757,11445.22265625,40.977779388427734,3.472222089767456,14729.0556640625,20.438888549804688,4.599999904632568,4.099999904632568,40.30555725097656,17490.16796875,2569.714285714286,0.7323095202445984,27.107500076293945,86.91428571428571,1424.2647705078125,2322.3427734375,0.35288095474243164,1062.3142857142857,1,511,1,0,0,21,33,113
0,,0.30786773562431335,286.0,2.0,301.0,5111.0,254.36734693877528,15600.0,34.900001525878906,4.583333492279053,15140.0,21.016666412353516,4.400000095367432,4.2833333015441895,41.20000076293945,20315.0,2687.7714285714287,0.7236904501914978,26.92035675048828,79.45714285714286,1426.7774658203125,2355.514404296875,0.36776190996170044,1067.7142857142858,0,511,1,0,0,21,32,
0,185.0,0.4127708077430725,286.0,2.0,301.0,1469.0,255.71428571428547,11380.0,37.516666412353516,3.133333444595337,15022.1669921875,21.149999618530273,4.699999809265137,4.0,47.150001525878906,19254.833984375,2736.2285714285713,0.7304285764694214,27.009166717529297,79.77142857142857,1425.91650390625,2355.142822265625,0.37057143449783325,1069.3142857142857,1,511,1,0,0,21,3,70
0,204.0,0.009122006595134735,286.0,2.0,301.0,2072.0,264.9387755102038,16485.833984375,37.349998474121094,7.666666507720947,23019.083984375,24.200000762939453,4.699999809265137,4.300000190734863,21.83333396911621,41438.0,2997.8,0.7612142562866211,27.234405517578125,73.54285714285714,1427.0469970703125,2397.771484375,0.4191904664039612,1086.8857142857144,0,511,1,0,0,21,25,81
0,160.0,0.32725200057029724,286.0,2.0,301.0,1354.0,263.91836734693857,11263.8330078125,42.86666488647461,2.450000047683716,16216.5498046875,22.149999618530273,4.5,4.083333492279053,35.71666717529297,27762.5,3043.9142857142856,0.7574285864830017,27.186548233032227,74.62857142857143,1430.239013671875,2393.05712890625,0.4361904561519623,1086.5428571428572,0,511,1,0,0,21,16,71
0,57.0,0.12086658924818039,286.0,2.0,301.0,2067.0,265.10204081632634,15226.8330078125,36.04999923706055,9.616666793823242,18579.732421875,22.350000381469727,4.599999904632568,4.099999904632568,41.68333435058594,20212.0,3195.6857142857143,0.7593571543693542,27.07345199584961,68.71428571428571,1432.32275390625,2431.257080078125,0.44609519839286804,1093.0857142857142,0,511,1,0,0,21,18,31
0,190.0,0.3021664619445801,286.0,2.0,301.0,1397.0,265.3265306122447,13448.8330078125,42.78333282470703,5.7833333015441895,18980.6328125,22.899999618530273,4.5,4.099999904632568,34.16666793823242,21014.666015625,3308.2571428571428,0.7701190710067749,27.12761878967285,72.08571428571429,1425.049560546875,2408.571533203125,0.443452388048172,1088.942857142857,1,511,1,0,0,42,17,74
0,154.0,0.6727480292320251,286.0,2.0,301.0,2421.0,265.3877551020406,11897.0,40.16666793823242,4.883333206176758,16600.416015625,22.899999618530273,4.800000190734863,4.383333206176758,35.25,22504.0,3353.0857142857144,0.7735952138900757,27.172618865966797,73.28571428571429,1427.2899169921875,2394.28564453125,0.4274523854255676,1090.1142857142856,1,511,1,0,0,21,9,62
0,194.0,0.37628278136253357,286.0,2.0,301.0,2007.0,265.34693877551,12158.8330078125,45.0,1.75,15467.400390625,21.983333587646484,4.599999904632568,3.9833333492279053,33.70000076293945,17819.666015625,3509.285714285714,0.7859523892402649,27.25107192993164,81.02857142857142,1433.896240234375,2332.857177734375,0.4328095316886902,1089.8,2,511,1,0,0,31,31,94
1,160.0,0.05131128802895546,286.0,2.0,301.0,1870.0,265.612244897959,18190.666015625,45.96666717529297,3.8333332538604736,19630.19921875,22.78333282470703,5.099999904632568,4.25,27.03333282470703,40499.33203125,3545.7714285714287,0.803690493106842,27.427976608276367,82.77142857142857,1430.5162353515625,2314.800048828125,0.42728570103645325,1091.6,1,511,1,0,0,31,30,75
0,134.0,0.2440136820077896,286.0,2.0,301.0,1336.0,266.53061224489784,12512.0,44.0,2.4666666984558105,18249.900390625,22.633333206176758,4.599999904632568,4.099999904632568,33.79999923706055,22938.5,3669.3714285714286,0.8099047541618347,27.41773796081543,85.4,1433.9114990234375,2294.8857421875,0.43269047141075134,1092.0857142857142,0,511,1,0,0,21,18,58
0,233.0,0.6966933012008667,296.0,3.0,301.0,1585.0,260.7959183673467,11914.4443359375,37.56666564941406,2.549999952316284,15892.427734375,22.461111068725586,4.5,4.055555820465088,44.238887786865234,19827.27734375,3764.9714285714285,0.8184523582458496,27.32797622680664,102.94285714285714,1426.5703125,2214.857177734375,0.4073571562767029,1072.7714285714285,0,511,1,0,0,21,35,87
0,187.0,0.8061573505401611,296.0,3.0,301.0,1219.0,258.69387755102025,10433.3330078125,41.79999923706055,4.050000190734863,16962.93359375,23.149999618530273,4.599999904632568,4.050000190734863,41.06666564941406,19988.0,3757.3142857142857,0.8336666822433472,27.46690559387207,106.28571428571429,1427.004150390625,2199.514404296875,0.40197619795799255,1074.4285714285713,1,511,1,0,0,31,21,79
0,268.0,0.6613454818725586,296.0,3.0,301.0,1298.0,261.06122448979573,13173.8330078125,39.233333587646484,4.699999809265137,17578.19921875,23.03333282470703,4.400000095367432,4.349999904632568,41.56666564941406,22237.333984375,3761.9714285714285,0.8143333196640015,27.22166633605957,107.14285714285714,1430.0721435546875,2184.6572265625,0.39726191759109497,1069.2571428571428,4,511,1,0,0,42,2,111
0,138.0,0.7696693539619446,267.0,4.0,301.0,1115.0,247.59183673469363,12766.0,39.83333206176758,2.5166666507720947,16559.767578125,21.683332443237305,4.5,4.199999809265137,45.61666488647461,21037.333984375,3633.457142857143,0.8235952258110046,27.30797576904297,110.94285714285714,1432.4736328125,2161.54296875,0.3782857060432434,1070.2857142857142,1,511,1,0,0,21,2,51
1,81.0,0.14367160201072693,267.0,4.0,271.0,2637.0,237.0612244897957,10300.6669921875,39.78333282470703,4.233333110809326,19124.1328125,22.25,4.900000095367432,4.25,41.150001525878906,21224.666015625,3529.2571428571428,0.8357856869697571,27.396190643310547,114.54285714285714,1435.823974609375,2139.742919921875,0.36283332109451294,1071.5428571428572,0,511,1,0,0,21,35,33
0,137.0,0.21094641089439392,267.0,4.0,301.0,3506.0,237.0612244897957,12105.1669921875,41.733333587646484,4.550000190734863,17169.349609375,23.366666793823242,4.900000095367432,4.199999809265137,42.33333206176758,21770.0,3470.885714285714,0.8433809280395508,27.476428985595703,117.51428571428572,1436.62890625,2117.971435546875,0.3560476005077362,1071.2571428571428,1,511,1,0,0,21,21,56
0,103.0,0.48916763067245483,267.0,4.0,271.0,3785.0,234.30612244897944,11604.3330078125,37.41666793823242,5.199999809265137,17545.1171875,23.133333206176758,4.699999809265137,4.150000095367432,41.78333282470703,21189.0,3299.714285714286,0.8515714406967163,27.607500076293945,126.62857142857143,1447.3253173828125,2067.82861328125,0.3667857050895691,1072.0,1,482,1,0,0,11,15,44
0,197.0,0.3295325040817261,267.0,4.0,271.0,4687.0,233.59183673469366,11220.0,39.31666564941406,3.633333444595337,15947.2666015625,23.766666412353516,4.699999809265137,4.150000095367432,49.03333282470703,22360.166015625,3319.6857142857143,0.8355714082717896,27.456666946411133,123.05714285714286,1444.0511474609375,2088.314208984375,0.35288095474243164,1069.942857142857,0,482,1,0,0,21,13,75
0,27.0,0.0,267.0,4.0,271.0,32767.0,218.51020408163242,14647.6669921875,41.95000076293945,3.5166666507720947,18340.083984375,22.28333282470703,4.5,4.5,33.08333206176758,22572.666015625,3044.2285714285713,0.8445952534675598,27.691429138183594,125.62857142857143,1456.7242431640625,2106.514404296875,0.3041904866695404,1080.9142857142858,0,511,1,0,0,31,14,13
1,184.0,0.0,296.0,3.0,293.0,8634.0,211.48979591836712,15444.3330078125,37.900001525878906,2.7333333492279053,16585.099609375,22.78333282470703,4.800000190734863,4.583333492279053,33.150001525878906,50845.66796875,2740.4,0.8541428446769714,27.774999618530273,120.57142857142857,1470.077392578125,2257.314208984375,0.2472619116306305,1098.4,0,482,1,0,0,31,32,84
0,70.0,0.3055872321128845,296.0,3.0,293.0,5257.0,211.7959183673467,14110.5,42.099998474121094,3.2833333015441895,20205.900390625,23.08333396911621,4.699999809265137,4.25,37.483333587646484,20574.166015625,2754.114285714286,0.8257619142532349,27.602500915527344,103.02857142857142,1452.3465576171875,2394.228515625,0.21964284777641296,1097.7142857142858,0,476,1,0,0,31,18,32
1,132.0,0.01824401319026947,296.0,3.0,293.0,8131.0,211.7959183673467,17283.0,43.93333435058594,3.683333396911621,18197.099609375,23.0,5.0,4.483333110809326,27.0,34057.0,2784.3714285714286,0.840071439743042,27.71071434020996,107.2,1468.434814453125,2381.6572265625,0.20640474557876587,1107.7714285714285,0,476,1,0,0,21,5,69
0,62.0,0.14481185376644135,296.0,3.0,293.0,5264.0,216.26530612244875,10136.22265625,46.261112213134766,2.355555534362793,17864.56640625,22.7277774810791,4.333333492279053,4.183333396911621,34.16666793823242,23396.77734375,2747.885714285714,0.8256428837776184,27.619047164916992,97.85714285714286,1456.187744140625,2455.314208984375,0.19695237278938293,1105.4571428571428,2,476,1,0,0,41,5,33
0,52.0,0.5119726061820984,296.0,3.0,293.0,5714.0,218.51020408163245,12425.1669921875,41.516666412353516,3.3333332538604736,20290.0,24.816667556762695,5.099999904632568,4.150000095367432,18.700000762939453,28376.833984375,2730.657142857143,0.8246190547943115,27.67202377319336,91.4,1459.605712890625,2518.485595703125,0.16473810374736786,1114.6285714285714,0,476,1,0,0,41,2,25
1,114.0,0.0,296.0,3.0,293.0,12413.0,219.06122448979573,16632.0,40.75,4.266666889190674,25541.8671875,24.16666603088379,5.0,4.833333492279053,6.449999809265137,39686.33203125,2748.5142857142855,0.8324761986732483,27.76119041442871,87.74285714285715,1465.843505859375,2591.257080078125,0.15771429240703583,1125.0,0,476,1,0,0,41,10,45
1,153.0,0.0,296.0,3.0,293.0,11385.0,221.6326530612243,15120.0,37.400001525878906,3.4666666984558105,22327.666015625,24.78333282470703,6.0,4.733333110809326,11.183333396911621,37900.83203125,2693.5142857142855,0.8274047374725342,27.761428833007812,91.62857142857143,1482.642822265625,2569.314208984375,0.1454523801803589,1130.2857142857142,0,476,1,0,0,31,21,74
0,,0.11288483440876007,296.0,3.0,293.0,7608.0,228.59183673469371,18001.0,44.56666564941406,4.833333492279053,22527.732421875,24.566667556762695,5.199999809265137,4.666666507720947,19.08333396911621,40502.66796875,2800.1428571428573,0.7961190342903137,27.58976173400879,102.05714285714286,1483.689208984375,2472.3427734375,0.10414287447929382,1112.2571428571428,1,476,1,0,0,21,2,
0,85.0,0.026225769892334938,296.0,3.0,293.0,6440.0,228.59183673469371,13252.5,46.33333206176758,3.8499999046325684,18631.25,24.066667556762695,5.5,4.300000190734863,25.566667556762695,24419.833984375,2818.285714285714,0.8065000176429749,27.657142639160156,108.48571428571428,1500.17626953125,2403.142822265625,0.09726190567016602,1119.057142857143,0,476,1,0,0,21,2,35
0,139.0,0.47662484645843506,296.0,3.0,293.0,1504.0,229.42857142857127,11377.3330078125,42.33333206176758,2.1500000953674316,16468.3828125,23.233333587646484,4.400000095367432,4.099999904632568,42.54999923706055,19523.333984375,2929.0,0.7757856845855713,27.429046630859375,110.88571428571429,1483.760498046875,2383.54296875,0.055095236748456955,1097.6571428571428,0,476,1,0,0,31,11,61
1,178.0,0.10490307956933975,296.0,3.0,293.0,3516.0,238.6326530612243,18527.666015625,42.41666793823242,3.7833333015441895,20115.533203125,24.83333396911621,5.300000190734863,4.449999809265137,32.0,34560.33203125,2975.8571428571427,0.7787857055664062,27.474166870117188,113.42857142857143,1480.8182373046875,2344.228515625,0.044547609984874725,1096.4,0,476,1,0,0,21,18,87
0,212.0,0.22120866179466248,296.0,3.0,293.0,1853.0,239.73469387755085,14316.6669921875,36.93333435058594,5.433333396911621,18134.017578125,22.200000762939453,4.400000095367432,4.199999809265137,49.56666564941406,18607.333984375,2999.8285714285716,0.7585476040840149,27.239166259765625,122.71428571428571,1499.7308349609375,2297.3427734375,0.011071422137320042,1091.2285714285715,0,476,1,0,0,21,4,91
0,206.0,0.7651083469390869,296.0,3.0,293.0,1174.0,266.83673469387736,10464.0,30.299999237060547,2.5833332538604736,22776.849609375,20.899999618530273,4.400000095367432,4.199999809265137,58.45000076293945,20642.0,3122.5714285714284,0.7579285502433777,27.164762496948242,136.11428571428573,1514.3057861328125,2196.60009765625,-0.07838094234466553,1085.9142857142858,0,476,1,0,0,42,2,83
0,205.0,0.7137970328330994,296.0,1.0,293.0,1095.0,275.7346938775509,9204.8330078125,29.183332443237305,3.0333333015441895,16188.1669921875,21.46666717529297,4.699999809265137,4.0,47.93333435058594,17992.333984375,3256.657142857143,0.75685715675354,27.063928604125977,140.4,1513.0892333984375,2125.28564453125,-0.1488809585571289,1080.3428571428572,0,476,1,0,0,34,1,111
0,228.0,0.7023945450782776,267.0,4.0,293.0,1667.0,269.83673469387736,9390.0,27.433332443237305,2.700000047683716,14773.8662109375,21.133333206176758,3.5999999046325684,4.099999904632568,64.83333587646484,17750.666015625,3408.114285714286,0.7352856993675232,27.057024002075195,154.82857142857142,1512.424560546875,2002.6571044921875,-0.20976191759109497,1065.0,1,476,1,0,0,24,3,96
1,377.0,0.11630558967590332,267.0,4.0,293.0,1559.0,258.8367346938774,15805.6669921875,30.08333396911621,4.4666666984558105,17827.466796875,21.616666793823242,4.199999809265137,4.25,50.68333435058594,32401.666015625,3405.4285714285716,0.7328571677207947,27.069761276245117,154.62857142857143,1508.8048095703125,1995.914306640625,-0.19576190412044525,1063.1714285714286,1,476,1,0,0,31,3,155
0,100.0,0.9133409261703491,267.0,4.0,293.0,1094.0,241.28571428571408,12279.8330078125,28.483333587646484,2.9833333492279053,16061.3837890625,21.700000762939453,4.099999904632568,3.9666666984558105,60.93333435058594,27611.666015625,3423.8,0.7139762043952942,26.913808822631836,163.42857142857142,1525.71533203125,1971.5428466796875,-0.1789523810148239,1059.6571428571428,0,476,1,0,1,42,10,50
0,119.0,0.7194982767105103,267.0,4.0,293.0,1278.0,230.75510204081615,10081.6669921875,33.43333435058594,3.933333396911621,16024.8662109375,21.66666603088379,3.5,4.083333492279053,58.08333206176758,18038.0,3392.0285714285715,0.684238076210022,26.577857971191406,160.94285714285715,1521.223388671875,1970.199951171875,-0.14549998939037323,1050.057142857143,0,476,1,0,1,21,34,65
0,211.0,0.5689851641654968,267.0,4.0,293.0,1606.0,217.877551020408,13191.2216796875,43.52777862548828,6.199999809265137,21078.271484375,24.5222225189209,4.233333110809326,4.0,35.866668701171875,24527.333984375,3344.885714285714,0.6704999804496765,26.574047088623047,168.42857142857142,1527.0419921875,1945.6285400390625,-0.12795238196849823,1041.5142857142857,2,476,1,0,1,21,19,90
0,166.0,0.3568985164165497,267.0,4.0,293.0,4141.0,209.18367346938757,10693.0,36.849998474121094,5.2166666984558105,17705.43359375,23.71666717529297,3.9000000953674316,4.050000190734863,52.766666412353516,20729.333984375,3290.8285714285716,0.6825952529907227,26.79511833190918,174.57142857142858,1528.862548828125,1923.857177734375,-0.12566666305065155,1044.3428571428572,0,476,1,0,1,31,3,83
1,70.10101873031573,0.11288483440876007,267.0,4.0,293.0,4476.0,204.14285714285697,16212.5,31.616666793823242,6.366666793823242,18449.75,23.91666603088379,4.300000190734863,4.400000095367432,49.88333511352539,26366.666015625,3153.2285714285713,0.7049285769462585,27.008451461791992,199.62857142857143,1563.047607421875,1847.7427978515625,-0.2199285626411438,1045.6285714285714,0,476,1,0,1,21,13,29
0,149.0,0.03762827813625336,267.0,4.0,283.0,3429.0,201.85714285714272,15979.0,34.28333282470703,3.2833333015441895,20752.6171875,24.71666717529297,3.700000047683716,4.349999904632568,46.79999923706055,51999.33203125,3124.4,0.6937381029129028,26.960237503051758,182.22857142857143,1523.5113525390625,1883.7142333984375,-0.3370238244533539,1036.0,0,476,1,0,1,31,3,71
0,185.0,0.21322691440582275,267.0,4.0,283.0,1523.0,208.63265306122437,15849.8330078125,62.622222900390625,9.244444847106934,20120.98828125,24.41111183166504,4.0333333015441895,4.2833333015441895,21.08333396911621,23410.0,3250.7714285714287,0.5883333086967468,25.92654800415039,168.0,1520.2481689453125,1904.971435546875,-0.3938571512699127,1010.9428571428572,0,507,1,0,1,31,23,74
0,304.0,0.3432154953479767,267.0,4.0,283.0,5555.0,217.2040816326529,12152.3330078125,48.849998474121094,6.616666793823242,19751.099609375,22.899999618530273,3.799999952316284,4.449999809265137,36.56666564941406,21472.833984375,3210.8285714285716,0.6290714144706726,26.441308975219727,174.4857142857143,1522.21923828125,1898.3714599609375,-0.47888094186782837,1023.3142857142857,0,507,1,0,0,31,7,138
0,205.0,0.06955530494451523,267.0,4.0,283.0,13256.0,214.67346938775486,15709.3330078125,49.86666488647461,10.083333015441895,20231.349609375,27.133333206176758,4.300000190734863,4.400000095367432,31.149999618530273,28184.0,3311.0,0.6098571419715881,26.300832748413086,176.62857142857143,1523.4779052734375,1908.142822265625,-0.5805951952934265,1015.1428571428571,0,507,1,0,0,31,23,81
0,182.0,0.05017103627324104,267.0,4.0,283.0,11749.0,223.24489795918345,15796.0,52.28333282470703,9.883333206176758,19223.81640625,24.66666603088379,4.0,4.5,23.766666412353516,25456.333984375,3340.6,0.6012142896652222,26.141904830932617,175.05714285714285,1523.7554931640625,1906.2572021484375,-0.5862380862236023,1012.3142857142857,1,507,1,0,0,31,11,76
0,201.0,0.3386545181274414,267.0,4.0,283.0,6905.0,241.3877551020406,12425.5,64.61666870117188,7.583333492279053,19314.18359375,26.549999237060547,3.9000000953674316,4.550000190734863,18.299999237060547,23948.166015625,3313.714285714286,0.5972142815589905,26.07476234436035,177.9142857142857,1522.632080078125,1869.6571044921875,-0.5761666893959045,1006.0571428571428,1,507,1,0,0,31,9,80
0,135.0,0.2782212197780609,267.0,4.0,283.0,7231.0,241.51020408163237,11819.5556640625,69.15555572509766,9.111111640930176,20242.955078125,26.094444274902344,4.400000095367432,4.516666889190674,14.161110877990723,25280.611328125,3377.8571428571427,0.5957618951797485,26.045238494873047,183.05714285714285,1529.780517578125,1838.2572021484375,-0.6284047365188599,1005.1142857142858,1,507,1,0,0,31,12,53
0,152.0,0.28620296716690063,267.0,4.0,283.0,1608.0,250.48979591836707,13331.0,62.45000076293945,7.383333206176758,18172.30078125,25.933332443237305,3.700000047683716,4.5,18.16666603088379,21394.0,3411.2571428571428,0.5950714349746704,26.059165954589844,187.68571428571428,1531.0562744140625,1797.028564453125,-0.6500476002693176,1000.5714285714286,1,507,1,0,0,41,2,80
0,283.0,0.11288483440876007,267.0,4.0,283.0,6278.0,255.04081632653032,12493.6669921875,36.900001525878906,6.516666889190674,17126.099609375,24.883333206176758,3.5999999046325684,4.366666793823242,48.650001525878906,24769.0,3426.714285714286,0.613095223903656,26.30476188659668,195.57142857142858,1534.4798583984375,1745.6571044921875,-0.6719047427177429,1003.1714285714286,2,507,1,0,0,21,5,112
0,171.0,0.08209805935621262,267.0,4.0,283.0,6426.0,261.816326530612,12092.666015625,39.74444580078125,6.833333492279053,16097.8720703125,24.372222900390625,3.633333206176758,4.349999904632568,45.66666793823242,19904.5546875,3426.714285714286,0.613095223903656,26.30476188659668,195.57142857142858,1534.4798583984375,1745.6571044921875,-0.6719047427177429,1003.1714285714286,2,507,1,0,0,21,25,74
0,224.0,0.05473203957080841,267.0,4.0,283.0,1648.0,269.4489795918365,14711.1669921875,51.599998474121094,3.4166667461395264,19396.033203125,26.133333206176758,4.099999904632568,4.300000190734863,27.350000381469727,24700.833984375,3525.8,0.5829047560691833,25.829761505126953,193.4,1537.662109375,1740.6856689453125,-0.7455714344978333,994.4285714285714,2,507,1,0,0,24,2,120
0,231.0,0.9555302262306213,267.0,4.0,283.0,1066.0,276.30612244897935,14902.8330078125,51.68333435058594,4.383333206176758,18553.19921875,26.933332443237305,4.099999904632568,4.400000095367432,27.733333587646484,25179.166015625,3606.6,0.5908809304237366,25.899999618530273,195.22857142857143,1535.687744140625,1718.1142578125,-0.8680238127708435,994.0285714285715,1,507,1,0,0,21,14,123
0,299.0,0.2702394425868988,267.0,4.0,283.0,3252.0,288.9999999999998,16562.666015625,33.0,5.650000095367432,17542.666015625,25.53333282470703,3.799999952316284,4.483333110809326,45.25,23287.333984375,3577.4285714285716,0.6293333172798157,26.393571853637695,202.02857142857144,1537.15087890625,1699.3428955078125,-0.9087142944335938,1004.2857142857143,0,507,1,0,0,31,14,143
0,294.0,0.516533613204956,267.0,4.0,283.0,2014.0,293.1224489795916,16000.0,35.45000076293945,5.599999904632568,17768.19921875,27.183332443237305,3.5999999046325684,4.550000190734863,48.06666564941406,22328.0,3541.2,0.6279523968696594,26.3028564453125,208.0,1539.19189453125,1687.4571533203125,-0.933571457862854,999.2571428571429,2,507,1,0,0,21,23,121
0,217.0,0.9110604524612427,267.0,4.0,283.0,1105.0,297.8571428571426,12097.5556640625,52.67778015136719,8.933333396911621,18601.29296875,26.61111068725586,3.9000000953674316,4.383333206176758,23.005556106567383,22923.22265625,3487.457142857143,0.6018571257591248,25.87630844116211,207.0857142857143,1539.6612548828125,1675.17138671875,-0.9716904759407043,987.2857142857143,0,507,1,0,0,24,25,116
0,210.0,0.8289623856544495,267.0,4.0,283.0,1153.0,302.83673469387725,14851.0,54.86666488647461,12.383333206176758,22699.43359375,27.616666793823242,4.0,4.400000095367432,21.649999618530273,23644.0,3474.0285714285715,0.6029523611068726,25.839405059814453,206.37142857142857,1535.968994140625,1678.1142578125,-1.0229761600494385,985.2571428571429,0,507,1,0,0,21,35,112
0,459.0,0.9521094560623169,267.0,4.0,283.0,1162.0,306.6326530612242,13954.5,53.400001525878906,10.216666221618652,20193.80078125,27.03333282470703,3.9000000953674316,4.5,24.450000762939453,23315.666015625,3418.7428571428572,0.6085714101791382,25.899166107177734,208.0,1535.470703125,1673.4857177734375,-0.992809534072876,985.8,0,507,1,0,0,31,35,245
0,302.0,0.972633957862854,267.0,4.0,283.0,1042.0,308.5918367346936,13500.5,48.599998474121094,10.816666603088379,21356.400390625,25.53333282470703,3.799999952316284,4.599999904632568,25.933332443237305,21075.0,3269.2571428571428,0.6271666884422302,25.953689575195312,211.37142857142857,1530.4822998046875,1703.771484375,-0.9601666331291199,987.6285714285714,0,507,1,0,0,34,8,160
0,286.0,0.12086658924818039,267.0,4.0,283.0,1549.0,296.87755102040785,12109.1669921875,47.56666564941406,6.983333110809326,19016.033203125,28.049999237060547,3.5999999046325684,4.366666793823242,28.08333396911621,22792.0,3144.0,0.6294761896133423,26.086666107177734,216.57142857142858,1541.163818359375,1727.085693359375,-0.9643809795379639,993.7142857142857,0,507,1,0,0,24,1,151
1,347.0,0.01254275906831026,267.0,4.0,283.0,1691.0,289.24489795918345,14839.0,27.183332443237305,9.616666793823242,17794.3671875,27.350000381469727,3.5999999046325684,4.5,42.18333435058594,25561.833984375,3161.3714285714286,0.6464999914169312,26.361309051513672,213.88571428571427,1539.1959228515625,1748.085693359375,-0.9801905155181885,1003.9714285714285,0,507,1,0,0,34,17,134
0,305.0,0.216647669672966,267.0,4.0,283.0,3109.0,284.0816326530609,12611.3330078125,30.483333587646484,6.866666793823242,17771.533203125,26.850000381469727,3.9000000953674316,4.75,39.93333435058594,25377.333984375,3067.1428571428573,0.6490476131439209,26.423213958740234,218.45714285714286,1541.516845703125,1759.0,-0.9027142524719238,1004.0285714285715,1,507,1,0,0,21,1,147
0,193.0,0.3318130075931549,267.0,4.0,283.0,1911.0,280.7551020408161,12626.0,31.066667556762695,6.5333333015441895,17753.0,27.03333282470703,4.0,4.800000190734863,42.0,24233.0,3013.114285714286,0.6465238332748413,26.399642944335938,219.65714285714284,1544.7659912109375,1778.05712890625,-0.8997619152069092,1004.2,1,507,1,0,0,31,6,100
0,234.0,0.03990878164768219,267.0,4.0,283.0,2973.0,278.3673469387753,12745.6669921875,34.95000076293945,7.099999904632568,18069.333984375,25.700000762939453,3.9000000953674316,4.900000095367432,40.38333511352539,20926.0,2960.6285714285714,0.6375238299369812,26.304880142211914,213.2,1542.84130859375,1838.5428466796875,-0.7600714564323425,1006.1714285714286,1,507,1,0,0,31,4,92
0,107.0,0.34777650237083435,267.0,4.0,283.0,2106.0,274.65306122448965,13917.3330078125,30.366666793823242,9.699999809265137,16514.56640625,22.950000762939453,4.0,4.599999904632568,44.68333435058594,20272.666015625,2879.942857142857,0.6478095054626465,26.352975845336914,214.82857142857142,1544.508544921875,1859.4857177734375,-0.7348809242248535,1008.4,0,507,1,0,0,31,6,44
0,131.0,0.6339794993400574,267.0,4.0,283.0,4724.0,272.10204081632634,14221.6669921875,48.20000076293945,5.849999904632568,16705.267578125,26.183332443237305,3.9000000953674316,4.75,30.58333396911621,20753.666015625,2814.657142857143,0.6563809514045715,26.30714225769043,218.45714285714286,1550.001953125,1886.7427978515625,-0.6872857213020325,1009.2,1,507,1,0,0,21,12,49
0,181.0,0.1151653379201889,267.0,4.0,283.0,5032.0,269.1428571428569,11051.3330078125,32.03333282470703,6.449999809265137,16730.56640625,24.733333587646484,4.099999904632568,4.800000190734863,44.650001525878906,19614.5,2832.0857142857144,0.6569523811340332,26.29119110107422,216.25714285714287,1544.8402099609375,1904.17138671875,-0.6516666412353516,1008.9714285714285,1,507,1,0,0,21,13,81
0,202.0,0.46294185519218445,267.0,4.0,283.0,1160.0,264.28571428571405,13833.3330078125,43.96666717529297,7.7166666984558105,18207.8671875,24.149999618530273,3.5999999046325684,4.5,35.04999923706055,19749.666015625,2898.5142857142855,0.6411904692649841,26.209524154663086,211.34285714285716,1547.3223876953125,1932.6285400390625,-0.5496904850006104,1011.9428571428572,1,507,1,0,0,31,7,88
0,,0.08209805935621262,267.0,4.0,283.0,3076.0,259.63265306122423,10798.1669921875,33.91666793823242,10.933333396911621,16563.767578125,23.28333282470703,4.099999904632568,4.849999904632568,47.61666488647461,24714.833984375,2909.9714285714285,0.6571666598320007,26.300952911376953,208.57142857142858,1544.953125,1969.5142822265625,-0.4865476191043854,1018.8285714285714,4,507,1,0,0,21,3,
0,264.0,0.2713797092437744,267.0,4.0,283.0,6353.0,255.6326530612243,10933.6669921875,34.03333282470703,4.5,16727.8671875,23.816667556762695,3.700000047683716,4.683333396911621,49.766666412353516,20110.0,2906.7428571428572,0.7066190242767334,26.714405059814453,214.57142857142858,1556.5616455078125,2010.4571533203125,-0.4883095324039459,1037.9714285714285,1,507,1,0,0,21,14,110
0,188.0,0.40250855684280396,267.0,4.0,283.0,8291.0,256.24489795918345,9869.7783203125,38.33333206176758,8.44444465637207,17794.14453125,24.572221755981445,3.7666666507720947,4.699999809265137,38.650001525878906,21370.166015625,2907.457142857143,0.7084285616874695,26.7113094329834,222.42857142857142,1554.7373046875,2007.3714599609375,-0.40214288234710693,1029.6,2,507,1,0,0,31,6,74
1,292.0,0.0,267.0,4.0,283.0,9863.0,258.59183673469363,19902.666015625,25.733333587646484,5.916666507720947,25796.56640625,24.733333587646484,4.699999809265137,4.699999809265137,41.599998474121094,42386.33203125,2994.285714285714,0.7085475921630859,26.86916732788086,207.5142857142857,1555.4271240234375,2090.085693359375,-0.35107144713401794,1049.0,1,507,1,0,1,24,22,108
1,286.0,0.0,267.0,4.0,283.0,4079.0,263.8571428571426,17560.333984375,32.29999923706055,6.883333206176758,20244.333984375,23.433332443237305,4.199999809265137,4.849999904632568,42.516666412353516,46177.0,3001.3714285714286,0.7083333134651184,26.82964324951172,210.2,1555.931640625,2106.94287109375,-0.3419285714626312,1045.6857142857143,1,518,1,0,0,34,22,109
0,173.0,0.11060433089733124,267.0,4.0,260.0,3463.0,271.0408163265304,12326.0,32.31666564941406,8.800000190734863,18588.30078125,25.100000381469727,4.099999904632568,4.75,48.53333282470703,30473.666015625,3059.6,0.6726428866386414,26.423572540283203,202.25714285714287,1555.3424072265625,2134.45703125,-0.3102380931377411,1037.142857142857,0,518,1,0,0,42,5,64
0,299.0,0.10604333132505417,267.0,4.0,260.0,1757.0,281.3877551020406,12024.833984375,38.0555534362793,8.105555534362793,16496.087890625,24.516666412353516,4.300000190734863,4.5,44.122222900390625,22160.27734375,3106.542857142857,0.6634047627449036,26.33309555053711,198.22857142857143,1555.7459716796875,2164.39990234375,-0.2788333296775818,1037.7142857142858,0,518,1,0,0,41,2,144
0,236.0,0.11288483440876007,267.0,4.0,260.0,1352.0,294.95918367346917,12264.0,30.75,8.033333778381348,15702.1669921875,21.200000762939453,3.9000000953674316,4.699999809265137,49.099998474121094,19615.333984375,3156.4285714285716,0.6598809361457825,26.420238494873047,188.8,1556.30029296875,2235.085693359375,-0.2264285683631897,1050.6857142857143,0,518,1,0,0,41,9,94
0,198.1004946926424,0.5872291922569275,267.0,4.0,260.0,1292.0,299.12244897959147,12659.8330078125,29.483333587646484,9.733333587646484,16749.416015625,23.016666412353516,4.599999904632568,4.699999809265137,48.04999923706055,22964.833984375,3209.8571428571427,0.659166693687439,26.389999389648438,186.02857142857144,1552.7392578125,2263.857177734375,-0.14726190268993378,1050.3428571428572,1,518,1,0,0,42,8,75
1,222.0,0.25997719168663025,267.0,4.0,260.0,1352.0,303.20408163265273,18289.5,34.016666412353516,5.800000190734863,20855.150390625,24.133333206176758,4.800000190734863,4.550000190734863,45.91666793823242,22222.0,3201.7714285714287,0.6617619395256042,26.449880599975586,186.11428571428573,1555.9471435546875,2302.371337890625,-0.11057143658399582,1054.6857142857143,2,518,1,0,0,21,11,83
0,27.0,0.2622576951980591,296.0,1.0,260.0,2186.0,305.99999999999983,12447.6669921875,32.150001525878906,6.383333206176758,16542.767578125,22.450000762939453,5.199999809265137,4.5,47.45000076293945,22597.333984375,3108.5714285714284,0.6553571224212646,26.36273765563965,171.71428571428572,1558.59228515625,2496.371337890625,0.11407142877578735,1071.9142857142858,1,518,1,0,0,42,9,13
0,131.0,0.9555302262306213,296.0,1.0,260.0,1052.0,298.99999999999983,12037.6669921875,29.46666717529297,7.233333110809326,21443.166015625,22.566667556762695,5.0,4.583333492279053,48.08333206176758,22084.666015625,2961.657142857143,0.6574999690055847,26.362619400024414,173.2,1564.5855712890625,2571.60009765625,0.2670237720012665,1077.4857142857143,1,518,1,0,0,42,9,65
1,336.0,0.0,296.0,1.0,260.0,4263.0,293.4285714285713,12104.8330078125,31.46666717529297,5.900000095367432,18682.349609375,24.016666412353516,5.5,4.699999809265137,45.349998474121094,22294.666015625,2808.1714285714284,0.6830475926399231,26.61142921447754,178.88571428571427,1573.3148193359375,2636.571533203125,0.39430952072143555,1089.057142857143,0,518,1,0,0,21,25,145
1,194.0,0.0,296.0,1.0,260.0,1892.0,289.8571428571426,14014.0,34.20000076293945,7.566666603088379,18019.333984375,23.616666793823242,5.599999904632568,4.5,44.41666793823242,44272.33203125,2808.1714285714284,0.6830475926399231,26.61142921447754,178.88571428571427,1573.3148193359375,2636.571533203125,0.39430952072143555,1089.057142857143,0,518,1,0,0,34,26,73
0,159.0,0.40820980072021484,296.0,1.0,260.0,3151.0,289.8163265306121,11761.5,33.18333435058594,8.783333778381348,18255.072265625,23.950000762939453,5.0,4.583333492279053,46.28333282470703,20878.4453125,2717.8,0.6831428408622742,26.597381591796875,185.54285714285714,1580.9423828125,2629.94287109375,0.5557143092155457,1087.142857142857,1,518,1,0,0,41,3,60
1,148.0,0.019384264945983887,296.0,1.0,260.0,3562.0,284.612244897959,13322.5,34.31666564941406,6.333333492279053,20862.30078125,23.766666412353516,5.099999904632568,4.5,44.03333282470703,24328.166015625,2691.342857142857,0.6838095188140869,26.574642181396484,184.71428571428572,1578.939208984375,2621.685791015625,0.6038809418678284,1087.5428571428572,0,518,1,0,0,21,29,57
0,263.0,0.9304447174072266,296.0,1.0,260.0,1144.0,270.4693877551018,11933.1669921875,32.099998474121094,10.283333778381348,22870.900390625,23.700000762939453,4.800000190734863,4.483333110809326,44.93333435058594,19843.833984375,2545.714285714286,0.6879285573959351,26.596548080444336,184.65714285714284,1583.187255859375,2626.485595703125,0.7429047226905823,1092.7428571428572,0,518,1,0,0,21,29,129
1,210.0,0.3911060392856598,296.0,1.0,260.0,1424.0,257.6530612244896,13407.6669921875,33.86666488647461,9.433333396911621,27032.232421875,23.58333396911621,4.900000095367432,4.599999904632568,43.31666564941406,27149.5,2420.4285714285716,0.6972857117652893,26.715476989746094,184.71428571428572,1591.6002197265625,2645.60009765625,0.7206904888153076,1102.4857142857143,0,518,1,0,0,41,28,97
0,191.0,0.26111745834350586,296.0,1.0,260.0,4921.0,247.6938775510202,10335.3330078125,31.71666717529297,7.5,17585.599609375,23.0,5.400000095367432,4.683333396911621,46.483333587646484,22132.666015625,2357.457142857143,0.7058571577072144,26.741310119628906,188.88571428571427,1597.182373046875,2632.199951171875,0.7859523892402649,1105.2,1,518,1,0,0,31,6,85
0,168.0,0.1288483440876007,296.0,1.0,260.0,8754.0,240.7551020408161,11286.0,30.549999237060547,7.650000095367432,18512.69921875,24.75,5.099999904632568,4.650000095367432,46.25,20710.5,2360.6,0.7179762125015259,26.798809051513672,202.25714285714287,1611.896728515625,2598.971435546875,0.8704524040222168,1104.4285714285713,0,518,1,0,0,31,20,65
0,209.0,0.26795893907546997,296.0,1.0,238.0,10376.0,231.97959183673453,,,,,,,,,,2360.6,0.7179762125015259,26.798809051513672,202.25714285714287,1611.896728515625,2598.971435546875,0.8704524040222168,1104.4285714285713,0,518,1,0,0,21,21,92
0,73.0,0.15165336430072784,296.0,1.0,238.0,18036.0,225.10204081632637,11120.5,30.28333282470703,7.333333492279053,20558.5,24.350000381469727,5.0,4.583333492279053,46.95000076293945,22816.0,2306.0285714285715,0.7195000052452087,26.759641647338867,195.9142857142857,1599.59130859375,2623.0,0.9033095240592957,1104.1142857142856,0,508,1,0,0,24,2,27
0,193.0,0.44355759024620056,296.0,1.0,238.0,14773.0,218.63265306122432,11848.3330078125,32.66666793823242,8.75,22836.666015625,25.133333206176758,4.800000190734863,4.550000190734863,44.53333282470703,27017.333984375,2294.3714285714286,0.7227380871772766,26.78583335876465,194.02857142857144,1598.515625,2622.685791015625,0.8914999961853027,1107.1714285714286,0,508,1,0,0,31,26,73
0,,0.14481185376644135,296.0,1.0,238.0,11406.0,218.63265306122432,11131.611328125,33.2388916015625,6.272222518920898,20959.37109375,25.16666603088379,5.199999809265137,4.661111354827881,46.7055549621582,23080.27734375,2247.114285714286,0.7340475916862488,26.85440444946289,186.9142857142857,1593.491943359375,2640.6572265625,0.8945714235305786,1116.4,1,508,1,0,0,24,5,
0,159.0,0.4652223587036133,296.0,1.0,238.0,1305.0,208.42857142857127,10358.1669921875,32.58333206176758,7.166666507720947,20855.43359375,23.066667556762695,4.5,4.5,44.91666793823242,19197.666015625,2232.4857142857145,0.7303571701049805,26.807619094848633,200.5142857142857,1616.6102294921875,2588.371337890625,0.916690468788147,1112.9714285714285,1,508,1,1,0,31,29,60
0,113.0,0.04675028473138809,296.0,1.0,238.0,1375.0,204.7346938775509,11485.3330078125,30.483333587646484,6.050000190734863,18068.6328125,25.53333282470703,4.800000190734863,4.766666889190674,48.91666793823242,31857.666015625,2175.657142857143,0.7335476279258728,26.774524688720703,198.65714285714284,1612.3125,2590.914306640625,0.9353571534156799,1112.857142857143,1,508,1,0,0,42,5,49
0,,0.18586088716983795,296.0,1.0,238.0,6784.0,203.9183673469387,8615.0,28.549999237060547,7.400000095367432,16230.2998046875,22.16666603088379,4.599999904632568,4.75,44.28333282470703,21040.0,2161.285714285714,0.7409523725509644,26.811548233032227,198.71428571428572,1618.726318359375,2573.228515625,0.9270237684249878,1119.142857142857,1,508,1,0,0,21,3,
0,160.0,0.16077536344528198,296.0,1.0,238.0,6456.0,204.02040816326522,12083.8330078125,33.03333282470703,6.300000190734863,18620.31640625,24.5,5.0,4.833333492279053,41.766666412353516,20995.0,2161.285714285714,0.7409523725509644,26.811548233032227,198.71428571428572,1618.726318359375,2573.228515625,0.9270237684249878,1119.142857142857,0,508,1,0,0,21,19,65
0,96.0,0.2839224636554718,296.0,1.0,238.0,3607.0,204.77551020408154,10421.5,32.483333587646484,6.133333206176758,20199.849609375,25.899999618530273,4.800000190734863,4.699999809265137,45.95000076293945,22678.0,2129.1714285714284,0.757023811340332,26.86916732788086,202.2,1610.3955078125,2560.45703125,0.9045952558517456,1116.2571428571428,2,508,1,0,0,21,4,36
0,112.0,0.33523374795913696,296.0,1.0,238.0,9440.0,207.34693877551007,8303.6669921875,29.516666412353516,5.199999809265137,17233.666015625,24.399999618530273,4.900000095367432,4.583333492279053,47.400001525878906,22212.666015625,2160.942857142857,0.7673333287239075,26.867143630981445,207.28571428571428,1615.8150634765625,2527.39990234375,0.9245952367782593,1117.142857142857,1,508,1,0,0,31,10,45
0,189.0,0.11288483440876007,296.0,1.0,238.0,7227.0,211.7959183673468,11057.9443359375,31.58333396911621,7.877778053283691,18159.02734375,24.08333396911621,4.599999904632568,4.733333110809326,46.95000076293945,23260.4453125,2120.0,0.7633095383644104,26.844881057739258,206.4857142857143,1617.314453125,2519.771484375,0.93064284324646,1117.1714285714286,1,508,1,0,0,21,19,87
0,191.0,0.7799316048622131,296.0,1.0,238.0,1067.0,214.69387755102022,8741.5,32.03333282470703,6.449999809265137,17029.966796875,24.71666717529297,5.199999809265137,4.483333110809326,46.58333206176758,21573.666015625,2061.057142857143,0.7373095154762268,26.65142822265625,215.4857142857143,1646.4246826171875,2475.314208984375,0.9634761810302734,1111.6285714285714,0,508,1,0,0,41,25,90
0,129.0,0.07297605276107788,296.0,1.0,238.0,3346.0,218.51020408163248,9112.5,33.46666717529297,6.849999904632568,16973.400390625,22.16666603088379,4.400000095367432,4.766666889190674,43.099998474121094,21441.0,2066.057142857143,0.7392380833625793,26.648571014404297,213.9142857142857,1640.308837890625,2457.914306640625,0.9240714311599731,1110.1714285714286,0,508,1,0,0,24,23,51
0,236.0,0.664766252040863,296.0,1.0,238.0,1964.0,216.55102040816308,8875.8330078125,31.600000381469727,7.050000190734863,18730.166015625,23.58333396911621,4.900000095367432,4.599999904632568,44.75,20322.833984375,2161.457142857143,0.7511904835700989,26.70880889892578,214.28571428571428,1632.010986328125,2436.371337890625,0.9080237746238708,1109.3142857142857,0,508,1,0,0,31,1,98
0,228.0,0.29988598823547363,296.0,1.0,238.0,1225.0,214.1428571428569,10642.5,29.549999237060547,7.099999904632568,18946.55078125,24.350000381469727,4.900000095367432,4.5,47.38333511352539,19020.833984375,2062.4857142857145,0.7484999895095825,26.68940544128418,213.34285714285716,1631.3057861328125,2436.0,0.8978333473205566,1107.942857142857,0,508,1,0,0,42,24,88
1,146.0,0.09350056946277618,296.0,1.0,238.0,3933.0,212.93877551020384,10994.6669921875,32.03333282470703,6.7833333015441895,18200.3828125,23.71666717529297,4.800000190734863,4.699999809265137,45.56666564941406,21031.166015625,2199.2285714285713,0.7580000162124634,26.71714210510254,213.4857142857143,1632.005126953125,2378.45703125,0.8444047570228577,1108.3714285714286,0,508,1,0,0,42,14,62
0,137.0,0.39566704630851746,296.0,1.0,238.0,6059.0,210.65306122448962,10639.8330078125,30.983333587646484,5.599999904632568,14347.2001953125,21.483333587646484,4.5,4.800000190734863,40.41666793823242,16855.833984375,2157.114285714286,0.7606428265571594,26.700000762939453,228.85714285714286,1662.4036865234375,2332.914306640625,0.8379999995231628,1109.9142857142858,0,508,1,0,0,21,13,56
0,121.0,0.04789053648710251,296.0,1.0,238.0,3478.0,207.75510204081615,8026.83349609375,30.399999618530273,7.616666793823242,14717.1162109375,22.58333396911621,4.400000095367432,4.883333206176758,43.61666488647461,18674.5,2262.457142857143,0.7614762187004089,26.641427993774414,222.65714285714284,1642.3133544921875,2311.05712890625,0.8314047455787659,1102.6857142857143,2,508,1,0,0,21,5,46
0,46.0,0.3306727409362793,296.0,1.0,238.0,3151.0,207.75510204081615,8270.6669921875,31.71666717529297,7.050000190734863,13807.849609375,23.049999237060547,4.400000095367432,4.900000095367432,40.95000076293945,20231.0,2243.3714285714286,0.7463571429252625,26.55321502685547,221.45714285714286,1644.73193359375,2308.6572265625,0.8480714559555054,1099.3714285714286,3,508,1,0,0,21,4,17
0,156.0,0.16989737749099731,296.0,1.0,238.0,2931.0,204.14285714285697,7453.62939453125,32.762962341308594,6.738888740539551,16465.087890625,22.57962989807129,4.6777777671813965,4.777777671813965,42.2185173034668,18087.408203125,2379.5714285714284,0.7593809366226196,26.571428298950195,223.65714285714284,1647.953369140625,2267.314208984375,0.7882857322692871,1101.6857142857143,1,508,1,0,0,31,25,70
0,223.0,0.03306727483868599,296.0,1.0,238.0,1494.0,202.46938775510188,7192.0,39.733333587646484,8.116666793823242,23341.19921875,25.483333587646484,5.0,4.900000095367432,36.16666793823242,22103.0,2464.1428571428573,0.7634761929512024,26.579999923706055,224.0,1651.3460693359375,2236.71435546875,0.7491190433502197,1101.8857142857144,1,508,1,0,0,42,30,90
0,216.0,0.03762827813625336,296.0,1.0,238.0,4346.0,198.53061224489787,7368.0,34.13333511352539,6.400000095367432,14720.150390625,22.366666793823242,4.699999809265137,4.800000190734863,43.95000076293945,19811.5,2432.4285714285716,0.7768809795379639,26.717618942260742,227.14285714285714,1649.3424072265625,2238.94287109375,0.8432856798171997,1102.2285714285715,0,508,1,0,0,21,17,84
0,148.0,0.3648802638053894,296.0,1.0,238.0,1124.0,195.30612244897944,8378.6669921875,34.79999923706055,7.5333333015441895,17629.31640625,23.266666412353516,4.699999809265137,4.599999904632568,42.58333206176758,20159.166015625,2522.8285714285716,0.7673333287239075,26.58011817932129,216.94285714285715,1639.3563232421875,2228.428466796875,0.8579047322273254,1101.5714285714287,0,508,1,0,0,21,26,56
0,164.0,0.2223489135503769,296.0,1.0,238.0,2853.0,190.8367346938774,7457.5556640625,35.03889083862305,9.283332824707031,14743.1279296875,23.016666412353516,4.9666666984558105,4.838889122009277,40.633331298828125,19092.333984375,2677.457142857143,0.7730714082717896,26.552976608276367,214.4,1644.580810546875,2193.45703125,0.7433571219444275,1105.1714285714286,2,508,1,0,0,21,2,63
0,179.0,0.03648802638053894,296.0,1.0,238.0,10657.0,186.87755102040796,8622.8330078125,28.66666603088379,6.0333333015441895,15492.3662109375,22.116666793823242,4.599999904632568,4.983333110809326,46.70000076293945,19356.333984375,2784.4285714285716,0.7807857394218445,26.546072006225586,212.0857142857143,1640.592041015625,2169.028564453125,0.689380943775177,1105.0285714285715,1,508,1,0,0,31,14,69
0,152.0,0.0,296.0,1.0,238.0,5345.0,185.18367346938763,9469.0,32.56666564941406,11.416666984558105,14963.7998046875,22.33333396911621,4.599999904632568,4.933333396911621,47.766666412353516,17785.0,2790.114285714286,0.780047595500946,26.580595016479492,219.85714285714286,1660.8974609375,2163.485595703125,0.7268333435058594,1108.7714285714285,0,508,1,0,0,21,20,64
0,175.0,0.17331813275814056,296.0,1.0,238.0,7664.0,185.4489795918365,11435.22265625,40.266666412353516,11.822222709655762,15644.4228515625,22.39444351196289,4.400000095367432,4.988889217376709,41.872222900390625,17705.333984375,2873.2285714285713,0.7763095498085022,26.51785659790039,218.77142857142857,1659.5699462890625,2149.82861328125,0.7075238227844238,1106.8285714285714,1,508,1,0,0,21,21,67
0,213.0,0.4264538288116455,296.0,1.0,238.0,1526.0,186.89795918367324,10097.1669921875,38.96666717529297,5.5,17022.31640625,22.850000381469727,4.300000190734863,4.699999809265137,36.25,17158.666015625,3298.457142857143,0.7557857036590576,26.269046783447266,217.45714285714286,1690.4549560546875,2081.8857421875,0.5821904540061951,1112.3142857142857,0,508,1,0,0,21,21,83
0,180.0,0.5256556272506714,296.0,1.0,238.0,1502.0,185.8571428571427,10748.0,35.86666488647461,5.683333396911621,16422.966796875,22.03333282470703,4.5,4.900000095367432,40.96666717529297,17695.666015625,3295.3142857142857,0.7603809833526611,26.3271427154541,201.42857142857142,1666.2550048828125,2139.485595703125,0.6902619004249573,1116.6285714285714,0,508,1,0,0,41,6,76
0,203.0,0.2964652180671692,296.0,1.0,238.0,1242.0,193.95918367346914,9871.3330078125,41.150001525878906,4.4666666984558105,19703.833984375,23.633333206176758,4.300000190734863,4.800000190734863,35.06666564941406,19878.833984375,3660.7428571428572,0.7402142882347107,26.089643478393555,209.42857142857142,1701.981689453125,2077.54296875,0.503000020980835,1116.2285714285715,1,508,1,0,0,31,10,80
0,192.0,0.0,296.0,1.0,238.0,2218.0,200.93877551020384,9530.5,35.91666793823242,7.866666793823242,15335.4501953125,20.516666412353516,4.300000190734863,5.183333396911621,39.91666793823242,17562.166015625,3896.0,0.7475714087486267,26.214284896850586,195.71428571428572,1678.6761474609375,2085.971435546875,0.42852380871772766,1118.3142857142857,0,508,1,0,0,41,3,78
0,191.0,0.2554161846637726,296.0,1.0,238.0,1297.0,208.55102040816305,9011.6669921875,39.650001525878906,5.300000190734863,20153.06640625,24.133333206176758,4.400000095367432,5.0,40.516666412353516,20848.666015625,4040.657142857143,0.765071451663971,26.37714195251465,192.97142857142856,1673.6051025390625,2089.742919921875,0.35004761815071106,1124.6285714285714,2,508,1,0,0,21,5,82
1,262.0,0.009122006595134735,267.0,4.0,238.0,3501.0,216.0204081632651,8435.8330078125,36.849998474121094,8.350000381469727,14850.93359375,20.950000762939453,4.0,4.900000095367432,39.266666412353516,16193.5,4247.628571428571,0.7926666736602783,26.609642028808594,182.45714285714286,1649.1055908203125,2111.82861328125,0.2191428542137146,1127.2,1,508,1,0,0,34,23,109
0,129.0,0.0,267.0,4.0,238.0,6887.0,222.57142857142838,8933.6669921875,41.04999923706055,8.300000190734863,15819.349609375,22.450000762939453,4.099999904632568,5.0,35.849998474121094,18223.833984375,4320.628571428571,0.7858809232711792,26.52666664123535,189.65714285714284,1665.937744140625,2086.628662109375,0.14392855763435364,1124.5428571428572,1,508,1,0,0,21,8,49
0,101.0,0.060433294624090195,267.0,4.0,238.0,4960.0,222.57142857142838,8364.0,40.58333206176758,8.066666603088379,16226.7998046875,22.566667556762695,4.099999904632568,4.9666666984558105,30.233333587646484,17652.0,4345.342857142857,0.7871190309524536,26.52880859375,193.11428571428573,1669.9500732421875,2065.199951171875,0.0973571389913559,1123.5428571428572,0,508,1,0,0,41,14,41
0,39.0,0.44241732358932495,267.0,4.0,238.0,1381.0,229.51020408163245,11780.8330078125,39.54999923706055,9.333333015441895,15066.6162109375,21.33333396911621,4.199999809265137,4.900000095367432,34.13333511352539,16653.833984375,4418.4,0.7729762196540833,26.464405059814453,194.82857142857142,1692.303466796875,2080.857177734375,0.11233332753181458,1130.6285714285714,1,508,1,1,0,21,1,15
0,232.0,0.8415051102638245,267.0,4.0,238.0,1029.0,243.14285714285694,9502.0,37.53333282470703,10.050000190734863,21558.333984375,21.483333587646484,4.099999904632568,4.766666889190674,36.516666412353516,18855.166015625,4671.285714285715,0.7748809456825256,26.417261123657227,191.62857142857143,1680.1387939453125,2086.6572265625,-0.0703333392739296,1121.5428571428572,1,508,1,1,0,34,18,90
0,285.0,0.42873433232307434,267.0,4.0,238.0,1203.0,245.3061224489794,9680.6669921875,35.86666488647461,10.733333587646484,26199.599609375,23.83333396911621,4.099999904632568,4.699999809265137,33.81666564941406,21800.0,4588.457142857143,0.7695476412773132,26.37821388244629,193.94285714285715,1695.6295166015625,2113.514404296875,-0.10188093036413193,1126.3142857142857,0,508,1,1,0,42,14,114
0,296.0,0.3728620409965515,267.0,4.0,238.0,1210.0,245.3061224489794,8660.1669921875,37.233333587646484,11.933333396911621,16254.0830078125,22.299999237060547,4.400000095367432,4.75,34.95000076293945,18587.333984375,4578.428571428572,0.774404764175415,26.41607093811035,192.9142857142857,1687.2103271484375,2116.428466796875,-0.14359524846076965,1122.4,0,508,1,1,0,41,14,116
0,148.0,0.8415051102638245,267.0,4.0,238.0,1075.0,236.81632653061206,9578.0,34.71666717529297,11.616666793823242,21317.69921875,22.183332443237305,3.9000000953674316,4.666666507720947,34.766666412353516,20479.0,4529.8,0.7745237946510315,26.335832595825195,201.11428571428573,1698.9676513671875,2101.514404296875,-0.25754761695861816,1119.2857142857142,4,508,1,1,0,42,6,57
0,242.0,0.9418472051620483,267.0,4.0,238.0,1066.0,229.9999999999999,9322.3330078125,41.233333587646484,11.266666412353516,21091.8671875,21.616666793823242,3.9000000953674316,4.566666603088379,31.066667556762695,17847.833984375,4489.114285714286,0.7649047374725342,26.299165725708008,196.6,1705.3037109375,2159.8857421875,-0.2555476129055023,1122.7428571428572,0,508,1,1,0,21,27,92
0,182.0,0.2964652180671692,267.0,4.0,238.0,1420.0,212.44897959183655,9836.0,31.78333282470703,5.900000095367432,17263.19921875,22.91666603088379,4.300000190734863,4.916666507720947,41.266666412353516,19056.0,4621.171428571429,0.7938571572303772,26.540952682495117,182.5142857142857,1657.7550048828125,2193.60009765625,-0.4952142834663391,1111.8857142857144,2,508,1,0,0,42,17,70
0,88.0,0.12428734451532364,267.0,4.0,238.0,6576.0,193.61224489795902,8884.5,36.93333435058594,8.866666793823242,16194.75,20.83333396911621,4.0,4.949999809265137,40.983333587646484,18366.166015625,4676.257142857143,0.8014761805534363,26.58416748046875,186.8,1651.7462158203125,2172.199951171875,-0.5814047455787659,1105.5714285714287,5,508,1,0,0,31,3,36
0,73.0,0.0,267.0,4.0,238.0,17898.0,168.6326530612243,9383.3330078125,35.68333435058594,11.033333778381348,15796.099609375,20.75,4.099999904632568,5.0,38.53333282470703,18558.0,4806.0,0.8320237994194031,26.790714263916016,198.5142857142857,1688.53564453125,2227.257080078125,-0.6511428356170654,1120.5714285714287,7,508,1,0,0,24,7,32
0,104.0,0.0022805016487836838,267.0,4.0,238.0,31797.0,161.99999999999991,8511.0,31.350000381469727,13.933333396911621,15547.5,20.733333587646484,4.199999809265137,5.099999904632568,37.95000076293945,18241.0,4983.628571428571,0.85230952501297,26.873809814453125,206.2,1691.905029296875,2197.8857421875,-0.7675713896751404,1118.2857142857142,2,508,1,0,0,41,13,40
0,122.0,0.009122006595134735,267.0,4.0,238.0,32767.0,150.5918367346938,9378.3330078125,31.633333206176758,10.033333778381348,16924.099609375,20.016666412353516,3.799999952316284,5.0,36.79999923706055,19623.0,5066.285714285715,0.8641666769981384,26.954761505126953,208.9142857142857,1685.9058837890625,2153.94287109375,-0.8491666316986084,1114.0857142857142,7,508,1,0,0,31,11,56
0,128.0,0.11972633749246597,267.0,4.0,238.0,32767.0,138.3673469387754,11261.6669921875,32.61666488647461,12.449999809265137,15437.6337890625,19.116666793823242,3.5,5.099999904632568,34.91666793823242,22235.333984375,5159.371428571429,0.8643571138381958,26.952499389648438,214.9142857142857,1696.5264892578125,2124.314208984375,-0.9076904654502869,1112.4571428571428,0,508,1,0,0,21,6,53
0,120.0,0.21892815828323364,267.0,4.0,238.0,32767.0,125.4897959183673,10738.1669921875,30.316667556762695,15.116666793823242,15685.06640625,20.91666603088379,4.0,4.916666507720947,37.20000076293945,19079.666015625,5154.428571428572,0.8732619285583496,26.94952392578125,211.97142857142856,1689.741455078125,2149.60009765625,-0.975690484046936,1108.0285714285715,0,508,1,0,0,31,1,46
0,99.0,0.48460662364959717,267.0,4.0,238.0,32767.0,117.67346938775505,9959.7216796875,32.2055549621582,13.783332824707031,16347.888671875,21.91111183166504,4.066666603088379,4.94444465637207,38.13888931274414,20917.5546875,5110.542857142857,0.8732618689537048,26.937976837158203,219.31428571428572,1688.2890625,2141.28564453125,-0.9762856960296631,1099.6,1,508,1,0,1,34,5,41
0,128.0,0.36259976029396057,267.0,4.0,238.0,32767.0,115.97959183673463,16032.3330078125,34.099998474121094,13.75,15636.0498046875,21.83333396911621,4.199999809265137,4.800000190734863,32.016666412353516,20623.5,5046.942857142857,0.8870476484298706,27.039047241210938,236.85714285714286,1707.0283203125,2027.7427978515625,-1.009928584098816,1096.2,0,508,1,0,1,34,35,55
0,128.0,0.2759407162666321,267.0,4.0,238.0,32767.0,115.55102040816321,14681.1669921875,35.79999923706055,14.733333587646484,18539.1171875,22.399999618530273,4.199999809265137,4.800000190734863,33.266666412353516,25430.833984375,5031.285714285715,0.8928095102310181,27.00583267211914,235.17142857142858,1692.6556396484375,2033.3714599609375,-1.1134761571884155,1089.7714285714285,0,508,1,0,1,41,7,51
0,125.0,0.4036487936973572,267.0,4.0,238.0,30275.0,116.30612244897951,12849.3330078125,38.03333282470703,12.616666793823242,16099.06640625,20.733333587646484,3.9000000953674316,4.900000095367432,34.03333282470703,21394.0,5001.257142857143,0.8873095512390137,27.000951766967773,254.54285714285714,1711.9906005859375,1962.8857421875,-1.0857857465744019,1079.6285714285714,1,508,1,0,1,34,5,52
0,82.0,0.5940706729888916,267.0,4.0,238.0,32767.0,119.40816326530602,12811.3330078125,33.11666488647461,13.316666603088379,14630.466796875,21.149999618530273,3.799999952316284,4.900000095367432,32.68333435058594,16944.333984375,4952.371428571429,0.9111190438270569,27.056785583496094,257.6857142857143,1713.50244140625,1947.4857177734375,-1.2863094806671143,1080.3142857142857,1,508,1,0,1,42,2,33
0,63.0,0.2098061591386795,267.0,4.0,238.0,32767.0,123.93877551020395,14831.1669921875,37.650001525878906,13.449999809265137,14755.4833984375,21.799999237060547,4.0,4.900000095367432,28.700000762939453,24232.5,4966.5142857142855,0.9445475935935974,27.254167556762695,269.34285714285716,1738.6390380859375,1917.5999755859375,-1.3352619409561157,1092.5428571428572,0,508,1,0,1,24,15,24
0,45.0,0.2428734302520752,267.0,4.0,238.0,31607.0,128.57142857142847,19941.333984375,39.08333206176758,12.183333396911621,14695.033203125,20.683332443237305,3.700000047683716,4.900000095367432,28.350000381469727,28902.166015625,5038.6,0.9445475935935974,27.262142181396484,279.85714285714283,1749.2789306640625,1906.4571533203125,-1.3179047107696533,1089.9714285714285,1,508,1,0,1,21,17,18
0,40.0,0.19498290121555328,267.0,4.0,238.0,32767.0,131.85714285714272,14656.1669921875,41.349998474121094,12.100000381469727,14676.56640625,20.66666603088379,4.0,5.050000190734863,25.700000762939453,20974.5,5015.428571428572,0.9587380886077881,27.314285278320312,280.4,1747.8311767578125,1895.4571533203125,-1.3927619457244873,1091.4285714285713,0,508,1,0,1,24,7,17
0,,0.2371721714735031,267.0,4.0,238.0,32767.0,131.85714285714272,14587.5,42.766666412353516,15.066666603088379,19006.966796875,19.700000762939453,4.400000095367432,5.099999904632568,22.33333396911621,44314.0,5062.657142857143,0.9682618975639343,27.342975616455078,281.0857142857143,1734.501220703125,1880.3143310546875,-1.5637142658233643,1086.2571428571428,0,508,1,0,1,21,3,
0,92.0,0.0,267.0,4.0,170.0,32767.0,136.12244897959167,14872.0,40.21666717529297,13.550000190734863,13699.0498046875,22.649999618530273,4.199999809265137,5.099999904632568,28.233333587646484,32839.5,5018.457142857143,0.9571428298950195,27.328571319580078,309.6,1792.9495849609375,1892.085693359375,-1.6474047899246216,1104.8285714285714,0,611,1,0,1,42,14,48
0,147.0,0.14025086164474487,267.0,4.0,170.0,32767.0,134.32653061224465,14320.5,51.16666793823242,16.733333587646484,14999.75,23.350000381469727,4.900000095367432,5.099999904632568,20.649999618530273,26651.333984375,4992.5142857142855,0.9752380847930908,27.311786651611328,326.4,1814.2371826171875,1953.3143310546875,-1.8766905069351196,1122.3714285714286,0,611,1,0,1,42,4,61
0,78.0,0.5484606623649597,267.0,4.0,170.0,32767.0,130.81249999999974,14514.5,35.13333511352539,13.466666221618652,18729.982421875,23.066667556762695,3.9000000953674316,5.016666889190674,36.88333511352539,26286.5,4972.457142857143,0.9664999842643738,27.286548614501953,316.57142857142856,1760.243408203125,2034.971435546875,-1.8766428232192993,1112.3714285714286,0,611,1,0,1,21,9,31
0,71.0,0.624857485294342,267.0,4.0,170.0,32767.0,133.19148936170185,17289.5,40.766666412353516,14.0,19962.599609375,25.21666717529297,4.400000095367432,5.0,31.25,21349.666015625,4981.857142857143,0.9720237851142883,27.275476455688477,320.34285714285716,1775.2322998046875,2014.05712890625,-1.8795714378356934,1112.0857142857142,1,611,1,0,1,21,1,27
0,156.0,0.4127708077430725,286.0,2.0,285.0,2116.0,278.9591836734692,15632.3330078125,28.066667556762695,7.433333396911621,25956.599609375,27.816667556762695,5.800000190734863,4.333333492279053,27.100000381469727,76453.5,325.9714285714286,0.6192380785942078,26.397024154663086,4.742857142857143,1313.176025390625,3221.1142578125,-0.9294999837875366,1053.7428571428572,0,496,1,1,0,21,2,53
1,149.0,0.057012543082237244,286.0,2.0,285.0,1633.0,267.87755102040785,17058.5,28.799999237060547,4.7166666984558105,27254.849609375,29.649999618530273,6.0,4.383333206176758,26.933332443237305,35514.83203125,328.0285714285714,0.5754285454750061,26.137737274169922,1.6285714285714286,1315.7513427734375,3500.771484375,-0.8158095479011536,1046.2857142857142,0,496,1,0,0,41,4,51
0,124.0,0.5108323693275452,286.0,2.0,285.0,1322.0,267.87755102040785,16461.0,31.75,7.133333206176758,25157.80078125,29.03333282470703,5.5,4.2833333015441895,35.96666717529297,63270.0,329.0571428571429,0.5746428370475769,26.152856826782227,1.6,1316.79931640625,3459.71435546875,-0.8003571629524231,1046.9142857142858,0,496,1,0,0,31,9,49
0,270.0,0.44355759024620056,286.0,2.0,285.0,1497.0,263.6530612244896,16315.3330078125,24.133333206176758,4.199999809265137,26286.43359375,28.633333206176758,5.400000095367432,4.349999904632568,35.31666564941406,29725.0,340.37142857142857,0.574833333492279,26.258928298950195,2.2,1322.1768798828125,3265.142822265625,-0.7649523615837097,1050.2571428571428,0,496,1,0,0,21,14,93
0,155.0,0.8814139366149902,286.0,2.0,285.0,1272.0,268.3673469387753,16707.166015625,28.483333587646484,7.900000095367432,27945.583984375,28.41666603088379,5.699999809265137,4.300000190734863,41.45000076293945,34604.5,335.65714285714284,0.5687618851661682,26.10630989074707,1.7428571428571429,1318.175048828125,3291.71435546875,-0.7424047589302063,1045.3142857142857,0,496,1,1,0,31,15,53
1,51.0,0.3728620409965515,286.0,2.0,285.0,1171.0,270.6530612244896,14720.22265625,31.988889694213867,4.211111068725586,22838.56640625,26.544445037841797,6.166666507720947,4.300000190734863,29.794443130493164,30095.5546875,358.8857142857143,0.5752857327461243,26.262380599975586,3.2,1327.3631591796875,3083.771484375,-0.6912381052970886,1052.3142857142857,0,496,1,0,0,31,22,18
0,275.0,0.4811858534812927,286.0,2.0,285.0,1271.0,271.95918367346917,14014.1669921875,36.25,4.766666889190674,24079.5,28.566667556762695,5.5,4.183333396911621,32.03333282470703,27546.5,382.0285714285714,0.5804285407066345,26.243452072143555,4.714285714285714,1325.337890625,2933.514404296875,-0.39947620034217834,1049.3142857142857,0,503,1,0,0,21,24,116
1,78.0,0.05017103627324104,286.0,2.0,285.0,2477.0,271.95918367346917,13624.1669921875,35.83333206176758,1.4166666269302368,21760.083984375,25.399999618530273,5.699999809265137,4.183333396911621,33.099998474121094,23970.0,385.77142857142854,0.5857856869697571,26.294761657714844,4.914285714285715,1330.5552978515625,2919.257080078125,-0.3720952570438385,1054.0,0,496,1,0,0,21,3,29
0,78.0,0.006841504946351051,286.0,2.0,285.0,2860.0,275.04081632653043,14694.8330078125,36.483333587646484,3.0333333015441895,21284.833984375,25.200000762939453,5.800000190734863,4.366666793823242,33.83333206176758,24291.833984375,382.48571428571427,0.5841428637504578,26.268810272216797,4.428571428571429,1324.5382080078125,2941.914306640625,-0.34802380204200745,1050.0857142857142,0,496,1,0,0,31,24,27
0,24.992407563084097,0.013683009892702103,286.0,2.0,285.0,7837.0,264.5918367346937,15852.0,31.46666717529297,0.6833333373069763,27752.94921875,30.16666603088379,5.400000095367432,4.333333492279053,18.5,42699.0,398.14285714285717,0.5779285430908203,26.32773780822754,4.742857142857143,1315.88037109375,2926.857177734375,-0.32421427965164185,1044.7428571428572,0,496,1,0,0,42,1,12
1,286.0,0.32725200057029724,286.0,2.0,296.0,1419.0,241.8571428571427,15554.0,37.650001525878906,3.183333396911621,21827.732421875,26.016666412353516,4.900000095367432,4.183333396911621,29.950000762939453,23078.666015625,548.3142857142857,0.6631190776824951,26.808452606201172,4.171428571428572,1336.45751953125,2998.628662109375,-0.1275000125169754,1080.2571428571428,0,496,1,1,0,31,27,130
0,289.0,0.7377423048019409,286.0,2.0,285.0,1717.0,249.24489795918353,15895.7216796875,31.394445419311523,4.449999809265137,23457.421875,27.08333396911621,5.900000095367432,4.25,21.799999237060547,26351.72265625,589.6285714285714,0.6652857065200806,26.79428482055664,4.457142857142857,1326.7606201171875,2983.45703125,-0.05616666376590729,1074.142857142857,0,496,1,0,0,31,13,99
1,274.0,0.32611173391342163,286.0,2.0,296.0,2235.0,252.83673469387742,15689.1669921875,34.900001525878906,4.633333206176758,23933.283203125,29.100000381469727,6.199999809265137,4.233333110809326,16.700000762939453,31190.833984375,637.7714285714286,0.6723809242248535,26.801191329956055,4.6571428571428575,1331.263427734375,2971.800048828125,0.03599999472498894,1077.7714285714285,1,496,1,0,0,31,17,113
