floodable_forests,biomass,sur_cover,dist,nearest_mature,cec,clay,cfvo,nitro,ocd,ocs,phh2o,sand,soc,mean_soil,mean_vpd,mean_temp,mean_def,mean_srad,mean_pr,mean_pdsi,mean_aet,num_fires,ecoreg,biome,indig,protec,topography,age,sd
0,51.0,0.23375143110752106,5221.0,140.2448979591836,10737.9443359375,27.566667556762695,9.100000381469727,19905.873046875,26.566667556762695,5.699999809265137,4.800000190734863,39.150001525878906,25988.5,2340.9714285714285,0.7882857322692871,25.060237884521484,264.6857142857143,1587.2833251953125,1910.5428466796875,-0.6162142753601074,1006.6571428571428,4,518,1,0,0,41,12,21
0,74.0,0.26567843556404114,2084.0,137.6382978723403,12232.0,28.96666717529297,8.300000190734863,18698.599609375,23.649999618530273,4.599999904632568,4.883333206176758,40.88333511352539,23783.0,2268.885714285714,0.8510952591896057,25.964284896850586,285.6,1603.9283447265625,1878.4285888671875,-0.643761932849884,1018.0857142857143,2,481,1,0,0,31,24,31
0,112.0,0.3386545181274414,5977.0,136.54545454545442,12228.1669921875,27.700000762939453,11.199999809265137,20824.6328125,23.649999618530273,5.300000190734863,4.900000095367432,38.33333206176758,29670.333984375,2305.942857142857,0.8488333225250244,25.811309814453125,273.0857142857143,1573.426513671875,1897.4571533203125,-0.6912142634391785,1011.6857142857143,1,481,1,0,0,31,8,52
0,99.74494400711073,0.10490307956933975,32767.0,126.29787234042537,9654.8330078125,31.350000381469727,4.300000190734863,17401.8671875,22.183332443237305,4.099999904632568,4.949999809265137,38.63333511352539,21004.166015625,2439.2285714285713,0.9525476098060608,26.424999237060547,291.37142857142857,1588.3280029296875,1845.6856689453125,-0.6815000176429749,1033.4285714285713,1,518,1,0,0,21,11,38
0,122.0,0.0,32767.0,124.5102040816325,9670.0,29.66666603088379,5.483333110809326,15457.56640625,21.366666793823242,3.5999999046325684,5.083333492279053,39.400001525878906,16939.666015625,2390.9714285714285,0.9601190686225891,26.508333206176758,303.74285714285713,1623.1065673828125,1811.6571044921875,-0.642547607421875,1041.857142857143,6,518,1,0,0,21,8,45
1,90.0,0.0,32767.0,125.99999999999983,16516.666015625,28.233333587646484,6.233333110809326,19503.583984375,23.850000381469727,4.300000190734863,5.0,35.46666717529297,23815.333984375,2522.8285714285716,0.9732142686843872,26.585357666015625,284.2,1581.71142578125,1837.4285888671875,-0.6967857480049133,1042.8285714285714,1,481,1,0,0,34,15,34
0,99.0,0.0,32767.0,124.85714285714268,11022.5,27.544445037841797,5.5833330154418945,15726.0673828125,21.505556106567383,3.7333333492279053,4.988888740539551,42.08333206176758,20353.333984375,2480.457142857143,0.9782857298851013,26.512144088745117,284.45714285714286,1576.5833740234375,1852.4000244140625,-0.7191428542137146,1039.7428571428572,2,481,1,0,0,42,4,37
0,93.0,0.0,32767.0,125.24489795918348,12316.5,28.5,7.116666793823242,17926.099609375,21.41666603088379,4.099999904632568,4.949999809265137,41.349998474121094,19461.5,2481.6285714285714,0.956333339214325,26.288333892822266,295.7142857142857,1598.7486572265625,1820.971435546875,-0.6665714383125305,1031.6571428571428,1,518,1,0,0,41,3,41
0,101.0,0.020524514839053154,32767.0,125.73469387755081,9886.0,26.483333587646484,5.633333206176758,17429.666015625,21.16666603088379,3.5999999046325684,4.949999809265137,41.266666412353516,17891.333984375,2545.542857142857,0.9552857279777527,26.305713653564453,289.3142857142857,1593.3369140625,1817.8857421875,-0.7493571639060974,1034.7714285714285,1,518,1,0,0,41,9,41
0,96.0,0.23945267498493195,32767.0,127.24489795918345,7838.33349609375,25.5,5.449999809265137,15408.650390625,22.883333206176758,4.300000190734863,4.900000095367432,39.93333435058594,16777.333984375,2442.0857142857144,0.9587143063545227,26.278451919555664,293.2,1594.1309814453125,1813.228515625,-0.7211428284645081,1031.1142857142856,1,518,1,0,0,24,29,45
1,112.0,0.013683009892702103,32767.0,126.87234042553169,9513.1669921875,27.116666793823242,5.616666793823242,14749.2666015625,21.133333206176758,3.799999952316284,4.900000095367432,37.78333282470703,16993.0,2360.542857142857,0.9790952205657959,26.407737731933594,300.22857142857146,1596.6007080078125,1816.199951171875,-0.6906428337097168,1031.2857142857142,4,518,1,0,0,41,19,45
0,91.0,0.04104902967810631,32767.0,126.87234042553169,11972.3330078125,25.799999237060547,8.333333015441895,17413.06640625,23.25,4.099999904632568,5.083333492279053,38.38333511352539,19619.0,2314.285714285714,0.9670000076293945,26.224166870117188,299.8285714285714,1596.967529296875,1816.94287109375,-0.7072142958641052,1026.2,4,518,1,0,0,24,15,40
0,216.0,0.8848346471786499,1078.0,290.12244897959164,16738.666015625,32.96666717529297,2.4666666984558105,19443.80078125,23.100000381469727,4.800000190734863,4.483333110809326,30.25,40096.33203125,1708.0857142857142,0.6450476050376892,25.52750015258789,52.857142857142854,1365.8756103515625,2089.60009765625,-0.7290714383125305,997.3428571428572,2,505,1,0,1,31,6,112
0,396.0,0.7115165591239929,1063.0,290.12244897959164,15654.6669921875,33.25,0.8166666626930237,20965.732421875,22.649999618530273,4.300000190734863,4.483333110809326,33.28333282470703,37576.0,1697.5428571428572,0.6396904587745667,25.502857208251953,53.628571428571426,1358.8011474609375,2088.45703125,-0.7374285459518433,991.2285714285714,3,505,1,0,0,42,11,200
0,404.0,0.9521094560623169,1073.0,283.5714285714284,15863.0,28.066667556762695,1.5666667222976685,19646.900390625,24.03333282470703,4.699999809265137,4.483333110809326,33.79999923706055,23645.0,1664.3142857142857,0.6187618970870972,25.41773796081543,55.51428571428571,1367.5704345703125,2077.8857421875,-0.7946666479110718,990.8,0,505,1,0,0,42,23,211
0,102.0,0.8631699085235596,1915.0,271.3265306122447,14486.1669921875,29.450000762939453,0.6166666746139526,19022.43359375,22.16666603088379,4.800000190734863,4.449999809265137,37.25,21125.166015625,1626.7142857142858,0.5914285778999329,25.288570404052734,56.48571428571429,1354.873779296875,2072.971435546875,-0.7640237808227539,977.3428571428572,2,505,1,0,0,21,2,49
0,190.0,0.597491443157196,2976.0,269.2653061224488,16947.5,22.122222900390625,0.6722221970558167,17647.587890625,22.55555534362793,4.266666889190674,4.394444465637207,46.83333206176758,21185.77734375,1619.057142857143,0.5906190276145935,25.306547164916992,56.542857142857144,1341.375732421875,2072.428466796875,-0.7979761958122253,969.4285714285714,2,505,1,0,0,21,2,74
0,239.0,0.30102622509002686,4253.0,267.32653061224465,19564.5,25.516666412353516,10.100000381469727,17387.44921875,22.33333396911621,4.300000190734863,4.2833333015441895,47.81666564941406,31580.0,1616.1714285714286,0.574833333492279,25.193452835083008,60.94285714285714,1331.3089599609375,2048.028564453125,-0.7951428294181824,955.9428571428572,1,505,1,0,0,31,6,90
0,273.0,0.40250855684280396,8299.0,266.5714285714283,17224.166015625,24.46666717529297,4.0333333015441895,18910.666015625,23.96666717529297,4.699999809265137,4.483333110809326,43.58333206176758,26502.333984375,1631.0857142857142,0.5689285397529602,25.30368995666504,61.82857142857143,1336.04296875,2034.3428955078125,-0.7739999890327454,959.0857142857143,1,505,1,0,0,21,12,113
1,146.0,0.21436716616153717,5079.0,269.7142857142855,14107.5,24.516666412353516,0.18333333730697632,18974.966796875,21.933332443237305,4.300000190734863,4.483333110809326,35.88333511352539,22188.333984375,1632.8,0.5564047694206238,25.306190490722656,66.34285714285714,1340.9127197265625,1993.914306640625,-0.8675952553749084,956.1142857142858,0,469,1,0,0,21,15,72
0,189.0,0.5416191816329956,1697.0,271.36734693877526,15229.8330078125,29.049999237060547,1.0333333015441895,19395.466796875,23.766666412353516,4.199999809265137,4.483333110809326,31.866666793823242,29563.166015625,1633.4285714285713,0.544785737991333,25.231428146362305,68.74285714285715,1345.928955078125,1981.914306640625,-0.8675476312637329,954.4857142857143,3,469,1,0,0,34,4,92
0,213.0,0.4264538288116455,2702.0,276.020408163265,17805.333984375,26.799999237060547,1.0499999523162842,19621.06640625,23.933332443237305,4.199999809265137,4.583333492279053,32.33333206176758,23318.0,1639.6857142857143,0.5423571467399597,25.21821403503418,67.97142857142858,1351.587890625,1983.0,-0.8631904721260071,958.2,0,505,1,0,0,42,15,101
0,220.0,0.2360319197177887,8127.0,281.1428571428568,15550.0,26.600000381469727,1.2833333015441895,17715.767578125,20.41666603088379,4.0,4.400000095367432,43.33333206176758,19313.333984375,1662.9142857142858,0.5552142858505249,25.201190948486328,65.71428571428571,1341.4476318359375,2008.5714111328125,-0.9087619185447693,956.0571428571428,2,505,1,0,0,21,8,90
0,293.0,0.3968072831630707,7407.0,284.77551020408134,15424.6669921875,25.483333587646484,1.399999976158142,17732.599609375,21.983333587646484,3.9000000953674316,4.599999904632568,37.150001525878906,27385.0,1662.0285714285715,0.5531428456306458,25.153213500976562,65.45714285714286,1338.581298828125,2010.142822265625,-0.909928560256958,953.2857142857143,0,505,1,0,0,21,21,107
0,149.0,0.030786773189902306,3705.0,290.0408163265303,14013.3330078125,24.049999237060547,0.21666666865348816,17586.0,22.149999618530273,3.5999999046325684,4.683333396911621,35.78333282470703,29044.0,1648.2,0.5479523539543152,25.14214324951172,68.91428571428571,1344.4039306640625,1993.028564453125,-0.9572857022285461,952.3714285714286,0,505,1,0,0,41,20,55
0,317.0,0.811858594417572,1068.0,296.40816326530586,15685.5,27.46666717529297,1.9833333492279053,19203.400390625,22.766666412353516,3.5999999046325684,5.083333492279053,33.79999923706055,19944.5,1642.0857142857142,0.5449761748313904,25.05238151550293,70.2,1342.3231201171875,1981.914306640625,-0.9589285850524902,948.0285714285715,0,505,1,1,0,31,17,142
0,394.0,0.2428734302520752,2447.0,308.3673469387753,14411.0,25.200000762939453,1.649999976158142,18988.1328125,23.483333587646484,3.9000000953674316,4.949999809265137,33.29999923706055,20100.666015625,1642.0857142857142,0.55907142162323,25.1872615814209,71.6,1346.5098876953125,1960.6856689453125,-0.9417142868041992,952.6857142857143,0,505,1,0,1,21,29,145
1,297.0,0.216647669672966,2222.0,308.3673469387753,13472.1669921875,25.46666717529297,0.05000000074505806,18575.44921875,22.383333206176758,3.9000000953674316,4.75,30.516666412353516,21065.0,1635.7142857142858,0.5559285879135132,25.172500610351562,70.0,1342.087890625,1972.2572021484375,-0.9595714211463928,951.0857142857143,0,505,1,0,1,21,28,110
0,389.0,0.9076396822929382,1133.0,325.34693877551,13887.6669921875,26.549999237060547,0.75,23429.099609375,24.049999237060547,3.5,4.75,32.766666412353516,25139.666015625,1646.8285714285714,0.5534999966621399,25.00321388244629,67.02857142857142,1333.8953857421875,1951.17138671875,-0.9483809471130371,946.4285714285714,0,505,1,0,0,21,22,196
0,169.0,0.530216634273529,1495.0,334.8571428571426,15261.8330078125,32.57221984863281,1.005555510520935,16902.62890625,21.91666603088379,3.700000047683716,4.688889026641846,31.105554580688477,24211.666015625,1642.0857142857142,0.5646904706954956,25.09702491760254,76.6,1336.413330078125,1873.857177734375,-1.0019999742507935,940.6,1,505,1,0,0,31,8,83
0,248.0,0.6339794993400574,1133.0,336.73469387755074,12253.7216796875,28.516666412353516,1.144444465637207,17017.478515625,21.816667556762695,3.566666603088379,4.599999904632568,31.88888931274414,18857.0,1697.3142857142857,0.5643333196640015,25.04059600830078,69.71428571428571,1336.574951171875,1945.085693359375,-0.9749761819839478,947.1142857142858,1,505,1,0,0,31,3,119
0,165.0,0.9372861981391907,1089.0,342.40816326530586,14337.0,30.96666717529297,2.4166667461395264,16012.099609375,23.16666603088379,5.699999809265137,4.5,35.95000076293945,29963.0,1859.5142857142857,0.5642380714416504,24.965238571166992,53.77142857142857,1340.1392822265625,2127.3427734375,-0.6413809657096863,964.1428571428571,0,505,1,0,0,31,23,82
0,322.0,0.352337509393692,2279.0,348.75510204081604,16202.6669921875,25.299999237060547,0.6000000238418579,17608.8671875,22.399999618530273,4.199999809265137,4.683333396911621,34.31666564941406,34193.66796875,1912.057142857143,0.575166642665863,25.075000762939453,50.6,1336.8509521484375,2206.05712890625,-0.4725000262260437,968.6571428571428,2,505,1,0,0,31,7,147
0,355.0,0.5005701184272766,1334.0,350.3469387755099,14458.8330078125,25.950000762939453,2.066666603088379,18224.833984375,22.78333282470703,3.5999999046325684,4.583333492279053,33.36666488647461,21051.166015625,1920.3714285714286,0.5805476307868958,25.105714797973633,50.628571428571426,1332.298583984375,2235.685791015625,-0.34307143092155457,966.7142857142857,0,505,1,1,0,41,16,163
0,362.0,0.5621436834335327,1420.0,350.7959183673466,14411.3330078125,26.983333587646484,1.3666666746139526,17240.033203125,21.33333396911621,3.5,4.699999809265137,30.566667556762695,18460.5,1975.6571428571428,0.581166684627533,25.057737350463867,49.542857142857144,1336.24658203125,2256.685791015625,-0.22350001335144043,969.6571428571428,0,469,1,0,0,31,8,146
0,457.0,0.46180158853530884,1747.0,350.48979591836707,15023.3330078125,28.200000762939453,0.800000011920929,18703.232421875,22.100000381469727,3.9000000953674316,4.699999809265137,26.883333206176758,20036.333984375,1977.5142857142857,0.5912380814552307,25.15916633605957,51.285714285714285,1338.3179931640625,2266.371337890625,-0.19516664743423462,971.7428571428571,0,469,1,0,0,31,4,184
1,103.0,0.20068414509296417,3214.0,318.69387755102014,16657.0,36.233333587646484,0.7333333492279053,19508.93359375,22.33333396911621,3.4000000953674316,4.550000190734863,18.049999237060547,52432.33203125,2142.285714285714,0.6163095235824585,25.281190872192383,62.8,1343.0299072265625,2322.199951171875,-0.06828571856021881,968.4857142857143,1,469,1,0,0,31,21,41
0,273.0,0.7810718417167664,3432.0,318.69387755102014,18254.5,38.28333282470703,1.0,19659.05078125,21.78333282470703,3.9000000953674316,4.483333110809326,12.933333396911621,20882.5,2174.9714285714285,0.616095244884491,25.28607177734375,65.45714285714286,1341.6431884765625,2314.800048828125,-0.06833334267139435,965.4285714285714,0,469,1,0,0,41,4,118
0,350.0,0.9635119438171387,1078.0,315.0408163265303,36292.16796875,36.43888854980469,1.5833333730697632,22171.09375,21.372222900390625,3.6666665077209473,4.472221851348877,19.08333396911621,19674.27734375,2186.2285714285713,0.6074761748313904,25.14642906188965,64.45714285714286,1337.040771484375,2333.571533203125,-0.060071419924497604,961.0571428571428,0,505,1,0,0,42,21,174
0,385.0,0.9498289823532104,1068.0,309.34693877550995,16966.0546875,34.81111145019531,0.21666666865348816,17214.1171875,19.89444351196289,3.1666667461395264,4.288888931274414,11.850000381469727,17666.943359375,2241.2571428571428,0.6078571677207947,25.14202308654785,64.11428571428571,1337.8389892578125,2339.771484375,0.007738097105175257,961.9142857142857,0,505,1,0,0,21,20,191
0,245.53014990569034,0.638540506362915,1062.0,301.823129251698,17101.556640625,35.58333206176758,0.6111111044883728,16569.044921875,20.16666603088379,3.5333333015441895,4.316666603088379,11.522221565246582,17038.0,2381.2571428571428,0.6224285960197449,25.25881004333496,65.11428571428571,1336.19091796875,2351.085693359375,0.089285708963871,965.1714285714286,0,505,1,0,0,21,27,122
1,391.0,0.11744584143161774,2566.0,309.57142857142827,16569.666015625,29.66666603088379,0.6166666746139526,17307.033203125,22.549999237060547,4.800000190734863,4.083333492279053,30.483333587646484,19535.5,2569.057142857143,0.6334999799728394,25.994998931884766,96.48571428571428,1343.2415771484375,2238.685791015625,0.27957144379615784,955.7714285714286,2,496,1,0,0,31,3,173
0,258.0,0.33979475498199463,2926.0,304.285714285714,16568.0,27.899999618530273,1.7000000476837158,18385.31640625,22.233333587646484,5.0,4.233333110809326,29.25,20401.5,2610.942857142857,0.6330952644348145,25.969642639160156,95.0,1345.9478759765625,2261.628662109375,0.25028571486473083,959.1428571428571,1,496,1,0,0,21,4,113
0,129.0,0.5883694291114807,3878.0,304.285714285714,16617.333984375,30.58333396911621,2.4166667461395264,20339.166015625,22.266666412353516,4.5,4.449999809265137,29.233333587646484,24293.666015625,2631.0857142857144,0.6352381110191345,25.948572158813477,91.37142857142857,1349.7984619140625,2287.05712890625,0.2270476371049881,965.7428571428571,4,474,1,0,0,21,2,47
1,151.0,0.3443557620048523,2548.0,300.1224489795916,16702.333984375,26.766666412353516,1.899999976158142,16223.9501953125,23.116666793823242,4.900000095367432,4.150000095367432,32.13333511352539,48570.5,2663.114285714286,0.6407856941223145,26.08392906188965,93.28571428571429,1342.104248046875,2274.428466796875,0.20914287865161896,962.9714285714285,0,496,1,0,0,21,18,58
1,142.0,0.7160775661468506,1916.0,303.79591836734676,17679.5,25.616666793823242,1.6333333253860474,17079.68359375,23.733333587646484,5.099999904632568,4.099999904632568,32.06666564941406,23320.666015625,2676.285714285714,0.6429523825645447,26.1346435546875,92.91428571428571,1346.094482421875,2318.571533203125,0.16692860424518585,967.1714285714286,0,496,1,1,0,31,30,52
1,304.0,0.2519954442977905,2174.0,300.1224489795915,16758.833984375,25.566667556762695,0.6666666865348816,16727.93359375,22.450000762939453,4.800000190734863,4.0,32.06666564941406,21155.333984375,2712.114285714286,0.6457857489585876,26.163570404052734,94.85714285714286,1349.8984375,2311.28564453125,0.1579762101173401,968.6,0,496,1,0,1,21,1,151
1,88.0,0.3306727409362793,1520.0,302.65306122448965,16597.166015625,27.91666603088379,0.5833333134651184,17788.416015625,22.433332443237305,5.0,4.083333492279053,31.983333587646484,21791.166015625,2722.4285714285716,0.6475476026535034,26.177143096923828,92.28571428571429,1348.0421142578125,2342.771484375,0.11264284700155258,970.4857142857143,7,496,1,0,1,31,5,35
1,355.0,0.2759407162666321,2965.0,302.1632653061222,16050.0,26.649999618530273,0.28333333134651184,17473.44921875,23.516666412353516,4.900000095367432,4.050000190734863,32.61666488647461,22655.666015625,2728.7428571428572,0.6492857336997986,26.19631004333496,93.82857142857142,1349.999755859375,2343.685791015625,0.13285715878009796,971.0,0,496,1,0,1,41,20,152
0,262.0,0.6316989660263062,1114.0,300.7959183673467,18233.333984375,28.58333396911621,1.8666666746139526,17800.5,23.933332443237305,4.900000095367432,4.050000190734863,30.816667556762695,21649.666015625,2779.3714285714286,0.6484761834144592,26.192975997924805,95.4,1352.489013671875,2353.628662109375,0.11311905831098557,970.8285714285714,2,497,1,1,0,31,14,129
1,277.0,0.36716076731681824,1259.0,300.65306122448953,16368.6669921875,23.78333282470703,0.800000011920929,17300.583984375,23.700000762939453,4.599999904632568,4.083333492279053,32.233333587646484,21320.666015625,2777.8285714285716,0.6496666669845581,26.2259521484375,94.94285714285714,1352.544921875,2381.971435546875,0.07185716181993484,972.2,1,496,1,0,1,42,26,121
1,327.8962750184519,0.5929304361343384,1073.0,299.2040816326569,18716.5546875,27.238889694213867,0.699999988079071,21854.466796875,26.183332443237305,5.366666793823242,4.083333492279053,29.9777774810791,29454.111328125,2788.542857142857,0.6514285802841187,26.244524002075195,96.34285714285714,1354.3175048828125,2391.6572265625,0.03040475957095623,972.3142857142857,0,496,1,0,1,42,14,161
0,223.0,0.8038768768310547,1292.0,299.14285714285694,16974.5,25.08333396911621,1.7666666507720947,19641.8828125,23.016666412353516,4.800000190734863,3.9833333492279053,35.016666412353516,22639.333984375,2815.7428571428572,0.6575714349746704,26.280000686645508,101.85714285714286,1355.3360595703125,2389.428466796875,0.030785733833909035,969.0857142857143,0,496,1,0,1,21,18,109
0,334.0,0.879133403301239,1346.0,299.4489795918365,19444.0,28.733333587646484,1.5833333730697632,19650.083984375,24.71666717529297,5.800000190734863,4.199999809265137,32.36666488647461,27441.666015625,2827.457142857143,0.6679999828338623,26.390832901000977,99.0,1349.304931640625,2421.800048828125,-0.10288096964359283,971.0857142857143,1,496,1,0,1,31,20,127
1,319.0,0.202964648604393,2144.0,298.85714285714266,25639.666015625,23.066667556762695,1.2999999523162842,17170.43359375,23.350000381469727,5.0,4.083333492279053,33.31666564941406,26093.0,2852.657142857143,0.6734523773193359,26.426904678344727,102.11428571428571,1361.0357666015625,2413.971435546875,-0.16169050335884094,976.9714285714285,2,496,1,0,1,41,13,114
0,155.0,0.2291904240846634,6735.0,296.1632653061223,,,,,,,,,,2837.114285714286,0.6747857332229614,26.504642486572266,100.6,1360.568603515625,2445.085693359375,-0.24219046533107758,979.2571428571429,0,496,1,0,1,31,22,55
0,376.0,0.36259976029396057,5718.0,296.1632653061223,16426.166015625,27.883333206176758,3.2666666507720947,18313.44921875,24.983333587646484,7.900000095367432,4.183333396911621,33.63333511352539,61651.33203125,2851.7428571428572,0.677142858505249,26.531667709350586,100.6,1356.0867919921875,2454.39990234375,-0.2709999978542328,977.1714285714286,0,496,1,0,1,21,24,150
1,270.0,0.22690992057323456,8515.0,292.3877551020407,,,,,,,,,46380.66796875,2859.5142857142855,0.6840000152587891,26.56488037109375,102.22857142857143,1359.93505859375,2452.71435546875,-0.2980000078678131,979.4571428571429,0,496,1,0,0,21,19,96
1,305.0,0.0,2750.0,272.28571428571405,19323.333984375,25.5,1.3666666746139526,19971.93359375,23.850000381469727,5.900000095367432,4.183333396911621,30.933332443237305,31924.333984375,2914.5714285714284,0.6848095059394836,26.59702491760254,101.45714285714286,1363.1268310546875,2449.199951171875,-0.3632619082927704,982.8571428571429,0,496,1,0,1,34,11,141
1,279.0,0.0,1869.0,272.28571428571405,16053.8330078125,26.83333396911621,0.6000000238418579,18111.44921875,23.600000381469727,5.5,4.2833333015441895,32.16666793823242,26404.5,2920.057142857143,0.684238076210022,26.570714950561523,100.51428571428572,1364.763671875,2458.142822265625,-0.385357141494751,984.5714285714286,0,496,1,0,1,41,10,127
0,223.0,0.6134549379348755,1148.0,251.32653061224468,,,,,,,,,24091.5,2954.2571428571428,0.6825000047683716,26.539642333984375,100.05714285714286,1369.510009765625,2453.54296875,-0.4342857301235199,987.3714285714286,0,496,1,0,0,21,19,92
1,209.0,0.03192702308297157,2202.0,245.9591836734692,16804.0,28.28333282470703,0.7222222089767456,18423.521484375,25.705554962158203,5.5,4.183333396911621,27.816667556762695,24567.72265625,2960.5142857142855,0.687166690826416,26.617023468017578,99.82857142857142,1372.6357421875,2451.6572265625,-0.4513095021247864,990.5714285714286,0,496,1,0,0,42,6,96
1,225.08297852037748,0.08551881462335587,2207.0,243.83673469387736,18035.0,24.08333396911621,0.8833333253860474,19515.416015625,23.883333206176758,5.5,4.133333206176758,27.66666603088379,34318.66796875,2958.7428571428572,0.684238076210022,26.577619552612305,96.57142857142857,1369.360107421875,2470.142822265625,-0.45659521222114563,990.8571428571429,0,496,1,0,0,41,8,103
0,83.0,0.5074116587638855,1406.0,237.85714285714272,17395.0,25.433332443237305,1.6833332777023315,17218.8828125,23.899999618530273,5.199999809265137,4.183333396911621,30.700000762939453,22478.0,2976.542857142857,0.6753333210945129,26.486785888671875,98.02857142857142,1373.097900390625,2441.6572265625,-0.5091666579246521,989.0285714285715,0,497,1,1,0,34,33,38
1,205.0,0.3717217743396759,1518.0,244.71428571428555,20491.833984375,23.21666717529297,2.25,20546.43359375,25.116666793823242,5.5,4.0,30.866666793823242,23891.333984375,2986.0,0.6754047870635986,26.486547470092773,103.6,1377.796142578125,2393.1142578125,-0.5790237784385681,985.8571428571429,0,497,1,0,0,42,32,93
0,125.0,0.6020524501800537,1132.0,247.91836734693862,16753.0,23.822221755981445,0.45000001788139343,18316.484375,24.405555725097656,5.733333587646484,4.183333396911621,32.70000076293945,22912.0,2969.2285714285713,0.6739761829376221,26.498332977294922,103.37142857142857,1376.54052734375,2401.199951171875,-0.5864523649215698,985.8285714285714,0,497,1,1,1,41,34,52
0,81.0,0.9213227033615112,1052.0,249.04081632653043,16475.5,26.200000762939453,1.2833333015441895,19947.150390625,24.100000381469727,5.400000095367432,4.183333396911621,32.016666412353516,20839.0,2954.342857142857,0.668833315372467,26.41773796081543,108.91428571428571,1382.8331298828125,2353.742919921875,-0.6022142767906189,981.6285714285714,1,497,1,0,1,34,4,37
0,63.0,0.7023945450782776,1190.0,242.08163265306104,28679.0,26.799999237060547,1.5333333015441895,16589.099609375,23.850000381469727,4.699999809265137,4.183333396911621,35.91666793823242,19559.833984375,2841.6,0.6707857251167297,26.355833053588867,115.77142857142857,1389.70068359375,2291.28564453125,-0.6346428394317627,977.3142857142857,1,497,1,0,1,41,16,27
0,163.3986243115612,0.7137970328330994,1081.0,244.24489795918353,15597.5,28.96666717529297,1.1666666269302368,17228.533203125,23.58333396911621,5.199999809265137,4.050000190734863,30.433332443237305,19199.5,2853.1428571428573,0.6789523959159851,26.4084529876709,111.65714285714286,1388.7059326171875,2308.914306640625,-0.6086666584014893,982.9142857142857,0,497,1,0,1,41,7,58
0,54.0,0.1687571257352829,3488.0,238.89795918367332,17874.333984375,25.91666603088379,1.7666666507720947,20924.0,24.58333396911621,5.0,4.333333492279053,26.16666603088379,24919.833984375,2836.0857142857144,0.6888333559036255,26.444047927856445,112.2,1395.7115478515625,2304.71435546875,-0.623285710811615,987.5142857142857,1,497,1,0,1,34,11,18
0,,0.17787913978099823,2496.0,238.89795918367332,17577.666015625,27.705554962158203,1.2833333015441895,21261.35546875,24.80555534362793,4.800000190734863,4.349999904632568,27.899999618530273,24446.0,2836.0857142857144,0.6888333559036255,26.444047927856445,112.2,1395.7115478515625,2304.71435546875,-0.623285710811615,987.5142857142857,2,497,1,0,1,34,2,
0,128.0,0.8323830962181091,1189.0,238.06122448979576,17487.5,27.200000762939453,1.4666666984558105,17142.0,24.21666717529297,4.400000095367432,4.050000190734863,34.04999923706055,21296.5,2790.0,0.6701428294181824,26.292381286621094,121.22857142857143,1403.7884521484375,2245.257080078125,-0.5473571419715881,977.2285714285714,0,497,1,0,0,42,11,50
0,85.0,0.9623717069625854,1071.0,233.34693877551004,16694.72265625,28.711111068725586,1.5833333730697632,16345.2275390625,24.46666717529297,5.099999904632568,4.066666603088379,39.10555648803711,19064.77734375,2829.657142857143,0.671999990940094,26.22809600830078,121.54285714285714,1403.9952392578125,2232.742919921875,-0.5655238032341003,975.6857142857143,0,497,1,0,0,21,1,39
0,149.0,0.38084378838539124,1166.0,231.0408163265305,16554.833984375,36.08333206176758,2.5,27474.3828125,25.200000762939453,4.699999809265137,4.083333492279053,29.433332443237305,19033.5,2844.7428571428572,0.6734285950660706,26.225238800048828,120.74285714285715,1402.966552734375,2234.428466796875,-0.5685952305793762,975.9428571428572,1,497,1,0,0,42,7,59
0,263.0,0.5929304361343384,2232.0,230.3061224489795,15021.388671875,34.03333282470703,2.2166666984558105,24153.994140625,25.41666603088379,4.599999904632568,4.099999904632568,25.383333206176758,20961.111328125,2883.8285714285716,0.6949285864830017,26.350236892700195,116.4,1395.396240234375,2242.228515625,-0.5719524025917053,981.1142857142858,0,497,1,0,0,42,17,115
1,192.0,0.007981755770742893,1985.0,230.67346938775495,15673.3330078125,30.83333396911621,1.1833332777023315,18245.900390625,23.66666603088379,4.599999904632568,4.2833333015441895,26.016666412353516,20266.666015625,2908.8285714285716,0.7082380652427673,26.425952911376953,115.65714285714286,1400.203369140625,2238.60009765625,-0.5765476226806641,987.2,0,497,1,0,0,34,19,74
1,164.0,0.09236031770706177,3377.0,229.8163265306121,19751.166015625,32.66666793823242,1.5833333730697632,23535.599609375,24.183332443237305,4.400000095367432,4.199999809265137,30.366666793823242,27182.166015625,2903.6857142857143,0.6876190304756165,26.312143325805664,123.94285714285714,1411.7530517578125,2196.628662109375,-0.5689047574996948,980.3714285714286,0,497,1,0,0,42,30,74
1,106.0,0.0,2143.0,228.5510204081631,13172.6669921875,28.91666603088379,2.433333396911621,16128.900390625,22.049999237060547,4.199999809265137,4.349999904632568,31.299999237060547,24315.333984375,2911.3714285714286,0.6855000257492065,26.328332901000977,126.91428571428571,1415.9007568359375,2175.485595703125,-0.5671904683113098,979.6,0,476,1,0,0,31,21,42
1,219.0,0.543899655342102,1221.0,232.1632653061223,18540.22265625,30.94444465637207,7.0,24551.51171875,25.216665267944336,4.699999809265137,4.038888931274414,33.2055549621582,28145.77734375,2948.885714285714,0.68407142162323,26.225475311279297,126.48571428571428,1408.6158447265625,2177.742919921875,-0.5627381205558777,974.8285714285714,0,476,1,0,1,42,29,100
0,273.0,0.7263398170471191,1368.0,232.1632653061223,16204.0,32.43333435058594,1.0499999523162842,15487.9501953125,20.933332443237305,4.5,3.950000047683716,37.58333206176758,18714.833984375,2951.2,0.6850952506065369,26.226547241210938,130.34285714285716,1415.1494140625,2169.60009765625,-0.5365714430809021,974.8285714285714,0,476,1,0,1,31,29,123
0,269.0,0.7913340926170349,1204.0,233.12244897959164,18464.333984375,31.78333282470703,2.5999999046325684,24809.916015625,24.133333206176758,4.400000095367432,3.8499999046325684,38.849998474121094,25767.833984375,2939.285714285714,0.690595269203186,26.253690719604492,131.42857142857142,1416.3240966796875,2170.54296875,-0.4926428496837616,976.0,0,476,1,0,1,42,4,121
0,142.0,0.4515393376350403,1308.0,236.10204081632634,14168.3330078125,31.899999618530273,1.3666666746139526,17075.6171875,22.133333206176758,4.5,4.050000190734863,33.849998474121094,18287.5,2975.714285714286,0.6992856860160828,26.3030948638916,130.9142857142857,1406.6248779296875,2180.485595703125,-0.39423811435699463,972.9428571428572,2,476,1,0,0,31,28,55
1,162.0,0.31470924615859985,1334.0,247.20408163265282,14056.0,27.700000762939453,1.6833332777023315,17665.1328125,20.91666603088379,4.900000095367432,4.25,30.66666603088379,18926.333984375,2971.114285714286,0.7024999856948853,26.32131004333496,135.68571428571428,1412.638916015625,2177.771484375,-0.3385952413082123,972.4571428571429,6,476,1,1,0,41,11,59
0,355.0,0.3181299865245819,1407.0,247.20408163265282,15343.6669921875,26.46666717529297,1.2833333015441895,16948.3671875,21.0,5.0,4.183333396911621,31.233333587646484,20138.333984375,2972.0857142857144,0.7038809657096863,26.330951690673828,137.37142857142857,1411.216796875,2179.257080078125,-0.3228333294391632,970.0857142857143,0,476,1,1,0,34,35,148
1,204.0,0.4982896149158478,1619.0,253.5918367346937,16962.333984375,28.53333282470703,2.8499999046325684,17211.267578125,21.08333396911621,4.900000095367432,4.183333396911621,44.16666793823242,18340.666015625,2966.2285714285713,0.7012380957603455,26.31404685974121,143.74285714285713,1421.34619140625,2165.199951171875,-0.2874999940395355,968.4285714285714,1,476,1,1,0,31,7,93
0,189.0,0.9578106999397278,1039.0,261.4693877551019,15773.0,31.649999618530273,1.9833333492279053,25484.666015625,23.266666412353516,5.199999809265137,4.050000190734863,45.91666793823242,26663.333984375,2995.7714285714287,0.7047857046127319,26.290475845336914,140.9142857142857,1416.923095703125,2206.371337890625,-0.21973808109760284,968.9714285714285,0,476,1,1,0,42,33,67
0,198.0,0.8198403716087341,1155.0,269.5306122448978,16801.166015625,30.46666717529297,7.183333396911621,23166.216796875,25.616666793823242,6.300000190734863,4.050000190734863,39.61666488647461,26092.5,3016.2,0.7113333344459534,26.357738494873047,137.42857142857142,1413.7733154296875,2248.914306640625,-0.27030953764915466,972.9714285714285,0,476,1,1,0,42,25,91
0,82.0,0.11402508616447449,2108.0,296.469387755102,16347.0,37.66666793823242,1.2999999523162842,19434.666015625,24.516666412353516,5.599999904632568,4.349999904632568,29.299999237060547,24489.666015625,3134.942857142857,0.736047625541687,26.360713958740234,122.22857142857143,1411.0006103515625,2485.485595703125,-0.3562857210636139,989.8,3,476,1,0,0,41,4,32
0,240.0,0.40136829018592834,5685.0,295.40816326530603,17038.333984375,35.06666564941406,1.399999976158142,17640.31640625,24.683332443237305,5.199999809265137,4.150000095367432,34.75,20635.333984375,3159.714285714286,0.7383571267127991,26.35178565979004,119.4,1410.201171875,2517.914306640625,-0.40966665744781494,992.5428571428571,0,476,1,0,0,41,7,92
0,272.0,0.7685290575027466,1776.0,295.40816326530603,16125.3330078125,34.04999923706055,2.299999952316284,17563.0234375,25.433332443237305,5.699999809265137,4.083333492279053,35.68333435058594,20498.111328125,3171.0857142857144,0.7378095388412476,26.29940414428711,119.11428571428571,1409.6849365234375,2531.142822265625,-0.4472856819629669,991.2571428571429,1,476,1,0,0,31,2,108
0,155.0,0.5553021430969238,1422.0,292.83673469387736,18456.166015625,31.649999618530273,3.566666603088379,17482.6328125,22.616666793823242,5.400000095367432,3.950000047683716,39.93333435058594,22998.666015625,3200.2285714285713,0.7482619285583496,26.404644012451172,120.45714285714286,1414.232177734375,2550.771484375,-0.5031904578208923,995.8285714285714,1,476,1,0,0,21,5,56
0,186.0,0.06385404616594315,2391.0,291.5306122448978,19236.888671875,31.483333587646484,5.116666793823242,17336.85546875,23.211111068725586,5.833333492279053,4.050000190734863,40.57777786254883,21587.22265625,3227.5714285714284,0.7557380795478821,26.512975692749023,119.68571428571428,1414.2857666015625,2561.742919921875,-0.5570952296257019,998.9714285714285,3,476,1,0,0,42,2,77
0,324.0,0.6579247713088989,2016.0,294.95918367346917,21216.166015625,34.88333511352539,3.5,18589.916015625,23.383333206176758,5.400000095367432,4.083333492279053,39.04999923706055,23464.5,3284.942857142857,0.7656190395355225,26.522857666015625,118.51428571428572,1413.727783203125,2595.94287109375,-0.6100000143051147,1001.1714285714286,1,476,1,0,0,31,14,127
0,203.0,0.16077536344528198,1930.0,294.95918367346917,21099.5,32.650001525878906,3.2333333492279053,20119.849609375,24.5,5.5,4.25,36.25,27213.166015625,3284.942857142857,0.7656190395355225,26.522857666015625,118.51428571428572,1413.727783203125,2595.94287109375,-0.6100000143051147,1001.1714285714286,7,476,1,0,0,31,28,73
1,141.0,0.19726340472698212,1613.0,297.2857142857141,19040.0,31.183332443237305,4.800000190734863,17916.55078125,22.816667556762695,5.900000095367432,4.183333396911621,38.20000076293945,22536.0,3326.6,0.7758095264434814,26.595714569091797,118.08571428571429,1413.615966796875,2600.28564453125,-0.5895237922668457,1004.4571428571429,2,476,1,0,0,31,21,61
0,163.0,0.503990888595581,1097.0,302.285714285714,17238.833984375,32.86666488647461,2.366666555404663,16828.06640625,22.41666603088379,4.599999904632568,4.183333396911621,37.400001525878906,36773.5,3336.942857142857,0.7744523882865906,26.53154754638672,123.11428571428571,1425.8145751953125,2557.857177734375,-0.6028095483779907,1006.1428571428571,0,476,1,0,0,41,32,63
1,351.0,0.49600911140441895,1271.0,314.95918367346917,16411.333984375,37.41666793823242,2.933333396911621,17260.666015625,23.483333587646484,4.699999809265137,4.083333492279053,36.41666793823242,39352.16796875,3355.4,0.801547646522522,26.749523162841797,125.82857142857142,1419.6507568359375,2423.60009765625,-0.6135952472686768,1007.1142857142858,1,476,1,0,0,31,19,166
0,257.0,0.5370581746101379,1120.0,316.3877551020406,16863.0,36.58333206176758,4.333333492279053,19895.81640625,22.483333587646484,4.0,4.183333396911621,37.38333511352539,40507.5,3349.2285714285713,0.8062857389450073,26.700952529907227,130.65714285714284,1426.259765625,2352.571533203125,-0.6358333230018616,1006.4285714285714,0,476,1,0,0,31,35,121
1,87.0,0.47662484645843506,1304.0,316.3877551020406,,,,,,,,,,3348.457142857143,0.8097142577171326,26.706666946411133,130.65714285714284,1425.0526123046875,2332.39990234375,-0.6382856965065002,1005.8857142857142,0,476,1,0,0,42,2,32
0,151.0,0.7970353364944458,1118.0,327.6938775510202,15408.3330078125,36.71666717529297,1.7333333492279053,17358.19921875,23.799999237060547,5.699999809265137,4.083333492279053,39.75,22001.666015625,3362.7714285714287,0.8157380819320679,26.503808975219727,126.28571428571429,1417.2889404296875,2164.914306640625,1.990238070487976,1004.0571428571428,0,476,1,0,1,41,4,62
0,258.0,0.8312428593635559,1179.0,315.489795918367,12785.3330078125,33.599998474121094,1.1166666746139526,20787.267578125,25.799999237060547,4.900000095367432,4.150000095367432,45.88333511352539,23017.666015625,3326.342857142857,0.8223571181297302,26.23666763305664,139.82857142857142,1420.068359375,2155.8857421875,3.2575953006744385,996.5142857142857,0,476,1,0,1,21,2,108
0,171.0,0.9179019331932068,1039.0,310.87755102040785,11942.1669921875,38.08333206176758,3.1500000953674316,18332.916015625,24.200000762939453,5.300000190734863,4.150000095367432,40.516666412353516,22554.5,3282.285714285714,0.8270952105522156,26.144405364990234,139.57142857142858,1412.5794677734375,2182.1142578125,3.119499921798706,993.2285714285714,0,481,1,0,1,41,1,90
1,110.0,0.16533637046813965,1347.0,303.1428571428569,16258.0,32.86666488647461,2.933333396911621,16532.0,22.866666793823242,5.300000190734863,4.150000095367432,42.63333511352539,19594.333984375,3227.9714285714285,0.8810952305793762,26.78154754638672,148.4,1421.9384765625,2173.60009765625,3.04709529876709,1002.0,0,476,1,0,1,31,4,45
0,220.0,0.5553021430969238,1164.0,258.1632653061222,13771.0,32.150001525878906,1.25,17936.599609375,21.21666717529297,4.400000095367432,4.233333110809326,44.03333282470703,22155.0,2982.057142857143,0.9040238261222839,26.705476760864258,152.82857142857142,1429.784912109375,2310.39990234375,2.146571397781372,1007.8285714285714,0,476,1,1,0,41,9,90
0,90.0,0.8015963435173035,1039.0,258.8571428571426,12827.1669921875,29.483333587646484,1.7999999523162842,16697.94921875,21.816667556762695,4.599999904632568,4.166666507720947,45.733333587646484,21416.666015625,3007.8,0.906499981880188,26.63785743713379,153.11428571428573,1430.7830810546875,2319.028564453125,2.055999994277954,1010.4285714285714,0,476,1,1,0,21,1,48
0,116.0,0.6670467257499695,1653.0,261.551020408163,14241.611328125,31.733333587646484,1.566666603088379,15980.9658203125,21.288888931274414,4.666666507720947,4.150000095367432,39.92777633666992,21156.27734375,3033.4,0.933904767036438,26.83202362060547,155.54285714285714,1429.13232421875,2309.028564453125,1.9572142362594604,1014.2,0,476,1,1,0,24,2,62
0,205.0,0.2440136820077896,2360.0,270.612244897959,15828.6669921875,32.18333435058594,1.4500000476837158,19362.900390625,23.46666717529297,4.300000190734863,4.183333396911621,45.33333206176758,22648.0,3041.1714285714284,0.9405714273452759,26.90488052368164,155.45714285714286,1425.8291015625,2316.142822265625,1.9199285507202148,1014.6857142857143,0,481,1,1,0,31,1,90
0,336.0,0.3933865427970886,4396.0,271.7551020408161,13653.5,30.28333282470703,3.9166667461395264,16965.283203125,22.549999237060547,4.5,4.150000095367432,43.20000076293945,20427.666015625,3052.0,0.949833333492279,26.790952682495117,153.42857142857142,1427.5687255859375,2317.17138671875,1.8323094844818115,1018.0857142857143,0,481,1,1,0,31,9,152
0,235.0,0.9338654279708862,1265.0,276.4081632653059,14435.5556640625,33.07222366333008,1.3166667222976685,18325.833984375,24.80555534362793,5.099999904632568,4.116666793823242,43.82222366333008,21781.888671875,3056.714285714286,0.9334047436714172,26.49118995666504,156.34285714285716,1424.306640625,2302.71435546875,1.7568809986114502,1009.5142857142857,0,481,1,1,0,21,4,106
0,122.80991664029811,0.19840364158153534,2171.0,301.9591836734691,15322.0,28.816667556762695,3.633333444595337,16734.75,22.450000762939453,4.199999809265137,4.233333110809326,51.33333206176758,22713.0,2969.4285714285716,0.9694523811340332,26.395713806152344,174.42857142857142,1438.0731201171875,2188.428466796875,1.2854523658752441,1017.7428571428571,1,507,1,0,1,42,11,66
0,145.0,0.5153933763504028,1125.0,308.8775510204079,15582.2783203125,27.44444465637207,3.7277777194976807,18600.921875,21.577777862548828,4.300000190734863,4.311110973358154,51.233333587646484,24952.833984375,2934.9142857142856,0.9736666679382324,26.384523391723633,176.25714285714287,1441.80224609375,2179.742919921875,1.2269761562347412,1019.1714285714286,2,507,1,0,1,41,6,77
1,93.0,0.611174464225769,2173.0,304.7142857142855,16166.6669921875,31.53333282470703,2.933333396911621,16416.849609375,21.633333206176758,4.0,4.166666507720947,46.53333282470703,19824.0,2867.1428571428573,1.0179524421691895,26.670595169067383,182.4,1442.104248046875,2150.8857421875,1.11388099193573,1025.6,0,507,1,0,1,42,2,43
0,19.0,0.5689851641654968,1071.0,296.5510204081631,13756.0,29.78333282470703,2.2333333492279053,18761.94921875,24.03333282470703,4.800000190734863,4.25,44.71666717529297,23597.0,2858.1428571428573,1.0162142515182495,26.491546630859375,182.4857142857143,1439.8160400390625,2158.54296875,1.0470714569091797,1024.142857142857,4,507,1,0,1,31,2,9
0,336.0,0.597491443157196,1265.0,293.6734693877549,15569.5,27.266666412353516,1.350000023841858,17531.05078125,22.233333587646484,4.099999904632568,4.183333396911621,49.266666412353516,20790.5,2788.342857142857,1.038595199584961,26.702381134033203,189.22857142857143,1440.809326171875,2152.257080078125,0.9878333210945129,1026.0285714285715,0,507,1,0,1,41,19,167
0,133.0,0.9441276788711548,1039.0,291.28571428571405,14709.5,27.633333206176758,1.7333333492279053,19215.583984375,21.899999618530273,4.199999809265137,4.233333110809326,50.71666717529297,19735.5,2760.0,1.024476170539856,26.5627384185791,190.02857142857144,1440.9078369140625,2154.6572265625,1.0347857475280762,1023.1428571428571,0,507,1,0,1,42,6,67
0,337.0,0.8939566612243652,1126.0,289.612244897959,14238.8330078125,28.350000381469727,2.5166666507720947,16187.43359375,22.78333282470703,4.699999809265137,4.25,45.21666717529297,23979.0,2656.8285714285716,1.0075000524520874,26.31892967224121,194.4,1442.1434326171875,2164.199951171875,1.0223809480667114,1019.0285714285715,0,507,1,0,1,31,1,146
0,124.0,0.015963511541485786,1548.0,282.6938775510202,12558.1669921875,30.816667556762695,2.8499999046325684,16583.533203125,22.03333282470703,4.199999809265137,4.316666603088379,49.099998474121094,19001.833984375,2592.9714285714285,1.0386428833007812,26.670000076293945,202.9142857142857,1449.412353515625,2152.914306640625,0.9933333396911621,1024.0857142857142,3,507,1,0,1,41,3,49
0,286.0,0.3226909935474396,2174.0,278.77551020408134,13662.8330078125,27.700000762939453,3.75,16926.18359375,22.516666412353516,4.099999904632568,4.516666889190674,50.95000076293945,23066.5,2469.3714285714286,1.0403809547424316,26.7117862701416,207.2,1450.238525390625,2148.39990234375,0.9751666784286499,1021.8,1,507,1,0,1,31,5,117
0,190.0,0.32041049003601074,2989.0,273.87755102040796,12587.0,28.383333206176758,1.9666666984558105,17557.333984375,25.233333587646484,5.0,4.550000190734863,39.91666793823242,25209.666015625,2381.6285714285714,1.0409523248672485,26.643333435058594,213.4857142857143,1454.6824951171875,2152.628662109375,0.9825476408004761,1019.1142857142858,2,507,1,0,1,11,6,84
0,246.0,0.16305586695671082,1717.0,272.20408163265284,12603.0,27.683332443237305,2.9000000953674316,16645.767578125,21.266666412353516,3.799999952316284,4.400000095367432,51.28333282470703,19591.0,2379.8571428571427,1.0485714673995972,26.74845314025879,214.8,1455.475830078125,2149.371337890625,0.9624285697937012,1020.9714285714285,2,507,1,0,0,21,1,96
0,289.0,0.3534777760505676,2974.0,270.2040816326529,13665.5,28.66666603088379,3.116666555404663,17990.482421875,22.850000381469727,4.400000095367432,4.400000095367432,51.91666793823242,21897.666015625,2445.4857142857145,1.0590238571166992,26.849523544311523,211.65714285714284,1453.18017578125,2164.05712890625,0.9345714449882507,1026.5142857142857,1,507,1,0,0,21,11,112
0,268.0,0.5267959237098694,1267.0,268.3265306122447,12614.1669921875,29.133333206176758,2.549999952316284,16293.7333984375,20.83333396911621,3.9000000953674316,4.449999809265137,50.43333435058594,18640.833984375,2580.4,1.0697381496429443,26.847620010375977,210.37142857142857,1456.06005859375,2186.371337890625,0.8720952272415161,1035.3142857142857,2,507,1,0,0,41,6,123
0,276.0,0.419612318277359,3607.0,268.3265306122447,13622.0,30.83333396911621,3.4833333492279053,15473.900390625,20.633333206176758,3.9000000953674316,4.400000095367432,46.21666717529297,19091.666015625,2603.2,1.072952389717102,26.82476234436035,207.57142857142858,1457.5218505859375,2190.914306640625,0.8819047212600708,1040.2571428571428,1,507,1,0,0,41,6,100
0,166.0,0.1619156152009964,3006.0,269.1632653061223,13286.3330078125,29.483333587646484,3.2833333015441895,16196.033203125,21.516666412353516,3.700000047683716,4.400000095367432,49.766666412353516,21657.166015625,2634.7428571428572,1.0644999742507935,26.7978572845459,207.4857142857143,1454.1563720703125,2188.428466796875,0.8568094968795776,1036.8285714285714,5,507,1,0,0,21,13,60
1,340.0,0.298745721578598,1465.0,272.85714285714266,12684.6669921875,31.33333396911621,1.9500000476837158,15842.400390625,21.28333282470703,4.199999809265137,4.483333110809326,46.38333511352539,19471.666015625,2772.2,1.0730476379394531,26.76285743713379,208.4857142857143,1462.9461669921875,2205.45703125,0.6675238013267517,1045.0285714285715,0,507,1,0,0,42,10,174
0,141.0,0.6054732203483582,2241.0,275.79591836734664,12274.6669921875,29.700000762939453,1.6666666269302368,15484.1337890625,20.83333396911621,3.700000047683716,4.383333206176758,46.79999923706055,18385.333984375,2764.457142857143,1.0606428384780884,26.728927612304688,202.97142857142856,1460.789794921875,2219.742919921875,0.7024999856948853,1045.2285714285715,2,507,1,0,0,21,1,65
0,284.0,0.5222349166870117,3843.0,279.73469387755074,12991.1669921875,27.816667556762695,1.6833332777023315,17031.416015625,21.25,3.9000000953674316,4.449999809265137,49.06666564941406,19766.833984375,2776.657142857143,1.066595196723938,26.67440414428711,206.74285714285713,1465.5311279296875,2210.428466796875,0.6285476088523865,1046.0857142857142,1,507,1,0,0,21,4,145
0,309.0,0.597491443157196,1133.0,231.42857142857127,14527.5,25.649999618530273,4.5,15537.2666015625,22.433332443237305,4.400000095367432,4.766666889190674,47.79999923706055,19831.0,2970.0,0.8905714154243469,26.11642837524414,213.57142857142858,1514.463134765625,2066.028564453125,0.049761902540922165,1028.2285714285715,0,507,1,1,0,31,35,124
1,31.666854929951437,0.05473203957080841,1518.0,237.8367346938774,12367.0,23.83333396911621,5.400000095367432,16489.6328125,22.399999618530273,4.699999809265137,4.900000095367432,45.66666793823242,21243.888671875,2991.5142857142855,0.8240000009536743,25.732620239257812,217.97142857142856,1564.193359375,2024.05712890625,0.0903809517621994,1035.142857142857,3,518,1,1,0,34,12,12
0,284.0,0.9179019331932068,1064.0,256.3877551020406,12854.77734375,31.13888931274414,7.511111259460449,20374.7265625,30.011110305786133,6.766666889190674,4.833333492279053,34.54999923706055,30883.22265625,3024.457142857143,0.7953809499740601,25.485952377319336,220.14285714285714,1577.626708984375,2003.17138671875,-0.1066666841506958,1037.2857142857142,0,518,1,1,0,21,8,139
1,212.0,0.05359179154038429,2493.0,236.38775510204067,14204.0,26.450000762939453,6.9666666984558105,21217.06640625,22.96666717529297,5.199999809265137,4.933333396911621,42.599998474121094,23630.166015625,3028.714285714286,0.7991666793823242,25.69261932373047,227.45714285714286,1615.365234375,1959.3714599609375,-0.2753095328807831,1057.8,0,518,1,1,0,42,16,103
0,208.0,0.6145952343940735,1104.0,229.7755102040815,13572.1669921875,27.66666603088379,6.633333206176758,17118.56640625,22.933332443237305,5.0,4.833333492279053,43.233333587646484,20866.5,3139.3714285714286,0.7947142720222473,25.655118942260742,219.62857142857143,1589.7138671875,1972.17138671875,-0.29323810338974,1050.8285714285714,1,518,1,1,0,42,8,85
0,117.0,0.6191562414169312,2050.0,204.9999999999999,12249.6669921875,29.5,6.133333206176758,21779.533203125,25.21666717529297,5.400000095367432,4.883333206176758,35.75,28008.0,3205.8285714285716,0.7681666612625122,25.109046936035156,225.25714285714287,1570.86181640625,1960.5714111328125,-0.5539047718048096,1025.857142857143,0,481,1,1,0,31,24,46
0,148.0,0.8072975873947144,1754.0,203.04081632653052,14633.5,23.66666603088379,7.266666889190674,18885.599609375,23.850000381469727,5.599999904632568,5.050000190734863,43.93333435058594,23506.5,2985.7714285714287,0.7997381091117859,25.596904754638672,249.57142857142858,1607.68359375,1932.5999755859375,-0.6323094964027405,1035.5428571428572,0,481,1,1,0,31,1,66
0,31.0,0.1482326090335846,3205.0,201.3469387755101,12002.8330078125,26.21666717529297,6.333333492279053,15270.18359375,21.616666793823242,5.0,5.099999904632568,45.25,19931.0,2823.6,0.8159999847412109,25.762500762939453,258.6857142857143,1613.9833984375,1921.8857421875,-0.6113333106040955,1035.7142857142858,4,481,1,1,0,24,1,12
0,7.0,0.2554161846637726,4241.0,194.28571428571416,12674.0,26.238887786865234,8.788888931274414,18345.4453125,20.94999885559082,5.0333333015441895,5.049999713897705,41.21110916137695,23940.0546875,2735.1428571428573,0.8151428699493408,25.780357360839844,257.45714285714286,1595.1385498046875,1926.0,-0.6006190776824951,1026.5428571428572,29,481,1,1,0,34,1,4
0,218.0,0.4583808481693268,1419.0,185.7142857142856,13533.3330078125,24.299999237060547,7.300000190734863,18677.150390625,22.799999237060547,5.0,4.933333396911621,42.38333511352539,24405.166015625,2699.6857142857143,0.7958571314811707,25.568452835083008,255.68571428571428,1591.8470458984375,1929.4000244140625,-0.5935952663421631,1019.5428571428571,1,481,1,1,0,31,20,81
0,57.0,0.7947548627853394,2538.0,175.65306122448962,12678.0556640625,28.36111068725586,7.655555248260498,20454.921875,26.127777099609375,6.0,4.800000190734863,39.383331298828125,30759.166015625,2625.7428571428572,0.7776666879653931,25.201547622680664,252.0857142857143,1588.5361328125,1934.5999755859375,-0.5989999771118164,1014.4285714285714,2,481,1,1,0,31,1,23
0,113.0,0.009122006595134735,3862.0,169.53061224489784,13438.5,27.766666412353516,4.5333333015441895,19700.267578125,24.266666412353516,5.099999904632568,4.800000190734863,39.81666564941406,23646.5,2611.4857142857145,0.7964285612106323,25.521785736083984,249.4857142857143,1553.773193359375,1951.4000244140625,-0.627047598361969,1005.7428571428571,5,481,1,0,0,21,8,53
0,155.0,0.3295325040817261,1840.0,153.4897959183672,12278.1669921875,32.511112213134766,10.19444465637207,20014.69921875,27.7277774810791,5.4666666984558105,4.7833333015441895,35.333335876464844,28326.5,2597.8571428571427,0.753761887550354,24.835832595825195,240.71428571428572,1549.0859375,1967.8857421875,-0.6384523510932922,996.4857142857143,6,481,1,0,0,21,5,62
0,130.0,0.7765108346939087,1199.0,145.91836734693868,13577.1669921875,26.41666603088379,4.199999809265137,18287.1328125,22.450000762939453,5.5,4.883333206176758,40.516666412353516,21314.666015625,2549.4,0.8040476441383362,25.450237274169922,252.77142857142857,1564.06494140625,1941.4000244140625,-0.6147857308387756,1009.9428571428572,0,481,1,0,0,41,3,51
0,78.0,0.06385404616594315,5238.0,140.61224489795907,11476.1669921875,30.58333396911621,2.950000047683716,16485.93359375,22.566667556762695,4.800000190734863,4.900000095367432,39.983333587646484,23620.666015625,2528.5714285714284,0.7869285941123962,25.234285354614258,249.34285714285716,1553.66552734375,1950.4285888671875,-0.5981667041778564,1002.2,2,481,1,0,0,21,11,36
0,88.37430501669496,0.24059292674064636,2994.0,140.95918367346923,12090.0,27.766666412353516,6.050000190734863,17259.31640625,24.41666603088379,4.400000095367432,4.900000095367432,37.95000076293945,23022.666015625,2432.885714285714,0.7835237979888916,25.17119026184082,255.71428571428572,1564.606201171875,1935.82861328125,-0.632023811340332,1001.0571428571428,3,481,1,0,0,31,17,34
0,97.0,0.0,6010.0,141.0408163265305,12174.611328125,26.0,7.011111259460449,18486.9453125,22.127779006958008,4.366666793823242,4.900000095367432,42.344444274902344,22521.66796875,2380.5142857142855,0.8047381043434143,25.374881744384766,265.65714285714284,1577.995849609375,1917.5428466796875,-0.6489999890327454,1006.2285714285714,2,481,1,0,0,34,17,39
0,117.0,0.3865450322628021,3507.0,141.44897959183663,10491.5,29.733333587646484,6.983333110809326,20077.849609375,27.383333206176758,5.800000190734863,4.800000190734863,37.16666793823242,29102.833984375,2358.7714285714287,0.7937856912612915,25.168094635009766,269.0571428571429,1583.2919921875,1913.857177734375,-0.6210476160049438,1001.8285714285714,4,481,1,0,0,31,7,54
0,39.11231826822757,0.03306727483868599,2954.0,141.64444444444436,11848.1669921875,25.899999618530273,6.599999904632568,16981.69921875,21.950000762939453,4.699999809265137,4.983333110809326,40.68333435058594,21337.0,2258.4285714285716,0.8706190586090088,26.01785659790039,284.0285714285714,1583.39501953125,1892.914306640625,-0.645976185798645,1013.6285714285714,1,518,1,0,0,21,31,18
0,102.0,0.014823260717093945,32767.0,124.5102040816325,9541.0,24.450000762939453,7.983333110809326,16318.5,22.600000381469727,4.199999809265137,5.0,43.58333206176758,19777.0,2375.4285714285716,0.9563809633255005,26.374881744384766,297.3142857142857,1593.7098388671875,1840.0,-0.649238109588623,1031.2571428571428,7,518,1,0,0,21,16,39
0,130.0,0.0,32767.0,123.12244897959167,10275.6669921875,25.116666793823242,7.0333333015441895,14977.9833984375,22.549999237060547,4.099999904632568,5.050000190734863,43.099998474121094,17111.166015625,2363.457142857143,0.957880973815918,26.53631019592285,309.25714285714287,1636.5177001953125,1799.2857666015625,-0.6307142972946167,1043.3714285714286,4,518,1,0,0,31,7,57
1,56.0,0.0,32767.0,123.42857142857125,9674.3330078125,29.5,7.449999809265137,16494.8828125,21.799999237060547,4.199999809265137,5.0,38.81666564941406,33345.5,2351.057142857143,0.9828333258628845,26.616666793823242,312.57142857142856,1624.147216796875,1806.028564453125,-0.6181190609931946,1039.8857142857144,4,518,1,0,0,24,4,24
1,115.0,0.0,32767.0,123.87755102040798,8516.0,26.83333396911621,4.516666889190674,16308.7998046875,21.5,3.9000000953674316,4.983333110809326,42.28333282470703,16440.0,2464.6,0.9742857217788696,26.441905975341797,295.2857142857143,1591.043212890625,1830.3428955078125,-0.6893571615219116,1034.1714285714286,1,481,1,0,0,41,11,54
0,103.0,0.0,32767.0,124.57142857142838,12248.6669921875,26.883333206176758,8.316666603088379,15974.0,22.866666793823242,4.099999904632568,4.983333110809326,42.11666488647461,28498.666015625,2481.2285714285713,0.9629285931587219,26.350238800048828,294.45714285714286,1593.302001953125,1825.4000244140625,-0.7037857174873352,1032.057142857143,2,518,1,0,0,31,5,38
0,77.0,0.0,32767.0,125.20408163265287,8732.3330078125,26.600000381469727,5.816666603088379,15704.466796875,21.25,3.9000000953674316,5.0,40.70000076293945,17741.0,2344.9142857142856,0.9881428480148315,26.441547393798828,298.65714285714284,1589.0546875,1837.6856689453125,-0.6606666445732117,1031.8,4,518,1,0,0,41,7,34
1,89.0,0.0,32767.0,125.8936170212764,11468.4443359375,25.30555534362793,8.161110877990723,16882.77734375,23.2722225189209,4.099999904632568,4.916666507720947,36.755558013916016,18138.33203125,2231.3142857142857,0.975761890411377,26.38976287841797,318.14285714285717,1615.6319580078125,1803.142822265625,-0.6192619204521179,1022.1142857142858,4,518,1,0,0,34,9,34
0,113.0,0.0,32767.0,127.39534883720908,8877.6669921875,25.53333282470703,6.116666793823242,14616.099609375,21.049999237060547,3.5999999046325684,5.099999904632568,39.29999923706055,16367.6669921875,2229.942857142857,0.9680952429771423,26.260238647460938,313.6857142857143,1605.5540771484375,1807.914306640625,-0.6694285869598389,1018.6285714285714,0,518,1,0,0,31,8,44
0,311.0,0.8711516261100769,1091.0,298.99999999999983,17830.0,29.03333282470703,4.150000095367432,18802.333984375,23.316667556762695,4.400000095367432,4.650000095367432,33.06666564941406,25456.0,1732.4285714285713,0.6621428728103638,25.53523826599121,57.2,1370.8367919921875,2040.5999755859375,-0.6796904802322388,997.5142857142857,1,505,1,0,1,31,13,163
0,283.0,0.8973774313926697,1399.0,290.12244897959164,17225.0,33.0,1.0499999523162842,18866.93359375,21.950000762939453,5.0,4.5,28.350000381469727,25908.333984375,1709.2857142857142,0.6479761600494385,25.53333282470703,54.97142857142857,1362.704833984375,2069.485595703125,-0.718666672706604,993.5428571428571,2,505,1,0,0,42,5,148
0,342.0,0.9258837103843689,1086.0,280.1020408163263,16795.0,31.116666793823242,1.4500000476837158,23846.80078125,25.866666793823242,4.900000095367432,4.483333110809326,34.63333511352539,19559.333984375,1646.3714285714286,0.6235476136207581,25.445594787597656,59.628571428571426,1368.4461669921875,2050.228515625,-0.8325952291488647,988.6857142857143,0,505,1,0,0,42,17,178
0,325.0,0.5758267045021057,1496.0,275.4285714285712,17045.333984375,26.683332443237305,0.6499999761581421,17934.81640625,23.566667556762695,4.300000190734863,4.383333206176758,39.06666564941406,21860.0,1621.7428571428572,0.6130238175392151,25.438451766967773,60.6,1353.8062744140625,2052.39990234375,-0.803761899471283,977.2857142857143,1,505,1,0,0,42,10,169
0,308.0,0.825541615486145,2336.0,275.4285714285712,14942.5,28.149999618530273,0.8500000238418579,18509.482421875,22.883333206176758,4.300000190734863,4.400000095367432,36.63333511352539,21176.5,1621.7428571428572,0.6130238175392151,25.438451766967773,60.6,1353.8062744140625,2052.39990234375,-0.803761899471283,977.2857142857143,2,505,1,0,0,42,1,159
0,236.0,0.013683009892702103,5349.0,273.0816326530611,19979.0546875,26.688888549804688,3.4000000953674316,19278.443359375,23.0222225189209,4.300000190734863,4.588889122009277,31.933334350585938,26509.0546875,1591.6285714285714,0.5913571715354919,25.367143630981445,65.4,1350.957275390625,2032.05712890625,-0.8276666402816772,967.3714285714286,5,505,1,0,0,21,8,112
0,310.0,0.7673888206481934,4737.0,267.32653061224465,16080.8330078125,23.83333396911621,0.4000000059604645,19535.69921875,22.866666793823242,4.400000095367432,4.483333110809326,37.96666717529297,23134.833984375,1604.857142857143,0.5783571600914001,25.22833251953125,64.37142857142857,1343.1632080078125,2035.800048828125,-0.820976197719574,960.4571428571429,3,505,1,0,0,31,6,135
0,76.0,0.0011402508243918419,2572.0,270.67346938775484,17367.833984375,28.433332443237305,0.550000011920929,18606.849609375,24.149999618530273,5.0,4.683333396911621,30.0,26500.666015625,1628.5428571428572,0.5728333592414856,25.317142486572266,67.48571428571428,1349.760986328125,2014.7142333984375,-0.8565000295639038,962.2285714285714,0,469,1,0,0,21,14,29
0,249.0,0.10376282781362534,2182.0,270.67346938775484,16563.0,28.683332443237305,0.6000000238418579,17306.0,24.58333396911621,4.699999809265137,4.883333206176758,30.233333587646484,39678.5,1628.5428571428572,0.5728333592414856,25.317142486572266,67.48571428571428,1349.760986328125,2014.7142333984375,-0.8565000295639038,962.2285714285714,0,469,1,0,0,41,11,93
1,79.0,0.6431014537811279,1118.0,272.30612244897935,15966.3330078125,28.866666793823242,0.4000000059604645,19969.900390625,22.91666603088379,4.099999904632568,4.75,28.649999618530273,19501.0,1633.6,0.5619047284126282,25.260833740234375,72.11428571428571,1358.2454833984375,1988.6856689453125,-0.8932857513427734,960.8,0,469,1,0,0,42,19,31
0,324.0,0.45952108502388,1254.0,276.020408163265,17255.833984375,26.96666717529297,0.6499999761581421,18869.982421875,23.100000381469727,3.9000000953674316,4.683333396911621,29.66666603088379,22451.666015625,1659.2857142857142,0.5537857413291931,25.20107078552246,70.22857142857143,1347.5970458984375,1985.05712890625,-0.9181904792785645,954.6571428571428,2,505,1,0,0,31,9,128
0,236.0,0.12086658924818039,4227.0,279.4285714285713,18767.833984375,23.016666412353516,3.433333396911621,18998.783203125,23.25,4.099999904632568,4.883333206176758,33.06666564941406,27289.333984375,1667.7142857142858,0.5583571195602417,25.167261123657227,70.14285714285714,1344.12841796875,1988.5714111328125,-0.9508333206176758,952.6571428571428,2,505,1,0,0,31,8,90
0,381.0,0.09122006595134735,1727.0,284.77551020408134,18559.443359375,26.783334732055664,1.3833333253860474,17467.2265625,22.883333206176758,3.8333332538604736,4.633333206176758,31.78333282470703,27393.5,1662.5142857142857,0.553928554058075,25.104522705078125,68.42857142857143,1342.1605224609375,1992.6571044921875,-0.9292380809783936,951.6,2,505,1,0,0,42,14,154
0,380.0,0.3158494830131531,2650.0,290.0408163265303,14100.0,24.433332443237305,1.1833332777023315,17676.900390625,22.516666412353516,3.5999999046325684,4.683333396911621,36.95000076293945,18172.166015625,1650.942857142857,0.5481428503990173,25.097143173217773,71.11428571428571,1343.8597412109375,1978.857177734375,-0.9362618923187256,949.0285714285715,4,505,1,0,0,31,4,144
0,411.0,0.38882553577423096,1205.0,308.3673469387753,14210.3330078125,27.100000381469727,1.4333332777023315,18740.05078125,22.866666793823242,3.9666666984558105,4.694444179534912,31.766666412353516,19522.0,1642.0857142857142,0.55907142162323,25.1872615814209,71.6,1346.5098876953125,1960.6856689453125,-0.9417142868041992,952.6857142857143,1,505,1,0,1,21,27,151
0,341.0,0.2770809531211853,1792.0,308.3673469387753,14374.888671875,27.255556106567383,0.3055555522441864,18648.388671875,22.799999237060547,3.7666666507720947,4.7166666984558105,34.43888854980469,18765.22265625,1642.0857142857142,0.55907142162323,25.1872615814209,71.6,1346.5098876953125,1960.6856689453125,-0.9417142868041992,952.6857142857143,0,505,1,0,1,31,18,137
0,261.0,0.2018243968486786,2496.0,316.75510204081604,15336.8330078125,25.399999618530273,1.2833333015441895,17721.216796875,22.633333206176758,3.5999999046325684,4.800000190734863,34.25,18546.0,1651.3714285714286,0.5577142834663391,25.073572158813477,70.31428571428572,1337.8709716796875,1950.4285888671875,-0.9226190447807312,946.7142857142857,2,505,1,0,0,42,8,95
0,292.0,0.9714937210083008,1288.0,328.53061224489767,13919.6669921875,27.899999618530273,1.5166666507720947,18768.833984375,22.866666793823242,3.700000047683716,5.0,32.43333435058594,21438.0,1672.0857142857142,0.5553333163261414,24.903690338134766,70.82857142857142,1338.102783203125,1928.4571533203125,-0.8344761729240417,943.6571428571428,2,505,1,0,0,42,9,115
0,373.0,0.3865450322628021,2111.0,328.53061224489767,15622.6669921875,29.46666717529297,1.6333333253860474,18627.517578125,23.16666603088379,3.700000047683716,4.7833333015441895,31.700000762939453,31553.833984375,1675.4857142857143,0.5564523935317993,24.910476684570312,70.11428571428571,1336.0985107421875,1921.5999755859375,-0.8286666870117188,943.5142857142857,1,505,1,0,0,31,15,156
0,281.0,0.4378563165664673,1700.0,336.93877551020375,14197.3330078125,30.733333587646484,2.1500000953674316,16888.1328125,22.399999618530273,3.5,4.699999809265137,31.483333587646484,25000.0,1673.5428571428572,0.5671428442001343,25.08702278137207,76.51428571428572,1337.69775390625,1883.800048828125,-0.909761905670166,941.4571428571429,0,505,1,0,0,42,21,122
0,184.0,0.3705815374851227,1451.0,336.93877551020375,12661.5,29.883333206176758,2.1666667461395264,16149.8662109375,21.46666717529297,3.5,4.599999904632568,32.483333587646484,20411.166015625,1655.0857142857142,0.5655952095985413,25.080833435058594,77.25714285714285,1339.3896484375,1876.17138671875,-0.9633333086967468,941.4571428571429,0,469,1,0,0,42,26,87
0,296.0,0.9293044209480286,1039.0,342.40816326530586,15508.6669921875,31.983333587646484,1.5499999523162842,18504.283203125,22.266666412353516,5.599999904632568,4.583333492279053,30.933332443237305,34105.83203125,1859.5142857142857,0.5642380714416504,24.965238571166992,53.77142857142857,1340.1392822265625,2127.3427734375,-0.6413809657096863,964.1428571428571,0,505,1,0,0,31,26,148
0,202.0,0.7001140117645264,1097.0,345.5918367346937,12866.0,27.450000762939453,0.15000000596046448,18315.833984375,21.950000762939453,3.5999999046325684,4.583333492279053,33.29999923706055,29830.333984375,1936.6,0.5709999799728394,25.005714416503906,50.8,1340.408203125,2188.54296875,-0.4679761826992035,969.1428571428571,0,505,1,0,0,42,4,76
0,211.0,0.5986316800117493,1075.0,348.75510204081604,17050.0,26.41666603088379,2.25,19819.400390625,23.733333587646484,4.300000190734863,4.633333206176758,36.18333435058594,22921.5,1934.0285714285715,0.5730000138282776,25.032262802124023,50.31428571428572,1337.3892822265625,2203.371337890625,-0.44638094305992126,968.3142857142857,3,505,1,0,0,41,1,86
1,246.0,0.12656784057617188,2402.0,348.59183673469363,12395.5,27.816667556762695,1.1333333253860474,20512.93359375,22.516666412353516,3.5,4.983333110809326,27.383333206176758,37402.66796875,2027.8285714285714,0.5858095288276672,25.132381439208984,51.6,1337.233642578125,2256.428466796875,-0.14861905574798584,969.6571428571428,0,469,1,0,0,31,16,118
1,226.0,0.3797035217285156,4061.0,317.32653061224465,16437.0,37.45000076293945,0.550000011920929,17697.31640625,21.866666793823242,4.0,4.583333492279053,21.299999237060547,41934.83203125,2198.3714285714286,0.6124523878097534,25.264881134033203,66.88571428571429,1338.634033203125,2304.3427734375,0.05878572165966034,961.6571428571428,0,469,1,0,0,21,24,89
1,314.0,0.2086659073829651,3818.0,317.32653061224465,17222.0,37.400001525878906,0.5333333611488342,17688.716796875,21.66666603088379,3.700000047683716,4.449999809265137,19.53333282470703,49604.33203125,2198.3714285714286,0.6124523878097534,25.264881134033203,66.88571428571429,1338.634033203125,2304.3427734375,0.05878572165966034,961.6571428571428,0,469,1,0,0,21,24,115
0,323.0,0.9350057244300842,1062.0,313.5510204081631,20781.166015625,39.849998474121094,1.4833333492279053,21465.94921875,22.483333587646484,4.400000095367432,4.483333110809326,12.850000381469727,23321.166015625,2232.2285714285713,0.6054285764694214,25.120832443237305,64.97142857142858,1336.675048828125,2323.685791015625,0.03911905363202095,959.7428571428571,1,505,1,0,0,21,15,142
1,447.0,0.6043329238891602,1190.0,317.5918367346936,15274.3330078125,32.36666488647461,1.100000023841858,18558.966796875,21.700000762939453,4.0,4.2833333015441895,20.28333282470703,18311.666015625,2561.8285714285716,0.6109285950660706,25.29464340209961,75.4,1339.7628173828125,2314.514404296875,0.23969051241874695,957.6285714285714,0,505,1,0,0,42,27,219
1,240.0,0.06613454967737198,4687.0,300.6326530612241,16773.0,30.200000762939453,3.0333333015441895,19822.599609375,23.766666412353516,5.300000190734863,4.333333492279053,30.08333396911621,33863.5,2644.285714285714,0.633476197719574,25.954999923706055,101.82857142857142,1350.3177490234375,2213.800048828125,0.3288809657096863,955.5142857142857,0,496,1,0,0,21,21,88
0,180.0,0.3363740146160126,4371.0,297.55102040816297,15486.0,30.100000381469727,1.7666666507720947,18019.716796875,22.25,4.800000190734863,4.133333206176758,30.08333396911621,18626.5,2660.6,0.6379285454750061,26.021547317504883,100.82857142857142,1350.7855224609375,2227.94287109375,0.3120952248573303,959.0857142857143,0,496,1,0,0,21,26,68
0,291.0,0.44925883412361145,1827.0,300.1224489795916,17249.5,29.899999618530273,1.5499999523162842,17243.666015625,22.766666412353516,4.800000190734863,3.950000047683716,28.28333282470703,20979.5,2675.4,0.63740473985672,26.016427993774414,95.45714285714286,1343.869140625,2263.228515625,0.2702619135379791,960.1714285714286,0,496,1,0,0,41,21,144
0,266.0,0.36716076731681824,1172.0,297.5102040816324,17088.333984375,28.700000762939453,0.9333333373069763,16891.716796875,21.96666717529297,5.199999809265137,3.9833333492279053,31.566667556762695,22312.0,2711.885714285714,0.6401190757751465,26.071428298950195,94.77142857142857,1346.8310546875,2292.17138671875,0.20850001275539398,964.2285714285714,0,496,1,0,0,41,26,121
0,282.0,0.6123147010803223,1089.0,298.0612244897956,20312.333984375,28.9777774810791,2.3333334922790527,18233.228515625,22.80000114440918,4.599999904632568,4.083333492279053,30.08333396911621,21563.9453125,2736.5142857142855,0.6416190266609192,26.062381744384766,96.74285714285715,1349.9263916015625,2286.45703125,0.21659526228904724,964.3714285714286,1,496,1,0,1,31,13,139
0,311.0,0.5404788851737976,1296.0,300.7959183673467,17949.666015625,30.016666412353516,1.0333333015441895,17544.517578125,23.566667556762695,4.5,4.083333492279053,29.233333587646484,22109.833984375,2797.3142857142857,0.6456190347671509,26.117856979370117,96.48571428571428,1356.059326171875,2336.71435546875,0.12492858618497849,970.3428571428572,1,497,1,1,0,31,4,153
0,328.0,0.8893956542015076,1097.0,302.02040816326513,31943.666015625,21.988887786865234,2.1777777671813965,17414.84375,22.316667556762695,4.833333492279053,3.972222328186035,34.75555419921875,40689.109375,2820.285714285714,0.649238109588623,26.15250015258789,98.37142857142857,1357.219970703125,2361.199951171875,0.08730952441692352,970.2,0,497,1,0,1,42,31,161
0,153.0,0.3500570058822632,1431.0,299.77551020408146,18387.166015625,25.16666603088379,1.1666666269302368,17677.25,22.299999237060547,5.099999904632568,4.083333492279053,32.36666488647461,23156.666015625,2847.2285714285713,0.6639524102210999,26.31333351135254,101.31428571428572,1353.78759765625,2382.94287109375,-0.008214287459850311,969.9142857142857,0,496,1,1,0,42,9,74
1,346.0,0.05359179154038429,1675.0,279.22448979591815,17497.5,22.683332443237305,1.2833333015441895,18322.400390625,23.883333206176758,5.099999904632568,4.183333396911621,29.149999618530273,27204.0,2928.285714285714,0.6836904883384705,26.56059455871582,105.28571428571429,1365.021484375,2410.228515625,-0.31009525060653687,980.0,1,496,1,0,1,31,17,161
1,215.0,0.30786773562431335,1353.0,257.3877551020406,16145.0,28.933332443237305,1.2833333015441895,17917.466796875,24.03333282470703,5.0,4.083333492279053,36.900001525878906,22794.0,2970.5714285714284,0.6841428875923157,26.504404067993164,104.17142857142858,1370.0257568359375,2409.571533203125,-0.41780951619148254,983.2571428571429,0,497,1,0,0,42,7,89
1,254.0,0.23945267498493195,2783.0,251.3877551020406,16098.1669921875,28.183332443237305,0.949999988079071,18688.599609375,24.78333282470703,5.300000190734863,4.25,30.16666603088379,25010.5,2972.3714285714286,0.6885238289833069,26.58011817932129,104.17142857142858,1373.2237548828125,2405.314208984375,-0.425595223903656,986.9142857142857,0,496,1,0,0,21,5,107
0,251.0,0.5336374044418335,1240.0,246.22448979591812,20882.833984375,26.96666717529297,1.7833333015441895,19882.783203125,25.53333282470703,5.199999809265137,4.133333206176758,34.016666412353516,32828.16796875,2990.285714285714,0.6813095211982727,26.491666793823242,101.4,1375.1273193359375,2418.771484375,-0.43080952763557434,988.3142857142857,0,497,1,0,0,21,20,116
0,220.0,0.4241733253002167,1139.0,239.20408163265282,18567.333984375,27.950000762939453,1.0,22424.833984375,26.78333282470703,5.199999809265137,4.183333396911621,29.133333206176758,27576.0,3011.285714285714,0.6796428561210632,26.489524841308594,100.08571428571429,1374.0015869140625,2410.371337890625,-0.5036428570747375,988.0,0,497,1,1,0,42,15,102
0,78.0,0.4720638394355774,1713.0,237.6938775510202,33590.5,23.30555534362793,1.4666666984558105,18354.189453125,24.27777671813965,5.733333110809326,4.2166666984558105,27.622222900390625,24696.9453125,3033.6285714285714,0.6821190714836121,26.50535774230957,101.08571428571429,1373.4638671875,2394.800048828125,-0.5260000228881836,987.5142857142857,0,497,1,1,0,34,33,31
1,127.0,0.4310148358345032,1190.0,247.38775510204061,15923.5,22.366666793823242,0.5166666507720947,17742.80078125,23.25,4.900000095367432,4.199999809265137,28.683332443237305,20785.5,2993.0285714285715,0.675761878490448,26.460119247436523,106.45714285714286,1380.495849609375,2365.428466796875,-0.6051666736602783,984.1714285714286,0,497,1,1,1,34,34,52
0,58.0,0.8038768768310547,1123.0,245.2857142857141,17610.666015625,27.483333587646484,0.9833333492279053,16845.466796875,24.100000381469727,5.0,4.0333333015441895,35.233333587646484,18901.333984375,2864.8571428571427,0.665404736995697,26.332618713378906,118.0,1394.97998046875,2290.05712890625,-0.635523796081543,976.8,3,497,1,0,1,42,2,26
0,224.0,0.46408209204673767,1281.0,241.79591836734673,15435.6669921875,27.46666717529297,1.8833333253860474,15548.68359375,22.899999618530273,4.599999904632568,4.099999904632568,33.63333511352539,17066.333984375,2838.6285714285714,0.6659523844718933,26.34666633605957,119.65714285714286,1400.0440673828125,2282.314208984375,-0.6172618865966797,978.7428571428571,2,497,1,0,1,42,13,92
1,165.0,0.33523374795913696,1892.0,239.53061224489772,16978.666015625,26.933332443237305,0.44999998807907104,16809.93359375,24.016666412353516,4.699999809265137,4.2833333015441895,32.599998474121094,18308.666015625,2833.457142857143,0.6664047837257385,26.336904525756836,118.97142857142858,1397.2222900390625,2281.39990234375,-0.633809506893158,977.6571428571428,0,497,1,0,1,34,35,70
0,290.0,0.2713797092437744,1243.0,237.81632653061203,15583.0,32.0,1.7000000476837158,16135.349609375,23.549999237060547,5.199999809265137,4.2833333015441895,31.0,21090.833984375,2816.4,0.6827619075775146,26.386072158813477,117.74285714285715,1393.399658203125,2281.94287109375,-0.6510952115058899,979.6285714285714,0,497,1,0,0,42,9,132
0,74.0,0.5940706729888916,1376.0,235.81632653061206,15788.111328125,29.505556106567383,1.6833332777023315,15042.0224609375,21.4777774810791,4.300000190734863,4.155555725097656,36.52222442626953,16646.22265625,2750.9142857142856,0.664738118648529,26.261547088623047,125.34285714285714,1408.197021484375,2244.028564453125,-0.6065714359283447,974.5428571428571,1,497,1,0,0,24,2,34
0,79.0,0.8779931664466858,1330.0,235.7346938775508,15826.6669921875,24.25,1.649999976158142,15573.0166015625,22.066667556762695,4.699999809265137,4.099999904632568,39.21666717529297,17550.333984375,2744.7714285714287,0.6623571515083313,26.202857971191406,127.11428571428571,1411.07275390625,2236.971435546875,-0.5987856984138489,972.7428571428571,2,497,1,0,0,24,1,36
0,182.0,0.8050171136856079,1051.0,234.40816326530592,18878.0,30.933332443237305,2.2666666507720947,17921.94921875,21.75,4.5,4.083333492279053,33.91666793823242,19767.0,2799.1714285714284,0.6690000295639038,26.217023849487305,124.51428571428572,1405.883056640625,2234.371337890625,-0.5699285864830017,972.9714285714285,1,497,1,0,0,24,1,83
0,228.0,0.4925883710384369,2032.0,232.408163265306,18960.0,30.58333396911621,1.399999976158142,16238.0830078125,22.78333282470703,5.0,4.150000095367432,32.78333282470703,18201.666015625,2848.0,0.6809523701667786,26.26226234436035,118.65714285714286,1397.5703125,2250.685791015625,-0.5922142863273621,976.0285714285715,0,497,1,0,0,31,29,102
0,144.0,0.29418471455574036,3113.0,231.91836734693865,15657.6669921875,30.799999237060547,0.8666666746139526,15303.56640625,22.0,4.099999904632568,4.133333206176758,29.41666603088379,17467.0,2877.5714285714284,0.6793095469474792,26.251310348510742,118.77142857142857,1401.901123046875,2239.142822265625,-0.5920237898826599,978.2285714285714,0,497,1,0,0,34,14,49
0,157.0,0.8015963435173035,1053.0,233.4285714285713,18814.166015625,28.883333206176758,3.700000047683716,16413.8828125,22.350000381469727,4.599999904632568,4.0333333015441895,32.43333435058594,19682.333984375,2884.3714285714286,0.676976203918457,26.205476760864258,122.71428571428571,1407.1156005859375,2223.857177734375,-0.60573810338974,976.0571428571428,0,497,1,0,0,42,9,60
1,312.0,0.0,2632.0,233.38775510204067,16702.5,31.28333282470703,1.0499999523162842,18198.05078125,21.399999618530273,4.599999904632568,4.099999904632568,30.566667556762695,18834.0,2925.942857142857,0.6826905012130737,26.295595169067383,124.85714285714286,1413.1527099609375,2194.3427734375,-0.5852857232093811,979.0571428571428,0,497,1,0,0,34,18,142
0,201.0,0.2360319197177887,1380.0,232.53061224489778,14124.0,34.58333206176758,4.316666603088379,18011.599609375,22.516666412353516,4.599999904632568,4.099999904632568,33.75,19119.0,2944.6285714285714,0.6661190390586853,26.18511962890625,124.77142857142857,1412.8363037109375,2179.800048828125,-0.5853333473205566,974.6,0,476,1,0,1,21,35,70
1,188.0,0.43557581305503845,1320.0,233.10204081632634,19114.22265625,28.372220993041992,1.144444465637207,16986.494140625,21.149999618530273,4.666666507720947,4.050000190734863,38.405555725097656,18311.5546875,2977.8,0.6727856993675232,26.15523910522461,123.71428571428571,1408.7119140625,2186.742919921875,-0.5965952277183533,974.0857142857143,0,476,1,0,1,41,35,85
0,202.0,0.9441276788711548,1048.0,236.46938775510185,17426.666015625,32.483333587646484,1.9166666269302368,17147.533203125,21.983333587646484,4.800000190734863,3.9666666984558105,39.18333435058594,18385.166015625,2967.7714285714287,0.684166669845581,26.204761505126953,130.65714285714284,1416.3818359375,2165.228515625,-0.5018571615219116,974.6571428571428,0,476,1,0,1,21,31,92
0,208.87699058425767,0.6978335380554199,1908.0,247.20408163265282,17926.0,30.850000381469727,2.6666667461395264,20959.966796875,22.133333206176758,4.400000095367432,4.150000095367432,39.266666412353516,21382.666015625,2986.714285714286,0.694190502166748,26.243928909301758,136.22857142857143,1413.1060791015625,2159.971435546875,-0.37221428751945496,969.2857142857143,2,476,1,0,0,42,17,73
0,215.0,0.33409351110458374,1936.0,247.20408163265282,14717.5,32.38333511352539,2.049999952316284,16158.849609375,21.0,4.800000190734863,4.083333492279053,41.53333282470703,16782.333984375,2985.8285714285716,0.7005237936973572,26.296428680419922,139.22857142857143,1412.365234375,2159.685791015625,-0.3507381081581116,967.3714285714286,2,476,1,0,0,31,10,96
0,302.0,0.4264538288116455,1345.0,254.34693877551,14137.5556640625,28.422222137451172,2.6888890266418457,17568.943359375,21.316667556762695,4.333333492279053,4.127778053283691,43.150001525878906,22374.943359375,2993.8,0.6984047889709473,26.259048461914062,141.25714285714287,1414.9364013671875,2155.1142578125,-0.3356666564941406,965.9142857142857,1,476,1,1,0,31,21,140
0,247.0,0.5199543833732605,1280.0,261.34693877551,16499.166015625,27.149999618530273,5.583333492279053,15704.0,21.516666412353516,4.599999904632568,4.083333492279053,43.93333435058594,17237.833984375,2995.6,0.699238121509552,26.24464225769043,142.2,1417.6221923828125,2165.628662109375,-0.28771427273750305,966.5142857142857,6,476,1,1,0,42,5,98
0,334.89163676767873,0.8232611417770386,1094.0,274.6938775510202,18456.5,27.883333206176758,2.9000000953674316,15047.2998046875,20.66666603088379,4.699999809265137,3.950000047683716,47.18333435058594,18398.0,3053.6,0.7074523568153381,26.269643783569336,133.77142857142857,1416.7259521484375,2243.82861328125,-0.31685712933540344,975.7428571428571,0,476,1,1,0,42,4,157
0,265.0,0.6043329238891602,1157.0,287.5510204081631,15679.5,36.13333511352539,0.8333333134651184,15509.7001953125,20.350000381469727,4.699999809265137,3.950000047683716,41.28333282470703,18775.5,3089.8,0.720880925655365,26.34428596496582,130.74285714285713,1419.584716796875,2369.39990234375,-0.26335713267326355,983.9142857142857,2,476,1,0,0,31,8,99
0,149.0,0.46978336572647095,4107.0,289.4489795918365,16778.833984375,31.21666717529297,0.9333333373069763,15890.7666015625,23.766666412353516,5.300000190734863,3.950000047683716,37.96666717529297,24117.166015625,3105.057142857143,0.7345476150512695,26.449880599975586,127.57142857142857,1411.2431640625,2417.17138671875,-0.33540478348731995,986.1142857142858,2,476,1,0,0,24,2,70
0,222.0,0.3717217743396759,7845.0,292.2244897959182,14789.5,35.11666488647461,1.75,16656.482421875,25.183332443237305,4.900000095367432,4.050000190734863,31.383333206176758,19323.0,3141.8,0.7340238094329834,26.32154655456543,121.8,1409.8447265625,2464.085693359375,-0.3533095121383667,988.5428571428571,2,476,1,0,0,31,2,83
0,290.0,0.6054732203483582,9798.0,293.9387755102039,14824.3330078125,31.25,2.305555582046509,16032.921875,23.627777099609375,5.0,3.9833333492279053,37.733333587646484,19037.556640625,3142.657142857143,0.7383095026016235,26.376428604125977,122.94285714285714,1411.3443603515625,2475.771484375,-0.3737381100654602,989.6285714285714,2,476,1,0,0,21,2,112
0,60.340552721090006,0.32611173391342163,7312.0,295.40816326530603,17767.111328125,34.022220611572266,3.2666666507720947,17746.466796875,23.28333282470703,5.266666889190674,4.050000190734863,36.838890075683594,22223.27734375,3172.542857142857,0.7375714182853699,26.270238876342773,119.37142857142857,1409.4564208984375,2531.94287109375,-0.4710714519023895,990.3714285714286,1,476,1,0,0,41,10,21
0,263.0,0.5256556272506714,1150.0,292.83673469387736,16936.166015625,32.61666488647461,2.6500000953674316,18498.517578125,24.549999237060547,5.199999809265137,4.0,35.25,20219.5,3189.9142857142856,0.7432143092155457,26.324167251586914,118.91428571428571,1411.4578857421875,2544.628662109375,-0.48695239424705505,993.6285714285714,2,476,1,0,0,31,11,99
0,256.0,0.6214367151260376,3954.0,291.6938775510203,18201.333984375,32.900001525878906,2.2166666984558105,18189.982421875,21.33333396911621,4.800000190734863,4.099999904632568,40.16666793823242,20038.333984375,3241.885714285714,0.7551904916763306,26.436904907226562,119.65714285714286,1413.6807861328125,2575.085693359375,-0.5702856779098511,997.8285714285714,5,476,1,0,0,21,9,106
0,289.0,0.8346636295318604,2988.0,292.3673469387754,20634.5,31.399999618530273,2.799999952316284,18972.05078125,23.58333396911621,5.300000190734863,3.9833333492279053,41.93333435058594,23495.0,3295.6285714285714,0.750166654586792,26.34404754638672,118.6,1413.252197265625,2610.45703125,-0.6178333163261414,997.1714285714286,1,476,1,0,0,34,1,105
0,103.0,0.6180159449577332,1309.0,297.9795918367346,18932.833984375,33.36666488647461,1.6833332777023315,18494.099609375,25.28333282470703,5.400000095367432,4.083333492279053,34.68333435058594,22539.0,3327.4,0.7626904845237732,26.465118408203125,117.8,1409.9986572265625,2609.685791015625,-0.6073095202445984,999.9428571428572,3,476,1,0,0,41,11,49
0,310.0,0.690991997718811,1094.0,306.1428571428569,,,,,,,,,49530.5,3334.7714285714287,0.7743809223175049,26.565834045410156,123.6,1427.870361328125,2560.485595703125,-0.5917618870735168,1006.9428571428572,0,476,1,0,0,31,31,112
1,81.0,0.4458380937576294,1104.0,302.285714285714,,,,,,,,,,3334.7714285714287,0.7743809223175049,26.565834045410156,123.6,1427.870361328125,2560.485595703125,-0.5917618870735168,1006.9428571428572,0,476,1,0,0,21,26,29
0,211.0,0.5210946202278137,1190.0,319.1224489795916,21421.833984375,35.28333282470703,1.2999999523162842,16447.69921875,22.433332443237305,4.599999904632568,3.9833333492279053,40.91666793823242,21762.166015625,3371.6,0.8026904463768005,26.718332290649414,127.37142857142857,1420.07763671875,2418.914306640625,-0.5980713963508606,1005.5714285714286,0,476,1,0,0,41,3,106
1,57.0,0.5530216693878174,1106.0,318.36734693877526,20011.666015625,33.63333511352539,2.383333444595337,17933.19921875,23.33333396911621,4.900000095367432,4.083333492279053,36.349998474121094,20699.333984375,3382.1714285714284,0.8016904592514038,26.66964340209961,128.6,1421.799072265625,2396.857177734375,-0.5815714001655579,1005.0857142857143,0,476,1,0,0,41,6,22
0,220.0,0.5564424395561218,1104.0,317.877551020408,18546.833984375,30.366666793823242,1.9666666984558105,15221.06640625,22.600000381469727,4.0,4.133333206176758,42.06666564941406,18217.0,3367.0,0.8151428699493408,26.691665649414062,133.97142857142856,1424.5731201171875,2288.771484375,-0.5670714378356934,1002.8857142857142,1,476,1,0,0,31,17,105
0,279.0,0.7354618310928345,1160.0,327.6938775510202,17708.333984375,33.233333587646484,5.433333396911621,15478.033203125,21.299999237060547,4.699999809265137,4.083333492279053,38.88333511352539,22153.166015625,3399.714285714286,0.8262618780136108,26.64583396911621,128.11428571428573,1418.2537841796875,2173.628662109375,2.023571491241455,1006.7714285714286,0,476,1,0,1,31,9,132
0,345.0,0.9635119438171387,1039.0,292.53061224489767,13544.8330078125,31.233333587646484,2.4000000953674316,17930.533203125,21.700000762939453,4.5,4.083333492279053,42.66666793823242,21922.666015625,3243.4857142857145,0.8649047613143921,26.441190719604492,147.9142857142857,1421.4263916015625,2197.628662109375,2.8749048709869385,997.8285714285714,0,476,1,0,1,31,10,174
0,149.0,0.6282781958580017,1101.0,274.4897959183672,,32.31666564941406,1.850000023841858,,24.316667556762695,4.599999904632568,4.183333396911621,38.96666717529297,,3184.1714285714284,0.8982142806053162,26.756547927856445,152.14285714285714,1431.3443603515625,2219.314208984375,2.687309503555298,1006.4,0,476,1,0,1,31,26,58
0,291.0,0.557582676410675,1073.0,262.4897959183671,,,,,,,,,,3022.3714285714286,0.9146190285682678,26.765119552612305,154.45714285714286,1430.6513671875,2290.60009765625,2.2299046516418457,1008.9142857142857,0,476,1,1,1,21,21,124
0,265.0,0.42189282178878784,1292.0,294.40816326530603,14707.8330078125,30.733333587646484,3.7666666507720947,17904.06640625,22.41666603088379,4.699999809265137,4.2833333015441895,48.016666412353516,20701.0,2996.942857142857,0.9746666550636292,26.412500381469727,176.42857142857142,1442.247802734375,2187.371337890625,1.281761884689331,1019.3714285714286,0,481,1,0,1,41,21,139
0,272.0,0.6955530047416687,1932.0,295.30612244897947,14434.0,32.29999923706055,2.8333332538604736,18262.232421875,21.350000381469727,3.9000000953674316,4.300000190734863,51.61666488647461,19020.666015625,2963.5714285714284,1.007952332496643,26.622737884521484,180.25714285714287,1442.95654296875,2173.914306640625,1.1269999742507935,1024.5142857142857,0,507,1,0,1,41,12,125
0,83.0,0.638540506362915,1098.0,295.34693877551007,16521.333984375,31.366666793823242,3.4000000953674316,19352.25,24.816667556762695,4.900000095367432,4.25,52.016666412353516,22598.166015625,2944.2285714285713,1.014190435409546,26.637619018554688,183.02857142857144,1446.249755859375,2159.371337890625,1.1054047346115112,1025.9142857142858,0,507,1,0,1,42,11,42
1,245.0,0.14595210552215576,1592.0,294.59183673469374,16080.3330078125,30.983333587646484,1.5,17948.56640625,22.066667556762695,4.199999809265137,4.183333396911621,49.04999923706055,22914.666015625,2924.8285714285716,1.0125000476837158,26.626428604125977,181.42857142857142,1442.318359375,2161.142822265625,1.0809999704360962,1025.0285714285715,0,507,1,0,1,42,12,125
0,36.0,0.7605473399162292,1145.0,299.0612244897957,15904.0,31.66666603088379,2.7833333015441895,20928.69921875,24.049999237060547,4.099999904632568,4.233333110809326,49.266666412353516,21223.0,2865.0857142857144,1.021642804145813,26.51702308654785,185.2,1441.835205078125,2157.60009765625,1.014190435409546,1024.4857142857143,1,507,1,0,1,41,3,15
0,202.0,0.7628278136253357,1097.0,290.83673469387736,16569.0,30.049999237060547,2.5999999046325684,16943.8828125,22.5,4.099999904632568,4.233333110809326,49.483333587646484,25649.0,2883.057142857143,1.0326428413391113,26.548452377319336,188.4857142857143,1446.283935546875,2156.857177734375,0.9045952558517456,1026.8,1,507,1,0,1,42,10,107
0,185.7670241359603,0.785632848739624,1073.0,293.6734693877549,15988.3330078125,29.683332443237305,2.299999952316284,17355.232421875,22.350000381469727,4.400000095367432,4.083333492279053,49.03333282470703,19984.0,2800.9142857142856,1.041285753250122,26.663333892822266,190.77142857142857,1441.8804931640625,2156.971435546875,0.9587857127189636,1026.3714285714286,1,507,1,0,1,31,20,75
0,58.0,0.2360319197177887,1250.0,285.6938775510202,14624.8330078125,29.299999237060547,4.599999904632568,18470.666015625,23.316667556762695,5.5,4.2833333015441895,49.86666488647461,24293.833984375,2800.9142857142856,1.041285753250122,26.663333892822266,190.77142857142857,1441.8804931640625,2156.971435546875,0.9587857127189636,1026.3714285714286,0,507,1,0,1,41,4,24
0,42.0,0.9270239472389221,1081.0,289.408163265306,14924.0,26.816667556762695,4.4666666984558105,18040.466796875,24.733333587646484,6.0,4.383333206176758,46.38333511352539,24951.333984375,2781.5714285714284,1.0119524002075195,26.239404678344727,190.31428571428572,1439.1864013671875,2174.71435546875,0.9895714521408081,1020.4285714285714,4,507,1,0,1,42,6,22
0,165.0,0.0045610032975673676,1497.0,275.97959183673447,12562.0,34.20000076293945,3.683333396911621,17594.466796875,22.399999618530273,4.0,4.433333396911621,43.68333435058594,23647.5,2575.6857142857143,1.0470714569091797,26.726070404052734,203.71428571428572,1450.5419921875,2157.771484375,0.9424047470092773,1026.4857142857143,3,507,1,0,1,42,4,72
0,285.0,0.21778790652751923,1413.0,275.97959183673447,13325.666015625,30.594444274902344,2.8388888835906982,17070.984375,22.19999885559082,4.200000286102295,4.327777862548828,49.8055534362793,20186.443359375,2575.6857142857143,1.0470714569091797,26.726070404052734,203.71428571428572,1450.5419921875,2157.771484375,0.9424047470092773,1026.4857142857143,1,507,1,0,1,21,5,137
0,205.0,0.7514253258705139,1307.0,271.020408163265,14659.3330078125,29.25,3.816666603088379,16826.93359375,24.100000381469727,4.699999809265137,4.699999809265137,44.13333511352539,24847.666015625,2435.0285714285715,1.037833333015442,26.53690528869629,210.42857142857142,1452.4676513671875,2167.028564453125,0.9267619252204895,1020.6,0,507,1,0,1,21,8,78
0,288.0,0.3249714970588684,3351.0,269.1020408163264,14185.0,27.983333587646484,3.0333333015441895,16988.400390625,23.983333587646484,5.0,4.550000190734863,46.016666412353516,26632.5,2419.114285714286,1.073523759841919,26.773096084594727,212.97142857142856,1453.2843017578125,2182.17138671875,0.8707857131958008,1030.2571428571428,0,507,1,0,0,11,4,152
0,175.0,0.35575827956199646,4214.0,270.2040816326529,13392.8330078125,30.566667556762695,2.549999952316284,15972.3662109375,21.516666412353516,4.0,4.349999904632568,53.38333511352539,19075.166015625,2505.6857142857143,1.0848095417022705,26.82880973815918,207.54285714285714,1458.1873779296875,2203.914306640625,0.8723333477973938,1042.6857142857143,1,507,1,0,0,31,4,66
0,220.0,0.4184720516204834,1243.0,269.1224489795917,14557.0,28.383333206176758,2.066666603088379,16521.166015625,22.03333282470703,3.799999952316284,4.349999904632568,53.983333587646484,19923.833984375,2521.285714285714,1.072452425956726,26.817975997924805,214.4,1458.59228515625,2178.45703125,0.871833324432373,1032.8285714285714,0,507,1,0,0,31,7,83
0,281.0,0.3306727409362793,2265.0,262.9591836734692,12014.1669921875,32.43333435058594,3.25,18314.94921875,23.03333282470703,3.5,4.400000095367432,49.46666717529297,21443.5,2658.5142857142855,1.0982142686843872,26.861309051513672,212.4857142857143,1460.934326171875,2207.914306640625,0.7555475831031799,1045.3142857142857,4,507,1,0,0,31,5,128
0,252.05506269391262,0.7411630749702454,1171.0,269.1632653061223,13461.5,29.53333282470703,3.4166667461395264,18213.400390625,22.733333587646484,4.699999809265137,4.449999809265137,49.95000076293945,22038.5,2678.5714285714284,1.0651190280914307,26.67047691345215,211.2,1459.7083740234375,2194.085693359375,0.7744286060333252,1037.3714285714286,1,507,1,0,0,41,14,108
0,248.0,0.7377423048019409,1683.0,275.79591836734664,12919.8330078125,29.25,1.7166666984558105,15653.7666015625,21.350000381469727,4.0,4.483333110809326,48.36666488647461,19224.833984375,2772.2,1.0730476379394531,26.76285743713379,208.4857142857143,1462.9461669921875,2205.45703125,0.6675238013267517,1045.0285714285715,1,507,1,0,0,31,7,127
0,220.0,0.9224629402160645,1092.0,272.7755102040814,14183.6669921875,27.66666603088379,1.7333333492279053,16772.0,21.633333206176758,4.099999904632568,4.433333396911621,48.95000076293945,19958.333984375,2787.457142857143,1.0653570890426636,26.63595199584961,208.02857142857144,1466.7572021484375,2207.6572265625,0.6152380704879761,1044.7428571428572,2,507,1,0,0,31,4,105
0,239.0,0.3169897496700287,1437.0,270.0408163265304,12668.0,32.150001525878906,3.366666555404663,17978.44921875,26.683332443237305,5.300000190734863,4.483333110809326,36.81666564941406,25391.5,2931.285714285714,0.9788095355033875,26.13619041442871,197.97142857142856,1475.3570556640625,2122.39990234375,0.41823810338974,1044.3142857142857,0,507,1,1,0,11,22,80
0,338.0,0.4880273640155792,1453.0,274.2857142857141,11348.6669921875,32.93333435058594,4.2833333015441895,19392.44921875,27.366666793823242,5.599999904632568,4.5,34.900001525878906,23955.5,2928.8285714285716,0.959761917591095,26.05047607421875,196.65714285714284,1482.4979248046875,2117.1142578125,0.37778571248054504,1042.6,0,507,1,1,0,11,21,134
0,153.0,0.9087799191474915,1525.0,237.83673469387733,12949.888671875,30.644445419311523,4.766666889190674,24506.833984375,26.41111183166504,5.766666889190674,4.683333396911621,34.53889083862305,26162.0,3027.8,0.9009285569190979,25.912023544311523,197.57142857142858,1496.4830322265625,2078.54296875,-0.24199999868869781,1039.9142857142858,0,507,1,1,0,31,2,73
1,405.0,0.19042189419269562,1309.0,227.85714285714266,,28.066667556762695,5.2166666984558105,,23.16666603088379,5.0,4.7166666984558105,44.38333511352539,,2986.6857142857143,0.899142861366272,26.164880752563477,217.42857142857142,1520.0345458984375,2059.60009765625,0.10723808407783508,1030.0,0,507,1,1,0,41,17,182
0,330.0,0.7080957889556885,1064.0,243.4285714285712,13671.0,27.950000762939453,6.050000190734863,24386.30078125,30.383333206176758,6.0,4.866666793823242,33.766666412353516,35666.0,3090.4857142857145,0.8190476298332214,25.58928680419922,219.9142857142857,1556.31494140625,2023.05712890625,-0.011166667565703392,1031.2571428571428,0,518,1,1,0,21,8,160
0,127.0,0.9053592085838318,1073.0,246.7959183673467,16046.0,25.516666412353516,6.833333492279053,23848.216796875,27.53333282470703,6.400000095367432,4.883333206176758,37.733333587646484,32385.833984375,3111.8,0.8240000009536743,25.61618995666504,222.94285714285715,1566.75439453125,2017.6856689453125,-0.03309524059295654,1036.1714285714286,0,518,1,1,0,31,20,62
0,156.0,0.7069555521011353,1403.0,200.408163265306,15376.3330078125,26.08333396911621,6.416666507720947,20777.44921875,26.08333396911621,5.699999809265137,4.900000095367432,39.45000076293945,24225.5,3208.0,0.7911428809165955,25.469404220581055,236.11428571428573,1607.7313232421875,1941.857177734375,-0.567380964756012,1046.857142857143,0,481,1,1,0,21,18,68
0,224.0,0.678449273109436,1757.0,199.3469387755101,14795.0,26.066667556762695,7.066666603088379,19407.1171875,24.549999237060547,5.400000095367432,4.849999904632568,39.83333206176758,24940.5,3107.3142857142857,0.7774524092674255,25.18059539794922,238.68571428571428,1598.595703125,1948.3714599609375,-0.569428563117981,1031.5714285714287,0,481,1,1,0,31,9,82
0,108.0,0.4139110743999481,1768.0,203.04081632653052,12568.3330078125,26.75,9.266666412353516,18888.1328125,26.200000762939453,5.800000190734863,4.833333492279053,40.36666488647461,29235.166015625,2983.9714285714285,0.7938571572303772,25.472143173217773,249.9142857142857,1612.09228515625,1933.857177734375,-0.5914523601531982,1034.3714285714286,0,481,1,1,0,21,21,43
0,20.0,0.2291904240846634,2290.0,201.3469387755101,12452.5,25.116666793823242,6.233333110809326,15790.7998046875,21.133333206176758,4.900000095367432,5.0,43.28333282470703,19968.5,2807.4285714285716,0.8150714039802551,25.789880752563477,261.9428571428571,1633.4208984375,1913.94287109375,-0.5926666259765625,1044.142857142857,17,481,1,1,0,41,3,9
1,271.0,0.020524514839053154,2463.0,194.28571428571416,15501.0,26.450000762939453,7.849999904632568,16936.599609375,22.950000762939453,4.900000095367432,4.983333110809326,43.08333206176758,22187.0,2667.657142857143,0.8067380785942078,25.687620162963867,264.57142857142856,1619.445068359375,1915.4571533203125,-0.6085476279258728,1030.7714285714285,0,481,1,1,0,21,7,125
0,104.02966576462204,0.9019384384155273,1078.0,178.95918367346925,16627.833984375,26.616666793823242,9.883333206176758,20893.30078125,28.149999618530273,6.0,4.900000095367432,42.31666564941406,28937.0,2613.0,0.8138571381568909,25.62845230102539,270.48571428571427,1630.1422119140625,1909.142822265625,-0.5434761643409729,1032.8,2,481,1,1,0,31,8,49
0,217.0,0.4469783306121826,3061.0,169.20408163265284,16127.1669921875,26.433332443237305,8.899999618530273,19233.232421875,23.933332443237305,5.300000190734863,4.983333110809326,42.0,26036.833984375,2618.942857142857,0.8314999938011169,25.80988121032715,265.51428571428573,1607.7242431640625,1914.05712890625,-0.5970237851142883,1030.9714285714285,0,481,1,1,0,41,4,103
0,94.0,0.0057012541219592094,2522.0,158.79591836734673,13352.3330078125,26.28333282470703,3.7333333492279053,16582.982421875,21.049999237060547,5.099999904632568,4.7833333015441895,45.08333206176758,20614.166015625,2611.4,0.8244524002075195,25.705951690673828,256.8857142857143,1565.85302734375,1935.6285400390625,-0.6755476593971252,1013.8,5,481,1,0,0,21,6,38
0,96.0,0.052451539784669876,6534.0,153.4897959183672,14371.1669921875,25.78333282470703,4.133333206176758,18194.283203125,21.950000762939453,4.099999904632568,5.0,41.16666793823242,26115.333984375,2579.2,0.819261908531189,25.600000381469727,255.11428571428573,1563.0296630859375,1938.199951171875,-0.6109523773193359,1011.7428571428571,3,481,1,0,0,41,12,38
0,87.0,0.18358038365840912,1537.0,145.91836734693868,11981.3330078125,23.483333587646484,4.449999809265137,16572.767578125,22.03333282470703,4.5,4.9666666984558105,42.53333282470703,24307.166015625,2553.885714285714,0.8231905102729797,25.67119026184082,259.9714285714286,1576.70263671875,1926.771484375,-0.6547619104385376,1016.4285714285714,3,481,1,0,0,11,11,32
0,98.0,0.05359179154038429,7517.0,139.97959183673456,11936.0556640625,29.05555534362793,4.205555438995361,18156.111328125,23.350000381469727,4.733333587646484,4.9388885498046875,38.338890075683594,20034.888671875,2529.8571428571427,0.8269047737121582,25.619285583496094,255.71428571428572,1555.710693359375,1941.3714599609375,-0.6227142810821533,1010.7428571428571,3,481,1,0,0,21,13,59
0,138.0,0.0,7001.0,140.2653061224489,12320.0,23.799999237060547,3.0333333015441895,16391.599609375,21.28333282470703,4.699999809265137,4.983333110809326,45.83333206176758,21340.0,2487.0285714285715,0.8641190528869629,25.967857360839844,266.2857142857143,1564.0062255859375,1924.2572021484375,-0.6688095331192017,1017.4857142857143,2,481,1,0,0,42,10,65
0,71.0,0.014823260717093945,3830.0,141.3061224489795,10969.5,26.21666717529297,5.166666507720947,15810.7001953125,20.516666412353516,4.300000190734863,4.900000095367432,43.79999923706055,21025.0,2349.6857142857143,0.8568094968795776,25.992023468017578,283.62857142857143,1603.085205078125,1887.085693359375,-0.645642876625061,1020.8857142857142,8,481,1,0,0,34,4,31
0,83.0,0.06955530494451523,2237.0,142.05442176865068,12022.9443359375,26.2277774810791,6.611111164093018,20717.072265625,22.288888931274414,4.733333110809326,4.944444179534912,43.71666717529297,24054.5,2348.885714285714,0.8517380952835083,25.94952392578125,280.14285714285717,1597.1485595703125,1889.771484375,-0.6474523544311523,1019.5428571428571,2,518,1,0,0,21,28,37
0,56.0,0.0,2473.0,143.1818181818181,12039.3330078125,25.69444465637207,5.438889026641846,16251.7998046875,20.938888549804688,4.366666793823242,4.983333110809326,44.116668701171875,18981.77734375,2240.4285714285716,0.8765000104904175,26.11404800415039,292.77142857142854,1597.6614990234375,1879.8857421875,-0.6571904420852661,1014.6285714285714,5,481,1,0,0,41,5,21
0,122.0,0.3568985164165497,18770.0,121.79069767441844,8919.5,28.399999618530273,4.300000190734863,15387.43359375,22.25,4.400000095367432,4.949999809265137,38.18333435058594,18265.833984375,2143.2,0.9644523859024048,26.48000144958496,319.34285714285716,1597.6566162109375,1840.5428466796875,-0.6018809676170349,1015.9428571428572,0,481,1,0,0,21,19,53
0,110.0,0.5929304361343384,29305.0,123.02083333333314,11366.1669921875,27.66666603088379,9.483333587646484,17983.56640625,22.766666412353516,4.300000190734863,5.050000190734863,38.95000076293945,21885.0,2281.1714285714284,0.9613809585571289,26.343929290771484,303.2857142857143,1586.424072265625,1854.6285400390625,-0.6648809909820557,1024.4857142857143,1,518,1,0,0,31,6,43
0,92.0,0.29304447770118713,30348.0,123.12244897959167,9750.3330078125,28.866666793823242,4.266666889190674,16298.1669921875,23.03333282470703,4.0,4.900000095367432,42.25,17493.5,2327.3714285714286,0.9903571605682373,26.547975540161133,298.65714285714284,1581.03759765625,1851.1142578125,-0.6666428446769714,1031.4285714285713,4,481,1,0,0,21,27,44
0,93.0,0.0045610032975673676,32767.0,122.32653061224474,10315.7783203125,27.35555648803711,7.933333396911621,16626.2109375,21.7277774810791,4.199999809265137,5.0,40.17222213745117,17751.77734375,2319.1714285714284,0.9717381000518799,26.49273681640625,314.1142857142857,1629.8128662109375,1804.800048828125,-0.6132857203483582,1036.0857142857142,2,518,1,0,0,31,16,42
1,106.0,0.0,32767.0,123.87755102040798,9613.0,25.100000381469727,5.916666507720947,17047.1328125,21.366666793823242,3.9000000953674316,4.983333110809326,41.43333435058594,17123.333984375,2381.8,0.9804523587226868,26.46071434020996,300.77142857142854,1588.5780029296875,1836.7142333984375,-0.6536190509796143,1028.8857142857144,2,481,1,0,0,41,15,39
1,113.0,0.0,32767.0,123.42857142857126,10533.0,25.66666603088379,7.0,15304.533203125,23.433332443237305,4.199999809265137,5.0,42.70000076293945,16928.0,2379.9714285714285,0.9848333597183228,26.48714256286621,302.0857142857143,1592.7060546875,1833.2572021484375,-0.6496190428733826,1029.9142857142858,0,518,1,0,0,34,18,46
1,105.0,0.0,32767.0,124.10204081632635,11915.3330078125,27.5,7.816666603088379,15080.4501953125,21.983333587646484,4.599999904632568,5.083333492279053,42.93333435058594,17569.166015625,2304.9714285714285,0.9898333549499512,26.513809204101562,313.51428571428573,1609.249755859375,1816.2572021484375,-0.6407142877578735,1028.2285714285715,4,518,1,0,0,41,1,40
1,115.0,0.0,32767.0,124.82978723404236,9490.8330078125,27.899999618530273,7.666666507720947,15347.7333984375,21.600000381469727,4.099999904632568,4.983333110809326,35.54999923706055,17140.5,2185.8,0.9943333268165588,26.41964340209961,313.74285714285713,1599.3134765625,1836.3143310546875,-0.6276428699493408,1022.4,5,518,1,0,0,31,18,48
0,101.0,0.12542758882045746,32767.0,126.40476190476173,10279.1669921875,26.766666412353516,4.883333206176758,15939.3837890625,23.433332443237305,4.800000190734863,5.050000190734863,38.79999923706055,19964.5,2175.8571428571427,0.9775476455688477,26.282499313354492,311.34285714285716,1597.9521484375,1826.05712890625,-0.6101190447807312,1018.2857142857143,1,518,1,0,0,21,16,43
0,306.0,0.30672746896743774,1885.0,280.1020408163263,16553.833984375,30.399999618530273,1.600000023841858,18942.982421875,23.133333206176758,4.599999904632568,4.483333110809326,29.66666603088379,21332.833984375,1644.5142857142857,0.6280714273452759,25.472143173217773,60.91428571428571,1369.2188720703125,2037.3428955078125,-0.8336666822433472,988.7714285714286,1,505,1,0,0,42,5,155
0,285.0,0.6396807432174683,1255.0,280.1020408163263,19583.72265625,28.683334350585938,1.9166666269302368,21563.533203125,24.688888549804688,4.900000095367432,4.633333206176758,29.938888549804688,26977.833984375,1644.5142857142857,0.6280714273452759,25.472143173217773,60.91428571428571,1369.2188720703125,2037.3428955078125,-0.8336666822433472,988.7714285714286,0,505,1,0,0,41,22,130
0,246.0,0.6134549379348755,1518.0,275.4285714285712,16085.0,28.66666603088379,0.9833333492279053,18685.166015625,23.316667556762695,4.400000095367432,4.483333110809326,37.54999923706055,21699.833984375,1598.857142857143,0.6110237836837769,25.39690399169922,64.02857142857142,1354.7581787109375,2039.0,-0.8236190676689148,973.9142857142857,1,505,1,0,0,31,8,123
0,299.0,0.36944127082824707,2035.0,275.5102040816325,17014.5,30.183332443237305,0.949999988079071,17267.150390625,22.233333587646484,4.5,4.383333206176758,34.03333282470703,34245.5,1576.8857142857144,0.6036190390586853,25.368810653686523,66.05714285714286,1351.7459716796875,2034.857177734375,-0.8233095407485962,968.6571428571428,1,505,1,0,0,21,19,150
0,157.0,0.1356898546218872,3161.0,272.71428571428555,18122.0,27.33333396911621,1.9833333492279053,19996.6328125,22.41666603088379,4.5,4.599999904632568,35.68333435058594,23840.333984375,1587.6,0.5964999794960022,25.383333206176758,69.11428571428571,1353.7083740234375,2023.5999755859375,-0.8421905040740967,966.1142857142858,5,505,1,0,0,21,3,79
1,213.0,0.1151653379201889,1949.0,270.551020408163,16968.443359375,27.74444580078125,0.6611111164093018,17300.611328125,23.16666603088379,4.566666603088379,4.650000095367432,29.13888931274414,24870.888671875,1612.4,0.5881428718566895,25.370832443237305,71.8,1359.7965087890625,2010.085693359375,-0.8791666626930237,966.1428571428571,0,469,1,0,0,21,32,80
0,271.0,0.36716076731681824,1722.0,271.65306122448953,17698.666015625,28.616666793823242,1.1666666269302368,18788.55078125,23.366666793823242,4.400000095367432,4.7833333015441895,29.366666793823242,29827.5,1616.9714285714285,0.5832619071006775,25.27726173400879,75.05714285714286,1362.67822265625,2008.2857666015625,-0.9009523987770081,962.9142857142857,0,469,1,0,0,34,34,126
0,245.37759067167798,0.9372861981391907,1120.0,272.6530612244896,19211.666015625,29.46666717529297,0.46666666865348816,19264.80078125,22.233333587646484,4.400000095367432,4.800000190734863,31.71666717529297,20876.0,1640.2571428571428,0.569857120513916,25.244285583496094,72.88571428571429,1366.4583740234375,1996.5714111328125,-0.9073809385299683,965.6571428571428,3,469,1,0,0,42,12,127
0,139.0,0.7411630749702454,1266.0,275.46938775510176,17021.666015625,30.183332443237305,0.8999999761581421,19573.833984375,23.316667556762695,3.9000000953674316,4.7833333015441895,29.28333282470703,24373.333984375,1669.9714285714285,0.569857120513916,25.176786422729492,76.48571428571428,1355.645751953125,1986.4000244140625,-0.956928551197052,954.3428571428572,2,505,1,0,0,31,4,62
0,353.0,0.16533637046813965,5221.0,278.87755102040785,14909.3330078125,28.488887786865234,0.75,18362.1953125,22.322221755981445,3.7666666507720947,4.616666793823242,27.850000381469727,20269.22265625,1670.8,0.5651904940605164,25.15785789489746,75.22857142857143,1343.3394775390625,1972.4285888671875,-0.9620476365089417,947.5714285714286,4,505,1,0,0,41,7,136
0,310.0,0.5678449273109436,1242.0,289.59183673469363,15037.5556640625,27.850000381469727,1.7388889789581299,18098.654296875,22.47222137451172,3.700000047683716,4.7833333015441895,28.794445037841797,21135.77734375,1667.2,0.5569047331809998,25.033214569091797,76.4,1353.8902587890625,1959.228515625,-0.9564523696899414,949.6,5,505,1,0,0,42,11,126
0,312.0,0.3454959988594055,1346.0,289.59183673469363,14449.6669921875,29.41666603088379,0.5833333134651184,18645.166015625,22.799999237060547,3.9000000953674316,4.800000190734863,32.41666793823242,18189.666015625,1667.2,0.5569047331809998,25.033214569091797,76.4,1353.8902587890625,1959.228515625,-0.9564523696899414,949.6,0,505,1,0,0,31,29,119
0,259.0,0.7844926118850708,1185.0,297.0612244897957,15205.3330078125,27.75,0.800000011920929,19083.69921875,22.899999618530273,3.700000047683716,5.0,34.29999923706055,25246.5,1673.5142857142857,0.56121426820755,25.048809051513672,77.65714285714286,1349.6705322265625,1940.7142333984375,-0.9486428499221802,946.4285714285714,2,505,1,0,1,42,10,120
0,331.0,0.571265697479248,1325.0,309.75510204081615,14024.1669921875,27.5,0.75,18254.283203125,22.41666603088379,3.700000047683716,4.650000095367432,31.33333396911621,20645.166015625,1653.7714285714285,0.5613571405410767,25.117977142333984,75.65714285714286,1351.7520751953125,1937.94287109375,-0.9088571667671204,950.7714285714286,4,505,1,0,0,42,10,124
0,409.0,0.946408212184906,1054.0,309.75510204081615,16327.3330078125,30.0,2.433333396911621,19691.333984375,22.46666717529297,3.5,4.900000095367432,33.483333587646484,22015.666015625,1654.942857142857,0.5604285597801208,25.08464241027832,75.51428571428572,1349.9842529296875,1933.1142578125,-0.904285728931427,949.1428571428571,0,505,1,0,0,42,26,208
0,374.0,0.8836944103240967,1075.0,323.20408163265273,15422.2783203125,29.905555725097656,1.649999976158142,20252.8671875,23.572221755981445,3.7666666507720947,5.099999904632568,26.461111068725586,22382.22265625,1678.6285714285714,0.5526190400123596,24.85249900817871,72.77142857142857,1346.28564453125,1916.7142333984375,-0.8331666588783264,945.2,1,505,1,0,0,42,12,189
0,398.0,0.8916761875152588,1220.0,335.3061224489793,15708.888671875,27.594444274902344,1.2222222089767456,18571.56640625,23.422222137451172,3.6666667461395264,4.900000095367432,27.933332443237305,20826.77734375,1700.3428571428572,0.5640714168548584,24.99571418762207,72.11428571428571,1339.6375732421875,1905.085693359375,-0.8031190633773804,945.5428571428571,0,505,1,0,0,42,11,189
0,162.0,0.6670467257499695,1330.0,335.3061224489793,16096.6669921875,27.461111068725586,2.4666666984558105,22756.455078125,24.116666793823242,3.5999999046325684,5.0,27.46666717529297,21345.888671875,1702.4285714285713,0.5654761791229248,25.04107093811035,72.2,1337.1256103515625,1904.0,-0.7729047536849976,944.5714285714286,0,505,1,0,0,21,9,59
0,389.0,0.019384264945983887,2113.0,338.3877551020405,14012.22265625,27.688888549804688,1.3777778148651123,18103.060546875,21.377777099609375,3.5,4.755555629730225,32.838890075683594,22250.77734375,1713.2857142857142,0.5668095350265503,25.014286041259766,71.88571428571429,1333.4697265625,1902.085693359375,-0.772095263004303,942.5714285714286,3,505,1,0,0,31,16,170
0,334.0,0.02964652143418789,2881.0,338.3877551020405,14925.3330078125,26.366666793823242,1.5833333730697632,19959.900390625,21.766666412353516,4.0,4.599999904632568,29.866666793823242,25280.333984375,1720.6,0.5719761848449707,25.081785202026367,71.65714285714286,1329.6978759765625,1908.800048828125,-0.7750476598739624,942.2857142857143,0,505,1,0,0,31,34,124
0,358.0,0.4515393376350403,1439.0,338.53061224489767,16159.3330078125,26.53333282470703,1.75,17598.849609375,22.883333206176758,3.4000000953674316,4.550000190734863,37.06666564941406,27957.166015625,1943.5714285714287,0.5660238265991211,24.953571319580078,52.4,1345.144287109375,2144.800048828125,-0.5309285521507263,967.9428571428572,2,505,1,0,0,42,12,146
0,331.0,0.4675028622150421,1376.0,338.53061224489767,14507.5,26.100000381469727,1.4833333492279053,18003.8671875,22.0,3.5,4.699999809265137,39.20000076293945,24919.5,1947.5714285714287,0.5686666369438171,25.00511932373047,50.371428571428574,1340.6568603515625,2167.628662109375,-0.5344762206077576,968.7428571428571,6,505,1,0,0,42,6,132
0,237.0,0.9007982015609741,1059.0,345.5918367346937,16460.0,25.299999237060547,1.5166666507720947,17938.416015625,22.600000381469727,3.700000047683716,4.599999904632568,37.96666717529297,17836.666015625,1957.4,0.567976176738739,24.98523712158203,50.885714285714286,1341.85498046875,2193.94287109375,-0.47026190161705017,969.2285714285714,0,505,1,0,0,41,4,109
0,287.0,0.009122006595134735,1842.0,343.1020408163263,16857.0,28.25,1.350000023841858,19049.466796875,22.116666793823242,3.9000000953674316,5.199999809265137,28.350000381469727,22709.333984375,2075.114285714286,0.581928551197052,25.116310119628906,47.857142857142854,1344.790771484375,2266.0,-0.24388094246387482,977.2571428571429,3,469,1,0,0,41,13,130
1,404.0,0.05929304286837578,1788.0,344.53061224489767,17600.166015625,27.149999618530273,0.3499999940395355,20998.8671875,21.799999237060547,3.9000000953674316,4.800000190734863,29.450000762939453,22843.166015625,2062.5142857142855,0.5843095183372498,25.13892936706543,49.94285714285714,1345.7801513671875,2253.71435546875,-0.15357142686843872,976.3714285714286,2,469,1,0,0,31,8,191
0,58.0,0.8266818523406982,1066.0,337.75510204081604,15008.5,34.21666717529297,0.3499999940395355,20916.05078125,20.483333587646484,3.5999999046325684,4.583333492279053,22.983333587646484,19191.5,2147.4,0.5826190710067749,24.94285774230957,66.28571428571429,1345.412109375,2252.6572265625,0.03849998489022255,957.8571428571429,3,505,1,0,0,42,8,29
1,85.0,0.9555302262306213,1065.0,336.65306122448953,18170.333984375,38.03333282470703,0.6499999761581421,21483.6328125,21.383333206176758,3.700000047683716,4.433333396911621,14.683333396911621,18565.0,2124.7428571428572,0.5881666541099548,25.037261962890625,64.31428571428572,1341.26953125,2277.514404296875,-0.01073810737580061,959.2857142857143,3,505,1,0,0,42,14,42
0,315.0,0.5347776412963867,2138.0,325.7142857142855,16833.0,40.04999923706055,0.4000000059604645,19247.849609375,22.21666717529297,3.799999952316284,4.5,19.983333587646484,49854.66796875,2168.6857142857143,0.5997142791748047,25.129047393798828,67.51428571428572,1340.4344482421875,2288.771484375,0.03761905059218407,958.6857142857143,3,469,1,0,0,31,8,116
0,179.0,0.3933865427970886,2919.0,323.2653061224487,16283.0,40.86666488647461,0.20000000298023224,19070.19921875,21.866666793823242,4.099999904632568,4.583333492279053,17.866666793823242,19692.666015625,2186.7714285714287,0.6068571209907532,25.20404815673828,66.6,1337.22998046875,2295.485595703125,0.020547593012452126,959.4571428571429,0,469,1,0,0,42,8,75
1,321.0,0.3192702531814575,2030.0,317.32653061224465,14899.8330078125,39.70000076293945,0.4166666567325592,28347.650390625,23.46666717529297,3.5,4.300000190734863,20.200000762939453,17780.5,2256.942857142857,0.6057618856430054,25.167619705200195,66.65714285714286,1337.6754150390625,2310.60009765625,0.09600000828504562,959.5428571428571,2,505,1,0,0,31,18,125
1,292.0,0.3797035217285156,2535.0,309.4285714285711,16809.666015625,41.349998474121094,0.20000000298023224,19430.1328125,20.766666412353516,3.9000000953674316,4.483333110809326,16.16666603088379,21868.166015625,2294.1714285714284,0.6042143106460571,25.136667251586914,67.0,1336.6639404296875,2310.257080078125,0.07309523224830627,958.0857142857143,0,505,1,0,0,31,18,110
0,285.0,0.7092360258102417,1064.0,320.95918367346917,16198.1669921875,27.483333587646484,1.1166666746139526,18335.6171875,21.149999618530273,3.700000047683716,4.050000190734863,28.350000381469727,17390.5,2667.5142857142855,0.6016190648078918,25.299524307250977,90.37142857142857,1342.5931396484375,2238.314208984375,0.3920952379703522,943.5714285714286,0,505,1,1,0,41,10,141
1,286.0,0.34777650237083435,1774.0,304.224489795918,14296.0,29.350000381469727,3.2166666984558105,17943.900390625,23.766666412353516,4.800000190734863,4.25,29.266666412353516,20690.0,2665.114285714286,0.6328333020210266,25.91083335876465,104.68571428571428,1349.665771484375,2192.371337890625,0.37950000166893005,950.9428571428572,0,474,1,0,0,21,24,107
1,135.0,0.17103762924671173,1730.0,298.53061224489767,15952.0,28.816667556762695,0.4833333194255829,20681.466796875,22.899999618530273,5.0,4.050000190734863,29.03333282470703,19870.0,2698.9714285714285,0.6357619166374207,25.934404373168945,104.57142857142857,1349.32763671875,2203.800048828125,0.4050000011920929,952.6571428571428,3,496,1,1,0,31,24,61
0,83.0,0.5781071782112122,2714.0,295.32653061224465,15646.0,27.25,0.6833333373069763,17601.732421875,22.566667556762695,5.0,4.150000095367432,30.58333396911621,20571.333984375,2701.0857142857144,0.6357380747795105,25.95452308654785,101.37142857142857,1347.9036865234375,2222.05712890625,0.3370000123977661,955.7142857142857,2,496,1,1,0,42,4,41
0,261.0,0.6738882660865784,1105.0,295.7142857142855,16575.9453125,30.71666717529297,1.4777777194976807,17072.005859375,21.77777862548828,4.766666889190674,4.0,27.594444274902344,18347.111328125,2761.3714285714286,0.6405714154243469,25.985713958740234,101.37142857142857,1352.0748291015625,2236.17138671875,0.34364286065101624,959.7428571428571,0,496,1,1,0,42,8,129
0,262.0,0.8483466506004333,1068.0,301.26530612244875,19779.0,30.450000762939453,5.616666793823242,18092.69921875,22.71666717529297,5.199999809265137,4.0,28.066667556762695,25175.333984375,2816.8285714285716,0.6459047794342041,26.04083251953125,99.34285714285714,1348.605712890625,2279.17138671875,0.22580954432487488,961.5142857142857,0,497,1,1,0,21,35,129
0,377.73714789352533,0.7514253258705139,1226.0,301.26530612244875,20718.166015625,30.683332443237305,5.666666507720947,16371.9169921875,22.58333396911621,5.900000095367432,3.9000000953674316,28.08333396911621,27518.0,2833.2285714285713,0.6466666460037231,26.02452278137207,100.77142857142857,1350.6861572265625,2264.94287109375,0.2436428815126419,961.2,0,497,1,1,0,21,35,187
0,68.0,0.43671607971191406,1157.0,303.5102040816324,16040.3330078125,27.75,1.2666666507720947,16868.833984375,22.133333206176758,5.199999809265137,4.0333333015441895,29.600000381469727,20494.333984375,2861.7428571428572,0.6487857103347778,26.071428298950195,98.45714285714286,1356.7684326171875,2302.94287109375,0.1868809163570404,968.3714285714286,0,497,1,1,0,42,3,34
0,334.0,0.8289623856544495,1101.0,301.16326530612224,16027.6669921875,26.149999618530273,1.9833333492279053,22715.416015625,24.41666603088379,4.699999809265137,3.9833333492279053,34.03333282470703,29499.833984375,2872.942857142857,0.6605476140975952,26.23345184326172,101.91428571428571,1358.7003173828125,2345.228515625,0.05026191473007202,970.7142857142857,0,497,1,0,1,31,26,162
1,206.0,0.47662484645843506,1281.0,291.24489795918345,18302.0,28.200000762939453,0.9833333492279053,30668.80078125,25.149999618530273,4.800000190734863,4.099999904632568,31.71666717529297,29207.0,2910.942857142857,0.6819285750389099,26.44797706604004,110.57142857142857,1373.3428955078125,2349.914306640625,-0.10773809254169464,977.6285714285714,0,497,1,1,1,31,18,98
1,163.0,0.6100342273712158,1332.0,286.408163265306,16413.333984375,29.072223663330078,1.2055555582046509,17662.876953125,23.644445419311523,4.566666603088379,4.183333396911621,32.78889083862305,20296.5546875,2906.5142857142855,0.680142879486084,26.43940544128418,109.17142857142858,1371.9420166015625,2371.8857421875,-0.15447616577148438,977.7714285714286,1,496,1,1,0,41,3,77
1,198.0,0.6453819870948792,1336.0,258.32653061224465,17229.833984375,28.75,3.549999952316284,17653.650390625,23.450000762939453,5.699999809265137,4.25,33.93333435058594,23044.666015625,2975.5714285714284,0.6912142634391785,26.555715560913086,106.91428571428571,1373.52099609375,2385.28564453125,-0.37590473890304565,984.4,0,497,1,0,1,42,8,74
0,124.0,0.48346635699272156,1755.0,252.97959183673447,18381.333984375,27.16666603088379,0.3333333432674408,17761.666015625,23.816667556762695,5.099999904632568,4.183333396911621,32.70000076293945,23243.333984375,3005.657142857143,0.6865237951278687,26.51119041442871,105.77142857142857,1373.720947265625,2377.05712890625,-0.42359524965286255,984.2,0,497,1,0,1,42,12,57
0,170.0,0.6978335380554199,1376.0,237.6938775510202,18552.5,25.08333396911621,0.8500000238418579,16733.349609375,23.53333282470703,4.800000190734863,4.099999904632568,27.766666412353516,19719.5,3028.8,0.68064284324646,26.489404678344727,101.11428571428571,1374.5693359375,2392.3427734375,-0.5158809423446655,987.9428571428572,0,497,1,1,0,41,33,72
0,146.0,0.5769669413566589,1937.0,239.20408163265284,18657.0,25.41666603088379,0.3499999940395355,18691.900390625,23.66666603088379,5.400000095367432,4.183333396911621,30.21666717529297,21403.0,3051.4857142857145,0.6824047565460205,26.47488021850586,105.45714285714286,1376.458740234375,2360.371337890625,-0.5157380700111389,984.8857142857142,0,497,1,1,0,34,34,49
0,169.0,0.7480045557022095,1148.0,241.3673469387753,14554.6669921875,23.33333396911621,0.4000000059604645,17392.333984375,22.5,5.099999904632568,4.083333492279053,31.233333587646484,18410.666015625,3070.6857142857143,0.6896904706954956,26.523096084594727,103.85714285714286,1382.543212890625,2363.800048828125,-0.535880982875824,992.2571428571429,0,497,1,1,1,34,34,74
0,212.0,0.623717188835144,1171.0,244.20408163265284,15477.3330078125,24.899999618530273,0.30000001192092896,17461.900390625,22.883333206176758,4.800000190734863,4.133333206176758,30.133333206176758,20412.333984375,3038.714285714286,0.6775476336479187,26.452499389648438,105.65714285714286,1380.197998046875,2351.3427734375,-0.5727381110191345,984.8571428571429,0,497,1,1,1,34,31,95
1,76.0,0.18129988014698029,1571.0,247.61224489795902,20824.666015625,25.91666603088379,1.0166666507720947,15744.2666015625,22.899999618530273,4.199999809265137,4.233333110809326,31.91666603088379,18742.666015625,2946.6857142857143,0.6686428785324097,26.37654685974121,114.02857142857142,1391.6500244140625,2296.142822265625,-0.6337857246398926,980.0285714285715,0,497,1,0,1,41,5,32
0,131.0,0.7297605276107788,1130.0,244.46938775510185,16192.8330078125,26.83333396911621,1.2666666507720947,17269.31640625,22.91666603088379,4.400000095367432,4.25,35.75,19636.5,2864.8571428571427,0.665404736995697,26.332618713378906,118.0,1394.97998046875,2290.05712890625,-0.635523796081543,976.8,1,497,1,0,1,41,6,60
0,70.0,0.36145952343940735,2735.0,239.53061224489772,17272.833984375,29.200000762939453,0.4833333194255829,19459.06640625,23.950000762939453,4.699999809265137,4.349999904632568,26.78333282470703,19631.0,2839.885714285714,0.6714761853218079,26.347261428833008,115.08571428571429,1390.9290771484375,2289.257080078125,-0.6465237736701965,978.6857142857143,1,497,1,0,1,21,11,25
0,163.0,0.7742303013801575,2290.0,236.2857142857141,16400.833984375,27.366666793823242,1.4666666984558105,15556.3330078125,23.5,4.400000095367432,4.183333396911621,31.116666793823242,17471.666015625,2780.942857142857,0.6837618947029114,26.364166259765625,123.22857142857143,1398.977294921875,2262.199951171875,-0.6567857265472412,976.7428571428571,0,497,1,0,0,41,14,58
0,131.0,0.01824401319026947,1449.0,235.0408163265305,16185.6669921875,31.66666603088379,0.5333333611488342,15153.6337890625,22.41666603088379,5.0,4.183333396911621,32.71666717529297,18836.166015625,2780.9714285714285,0.6651904582977295,26.269405364990234,122.14285714285714,1400.8668212890625,2255.45703125,-0.6485000252723694,974.8857142857142,0,497,1,0,0,42,11,60
0,168.0,0.5233751535415649,1380.0,234.42857142857133,15144.8330078125,27.383333206176758,1.0333333015441895,14819.75,21.816667556762695,4.300000190734863,4.083333492279053,34.04999923706055,16186.5,2738.8571428571427,0.6603333353996277,26.214523315429688,126.57142857142857,1408.1439208984375,2245.628662109375,-0.6424047350883484,972.7714285714286,0,497,1,0,0,34,5,77
0,126.0,0.6522234678268433,2436.0,234.95918367346925,19975.0,24.100000381469727,1.0,16410.900390625,24.049999237060547,4.5,4.099999904632568,33.06666564941406,20258.0,2714.8571428571427,0.6586190462112427,26.184762954711914,126.28571428571429,1405.1734619140625,2239.857177734375,-0.6467381119728088,969.9428571428572,0,497,1,0,0,41,10,44
0,123.0,0.6864309906959534,1850.0,235.44897959183655,14794.8330078125,26.566667556762695,1.7833333015441895,14550.75,21.566667556762695,4.5,3.9833333492279053,35.95000076293945,18086.0,2750.5142857142855,0.6607618927955627,26.183452606201172,125.88571428571429,1406.7396240234375,2241.514404296875,-0.6097618937492371,971.0,0,497,1,0,0,42,12,56
1,98.0,0.34207525849342346,2344.0,235.77551020408143,15614.8330078125,22.350000381469727,2.3499999046325684,15922.0830078125,21.08333396911621,4.5,4.150000095367432,34.46666717529297,17630.833984375,2770.714285714286,0.6634286046028137,26.19607162475586,123.65714285714286,1402.993896484375,2250.3427734375,-0.6384047865867615,971.6285714285714,0,497,1,0,0,41,19,41
1,117.0,0.0672748014330864,4567.0,232.408163265306,17228.0,26.5,2.2833333015441895,26765.93359375,23.100000381469727,4.599999904632568,4.2833333015441895,34.03333282470703,21675.666015625,2824.885714285714,0.671833336353302,26.224523544311523,121.02857142857142,1399.0384521484375,2245.28564453125,-0.590666651725769,973.1142857142858,1,497,1,0,0,41,29,53
0,103.0,0.2303306758403778,1967.0,238.08163265306106,15209.0,28.66666603088379,1.1833332777023315,18226.416015625,24.683332443237305,4.5,4.300000190734863,33.650001525878906,19577.833984375,2899.457142857143,0.6839761734008789,26.259166717529297,119.17142857142858,1404.759765625,2239.17138671875,-0.6175000071525574,980.0571428571428,3,497,1,0,0,31,7,35
1,68.0,0.08323831111192703,3987.0,238.08163265306106,14552.5,29.766666412353516,1.2166666984558105,18427.69921875,24.100000381469727,4.199999809265137,4.2833333015441895,33.900001525878906,18431.5,2899.457142857143,0.6839761734008789,26.259166717529297,119.17142857142858,1404.759765625,2239.17138671875,-0.6175000071525574,980.0571428571428,1,497,1,0,0,42,7,23
1,344.0,0.0,4344.0,238.85714285714263,17155.0,24.866666793823242,2.6666667461395264,17794.19921875,20.850000381469727,4.300000190734863,4.099999904632568,34.88333511352539,19052.0,2945.1428571428573,0.6818333268165588,26.28738021850586,124.57142857142857,1413.45263671875,2197.94287109375,-0.6066666841506958,979.0571428571428,0,482,1,0,0,34,16,133
0,319.0,0.6088939309120178,4643.0,232.53061224489778,15462.8330078125,31.383333206176758,5.9666666984558105,16144.2001953125,21.08333396911621,4.400000095367432,4.050000190734863,33.36666488647461,18966.666015625,2948.8571428571427,0.6695476174354553,26.224641799926758,125.68571428571428,1415.4056396484375,2175.628662109375,-0.5946190357208252,976.1714285714286,0,497,1,0,0,21,35,123
1,148.0,0.12314709275960922,1759.0,233.10204081632634,18988.5,28.516666412353516,1.0166666507720947,18595.283203125,21.266666412353516,4.400000095367432,4.050000190734863,37.650001525878906,17967.166015625,2977.8,0.6727856993675232,26.15523910522461,123.71428571428571,1408.7119140625,2186.742919921875,-0.5965952277183533,974.0857142857143,0,476,1,0,0,34,35,67
1,121.0,0.44355759024620056,1178.0,245.67346938775492,15384.5,31.016666412353516,1.649999976158142,18972.099609375,21.46666717529297,4.5,4.183333396911621,37.58333206176758,21008.0,3012.9142857142856,0.6735714077949524,26.109642028808594,127.11428571428571,1415.914794921875,2174.45703125,-0.5761428475379944,974.2285714285714,0,476,1,0,1,42,17,47
0,118.0,0.2303306758403778,2223.0,245.02040816326507,14590.3330078125,28.816667556762695,1.9333332777023315,19133.232421875,24.21666717529297,5.800000190734863,4.183333396911621,37.31666564941406,19680.666015625,3023.657142857143,0.6892856955528259,26.239166259765625,128.57142857142858,1409.5120849609375,2175.54296875,-0.46909523010253906,973.9428571428572,1,476,1,0,1,41,17,49
0,257.0,0.6339794993400574,1123.0,249.02040816326507,16047.0,31.03333282470703,1.5166666507720947,24738.083984375,24.46666717529297,4.699999809265137,4.083333492279053,41.16666793823242,25338.333984375,3005.285714285714,0.6907857060432434,26.205238342285156,136.88571428571427,1416.1881103515625,2150.54296875,-0.41773808002471924,968.9428571428572,0,476,1,0,1,42,15,108
0,136.0,0.7035347819328308,1111.0,254.34693877551,15132.0,28.016666412353516,3.549999952316284,15992.9501953125,20.71666717529297,4.699999809265137,4.133333206176758,47.0,27358.0,3003.9142857142856,0.6952142715454102,26.213571548461914,140.6,1417.41943359375,2157.0,-0.37190479040145874,966.6,5,476,1,1,0,42,19,62
1,226.21645761183163,0.1425313502550125,1766.0,261.34693877551,16236.5,27.28333282470703,1.9166666269302368,17269.3671875,20.78333282470703,4.699999809265137,4.050000190734863,44.18333435058594,18816.333984375,3013.7714285714287,0.6981428861618042,26.228809356689453,139.17142857142858,1414.4847412109375,2170.085693359375,-0.35771429538726807,967.1714285714286,4,476,1,1,0,41,4,79
0,166.0,0.7080957889556885,1700.0,265.93877551020387,15342.3330078125,29.116666793823242,0.9166666865348816,15098.1162109375,21.0,5.199999809265137,4.083333492279053,47.96666717529297,19237.5,3056.542857142857,0.7044285535812378,26.24761962890625,133.2,1414.7066650390625,2223.05712890625,-0.3330238163471222,974.2857142857143,0,476,1,1,0,24,5,76
0,105.0,0.6932725310325623,1149.0,271.10204081632634,16414.666015625,27.149999618530273,1.9333332777023315,15677.1669921875,20.450000762939453,5.099999904632568,3.950000047683716,48.88333511352539,16437.166015625,3073.3142857142857,0.7081905007362366,26.27964210510254,131.5142857142857,1415.5797119140625,2239.05712890625,-0.3719523847103119,977.5428571428571,3,476,1,1,0,42,15,41
0,144.0,0.5507411360740662,1101.0,282.5510204081631,16646.833984375,33.08333206176758,1.4833333492279053,17159.017578125,20.91666603088379,4.300000190734863,3.8499999046325684,41.81666564941406,18183.166015625,3121.0857142857144,0.7163333296775818,26.195476531982422,127.05714285714286,1415.6597900390625,2365.028564453125,-0.32702383399009705,981.8571428571429,1,476,1,1,0,31,26,52
0,165.0,0.3865450322628021,1249.0,292.2244897959182,17461.5,33.46666717529297,0.8500000238418579,15275.2001953125,21.149999618530273,4.900000095367432,4.0333333015441895,41.18333435058594,19997.666015625,3108.6857142857143,0.7204523682594299,26.25857162475586,129.17142857142858,1419.2545166015625,2406.742919921875,-0.29123809933662415,983.6857142857143,1,476,1,0,0,41,2,75
0,261.0,0.12542758882045746,3138.0,287.16326530612224,16753.5,33.54999923706055,3.9833333492279053,16871.1328125,23.41666603088379,5.400000095367432,4.050000190734863,38.96666717529297,20026.333984375,3135.1714285714284,0.7321904897689819,26.358213424682617,126.25714285714285,1415.0029296875,2432.857177734375,-0.4090476334095001,987.1428571428571,3,476,1,0,0,31,9,117
0,153.0,0.37514254450798035,11742.0,289.8571428571426,16889.388671875,28.516666412353516,2.2666666507720947,17309.693359375,21.733333587646484,4.599999904632568,4.25,40.016666412353516,19871.9453125,3176.2,0.743571400642395,26.301666259765625,117.4,1410.996826171875,2499.17138671875,-0.498119056224823,994.6857142857143,1,476,1,0,0,21,22,57
0,225.0,0.7309008240699768,12441.0,289.8571428571426,20044.703125,33.155555725097656,5.02222204208374,19468.515625,23.061111450195312,4.733333587646484,4.105555534362793,38.25,24190.888671875,3167.0,0.739976167678833,26.27916717529297,119.71428571428571,1411.677978515625,2498.800048828125,-0.4757142961025238,991.8,2,476,1,0,0,21,8,92
0,274.0,0.57012540102005,2475.0,291.6530612244896,19243.5,33.71666717529297,3.6666667461395264,18151.55078125,25.850000381469727,5.400000095367432,4.083333492279053,37.599998474121094,24905.666015625,3224.3714285714286,0.7521666884422302,26.428213119506836,120.48571428571428,1412.4886474609375,2551.485595703125,-0.5472381114959717,995.6,5,476,1,0,0,21,6,116
0,255.0,0.8038768768310547,1687.0,291.34693877550995,16446.0,31.549999237060547,2.049999952316284,18166.833984375,22.450000762939453,5.099999904632568,4.050000190734863,39.28333282470703,19115.333984375,3252.8571428571427,0.751119077205658,26.407976150512695,117.62857142857143,1414.1075439453125,2576.228515625,-0.583214282989502,999.1428571428571,2,476,1,0,0,34,12,104
0,279.0,0.8757126331329346,1065.0,292.3673469387754,18994.333984375,30.46666717529297,2.950000047683716,17506.06640625,23.616666793823242,5.5,3.9833333492279053,42.78333282470703,24660.333984375,3278.8571428571427,0.7516904473304749,26.38702392578125,119.22857142857143,1412.891845703125,2589.914306640625,-0.621666669845581,997.2285714285714,1,476,1,0,0,42,14,128
0,399.0,0.9133409261703491,1094.0,302.4693877551018,18230.5,32.849998474121094,1.600000023841858,16750.1328125,22.483333587646484,5.0,3.950000047683716,36.78333282470703,20912.166015625,3330.657142857143,0.7629047632217407,26.454761505126953,121.2,1415.2689208984375,2585.6572265625,-0.5716428756713867,1000.0857142857143,0,476,1,0,0,42,14,183
0,353.0,0.7480045557022095,1137.0,322.1224489795916,19419.333984375,31.450000762939453,2.549999952316284,16013.6669921875,21.766666412353516,4.900000095367432,4.0,38.099998474121094,19286.666015625,3393.9142857142856,0.7993571162223816,26.622024536132812,130.71428571428572,1426.0118408203125,2391.39990234375,-0.4758809804916382,1003.9428571428572,0,476,1,0,0,31,5,179
0,179.0,0.7366020679473877,1199.0,317.877551020408,17688.166015625,36.13333511352539,2.4166667461395264,16245.1669921875,22.75,4.0,4.083333492279053,37.349998474121094,18121.5,3379.4285714285716,0.8112857341766357,26.643095016479492,135.17142857142858,1423.8848876953125,2290.800048828125,-0.5179762244224548,1000.2285714285714,0,476,1,0,0,41,26,91
0,294.0,0.5518814325332642,1118.0,321.61224489795893,,,,,,,,,18673.0,3415.4857142857145,0.8156904578208923,26.642261505126953,134.02857142857144,1421.6695556640625,2246.800048828125,-0.3309285640716553,1000.7142857142857,0,476,1,0,0,41,35,122
0,186.0,0.7274800539016724,1214.0,312.7551020408161,12461.6669921875,30.21666717529297,2.0166666507720947,16792.916015625,23.08333396911621,4.400000095367432,4.083333492279053,42.54999923706055,21076.333984375,3346.6,0.829285740852356,26.29035758972168,141.0,1419.26953125,2149.28564453125,3.200000047683716,994.0571428571428,0,476,1,0,1,21,4,74
0,342.0,0.6944127678871155,1362.0,305.99999999999966,12166.0,31.266666412353516,2.066666603088379,17625.966796875,23.233333587646484,5.0,4.183333396911621,42.88333511352539,20726.166015625,3270.542857142857,0.8498571515083313,26.378690719604492,144.9142857142857,1421.0595703125,2164.228515625,3.073714256286621,995.2571428571429,0,476,1,0,1,21,8,157
0,362.0,0.9566704630851746,1052.0,301.28571428571405,12475.0,31.200000762939453,1.1833332777023315,16410.56640625,23.049999237060547,5.199999809265137,4.150000095367432,42.91666793823242,22369.666015625,3262.0,0.862333357334137,26.503570556640625,149.11428571428573,1423.1005859375,2167.971435546875,3.020880937576294,997.4571428571429,0,476,1,0,1,21,35,178
0,279.0,0.42759406566619873,1433.0,297.38775510204056,13032.6669921875,33.38333511352539,3.7166666984558105,30057.06640625,28.25,6.400000095367432,4.349999904632568,43.56666564941406,29926.0,3260.8,0.866261899471283,26.45535659790039,146.9142857142857,1418.8455810546875,2195.3427734375,2.926309585571289,994.6571428571428,0,481,1,0,1,21,9,112
0,265.0,0.1151653379201889,1852.0,256.18367346938754,,29.71666717529297,1.4500000476837158,,20.983333587646484,4.0,4.233333110809326,44.81666564941406,,3133.114285714286,0.9383809566497803,26.84190559387207,160.45714285714286,1434.9542236328125,2249.971435546875,2.1551191806793213,1013.1714285714286,0,476,1,1,0,21,3,131
0,179.0,0.1892816424369812,3654.0,278.38775510204067,12375.5,34.45000076293945,7.650000095367432,18912.94921875,24.733333587646484,5.0,4.383333206176758,44.68333435058594,26986.5,3089.7714285714287,0.9607380628585815,26.326904296875,163.45714285714286,1436.444091796875,2263.971435546875,1.4632618427276611,1019.6,0,481,1,1,0,21,13,80
0,324.0,0.7343215346336365,1101.0,289.2244897958691,14882.7783203125,31.487037658691406,4.877777576446533,18239.51171875,22.094444274902344,4.222222328186035,4.296296119689941,46.33518600463867,20402.0,2994.7714285714287,0.9957380890846252,26.548809051513672,178.9142857142857,1445.0965576171875,2178.085693359375,1.2249523401260376,1023.7142857142857,2,481,1,0,1,31,13,140
1,445.0,0.5644241571426392,2641.0,295.30612244897947,13835.8330078125,32.41666793823242,3.7833333015441895,18886.333984375,21.33333396911621,4.099999904632568,4.349999904632568,47.66666793823242,19606.5,2980.8285714285716,1.0013809204101562,26.583572387695312,180.88571428571427,1446.647216796875,2173.6572265625,1.1434999704360962,1024.2,0,507,1,0,1,42,4,221
0,251.0,0.4469783306121826,1220.0,287.7755102040814,13062.8330078125,32.483333587646484,2.616666555404663,16744.033203125,21.933332443237305,4.099999904632568,4.25,49.75,19676.666015625,2971.0285714285715,1.016357183456421,26.557737350463867,184.0,1449.1341552734375,2163.1142578125,1.0334762334823608,1027.0,3,507,1,0,1,21,6,132
0,279.0,0.799315869808197,1155.0,294.59183673469374,15852.6669921875,30.383333206176758,1.5666667222976685,16638.8671875,22.049999237060547,4.300000190734863,4.333333492279053,49.61666488647461,21194.333984375,2931.714285714286,1.0164999961853027,26.51309585571289,185.11428571428573,1447.73193359375,2161.485595703125,1.0019761323928833,1026.1142857142856,0,507,1,0,1,31,14,143
0,57.083784931859086,0.758266806602478,1102.0,292.8775510204081,14228.888671875,29.4777774810791,3.0611112117767334,16835.599609375,22.133333206176758,4.300000190734863,4.338889122009277,51.85000228881836,20995.888671875,2916.6857142857143,1.0191667079925537,26.47785758972168,185.85714285714286,1447.1541748046875,2160.771484375,0.9709523916244507,1026.4,2,507,1,0,1,41,3,22
0,220.0,0.611174464225769,1130.0,290.83673469387736,15205.6669921875,29.96666717529297,2.433333396911621,16782.416015625,22.616666793823242,4.400000095367432,4.233333110809326,48.46666717529297,21473.833984375,2883.057142857143,1.0326428413391113,26.548452377319336,188.4857142857143,1446.283935546875,2156.857177734375,0.9045952558517456,1026.8,2,507,1,0,1,31,12,115
0,268.0,0.433295339345932,1199.0,280.5714285714284,15477.0,29.399999618530273,2.2833333015441895,18730.083984375,22.733333587646484,4.300000190734863,4.300000190734863,46.233333587646484,20458.333984375,2814.114285714286,1.0603809356689453,26.731548309326172,196.68571428571428,1447.0208740234375,2160.1142578125,0.8557143211364746,1031.1714285714286,1,507,1,0,1,21,29,123
0,92.0,0.91904217004776,1075.0,279.4285714285712,14893.5,27.983333587646484,1.9666666984558105,17314.349609375,22.683332443237305,4.400000095367432,4.366666793823242,46.29999923706055,20992.0,2798.0,1.0564762353897095,26.689762115478516,198.57142857142858,1450.3983154296875,2161.54296875,0.8535000085830688,1031.1142857142856,2,507,1,0,1,42,10,44
0,235.0,0.7525655627250671,1107.0,275.24489795918345,14359.8330078125,30.71666717529297,7.116666793823242,24249.466796875,24.633333206176758,4.5,4.333333492279053,44.400001525878906,24512.166015625,2670.5142857142855,1.0508571863174438,26.625713348388672,202.14285714285714,1449.5040283203125,2164.685791015625,0.8465952277183533,1027.4,1,507,1,0,1,31,14,122
0,78.0,0.8266818523406982,1120.0,271.93877551020387,13233.0,26.016666412353516,3.299999952316284,18012.533203125,21.883333206176758,4.5,4.4666666984558105,48.5,25316.666015625,2551.8285714285716,1.0411428213119507,26.42523765563965,208.2,1453.260498046875,2175.54296875,0.852142870426178,1024.6285714285714,1,507,1,0,1,31,2,31
0,309.0,0.9087799191474915,1104.0,271.020408163265,13309.8330078125,29.21666717529297,1.2333333492279053,15227.3837890625,21.616666793823242,4.099999904632568,4.383333206176758,46.79999923706055,19529.666015625,2479.2571428571428,1.0501904487609863,26.587976455688477,211.68571428571428,1453.7088623046875,2169.685791015625,0.8775238394737244,1023.8285714285714,0,507,1,0,1,31,1,160
0,153.0,0.49030786752700806,4226.0,266.75510204081615,12431.5,33.29999923706055,1.850000023841858,16227.8837890625,21.600000381469727,4.0,4.333333492279053,51.16666793823242,18842.0,2474.057142857143,1.0883570909500122,26.808691024780273,213.45714285714286,1449.7518310546875,2204.17138671875,0.7598095536231995,1033.6857142857143,0,507,1,0,0,21,10,58
0,215.0,0.30786773562431335,3313.0,263.612244897959,12751.6669921875,29.850000381469727,3.5,16225.6669921875,24.633333206176758,5.099999904632568,4.449999809265137,44.900001525878906,23440.166015625,2526.7714285714287,1.0928095579147339,26.855714797973633,211.0,1451.2022705078125,2204.6572265625,0.7790952324867249,1038.3142857142857,0,507,1,0,0,21,6,84
0,192.0,0.06385404616594315,6220.0,261.3265306122447,13244.0,31.71666717529297,5.75,17783.1171875,22.066667556762695,4.099999904632568,4.400000095367432,46.266666412353516,20023.333984375,2555.2285714285713,1.0961428880691528,26.872142791748047,217.05714285714285,1455.3472900390625,2204.628662109375,0.7318094968795776,1035.9142857142858,1,507,1,0,0,21,23,72
0,197.0,0.009122006595134735,2679.0,257.5306122448978,28522.333984375,29.21666717529297,1.9333332777023315,18555.8671875,23.08333396911621,4.5,4.349999904632568,49.983333587646484,24146.0,2674.2,1.1024999618530273,26.833690643310547,211.94285714285715,1460.7701416015625,2219.028564453125,0.7247619032859802,1046.6571428571428,0,507,1,0,0,21,10,81
0,261.0,0.11402508616447449,1516.0,257.5306122448978,13277.6669921875,30.266666412353516,1.5666667222976685,17739.216796875,21.266666412353516,4.300000190734863,4.449999809265137,47.483333587646484,20781.0,2674.2,1.1024999618530273,26.833690643310547,211.94285714285715,1460.7701416015625,2219.028564453125,0.7247619032859802,1046.6571428571428,1,507,1,0,0,21,7,101
0,141.0,0.0,3625.0,255.91836734693857,12879.6669921875,26.399999618530273,2.183333396911621,16642.44921875,21.600000381469727,3.799999952316284,4.5333333015441895,48.96666717529297,20210.333984375,2789.5142857142855,1.087238073348999,26.726665496826172,213.85714285714286,1466.959716796875,2208.257080078125,0.6125238537788391,1045.0,2,507,1,0,0,42,6,50
0,111.0,0.3979475498199463,1160.0,258.26530612244875,12464.6669921875,28.183332443237305,2.450000047683716,17254.333984375,21.049999237060547,4.199999809265137,4.550000190734863,46.516666412353516,20873.333984375,2812.4857142857145,1.1030476093292236,26.834285736083984,213.14285714285714,1464.862060546875,2210.800048828125,0.5353095531463623,1050.1142857142856,2,507,1,0,0,21,2,42
0,323.0,0.9714937210083008,1111.0,272.7755102040814,13670.5,30.83333396911621,2.5,15496.4833984375,22.316667556762695,4.400000095367432,4.650000095367432,46.63333511352539,19467.666015625,2808.2285714285713,1.0705714225769043,26.621665954589844,210.45714285714286,1467.4150390625,2198.6572265625,0.5445238351821899,1046.0285714285715,0,507,1,0,0,31,11,128
0,248.0,0.7685290575027466,1091.0,224.2857142857141,14175.3330078125,24.799999237060547,2.9666666984558105,17557.767578125,21.450000762939453,4.699999809265137,4.733333110809326,49.41666793823242,22053.5,3038.6,0.9075000286102295,26.14130973815918,223.62857142857143,1515.697265625,2058.1142578125,0.09211903810501099,1024.7142857142858,3,507,1,1,0,31,11,90
0,141.0,0.4401368200778961,2159.0,222.02040816326513,15035.0,24.75,2.633333444595337,16490.93359375,22.433332443237305,4.5,4.683333396911621,51.29999923706055,20874.333984375,3055.942857142857,0.9121666550636292,26.142738342285156,223.74285714285713,1513.4757080078125,2056.17138671875,0.09197621047496796,1024.7142857142858,1,507,1,1,0,31,13,51
0,184.0,0.7879133224487305,1137.0,242.48979591836715,18305.833984375,27.133333206176758,5.4666666984558105,21776.349609375,27.983333587646484,5.599999904632568,4.933333396911621,35.31666564941406,29248.333984375,3128.057142857143,0.8265714049339294,25.606904983520508,224.31428571428572,1573.475341796875,2011.5999755859375,-0.05828571319580078,1039.7428571428572,0,518,1,1,0,21,26,90
0,188.0,0.9087799191474915,1046.0,243.81632653061206,14730.6669921875,24.5,4.883333206176758,15812.7333984375,23.28333282470703,4.800000190734863,4.883333206176758,45.20000076293945,24198.666015625,3092.1714285714284,0.8317381143569946,25.73988151550293,225.05714285714285,1568.737060546875,2004.5428466796875,-0.10564284026622772,1039.2571428571428,0,518,1,1,0,42,7,91
1,319.0,0.5051311254501343,1083.0,240.87755102040796,15137.3330078125,24.950000762939453,6.2166666984558105,16302.5498046875,23.116666793823242,5.0,4.983333110809326,43.81666564941406,23828.5,2986.342857142857,0.8242619037628174,25.766071319580078,230.62857142857143,1621.45849609375,1969.5428466796875,-0.21766667068004608,1064.5714285714287,0,518,1,1,0,42,28,154
0,131.0,0.3090079724788666,4423.0,207.2244897959182,15572.5,29.28333282470703,7.5,20443.68359375,26.41666603088379,6.900000095367432,4.7833333015441895,36.16666793823242,31800.5,3264.342857142857,0.788023829460144,25.19023895263672,219.11428571428573,1531.1085205078125,1992.2572021484375,-0.5656904578208923,1013.7142857142857,1,518,1,1,0,31,35,47
0,249.0,0.718358039855957,2107.0,201.4897959183672,15844.6669921875,24.5,8.283333778381348,19274.19921875,23.66666603088379,5.300000190734863,4.983333110809326,42.91666793823242,24056.0,3305.457142857143,0.7883809804916382,25.207738876342773,226.37142857142857,1567.5313720703125,1963.4857177734375,-0.5560238361358643,1025.5428571428572,0,481,1,1,0,41,17,94
0,63.0,0.27251994609832764,1931.0,200.408163265306,12757.0,32.04999923706055,5.666666507720947,21689.900390625,25.983333587646484,6.099999904632568,4.949999809265137,35.400001525878906,26948.0,3221.5714285714284,0.7800952196121216,25.20642852783203,233.5142857142857,1596.43994140625,1949.5714111328125,-0.5747619271278381,1035.2571428571428,1,481,1,1,0,21,13,23
0,138.0,0.6031926870346069,1191.0,199.3469387755101,12777.3330078125,31.25,8.466666221618652,25272.3671875,29.049999237060547,6.099999904632568,4.883333206176758,29.483333587646484,31272.666015625,3104.114285714286,0.7854523658752441,25.286190032958984,240.14285714285714,1586.01416015625,1949.0,-0.591452419757843,1025.9714285714285,0,481,1,1,0,21,6,56
1,200.0,0.22006841003894806,4002.0,178.95918367346925,13686.6669921875,26.633333206176758,7.599999904632568,20706.81640625,24.28333282470703,5.300000190734863,4.933333396911621,38.21666717529297,26263.166015625,2613.0,0.8138571381568909,25.62845230102539,270.48571428571427,1630.1422119140625,1909.142822265625,-0.5434761643409729,1032.8,2,481,1,1,0,41,5,74
1,179.0,0.13226909935474396,4180.0,169.20408163265284,12004.0,25.0,5.983333110809326,16778.232421875,23.71666717529297,5.0,4.900000095367432,42.150001525878906,23982.0,2618.942857142857,0.8314999938011169,25.80988121032715,265.51428571428573,1607.7242431640625,1914.05712890625,-0.5970237851142883,1030.9714285714285,2,481,1,1,0,41,5,73
0,68.0,0.0,5883.0,153.9591836734692,12677.1669921875,24.816667556762695,3.549999952316284,14399.7001953125,21.28333282470703,4.099999904632568,4.900000095367432,45.56666564941406,18515.833984375,2648.542857142857,0.8448571562767029,25.829166412353516,258.62857142857143,1562.6986083984375,1933.3714599609375,-0.6780475974082947,1016.7428571428571,2,481,1,0,0,24,7,26
0,33.0,0.0,4396.0,146.7755102040815,11086.3330078125,28.100000381469727,5.933333396911621,15819.5,21.066667556762695,4.199999809265137,4.983333110809326,41.04999923706055,17950.666015625,2619.6,0.8339047431945801,25.752857208251953,261.8857142857143,1583.4527587890625,1921.4857177734375,-0.6845476031303406,1021.7428571428571,3,481,1,0,0,24,3,13
1,111.0,0.009122006595134735,4731.0,141.97959183673458,11834.6669921875,27.91666603088379,4.266666889190674,16811.216796875,21.866666793823242,4.5,4.883333206176758,40.58333206176758,18370.166015625,2617.2571428571428,0.8368571400642395,25.750118255615234,261.2,1582.7733154296875,1921.228515625,-0.663023829460144,1022.8285714285714,1,481,1,0,0,34,8,50
0,81.40554040906831,0.12314709275960922,2413.0,139.97959183673456,11527.5,26.91666603088379,5.400000095367432,18314.5,27.100000381469727,5.400000095367432,4.883333206176758,43.36666488647461,30107.166015625,2567.714285714286,0.8414999842643738,25.762142181396484,265.2,1589.216064453125,1910.199951171875,-0.6725714206695557,1025.1714285714286,2,481,1,0,0,21,12,30
0,154.0,0.4789053499698639,11516.0,139.77551020408154,11800.5,27.549999237060547,9.166666984558105,17353.833984375,25.049999237060547,5.5,4.883333206176758,39.06666564941406,25644.0,2525.5142857142855,0.8592143058776855,25.8363094329834,270.54285714285714,1590.5599365234375,1906.5999755859375,-0.6530237793922424,1026.2571428571428,6,481,1,0,0,31,12,58
0,161.0,0.30672746896743774,1827.0,141.3061224489795,12434.8330078125,26.53333282470703,7.400000095367432,15671.4833984375,21.883333206176758,4.099999904632568,4.933333396911621,44.150001525878906,19908.333984375,2356.6857142857143,0.8557857275009155,25.96630859375,285.0,1603.0673828125,1888.914306640625,-0.6676904559135437,1018.7714285714286,1,481,1,0,0,41,13,70
0,41.0,0.3055872321128845,1436.0,142.05442176865068,12102.666015625,25.60555648803711,7.761110782623291,15900.921875,21.5,4.099999904632568,4.972221851348877,45.1944465637207,19673.33203125,2356.6857142857143,0.8557857275009155,25.96630859375,285.0,1603.0673828125,1888.914306640625,-0.6676904559135437,1018.7714285714286,2,481,1,0,0,42,3,16
0,128.0,0.02166476659476757,6117.0,145.11627906976736,11375.6669921875,23.633333206176758,5.183333396911621,15748.93359375,21.700000762939453,4.5,4.949999809265137,42.349998474121094,20882.0,2235.114285714286,0.8899285793304443,26.149999618530273,291.9714285714286,1583.8060302734375,1887.5999755859375,-0.6760476231575012,1011.3142857142857,4,481,1,0,0,31,21,57
0,54.0,0.2713797092437744,6973.0,145.66666666666657,13267.3330078125,27.149999618530273,5.25,19953.3671875,24.399999618530273,5.300000190734863,4.883333206176758,41.45000076293945,24465.0,2134.285714285714,0.9088809490203857,26.264404296875,302.0857142857143,1588.606201171875,1877.1142578125,-0.6558571457862854,1010.2571428571429,1,481,1,0,0,31,31,23
0,117.0,0.2576966881752014,17630.0,122.0540540540539,8933.3330078125,24.733333587646484,5.516666889190674,16271.2333984375,21.983333587646484,4.099999904632568,4.949999809265137,38.68333435058594,19946.333984375,2137.114285714286,0.9510714411735535,26.3315486907959,316.54285714285714,1598.0831298828125,1848.199951171875,-0.5992857217788696,1013.8285714285714,1,481,1,0,0,31,15,51
0,124.0,0.36031925678253174,17626.0,121.79069767441844,8424.5,26.58333396911621,5.133333206176758,15584.0498046875,21.21666717529297,3.700000047683716,5.0,40.71666717529297,15967.5,2143.2,0.9644523859024048,26.48000144958496,319.34285714285716,1597.6566162109375,1840.5428466796875,-0.6018809676170349,1015.9428571428572,2,481,1,0,0,21,9,56
0,64.0,0.2440136820077896,15543.0,120.36956521739114,9576.6669921875,30.83333396911621,6.949999809265137,17269.333984375,22.766666412353516,4.699999809265137,4.883333206176758,31.21666717529297,20298.5,2143.6857142857143,0.954547643661499,26.197261810302734,320.42857142857144,1596.206787109375,1847.8857421875,-0.5730952024459839,1008.6857142857143,9,481,1,0,0,31,6,25
0,77.0,0.026225769892334938,16301.0,120.65957446808493,8942.1669921875,25.83333396911621,5.400000095367432,16086.0830078125,22.21666717529297,4.099999904632568,5.0,38.83333206176758,18012.0,2201.8,0.992642879486084,26.49571418762207,315.2857142857143,1584.98193359375,1854.5714111328125,-0.5756190419197083,1017.5428571428571,4,481,1,0,0,24,6,35
1,110.80139467561933,0.0011402508243918419,25762.0,122.32653061224474,12490.6669921875,28.133333206176758,7.633333206176758,15635.4501953125,22.799999237060547,4.099999904632568,4.983333110809326,38.849998474121094,17237.5,2256.6857142857143,0.9946428537368774,26.57928466796875,315.74285714285713,1608.22509765625,1819.82861328125,-0.6436190605163574,1028.5714285714287,3,481,1,0,0,21,19,46
1,97.0,0.0,31636.0,122.67346938775493,11873.5,29.266666412353516,7.616666793823242,15972.216796875,22.0,4.300000190734863,5.050000190734863,38.5,18008.333984375,2267.5142857142855,0.9995238184928894,26.612855911254883,318.6857142857143,1617.8206787109375,1814.7427978515625,-0.6501190662384033,1032.2857142857142,2,481,1,0,0,41,4,42
1,110.0,0.0,32767.0,123.42857142857126,12147.0,26.75,7.016666889190674,15516.56640625,22.299999237060547,4.199999809265137,5.083333492279053,39.31666564941406,19537.666015625,2313.6857142857143,0.9889285564422607,26.516191482543945,312.9714285714286,1606.9307861328125,1820.914306640625,-0.6492857336997986,1028.1142857142856,1,518,1,0,0,41,18,41
1,100.0,0.0,32767.0,124.10204081632635,9862.111328125,26.633333206176758,7.127777576446533,14690.5556640625,21.05000114440918,3.9000000953674316,5.027777671813965,39.71666717529297,16673.22265625,2240.0,1.0052618980407715,26.5146427154541,313.1714285714286,1598.5946044921875,1836.6571044921875,-0.6466428637504578,1026.9714285714285,4,481,1,0,0,31,16,44
1,101.0,0.0,32767.0,123.6521739130433,10074.0,24.933332443237305,5.883333206176758,15566.599609375,20.866666793823242,3.799999952316284,4.883333206176758,41.21666717529297,16096.0,2192.2285714285713,1.0081905126571655,26.537857055664062,316.9428571428571,1601.6690673828125,1829.4571533203125,-0.6309047937393188,1024.942857142857,2,481,1,0,0,34,5,39
1,122.0,0.04675028473138809,32767.0,125.30952380952363,9254.1669921875,25.049999237060547,6.800000190734863,14833.93359375,21.08333396911621,4.199999809265137,4.933333396911621,40.599998474121094,18333.666015625,2094.3714285714286,0.9854999780654907,26.35738182067871,326.2,1620.675537109375,1809.82861328125,-0.6097857356071472,1018.7142857142857,1,518,1,0,0,34,18,46
0,394.0,0.9589509963989258,1064.0,300.2340425531912,15181.5,33.11666488647461,2.9666666984558105,19349.25,23.950000762939453,4.300000190734863,4.583333492279053,26.516666412353516,21004.5,1712.0,0.663095235824585,25.537738800048828,63.42857142857143,1368.154296875,1993.800048828125,-0.7588571906089783,989.6857142857143,1,505,1,0,0,31,31,207
0,332.0,0.6613454818725586,1172.0,293.4489795918365,15027.5,31.149999618530273,2.700000047683716,24450.06640625,26.816667556762695,4.599999904632568,4.650000095367432,28.25,27490.833984375,1678.1714285714286,0.6520237922668457,25.519880294799805,64.8,1382.3922119140625,2000.1142578125,-0.7910237908363342,995.7428571428571,0,505,1,0,0,41,35,173
0,225.0,0.9623717069625854,1052.0,289.7959183673467,15830.5,33.06666564941406,0.699999988079071,18590.19921875,22.933332443237305,4.099999904632568,4.583333492279053,30.200000762939453,22103.5,1643.4571428571428,0.6468095183372498,25.41190528869629,68.37142857142857,1387.640625,1983.142822265625,-0.7813571691513062,992.7428571428571,0,505,1,0,0,21,33,117
0,340.0,0.4173318147659302,1238.0,272.71428571428555,19208.333984375,32.03333282470703,1.0,18954.30078125,23.566667556762695,4.300000190734863,4.583333492279053,32.11666488647461,26358.0,1577.0,0.6028095483779907,25.346189498901367,68.91428571428571,1353.509521484375,2028.7142333984375,-0.8420476317405701,966.4857142857143,2,505,1,0,0,41,18,132
0,260.0,0.960091233253479,1032.0,272.877551020408,15356.6669921875,30.399999618530273,0.949999988079071,17372.6328125,22.566667556762695,4.099999904632568,4.483333110809326,29.28333282470703,21634.666015625,1587.1714285714286,0.607285737991333,25.35976219177246,74.6,1360.7418212890625,2022.2572021484375,-0.8869999647140503,966.2857142857143,1,505,1,1,0,31,29,135
0,225.0,0.3648802638053894,3291.0,273.1224489795917,16806.5,30.0,0.7166666388511658,18361.150390625,23.766666412353516,4.5,4.699999809265137,28.83333396911621,33281.16796875,1613.8285714285714,0.5913571715354919,25.335119247436523,76.6,1366.509765625,2009.2572021484375,-0.9228809475898743,965.2571428571429,1,469,1,0,0,31,2,84
0,356.91025589257936,0.4070695638656616,1370.0,271.65306122448953,17298.333984375,30.200000762939453,1.2666666507720947,18752.333984375,22.799999237060547,4.199999809265137,4.7833333015441895,29.766666412353516,28611.333984375,1616.9714285714285,0.5832619071006775,25.27726173400879,75.05714285714286,1362.67822265625,2008.2857666015625,-0.9009523987770081,962.9142857142857,0,469,1,0,0,31,35,176
0,205.0,0.8221208453178406,1052.0,273.8571428571427,19750.0,33.04999923706055,0.75,17368.06640625,22.200000762939453,4.0,4.650000095367432,31.5,22713.333984375,1639.7714285714285,0.5829523801803589,25.245237350463867,76.0,1365.104736328125,2006.3714599609375,-0.928595244884491,962.8285714285714,5,469,1,0,0,21,5,105
0,194.0,0.7901938557624817,3305.0,278.87755102040785,14569.0,25.372222900390625,0.5722222328186035,17275.244140625,22.25,3.6666667461395264,4.633333206176758,31.33888816833496,20769.0,1675.4285714285713,0.5690714120864868,25.20297622680664,76.05714285714286,1358.962158203125,1978.4857177734375,-0.977571427822113,957.1428571428571,2,505,1,0,0,42,4,76
0,365.0,0.5792474150657654,2728.0,278.87755102040785,16678.22265625,28.05555534362793,0.25,18502.376953125,22.94444465637207,4.0333333015441895,4.800000190734863,26.75,21001.9453125,1673.9714285714285,0.5706428289413452,25.192142486572266,77.37142857142857,1355.2666015625,1969.4857177734375,-0.9591428637504578,953.5428571428571,5,505,1,0,0,42,4,134
0,309.0,0.2519954442977905,2536.0,283.4897959183671,16188.1669921875,28.233333587646484,1.0,17113.517578125,22.816667556762695,3.4000000953674316,4.683333396911621,30.950000762939453,25579.0,1675.0,0.5671666860580444,25.101547241210938,77.22857142857143,1345.3824462890625,1963.1142578125,-0.9728571176528931,945.9428571428572,3,505,1,0,0,42,4,121
0,239.0,0.960091233253479,1031.0,297.0612244897957,12718.3330078125,27.71666717529297,0.7166666388511658,17646.900390625,22.866666793823242,3.700000047683716,4.699999809265137,30.149999618530273,21975.333984375,1669.6,0.559166669845581,25.02059555053711,78.8,1351.107666015625,1940.3143310546875,-0.9563809633255005,945.3142857142857,1,505,1,0,1,42,12,122
0,249.0,0.8620296716690063,1072.0,306.4693877551018,14116.5,30.149999618530273,1.75,26286.283203125,25.649999618530273,3.700000047683716,4.7833333015441895,31.08333396911621,17825.0,1673.4,0.5683809518814087,25.090715408325195,79.34285714285714,1344.787109375,1929.771484375,-0.9392619132995605,943.2571428571429,1,505,1,0,1,42,12,106
0,231.0,0.5553021430969238,1722.0,314.93877551020387,13835.1669921875,26.850000381469727,0.75,18358.55078125,23.200000762939453,3.799999952316284,4.800000190734863,28.316667556762695,18629.5,1671.142857142857,0.5693333148956299,25.108810424804688,80.11428571428571,1355.1439208984375,1910.3143310546875,-0.8894761800765991,948.7142857142857,4,505,1,0,1,42,5,87
1,255.0,0.7468643188476562,1310.0,314.93877551020387,15720.8330078125,27.766666412353516,1.25,19494.44921875,23.299999237060547,3.9000000953674316,4.800000190734863,29.46666717529297,29266.666015625,1671.142857142857,0.5693333148956299,25.108810424804688,80.11428571428571,1355.1439208984375,1910.3143310546875,-0.8894761800765991,948.7142857142857,1,505,1,0,1,42,3,105
0,405.55900437619925,0.718358039855957,1137.0,333.7959183673466,16865.0,28.41666603088379,0.6000000238418579,18164.3828125,22.91666603088379,3.4000000953674316,4.900000095367432,25.33333396911621,20200.666015625,1702.942857142857,0.5652381181716919,25.004642486572266,75.85714285714286,1344.1693115234375,1897.971435546875,-0.774404764175415,944.3142857142857,2,505,1,0,0,31,5,206
0,256.0,0.8711516261100769,1091.0,333.7959183673466,17862.0,31.0,0.9666666984558105,21429.138671875,23.955554962158203,3.700000047683716,5.183333396911621,29.655555725097656,21536.4453125,1709.142857142857,0.5667380690574646,24.9278564453125,76.02857142857142,1343.8289794921875,1895.82861328125,-0.7165714502334595,943.2857142857143,0,505,1,0,0,21,26,129
0,330.51427285703653,0.3637400269508362,1515.0,337.489795918367,14922.1669921875,28.816667556762695,2.8499999046325684,17253.18359375,22.066667556762695,3.4000000953674316,4.800000190734863,31.25,20139.5,1725.4857142857143,0.5661666393280029,25.001428604125977,72.48571428571428,1341.123291015625,1901.914306640625,-0.7358571290969849,946.0857142857143,1,505,1,0,0,31,6,121
0,313.0,0.6020524501800537,1535.0,338.53061224489767,14459.0,30.100000381469727,2.0,27515.599609375,25.633333206176758,3.5,4.650000095367432,32.41666793823242,26675.333984375,1793.942857142857,0.5617856979370117,24.820714950561523,67.85714285714286,1338.739990234375,1952.4000244140625,-0.628166675567627,946.3428571428572,2,505,1,0,0,42,9,144
0,357.0,0.15051311254501343,2300.0,336.4693877551018,14254.3330078125,30.683332443237305,1.7666666507720947,16962.900390625,22.450000762939453,3.9000000953674316,4.699999809265137,31.66666603088379,23424.666015625,1816.0285714285715,0.5600237846374512,24.776548385620117,64.97142857142858,1337.47705078125,1971.5142822265625,-0.5829047560691833,947.6285714285714,0,505,1,0,0,31,1,140
0,335.0,0.41619154810905457,3021.0,334.59183673469363,14715.166015625,27.483333587646484,0.6388888955116272,17316.587890625,22.327777862548828,3.566666603088379,4.861111164093018,32.261112213134766,22597.22265625,1852.9142857142858,0.5633333325386047,24.833452224731445,62.25714285714286,1341.2164306640625,2014.2857666015625,-0.48852381110191345,953.6571428571428,1,505,1,0,0,31,4,124
0,371.0,0.7468643188476562,3383.0,333.12244897959164,15011.6669921875,25.016666412353516,1.0,17674.900390625,21.933332443237305,3.799999952316284,4.599999904632568,34.016666412353516,19159.666015625,1908.4857142857143,0.5705237984657288,24.933332443237305,55.74285714285714,1344.8941650390625,2085.800048828125,-0.4815714359283447,964.7714285714286,1,505,1,0,0,42,4,140
0,402.0,0.8266818523406982,1122.0,333.2653061224487,14306.0,28.383333206176758,0.6000000238418579,17750.75,22.116666793823242,3.9000000953674316,4.599999904632568,35.63333511352539,18955.0,1935.3428571428572,0.5676904916763306,24.962499618530273,54.02857142857143,1346.986572265625,2124.60009765625,-0.5037857294082642,967.6,2,505,1,0,0,31,12,158
0,243.0,0.366020530462265,3008.0,336.8571428571425,16521.0,27.7277774810791,3.0055556297302246,17868.982421875,24.577777862548828,4.233333110809326,4.638888835906982,37.77777862548828,28530.27734375,2039.3714285714286,0.5654523968696594,24.80714225769043,45.22857142857143,1334.29931640625,2241.71435546875,-0.3529285788536072,967.6285714285714,3,505,1,0,0,11,5,94
0,319.0,0.4002280533313751,2682.0,336.8571428571425,17079.0,25.549999237060547,5.0333333015441895,18985.599609375,25.866666793823242,4.599999904632568,4.699999809265137,37.733333587646484,26844.0,2039.3714285714286,0.5654523968696594,24.80714225769043,45.22857142857143,1334.29931640625,2241.71435546875,-0.3529285788536072,967.6285714285714,2,505,1,0,0,31,5,121
0,221.0,0.2759407162666321,1716.0,338.4489795918365,15231.5,30.71666717529297,3.0166666507720947,21138.3828125,22.933332443237305,3.9000000953674316,4.699999809265137,31.816667556762695,20086.833984375,2081.457142857143,0.5751428604125977,25.03607177734375,45.857142857142854,1337.277587890625,2268.1142578125,-0.27188095450401306,973.0571428571428,0,505,1,0,0,41,15,84
0,314.0,0.3797035217285156,1553.0,339.4897959183671,17522.166015625,28.799999237060547,0.8500000238418579,19493.06640625,22.066667556762695,3.9000000953674316,5.0,30.883333206176758,18328.333984375,2124.1714285714284,0.5741904973983765,24.9233341217041,50.457142857142856,1344.94873046875,2264.82861328125,-0.05666668340563774,971.9428571428572,1,505,1,0,0,42,7,147
0,419.0,0.852907657623291,3145.0,326.8979591836732,15800.8330078125,34.68333435058594,1.6166666746139526,17744.400390625,20.566667556762695,5.300000190734863,4.599999904632568,21.649999618530273,29804.0,2183.342857142857,0.5973095297813416,25.12821388244629,71.0,1345.074462890625,2241.1142578125,0.08773809671401978,957.8857142857142,4,505,1,0,0,41,22,161
0,315.0,0.866590678691864,2295.0,326.8979591836732,16486.333984375,38.58333206176758,1.75,17895.05078125,21.016666412353516,4.099999904632568,4.599999904632568,20.75,18414.333984375,2202.1714285714284,0.6013571619987488,25.135000228881836,70.62857142857143,1343.9541015625,2252.971435546875,0.09159524738788605,958.1428571428571,2,469,1,0,0,21,3,124
1,217.0,0.4389965832233429,2289.0,325.7142857142855,15214.0,39.83333206176758,0.6833333373069763,15020.1162109375,21.350000381469727,4.0,4.483333110809326,19.366666793823242,33775.16796875,2181.5142857142855,0.6003333330154419,25.15916633605957,71.91428571428571,1341.9754638671875,2266.028564453125,0.0719761773943901,955.6,1,469,1,0,0,42,15,83
0,395.0,0.7343215346336365,2985.0,307.7551020408159,16044.0,39.400001525878906,0.30000001192092896,17116.5,20.433332443237305,3.4000000953674316,4.349999904632568,18.700000762939453,17109.333984375,2352.3142857142857,0.6027143001556396,25.12738037109375,69.14285714285714,1339.92919921875,2304.6572265625,0.14533333480358124,957.5428571428571,2,505,1,0,0,31,15,147
0,267.0,0.9566704630851746,1039.0,303.6122448979588,18093.943359375,35.74444580078125,0.8999999761581421,21456.9609375,20.89444351196289,3.366666793823242,4.400000095367432,21.288888931274414,16992.056640625,2414.7714285714287,0.5961428880691528,25.020475387573242,68.57142857142857,1342.0928955078125,2324.60009765625,0.17180952429771423,957.7428571428571,1,505,1,0,0,31,30,133
0,295.0,0.932725191116333,1046.0,308.4285714285712,16755.0,38.61666488647461,0.9166666865348816,19104.349609375,21.75,3.9000000953674316,4.5,16.566667556762695,18388.5,2584.8,0.604357123374939,25.097261428833008,71.77142857142857,1336.6285400390625,2335.142822265625,0.18266665935516357,955.9142857142857,0,505,1,0,0,41,1,147
0,379.0,0.7730900645256042,1133.0,322.2653061224489,14191.8330078125,29.866666793823242,1.0,16092.6669921875,20.46666717529297,3.5,4.150000095367432,22.91666603088379,16227.5,2756.2285714285713,0.6015714406967163,25.228452682495117,87.65714285714286,1342.22216796875,2259.228515625,0.40292856097221375,945.0,0,505,1,0,1,31,21,188
1,374.0,0.42759406566619873,1414.0,320.95918367346917,13748.5,30.766666412353516,1.649999976158142,18466.216796875,21.75,3.5999999046325684,4.050000190734863,24.433332443237305,17896.833984375,2686.457142857143,0.6013333201408386,25.318571090698242,93.74285714285715,1343.8326416015625,2226.60009765625,0.3983571231365204,941.2,0,505,1,1,0,31,25,186
1,343.0,0.202964648604393,1436.0,325.91836734693857,15242.3330078125,29.5,2.3333332538604736,15407.5,21.46666717529297,4.0,4.183333396911621,30.21666717529297,19277.333984375,2737.0285714285715,0.6035714149475098,25.349166870117188,97.22857142857143,1347.700927734375,2207.485595703125,0.41640475392341614,942.1142857142858,1,505,1,1,0,41,18,165
1,167.0,0.09692132472991943,1994.0,301.65306122448953,13340.833984375,29.72222328186035,2.555555582046509,16111.6396484375,22.494443893432617,4.5333333015441895,4.22777795791626,30.74444580078125,30820.0,2702.457142857143,0.637071430683136,25.93047523498535,107.8,1347.8355712890625,2180.971435546875,0.40180954337120056,948.5142857142857,0,496,1,0,0,21,21,64
0,92.0,0.3055872321128845,1903.0,298.53061224489767,15812.6669921875,29.100000381469727,0.4333333373069763,17994.982421875,22.399999618530273,5.0,4.133333206176758,29.25,19630.0,2698.9714285714285,0.6357619166374207,25.934404373168945,104.57142857142857,1349.32763671875,2203.800048828125,0.4050000011920929,952.6571428571428,0,496,1,1,0,31,33,40
0,337.0,0.09350056946277618,1652.0,292.7755102040814,14526.6669921875,26.616666793823242,1.2833333015441895,17811.166015625,22.233333587646484,4.5,4.083333492279053,28.616666793823242,19555.833984375,2766.6857142857143,0.6390476226806641,25.919166564941406,105.05714285714286,1348.0703125,2207.771484375,0.4073333144187927,952.4285714285714,0,496,1,1,0,21,24,150
0,251.0,0.6134549379348755,1072.0,291.93877551020387,17976.0,31.183332443237305,1.7833333015441895,20606.267578125,24.016666412353516,5.400000095367432,4.083333492279053,27.33333396911621,22358.666015625,2781.7428571428572,0.6422380805015564,25.9469051361084,105.0,1353.466064453125,2208.771484375,0.3576904833316803,956.5428571428571,0,496,1,1,0,21,8,123
0,200.0,0.637400209903717,1075.0,294.93197278910804,15974.8896484375,27.80555534362793,1.4555555582046509,21288.228515625,22.244443893432617,5.066666603088379,4.083333492279053,30.511112213134766,22787.66796875,2772.285714285714,0.640666663646698,25.9665470123291,102.02857142857142,1352.6689453125,2238.257080078125,0.31973809003829956,959.3714285714286,0,497,1,1,0,41,9,98
0,199.0,0.9646522402763367,1068.0,296.93877551020387,17382.333984375,33.516666412353516,0.8333333134651184,17482.349609375,22.66666603088379,4.599999904632568,4.050000190734863,26.75,23253.833984375,2800.2,0.642714262008667,25.964048385620117,100.74285714285715,1350.6099853515625,2253.571533203125,0.2639999985694885,959.7714285714286,0,497,1,1,0,34,9,98
0,310.0,0.7765108346939087,1166.0,301.0816326530609,15768.6669921875,28.399999618530273,1.8666666746139526,16803.216796875,21.616666793823242,4.699999809265137,3.9833333492279053,28.866666793823242,17907.833984375,2876.6857142857143,0.6492142677307129,26.001667022705078,102.57142857142857,1354.248779296875,2240.085693359375,0.28709524869918823,961.2,0,497,1,1,0,24,35,153
0,335.0,0.8893956542015076,1068.0,301.26530612244875,19080.0,29.25,1.8666666746139526,17398.75,22.816667556762695,5.099999904632568,3.9833333492279053,27.133333206176758,22660.833984375,2845.2285714285713,0.6468095183372498,26.02166748046875,100.22857142857143,1352.9385986328125,2272.028564453125,0.24314284324645996,962.9142857142857,0,497,1,1,0,31,35,165
0,276.0,0.9623717069625854,1062.0,303.59183673469363,16292.8330078125,28.100000381469727,1.1666666269302368,15390.6337890625,21.71666717529297,4.599999904632568,4.0,28.183332443237305,19870.833984375,2894.6285714285714,0.6512143015861511,26.051666259765625,101.25714285714285,1360.0030517578125,2270.82861328125,0.24416664242744446,967.7142857142857,0,497,1,1,0,34,35,136
0,359.0,0.9714937210083008,1039.0,305.5918367346937,14413.111328125,24.86111068725586,0.8666666746139526,15820.361328125,21.766666412353516,4.633333206176758,3.9833333492279053,29.7722225189209,17746.5546875,2916.7714285714287,0.6542381048202515,26.062379837036133,101.77142857142857,1358.8118896484375,2254.628662109375,0.2886904776096344,966.8857142857142,0,497,1,1,0,31,35,176
0,220.0,0.6704674959182739,1062.0,306.2448979591835,15015.0,28.83333396911621,0.9333333373069763,17491.69921875,22.433332443237305,4.099999904632568,4.083333492279053,30.133333206176758,19094.0,2904.714285714286,0.6600714325904846,26.181903839111328,103.17142857142858,1359.9932861328125,2283.228515625,0.1833571195602417,969.0,0,497,1,1,0,42,6,108
0,308.0,0.3922463059425354,1626.0,305.97959183673447,18221.333984375,28.183332443237305,0.9333333373069763,17088.466796875,21.96666717529297,4.400000095367432,4.083333492279053,28.600000381469727,20393.666015625,2929.7714285714287,0.6664761900901794,26.24440574645996,104.82857142857142,1357.0230712890625,2268.60009765625,0.17404761910438538,967.5428571428571,1,497,1,1,0,21,1,150
0,280.0,0.9361459612846375,1068.0,302.9999999999998,14255.9443359375,30.0222225189209,1.2611110210418701,18809.966796875,23.100000381469727,4.4666666984558105,4.083333492279053,28.394445419311523,19653.66796875,2915.0,0.6674047708511353,26.24488067626953,106.2,1360.8277587890625,2289.800048828125,0.11778571456670761,968.8,0,497,1,0,1,42,8,136
1,156.0,0.5473204255104065,1063.0,302.9999999999998,17541.5,30.71666717529297,3.183333396911621,19229.099609375,22.299999237060547,4.599999904632568,4.199999809265137,29.16666603088379,22668.5,2935.4857142857145,0.6728095412254333,26.29964256286621,108.74285714285715,1362.57177734375,2277.1142578125,0.09866666793823242,968.5428571428571,3,497,1,0,1,21,1,75
0,222.0,0.8027365803718567,1224.0,299.77551020408146,15252.6669921875,27.516666412353516,2.116666555404663,17307.0,21.850000381469727,4.400000095367432,4.183333396911621,32.28333282470703,21599.333984375,2922.2285714285713,0.6741904616355896,26.337024688720703,107.68571428571428,1362.078125,2299.428466796875,0.03800002858042717,970.4,2,497,1,0,1,21,1,107
0,304.0,0.8836944103240967,1169.0,295.6938775510202,16272.8330078125,29.233333587646484,0.8833333253860474,18201.25,24.03333282470703,4.0,4.050000190734863,30.933332443237305,19750.5,2933.057142857143,0.6764761805534363,26.342618942260742,110.34285714285714,1366.1036376953125,2310.28564453125,-0.04033330827951431,970.7714285714286,0,497,1,0,1,21,35,144
0,230.0,0.91904217004776,1071.0,291.14285714285694,17929.166015625,31.66666603088379,0.6888888478279114,18231.333984375,23.77777862548828,4.199999809265137,4.0611114501953125,29.38888931274414,19613.22265625,2942.0095238095237,0.6772698760032654,26.327539443969727,111.66666666666666,1369.7047119140625,2307.047607421875,-0.050515878945589066,971.5238095238094,0,497,1,0,1,24,35,110
0,239.0,0.8631699085235596,2440.0,261.3673469387752,14105.7216796875,25.961111068725586,1.111111044883728,16876.806640625,22.600000381469727,4.433333396911621,4.172222137451172,33.838890075683594,19541.5,3012.0,0.6881666779518127,26.47083282470703,109.42857142857143,1369.30224609375,2328.228515625,-0.33211904764175415,977.0857142857143,0,496,1,0,1,42,4,106
1,193.0,0.06613454967737198,1637.0,261.3673469387752,13809.1669921875,27.78333282470703,1.350000023841858,16892.6328125,22.799999237060547,4.400000095367432,4.083333492279053,33.61666488647461,49104.33203125,3012.057142857143,0.694523811340332,26.55821418762207,110.4,1368.4444580078125,2322.514404296875,-0.3696190416812897,978.0285714285715,1,496,1,0,1,21,2,89
1,247.0,0.0,3699.0,256.6326530612243,14067.3330078125,30.46666717529297,1.2999999523162842,17360.216796875,22.46666717529297,5.0,4.383333206176758,26.66666603088379,26166.666015625,3013.657142857143,0.6923333406448364,26.535715103149414,111.25714285714285,1381.424072265625,2328.60009765625,-0.37557142972946167,984.1142857142858,0,497,1,0,1,34,18,112
0,84.30095197986081,0.5051311254501343,1172.0,246.93877551020384,15079.5,25.78333282470703,0.5666666626930237,16452.55078125,24.516666412353516,4.5,4.083333492279053,34.28333282470703,19159.833984375,3037.285714285714,0.6813095211982727,26.414167404174805,108.0,1381.4827880859375,2342.3427734375,-0.4405476152896881,983.8857142857142,0,497,1,0,0,42,11,38
0,191.0,0.758266806602478,1089.0,243.4081632653059,15312.3330078125,25.700000762939453,1.2999999523162842,16772.06640625,23.200000762939453,4.5,4.083333492279053,35.68333435058594,19139.833984375,3047.8285714285716,0.6797381043434143,26.420713424682617,107.57142857142857,1380.81640625,2342.371337890625,-0.47661903500556946,983.7142857142857,1,497,1,1,0,34,1,88
0,151.0,0.9293044209480286,1188.0,240.3265306122447,17240.333984375,24.200000762939453,0.30000001192092896,17787.900390625,23.066667556762695,5.300000190734863,4.099999904632568,31.16666603088379,19003.333984375,3061.7714285714287,0.6816190481185913,26.468570709228516,107.82857142857142,1377.779052734375,2339.6572265625,-0.5133809447288513,982.7142857142857,0,497,1,1,0,41,35,67
0,193.0,0.5952109694480896,1131.0,241.3673469387753,16309.5,30.25,0.6333333253860474,17574.283203125,22.450000762939453,4.900000095367432,4.099999904632568,31.350000381469727,19328.666015625,3052.714285714286,0.6810952425003052,26.464643478393555,107.8,1378.943359375,2342.28564453125,-0.5173333287239075,983.3428571428572,0,497,1,1,1,34,33,69
0,116.0,0.4173318147659302,1399.0,243.61224489795902,17932.0,23.866666793823242,0.6166666746139526,16741.0,22.58333396911621,4.900000095367432,4.2833333015441895,34.5,19896.666015625,3063.9714285714285,0.6838809251785278,26.464284896850586,106.94285714285714,1380.9285888671875,2338.82861328125,-0.5439524054527283,985.8285714285714,0,497,1,1,1,34,34,51
0,88.0,0.9293044209480286,1578.0,246.6530612244896,16150.0,26.5,0.9166666865348816,17703.44921875,22.616666793823242,5.0,4.099999904632568,33.91666793823242,19810.0,3038.6857142857143,0.6694762110710144,26.383094787597656,109.14285714285714,1381.34375,2320.314208984375,-0.5856428742408752,980.1428571428571,0,497,1,1,1,34,6,33
0,,0.38312429189682007,1249.0,243.04081632653043,16374.6669921875,29.75,1.2333333492279053,19141.1171875,20.83333396911621,4.599999904632568,4.2833333015441895,33.983333587646484,20099.166015625,2858.5714285714284,0.6637142896652222,26.298452377319336,121.22857142857143,1404.5963134765625,2274.571533203125,-0.6355476379394531,978.1142857142858,0,497,1,0,1,21,2,
0,149.0,0.009122006595134735,2208.0,237.04081632653046,15839.6669921875,26.600000381469727,2.1666667461395264,15189.0830078125,21.850000381469727,4.800000190734863,4.2833333015441895,34.93333435058594,19477.5,2814.2285714285713,0.6617618799209595,26.265832901000977,125.34285714285714,1405.76416015625,2260.94287109375,-0.6700237989425659,973.5428571428571,1,497,1,0,0,24,3,50
0,145.0,0.5347776412963867,1344.0,237.04081632653046,14639.0,25.450000762939453,0.699999988079071,14848.0830078125,21.66666603088379,4.199999809265137,4.183333396911621,34.5,17165.5,2822.2,0.6628095507621765,26.256547927856445,126.11428571428571,1407.328369140625,2256.485595703125,-0.680809497833252,974.0571428571428,0,497,1,0,0,41,6,61
1,155.0,0.7480045557022095,1118.0,235.0612244897958,15440.5,28.66666603088379,0.6499999761581421,15491.7333984375,23.100000381469727,4.800000190734863,4.183333396911621,31.933332443237305,19283.5,2810.4285714285716,0.6725476384162903,26.306190490722656,119.2,1396.7586669921875,2280.514404296875,-0.6965237855911255,977.1428571428571,0,497,1,0,0,42,33,69
0,91.0,0.6602052450180054,2298.0,234.3061224489795,18028.0,29.350000381469727,1.4333332777023315,18093.3828125,25.5,4.599999904632568,4.483333110809326,24.866666793823242,22039.666015625,2809.7428571428572,0.6883095502853394,26.389404296875,116.45714285714286,1398.5537109375,2297.39990234375,-0.7021666765213013,984.7142857142857,2,497,1,0,0,41,5,33
0,221.0,0.7012542486190796,1704.0,234.44897959183666,17335.0,27.28333282470703,2.7333333492279053,19842.716796875,24.049999237060547,4.0,4.183333396911621,36.599998474121094,19645.333984375,2735.5142857142855,0.6587380766868591,26.192142486572266,127.42857142857143,1406.3216552734375,2243.199951171875,-0.6516667008399963,970.0,2,497,1,0,0,42,9,102
0,74.0,0.3055872321128845,3012.0,236.65306122438915,16585.22265625,28.535184860229492,0.8074074387550354,15815.4189453125,21.948148727416992,4.05555534362793,4.183333396911621,32.959259033203125,17207.57421875,2728.171428571429,0.6591110825538635,26.179920196533203,127.17142857142858,1405.1326904296875,2242.63818359375,-0.6538650989532471,969.1619047619049,1,497,1,0,0,34,15,31
0,130.0,0.486887127161026,3100.0,235.44897959183655,16635.166015625,24.950000762939453,1.4166666269302368,15247.783203125,22.516666412353516,4.599999904632568,4.150000095367432,35.68333435058594,18734.833984375,2720.457142857143,0.6582857370376587,26.167858123779297,126.68571428571428,1405.8570556640625,2236.1142578125,-0.6388809680938721,969.5142857142857,0,497,1,0,0,42,10,59
0,147.98560993524092,0.298745721578598,1226.0,235.77551020408143,16252.4443359375,26.27777862548828,1.2833333015441895,15246.7333984375,21.172222137451172,4.133333206176758,4.205555438995361,35.81666564941406,18122.72265625,2770.714285714286,0.6634286046028137,26.19607162475586,123.65714285714286,1402.993896484375,2250.3427734375,-0.6384047865867615,971.6285714285714,1,497,1,0,0,31,9,59
0,78.0,0.7765108346939087,3297.0,235.612244897959,14077.8330078125,23.75,0.9666666388511658,15009.0,21.799999237060547,4.400000095367432,4.183333396911621,34.016666412353516,18063.666015625,2868.2571428571428,0.6692143082618713,26.1971435546875,118.85714285714286,1398.5421142578125,2253.771484375,-0.6535000205039978,974.5428571428571,0,497,1,0,1,42,3,30
1,257.0,0.5724059343338013,1279.0,243.79591836734681,15910.9443359375,25.89444351196289,2.2666666507720947,17192.84375,22.205554962158203,4.666666507720947,4.2166666984558105,35.92778015136719,19063.333984375,2922.657142857143,0.6619285941123962,26.157737731933594,126.31428571428572,1412.546875,2220.39990234375,-0.6468809247016907,973.1714285714286,0,497,1,0,1,42,31,117
1,137.0,0.46180158853530884,1279.0,245.2040816326529,15644.0,26.400001525878906,1.7166666984558105,14658.400390625,21.188888549804688,4.300000190734863,4.205555438995361,38.67222213745117,16229.3330078125,2950.0857142857144,0.6683095097541809,26.17976188659668,125.62857142857143,1415.3399658203125,2205.971435546875,-0.6255714297294617,975.3714285714286,1,497,1,0,1,21,32,62
1,141.0,0.34777650237083435,3654.0,247.53061224489775,13210.8330078125,27.016666412353516,1.783333420753479,15720.8837890625,21.072221755981445,4.199999809265137,4.199999809265137,38.877777099609375,16718.5,2989.771428571301,0.675079345703125,26.219524383544922,126.90476190477122,1415.6595458984375,2183.51416015625,-0.6486111283302307,975.0571428571636,0,476,1,0,0,41,7,52
0,168.0,0.312428742647171,1468.0,247.53061224489775,14172.4443359375,35.0,2.7666666507720947,16996.8671875,21.399999618530273,3.7666666507720947,4.25,30.905555725097656,18742.22265625,2996.647619047619,0.6695396900177002,26.13539695739746,125.5142857142857,1412.63232421875,2187.838134765625,-0.6361984014511108,972.5047619047618,2,476,1,0,0,21,11,69
0,145.0,0.49714937806129456,1242.0,249.34693877551,17109.0,33.04999923706055,3.8333332538604736,18770.6171875,21.233333587646484,4.199999809265137,4.0333333015441895,36.83333206176758,19441.833984375,3010.2571428571428,0.666690468788147,26.08440399169922,126.4,1414.9539794921875,2183.742919921875,-0.6285476088523865,972.0571428571428,0,476,1,0,1,31,4,61
0,72.0,0.4253135621547699,1757.0,245.67346938775492,14378.27734375,30.788888931274414,3.049999952316284,15488.60546875,20.105554580688477,4.733333110809326,4.094444274902344,39.18888854980469,18316.66796875,3021.2,0.677047610282898,26.1299991607666,127.51428571428572,1416.9193115234375,2172.54296875,-0.5702381134033203,975.5714285714286,0,476,1,0,1,42,11,26
0,105.0,0.4469783306121826,1277.0,253.28571428571408,13588.5,27.383333206176758,2.4166667461395264,14923.150390625,20.133333206176758,4.0,4.0333333015441895,42.233333587646484,16206.6669921875,3041.657142857143,0.6767380833625793,26.121070861816406,127.37142857142857,1416.07080078125,2176.228515625,-0.585261881351471,974.5714285714286,0,476,1,0,1,42,14,37
0,306.0,0.597491443157196,1333.0,253.89795918367324,15146.0,27.316667556762695,3.0166666507720947,15387.466796875,21.383333206176758,4.599999904632568,3.9833333492279053,48.28333282470703,17182.0,3044.057142857143,0.6864285469055176,26.15440559387207,133.11428571428573,1416.8748779296875,2159.800048828125,-0.5406904816627502,971.2,0,476,1,0,1,41,10,141
0,72.0,0.4743443429470062,1310.0,255.04081632653043,16887.833984375,29.41666603088379,3.9166667461395264,24660.6328125,25.46666717529297,4.800000190734863,4.083333492279053,45.21666717529297,25966.0,3042.1714285714284,0.6908095479011536,26.168094635009766,133.97142857142856,1412.7896728515625,2163.71435546875,-0.45945239067077637,968.9428571428572,0,476,1,0,1,41,6,32
0,164.0,0.6818699836730957,1091.0,260.22448979591815,17988.77734375,24.188888549804688,2.5,14152.7666015625,20.86111068725586,4.900000095367432,3.9055557250976562,48.155555725097656,21172.0,3044.6857142857143,0.6944761872291565,26.166309356689453,133.8,1419.094482421875,2193.54296875,-0.43847620487213135,973.2857142857143,0,476,1,1,0,34,8,76
0,158.0,0.6932725310325623,1148.0,263.612244897959,17259.666015625,33.650001525878906,1.3166667222976685,15253.349609375,21.016666412353516,5.099999904632568,4.050000190734863,45.36666488647461,21580.0,3051.5142857142855,0.6981666684150696,26.1971435546875,132.6,1418.4005126953125,2208.742919921875,-0.4200952351093292,975.2,0,476,1,1,0,42,4,74
0,248.0,0.8437856435775757,1148.0,268.02040816326513,18228.333984375,32.81666564941406,1.6666666269302368,17677.400390625,21.649999618530273,5.0,3.933333396911621,40.599998474121094,20541.333984375,3090.6285714285714,0.7055952548980713,26.196189880371094,129.22857142857143,1417.030029296875,2279.6572265625,-0.3607619106769562,978.8571428571429,2,476,1,1,0,41,25,116
0,75.0,0.638540506362915,1285.0,273.4489795918366,18029.666015625,32.43333435058594,1.7333333492279053,16475.666015625,21.91666603088379,4.800000190734863,3.950000047683716,39.016666412353516,19100.166015625,3085.285714285714,0.7039285898208618,26.185832977294922,126.62857142857143,1413.40478515625,2277.82861328125,-0.40611904859542847,978.8285714285714,3,476,1,1,0,31,26,34
0,338.0,0.1345496028661728,1602.0,277.2040816326529,17144.0,35.43333435058594,1.1833332777023315,16068.5,20.700000762939453,4.5,3.950000047683716,42.233333587646484,18111.666015625,3096.342857142857,0.7107619047164917,26.20273780822754,128.8,1419.9495849609375,2333.05712890625,-0.35616666078567505,981.6857142857143,0,476,1,1,0,31,19,153
0,215.0,0.46408209204673767,1066.0,278.2653061224488,17556.5,31.33333396911621,4.2833333015441895,18164.732421875,21.33333396911621,4.900000095367432,4.083333492279053,45.18333435058594,18050.0,3117.8,0.7184047698974609,26.213214874267578,127.68571428571428,1418.7060546875,2394.71435546875,-0.36602380871772766,985.3142857142857,2,476,1,0,0,41,16,75
0,239.0,0.3648802638053894,2356.0,287.16326530612224,20070.666015625,38.88333511352539,3.299999952316284,22434.0,26.41666603088379,4.599999904632568,4.183333396911621,38.13333511352539,31638.333984375,3136.5142857142855,0.73416668176651,26.367143630981445,125.2,1416.6043701171875,2422.914306640625,-0.36273810267448425,989.5714285714286,1,476,1,0,0,21,21,92
0,268.0,0.285062700510025,5952.0,284.14285714285694,16169.3330078125,34.83333206176758,3.6666667461395264,18137.732421875,23.41666603088379,4.599999904632568,4.25,42.36666488647461,21413.333984375,3158.0285714285715,0.7297381162643433,26.203571319580078,121.6,1411.137451171875,2455.028564453125,-0.4823095202445984,986.9428571428572,3,476,1,0,0,31,2,101
0,117.0,0.5564424395561218,8439.0,285.73469387755085,16241.5,35.099998474121094,4.766666889190674,18814.18359375,22.96666717529297,4.5,4.183333396911621,33.93333435058594,21768.5,3169.4,0.7368809580802917,26.209524154663086,119.97142857142858,1412.666748046875,2485.60009765625,-0.5003095269203186,990.8285714285714,1,476,1,0,0,31,10,43
0,179.0,0.16533637046813965,1796.0,286.7755102040814,16113.0,32.983333587646484,3.2833333015441895,19085.533203125,21.983333587646484,4.900000095367432,4.183333396911621,39.849998474121094,20717.0,3209.1714285714284,0.7331666946411133,26.213809967041016,121.57142857142857,1412.018798828125,2512.60009765625,-0.5336904525756836,988.5428571428571,0,476,1,0,1,21,1,69
0,60.0,0.7343215346336365,1160.0,288.89795918367327,17753.0,33.29999923706055,2.5999999046325684,18207.94921875,23.78333282470703,4.599999904632568,4.083333492279053,33.78333282470703,21836.333984375,3245.3142857142857,0.7440237998962402,26.305952072143555,122.6,1415.2435302734375,2512.0,-0.6019523739814758,992.7428571428571,2,476,1,0,1,21,6,23
0,211.0,0.557582676410675,1131.0,300.5714285714282,18473.0,33.516666412353516,1.5833333730697632,16631.69921875,21.450000762939453,4.5,3.933333396911621,37.016666412353516,19399.0,3299.7714285714287,0.7496428489685059,26.346904754638672,123.31428571428572,1418.688232421875,2570.628662109375,-0.605571448802948,996.6,2,476,1,0,0,24,2,85
0,202.0,0.7286202907562256,1179.0,308.99999999999966,18249.666015625,29.983333587646484,3.9000000953674316,16419.80078125,22.0,5.300000190734863,3.950000047683716,34.96666717529297,20780.666015625,3359.7714285714287,0.7556904554367065,26.318571090698242,123.14285714285714,1418.000244140625,2540.39990234375,-0.5042619109153748,996.4857142857143,0,476,1,0,1,24,2,77
0,165.0,0.9703534841537476,1051.0,313.95918367346917,18100.666015625,36.78333282470703,2.683333396911621,18607.966796875,24.100000381469727,4.300000190734863,4.050000190734863,33.08333206176758,22348.833984375,3367.714285714286,0.7544047832489014,26.261547088623047,123.94285714285714,1420.411376953125,2540.94287109375,-0.4625714421272278,996.0571428571428,0,476,1,0,1,11,35,82
0,286.0,0.7069555521011353,1155.0,326.81632653061195,20021.0,34.21666717529297,0.8999999761581421,15344.25,21.983333587646484,4.5,3.9833333492279053,41.21666717529297,17994.0,3424.0,0.7962380647659302,26.528095245361328,132.62857142857143,1425.286376953125,2372.54296875,-0.33738094568252563,999.6,0,476,1,0,0,42,32,145
1,114.0,0.4458380937576294,1120.0,266.4693877551018,,,,,,,,,,3251.3142857142857,0.9122142791748047,26.812856674194336,158.88571428571427,1437.6475830078125,2190.971435546875,2.579357147216797,1007.7142857142857,1,476,1,0,1,31,15,45
0,82.0,0.4264538288116455,1166.0,252.9591836734692,15231.6669921875,30.799999237060547,2.1666667461395264,18483.216796875,22.016666412353516,4.699999809265137,4.333333492279053,46.599998474121094,28864.0,3196.1428571428573,0.9171904921531677,26.577499389648438,161.9142857142857,1437.67626953125,2232.028564453125,2.2367379665374756,1005.8571428571429,0,476,1,1,1,21,8,33
0,260.0,0.583808422088623,1094.0,257.38775510204067,15111.6669921875,28.866666793823242,2.133333444595337,17507.017578125,21.133333206176758,4.199999809265137,4.2833333015441895,46.516666412353516,21102.166015625,3065.9142857142856,0.9432380795478821,26.79119110107422,165.5142857142857,1440.1329345703125,2243.142822265625,2.0219762325286865,1011.1428571428571,0,476,1,1,0,41,26,112
0,334.0,0.9623717069625854,1100.0,262.142857142857,12554.3330078125,27.41666603088379,1.0333333015441895,15430.2001953125,20.633333206176758,4.199999809265137,4.183333396911621,45.21666717529297,19181.833984375,3054.457142857143,0.9479047656059265,26.788333892822266,167.71428571428572,1442.266357421875,2228.914306640625,1.9788810014724731,1011.0,0,476,1,1,0,41,31,177
0,259.0,0.7525655627250671,2211.0,274.6122448979591,15002.3330078125,31.83333396911621,2.0,17815.716796875,21.383333206176758,4.0,4.25,47.46666717529297,21020.666015625,3013.6857142857143,0.9922618865966797,26.945833206176758,175.17142857142858,1446.177490234375,2217.17138671875,1.6481190919876099,1021.6857142857143,1,481,1,1,0,41,6,121
0,249.0,0.745724081993103,2173.0,274.6122448979591,15104.9443359375,30.7277774810791,2.8611111640930176,18921.48828125,21.405555725097656,4.066666603088379,4.2833333015441895,46.650001525878906,21287.333984375,3013.6857142857143,0.9922618865966797,26.945833206176758,175.17142857142858,1446.177490234375,2217.17138671875,1.6481190919876099,1021.6857142857143,0,481,1,1,0,41,9,114
0,148.0,0.5895096659660339,1251.0,279.9183673469386,14750.3330078125,27.233333587646484,2.616666555404663,18419.75,21.883333206176758,4.400000095367432,4.300000190734863,49.266666412353516,19974.666015625,3009.0285714285715,0.9882857203483582,26.31357192993164,182.14285714285714,1445.9725341796875,2177.485595703125,1.0623095035552979,1022.0,1,481,1,0,0,21,11,65
0,139.0,0.8506271243095398,1083.0,273.67346938775484,15628.0,30.399999618530273,1.6666666269302368,18952.56640625,24.266666412353516,4.199999809265137,4.683333396911621,45.06666564941406,21783.333984375,2789.8285714285716,1.0574761629104614,26.545238494873047,199.88571428571427,1452.1138916015625,2171.60009765625,0.7736666798591614,1033.5714285714287,0,507,1,0,1,31,4,65
0,242.0,0.9156214594841003,1075.0,276.9999999999998,14071.1669921875,30.0,2.450000047683716,16857.55078125,21.75,4.300000190734863,4.433333396911621,46.75,23156.833984375,2743.7428571428572,1.0539286136627197,26.593690872192383,201.14285714285714,1451.1827392578125,2165.82861328125,0.8297380805015564,1029.3714285714286,0,507,1,0,1,31,12,119
0,221.0,0.1356898546218872,1391.0,268.1836734693876,13458.5,27.66666603088379,0.7333333492279053,16710.666015625,20.91666603088379,3.799999952316284,4.349999904632568,49.58333206176758,22606.666015625,2498.6285714285714,1.078952431678772,26.76178550720215,218.5142857142857,1460.0216064453125,2178.28564453125,0.7710000276565552,1033.3428571428572,2,507,1,0,1,21,6,104
0,268.0,0.6864309906959534,1121.0,269.10204081632634,15405.3330078125,31.950000762939453,2.7833333015441895,15301.68359375,21.950000762939453,4.099999904632568,4.349999904632568,46.733333587646484,19856.166015625,2495.457142857143,1.0716904401779175,26.72119140625,215.11428571428573,1454.945556640625,2181.428466796875,0.8230952620506287,1028.6,1,507,1,0,1,31,10,107
0,266.0,0.2782212197780609,1825.0,263.67346938775495,14238.0,31.233333587646484,2.633333444595337,19068.06640625,26.28333282470703,5.099999904632568,4.349999904632568,40.5,23769.333984375,2447.4285714285716,1.080142855644226,26.63190460205078,221.22857142857143,1456.635986328125,2196.371337890625,0.7246666550636292,1029.4285714285713,4,507,1,0,1,11,3,117
1,108.0,0.0,3421.0,261.04081632653043,13134.6669921875,32.016666412353516,4.066666603088379,16693.833984375,23.71666717529297,4.099999904632568,4.599999904632568,43.0,21072.5,2549.3714285714286,1.1263809204101562,26.973928451538086,219.88571428571427,1459.7099609375,2223.085693359375,0.612500011920929,1046.6857142857143,5,507,1,0,0,34,10,42
0,81.0,0.0011402508243918419,1864.0,257.65306122448965,13008.5,28.433332443237305,2.0999999046325684,17156.68359375,21.25,3.799999952316284,4.300000190734863,50.11666488647461,19969.166015625,2606.2285714285713,1.114904761314392,26.82107162475586,221.54285714285714,1463.2322998046875,2229.685791015625,0.6009047627449036,1044.7142857142858,2,507,1,0,0,21,6,34
0,97.0,0.2371721714735031,5872.0,254.081632653061,14073.5,30.866666793823242,3.0999999046325684,21578.55078125,22.766666412353516,4.699999809265137,4.599999904632568,45.83333206176758,25737.166015625,2679.342857142857,1.1125952005386353,26.771547317504883,207.14285714285714,1464.644775390625,2254.17138671875,0.6193095445632935,1057.2,2,507,1,0,0,21,26,38
0,232.0,0.17901939153671265,5513.0,252.63265306122426,14388.1669921875,30.294445037841797,1.5611110925674438,18673.1171875,23.266666412353516,4.900000095367432,4.516666889190674,41.57221984863281,25734.333984375,2724.4857142857145,1.132095217704773,26.808095932006836,211.11428571428573,1467.1163330078125,2264.485595703125,0.5430952310562134,1060.8285714285714,6,507,1,0,0,31,7,90
0,136.0,0.03192702308297157,4355.0,255.91836734693857,13878.6669921875,27.600000381469727,1.3333333730697632,16638.017578125,21.91666603088379,4.5,4.383333206176758,47.81666564941406,22439.833984375,2761.5714285714284,1.0924285650253296,26.669048309326172,213.05714285714285,1461.129150390625,2229.371337890625,0.5971904993057251,1043.5428571428572,1,507,1,0,0,21,4,59
0,162.0,0.2086659073829651,2172.0,258.26530612244875,14610.6669921875,28.53333282470703,4.0,14868.099609375,22.366666793823242,4.0,4.550000190734863,43.91666793823242,20262.166015625,2818.5714285714284,1.0949047803878784,26.76714324951172,211.85714285714286,1465.295166015625,2201.771484375,0.5353571176528931,1050.7714285714285,2,507,1,0,0,31,4,57
0,253.0,0.49714937806129456,1041.0,255.7755102040815,11703.6669921875,28.366666793823242,1.1833332777023315,16494.69921875,22.100000381469727,4.300000190734863,4.483333110809326,47.349998474121094,20521.333984375,2853.0,1.096571445465088,26.67440414428711,213.17142857142858,1468.540771484375,2187.39990234375,0.42971429228782654,1053.3714285714286,1,507,1,0,0,31,6,88
0,127.0,0.0,1739.0,260.32653061224477,13291.3330078125,32.016666412353516,1.7333333492279053,17309.982421875,21.96666717529297,4.099999904632568,4.449999809265137,46.349998474121094,19907.833984375,2833.7714285714287,1.0831190347671509,26.661428451538086,211.2,1468.2501220703125,2187.199951171875,0.479928582906723,1049.8285714285714,2,507,1,0,0,21,3,50
0,302.0,0.7092360258102417,1197.0,218.44897959183652,12521.6669921875,30.53333282470703,5.75,17877.732421875,27.866666793823242,5.599999904632568,4.766666889190674,33.70000076293945,27300.666015625,3056.342857142857,0.8939999938011169,25.923452377319336,225.9142857142857,1517.5557861328125,2059.60009765625,0.10230951011180878,1023.0285714285715,0,507,1,1,0,11,19,137
0,60.0,0.01254275906831026,2946.0,207.2244897959182,14300.3330078125,28.266666412353516,5.816666603088379,16934.232421875,23.816667556762695,5.300000190734863,4.866666793823242,38.58333206176758,24797.333984375,3264.342857142857,0.788023829460144,25.19023895263672,219.11428571428573,1531.1085205078125,1992.2572021484375,-0.5656904578208923,1013.7142857142857,1,518,1,1,0,31,35,26
0,224.0,0.32155072689056396,3074.0,201.4897959183672,12734.3330078125,26.71666717529297,9.183333396911621,20799.3828125,27.049999237060547,5.800000190734863,4.833333492279053,34.58333206176758,29295.166015625,3308.9142857142856,0.769595205783844,24.90333366394043,224.82857142857142,1573.472412109375,1965.6856689453125,-0.5723809599876404,1021.4857142857143,0,481,1,1,0,21,24,87
0,86.0,0.6362599730491638,1388.0,197.57142857142838,15040.5,27.28333282470703,6.683333396911621,19386.283203125,26.200000762939453,5.699999809265137,4.983333110809326,44.86666488647461,29896.333984375,3174.714285714286,0.8105000257492065,25.58571434020996,243.77142857142857,1622.9296875,1930.028564453125,-0.5943809747695923,1050.8857142857144,1,481,1,1,0,31,2,40
0,165.0,0.8380843997001648,1155.0,189.4897959183672,14775.8330078125,23.899999618530273,7.433333396911621,17850.416015625,22.96666717529297,4.900000095367432,4.983333110809326,41.599998474121094,21531.666015625,3010.0857142857144,0.8294047713279724,25.772977828979492,257.37142857142857,1624.5068359375,1924.4857177734375,-0.5881904363632202,1044.9714285714285,0,481,1,1,0,41,28,77
0,44.0,0.44925883412361145,1143.0,175.14285714285697,11539.6669921875,24.21666717529297,5.300000190734863,15744.6162109375,21.58333396911621,4.699999809265137,4.883333206176758,47.20000076293945,20181.166015625,2688.0857142857144,0.8282856941223145,25.73285675048828,265.9428571428571,1614.25634765625,1919.3428955078125,-0.6092857122421265,1032.857142857143,2,481,1,0,0,21,4,22
0,87.0,0.01824401319026947,5590.0,166.75510204081615,11847.0,24.96666717529297,4.183333396911621,14744.533203125,20.933332443237305,3.9000000953674316,5.099999904632568,43.66666793823242,17945.0,2627.5714285714284,0.8333571553230286,25.717144012451172,264.85714285714283,1590.7493896484375,1926.17138671875,-0.6171666383743286,1022.1714285714286,5,481,1,0,0,24,5,35
1,75.0,0.1824401319026947,6034.0,163.30612244897935,10786.0,22.149999618530273,5.266666889190674,14526.6337890625,20.700000762939453,4.199999809265137,4.833333492279053,46.18333435058594,18454.0,2638.0285714285715,0.8412142992019653,25.816547393798828,262.0857142857143,1577.31787109375,1930.2572021484375,-0.5860000252723694,1020.4857142857143,3,481,1,0,0,34,11,28
0,89.0,0.0,7386.0,149.91836734693868,13071.5,25.399999618530273,3.049999952316284,15979.7998046875,21.83333396911621,4.300000190734863,4.883333206176758,45.0,18164.0,2646.057142857143,0.8427857160568237,25.747499465942383,259.1142857142857,1563.55078125,1936.94287109375,-0.668571412563324,1015.6,6,481,1,0,0,31,3,38
0,83.0,0.0,10758.0,146.7755102040815,10075.296875,23.505556106567383,3.1666667461395264,15402.9873046875,20.7722225189209,4.266666889190674,4.9259257316589355,48.20000076293945,17512.185546875,2651.342857142857,0.8448809385299683,25.81702423095703,257.8857142857143,1560.1580810546875,1939.17138671875,-0.6764047741889954,1015.6571428571428,2,481,1,0,0,41,3,33
0,117.0,0.0,6576.0,141.97959183673458,11366.5,26.483333587646484,3.566666603088379,14193.2333984375,22.200000762939453,4.199999809265137,4.883333206176758,46.13333511352539,18272.0,2656.2285714285713,0.8435476422309875,25.745832443237305,256.22857142857146,1554.8016357421875,1939.1142578125,-0.6895714402198792,1014.2857142857143,1,481,1,0,0,34,10,54
0,68.0,0.1425313502550125,8663.0,137.75510204081624,13144.8330078125,27.816667556762695,6.516666889190674,20417.18359375,26.483333587646484,5.599999904632568,4.883333206176758,39.016666412353516,28699.333984375,2658.4,0.8234999775886536,25.28583335876465,255.77142857142857,1555.79736328125,1945.800048828125,-0.6872619390487671,1007.6571428571428,8,518,1,0,0,31,12,26
0,97.0,0.31470924615859985,15706.0,137.5918367346938,11224.740234375,27.175926208496094,5.653703689575195,17781.0,25.77777862548828,5.777777671813965,4.972222328186035,36.14444351196289,26090.759765625,2569.0285714285715,0.8202142715454102,25.18559455871582,262.8285714285714,1566.460205078125,1932.6856689453125,-0.670285701751709,1004.6857142857143,4,481,1,0,0,21,14,36
0,159.0,0.0045610032975673676,3704.0,142.08163265306112,12580.0,24.75,6.349999904632568,15484.56640625,22.0,4.400000095367432,4.983333110809326,43.266666412353516,20481.333984375,2380.8285714285716,0.8645952343940735,25.957500457763672,284.2857142857143,1591.245849609375,1889.6856689453125,-0.6681428551673889,1014.5142857142857,0,518,1,0,0,41,30,63
0,162.0,0.13683010637760162,2188.0,143.5714285714285,11042.0,23.316667556762695,6.366666793823242,14946.8330078125,21.83333396911621,4.5,5.0333333015441895,44.41666793823242,20022.0,2380.8285714285716,0.8645952343940735,25.957500457763672,284.2857142857143,1591.245849609375,1889.6856689453125,-0.6681428551673889,1014.5142857142857,1,518,1,0,0,31,21,62
0,99.0,0.0022805016487836838,1758.0,143.73809523809516,12691.5,25.016666412353516,7.0333333015441895,14353.7998046875,21.433332443237305,4.599999904632568,4.983333110809326,43.54999923706055,20618.666015625,2206.8,0.8972142934799194,26.10607147216797,296.9428571428571,1582.89990234375,1891.6285400390625,-0.6620714068412781,1010.2857142857143,8,481,1,0,0,34,3,40
0,129.0,0.29304447770118713,9131.0,145.11627906976736,10999.77734375,24.427776336669922,6.244444370269775,14476.4111328125,21.372222900390625,4.400000095367432,5.022222518920898,45.32222366333008,19989.0,2173.942857142857,0.9071666598320007,26.21738052368164,298.7142857142857,1584.0360107421875,1884.4000244140625,-0.6746428608894348,1010.0285714285715,2,481,1,0,0,31,21,55
0,72.0,0.0,7722.0,119.89999999999985,9958.111328125,28.616666793823242,6.511111259460449,17088.689453125,22.14444351196289,3.700000047683716,4.983333110809326,39.405555725097656,20061.27734375,2080.0857142857144,0.9555000066757202,26.08738136291504,323.0857142857143,1587.416015625,1858.914306640625,-0.564047634601593,998.7142857142857,6,481,1,0,0,31,6,31
0,77.0,0.0,3805.0,120.06818181818164,10619.666015625,28.69444465637207,5.150000095367432,16327.64453125,21.788888931274414,4.099999904632568,5.016666412353516,34.099998474121094,19276.5,2098.0857142857144,0.9607381224632263,26.167381286621094,324.57142857142856,1590.6712646484375,1855.7427978515625,-0.5533571243286133,1001.5714285714286,7,481,1,0,0,21,2,29
0,93.0,0.0,4786.0,120.06818181818164,10004.6669921875,27.066667556762695,9.766666412353516,15675.783203125,21.91666603088379,4.099999904632568,5.083333492279053,33.099998474121094,18579.0,2113.1428571428573,0.9755714535713196,26.295238494873047,326.3142857142857,1590.9715576171875,1852.5428466796875,-0.5348571538925171,1005.4571428571429,9,481,1,0,0,31,9,36
0,80.0,0.006841504946351051,22540.0,121.10638297872325,9567.6669921875,27.78333282470703,6.583333492279053,16891.19921875,22.450000762939453,4.400000095367432,5.083333492279053,39.20000076293945,18378.333984375,2168.3714285714286,1.0012381076812744,26.610713958740234,333.6857142857143,1630.287109375,1808.5714111328125,-0.5959285497665405,1024.3714285714286,4,518,1,0,0,24,9,32
0,60.0,0.0,27222.0,121.53191489361686,9723.5,28.366666793823242,4.766666889190674,15707.349609375,21.91666603088379,3.799999952316284,5.050000190734863,41.400001525878906,17556.666015625,2243.6,1.013952374458313,26.556428909301758,311.2857142857143,1584.7275390625,1853.5999755859375,-0.6449761986732483,1024.9714285714285,1,481,1,0,0,21,14,29
1,63.0,0.026225769892334938,32767.0,122.38297872340408,10895.5,29.78333282470703,9.800000190734863,15261.716796875,23.08333396911621,3.799999952316284,5.0333333015441895,40.33333206176758,19990.333984375,2267.4857142857145,0.998285710811615,26.45035743713379,316.3142857142857,1596.8634033203125,1837.5999755859375,-0.6076904535293579,1022.1428571428571,9,518,1,0,0,42,2,24
0,99.0,0.08323831111192703,32767.0,123.12765957446791,13039.8330078125,24.100000381469727,5.900000095367432,14707.81640625,22.483333587646484,4.099999904632568,4.983333110809326,41.900001525878906,17151.666015625,2233.5714285714284,1.0023332834243774,26.41476058959961,309.14285714285717,1591.3433837890625,1856.4571533203125,-0.6254761815071106,1025.6,3,481,1,0,0,34,15,38
0,112.0,0.011402508243918419,32767.0,123.6521739130433,11120.0,26.983333587646484,7.433333396911621,15934.4443359375,21.5222225189209,4.333333492279053,5.0333333015441895,38.0,18690.111328125,2133.7714285714287,1.007285714149475,26.449642181396484,319.74285714285713,1598.1798095703125,1842.5714111328125,-0.6120714545249939,1020.0285714285715,3,481,1,0,0,34,12,46
0,73.49163188819281,0.0,32767.0,122.99999999999984,11599.5,27.149999618530273,3.3499999046325684,17243.8671875,21.366666793823242,4.199999809265137,5.199999809265137,37.0,19601.833984375,2019.8,0.9718571305274963,26.050952911376953,328.2,1606.93896484375,1830.5142822265625,-0.5961904525756836,1003.6571428571428,3,481,1,0,0,21,7,35
0,316.0,0.6659064888954163,1967.0,277.0204081632651,17885.22265625,30.816665649414062,0.9333333373069763,17633.244140625,22.14444351196289,4.300000190734863,4.583333492279053,29.983333587646484,20730.888671875,1590.942857142857,0.6236904859542847,25.43535804748535,75.42857142857143,1362.423583984375,2023.028564453125,-0.9146904945373535,969.1428571428571,0,469,1,0,0,31,4,120
0,251.0,0.38198402523994446,1771.0,274.9795918367345,17623.333984375,32.28333282470703,0.6166666746139526,19899.80078125,24.08333396911621,4.900000095367432,4.849999904632568,27.16666603088379,25626.0,1591.7428571428572,0.6223571300506592,25.437856674194336,78.2,1363.100830078125,2025.4000244140625,-0.9255238175392151,966.6571428571428,0,469,1,0,0,41,6,95
0,153.0,0.7366020679473877,1255.0,274.71428571428544,17997.77734375,31.28333282470703,0.8333333134651184,17364.837890625,22.63888931274414,4.566666603088379,4.705555438995361,28.577777862548828,20424.443359375,1612.8285714285714,0.6030476093292236,25.341785430908203,78.45714285714286,1370.3756103515625,2024.5142822265625,-0.9368571639060974,967.4571428571429,1,469,1,0,0,42,17,73
0,297.0,0.5347776412963867,2887.0,275.85714285714266,14925.5927734375,31.674072265625,0.5666666626930237,16840.6328125,21.39444351196289,4.044444561004639,4.577777862548828,31.1629638671875,18327.22265625,1635.0285714285715,0.5940238237380981,25.302143096923828,81.6,1361.786376953125,2001.7142333984375,-0.9477142691612244,957.3142857142857,2,469,1,0,0,21,4,119
0,265.0,0.5028506517410278,2023.0,278.85714285714266,16206.3330078125,29.53333282470703,0.44999998807907104,17744.31640625,22.41666603088379,4.099999904632568,4.599999904632568,28.433332443237305,18703.666015625,1642.2285714285715,0.5967857241630554,25.292261123657227,81.65714285714286,1359.036376953125,1992.17138671875,-0.9767380952835083,955.7142857142857,3,469,1,0,0,31,4,113
0,134.0,0.23261117935180664,2060.0,285.142857142857,18527.166015625,28.78333282470703,1.850000023841858,20405.900390625,23.183332443237305,4.199999809265137,4.900000095367432,31.866666793823242,23530.5,1672.0857142857142,0.5750952363014221,25.078094482421875,79.14285714285714,1351.73291015625,1959.0,-0.9958809614181519,948.1428571428571,2,505,1,0,0,31,3,53
0,147.0,0.5735461711883545,1081.0,291.4693877551019,18221.333984375,29.066667556762695,0.4000000059604645,18566.56640625,22.83333396911621,3.299999952316284,4.900000095367432,27.899999618530273,24958.166015625,1665.3714285714286,0.5706190466880798,25.03392791748047,81.91428571428571,1357.5826416015625,1940.2857666015625,-1.0014047622680664,947.6,0,505,1,0,0,31,2,54
0,369.0,0.9532496929168701,1072.0,299.06122448979573,14630.3330078125,29.5,1.4500000476837158,19832.533203125,23.350000381469727,3.4000000953674316,4.900000095367432,27.950000762939453,19022.666015625,1668.6285714285714,0.5723094940185547,25.103214263916016,81.0,1349.037841796875,1922.085693359375,-0.9148333668708801,944.7428571428571,1,505,1,0,1,21,32,175
0,290.0,0.6145952343940735,1937.0,310.3673469387753,12784.8330078125,30.483333587646484,0.30000001192092896,20090.5,22.316667556762695,3.299999952316284,4.583333492279053,28.766666412353516,23700.833984375,1666.3428571428572,0.5778571367263794,25.13083267211914,82.28571428571429,1344.89599609375,1906.971435546875,-0.8722380995750427,942.0,0,505,1,0,1,42,33,129
0,390.0,0.9714937210083008,1031.0,314.93877551020387,14897.6669921875,27.066667556762695,1.1333333253860474,20067.900390625,24.75,3.9000000953674316,4.800000190734863,30.41666603088379,29009.666015625,1671.8,0.5724762082099915,25.08892822265625,80.31428571428572,1349.66455078125,1907.1142578125,-0.8720714449882507,945.3714285714286,1,505,1,0,1,42,12,199
1,284.0,0.4389965832233429,1477.0,338.9387755102038,14082.0,28.5,0.8999999761581421,17304.8671875,22.03333282470703,3.5,4.800000190734863,30.233333587646484,17848.666015625,1734.7428571428572,0.571238100528717,24.99738121032715,73.71428571428571,1341.6656494140625,1905.94287109375,-0.6643571257591248,945.8,0,505,1,0,0,42,13,123
0,347.0134103425865,0.8346636295318604,1072.0,336.8163265306121,13700.5,28.183332443237305,0.7833333611488342,17729.099609375,23.100000381469727,3.9000000953674316,4.849999904632568,32.75,19457.5,1839.9142857142858,0.5662857294082642,24.8891658782959,64.14285714285714,1344.2923583984375,1998.8857421875,-0.43002381920814514,955.1142857142858,0,505,1,0,0,41,17,173
0,,0.5393386483192444,2688.0,333.12244897959164,18405.5,28.21666717529297,1.25,16810.8671875,21.71666717529297,3.700000047683716,4.933333396911621,39.33333206176758,22554.666015625,1889.6857142857143,0.5712142586708069,24.959047317504883,58.0,1342.764892578125,2064.485595703125,-0.4909047484397888,961.7714285714286,0,505,1,0,0,41,5,
0,255.0,0.3774230182170868,3375.0,332.61224489795904,14843.7216796875,24.816667556762695,1.1666667461395264,19099.494140625,21.983333587646484,4.0333333015441895,4.683333396911621,38.272220611572266,21574.0546875,1936.0285714285715,0.572857141494751,24.911785125732422,52.457142857142856,1338.89208984375,2123.685791015625,-0.4330476224422455,964.8285714285714,2,505,1,0,0,41,9,95
0,351.0,0.4675028622150421,3723.0,332.02040816326513,16536.333984375,25.766666412353516,2.616666555404663,18430.583984375,22.58333396911621,4.0,4.699999809265137,39.63333511352539,21670.0,1972.6571428571428,0.5709285736083984,24.858213424682617,50.02857142857143,1339.919921875,2171.54296875,-0.388785719871521,967.4,1,505,1,0,0,41,5,133
0,359.0,0.5507411360740662,6296.0,332.85714285714266,17205.666015625,23.53333282470703,5.233333110809326,18060.80078125,24.233333587646484,4.099999904632568,4.699999809265137,38.78333282470703,24756.333984375,2001.6285714285714,0.5716666579246521,24.84000015258789,46.94285714285714,1335.902099609375,2202.685791015625,-0.3376428782939911,968.0,1,505,1,0,0,21,4,142
0,317.0,0.22120866179466248,6052.0,333.9795918367345,18793.833984375,34.266666412353516,1.8333333730697632,20240.650390625,23.100000381469727,6.300000190734863,4.800000190734863,32.733333587646484,38816.5,2094.6857142857143,0.5786190629005432,25.027618408203125,41.65714285714286,1335.73046875,2305.71435546875,-0.3000714182853699,977.0571428571428,2,505,1,0,0,31,10,119
0,267.0,0.16077536344528198,5919.0,333.9795918367345,17729.666015625,34.58333206176758,0.25,18990.017578125,23.816667556762695,6.300000190734863,4.833333492279053,30.799999237060547,38826.0,2116.4857142857145,0.590404748916626,25.145475387573242,42.68571428571428,1339.2896728515625,2315.94287109375,-0.21088093519210815,981.1142857142858,1,505,1,0,0,41,8,107
0,267.0,0.16419611871242523,3750.0,339.4897959183671,17987.666015625,28.299999237060547,1.350000023841858,21282.267578125,21.66666603088379,3.5,4.849999904632568,35.20000076293945,22777.0,2107.4,0.5843333601951599,25.112499237060547,45.714285714285715,1337.6844482421875,2283.94287109375,-0.18564286828041077,975.6,1,505,1,0,0,31,9,111
0,306.0,0.7685290575027466,1041.0,333.0408163265303,14794.8330078125,30.350000381469727,0.9833333492279053,22890.31640625,21.96666717529297,3.4000000953674316,4.800000190734863,25.100000381469727,22015.833984375,2137.714285714286,0.5733809471130371,24.898096084594727,54.285714285714285,1346.665771484375,2254.628662109375,-0.007761913351714611,968.7714285714286,4,505,1,0,0,42,6,150
0,270.0,0.4378563165664673,2181.0,330.4285714285711,14817.6669921875,33.53333282470703,1.0,18106.93359375,21.58333396911621,3.700000047683716,4.7833333015441895,25.683332443237305,18352.833984375,2164.4857142857145,0.5856190323829651,24.99333381652832,59.97142857142857,1337.9644775390625,2244.94287109375,0.06457144021987915,961.0571428571428,3,505,1,0,0,31,11,100
0,363.0,0.7651083469390869,1881.0,326.8979591836732,16758.666015625,36.29999923706055,1.850000023841858,22273.8671875,22.683332443237305,5.900000095367432,4.650000095367432,22.71666717529297,33075.33203125,2169.8285714285716,0.5876428484916687,25.02142906188965,69.54285714285714,1345.5042724609375,2238.60009765625,0.0935952216386795,956.6,0,505,1,1,0,41,15,140
1,84.0,0.0672748014330864,4444.0,326.8979591836732,14912.6669921875,39.400001525878906,1.2166666984558105,20622.232421875,21.66666603088379,5.5,4.5,21.816667556762695,56371.5,2197.5714285714284,0.6049047708511353,25.1875,70.51428571428572,1345.489990234375,2242.1142578125,0.10311906039714813,960.3142857142857,2,469,1,0,0,31,22,31
0,278.0,0.8483466506004333,2144.0,317.22448979591803,15527.611328125,36.761112213134766,0.3333333432674408,18553.98828125,20.877777099609375,3.299999952316284,4.4277777671813965,19.633333206176758,17369.27734375,2249.1428571428573,0.5915238261222839,24.961904525756836,74.0,1343.7684326171875,2253.142822265625,0.16233330965042114,950.6285714285714,1,505,1,0,0,42,8,106
0,223.0,0.758266806602478,1083.0,312.87755102040785,15034.1669921875,37.28333282470703,0.5,17321.6328125,20.633333206176758,3.200000047683716,4.483333110809326,17.883333206176758,17291.333984375,2295.9142857142856,0.5890238285064697,24.89214324951172,72.71428571428571,1343.4227294921875,2257.314208984375,0.18845239281654358,950.4,0,505,1,0,0,31,3,83
0,322.0,0.865450382232666,1130.0,309.0204081632651,17792.333984375,38.650001525878906,0.3333333432674408,20712.966796875,20.883333206176758,3.799999952316284,4.449999809265137,20.516666412353516,20358.666015625,2331.8571428571427,0.5918095111846924,25.0049991607666,73.74285714285715,1347.9886474609375,2274.771484375,0.14530950784683228,954.6285714285714,0,505,1,0,0,42,3,160
0,415.0,0.9076396822929382,1190.0,307.7551020408159,16230.3330078125,35.79999923706055,0.15000000596046448,17903.1328125,21.383333206176758,3.4000000953674316,4.400000095367432,19.649999618530273,17365.666015625,2352.5714285714284,0.5971666574478149,25.040237426757812,71.54285714285714,1344.06005859375,2294.1142578125,0.2082618921995163,955.2571428571429,0,505,1,0,0,42,7,155
0,217.70054905378157,0.9646522402763367,1031.0,303.69387755102014,14591.0,39.56666564941406,1.0499999523162842,17333.283203125,20.96666717529297,4.099999904632568,4.383333206176758,14.016666412353516,16900.166015625,2450.6857142857143,0.5925238132476807,24.92440414428711,70.25714285714285,1342.5252685546875,2314.371337890625,0.18485714495182037,954.6285714285714,0,505,1,0,0,21,30,107
0,225.0,0.6453819870948792,1120.0,327.1020408163262,13665.0,31.899999618530273,0.4833333194255829,15574.7666015625,20.71666717529297,3.9000000953674316,4.099999904632568,30.116666793823242,17286.166015625,2772.3714285714286,0.603857159614563,25.333452224731445,94.8,1344.0694580078125,2220.685791015625,0.4219285845756531,941.6285714285714,0,505,1,0,1,31,35,112
0,334.0,0.7525655627250671,2209.0,325.91836734693857,14176.4443359375,29.233333587646484,1.6166666746139526,16329.9111328125,21.644445419311523,3.8333332538604736,4.050000190734863,29.044445037841797,18039.888671875,2737.0285714285715,0.6035714149475098,25.349166870117188,97.22857142857143,1347.700927734375,2207.485595703125,0.41640475392341614,942.1142857142858,0,505,1,1,0,21,31,165
0,284.0,0.906499445438385,1120.0,333.32653061224454,17886.0,30.96666717529297,1.350000023841858,19527.80078125,22.616666793823242,4.5,4.083333492279053,31.399999618530273,23103.0,2699.1714285714284,0.6114285588264465,25.520713806152344,108.14285714285714,1345.2091064453125,2158.371337890625,0.4209761917591095,934.4857142857143,0,474,1,1,0,41,22,140
0,410.0,0.8745723962783813,1065.0,329.08163265306075,15934.1669921875,32.900001525878906,1.4333332777023315,19010.94921875,21.899999618530273,4.5,4.0,31.83333396911621,20488.666015625,2690.542857142857,0.6140952706336975,25.58035659790039,109.62857142857143,1348.216796875,2154.571533203125,0.4391666650772095,936.1714285714286,1,474,1,1,0,42,13,202
0,195.0,0.6738882660865784,1190.0,329.08163265306075,15116.8330078125,30.350000381469727,2.0,16922.93359375,21.21666717529297,4.400000095367432,4.083333492279053,31.75,17036.333984375,2682.9714285714285,0.6165714263916016,25.61750030517578,111.0,1351.5672607421875,2153.71435546875,0.4556904733181,937.6571428571428,2,474,1,1,0,31,2,96
0,321.0,0.9532496929168701,1068.0,305.2040816326528,17140.72265625,33.511112213134766,3.116666555404663,19236.921875,22.833332061767578,4.566666603088379,4.066666603088379,25.96666717529297,17273.833984375,2769.0285714285715,0.6259762048721313,25.683334350585938,109.62857142857143,1354.7783203125,2177.371337890625,0.46040478348731995,945.9428571428572,1,474,1,0,1,31,15,121
1,115.0,0.3854047954082489,3421.0,298.2653061224488,,,,,,,,,41718.0,2750.8571428571427,0.6324523687362671,25.80023765563965,108.68571428571428,1353.45947265625,2179.914306640625,0.4399047791957855,949.0571428571428,0,496,1,1,0,41,18,43
0,360.0,0.8586089015007019,1122.0,304.97959183673447,15030.8330078125,28.41666603088379,0.6166666746139526,15810.5166015625,21.683332443237305,4.599999904632568,4.0,26.5,17628.833984375,2955.542857142857,0.6578094959259033,26.049880981445312,103.77142857142857,1361.860107421875,2221.6572265625,0.32359522581100464,967.2,0,497,1,0,1,24,35,176
0,290.0,0.8551881313323975,1143.0,305.97959183673447,14048.6669921875,27.799999237060547,1.649999976158142,16499.8671875,22.649999618530273,4.199999809265137,4.083333492279053,28.950000762939453,19109.333984375,2925.3714285714286,0.6650952100753784,26.22916603088379,104.65714285714286,1359.6199951171875,2266.6572265625,0.21226190030574799,968.7714285714286,0,497,1,0,1,31,14,142
1,245.0,0.29418471455574036,1409.0,305.97959183673447,14876.8330078125,28.883333206176758,1.4166666269302368,17866.69921875,21.75,4.199999809265137,4.133333206176758,28.366666793823242,18299.5,2925.3714285714286,0.6650952100753784,26.22916603088379,104.65714285714286,1359.6199951171875,2266.6572265625,0.21226190030574799,968.7714285714286,0,497,1,1,0,31,13,119
1,163.0,0.4743443429470062,1451.0,305.08163265306104,15094.0,26.33333396911621,1.899999976158142,17830.6328125,24.21666717529297,4.699999809265137,4.083333492279053,31.850000381469727,23776.0,2924.285714285714,0.668833315372467,26.269285202026367,107.37142857142857,1361.972412109375,2266.914306640625,0.15769048035144806,968.8,0,497,1,0,1,41,2,79
0,297.0,0.9053592085838318,1083.0,298.3673469387753,14105.5,30.78333282470703,0.8666666746139526,18106.94921875,21.799999237060547,4.199999809265137,4.050000190734863,26.600000381469727,15914.0,2972.114285714286,0.6777619123458862,26.289047241210938,115.11428571428571,1371.4322509765625,2247.971435546875,0.10030952841043472,968.7714285714286,0,497,1,0,1,34,35,141
0,261.0,0.9589509963989258,1039.0,291.14285714285694,15142.0,28.516666412353516,0.8333333134651184,16452.0,24.350000381469727,4.300000190734863,3.9833333492279053,30.41666603088379,18666.0,2952.2,0.6781904697418213,26.32023811340332,112.65714285714286,1369.54443359375,2292.742919921875,-0.03592856973409653,970.2285714285714,0,497,1,0,1,31,35,124
0,310.0,0.9692132472991943,1051.0,290.6530612244896,15351.5,33.599998474121094,1.399999976158142,19442.30078125,23.366666793823242,4.300000190734863,4.0,30.233333587646484,17703.666015625,2988.2285714285713,0.6818095445632935,26.317975997924805,117.42857142857143,1372.937744140625,2259.742919921875,-0.021142851561307907,968.8,0,497,1,0,1,41,35,147
1,352.0,0.1892816424369812,1581.0,281.6326530612243,13015.8330078125,33.766666412353516,1.4333332777023315,16114.5498046875,22.200000762939453,4.099999904632568,4.150000095367432,27.183332443237305,47208.66796875,3015.0285714285715,0.6916190385818481,26.461071014404297,118.22857142857143,1376.9742431640625,2262.142822265625,-0.1396428644657135,973.8285714285714,0,497,1,0,1,42,2,148
1,340.0,0.10034207254648209,2246.0,276.61224489795893,16275.6669921875,28.53333282470703,1.4500000476837158,18324.083984375,23.816667556762695,4.300000190734863,4.150000095367432,32.18333435058594,20068.666015625,3015.6285714285714,0.6880238056182861,26.433570861816406,115.45714285714286,1376.1492919921875,2281.8857421875,-0.21478572487831116,974.2857142857143,0,496,1,0,1,31,17,146
1,352.0,0.0,3585.0,271.22448979591803,15261.3330078125,27.33333396911621,2.5333333015441895,15542.8837890625,22.41666603088379,4.0,4.2833333015441895,35.20000076293945,18730.333984375,3020.4,0.6970238089561462,26.555238723754883,116.68571428571428,1383.1939697265625,2285.1142578125,-0.3077857196331024,980.4571428571429,0,496,1,0,1,34,13,131
1,289.0,0.16305586695671082,2395.0,261.3673469387752,15706.1669921875,27.100000381469727,2.038888931274414,19234.5546875,22.883333206176758,5.099999904632568,4.25,31.927778244018555,22892.0,3018.5142857142855,0.6970952153205872,26.55976104736328,113.0,1374.3607177734375,2305.228515625,-0.35459524393081665,979.0285714285715,0,497,1,0,1,31,5,120
1,329.0,0.017103763297200203,1536.0,261.4285714285713,16220.8330078125,27.066667556762695,1.1833332777023315,15797.849609375,22.016666412353516,4.599999904632568,4.183333396911621,34.63333511352539,16576.666015625,3047.057142857143,0.6921428442001343,26.50190544128418,113.08571428571429,1383.658935546875,2294.228515625,-0.37183335423469543,982.8285714285714,0,497,1,0,1,41,17,153
0,145.0,0.6396807432174683,1072.0,256.5510204081631,18850.333984375,28.483333587646484,1.5,16046.2666015625,21.100000381469727,4.199999809265137,4.183333396911621,32.33333206176758,17289.5,3053.542857142857,0.6883809566497803,26.455951690673828,112.11428571428571,1384.854736328125,2297.800048828125,-0.3886428475379944,983.2,0,497,1,0,1,42,2,67
0,165.0,0.9007982015609741,1120.0,243.4081632653059,16702.0,27.0,1.1833332777023315,17504.267578125,23.78333282470703,4.900000095367432,3.9833333492279053,34.36666488647461,19669.0,3059.1428571428573,0.6822618842124939,26.42202377319336,109.71428571428571,1383.1324462890625,2325.800048828125,-0.4717380702495575,983.1142857142858,1,497,1,1,0,41,1,77
0,,0.0,2964.0,243.83673469387733,17931.5,27.03333282470703,2.133333444595337,19005.25,24.96666717529297,4.599999904632568,4.550000190734863,27.366666793823242,23136.833984375,3106.6285714285714,0.6798095107078552,26.40011978149414,110.0,1383.8299560546875,2297.085693359375,-0.5865952372550964,982.1428571428571,6,497,1,1,1,34,8,
0,251.0,0.8335233926773071,1279.0,245.7551020408161,16133.5,25.766666412353516,0.5333333611488342,15403.966796875,22.53333282470703,4.599999904632568,4.083333492279053,33.650001525878906,16073.5,3059.3142857142857,0.673380970954895,26.36571502685547,113.54285714285714,1389.1170654296875,2287.94287109375,-0.6015475988388062,980.4,0,497,1,1,1,41,20,115
0,88.0,0.7103762626647949,1501.0,244.61224489795907,17211.666015625,28.233333587646484,1.3666666746139526,15245.43359375,22.149999618530273,4.599999904632568,4.199999809265137,31.366666793823242,17376.333984375,2908.942857142857,0.6674285531044006,26.335596084594727,124.54285714285714,1405.9591064453125,2257.742919921875,-0.625166654586792,977.4571428571429,1,497,1,1,1,42,8,40
0,88.0,0.4720638394355774,1199.0,239.51020408163245,15377.6669921875,28.5,0.8333333134651184,15965.7333984375,21.866666793823242,4.599999904632568,4.2833333015441895,32.63333511352539,20304.333984375,2849.6857142857143,0.6622619032859802,26.265594482421875,124.28571428571429,1406.1939697265625,2263.142822265625,-0.6624047756195068,975.6285714285714,2,497,1,0,0,41,7,33
0,123.0,0.8859749436378479,1043.0,238.30612244897944,14243.5556640625,26.05000114440918,1.4555555582046509,14452.8779296875,21.011112213134766,4.599999904632568,4.150000095367432,36.08333206176758,18088.388671875,2860.542857142857,0.6627143025398254,26.257976531982422,124.2,1406.849853515625,2261.05712890625,-0.6531428694725037,976.1428571428571,4,497,1,0,0,42,5,48
0,220.0,0.6681870222091675,1089.0,234.51020408163257,15963.5556640625,29.042593002319336,0.9648147821426392,15095.8701171875,20.761110305786133,4.422222137451172,4.192592620849609,34.837039947509766,17787.482421875,2815.5142857142855,0.6610952615737915,26.230714797973633,127.82857142857142,1407.5218505859375,2247.742919921875,-0.6903809905052185,971.6285714285714,0,497,1,0,0,24,8,83
0,209.0,0.3933865427970886,2169.0,234.51020408163257,15200.0,28.549999237060547,0.7166666388511658,18101.19921875,24.983333587646484,5.199999809265137,4.183333396911621,31.83333396911621,21000.0,2862.6285714285714,0.680571436882019,26.33119010925293,118.28571428571429,1399.8585205078125,2285.371337890625,-0.7139999866485596,981.8285714285714,0,497,1,0,0,31,35,72
0,210.0,0.44925883412361145,1094.0,234.34693877551013,16150.111328125,29.244443893432617,1.894444465637207,17788.51171875,23.511110305786133,5.066666603088379,4.2833333015441895,32.83888626098633,19314.888671875,2807.2571428571428,0.68621426820755,26.3367862701416,124.71428571428571,1401.6962890625,2263.971435546875,-0.7142381072044373,976.6,0,497,1,0,0,41,7,80
1,205.0,0.07753705978393555,1717.0,235.16326530612233,14853.8330078125,27.350000381469727,1.649999976158142,15158.68359375,21.766666412353516,4.099999904632568,4.383333206176758,35.04999923706055,16684.0,2789.114285714286,0.6736190319061279,26.27214241027832,128.34285714285716,1406.1627197265625,2251.514404296875,-0.6958094835281372,972.4,1,497,1,0,0,31,21,72
0,161.0,0.0011402508243918419,2142.0,235.59183673469377,15938.1669921875,27.21666717529297,0.4166666567325592,15700.8662109375,21.899999618530273,4.099999904632568,4.25,33.95000076293945,17837.5,2749.7714285714287,0.6601904630661011,26.18833351135254,125.62857142857143,1405.01611328125,2250.199951171875,-0.6704999804496765,971.1428571428571,1,497,1,0,0,31,32,69
0,148.0,0.5108323693275452,2541.0,243.95918367346923,15380.1669921875,25.66666603088379,2.066666603088379,15884.716796875,21.21666717529297,4.099999904632568,4.150000095367432,35.266666412353516,18878.166015625,2854.942857142857,0.6509761810302734,26.13249969482422,130.94285714285715,1414.0750732421875,2223.571533203125,-0.6583095192909241,967.6571428571428,0,497,1,0,1,21,18,56
0,82.0,0.7696693539619446,1310.0,243.95918367346923,14369.3330078125,25.538888931274414,0.9444444179534912,15387.9326171875,21.200000762939453,3.933333396911621,4.094444274902344,34.38888931274414,15672.4443359375,2854.942857142857,0.6509761810302734,26.13249969482422,130.94285714285715,1414.0750732421875,2223.571533203125,-0.6583095192909241,967.6571428571428,1,497,1,0,0,31,2,37
0,127.07490373353787,0.3774230182170868,2137.0,249.42857142857127,15867.8330078125,24.383333206176758,2.0333333015441895,15887.9833984375,21.58333396911621,4.699999809265137,4.183333396911621,35.650001525878906,17656.833984375,2950.1714285714284,0.661142885684967,26.1492862701416,126.77142857142857,1414.1475830078125,2215.8857421875,-0.6539999842643738,972.7714285714286,0,497,1,0,1,31,33,46
0,125.0,0.0,3267.0,251.46938775510188,,,,,,,,,,2951.9714285714285,0.6681904792785645,26.204404830932617,130.02857142857144,1419.38671875,2211.39990234375,-0.6668094992637634,973.9142857142857,0,482,1,0,0,41,7,48
0,84.0,0.23945267498493195,4518.0,252.89795918367327,15419.5,29.816667556762695,1.2833333015441895,17366.599609375,20.183332443237305,4.199999809265137,4.383333206176758,43.766666412353516,17805.833984375,3000.8,0.6627857089042664,26.104881286621094,127.08571428571429,1416.3079833984375,2197.857177734375,-0.6632381081581116,972.0571428571428,4,476,1,0,0,41,2,38
0,190.6112344103866,0.7810718417167664,2230.0,247.53061224489775,14539.0,30.78333282470703,4.633333206176758,17324.5,22.450000762939453,4.300000190734863,4.183333396911621,37.29999923706055,17359.5,3000.9714285714285,0.6690952181816101,26.165952682495117,126.08571428571429,1414.1563720703125,2187.628662109375,-0.649738073348999,973.2285714285714,0,482,1,0,0,42,5,75
0,232.0,0.8107183575630188,1048.0,249.34693877551,17384.333984375,32.25,7.4666666984558105,23216.533203125,21.383333206176758,4.400000095367432,4.0333333015441895,44.29999923706055,19272.666015625,3026.3714285714286,0.6672142744064331,26.072738647460938,126.42857142857143,1417.52392578125,2183.94287109375,-0.6499524116516113,973.1142857142858,1,476,1,0,1,41,5,106
0,114.0,0.745724081993103,1097.0,259.10204081632634,15350.8330078125,26.483333587646484,2.700000047683716,15644.966796875,21.0,4.0,4.133333206176758,47.400001525878906,17239.5,3061.342857142857,0.6636190414428711,26.01821517944336,126.88571428571429,1419.1243896484375,2185.685791015625,-0.6784762144088745,972.6,0,476,1,0,1,42,6,53
1,105.0,0.4116305708885193,1328.0,260.34693877551007,16395.5,29.016666412353516,3.200000047683716,23697.69921875,23.100000381469727,4.400000095367432,4.133333206176758,50.233333587646484,24121.0,3004.2285714285713,0.6867856979370117,26.102262496948242,129.88571428571427,1417.2449951171875,2189.971435546875,-0.627047598361969,973.6571428571428,0,476,1,0,1,42,34,40
0,203.0,0.45039910078048706,1068.0,261.8571428571427,15733.0,29.66666603088379,2.6666667461395264,23749.19921875,23.25,4.5,4.166666507720947,47.06666564941406,21996.0,2983.4,0.695976197719574,26.136667251586914,129.4857142857143,1417.6553955078125,2217.199951171875,-0.5606904625892639,976.9714285714285,0,476,1,1,0,42,6,89
1,162.0,0.6054732203483582,1163.0,263.30612244897947,16754.0,27.700000762939453,0.7333333492279053,14723.400390625,20.16666603088379,4.599999904632568,3.9833333492279053,52.599998474121094,17190.5,2988.4857142857145,0.6994285583496094,26.16607093811035,129.94285714285715,1419.5703125,2252.142822265625,-0.49785712361335754,978.0857142857143,0,476,1,1,0,42,34,77
1,212.0,0.34891676902770996,1155.0,266.2857142857141,15378.0,31.200000762939453,1.9833333492279053,15220.7998046875,20.41666603088379,4.400000095367432,4.099999904632568,43.71666717529297,19604.333984375,3002.8285714285716,0.7050238251686096,26.179643630981445,130.6,1422.869873046875,2287.371337890625,-0.4627380967140198,980.2857142857143,0,476,1,1,0,42,35,100
0,150.0,0.7194982767105103,1199.0,269.4489795918366,18894.333984375,30.883333206176758,1.9666666984558105,14216.0,20.41666603088379,4.5,3.950000047683716,46.266666412353516,18711.333984375,3036.0857142857144,0.7061904668807983,26.12392807006836,128.94285714285715,1425.8177490234375,2327.800048828125,-0.4322381019592285,983.4285714285714,1,476,1,0,0,42,32,68
0,301.0,0.7605473399162292,1160.0,281.02040816326513,19372.5,37.58333206176758,4.300000190734863,18589.716796875,23.16666603088379,4.599999904632568,4.0333333015441895,38.36666488647461,22447.833984375,3116.5714285714284,0.7175714373588562,26.185832977294922,127.51428571428572,1422.73486328125,2409.742919921875,-0.4273333251476288,985.3714285714286,0,476,1,1,0,11,6,146
0,250.0,0.5427594184875488,2814.0,284.14285714285694,17160.0,38.983333587646484,3.683333396911621,17993.5,23.350000381469727,4.5,4.050000190734863,37.21666717529297,21805.5,3158.0285714285715,0.7297381162643433,26.203571319580078,121.6,1411.137451171875,2455.028564453125,-0.4823095202445984,986.9428571428572,0,476,1,0,0,31,16,91
0,165.0,0.3705815374851227,4142.0,281.0612244897957,16662.5,30.46666717529297,2.200000047683716,14122.9169921875,21.350000381469727,4.0,4.050000190734863,47.75,17434.0,3176.057142857143,0.7193333506584167,26.019166946411133,123.6,1415.7413330078125,2466.3427734375,-0.5151428580284119,983.8,0,476,1,0,0,31,10,58
0,266.0,0.5267959237098694,1136.0,285.0408163265303,17494.666015625,32.83333206176758,1.5833333730697632,14834.7001953125,21.53333282470703,4.199999809265137,4.050000190734863,39.900001525878906,18726.166015625,3193.6857142857143,0.7249761819839478,26.09476089477539,123.97142857142858,1418.8720703125,2476.628662109375,-0.534428596496582,987.3428571428572,0,476,1,0,0,31,14,102
0,146.0,0.6944127678871155,1140.0,289.9387755102038,16770.5,33.4555549621582,3.1777777671813965,19402.80078125,22.761110305786133,4.566666603088379,4.0611114501953125,35.21666717529297,22120.833984375,3264.5714285714284,0.7396190762519836,26.182737350463867,124.62857142857143,1417.91748046875,2503.94287109375,-0.619690477848053,990.4,0,476,1,0,1,21,6,56
0,158.0,0.2827822268009186,1670.0,296.3673469387752,17235.666015625,35.483333587646484,2.683333396911621,19371.150390625,23.233333587646484,5.199999809265137,4.199999809265137,31.516666412353516,23360.333984375,3275.5142857142855,0.7372857332229614,26.10178565979004,123.57142857142857,1415.88037109375,2500.0,-0.6357619166374207,988.6,2,476,1,0,1,21,8,73
0,64.0,0.1356898546218872,1422.0,302.55102040816297,16723.333984375,33.56666564941406,1.4333332777023315,15805.3662109375,20.83333396911621,5.099999904632568,4.183333396911621,37.03333282470703,19907.0,3324.2285714285713,0.7526666522026062,26.318571090698242,124.4,1420.3372802734375,2538.94287109375,-0.5738571286201477,995.7714285714286,3,476,1,0,0,31,1,25
0,163.0,0.6693272590637207,1543.0,308.99999999999966,17254.666015625,31.016666412353516,1.4166666269302368,15802.4501953125,21.200000762939453,4.099999904632568,4.0333333015441895,39.16666793823242,17653.0,3359.7714285714287,0.7556904554367065,26.318571090698242,123.14285714285714,1418.000244140625,2540.39990234375,-0.5042619109153748,996.4857142857143,0,476,1,0,1,21,1,63
1,387.0,0.6738882660865784,1089.0,330.2448979591834,17310.333984375,34.93333435058594,0.5833333134651184,14757.6337890625,21.53333282470703,4.099999904632568,3.9833333492279053,39.06666564941406,17453.0,3432.6285714285714,0.8016190528869629,26.54464340209961,134.22857142857143,1424.7159423828125,2351.257080078125,-0.28888094425201416,998.7142857142857,0,476,1,0,1,31,30,197
1,305.0,0.15051311254501343,2145.0,284.18367346938743,14855.8330078125,31.28333282470703,1.7166666984558105,16951.166015625,22.133333206176758,4.800000190734863,4.133333206176758,40.63333511352539,35500.0,3271.457142857143,0.8911666870117188,26.697500228881836,158.57142857142858,1432.954345703125,2168.971435546875,2.8214285373687744,999.7428571428571,0,476,1,0,1,21,35,160
0,,0.15393386781215668,2342.0,251.3265306122447,12820.5,28.933332443237305,1.5833333730697632,19305.283203125,23.5,4.900000095367432,4.400000095367432,45.36666488647461,24793.333984375,3229.9142857142856,0.9101190567016602,26.439523696899414,162.8,1439.1651611328125,2216.17138671875,2.255833387374878,1003.3714285714286,0,476,1,1,1,31,1,
1,296.0,0.0,2194.0,259.2244897959182,15804.1669921875,27.63888931274414,2.0444445610046387,17754.66796875,21.566665649414062,4.166666507720947,4.244444370269775,44.79999923706055,19209.166015625,3084.457142857143,0.9691666960716248,26.933334350585938,170.74285714285713,1444.577880859375,2208.228515625,1.974500060081482,1015.2571428571429,0,476,1,1,0,34,6,116
0,222.0,0.8779931664466858,1068.0,264.71428571428555,15659.8330078125,29.983333587646484,1.7000000476837158,16092.81640625,21.149999618530273,4.199999809265137,4.183333396911621,44.20000076293945,28302.166015625,3063.4857142857145,0.9508095383644104,26.758689880371094,168.71428571428572,1441.9539794921875,2223.82861328125,1.9613571166992188,1010.2571428571429,0,476,1,1,0,34,33,117
0,321.0,0.9293044209480286,1085.0,269.1224489795917,15897.8330078125,30.75,1.2666666507720947,16475.283203125,21.116666793823242,3.9000000953674316,4.233333110809326,47.53333282470703,19918.833984375,2990.2571428571428,0.9724524021148682,26.882619857788086,171.42857142857142,1445.2064208984375,2217.485595703125,1.793047547340393,1017.3428571428572,0,476,1,1,0,42,17,170
0,102.0,0.9110604524612427,1065.0,272.8775510204079,14028.0,29.899999618530273,4.5,19971.232421875,27.46666717529297,5.800000190734863,4.483333110809326,40.266666412353516,27034.0,2894.657142857143,1.0495713949203491,26.42202377319336,197.5142857142857,1455.218994140625,2160.39990234375,0.7456428408622742,1032.0857142857142,0,481,1,0,0,21,25,53
0,297.0,0.8232611417770386,1797.0,271.7346938775507,12784.8330078125,28.91111183166504,4.449999809265137,19312.35546875,26.5222225189209,5.599999904632568,4.5722222328186035,38.82222366333008,24796.388671875,2903.7714285714287,1.0288095474243164,26.031070709228516,195.11428571428573,1457.7225341796875,2171.54296875,0.7100714445114136,1029.6571428571428,0,481,1,0,0,21,1,136
0,207.0,0.6978335380554199,1133.0,268.551020408163,15121.3330078125,25.950000762939453,2.9666666984558105,16358.5166015625,22.049999237060547,4.599999904632568,4.449999809265137,46.0,22053.166015625,2634.1428571428573,1.062166690826416,26.61297607421875,210.9142857142857,1459.98095703125,2178.71435546875,0.7593095302581787,1033.2571428571428,1,507,1,0,1,21,9,102
0,218.0,0.7217788100242615,1157.0,264.46938775510176,15505.3330078125,29.399999618530273,1.9666666984558105,16745.3671875,22.016666412353516,4.5,4.4666666984558105,47.11666488647461,23440.0,2586.885714285714,1.079452395439148,26.677976608276367,214.94285714285715,1458.6082763671875,2186.05712890625,0.6953095197677612,1034.942857142857,0,507,1,0,1,31,4,108
0,267.0,0.624857485294342,1160.0,264.4081632653059,13024.5,32.25,2.366666555404663,16815.482421875,21.71666717529297,4.300000190734863,4.383333206176758,42.63333511352539,20316.333984375,2533.4,1.09073805809021,26.72749900817871,216.82857142857142,1456.138427734375,2200.085693359375,0.6978095173835754,1036.1714285714286,0,507,1,0,1,41,10,111
0,114.0,0.05359179154038429,3229.0,262.4897959183671,12780.5,31.299999237060547,1.100000023841858,17408.966796875,22.450000762939453,4.099999904632568,4.483333110809326,46.29999923706055,21769.666015625,2497.8,1.0915237665176392,26.669404983520508,220.31428571428572,1457.757080078125,2201.199951171875,0.7015952467918396,1034.057142857143,4,507,1,0,1,21,7,43
0,200.0,0.29988598823547363,1537.0,260.61224489795893,15047.3330078125,29.316667556762695,1.850000023841858,17394.466796875,22.633333206176758,4.099999904632568,4.449999809265137,46.516666412353516,23046.666015625,2475.4857142857145,1.1203333139419556,26.897024154663086,225.97142857142856,1461.74072265625,2209.485595703125,0.6323333382606506,1039.4285714285713,1,507,1,0,1,41,10,77
0,77.0,0.13112884759902954,1961.0,261.04081632653043,14041.6669921875,31.683332443237305,2.5166666507720947,17313.833984375,22.316667556762695,4.699999809265137,4.400000095367432,46.54999923706055,22375.666015625,2520.885714285714,1.1125714778900146,26.842500686645508,219.54285714285714,1458.1396484375,2220.6572265625,0.652904748916626,1042.6571428571428,0,507,1,0,0,31,4,30
0,139.0,0.36145952343940735,1327.0,257.65306122448965,13602.6669921875,28.16666603088379,1.2833333015441895,17553.1328125,22.299999237060547,4.0,4.349999904632568,50.93333435058594,20368.0,2606.2285714285713,1.114904761314392,26.82107162475586,221.54285714285714,1463.2322998046875,2229.685791015625,0.6009047627449036,1044.7142857142858,1,507,1,0,0,41,6,59
0,249.0,0.7434435486793518,6494.0,251.55102040816303,13134.0,27.649999618530273,1.649999976158142,15544.099609375,22.116666793823242,3.9000000953674316,4.550000190734863,48.43333435058594,19973.0,2650.342857142857,1.1291428804397583,26.840118408203125,221.34285714285716,1463.69482421875,2240.54296875,0.5421666502952576,1048.142857142857,1,507,1,0,0,21,29,93
0,266.0,0.4720638394355774,13045.0,250.26530612244875,14270.666015625,31.10555648803711,2.133333444595337,18547.12109375,22.366666793823242,4.133333206176758,4.472221851348877,48.85555648803711,20514.0,2764.114285714286,1.1536428928375244,26.95464324951172,216.28571428571428,1463.96240234375,2261.257080078125,0.4581666588783264,1059.4285714285713,3,507,1,0,0,42,11,110
0,166.0,0.24857468903064728,7944.0,248.081632653061,12680.5,28.066667556762695,3.316666603088379,16230.849609375,22.100000381469727,3.799999952316284,4.5,46.53333282470703,21884.0,2843.1714285714284,1.1374047994613647,26.922975540161133,212.28571428571428,1460.9832763671875,2231.771484375,0.44576191902160645,1057.8,2,507,1,0,0,21,6,60
0,143.0,0.19156214594841003,11376.0,249.61224489795902,11937.888671875,29.21666717529297,4.483333587646484,17983.23828125,26.0222225189209,5.5333333015441895,4.483333110809326,41.400001525878906,23034.666015625,2864.457142857143,1.114880919456482,26.559165954589844,211.77142857142857,1462.282470703125,2222.742919921875,0.41469046473503113,1054.8285714285714,3,507,1,0,0,21,9,56
0,238.0,0.2576966881752014,2850.0,255.7755102040815,12839.0,29.733333587646484,2.316666603088379,18044.43359375,23.566667556762695,4.400000095367432,4.683333396911621,45.5,22261.166015625,2849.885714285714,1.1090238094329834,26.733928680419922,211.62857142857143,1462.3900146484375,2214.428466796875,0.467285692691803,1053.6,1,507,1,0,0,41,10,87
1,332.0,0.4047890603542328,1258.0,260.32653061224477,13999.0,30.21666717529297,3.9166667461395264,16073.400390625,22.75,4.300000190734863,4.550000190734863,46.21666717529297,20313.166015625,2858.0285714285715,1.1013333797454834,26.82369041442871,214.6,1470.0750732421875,2167.857177734375,0.4106904864311218,1053.7142857142858,0,507,1,1,0,42,8,168
0,144.0,0.9019384384155273,1091.0,263.67346938775495,13258.0,30.78333282470703,6.7166666984558105,19721.80078125,24.516666412353516,5.599999904632568,4.583333492279053,37.58333206176758,24068.0,3047.542857142857,0.9753809571266174,25.846548080444336,202.17142857142858,1475.396728515625,2078.514404296875,0.2245476096868515,1040.6857142857143,0,507,1,1,0,21,8,71
0,167.0,0.8426454067230225,1148.0,223.0612244897958,10879.77734375,28.10555648803711,4.205555438995361,15363.9443359375,21.350000381469727,4.5,4.683333396911621,44.516666412353516,18641.0546875,3100.0,0.9473333358764648,26.223928451538086,216.25714285714287,1512.6456298828125,2047.228515625,-0.10638096928596497,1042.0857142857142,0,507,1,1,0,21,23,60
0,,0.33979475498199463,1291.0,219.63265306122432,11496.5,27.733333587646484,4.050000190734863,15725.75,22.399999618530273,4.199999809265137,4.766666889190674,46.93333435058594,18267.0,3100.0,0.9473333358764648,26.223928451538086,216.25714285714287,1512.6456298828125,2047.228515625,-0.10638096928596497,1042.0857142857142,6,507,1,1,0,42,6,
0,144.0,0.5587229132652283,1092.0,227.71428571428555,13666.0,24.66666603088379,3.6666667461395264,17135.732421875,23.683332443237305,5.0,4.933333396911621,38.88333511352539,21340.333984375,3076.114285714286,0.8892619013786316,26.103452682495117,238.5142857142857,1603.4102783203125,2013.800048828125,0.024404771625995636,1062.057142857143,0,518,1,1,0,21,20,55
0,111.0,0.30102622509002686,3370.0,232.4897959183672,14966.1669921875,26.983333587646484,2.450000047683716,17196.25,20.91666603088379,5.0,4.650000095367432,45.483333587646484,26843.5,3050.8285714285716,0.8259047865867615,25.39642906188965,220.25714285714287,1534.2587890625,2017.4571533203125,-0.3110952377319336,1021.2285714285714,15,518,1,1,0,31,35,42
0,206.0,0.9224629402160645,1071.0,212.38775510204064,15424.1669921875,28.149999618530273,7.583333492279053,20180.6171875,28.649999618530273,5.400000095367432,4.7833333015441895,38.233333587646484,32931.33203125,3116.342857142857,0.809166669845581,25.46845245361328,241.74285714285713,1609.42578125,1944.82861328125,-0.5715000033378601,1042.5142857142857,0,518,1,1,0,31,1,96
0,220.0,0.6989737749099731,1283.0,188.83673469387745,13969.5,25.766666412353516,8.816666603088379,18452.05078125,23.516666412353516,5.0,4.900000095367432,41.483333587646484,22042.5,3005.8571428571427,0.8258095383644104,25.657024383544922,259.1714285714286,1629.0740966796875,1926.085693359375,-0.58647620677948,1043.8857142857144,2,518,1,1,0,31,25,101
0,131.0,0.704675018787384,9499.0,167.40816326530606,9995.6669921875,24.700000762939453,5.983333110809326,17917.8828125,25.83333396911621,5.900000095367432,4.7833333015441895,45.21666717529297,27826.5,2715.542857142857,0.8153571486473083,25.33547592163086,257.34285714285716,1582.7828369140625,1939.228515625,-0.6048809885978699,1015.1428571428571,2,481,1,0,0,31,12,49
0,74.0,0.0,2410.0,159.8979591836734,11233.6669921875,27.450000762939453,3.700000047683716,15610.0166015625,21.0,4.400000095367432,4.883333206176758,44.86666488647461,18306.5,2630.342857142857,0.8394761681556702,25.641786575317383,263.2,1569.335205078125,1938.05712890625,-0.6315237879753113,1013.3714285714286,5,481,1,0,0,31,2,27
0,88.0,0.28620296716690063,2982.0,152.77551020408157,15755.6669921875,24.66666603088379,4.733333110809326,17455.56640625,22.883333206176758,4.599999904632568,4.900000095367432,46.28333282470703,19100.333984375,2616.8571428571427,0.8459047675132751,25.726428985595703,262.8285714285714,1562.48974609375,1937.6856689453125,-0.6307857036590576,1012.8857142857142,4,481,1,0,0,31,7,34
0,81.0,0.0,3577.0,145.6530612244898,12501.0,24.78333282470703,4.116666793823242,15740.2998046875,21.866666793823242,4.300000190734863,4.866666793823242,44.29999923706055,18887.0,2600.2285714285713,0.8480952382087708,25.634166717529297,263.0285714285714,1555.737548828125,1944.8857421875,-0.6511190533638,1009.4285714285714,6,481,1,0,0,41,24,36
0,63.0,0.0,9028.0,145.6530612244898,11934.3330078125,23.683332443237305,3.7666666507720947,15695.533203125,20.58333396911621,4.400000095367432,4.900000095367432,47.04999923706055,18458.666015625,2612.114285714286,0.855904757976532,25.733333587646484,261.0285714285714,1550.76171875,1945.4000244140625,-0.6707618832588196,1011.6,5,481,1,0,0,31,3,25
0,146.0,0.006841504946351051,2694.0,139.83673469387747,12662.6669921875,26.28333282470703,7.016666889190674,15537.4833984375,21.299999237060547,4.199999809265137,5.0333333015441895,44.900001525878906,19896.666015625,2610.114285714286,0.8483095169067383,25.753095626831055,262.3142857142857,1563.0848388671875,1924.7142333984375,-0.6867619156837463,1015.9714285714285,6,481,1,0,0,41,20,58
0,122.0,0.24857468903064728,9911.0,137.75510204081624,12860.3330078125,30.83333396911621,4.4666666984558105,18363.033203125,25.233333587646484,5.099999904632568,4.683333396911621,39.43333435058594,23804.5,2611.0,0.85230952501297,25.645475387573242,262.0285714285714,1552.455078125,1940.6856689453125,-0.68278568983078,1011.1142857142858,2,518,1,0,0,21,10,46
0,130.0,0.1014823243021965,18242.0,135.46938775510196,10938.0,28.850000381469727,9.883333206176758,14971.2001953125,21.299999237060547,4.300000190734863,4.983333110809326,45.29999923706055,17629.0,2456.6857142857143,0.8743095397949219,25.916309356689453,281.2857142857143,1574.3951416015625,1909.94287109375,-0.6686190366744995,1014.2,6,481,1,0,0,34,14,50
0,120.0,0.03876852989196777,15836.0,136.9183673469387,14691.5,23.700000762939453,5.25,16320.150390625,21.25,4.400000095367432,4.983333110809326,45.733333587646484,19757.5,2356.542857142857,0.8965714573860168,26.13749885559082,291.74285714285713,1580.431640625,1896.5428466796875,-0.6434285640716553,1014.6285714285714,6,481,1,0,0,34,13,45
0,150.0,0.38882553577423096,3969.0,141.67346938775503,13412.0,23.116666793823242,4.733333110809326,14108.0,21.983333587646484,4.900000095367432,4.883333206176758,47.16666793823242,17777.0,2277.2,0.8830952644348145,26.035476684570312,292.6857142857143,1592.8489990234375,1889.3143310546875,-0.6314047574996948,1016.6285714285714,4,481,1,0,0,41,31,56
0,56.0,0.014823260717093945,16736.0,139.45238095238082,11623.962890625,24.381481170654297,6.581481456756592,16616.013671875,23.55555534362793,5.02222204208374,5.001852035522461,45.6314811706543,22067.259765625,2078.885714285714,0.8885952234268188,25.810476303100586,304.0285714285714,1569.7066650390625,1897.5999755859375,-0.6479761600494385,989.6571428571428,5,481,1,0,0,31,6,24
0,114.0,0.09350056946277618,13726.0,139.45238095238082,12121.5,31.016666412353516,11.300000190734863,19269.18359375,25.53333282470703,6.0,4.883333206176758,33.71666717529297,34354.16796875,2115.8571428571427,0.845214307308197,25.302976608276367,296.62857142857143,1578.393798828125,1903.0,-0.6416190266609192,985.1142857142858,7,481,1,0,0,31,20,52
0,119.0,0.12428734451532364,8681.0,119.99999999999986,8993.1669921875,29.66666603088379,6.150000095367432,18966.966796875,27.399999618530273,5.800000190734863,5.083333492279053,35.266666412353516,27834.5,2024.8,0.9557380676269531,26.13226318359375,337.8857142857143,1598.46337890625,1840.4285888671875,-0.5129761695861816,990.5428571428571,3,481,1,0,0,21,9,44
0,87.0,0.01254275906831026,1967.0,119.99999999999986,8834.5,27.483333587646484,6.0333333015441895,14934.0,22.149999618530273,4.099999904632568,5.199999809265137,32.33333206176758,19546.333984375,2058.285714285714,0.9699047803878784,26.309999465942383,335.2857142857143,1592.5517578125,1843.4857177734375,-0.5449047684669495,995.8285714285714,4,481,1,0,0,41,9,36
0,86.83374023069716,0.009122006595134735,32767.0,121.3023255813952,12017.0,26.983333587646484,6.233333110809326,14850.099609375,22.83333396911621,4.800000190734863,5.099999904632568,38.45000076293945,21251.5,2140.6857142857143,1.0096428394317627,26.42761993408203,321.42857142857144,1597.665771484375,1844.4857177734375,-0.6137142777442932,1018.1142857142858,3,481,1,0,0,24,14,40
0,105.0,0.0,32767.0,122.73913043478242,11172.3330078125,26.316667556762695,5.083333492279053,16102.5888671875,21.816667556762695,4.300000190734863,5.199999809265137,37.45000076293945,18413.0,2104.7714285714287,1.0051190853118896,26.345237731933594,323.45714285714286,1600.476806640625,1849.05712890625,-0.621238112449646,1015.8,5,481,1,0,0,41,9,51
0,84.0,0.0,32767.0,122.11627906976727,11798.3330078125,27.75,4.449999809265137,15535.3837890625,22.616666793823242,4.5,5.199999809265137,39.33333206176758,19659.166015625,1934.4,0.9573809504508972,25.82131004333496,332.65714285714284,1606.6158447265625,1836.4000244140625,-0.5919761657714844,992.5428571428571,6,481,1,0,0,31,16,38
0,115.0,0.03648802638053894,32767.0,122.52777777777763,10846.0,27.183332443237305,8.133333206176758,20645.19921875,27.950000762939453,5.900000095367432,5.050000190734863,40.13333511352539,30697.5,1892.4857142857143,0.930404782295227,25.48047637939453,336.0857142857143,1621.181640625,1825.914306640625,-0.5862380862236023,985.4571428571429,6,481,1,0,0,11,17,54
0,378.0,0.744583785533905,1223.0,300.82499999999976,17073.333984375,33.5,2.75,19162.55078125,23.450000762939453,4.099999904632568,4.733333110809326,28.0,31425.166015625,1697.2857142857142,0.6915714144706726,25.615476608276367,72.94285714285714,1389.0299072265625,1898.0,-0.788190484046936,997.0571428571428,1,505,1,0,1,21,17,194
0,446.0,0.5461801886558533,1225.0,292.6249999999997,16812.166015625,29.71666717529297,2.799999952316284,18118.06640625,22.58333396911621,4.099999904632568,4.650000095367432,28.700000762939453,24843.0,1651.4857142857143,0.6819047331809998,25.591190338134766,75.88571428571429,1378.78076171875,1909.4000244140625,-0.7859761714935303,986.5428571428571,2,505,1,0,0,31,2,229
0,307.0,0.6556442379951477,1599.0,288.5714285714283,19285.0,33.03333282470703,0.949999988079071,17389.099609375,23.183332443237305,4.599999904632568,4.650000095367432,29.549999237060547,24051.0,1615.7142857142858,0.6690714359283447,25.547975540161133,75.97142857142858,1377.2691650390625,1939.8857421875,-0.8065237998962402,983.6285714285714,1,505,1,0,1,41,2,146
0,390.0,0.6567844748497009,1447.0,284.6122448979589,15440.0,32.099998474121094,0.4166666567325592,18852.80078125,21.816667556762695,4.199999809265137,4.583333492279053,27.133333206176758,23018.0,1587.7714285714285,0.6597142815589905,25.50904655456543,77.2,1369.1646728515625,1955.199951171875,-0.8344047665596008,975.4571428571429,1,505,1,0,0,31,8,202
0,282.0,0.7286202907562256,1515.0,284.6122448979589,18590.166015625,32.93333435058594,1.850000023841858,16890.68359375,22.883333206176758,4.0,4.650000095367432,28.78333282470703,22467.833984375,1573.8857142857144,0.6562619209289551,25.52488136291504,77.62857142857143,1371.1024169921875,1963.5714111328125,-0.854285717010498,976.1714285714286,2,505,1,0,0,21,2,147
1,51.90282068319818,0.4241733253002167,3000.0,281.9999999999998,18439.833984375,28.566667556762695,0.7333333492279053,21822.68359375,24.883333206176758,4.5,4.599999904632568,29.0,22938.5,1568.0,0.6427618861198425,25.4617862701416,78.2,1366.8214111328125,1990.8857421875,-0.8910952210426331,970.6571428571428,0,505,1,0,0,42,3,19
0,361.0,0.42759406566619873,2040.0,279.40816326530586,17879.5,30.33333396911621,0.75,18477.083984375,22.78333282470703,4.199999809265137,4.5,29.75,20904.666015625,1580.7428571428572,0.6316666603088379,25.4516658782959,76.51428571428572,1359.2783203125,2013.4571533203125,-0.8889999985694885,966.8571428571429,1,469,1,0,0,21,5,159
1,166.0,0.22576966881752014,3169.0,277.8775510204079,15138.6669921875,32.88333511352539,0.699999988079071,16438.767578125,23.983333587646484,4.699999809265137,4.699999809265137,26.950000762939453,41210.0,1591.0857142857142,0.6271190643310547,25.39154815673828,83.17142857142858,1383.2047119140625,2026.771484375,-0.9593809247016907,973.7714285714286,3,469,1,0,0,31,6,64
0,263.0,0.7080957889556885,1073.0,277.8775510204079,15869.27734375,32.14444351196289,1.2722222805023193,17623.599609375,21.988889694213867,4.099999904632568,4.599999904632568,27.97222137451172,20790.66796875,1606.7428571428572,0.618404746055603,25.359642028808594,84.0,1371.8568115234375,2027.028564453125,-0.9781190752983093,964.8285714285714,0,469,1,0,0,42,6,109
0,203.0,0.6602052450180054,1993.0,282.5714285714283,14907.3330078125,31.016666412353516,0.44999998807907104,17172.916015625,22.200000762939453,4.0,4.583333492279053,28.883333206176758,23116.833984375,1633.6571428571428,0.6046428680419922,25.3125,84.51428571428572,1359.01611328125,1989.4285888671875,-0.9753095507621765,954.0285714285715,0,469,1,0,0,42,7,105
0,264.0,0.6704674959182739,2445.0,282.5714285714283,15705.888671875,30.05000114440918,0.4055555462837219,16894.623046875,23.149999618530273,3.866666793823242,4.5333333015441895,26.41666603088379,23270.666015625,1643.942857142857,0.5996666550636292,25.265119552612305,84.0,1354.7225341796875,1978.6285400390625,-0.9716428518295288,950.6285714285714,0,469,1,0,0,42,4,97
0,149.0,0.9053592085838318,1061.0,287.59183673469363,15446.0,29.149999618530273,1.0,18633.583984375,23.75,4.099999904632568,4.599999904632568,26.100000381469727,18279.166015625,1636.8,0.599142849445343,25.21821403503418,87.8,1360.5550537109375,1943.228515625,-0.9944285750389099,949.6,0,505,1,0,0,31,4,77
0,377.0,0.9692132472991943,1044.0,293.34693877550995,18872.833984375,26.799999237060547,0.8500000238418579,22054.81640625,22.866666793823242,4.099999904632568,4.599999904632568,25.433332443237305,22571.833984375,1635.6285714285714,0.5907857418060303,25.116666793823242,90.14285714285714,1362.9095458984375,1910.914306640625,-0.9967619180679321,946.1142857142858,0,505,1,0,0,21,32,194
0,148.0,0.6989737749099731,1157.0,310.3673469387753,12853.5,27.100000381469727,1.2166666984558105,17654.232421875,22.816667556762695,3.5,4.699999809265137,29.383333206176758,18472.666015625,1664.2857142857142,0.5822857022285461,25.133333206176758,83.42857142857143,1352.0128173828125,1900.5714111328125,-0.8606666922569275,945.6285714285714,2,505,1,0,1,42,3,56
0,263.0,0.785632848739624,1148.0,322.020408163265,14221.3330078125,27.53333282470703,2.5,19104.232421875,22.983333587646484,3.299999952316284,5.0333333015441895,28.21666717529297,19276.333984375,1664.8857142857144,0.5885000228881836,25.090595245361328,85.34285714285714,1356.6326904296875,1884.05712890625,-0.8030714392662048,946.2,3,505,1,0,1,42,8,99
0,296.53080153208026,0.7149372696876526,1119.0,340.32653061224454,12854.6669921875,29.149999618530273,2.183333396911621,17163.466796875,22.983333587646484,3.5,4.900000095367432,28.149999618530273,17708.0,1726.5714285714287,0.5777857303619385,24.991785049438477,77.31428571428572,1345.5521240234375,1896.94287109375,-0.604785680770874,945.1428571428571,0,505,1,1,0,31,16,121
0,283.0,0.8494868874549866,1068.0,340.32653061224454,12954.6669921875,29.649999618530273,0.7666666507720947,18452.0,22.71666717529297,3.5999999046325684,4.900000095367432,27.366666793823242,16813.0,1726.5714285714287,0.5777857303619385,24.991785049438477,77.31428571428572,1345.5521240234375,1896.94287109375,-0.604785680770874,945.1428571428571,0,505,1,1,0,41,14,116
0,178.0,0.8825541734695435,1051.0,331.93877551020404,15566.1669921875,29.16666603088379,1.4833333492279053,19507.232421875,22.133333206176758,3.5,4.800000190734863,35.95000076293945,24415.0,1935.3714285714286,0.5684762001037598,24.829286575317383,56.4,1342.95654296875,2113.914306640625,-0.2077142894268036,961.6857142857143,2,505,1,0,0,41,3,89
0,242.0,0.5096921324729919,1889.0,331.93877551020404,14481.3330078125,29.483333587646484,1.5499999523162842,19955.666015625,22.08333396911621,3.700000047683716,5.0,30.450000762939453,23759.666015625,1955.4571428571428,0.5730000138282776,24.917024612426758,54.285714285714285,1339.31640625,2143.428466796875,-0.21395239233970642,963.6285714285714,1,505,1,0,0,41,13,100
1,136.0,0.007981755770742893,2315.0,331.9795918367346,14787.3330078125,27.816667556762695,0.6166666746139526,19466.666015625,21.96666717529297,3.799999952316284,4.7833333015441895,33.58333206176758,20941.0,2007.2571428571428,0.5795000195503235,25.046428680419922,49.82857142857143,1337.877197265625,2198.0,-0.22380952537059784,969.8857142857142,1,505,1,0,0,31,2,64
1,222.0,0.0,6991.0,331.22448979591815,17882.0,32.349998474121094,0.25,22319.0,23.866666793823242,6.5,4.733333110809326,32.63333511352539,34037.0,2106.6857142857143,0.588523805141449,25.129642486572266,42.114285714285714,1341.2081298828125,2312.94287109375,-0.259547621011734,982.3428571428572,2,505,1,0,0,21,18,85
1,211.0,0.10490307956933975,6575.0,331.22448979591815,17814.333984375,31.83333396911621,0.30000001192092896,21215.966796875,23.233333587646484,5.5,4.683333396911621,31.200000762939453,28982.0,2106.6857142857143,0.588523805141449,25.129642486572266,42.114285714285714,1341.2081298828125,2312.94287109375,-0.259547621011734,982.3428571428572,1,505,1,0,0,21,20,79
0,277.0,0.37628278136253357,4053.0,334.34693877551,21948.833984375,32.25,1.75,20501.767578125,22.83333396911621,4.199999809265137,4.75,28.75,28283.333984375,2133.7714285714287,0.5800238251686096,24.939167022705078,48.285714285714285,1338.9822998046875,2280.571533203125,-0.08426191657781601,971.2285714285714,0,505,1,0,0,21,3,125
0,352.0,0.5553021430969238,4433.0,330.4285714285711,15822.3330078125,33.727779388427734,0.4888888895511627,17968.578125,21.44999885559082,3.433333396911621,4.933333396911621,25.97222328186035,19374.111328125,2159.714285714286,0.5778571367263794,24.889999389648438,55.97142857142857,1341.7060546875,2247.94287109375,0.022047627717256546,964.5428571428571,3,505,1,0,0,41,3,139
0,180.0,0.10262257605791092,3753.0,326.7346938775507,15293.8330078125,36.46666717529297,1.0,17895.650390625,21.366666793823242,3.5999999046325684,4.583333492279053,19.316667556762695,19327.0,2186.942857142857,0.5920714139938354,25.020713806152344,63.628571428571426,1341.478759765625,2236.742919921875,0.10152378678321838,960.8285714285714,1,505,1,0,0,42,5,69
0,216.0,0.07753705978393555,6929.0,322.3265306122447,15287.27734375,31.91666603088379,0.7166666388511658,19625.255859375,21.94999885559082,3.9000000953674316,4.616666793823242,19.061111450195312,19083.5,2221.657142857143,0.6029999852180481,25.091785430908203,70.11428571428571,1342.3641357421875,2228.085693359375,0.17147618532180786,957.2857142857143,3,505,1,0,0,21,5,87
0,235.0,0.1277080923318863,5122.0,317.77551020408146,16639.5,34.78333282470703,1.0833333730697632,19061.650390625,21.316667556762695,4.0,4.550000190734863,18.016666412353516,19250.5,2226.7714285714287,0.6094285845756531,25.139760971069336,70.2,1352.1055908203125,2249.82861328125,0.13285714387893677,964.5714285714286,1,505,1,0,0,21,4,89
0,286.0,0.611174464225769,3653.0,313.7755102040814,16024.6669921875,33.66666793823242,0.10000000149011612,16530.767578125,20.483333587646484,3.4000000953674316,4.5,16.483333587646484,17442.333984375,2326.7714285714287,0.590499997138977,24.92440414428711,74.77142857142857,1345.3646240234375,2245.857177734375,0.21790476143360138,950.2285714285714,1,505,1,0,0,42,5,115
0,336.0,0.65108323097229,1675.0,310.3061224489794,16059.0,36.349998474121094,0.8999999761581421,19655.599609375,21.299999237060547,3.299999952316284,4.5,15.933333396911621,16921.833984375,2335.0,0.592119038105011,24.959880828857422,73.51428571428572,1343.9290771484375,2257.94287109375,0.20964285731315613,951.4285714285714,3,505,1,0,0,42,4,140
0,313.0,0.920182466506958,1104.0,305.7959183673468,14016.3330078125,33.66666793823242,0.4166666567325592,17208.099609375,21.649999618530273,3.200000047683716,4.449999809265137,16.266666412353516,16678.666015625,2424.942857142857,0.5944047570228577,24.98107147216797,73.42857142857143,1349.5367431640625,2273.39990234375,0.19802379608154297,955.7714285714286,0,505,1,0,0,31,14,156
0,405.0,0.8380843997001648,1091.0,305.2040816326529,17066.0,35.41666793823242,0.8333333134651184,19448.19921875,21.683332443237305,3.5999999046325684,4.449999809265137,22.700000762939453,18398.333984375,2415.2571428571428,0.5959523916244507,25.024404525756836,72.77142857142857,1344.1304931640625,2294.142822265625,0.1889047771692276,954.1142857142858,0,505,1,0,0,42,16,149
0,440.0,0.8312428593635559,1160.0,304.53061224489784,15356.6669921875,36.349998474121094,0.4833333492279053,19736.232421875,21.205556869506836,3.866666555404663,4.4277777671813965,19.64444351196289,18053.833984375,2463.6285714285714,0.596928596496582,25.032142639160156,71.65714285714286,1341.5081787109375,2296.199951171875,0.20209522545337677,954.4571428571429,0,505,1,0,0,42,8,181
0,360.0,0.9521094560623169,1054.0,322.6734693877549,13357.6669921875,30.83333396911621,0.949999988079071,16926.8671875,20.66666603088379,4.0,4.2833333015441895,25.816667556762695,15803.8330078125,2819.9142857142856,0.5949285626411438,25.071428298950195,88.25714285714285,1343.537841796875,2263.71435546875,0.4447142779827118,942.7428571428571,0,505,1,0,1,21,35,179
0,289.0,0.7867730855941772,1144.0,323.97959183673447,13391.0,28.53333282470703,1.1166666746139526,17744.900390625,20.850000381469727,3.5,4.150000095367432,31.316667556762695,15766.6669921875,2855.7428571428572,0.5970237851142883,25.169166564941406,93.77142857142857,1350.5140380859375,2239.39990234375,0.47021427750587463,942.3142857142857,0,505,1,0,1,31,30,143
0,367.0,0.7765108346939087,1130.0,325.06122448979573,14842.0,29.383333206176758,1.4166666269302368,14984.900390625,20.883333206176758,4.0,4.050000190734863,27.5,16840.5,2826.6285714285714,0.6007381081581116,25.245357513427734,94.71428571428571,1348.003173828125,2228.857177734375,0.4549047648906708,941.9714285714285,0,505,1,0,1,21,21,182
1,179.0,0.3979475498199463,1280.0,340.3265306122445,14458.111328125,26.983333587646484,1.288888931274414,14772.22265625,20.994443893432617,4.699999809265137,4.133333206176758,35.43888854980469,16255.9443359375,2800.885714285714,0.6085714101791382,25.44178581237793,105.94285714285714,1351.3861083984375,2169.60009765625,0.4717381000518799,937.7428571428571,0,496,1,0,1,31,7,77
0,338.0,0.4663625955581665,1258.0,340.3265306122445,13620.8330078125,27.549999237060547,2.0166666507720947,16944.18359375,21.96666717529297,4.699999809265137,4.066666603088379,29.316667556762695,21429.0,2829.5714285714284,0.6103333234786987,25.44499969482422,105.6,1351.6064453125,2168.028564453125,0.45240476727485657,938.7428571428571,0,496,1,0,1,31,5,135
0,302.0,0.38198402523994446,1549.0,301.32653061224465,13644.0,27.03333282470703,0.699999988079071,15735.599609375,20.933332443237305,4.5,4.050000190734863,25.116666793823242,16041.3330078125,2814.6,0.6332857012748718,25.723690032958984,111.11428571428571,1354.8927001953125,2176.1142578125,0.4675714373588562,946.4571428571429,0,474,1,0,0,31,7,138
1,334.0,0.15735462307929993,3445.0,301.32653061224465,14018.3330078125,27.316667556762695,2.316666603088379,19355.916015625,23.21666717529297,4.800000190734863,4.183333396911621,32.54999923706055,42355.83203125,2817.6857142857143,0.6399285793304443,25.865476608276367,112.85714285714286,1351.0498046875,2171.1142578125,0.48083335161209106,945.5714285714286,0,496,1,0,0,31,31,128
0,20.0,0.6408209800720215,4375.0,294.9183673469385,14703.3330078125,26.91666603088379,1.0166666507720947,17749.166015625,21.516666412353516,4.400000095367432,4.183333396911621,31.399999618530273,19854.833984375,2797.8571428571427,0.6401666402816772,25.897857666015625,111.6,1355.8570556640625,2171.485595703125,0.4706190228462219,950.0,0,496,1,1,0,42,1,8
0,340.0,0.3386545181274414,1469.0,291.72789115644673,14296.888671875,27.311111450195312,0.5611110925674438,16719.33203125,21.994443893432617,4.4666666984558105,4.0722222328186035,29.122220993041992,17421.0546875,2828.8285714285716,0.6375238299369812,25.862499237060547,109.6,1351.9520263671875,2187.085693359375,0.4275476634502411,949.0857142857143,0,496,1,1,0,42,27,166
0,138.0,0.5689851641654968,1047.0,300.2653061224487,15153.0,30.266666412353516,1.6166666746139526,23624.3671875,24.28333282470703,4.300000190734863,4.050000190734863,31.16666603088379,20428.666015625,2954.8,0.6551190614700317,25.968690872192383,109.62857142857143,1368.9930419921875,2186.05712890625,0.39680951833724976,964.4571428571429,2,497,1,1,0,42,19,61
0,314.0,0.611174464225769,1041.0,306.85714285714243,14867.5,25.366666793823242,2.616666555404663,18645.482421875,21.483333587646484,4.400000095367432,4.066666603088379,29.58333396911621,20208.666015625,2987.6285714285714,0.6645476222038269,26.095476150512695,108.91428571428571,1366.044189453125,2186.142822265625,0.3451666831970215,966.9428571428572,0,497,1,0,1,41,13,153
1,324.0,0.6180159449577332,1068.0,305.6938775510201,17054.0,33.31666564941406,1.2333333492279053,23231.19921875,24.116666793823242,4.599999904632568,4.083333492279053,29.200000762939453,26329.166015625,2998.285714285714,0.6762381196022034,26.236190795898438,114.51428571428572,1367.33251953125,2196.3427734375,0.15923810005187988,966.6571428571428,0,497,1,0,1,41,33,156
0,264.0,0.8836944103240967,1184.0,301.81632653061206,17095.333984375,31.950000762939453,1.5166666507720947,17632.05078125,23.21666717529297,5.199999809265137,4.050000190734863,25.766666412353516,19775.833984375,2986.1714285714284,0.6785714030265808,26.27142906188965,115.85714285714286,1369.8477783203125,2224.514404296875,0.13309523463249207,967.5428571428571,0,497,1,0,1,24,35,126
0,307.0,0.9566704630851746,1073.0,301.46938775510176,19186.5,30.7277774810791,3.450000047683716,23307.638671875,23.994443893432617,4.800000190734863,4.116666793823242,24.78333282470703,20274.556640625,2986.1714285714284,0.6785714030265808,26.27142906188965,115.85714285714286,1369.8477783203125,2224.514404296875,0.13309523463249207,967.5428571428571,0,497,1,0,1,21,35,146
0,341.0,0.8107183575630188,1160.0,294.40816326530586,14611.3330078125,35.16666793823242,1.1333333253860474,17288.1328125,22.233333587646484,4.5,4.050000190734863,25.566667556762695,17495.333984375,2980.3714285714286,0.6794999837875366,26.293214797973633,116.14285714285714,1370.015869140625,2253.17138671875,-0.004214288666844368,967.2,0,497,1,0,1,24,35,162
0,224.0,0.8745723962783813,1184.0,295.2448979591834,13869.1669921875,35.900001525878906,0.9333333373069763,16804.466796875,22.5,4.400000095367432,4.099999904632568,31.683332443237305,20670.333984375,2999.9142857142856,0.6835952401161194,26.302024841308594,119.91428571428571,1372.5767822265625,2239.71435546875,0.002261883346363902,966.6,0,497,1,0,1,24,35,106
0,209.0,0.3705815374851227,1487.0,291.44897959183646,14225.1669921875,34.56666564941406,1.2166666984558105,15716.1337890625,22.299999237060547,4.099999904632568,4.083333492279053,28.549999237060547,19847.166015625,3012.6,0.6923094987869263,26.430238723754883,124.34285714285714,1371.9388427734375,2218.05712890625,-0.025452377274632454,965.1714285714286,1,496,1,0,1,21,1,78
1,316.0,0.6077536940574646,2011.0,281.6326530612243,12397.5,32.150001525878906,2.4166667461395264,16121.9169921875,21.950000762939453,4.0,4.25,27.399999618530273,38653.16796875,3024.3714285714286,0.6925952434539795,26.455713272094727,118.77142857142857,1371.7178955078125,2240.857177734375,-0.11745239049196243,970.3428571428572,0,497,1,0,1,42,18,120
1,357.0,0.5518814325332642,2839.0,276.61224489795893,15027.0,29.516666412353516,2.2166666984558105,16163.966796875,23.266666412353516,4.400000095367432,4.25,30.766666412353516,21117.333984375,3021.342857142857,0.6932857036590576,26.477975845336914,117.77142857142857,1375.7232666015625,2261.771484375,-0.17397616803646088,974.0,0,496,1,0,1,42,23,149
0,270.0,0.624857485294342,1073.0,270.816326530612,14492.3330078125,34.33333206176758,1.0833333730697632,14969.599609375,21.5,3.9000000953674316,4.050000190734863,28.366666793823242,15511.77734375,3063.3142857142857,0.6968333125114441,26.43857192993164,119.65714285714286,1384.9996337890625,2231.60009765625,-0.24704763293266296,978.7142857142857,0,497,1,0,1,31,23,126
1,82.0,0.29988598823547363,1487.0,266.18367346938754,14545.6669921875,27.91666603088379,1.75,16084.900390625,21.983333587646484,4.300000190734863,4.199999809265137,32.983333587646484,19138.333984375,3041.1428571428573,0.6938333511352539,26.458213806152344,116.82857142857142,1382.1483154296875,2269.142822265625,-0.3105238378047943,978.5142857142857,0,497,1,0,1,42,5,38
1,103.0,0.3591790199279785,1996.0,261.59183673469363,14686.3330078125,29.016666412353516,0.7666666507720947,15899.8837890625,22.21666717529297,4.300000190734863,4.183333396911621,31.16666603088379,16346.0,3072.8571428571427,0.6966190338134766,26.497976303100586,116.97142857142858,1393.0281982421875,2262.085693359375,-0.41223809123039246,985.8285714285714,0,497,1,0,1,42,4,47
1,113.0,0.11060433089733124,1479.0,256.30612244897935,27307.166015625,28.566667556762695,0.8999999761581421,15433.8662109375,22.049999237060547,4.400000095367432,4.183333396911621,29.16666603088379,17770.666015625,3091.6285714285714,0.6957619190216064,26.471786499023438,117.45714285714286,1392.00927734375,2245.428466796875,-0.41945239901542664,984.5142857142857,0,497,1,0,1,31,7,52
