datasource,biome,model,mean_r2,std_r2,final_r2
aggregated_all,4,XGBoost,0.4842780757016227,0.017149650242601712,0.4985925555229187
non_aggregated_all,4,XGBoost,0.4952674418756201,0.02017733164635587,0.5158583521842957
