datasource,biome,model,mean_r2,std_r2,final_r2
aggregated_all,4,XGBoost,0.9187277133294931,0.012057989961367725,0.9916725158691406
non_aggregated_all,4,XGBoost,0.919789158543799,0.013827168946514656,0.9941316246986389
