biome,datasource,model,cv_r2,unseen_r2
1,mapbiomas,XGBoost,0.45460941821411727,0.44425177574157715
4,mapbiomas,XGBoost,0.7677568318449893,0.7780247330665588
both,mapbiomas,XGBoost,0.46189800685755794,0.43957215547561646
